Asset_ID,Hostname,Asset_Type,Manufacturer,Model,Serial_Number,Purchase_Date,Install_Date,Warranty_End_Date,Purchase_Cost,Location_ID,Business_Unit_ID,Environment,Assigned_Owner_ID,Asset_Operational_Status,Inventory_Source,Last_Discovered_Date,Model_Release_Date,Vendor_Support_End_Date,Standard_Refresh_Cycle_Years,Standard_Replacement_Cost,Asset_Age_Years,Warranty_Status,Months_To_EOL,Lifecycle_Status,Past_EOL_Flag,Expiring_12M_Flag,Expiring_24M_Flag,Expiring_36M_Flag,Replacement_Cost,Open_Vulnerability_Count,Critical_Vulnerability_Count,High_Vulnerability_Count,Incident_Count,Downtime_Hours,Lifecycle_Risk_Score,Refresh_Priority,Remediation_Priority,Cyber_Risk_Category
A0000009,LTP-000009,Laptop,Dell,Latitude 5420,LTPE8CKPCKZUL,2022-11-08,2022-12-06,2026-11-07,989.35,ONR014,BU010,Corporate,E001414,In Use,ServiceNow CMDB,2026-05-31,2021-03-01,2027-06-01,4,1250,3.49,Under Warranty,12.0,Expiring in 12 Months,0,1,0,0,1250,1,1,0,3,22.33,33.12,Medium,Accelerated,End User Computing / Branch
A0000030,LTP-000030,Laptop,HP,EliteBook 840 G8,LTP2TZHVAC2LM,2024-03-13,2024-04-12,2028-03-12,1102.22,ATL010,BU004,Branch,E002948,In Repair,ServiceNow CMDB,2026-05-31,2021-01-01,2026-01-01,4,1300,2.14,Under Warranty,-5.0,Past EOL,1,0,0,0,1300,1,1,0,3,18.21,49.91,Medium,Immediate,End User Computing / Branch
A0000047,LTP-000047,Laptop,HP,EliteBook 850 G9,LTPHOQAHKGLHO,2019-10-29,2019-11-08,2022-10-28,1144.66,QUE009,BU010,Branch,E005257,In Use,ServiceNow CMDB,2026-05-31,2022-05-01,2027-05-01,4,1500,6.57,Warranty Expired,10.9,Expiring in 12 Months,0,1,0,0,1500,2,1,0,3,18.25,32.91,Medium,Accelerated,End User Computing / Branch
A0000058,LTP-000058,Laptop,Dell,Latitude 5420,LTPE3NFY2OGVO,2020-07-17,2020-08-20,2023-07-17,831.25,QUE024,BU004,Production,E016093,In Use,ServiceNow CMDB,2026-05-31,2021-03-01,2027-06-01,4,1250,5.78,Warranty Expired,12.0,Expiring in 12 Months,0,1,0,0,1250,1,1,0,5,28.99,37.45,Medium,Accelerated,End User Computing / Branch
A0000095,LTP-000095,Laptop,Dell,Latitude 5420,LTPU81PX27CJT,2018-09-02,2018-10-02,2021-09-01,1077.61,GTA019,BU003,Branch,E013430,In Use,Network Discovery,2026-05-31,2021-03-01,2027-06-01,4,1250,7.67,Warranty Expired,12.0,Expiring in 12 Months,0,1,0,0,1250,1,1,0,4,25.01,35.25,Medium,Accelerated,End User Computing / Branch
A0000112,LTP-000112,Laptop,Dell,Latitude 5420,LTPQBTFW4SJCM,2018-01-03,2018-02-11,2021-01-02,1133.38,ONR020,BU002,Production,E016742,In Use,SCCM,2026-05-31,2021-03-01,2027-06-01,4,1250,8.3,Warranty Expired,12.0,Expiring in 12 Months,0,1,0,0,1250,2,1,1,7,60.1,47.0,Medium,Accelerated,End User Computing / Branch
A0000116,LTP-000116,Laptop,Dell,Latitude 5420,LTPTT0X08U7U6,2019-03-31,2019-04-22,2023-03-30,1127.09,QUE021,BU004,Production,E017765,In Use,ServiceNow CMDB,2026-05-31,2021-03-01,2027-06-01,4,1250,7.11,Warranty Expired,12.0,Expiring in 12 Months,0,1,0,0,1250,2,1,0,2,8.92,30.45,Medium,Accelerated,End User Computing / Branch
A0000117,LTP-000117,Laptop,Dell,Latitude 5420,LTPA7HQ7I5MAL,2020-07-31,2020-08-30,2023-07-31,1167.81,GTA080,BU003,Non-Production,E009677,In Use,SCCM,2026-05-31,2021-03-01,2027-06-01,4,1250,5.75,Warranty Expired,12.0,Expiring in 12 Months,0,1,0,0,1250,1,1,0,2,10.66,30.53,Medium,Accelerated,End User Computing / Branch
A0000119,LTP-000119,Laptop,HP,EliteBook 850 G9,LTPBCCU5IJVYC,2018-05-29,2018-06-19,2021-05-28,995.11,GTA069,BU001,Production,E005991,Retired Pending Disposal,Intune,2026-05-31,2022-05-01,2027-05-01,4,1500,7.95,Warranty Expired,10.9,Expiring in 12 Months,0,1,0,0,1500,1,1,0,2,10.79,30.54,Medium,Accelerated,End User Computing / Branch
A0000121,LTP-000121,Laptop,Lenovo,ThinkPad T14 Gen 3,LTPCDUK98SCST,2019-01-27,2019-01-30,2024-01-26,1321.22,QUE023,BU006,Production,E014146,In Use,ServiceNow CMDB,2026-05-31,2022-04-01,2027-04-01,4,1450,7.34,Warranty Expired,10.0,Expiring in 12 Months,0,1,0,0,1450,1,1,0,6,38.2,39.91,Medium,Accelerated,End User Computing / Branch
A0000138,LTP-000138,Laptop,Dell,Latitude 5420,LTP7OG9TTCKK5,2018-06-23,2018-07-21,2021-06-22,1063.64,ATL010,BU001,Production,E009111,In Use,ServiceNow CMDB,2026-05-31,2021-03-01,2027-06-01,4,1250,7.87,Warranty Expired,12.0,Expiring in 12 Months,0,1,0,0,1250,1,1,0,7,37.6,41.88,Medium,Accelerated,End User Computing / Branch
A0000150,LTP-000150,Laptop,Lenovo,ThinkPad T14 Gen 3,LTPNCOESCPNNW,2021-03-22,2021-04-09,2024-03-21,1086.69,GTA078,BU009,Branch,E000869,In Use,ServiceNow CMDB,2026-05-31,2022-04-01,2027-04-01,4,1450,5.15,Warranty Expired,10.0,Expiring in 12 Months,0,1,0,0,1450,2,1,1,2,10.03,34.5,Medium,Accelerated,End User Computing / Branch
A0000162,LTP-000162,Laptop,HP,EliteBook 840 G8,LTP0MZ7QWVIYB,2021-09-19,2021-10-24,2024-09-18,1089.83,GTA032,BU007,Corporate,E021905,In Use,SCCM,2026-05-31,2021-01-01,2026-01-01,4,1300,4.61,Warranty Expired,-5.0,Past EOL,1,0,0,0,1300,1,1,0,3,14.95,49.75,Medium,Immediate,End User Computing / Branch
A0000177,LTP-000177,Laptop,HP,EliteBook 840 G8,LTPXEYRXZ2HV5,2022-06-04,2022-06-27,2025-06-03,1102.07,ATL006,BU001,Branch,E019930,In Use,Intune,2026-05-31,2021-01-01,2026-01-01,4,1300,3.93,Warranty Expired,-5.0,Past EOL,1,0,0,0,1300,2,0,2,3,9.65,49.48,Medium,Immediate,End User Computing / Branch
A0000182,LTP-000182,Laptop,Lenovo,ThinkPad T14 Gen 3,LTPMT2WX4CR48,2019-05-09,2019-05-29,2022-05-08,1330.01,ONR016,BU010,Production,E008922,In Use,Intune,2026-05-31,2022-04-01,2027-04-01,4,1450,7.01,Warranty Expired,10.0,Expiring in 12 Months,0,1,0,0,1450,3,1,1,7,46.34,46.32,Medium,Accelerated,End User Computing / Branch
A0000195,LTP-000195,Laptop,HP,EliteBook 840 G8,LTPQNCCLIL5AO,2023-11-18,2023-12-03,2026-11-17,975.18,WST021,BU002,Branch,E007236,In Use,SCCM,2026-05-31,2021-01-01,2026-01-01,4,1300,2.5,Under Warranty,-5.0,Past EOL,1,0,0,0,1300,4,1,1,5,62.03,60.1,High,Immediate,End User Computing / Branch
A0000202,LTP-000202,Laptop,HP,EliteBook 850 G9,LTPHP9ZIYLA68,2025-01-12,2025-02-26,2029-01-11,1251.33,TOR005,BU004,Branch,E000016,In Use,ServiceNow CMDB,2026-05-31,2022-05-01,2027-05-01,4,1500,1.26,Under Warranty,10.9,Expiring in 12 Months,0,1,0,0,1500,1,1,0,8,45.99,44.3,Medium,Accelerated,End User Computing / Branch
A0000214,LTP-000214,Laptop,Lenovo,ThinkPad T14 Gen 3,LTP5N2XOLQ10G,2022-03-08,2022-03-20,2027-03-07,1373.73,QUE002,BU006,Production,E018356,In Use,ServiceNow CMDB,2026-05-31,2022-04-01,2027-04-01,4,1450,4.2,Under Warranty,10.0,Expiring in 12 Months,0,1,0,0,1450,1,1,0,8,54.5,44.72,Medium,Accelerated,End User Computing / Branch
A0000228,LTP-000228,Laptop,Dell,Latitude 5420,LTPIBE6UC5KVQ,2018-03-21,2018-04-09,2021-03-20,1000.91,GTA077,BU006,Corporate,E013076,In Use,ServiceNow CMDB,2026-05-31,2021-03-01,2027-06-01,4,1250,8.15,Warranty Expired,12.0,Expiring in 12 Months,0,1,0,0,1250,2,1,0,4,21.43,35.07,Medium,Accelerated,End User Computing / Branch
A0000250,LTP-000250,Laptop,Dell,Latitude 5420,LTPEKMJS5L0GY,2022-11-01,2022-11-16,2025-10-31,964.25,GTA011,BU010,Branch,E017194,In Repair,SCCM,2026-05-31,2021-03-01,2027-06-01,4,1250,3.54,Warranty Expired,12.0,Expiring in 12 Months,0,1,0,0,1250,1,1,0,7,45.74,42.29,Medium,Accelerated,End User Computing / Branch
A0000258,LTP-000258,Laptop,HP,EliteBook 850 G9,LTPYLN8CRIIDC,2021-06-26,2021-07-17,2025-06-25,1223.46,GTA012,BU004,Disaster Recovery,E012485,In Use,ServiceNow CMDB,2026-05-31,2022-05-01,2027-05-01,4,1500,4.88,Warranty Expired,10.9,Expiring in 12 Months,0,1,0,0,1500,1,1,0,7,41.15,42.06,Medium,Accelerated,End User Computing / Branch
A0000266,LTP-000266,Laptop,HP,EliteBook 850 G9,LTPSF0SGXJQ2T,2018-02-12,2018-02-14,2021-02-11,1065.65,GTA065,BU001,Branch,E004731,In Use,ServiceNow CMDB,2026-05-31,2022-05-01,2027-05-01,4,1500,8.3,Warranty Expired,10.9,Expiring in 12 Months,0,1,0,0,1500,3,0,2,4,29.37,35.47,Medium,Accelerated,End User Computing / Branch
A0000267,LTP-000267,Laptop,HP,EliteBook 850 G9,LTP0AJ7TKDTF2,2020-08-26,2020-09-16,2024-08-25,1270.59,WST008,BU001,Branch,E011174,In Use,ServiceNow CMDB,2026-05-31,2022-05-01,2027-05-01,4,1500,5.71,Warranty Expired,10.9,Expiring in 12 Months,0,1,0,0,1500,1,1,0,3,11.1,32.56,Medium,Accelerated,End User Computing / Branch
A0000278,LTP-000278,Laptop,HP,EliteBook 850 G9,LTP20A9X1TXGB,2022-09-25,2022-10-11,2025-09-24,1241.14,GTA010,BU003,Production,E003530,In Use,SCCM,2026-05-31,2022-05-01,2027-05-01,4,1500,3.64,Warranty Expired,10.9,Expiring in 12 Months,0,1,0,0,1500,3,1,1,4,28.29,39.41,Medium,Accelerated,End User Computing / Branch
A0000297,LTP-000297,Laptop,HP,EliteBook 840 G8,LTPDPL1N4RQ6P,2024-11-04,2024-11-13,2028-11-03,1037.45,QUE007,BU004,Production,E017911,In Use,SCCM,2026-05-31,2021-01-01,2026-01-01,4,1300,1.55,Under Warranty,-5.0,Past EOL,1,0,0,0,1300,2,0,2,5,30.79,54.54,Medium,Immediate,End User Computing / Branch
A0000356,LTP-000356,Laptop,Dell,Latitude 5420,LTPPEVB103K2A,2018-05-24,2018-06-03,2021-05-23,1128.92,GTA031,BU001,Corporate,E017245,In Use,SCCM,2026-05-31,2021-03-01,2027-06-01,4,1250,8.0,Warranty Expired,12.0,Expiring in 12 Months,0,1,0,0,1250,2,0,2,5,58.56,38.93,Medium,Accelerated,End User Computing / Branch
A0000368,LTP-000368,Laptop,HP,EliteBook 840 G8,LTP173JVXDP8M,2022-12-06,2023-01-14,2026-12-05,847.26,WST024,BU001,Production,E005334,In Use,ServiceNow CMDB,2026-05-31,2021-01-01,2026-01-01,4,1300,3.38,Under Warranty,-5.0,Past EOL,1,0,0,0,1300,1,1,0,2,14.28,47.71,Medium,Immediate,End User Computing / Branch
A0000379,LTP-000379,Laptop,HP,EliteBook 840 G8,LTP7I54Y1ZTSA,2021-09-21,2021-10-22,2024-09-20,1130.77,GTA021,BU001,Corporate,E006381,In Use,SCCM,2026-05-31,2021-01-01,2026-01-01,4,1300,4.61,Warranty Expired,-5.0,Past EOL,1,0,0,0,1300,2,1,0,3,18.51,49.93,Medium,Immediate,End User Computing / Branch
A0000380,LTP-000380,Laptop,Lenovo,ThinkPad T14 Gen 3,LTPG6YHF76A72,2021-11-14,2021-12-29,2024-11-13,955.86,QUE005,BU008,Production,E000421,In Use,ServiceNow CMDB,2026-05-31,2022-04-01,2027-04-01,4,1450,4.42,Warranty Expired,10.0,Expiring in 12 Months,0,1,0,0,1450,2,1,0,3,33.02,33.65,Medium,Accelerated,End User Computing / Branch
A0000414,LTP-000414,Laptop,Lenovo,ThinkPad T14 Gen 3,LTPEB90EDTT8Q,2021-11-08,2021-11-23,2024-11-07,1259.14,ONR007,BU002,Corporate,E004887,In Use,ServiceNow CMDB,2026-05-31,2022-04-01,2027-04-01,4,1450,4.52,Warranty Expired,10.0,Expiring in 12 Months,0,1,0,0,1450,3,1,0,2,12.75,30.64,Medium,Accelerated,End User Computing / Branch
A0000423,LTP-000423,Laptop,Lenovo,ThinkPad T14 Gen 3,LTP0ABKDTEHPB,2025-04-02,2025-04-18,2029-04-01,1316.45,GTA049,BU003,Branch,E008142,In Use,SCCM,2026-05-31,2022-04-01,2027-04-01,4,1450,1.12,Under Warranty,10.0,Expiring in 12 Months,0,1,0,0,1450,2,2,0,4,12.96,42.65,Medium,Accelerated,End User Computing / Branch
A0000435,LTP-000435,Laptop,Dell,Latitude 5420,LTPQP78ZQDUVQ,2021-07-19,2021-08-12,2025-07-18,1028.55,QUE024,BU003,Disaster Recovery,E021597,In Use,ServiceNow CMDB,2026-05-31,2021-03-01,2027-06-01,4,1250,4.8,Warranty Expired,12.0,Expiring in 12 Months,0,1,0,0,1250,1,1,0,2,6.67,30.33,Medium,Accelerated,End User Computing / Branch
A0000451,LTP-000451,Laptop,Dell,Latitude 5420,LTP2OVAJMU9N4,2019-12-10,2020-01-14,2022-12-09,917.21,GTA053,BU003,Corporate,E001734,In Use,ServiceNow CMDB,2026-05-31,2021-03-01,2027-06-01,4,1250,6.38,Warranty Expired,12.0,Expiring in 12 Months,0,1,0,0,1250,3,2,0,4,23.42,43.17,Medium,Accelerated,End User Computing / Branch
A0000456,LTP-000456,Laptop,Lenovo,ThinkPad T14 Gen 3,LTP21Y87IMI9M,2024-02-15,2024-03-22,2027-02-14,1192.54,WST026,BU001,Production,E011865,In Use,SCCM,2026-05-31,2022-04-01,2027-04-01,4,1450,2.2,Under Warranty,10.0,Expiring in 12 Months,0,1,0,0,1450,3,1,0,4,29.5,35.48,Medium,Accelerated,End User Computing / Branch
A0000457,LTP-000457,Laptop,Lenovo,ThinkPad T14 Gen 3,LTP3Q0W39IR0I,2020-11-19,2020-11-30,2025-11-18,1307.65,GTA010,BU002,Corporate,E006679,In Use,SCCM,2026-05-31,2022-04-01,2027-04-01,4,1450,5.5,Warranty Expired,10.0,Expiring in 12 Months,0,1,0,0,1450,2,0,2,5,46.53,38.33,Medium,Accelerated,End User Computing / Branch
A0000500,LTP-000500,Laptop,HP,EliteBook 840 G8,LTP7WM4Z7YFA4,2021-12-20,2022-01-14,2025-12-19,1156.06,GTA037,BU001,Disaster Recovery,E007918,In Use,ServiceNow CMDB,2026-05-31,2021-01-01,2026-01-01,4,1300,4.38,Warranty Expired,-5.0,Past EOL,1,0,0,0,1300,2,0,2,4,20.03,52.0,Medium,Immediate,End User Computing / Branch
A0000543,LTP-000543,Laptop,Lenovo,ThinkPad T14 Gen 3,LTP9LOF5MNH6V,2019-08-15,2019-08-25,2024-08-13,1226.89,GTA054,BU001,Branch,E003932,In Use,ServiceNow CMDB,2026-05-31,2022-04-01,2027-04-01,4,1450,6.77,Warranty Expired,10.0,Expiring in 12 Months,0,1,0,0,1450,1,1,0,1,2.36,28.12,Low,Accelerated,End User Computing / Branch
A0000577,LTP-000577,Laptop,Lenovo,ThinkPad T14 Gen 3,LTP2UJMAJEACO,2022-12-22,2023-01-28,2025-12-21,1068.47,GTA046,BU002,Corporate,E011724,In Use,SCCM,2026-05-31,2022-04-01,2027-04-01,4,1450,3.34,Warranty Expired,10.0,Expiring in 12 Months,0,1,0,0,1450,1,1,0,4,20.15,35.01,Medium,Accelerated,End User Computing / Branch
A0000608,LTP-000608,Laptop,Lenovo,ThinkPad T14 Gen 3,LTPD8GSXRBYSN,2018-11-24,2018-12-18,2022-11-23,1291.5,QUE020,BU005,Corporate,E007504,In Use,ServiceNow CMDB,2026-05-31,2022-04-01,2027-04-01,4,1450,7.46,Warranty Expired,10.0,Expiring in 12 Months,0,1,0,0,1450,2,0,2,2,7.46,30.37,Medium,Accelerated,End User Computing / Branch
A0000638,LTP-000638,Laptop,HP,EliteBook 850 G9,LTP6JHKHUKRSD,2018-06-14,2018-07-04,2021-06-13,1125.24,QUE001,BU003,Production,E014168,In Use,Intune,2026-05-31,2022-05-01,2027-05-01,4,1500,7.91,Warranty Expired,10.9,Expiring in 12 Months,0,1,0,0,1500,1,1,0,4,34.04,35.7,Medium,Accelerated,End User Computing / Branch
A0000665,LTP-000665,Laptop,HP,EliteBook 840 G8,LTP7KBEBKI0OX,2018-06-13,2018-06-18,2021-06-12,949.24,ONR006,BU006,Non-Production,E015903,In Use,ServiceNow CMDB,2026-05-31,2021-01-01,2026-01-01,4,1300,7.96,Warranty Expired,-5.0,Past EOL,1,0,0,0,1300,2,0,2,4,37.77,52.89,Medium,Immediate,End User Computing / Branch
A0000670,LTP-000670,Laptop,Dell,Latitude 5420,LTPYFXRIB51G4,2019-01-09,2019-02-13,2024-01-08,1078.47,GTA026,BU002,Production,E016694,In Use,Intune,2026-05-31,2021-03-01,2027-06-01,4,1250,7.3,Warranty Expired,12.0,Expiring in 12 Months,0,1,0,0,1250,1,1,0,6,53.83,40.69,Medium,Accelerated,End User Computing / Branch
A0000682,LTP-000682,Laptop,HP,EliteBook 840 G8,LTPSIVNP8AFY2,2023-08-06,2023-08-16,2028-08-04,876.79,WST008,BU002,Disaster Recovery,E009892,In Use,ServiceNow CMDB,2026-05-31,2021-01-01,2026-01-01,4,1300,2.8,Under Warranty,-5.0,Past EOL,1,0,0,0,1300,1,1,0,2,3.59,47.18,Medium,Immediate,End User Computing / Branch
A0000747,LTP-000747,Laptop,Dell,Latitude 5420,LTPUGLZKYVTGZ,2022-03-07,2022-03-27,2026-03-06,839.97,QUE022,BU001,Non-Production,E004409,In Use,Intune,2026-05-31,2021-03-01,2027-06-01,4,1250,4.18,Warranty Expired,12.0,Expiring in 12 Months,0,1,0,0,1250,3,1,0,2,9.06,30.45,Medium,Accelerated,End User Computing / Branch
A0000756,LTP-000756,Laptop,Lenovo,ThinkPad T14 Gen 3,LTP8DOW46M6YB,2022-09-04,2022-09-20,2025-09-03,1143.1,TOR003,BU001,Branch,E018882,In Use,ServiceNow CMDB,2026-05-31,2022-04-01,2027-04-01,4,1450,3.7,Warranty Expired,10.0,Expiring in 12 Months,0,1,0,0,1450,1,1,0,5,26.11,37.31,Medium,Accelerated,End User Computing / Branch
A0000774,LTP-000774,Laptop,HP,EliteBook 840 G8,LTPLORDOWDC5E,2023-04-01,2023-04-11,2027-03-31,1083.52,WST008,BU002,Production,E006740,In Use,ServiceNow CMDB,2026-05-31,2021-01-01,2026-01-01,4,1300,3.14,Under Warranty,-5.0,Past EOL,1,0,0,0,1300,1,1,0,5,23.94,54.2,Medium,Immediate,End User Computing / Branch
A0000775,LTP-000775,Laptop,HP,EliteBook 850 G9,LTP0YRY0HMMI8,2021-03-16,2021-04-11,2025-03-15,1337.47,GTA007,BU001,Branch,E009755,In Use,ServiceNow CMDB,2026-05-31,2022-05-01,2027-05-01,4,1500,5.14,Warranty Expired,10.9,Expiring in 12 Months,0,1,0,0,1500,1,1,0,9,64.53,47.23,Medium,Accelerated,End User Computing / Branch
A0000778,LTP-000778,Laptop,Dell,Latitude 5420,LTP8F7GV6EZ5X,2023-02-20,2023-04-01,2027-02-19,990.87,GTA025,BU001,Branch,E003859,In Use,SCCM,2026-05-31,2021-03-01,2027-06-01,4,1250,3.17,Under Warranty,12.0,Expiring in 12 Months,0,1,0,0,1250,2,1,1,4,30.23,39.51,Medium,Accelerated,End User Computing / Branch
A0000829,LTP-000829,Laptop,HP,EliteBook 850 G9,LTP8V2UTVDK34,2019-11-03,2019-11-09,2022-11-02,1108.9,ATL012,BU005,Branch,E008409,In Use,ServiceNow CMDB,2026-05-31,2022-05-01,2027-05-01,4,1500,6.56,Warranty Expired,10.9,Expiring in 12 Months,0,1,0,0,1500,1,1,0,3,23.13,33.16,Medium,Accelerated,End User Computing / Branch
A0000851,LTP-000851,Laptop,HP,EliteBook 850 G9,LTP940XCCHUJ6,2018-07-09,2018-08-19,2021-07-08,1175.26,GTA040,BU003,Branch,E019641,In Use,ServiceNow CMDB,2026-05-31,2022-05-01,2027-05-01,4,1500,7.79,Warranty Expired,10.9,Expiring in 12 Months,0,1,0,0,1500,3,1,0,5,28.45,37.42,Medium,Accelerated,End User Computing / Branch
A0000869,LTP-000869,Laptop,HP,EliteBook 850 G9,LTPYRO6CRVN7N,2022-05-30,2022-06-13,2026-05-29,1386.13,GTA027,BU003,Branch,E021324,In Use,SCCM,2026-05-31,2022-05-01,2027-05-01,4,1500,3.97,Warranty Expired,10.9,Expiring in 12 Months,0,1,0,0,1500,1,1,0,5,50.85,38.54,Medium,Accelerated,End User Computing / Branch
A0000873,LTP-000873,Laptop,Lenovo,ThinkPad T14 Gen 3,LTPZPTXQZ1J9F,2018-07-06,2018-08-11,2023-07-05,1331.24,GTA032,BU002,Branch,E003385,In Use,Network Discovery,2026-05-31,2022-04-01,2027-04-01,4,1450,7.81,Warranty Expired,10.0,Expiring in 12 Months,0,1,0,0,1450,2,1,0,2,3.66,30.18,Medium,Accelerated,End User Computing / Branch
A0000891,LTP-000891,Laptop,HP,EliteBook 840 G8,LTP3TNHSS2WT9,2019-10-22,2019-11-16,2023-10-21,871.58,WST008,BU002,Branch,E012429,In Use,Network Discovery,2026-05-31,2021-01-01,2026-01-01,4,1300,6.54,Warranty Expired,-5.0,Past EOL,1,0,0,0,1300,1,1,0,1,4.0,45.2,Medium,Immediate,End User Computing / Branch
A0000897,LTP-000897,Laptop,Dell,Latitude 5420,LTP964D1RBC85,2023-07-26,2023-08-08,2028-07-24,842.81,GTA043,BU004,Corporate,E018191,In Use,Network Discovery,2026-05-31,2021-03-01,2027-06-01,4,1250,2.82,Under Warranty,12.0,Expiring in 12 Months,0,1,0,0,1250,3,1,0,5,23.83,37.19,Medium,Accelerated,End User Computing / Branch
A0000901,LTP-000901,Laptop,HP,EliteBook 840 G8,LTP4N273DXBK0,2023-07-03,2023-08-05,2026-07-02,1126.69,ATL010,BU005,Production,E012494,In Use,ServiceNow CMDB,2026-05-31,2021-01-01,2026-01-01,4,1300,2.83,Under Warranty,-5.0,Past EOL,1,0,0,0,1300,2,1,0,1,9.08,45.45,Medium,Immediate,End User Computing / Branch
A0000911,LTP-000911,Laptop,Lenovo,ThinkPad T14 Gen 3,LTPHQ314W628E,2018-06-18,2018-07-14,2021-06-17,1141.81,WST006,BU001,Branch,E015420,In Use,SCCM,2026-05-31,2022-04-01,2027-04-01,4,1450,7.89,Warranty Expired,10.0,Expiring in 12 Months,0,1,0,0,1450,2,0,2,3,32.59,33.63,Medium,Accelerated,End User Computing / Branch
A0000918,LTP-000918,Laptop,Dell,Latitude 5420,LTPOEYZO7FO4T,2020-11-19,2020-12-10,2023-11-19,815.24,ONR011,BU002,Branch,E013019,In Use,ServiceNow CMDB,2026-05-31,2021-03-01,2027-06-01,4,1250,5.48,Warranty Expired,12.0,Expiring in 12 Months,0,1,0,0,1250,2,0,2,3,25.84,33.29,Medium,Accelerated,End User Computing / Branch
A0000920,LTP-000920,Laptop,Dell,Latitude 5420,LTPFZM29P6LDK,2018-05-27,2018-06-29,2021-05-26,950.97,GTA012,BU002,Corporate,E017526,In Use,ServiceNow CMDB,2026-05-31,2021-03-01,2027-06-01,4,1250,7.93,Warranty Expired,12.0,Expiring in 12 Months,0,1,0,0,1250,1,1,0,7,24.87,41.24,Medium,Accelerated,End User Computing / Branch
A0000949,LTP-000949,Laptop,HP,EliteBook 840 G8,LTPC2SOGDA6US,2020-01-13,2020-02-27,2023-01-12,1179.35,GTA066,BU002,Branch,E017574,In Use,Network Discovery,2026-05-31,2021-01-01,2026-01-01,4,1300,6.26,Warranty Expired,-5.0,Past EOL,1,0,0,0,1300,1,1,0,2,6.81,47.34,Medium,Immediate,End User Computing / Branch
A0000967,LTP-000967,Laptop,Lenovo,ThinkPad T14 Gen 3,LTPWVK1WJAYR0,2019-05-02,2019-05-29,2022-05-01,1370.0,ONR017,BU002,Production,E009902,In Use,ServiceNow CMDB,2026-05-31,2022-04-01,2027-04-01,4,1450,7.01,Warranty Expired,10.0,Expiring in 12 Months,0,1,0,0,1450,1,1,0,4,19.32,34.97,Medium,Accelerated,End User Computing / Branch
A0001005,LTP-001005,Laptop,HP,EliteBook 850 G9,LTPBYNKS5H1M5,2021-12-02,2022-01-06,2026-12-01,1019.93,QUE008,BU001,Production,E008333,In Use,Intune,2026-05-31,2022-05-01,2027-05-01,4,1500,4.4,Under Warranty,10.9,Expiring in 12 Months,0,1,0,0,1500,1,1,0,4,20.21,35.01,Medium,Accelerated,End User Computing / Branch
A0001012,LTP-001012,Laptop,Dell,Latitude 5420,LTPPLB3WANL5P,2018-07-20,2018-07-28,2023-07-19,1115.63,WST028,BU009,Production,E000227,In Repair,ServiceNow CMDB,2026-05-31,2021-03-01,2027-06-01,4,1250,7.85,Warranty Expired,12.0,Expiring in 12 Months,0,1,0,0,1250,1,1,0,8,57.85,44.89,Medium,Accelerated,End User Computing / Branch
A0001037,LTP-001037,Laptop,HP,EliteBook 850 G9,LTPRHBCJY4HGJ,2023-01-01,2023-02-15,2027-12-31,1319.57,QUE005,BU005,Corporate,E018041,In Use,SCCM,2026-05-31,2022-05-01,2027-05-01,4,1500,3.29,Under Warranty,10.9,Expiring in 12 Months,0,1,0,0,1500,2,1,0,5,18.24,36.91,Medium,Accelerated,End User Computing / Branch
A0001049,LTP-001049,Laptop,HP,EliteBook 840 G8,LTP66KJPXHKGO,2018-03-02,2018-04-05,2021-03-01,861.24,ONR005,BU003,Corporate,E011850,In Use,ServiceNow CMDB,2026-05-31,2021-01-01,2026-01-01,4,1300,8.16,Warranty Expired,-5.0,Past EOL,1,0,0,0,1300,1,1,0,3,9.81,49.49,Medium,Immediate,End User Computing / Branch
A0001072,LTP-001072,Laptop,Dell,Latitude 5420,LTPXWOW6M7B56,2020-07-07,2020-08-04,2024-07-06,1111.98,ATL003,BU009,Non-Production,E001505,In Repair,Network Discovery,2026-05-31,2021-03-01,2027-06-01,4,1250,5.83,Warranty Expired,12.0,Expiring in 12 Months,0,1,0,0,1250,3,0,2,1,7.19,28.36,Low,Accelerated,End User Computing / Branch
A0001077,LTP-001077,Laptop,HP,EliteBook 840 G8,LTP7P0YYY56FG,2024-10-11,2024-10-30,2027-10-11,971.08,GTA051,BU007,Branch,E017742,In Use,ServiceNow CMDB,2026-05-31,2021-01-01,2026-01-01,4,1300,1.59,Under Warranty,-5.0,Past EOL,1,0,0,0,1300,2,1,1,2,7.67,51.38,Medium,Immediate,End User Computing / Branch
A0001086,LTP-001086,Laptop,Lenovo,ThinkPad T14 Gen 3,LTPSV17EF5OPK,2018-02-26,2018-03-21,2022-02-25,1007.9,ONR007,BU010,Corporate,E012380,In Use,Intune,2026-05-31,2022-04-01,2027-04-01,4,1450,8.2,Warranty Expired,10.0,Expiring in 12 Months,0,1,0,0,1450,1,1,0,4,28.52,35.43,Medium,Accelerated,End User Computing / Branch
A0001105,LTP-001105,Laptop,HP,EliteBook 840 G8,LTPRPCJIAZV2G,2018-03-14,2018-04-17,2022-03-13,1140.21,QUE015,BU006,Production,E012148,In Use,ServiceNow CMDB,2026-05-31,2021-01-01,2026-01-01,4,1300,8.13,Warranty Expired,-5.0,Past EOL,1,0,0,0,1300,1,1,0,9,70.85,64.54,High,Immediate,End User Computing / Branch
A0001145,LTP-001145,Laptop,HP,EliteBook 850 G9,LTP84U6ZUHO6Y,2020-12-25,2021-01-29,2023-12-25,986.92,WST002,BU003,Branch,E015390,In Use,SCCM,2026-05-31,2022-05-01,2027-05-01,4,1500,5.34,Warranty Expired,10.9,Expiring in 12 Months,0,1,0,0,1500,1,1,0,5,37.5,37.88,Medium,Accelerated,End User Computing / Branch
A0001163,LTP-001163,Laptop,HP,EliteBook 840 G8,LTPXJTEGANVF4,2024-02-20,2024-03-11,2028-02-19,1233.73,GTA057,BU009,Production,E016549,In Use,ServiceNow CMDB,2026-05-31,2021-01-01,2026-01-01,4,1300,2.23,Under Warranty,-5.0,Past EOL,1,0,0,0,1300,1,1,0,9,62.95,64.15,High,Immediate,End User Computing / Branch
A0001191,LTP-001191,Laptop,HP,EliteBook 840 G8,LTPXO8AH3W6VW,2021-12-21,2022-01-05,2024-12-20,895.48,QUE019,BU002,Corporate,E011372,In Use,ServiceNow CMDB,2026-05-31,2021-01-01,2026-01-01,4,1300,4.41,Warranty Expired,-5.0,Past EOL,1,0,0,0,1300,1,1,0,6,31.75,56.59,High,Immediate,End User Computing / Branch
A0001192,LTP-001192,Laptop,Dell,Latitude 5420,LTPBE2HSAR3SE,2018-09-05,2018-09-08,2022-09-04,1074.82,ONR004,BU005,Corporate,E005613,In Use,ServiceNow CMDB,2026-05-31,2021-03-01,2027-06-01,4,1250,7.73,Warranty Expired,12.0,Expiring in 12 Months,0,1,0,0,1250,1,1,0,1,5.62,28.28,Low,Accelerated,End User Computing / Branch
A0001198,LTP-001198,Laptop,Dell,Latitude 5420,LTPASIG3C905M,2018-06-23,2018-07-06,2023-06-22,1032.5,GTA032,BU004,Production,E019914,In Use,ServiceNow CMDB,2026-05-31,2021-03-01,2027-06-01,4,1250,7.91,Warranty Expired,12.0,Expiring in 12 Months,0,1,0,0,1250,1,1,0,4,30.58,35.53,Medium,Accelerated,End User Computing / Branch
A0001206,LTP-001206,Laptop,Lenovo,ThinkPad T14 Gen 3,LTPV0ZKXY5BRB,2023-04-28,2023-05-14,2027-04-27,1180.16,GTA025,BU005,Non-Production,E011607,In Stock,ServiceNow CMDB,2026-05-31,2022-04-01,2027-04-01,4,1450,3.05,Under Warranty,10.0,Expiring in 12 Months,0,1,0,0,1450,2,1,0,8,54.86,44.74,Medium,Accelerated,End User Computing / Branch
A0001218,LTP-001218,Laptop,Dell,Latitude 5420,LTPQCMP61JO5S,2022-01-24,2022-02-25,2025-01-23,896.36,ATL009,BU002,Production,E010152,In Use,ServiceNow CMDB,2026-05-31,2021-03-01,2027-06-01,4,1250,4.27,Warranty Expired,12.0,Expiring in 12 Months,0,1,0,0,1250,1,1,0,1,13.27,28.66,Low,Accelerated,End User Computing / Branch
A0001271,LTP-001271,Laptop,HP,EliteBook 840 G8,LTPKSM23CO1VR,2022-11-22,2023-01-06,2026-11-21,1005.25,WST020,BU001,Production,E004008,In Use,ServiceNow CMDB,2026-05-31,2021-01-01,2026-01-01,4,1300,3.4,Under Warranty,-5.0,Past EOL,1,0,0,0,1300,1,1,0,3,29.19,50.46,Medium,Immediate,End User Computing / Branch
A0001307,LTP-001307,Laptop,Lenovo,ThinkPad T14 Gen 3,LTPTV9Q4Z2XVK,2022-05-08,2022-05-21,2025-05-07,1336.19,WST003,BU001,Branch,E008138,In Use,ServiceNow CMDB,2026-05-31,2022-04-01,2027-04-01,4,1450,4.03,Warranty Expired,10.0,Expiring in 12 Months,0,1,0,0,1450,2,0,2,6,46.15,40.31,Medium,Accelerated,End User Computing / Branch
A0001349,LTP-001349,Laptop,HP,EliteBook 850 G9,LTPQJBXT2TQZN,2019-03-15,2019-03-22,2023-03-14,1161.52,ATL006,BU001,Non-Production,E021529,In Use,ServiceNow CMDB,2026-05-31,2022-05-01,2027-05-01,4,1500,7.2,Warranty Expired,10.9,Expiring in 12 Months,0,1,0,0,1500,2,1,1,5,21.62,41.08,Medium,Accelerated,End User Computing / Branch
A0001367,LTP-001367,Laptop,HP,EliteBook 850 G9,LTP8H0TEVCG7Q,2022-03-17,2022-03-22,2026-03-16,1259.0,GTA079,BU003,Production,E006366,In Use,ServiceNow CMDB,2026-05-31,2022-05-01,2027-05-01,4,1500,4.2,Warranty Expired,10.9,Expiring in 12 Months,0,1,0,0,1500,1,1,0,4,21.51,35.08,Medium,Accelerated,End User Computing / Branch
A0001379,LTP-001379,Laptop,HP,EliteBook 840 G8,LTPC38QF2823I,2022-07-20,2022-08-10,2025-07-19,950.18,QUE014,BU009,Corporate,E020307,In Use,Network Discovery,2026-05-31,2021-01-01,2026-01-01,4,1300,3.81,Warranty Expired,-5.0,Past EOL,1,0,0,0,1300,2,1,0,2,5.08,47.25,Medium,Immediate,End User Computing / Branch
A0001385,LTP-001385,Laptop,HP,EliteBook 840 G8,LTPWV0S8PRGP6,2024-01-11,2024-02-04,2027-01-10,1115.75,WST024,BU003,Corporate,E018567,In Use,ServiceNow CMDB,2026-05-31,2021-01-01,2026-01-01,4,1300,2.32,Under Warranty,-5.0,Past EOL,1,0,0,0,1300,2,0,2,4,10.3,51.52,Medium,Immediate,End User Computing / Branch
A0001388,LTP-001388,Laptop,HP,EliteBook 850 G9,LTPTYRYLI2LCO,2024-12-27,2025-01-14,2027-12-27,1307.18,GTA068,BU002,Disaster Recovery,E016009,Retired Pending Disposal,SCCM,2026-05-31,2022-05-01,2027-05-01,4,1500,1.38,Under Warranty,10.9,Expiring in 12 Months,0,1,0,0,1500,2,1,0,5,40.38,38.02,Medium,Accelerated,End User Computing / Branch
A0001390,LTP-001390,Laptop,Dell,Latitude 5420,LTPGPWZVG54HD,2018-06-03,2018-06-05,2023-06-02,1046.92,GTA058,BU007,Branch,E018337,In Use,ServiceNow CMDB,2026-05-31,2021-03-01,2027-06-01,4,1250,7.99,Warranty Expired,12.0,Expiring in 12 Months,0,1,0,0,1250,2,1,0,5,28.34,37.42,Medium,Accelerated,End User Computing / Branch
A0001418,LTP-001418,Laptop,HP,EliteBook 840 G8,LTP5EH5P4D8KQ,2022-11-08,2022-12-19,2027-11-07,1185.47,QUE023,BU001,Production,E001285,In Use,SCCM,2026-05-31,2021-01-01,2026-01-01,4,1300,3.45,Under Warranty,-5.0,Past EOL,1,0,0,0,1300,3,1,1,7,29.63,62.48,High,Immediate,End User Computing / Branch
A0001448,LTP-001448,Laptop,Lenovo,ThinkPad T14 Gen 3,LTPRLUYADZUHM,2021-08-01,2021-08-25,2026-07-31,1247.88,GTA065,BU003,Production,E011615,In Use,SCCM,2026-05-31,2022-04-01,2027-04-01,4,1450,4.77,Under Warranty,10.0,Expiring in 12 Months,0,1,0,0,1450,2,1,1,1,7.65,32.38,Medium,Accelerated,End User Computing / Branch
A0001451,LTP-001451,Laptop,Dell,Latitude 5420,LTPRWM4QTUFXF,2022-08-23,2022-08-25,2025-08-22,891.63,WST009,BU006,Corporate,E009286,In Use,SCCM,2026-05-31,2021-03-01,2027-06-01,4,1250,3.77,Warranty Expired,12.0,Expiring in 12 Months,0,1,0,0,1250,1,1,0,5,24.05,37.2,Medium,Accelerated,End User Computing / Branch
A0001469,LTP-001469,Laptop,Lenovo,ThinkPad T14 Gen 3,LTPEE6A9H78UB,2019-10-15,2019-11-16,2023-10-14,981.24,ATL007,BU003,Production,E016535,In Use,SCCM,2026-05-31,2022-04-01,2027-04-01,4,1450,6.54,Warranty Expired,10.0,Expiring in 12 Months,0,1,0,0,1450,2,1,0,5,22.82,37.14,Medium,Accelerated,End User Computing / Branch
A0001474,LTP-001474,Laptop,HP,EliteBook 850 G9,LTPFCEIQDK8MZ,2022-07-28,2022-08-22,2027-07-27,1107.24,GTA048,BU006,Production,E016343,In Use,ServiceNow CMDB,2026-05-31,2022-05-01,2027-05-01,4,1500,3.78,Under Warranty,10.9,Expiring in 12 Months,0,1,0,0,1500,2,1,1,4,33.54,39.68,Medium,Accelerated,End User Computing / Branch
A0001493,LTP-001493,Laptop,HP,EliteBook 840 G8,LTP5IOB4UNK8R,2022-11-06,2022-11-19,2025-11-05,1128.7,ATL011,BU004,Production,E010579,In Use,Intune,2026-05-31,2021-01-01,2026-01-01,4,1300,3.53,Warranty Expired,-5.0,Past EOL,1,0,0,0,1300,1,1,0,5,33.75,54.69,Medium,Immediate,End User Computing / Branch
A0001521,LTP-001521,Laptop,HP,EliteBook 850 G9,LTP89XK9NTI7C,2018-04-21,2018-06-02,2022-04-20,1186.84,QUE013,BU001,Corporate,E001268,In Use,ServiceNow CMDB,2026-05-31,2022-05-01,2027-05-01,4,1500,8.0,Warranty Expired,10.9,Expiring in 12 Months,0,1,0,0,1500,1,1,0,2,21.75,31.09,Medium,Accelerated,End User Computing / Branch
A0001531,LTP-001531,Laptop,HP,EliteBook 840 G8,LTPG44N0421MW,2020-09-04,2020-10-06,2025-09-03,875.22,QUE001,BU003,Production,E004211,In Use,ServiceNow CMDB,2026-05-31,2021-01-01,2026-01-01,4,1300,5.65,Warranty Expired,-5.0,Past EOL,1,0,0,0,1300,2,1,1,4,18.94,55.95,High,Immediate,End User Computing / Branch
A0001537,LTP-001537,Laptop,HP,EliteBook 840 G8,LTPJGD5D0Q4KP,2024-01-05,2024-02-11,2029-01-03,1197.06,QUE024,BU001,Corporate,E005984,In Use,ServiceNow CMDB,2026-05-31,2021-01-01,2026-01-01,4,1300,2.31,Under Warranty,-5.0,Past EOL,1,0,0,0,1300,1,1,0,4,20.4,52.02,Medium,Immediate,End User Computing / Branch
A0001566,LTP-001566,Laptop,HP,EliteBook 840 G8,LTPAN4AAHXWVI,2019-01-01,2019-02-09,2021-12-31,1064.88,GTA054,BU001,Branch,E012464,In Use,ServiceNow CMDB,2026-05-31,2021-01-01,2026-01-01,4,1300,7.31,Warranty Expired,-5.0,Past EOL,1,0,0,0,1300,1,1,0,5,48.35,55.42,High,Immediate,End User Computing / Branch
A0001591,LTP-001591,Laptop,HP,EliteBook 840 G8,LTPPMQ1ZDE5IM,2019-08-02,2019-09-12,2023-08-01,847.0,WST018,BU007,Production,E011049,In Use,SCCM,2026-05-31,2021-01-01,2026-01-01,4,1300,6.72,Warranty Expired,-5.0,Past EOL,1,0,0,0,1300,3,1,0,1,15.28,45.76,Medium,Immediate,End User Computing / Branch
A0001596,LTP-001596,Laptop,HP,EliteBook 850 G9,LTP9TMJUMURY6,2018-12-08,2018-12-22,2023-12-07,1423.56,DC2001,BU003,Branch,E007529,In Use,ServiceNow CMDB,2026-05-31,2022-05-01,2027-05-01,4,1500,7.44,Warranty Expired,10.9,Expiring in 12 Months,0,1,0,0,1500,1,1,0,4,12.12,34.61,Medium,Accelerated,End User Computing / Branch
A0001609,LTP-001609,Laptop,Lenovo,ThinkPad T14 Gen 3,LTPN5DCQPUZDJ,2018-05-31,2018-06-13,2022-05-30,1033.27,GTA048,BU001,Branch,E013025,In Use,ServiceNow CMDB,2026-05-31,2022-04-01,2027-04-01,4,1450,7.97,Warranty Expired,10.0,Expiring in 12 Months,0,1,0,0,1450,1,1,0,6,51.02,40.55,Medium,Accelerated,End User Computing / Branch
A0001623,LTP-001623,Laptop,HP,EliteBook 850 G9,LTP66M424OR5R,2024-10-12,2024-11-13,2027-10-12,1346.14,ONR020,BU004,Branch,E005828,In Use,ServiceNow CMDB,2026-05-31,2022-05-01,2027-05-01,4,1500,1.55,Under Warranty,10.9,Expiring in 12 Months,0,1,0,0,1500,3,1,0,0,0.0,26.0,Low,Accelerated,End User Computing / Branch
A0001625,LTP-001625,Laptop,Dell,Latitude 5420,LTP8AOZ1RCH80,2019-10-26,2019-11-11,2022-10-25,896.08,ONR018,BU003,Branch,E014865,In Use,Network Discovery,2026-05-31,2021-03-01,2027-06-01,4,1250,6.56,Warranty Expired,12.0,Expiring in 12 Months,0,1,0,0,1250,2,1,0,0,0.0,26.0,Low,Accelerated,End User Computing / Branch
A0001653,LTP-001653,Laptop,HP,EliteBook 850 G9,LTPDCTYLJ62CR,2019-11-28,2019-12-28,2022-11-27,988.27,ONR018,BU002,Branch,E000093,In Use,ServiceNow CMDB,2026-05-31,2022-05-01,2027-05-01,4,1500,6.43,Warranty Expired,10.9,Expiring in 12 Months,0,1,0,0,1500,2,1,1,8,28.49,47.42,Medium,Accelerated,End User Computing / Branch
A0001670,LTP-001670,Laptop,Lenovo,ThinkPad T14 Gen 3,LTPPZRFQMOEW6,2018-03-31,2018-04-04,2022-03-30,1007.0,GTA030,BU002,Production,E019352,In Use,Network Discovery,2026-05-31,2022-04-01,2027-04-01,4,1450,8.16,Warranty Expired,10.0,Expiring in 12 Months,0,1,0,0,1450,1,1,0,3,9.5,32.48,Medium,Accelerated,End User Computing / Branch
A0001679,LTP-001679,Laptop,Lenovo,ThinkPad T14 Gen 3,LTPOI1WK8M1KZ,2020-08-23,2020-10-01,2023-08-23,1183.35,WST028,BU003,Disaster Recovery,E002349,In Use,ServiceNow CMDB,2026-05-31,2022-04-01,2027-04-01,4,1450,5.67,Warranty Expired,10.0,Expiring in 12 Months,0,1,0,0,1450,2,0,2,6,36.65,39.83,Medium,Accelerated,End User Computing / Branch
A0001689,LTP-001689,Laptop,Dell,Latitude 5420,LTPL80UZBXEYO,2019-09-10,2019-09-25,2023-09-09,990.31,GTA059,BU005,Non-Production,E016393,In Use,Intune,2026-05-31,2021-03-01,2027-06-01,4,1250,6.69,Warranty Expired,12.0,Expiring in 12 Months,0,1,0,0,1250,2,1,1,2,24.29,35.21,Medium,Accelerated,End User Computing / Branch
A0001699,LTP-001699,Laptop,Lenovo,ThinkPad T14 Gen 3,LTPXBZOABQ5V5,2022-08-14,2022-09-28,2027-08-13,1195.82,DC1001,BU001,Corporate,E013051,In Stock,ServiceNow CMDB,2026-05-31,2022-04-01,2027-04-01,4,1450,3.68,Under Warranty,10.0,Expiring in 12 Months,0,1,0,0,1450,2,1,1,6,47.52,44.38,Medium,Accelerated,End User Computing / Branch
A0001711,LTP-001711,Laptop,Lenovo,ThinkPad T14 Gen 3,LTPWJVGTYNWLV,2020-12-05,2020-12-20,2024-12-04,970.03,QUE016,BU001,Production,E015682,In Use,ServiceNow CMDB,2026-05-31,2022-04-01,2027-04-01,4,1450,5.45,Warranty Expired,10.0,Expiring in 12 Months,0,1,0,0,1450,3,0,2,4,45.85,36.29,Medium,Accelerated,End User Computing / Branch
A0001732,LTP-001732,Laptop,Lenovo,ThinkPad T14 Gen 3,LTPYYEA2LGGRR,2019-04-24,2019-06-05,2022-04-23,946.01,WST021,BU001,Corporate,E015894,In Use,ServiceNow CMDB,2026-05-31,2022-04-01,2027-04-01,4,1450,6.99,Warranty Expired,10.0,Expiring in 12 Months,0,1,0,0,1450,2,0,2,1,2.51,28.13,Low,Accelerated,End User Computing / Branch
A0001742,LTP-001742,Laptop,HP,EliteBook 850 G9,LTPRUIY60ZVYJ,2019-10-23,2019-11-26,2022-10-22,1101.13,ONR012,BU001,Production,E019491,In Use,SCCM,2026-05-31,2022-05-01,2027-05-01,4,1500,6.52,Warranty Expired,10.9,Expiring in 12 Months,0,1,0,0,1500,2,1,0,4,28.5,35.42,Medium,Accelerated,End User Computing / Branch
A0001765,LTP-001765,Laptop,HP,EliteBook 850 G9,LTP77HKFA5S2V,2025-06-10,2025-07-24,2029-06-09,1042.98,GTA039,BU003,Disaster Recovery,E004992,In Use,SCCM,2026-05-31,2022-05-01,2027-05-01,4,1500,0.86,Under Warranty,10.9,Expiring in 12 Months,0,1,0,0,1500,1,1,0,5,47.33,38.37,Medium,Accelerated,End User Computing / Branch
A0001810,LTP-001810,Laptop,HP,EliteBook 850 G9,LTPSERPDHKSRD,2020-06-23,2020-07-07,2025-06-22,1407.36,ONR002,BU002,Non-Production,E010642,In Use,ServiceNow CMDB,2026-05-31,2022-05-01,2027-05-01,4,1500,5.9,Warranty Expired,10.9,Expiring in 12 Months,0,1,0,0,1500,2,1,0,2,17.17,30.86,Medium,Accelerated,End User Computing / Branch
A0001824,LTP-001824,Laptop,HP,EliteBook 840 G8,LTPUA1ETI0HRG,2020-05-24,2020-06-15,2023-05-24,1196.16,WST025,BU001,Production,E001537,In Use,ServiceNow CMDB,2026-05-31,2021-01-01,2026-01-01,4,1300,5.96,Warranty Expired,-5.0,Past EOL,1,0,0,0,1300,1,1,0,7,32.72,58.64,High,Immediate,End User Computing / Branch
A0001825,LTP-001825,Laptop,HP,EliteBook 840 G8,LTPYXZJ2OQUTY,2020-06-05,2020-06-26,2023-06-05,852.99,GTA046,BU001,Production,E016805,In Use,Network Discovery,2026-05-31,2021-01-01,2026-01-01,4,1300,5.93,Warranty Expired,-5.0,Past EOL,1,0,0,0,1300,2,1,1,4,21.95,56.1,High,Immediate,End User Computing / Branch
A0001841,LTP-001841,Laptop,HP,EliteBook 850 G9,LTPHI9427F8OR,2022-03-23,2022-04-12,2027-03-22,1278.24,GTA054,BU003,Branch,E013748,In Use,SCCM,2026-05-31,2022-05-01,2027-05-01,4,1500,4.14,Under Warranty,10.9,Expiring in 12 Months,0,1,0,0,1500,1,1,0,7,56.32,42.82,Medium,Accelerated,End User Computing / Branch
A0001843,LTP-001843,Laptop,HP,EliteBook 840 G8,LTP46URZJ45VF,2022-10-13,2022-11-27,2027-10-12,958.07,WST018,BU002,Corporate,E018564,In Use,ServiceNow CMDB,2026-05-31,2021-01-01,2026-01-01,4,1300,3.51,Under Warranty,-5.0,Past EOL,1,0,0,0,1300,3,0,2,1,5.12,45.26,Medium,Immediate,End User Computing / Branch
A0001862,LTP-001862,Laptop,Dell,Latitude 5420,LTPTQBV8HLNS2,2023-08-13,2023-08-14,2026-08-12,1159.09,QUE018,BU001,Production,E006694,In Use,SCCM,2026-05-31,2021-03-01,2027-06-01,4,1250,2.8,Under Warranty,12.0,Expiring in 12 Months,0,1,0,0,1250,3,0,2,5,23.32,37.17,Medium,Accelerated,End User Computing / Branch
A0001891,LTP-001891,Laptop,Lenovo,ThinkPad T14 Gen 3,LTPRYLB5O0TON,2020-06-06,2020-07-13,2024-06-05,1211.45,WST018,BU001,Branch,E019305,In Use,ServiceNow CMDB,2026-05-31,2022-04-01,2027-04-01,4,1450,5.89,Warranty Expired,10.0,Expiring in 12 Months,0,1,0,0,1450,2,1,0,0,0.0,26.0,Low,Accelerated,End User Computing / Branch
A0001934,LTP-001934,Laptop,Lenovo,ThinkPad T14 Gen 3,LTPY9VBFOEAA0,2020-11-05,2020-11-17,2025-11-04,1325.19,QUE025,BU008,Branch,E011141,In Use,ServiceNow CMDB,2026-05-31,2022-04-01,2027-04-01,4,1450,5.54,Warranty Expired,10.0,Expiring in 12 Months,0,1,0,0,1450,3,1,0,3,20.13,33.01,Medium,Accelerated,End User Computing / Branch
A0001982,LTP-001982,Laptop,HP,EliteBook 850 G9,LTPFH58B9LYHN,2018-05-16,2018-06-16,2022-05-15,1232.72,WST017,BU001,Branch,E005460,In Use,ServiceNow CMDB,2026-05-31,2022-05-01,2027-05-01,4,1500,7.96,Warranty Expired,10.9,Expiring in 12 Months,0,1,0,0,1500,1,1,0,6,29.6,39.48,Medium,Accelerated,End User Computing / Branch
A0002071,LTP-002071,Laptop,HP,EliteBook 840 G8,LTPHPFODVB391,2020-04-21,2020-05-16,2024-04-20,1218.39,WST012,BU001,Corporate,E000858,In Use,Intune,2026-05-31,2021-01-01,2026-01-01,4,1300,6.05,Warranty Expired,-5.0,Past EOL,1,0,0,0,1300,2,1,0,7,61.34,60.07,High,Immediate,End User Computing / Branch
A0002077,LTP-002077,Laptop,HP,EliteBook 840 G8,LTPUKG2H7MP63,2019-05-25,2019-07-06,2022-05-24,1106.67,ONR003,BU002,Disaster Recovery,E002060,Retired Pending Disposal,Network Discovery,2026-05-31,2021-01-01,2026-01-01,4,1300,6.91,Warranty Expired,-5.0,Past EOL,1,0,0,0,1300,1,1,0,7,50.27,59.51,High,Immediate,End User Computing / Branch
A0002083,LTP-002083,Laptop,HP,EliteBook 840 G8,LTPBOGKAAQTXJ,2021-08-27,2021-09-13,2025-08-26,895.66,GTA045,BU009,Branch,E002537,In Use,SCCM,2026-05-31,2021-01-01,2026-01-01,4,1300,4.72,Warranty Expired,-5.0,Past EOL,1,0,0,0,1300,2,1,0,3,29.57,50.48,Medium,Immediate,End User Computing / Branch
A0002093,LTP-002093,Laptop,Dell,Latitude 5420,LTPIQ34ENKTDC,2020-06-08,2020-07-23,2024-06-07,1103.48,GTA009,BU009,Production,E020800,In Use,Network Discovery,2026-05-31,2021-03-01,2027-06-01,4,1250,5.86,Warranty Expired,12.0,Expiring in 12 Months,0,1,0,0,1250,3,1,0,7,35.47,41.77,Medium,Accelerated,End User Computing / Branch
A0002101,LTP-002101,Laptop,Dell,Latitude 5420,LTPSSZ0F6AV9G,2020-02-21,2020-03-09,2024-02-20,948.29,GTA033,BU001,Production,E015369,In Use,ServiceNow CMDB,2026-05-31,2021-03-01,2027-06-01,4,1250,6.23,Warranty Expired,12.0,Expiring in 12 Months,0,1,0,0,1250,4,0,2,3,32.51,33.63,Medium,Accelerated,End User Computing / Branch
A0002104,LTP-002104,Laptop,HP,EliteBook 850 G9,LTPYIW2V1QN4K,2020-08-28,2020-10-08,2024-08-27,1134.5,WST019,BU002,Branch,E002709,In Use,Network Discovery,2026-05-31,2022-05-01,2027-05-01,4,1500,5.65,Warranty Expired,10.9,Expiring in 12 Months,0,1,0,0,1500,1,1,0,7,31.02,41.55,Medium,Accelerated,End User Computing / Branch
A0002117,LTP-002117,Laptop,Dell,Latitude 5420,LTPOB2K78SH74,2019-09-21,2019-10-26,2022-09-20,1030.3,GTA003,BU003,Production,E021853,In Use,ServiceNow CMDB,2026-05-31,2021-03-01,2027-06-01,4,1250,6.6,Warranty Expired,12.0,Expiring in 12 Months,0,1,0,0,1250,1,1,0,6,24.48,39.22,Medium,Accelerated,End User Computing / Branch
A0002124,LTP-002124,Laptop,HP,EliteBook 840 G8,LTPFVTZWWD86E,2022-05-02,2022-06-02,2026-05-01,1033.99,WST005,BU001,Production,E007697,In Use,ServiceNow CMDB,2026-05-31,2021-01-01,2026-01-01,4,1300,4.0,Warranty Expired,-5.0,Past EOL,1,0,0,0,1300,2,1,0,7,56.4,59.82,High,Immediate,End User Computing / Branch
A0002142,LTP-002142,Laptop,HP,EliteBook 850 G9,LTPB9YIRQ8KHA,2018-04-06,2018-05-20,2021-04-05,1187.0,ONR006,BU009,Production,E007520,In Use,ServiceNow CMDB,2026-05-31,2022-05-01,2027-05-01,4,1500,8.04,Warranty Expired,10.9,Expiring in 12 Months,0,1,0,0,1500,3,1,0,3,36.2,33.81,Medium,Accelerated,End User Computing / Branch
A0002146,LTP-002146,Laptop,HP,EliteBook 840 G8,LTPXCRRYT3U7N,2019-10-03,2019-10-25,2023-10-02,926.48,GTA041,BU009,Production,E008974,In Use,ServiceNow CMDB,2026-05-31,2021-01-01,2026-01-01,4,1300,6.6,Warranty Expired,-5.0,Past EOL,1,0,0,0,1300,1,1,0,6,27.81,56.39,High,Immediate,End User Computing / Branch
A0002167,LTP-002167,Laptop,HP,EliteBook 840 G8,LTPY23HP1TJ48,2022-06-14,2022-06-15,2027-06-13,989.77,WST016,BU003,Production,E016468,In Use,ServiceNow CMDB,2026-05-31,2021-01-01,2026-01-01,4,1300,3.96,Under Warranty,-5.0,Past EOL,1,0,0,0,1300,2,1,0,4,29.87,52.49,Medium,Immediate,End User Computing / Branch
A0002190,LTP-002190,Laptop,Lenovo,ThinkPad T14 Gen 3,LTPZWUY3UMMUS,2023-05-27,2023-06-12,2026-05-26,1011.72,TOR005,BU003,Production,E007133,In Use,Network Discovery,2026-05-31,2022-04-01,2027-04-01,4,1450,2.97,Warranty Expired,10.0,Expiring in 12 Months,0,1,0,0,1450,3,1,0,3,15.86,32.79,Medium,Accelerated,End User Computing / Branch
A0002285,LTP-002285,Laptop,HP,EliteBook 840 G8,LTP0WCNZM1O8V,2019-09-20,2019-09-25,2022-09-19,929.12,TOR005,BU001,Corporate,E021256,In Use,ServiceNow CMDB,2026-05-31,2021-01-01,2026-01-01,4,1300,6.69,Warranty Expired,-5.0,Past EOL,1,0,0,0,1300,1,1,0,8,52.89,61.64,High,Immediate,End User Computing / Branch
A0002312,LTP-002312,Laptop,HP,EliteBook 850 G9,LTP21YXAVIC4E,2023-09-29,2023-10-09,2027-09-28,1199.02,WST009,BU001,Non-Production,E000904,In Use,Network Discovery,2026-05-31,2022-05-01,2027-05-01,4,1500,2.65,Under Warranty,10.9,Expiring in 12 Months,0,1,0,0,1500,1,1,0,5,31.91,37.6,Medium,Accelerated,End User Computing / Branch
A0002350,LTP-002350,Laptop,Lenovo,ThinkPad T14 Gen 3,LTP1WLUCSSXUA,2021-04-21,2021-05-20,2024-04-20,1258.37,GTA074,BU001,Branch,E012783,In Use,ServiceNow CMDB,2026-05-31,2022-04-01,2027-04-01,4,1450,5.03,Warranty Expired,10.0,Expiring in 12 Months,0,1,0,0,1450,2,1,0,5,37.91,37.9,Medium,Accelerated,End User Computing / Branch
A0002363,LTP-002363,Laptop,HP,EliteBook 850 G9,LTPSB6KPWNBGX,2023-12-08,2023-12-21,2026-12-07,1405.55,GTA002,BU001,Production,E018972,In Use,SCCM,2026-05-31,2022-05-01,2027-05-01,4,1500,2.45,Under Warranty,10.9,Expiring in 12 Months,0,1,0,0,1500,1,1,0,2,12.62,30.63,Medium,Accelerated,End User Computing / Branch
A0002364,LTP-002364,Laptop,HP,EliteBook 840 G8,LTPH7P2VP2B8S,2022-01-20,2022-02-02,2025-01-19,891.49,GTA054,BU001,Production,E004386,In Use,SCCM,2026-05-31,2021-01-01,2026-01-01,4,1300,4.33,Warranty Expired,-5.0,Past EOL,1,0,0,0,1300,4,1,0,2,8.32,47.42,Medium,Immediate,End User Computing / Branch
A0002375,LTP-002375,Laptop,HP,EliteBook 850 G9,LTPOYIJFMURFW,2021-03-06,2021-03-11,2026-03-05,995.25,QUE007,BU001,Branch,E019514,In Use,Intune,2026-05-31,2022-05-01,2027-05-01,4,1500,5.23,Warranty Expired,10.9,Expiring in 12 Months,0,1,0,0,1500,2,1,1,10,50.74,52.54,Medium,Accelerated,End User Computing / Branch
A0002379,LTP-002379,Laptop,Dell,Latitude 5420,LTPLECLB6V5LS,2024-04-19,2024-05-08,2028-04-18,897.48,QUE002,BU001,Non-Production,E010100,In Use,ServiceNow CMDB,2026-05-31,2021-03-01,2027-06-01,4,1250,2.07,Under Warranty,12.0,Expiring in 12 Months,0,1,0,0,1250,1,1,0,3,9.87,32.49,Medium,Accelerated,End User Computing / Branch
A0002396,LTP-002396,Laptop,HP,EliteBook 850 G9,LTP475MT1SXT8,2019-12-21,2020-02-02,2024-12-19,1279.38,GTA005,BU005,Production,E006935,In Use,ServiceNow CMDB,2026-05-31,2022-05-01,2027-05-01,4,1500,6.33,Warranty Expired,10.9,Expiring in 12 Months,0,1,0,0,1500,2,1,0,3,29.49,33.47,Medium,Accelerated,End User Computing / Branch
A0002409,LTP-002409,Laptop,Lenovo,ThinkPad T14 Gen 3,LTP4X3GIUC55G,2018-12-29,2019-01-29,2022-12-28,1365.99,GTA077,BU003,Non-Production,E013684,In Use,Intune,2026-05-31,2022-04-01,2027-04-01,4,1450,7.34,Warranty Expired,10.0,Expiring in 12 Months,0,1,0,0,1450,1,1,0,4,26.65,35.33,Medium,Accelerated,End User Computing / Branch
A0002457,LTP-002457,Laptop,Dell,Latitude 5420,LTPCWSZC2KWE2,2023-01-31,2023-03-08,2027-01-30,859.81,QUE019,BU002,Disaster Recovery,E001315,In Use,ServiceNow CMDB,2026-05-31,2021-03-01,2027-06-01,4,1250,3.24,Under Warranty,12.0,Expiring in 12 Months,0,1,0,0,1250,2,1,0,3,25.1,33.26,Medium,Accelerated,End User Computing / Branch
A0002459,LTP-002459,Laptop,Dell,Latitude 5420,LTP6HN355NJO9,2020-10-26,2020-12-04,2023-10-26,841.0,GTA017,BU002,Branch,E020912,In Stock,SCCM,2026-05-31,2021-03-01,2027-06-01,4,1250,5.49,Warranty Expired,12.0,Expiring in 12 Months,0,1,0,0,1250,1,1,0,3,20.06,33.0,Medium,Accelerated,End User Computing / Branch
A0002464,LTP-002464,Laptop,HP,EliteBook 850 G9,LTP9JLFZ7OE7K,2020-07-04,2020-07-31,2024-07-03,1320.41,WST020,BU001,Production,E001130,In Use,ServiceNow CMDB,2026-05-31,2022-05-01,2027-05-01,4,1500,5.84,Warranty Expired,10.9,Expiring in 12 Months,0,1,0,0,1500,2,0,2,6,42.1,40.1,Medium,Accelerated,End User Computing / Branch
A0002493,LTP-002493,Laptop,Dell,Latitude 5420,LTP1YJ7K19LKO,2022-06-01,2022-06-04,2025-05-31,869.32,ONR015,BU001,Production,E001778,In Use,ServiceNow CMDB,2026-05-31,2021-03-01,2027-06-01,4,1250,3.99,Warranty Expired,12.0,Expiring in 12 Months,0,1,0,0,1250,1,1,0,7,29.61,41.48,Medium,Accelerated,End User Computing / Branch
A0002494,LTP-002494,Laptop,HP,EliteBook 850 G9,LTPGDN7N3Q81P,2020-04-27,2020-05-16,2023-04-27,1056.43,WST001,BU002,Branch,E007149,In Use,ServiceNow CMDB,2026-05-31,2022-05-01,2027-05-01,4,1500,6.05,Warranty Expired,10.9,Expiring in 12 Months,0,1,0,0,1500,3,0,3,5,30.0,41.5,Medium,Accelerated,End User Computing / Branch
A0002498,LTP-002498,Laptop,Dell,Latitude 5420,LTPOWH8KLT510,2024-04-12,2024-05-14,2028-04-11,941.4,ATL005,BU010,Production,E019891,In Stock,ServiceNow CMDB,2026-05-31,2021-03-01,2027-06-01,4,1250,2.05,Under Warranty,12.0,Expiring in 12 Months,0,1,0,0,1250,1,1,0,3,20.62,33.03,Medium,Accelerated,End User Computing / Branch
A0002505,LTP-002505,Laptop,Lenovo,ThinkPad T14 Gen 3,LTP8B9OB63DMV,2019-04-29,2019-05-15,2023-04-28,1278.84,QUE016,BU004,Production,E003233,In Use,ServiceNow CMDB,2026-05-31,2022-04-01,2027-04-01,4,1450,7.05,Warranty Expired,10.0,Expiring in 12 Months,0,1,0,0,1450,2,2,0,5,46.25,46.31,Medium,Accelerated,End User Computing / Branch
A0002521,LTP-002521,Laptop,HP,EliteBook 840 G8,LTPLU19K4C152,2020-11-17,2020-12-22,2025-11-16,947.91,WST017,BU010,Production,E021782,In Use,ServiceNow CMDB,2026-05-31,2021-01-01,2026-01-01,4,1300,5.44,Warranty Expired,-5.0,Past EOL,1,0,0,0,1300,2,1,0,6,37.31,56.87,High,Immediate,End User Computing / Branch
A0002523,LTP-002523,Laptop,HP,EliteBook 850 G9,LTP4IRWGG8IF7,2018-08-10,2018-09-23,2022-08-09,1258.02,GTA046,BU001,Corporate,E013947,In Use,SCCM,2026-05-31,2022-05-01,2027-05-01,4,1500,7.69,Warranty Expired,10.9,Expiring in 12 Months,0,1,0,0,1500,2,0,2,6,40.41,40.02,Medium,Accelerated,End User Computing / Branch
A0002560,LTP-002560,Laptop,HP,EliteBook 840 G8,LTPW2AZSBOT73,2019-08-08,2019-09-02,2024-08-06,987.57,QUE009,BU004,Production,E010475,In Use,ServiceNow CMDB,2026-05-31,2021-01-01,2026-01-01,4,1300,6.75,Warranty Expired,-5.0,Past EOL,1,0,0,0,1300,1,1,0,4,10.46,51.52,Medium,Immediate,End User Computing / Branch
A0002574,LTP-002574,Laptop,Lenovo,ThinkPad T14 Gen 3,LTPTYF4BRFA6N,2022-08-01,2022-08-27,2025-07-31,1117.92,GTA055,BU001,Branch,E004021,In Stock,ServiceNow CMDB,2026-05-31,2022-04-01,2027-04-01,4,1450,3.76,Warranty Expired,10.0,Expiring in 12 Months,0,1,0,0,1450,2,0,2,3,24.56,33.23,Medium,Accelerated,End User Computing / Branch
A0002601,LTP-002601,Laptop,Lenovo,ThinkPad T14 Gen 3,LTPLVTJX7TC7F,2020-05-17,2020-06-27,2025-05-16,1234.88,GTA074,BU002,Production,E020432,In Use,Intune,2026-05-31,2022-04-01,2027-04-01,4,1450,5.93,Warranty Expired,10.0,Expiring in 12 Months,0,1,0,0,1450,1,1,0,4,43.04,36.15,Medium,Accelerated,End User Computing / Branch
A0002607,LTP-002607,Laptop,Lenovo,ThinkPad T14 Gen 3,LTP3S30B8NC6B,2024-02-05,2024-02-22,2028-02-04,1268.17,GTA054,BU002,Production,E006568,In Use,SCCM,2026-05-31,2022-04-01,2027-04-01,4,1450,2.28,Under Warranty,10.0,Expiring in 12 Months,0,1,0,0,1450,1,1,0,5,51.43,38.57,Medium,Accelerated,End User Computing / Branch
A0002623,LTP-002623,Laptop,HP,EliteBook 850 G9,LTPSKT38KOK2Y,2020-11-20,2020-12-09,2025-11-19,1408.18,GTA076,BU004,Corporate,E017504,In Use,SCCM,2026-05-31,2022-05-01,2027-05-01,4,1500,5.48,Warranty Expired,10.9,Expiring in 12 Months,0,1,0,0,1500,2,1,0,6,29.78,39.49,Medium,Accelerated,End User Computing / Branch
A0002630,LTP-002630,Laptop,Lenovo,ThinkPad T14 Gen 3,LTPTE3M8D4K7C,2018-04-24,2018-05-05,2021-04-23,1372.18,GTA062,BU005,Branch,E012864,In Use,SCCM,2026-05-31,2022-04-01,2027-04-01,4,1450,8.08,Warranty Expired,10.0,Expiring in 12 Months,0,1,0,0,1450,2,1,0,1,5.03,28.25,Low,Accelerated,End User Computing / Branch
A0002650,LTP-002650,Laptop,Lenovo,ThinkPad T14 Gen 3,LTPA78E5VYDY5,2022-09-23,2022-10-21,2027-09-22,1187.89,ONR010,BU001,Corporate,E001862,In Use,ServiceNow CMDB,2026-05-31,2022-04-01,2027-04-01,4,1450,3.61,Under Warranty,10.0,Expiring in 12 Months,0,1,0,0,1450,1,1,0,3,18.42,32.92,Medium,Accelerated,End User Computing / Branch
A0002651,LTP-002651,Laptop,HP,EliteBook 840 G8,LTP9J2FGRD851,2021-02-08,2021-02-24,2024-02-08,1077.34,QUE021,BU001,Corporate,E003305,In Use,SCCM,2026-05-31,2021-01-01,2026-01-01,4,1300,5.27,Warranty Expired,-5.0,Past EOL,1,0,0,0,1300,1,1,0,8,59.08,61.95,High,Immediate,End User Computing / Branch
A0002660,LTP-002660,Laptop,Lenovo,ThinkPad T14 Gen 3,LTPLH4IIMY4W6,2022-03-26,2022-05-06,2026-03-25,1087.67,GTA008,BU001,Branch,E013977,In Use,ServiceNow CMDB,2026-05-31,2022-04-01,2027-04-01,4,1450,4.07,Warranty Expired,10.0,Expiring in 12 Months,0,1,0,0,1450,2,1,0,3,23.3,33.16,Medium,Accelerated,End User Computing / Branch
A0002661,LTP-002661,Laptop,Lenovo,ThinkPad T14 Gen 3,LTPUWGBCWAC0T,2019-01-23,2019-02-19,2022-01-22,1285.22,GTA050,BU001,Branch,E001772,In Use,Network Discovery,2026-05-31,2022-04-01,2027-04-01,4,1450,7.28,Warranty Expired,10.0,Expiring in 12 Months,0,1,0,0,1450,2,1,0,5,23.26,37.16,Medium,Accelerated,End User Computing / Branch
A0002674,LTP-002674,Laptop,Lenovo,ThinkPad T14 Gen 3,LTPKFP9OXV45A,2020-05-13,2020-06-13,2023-05-13,1376.43,GTA011,BU004,Production,E005745,In Use,ServiceNow CMDB,2026-05-31,2022-04-01,2027-04-01,4,1450,5.97,Warranty Expired,10.0,Expiring in 12 Months,0,1,0,0,1450,1,1,0,4,31.83,35.59,Medium,Accelerated,End User Computing / Branch
A0002716,LTP-002716,Laptop,HP,EliteBook 850 G9,LTPHK2WN70GIR,2019-04-10,2019-05-06,2024-04-08,1345.56,WST022,BU002,Production,E008312,In Use,ServiceNow CMDB,2026-05-31,2022-05-01,2027-05-01,4,1500,7.07,Warranty Expired,10.9,Expiring in 12 Months,0,1,0,0,1500,2,1,1,2,20.3,35.02,Medium,Accelerated,End User Computing / Branch
A0002730,LTP-002730,Laptop,HP,EliteBook 840 G8,LTPXYJ6XFUK9Y,2021-09-19,2021-10-21,2024-09-18,974.75,GTA066,BU001,Production,E005309,In Use,ServiceNow CMDB,2026-05-31,2021-01-01,2026-01-01,4,1300,4.61,Warranty Expired,-5.0,Past EOL,1,0,0,0,1300,1,1,0,4,23.36,52.17,Medium,Immediate,End User Computing / Branch
A0002837,LTP-002837,Laptop,Lenovo,ThinkPad T14 Gen 3,LTP81KRHO2TXL,2021-07-28,2021-08-31,2024-07-27,1300.08,ONR017,BU008,Non-Production,E010725,In Use,ServiceNow CMDB,2026-05-31,2022-04-01,2027-04-01,4,1450,4.75,Warranty Expired,10.0,Expiring in 12 Months,0,1,0,0,1450,2,1,0,6,31.44,39.57,Medium,Accelerated,End User Computing / Branch
A0002846,LTP-002846,Laptop,HP,EliteBook 840 G8,LTPGGXXSWQB47,2018-04-26,2018-05-17,2022-04-25,939.57,GTA043,BU001,Production,E004974,In Use,SCCM,2026-05-31,2021-01-01,2026-01-01,4,1300,8.04,Warranty Expired,-5.0,Past EOL,1,0,0,0,1300,2,1,0,9,66.88,64.34,High,Immediate,End User Computing / Branch
A0002910,LTP-002910,Laptop,HP,EliteBook 840 G8,LTP9HIXURXWEP,2019-09-30,2019-11-11,2023-09-29,852.2,ATL014,BU001,Production,E003233,In Use,ServiceNow CMDB,2026-05-31,2021-01-01,2026-01-01,4,1300,6.56,Warranty Expired,-5.0,Past EOL,1,0,0,0,1300,3,0,2,1,7.52,45.38,Medium,Immediate,End User Computing / Branch
A0002913,LTP-002913,Laptop,Lenovo,ThinkPad T14 Gen 3,LTPBEJYG9K1SY,2021-02-09,2021-02-15,2026-02-08,970.39,GTA028,BU001,Production,E018257,Retired Pending Disposal,ServiceNow CMDB,2026-05-31,2022-04-01,2027-04-01,4,1450,5.29,Warranty Expired,10.0,Expiring in 12 Months,0,1,0,0,1450,1,1,0,3,26.0,33.3,Medium,Accelerated,End User Computing / Branch
A0003010,LTP-003010,Laptop,HP,EliteBook 850 G9,LTPPOL3K9GW5D,2018-10-12,2018-10-26,2023-10-11,1346.85,GTA011,BU004,Disaster Recovery,E004323,In Use,Network Discovery,2026-05-31,2022-05-01,2027-05-01,4,1500,7.6,Warranty Expired,10.9,Expiring in 12 Months,0,1,0,0,1500,1,1,0,7,60.43,43.02,Medium,Accelerated,End User Computing / Branch
A0003024,LTP-003024,Laptop,HP,EliteBook 850 G9,LTPBWTNQCWVZE,2021-03-21,2021-04-15,2024-03-20,1115.97,GTA031,BU006,Production,E014088,In Use,ServiceNow CMDB,2026-05-31,2022-05-01,2027-05-01,4,1500,5.13,Warranty Expired,10.9,Expiring in 12 Months,0,1,0,0,1500,2,0,2,4,26.94,35.35,Medium,Accelerated,End User Computing / Branch
A0003040,LTP-003040,Laptop,Dell,Latitude 5420,LTP94ATSXP0MF,2019-01-11,2019-01-13,2024-01-10,883.12,QUE024,BU002,Branch,E011778,In Use,SCCM,2026-05-31,2021-03-01,2027-06-01,4,1250,7.38,Warranty Expired,12.0,Expiring in 12 Months,0,1,0,0,1250,1,1,0,3,18.3,32.92,Medium,Accelerated,End User Computing / Branch
A0003099,LTP-003099,Laptop,Lenovo,ThinkPad T14 Gen 3,LTPMMJYUB1NE4,2022-08-16,2022-09-29,2026-08-15,1253.4,QUE023,BU001,Branch,E013339,In Use,SCCM,2026-05-31,2022-04-01,2027-04-01,4,1450,3.67,Under Warranty,10.0,Expiring in 12 Months,0,1,0,0,1450,2,1,1,2,14.43,34.72,Medium,Accelerated,End User Computing / Branch
A0003106,LTP-003106,Laptop,HP,EliteBook 840 G8,LTPJGFNL8MO3Q,2020-08-17,2020-09-10,2023-08-17,1119.19,ONR002,BU001,Branch,E017164,In Use,ServiceNow CMDB,2026-05-31,2021-01-01,2026-01-01,4,1300,5.72,Warranty Expired,-5.0,Past EOL,1,0,0,0,1300,2,0,2,4,27.28,52.36,Medium,Immediate,End User Computing / Branch
A0003125,LTP-003125,Laptop,Lenovo,ThinkPad T14 Gen 3,LTPF7QWMEH0RF,2019-05-05,2019-05-20,2023-05-04,1180.5,WST005,BU003,Production,E012206,In Use,ServiceNow CMDB,2026-05-31,2022-04-01,2027-04-01,4,1450,7.04,Warranty Expired,10.0,Expiring in 12 Months,0,1,0,0,1450,4,0,2,6,33.38,39.67,Medium,Accelerated,End User Computing / Branch
A0003165,LTP-003165,Laptop,Lenovo,ThinkPad T14 Gen 3,LTPSRWB7QWKH3,2024-05-16,2024-06-17,2028-05-15,1140.79,ONR004,BU001,Production,E009754,In Use,SCCM,2026-05-31,2022-04-01,2027-04-01,4,1450,1.96,Under Warranty,10.0,Expiring in 12 Months,0,1,0,0,1450,1,1,0,3,11.92,32.6,Medium,Accelerated,End User Computing / Branch
A0003178,LTP-003178,Laptop,HP,EliteBook 850 G9,LTPQUVR29324E,2020-03-15,2020-04-24,2025-03-14,1218.74,ATL004,BU003,Branch,E007478,In Use,Intune,2026-05-31,2022-05-01,2027-05-01,4,1500,6.11,Warranty Expired,10.9,Expiring in 12 Months,0,1,0,0,1500,1,1,0,1,11.79,28.59,Low,Accelerated,End User Computing / Branch
A0003204,LTP-003204,Laptop,HP,EliteBook 850 G9,LTPFLJ27OORSH,2018-08-08,2018-08-24,2023-08-07,1091.56,ATL006,BU001,Corporate,E004811,In Use,ServiceNow CMDB,2026-05-31,2022-05-01,2027-05-01,4,1500,7.77,Warranty Expired,10.9,Expiring in 12 Months,0,1,0,0,1500,1,1,0,4,25.34,35.27,Medium,Accelerated,End User Computing / Branch
A0003221,LTP-003221,Laptop,HP,EliteBook 850 G9,LTPCITMD5BM47,2022-11-04,2022-12-06,2025-11-03,1402.82,ONR009,BU002,Production,E007309,In Use,SCCM,2026-05-31,2022-05-01,2027-05-01,4,1500,3.49,Warranty Expired,10.9,Expiring in 12 Months,0,1,0,0,1500,1,1,0,7,46.06,42.3,Medium,Accelerated,End User Computing / Branch
A0003228,LTP-003228,Laptop,HP,EliteBook 840 G8,LTPU3BIBS04TL,2019-07-24,2019-08-19,2023-07-23,1065.17,GTA012,BU002,Production,E005857,In Use,ServiceNow CMDB,2026-05-31,2021-01-01,2026-01-01,4,1300,6.79,Warranty Expired,-5.0,Past EOL,1,0,0,0,1300,2,1,0,6,22.25,56.11,High,Immediate,End User Computing / Branch
A0003266,LTP-003266,Laptop,Dell,Latitude 5420,LTP66I3GTBP6T,2022-05-30,2022-06-27,2027-05-29,938.94,GTA005,BU005,Disaster Recovery,E009446,In Use,Network Discovery,2026-05-31,2021-03-01,2027-06-01,4,1250,3.93,Under Warranty,12.0,Expiring in 12 Months,0,1,0,0,1250,2,1,0,3,23.42,33.17,Medium,Accelerated,End User Computing / Branch
A0003274,LTP-003274,Laptop,Lenovo,ThinkPad T14 Gen 3,LTPVUF2KHP8YM,2020-12-04,2021-01-18,2023-12-04,1344.72,GTA046,BU001,Disaster Recovery,E009422,In Use,Intune,2026-05-31,2022-04-01,2027-04-01,4,1450,5.37,Warranty Expired,10.0,Expiring in 12 Months,0,1,0,0,1450,2,1,0,3,19.49,32.97,Medium,Accelerated,End User Computing / Branch
A0003277,LTP-003277,Laptop,HP,EliteBook 840 G8,LTP33Q3PXAH1Z,2019-08-30,2019-09-06,2024-08-28,1052.34,GTA003,BU001,Production,E016780,In Use,ServiceNow CMDB,2026-05-31,2021-01-01,2026-01-01,4,1300,6.74,Warranty Expired,-5.0,Past EOL,1,0,0,0,1300,1,1,0,1,3.87,45.19,Medium,Immediate,End User Computing / Branch
A0003301,LTP-003301,Laptop,Lenovo,ThinkPad T14 Gen 3,LTPB5QTJNSIUY,2021-11-28,2021-12-07,2026-11-27,1114.83,QUE013,BU001,Production,E006193,In Use,Network Discovery,2026-05-31,2022-04-01,2027-04-01,4,1450,4.48,Under Warranty,10.0,Expiring in 12 Months,0,1,0,0,1450,2,1,1,4,22.22,39.11,Medium,Accelerated,End User Computing / Branch
A0003318,LTP-003318,Laptop,HP,EliteBook 840 G8,LTPXX3JH41SB9,2024-10-07,2024-10-14,2027-10-07,1170.52,GTA032,BU006,Branch,E005714,Retired Pending Disposal,Network Discovery,2026-05-31,2021-01-01,2026-01-01,4,1300,1.63,Under Warranty,-5.0,Past EOL,1,0,0,0,1300,3,0,2,4,22.46,52.12,Medium,Immediate,End User Computing / Branch
A0003333,LTP-003333,Laptop,HP,EliteBook 840 G8,LTPBF4OR25PRW,2021-01-28,2021-02-13,2024-01-28,1036.18,GTA049,BU003,Branch,E015263,In Use,SCCM,2026-05-31,2021-01-01,2026-01-01,4,1300,5.3,Warranty Expired,-5.0,Past EOL,1,0,0,0,1300,1,1,0,3,10.15,49.51,Medium,Immediate,End User Computing / Branch
A0003343,LTP-003343,Laptop,Lenovo,ThinkPad T14 Gen 3,LTP3PS4O6AU4J,2023-03-26,2023-04-20,2026-03-25,1301.15,WST016,BU001,Production,E001368,In Use,ServiceNow CMDB,2026-05-31,2022-04-01,2027-04-01,4,1450,3.12,Warranty Expired,10.0,Expiring in 12 Months,0,1,0,0,1450,1,1,0,1,2.88,28.14,Low,Accelerated,End User Computing / Branch
A0003346,LTP-003346,Laptop,HP,EliteBook 840 G8,LTPXM49IQ2SZ8,2022-10-09,2022-11-16,2026-10-08,868.13,GTA080,BU001,Disaster Recovery,E012300,In Use,SCCM,2026-05-31,2021-01-01,2026-01-01,4,1300,3.54,Under Warranty,-5.0,Past EOL,1,0,0,0,1300,1,1,0,5,28.16,54.41,Medium,Immediate,End User Computing / Branch
A0003364,LTP-003364,Laptop,Lenovo,ThinkPad T14 Gen 3,LTPTMX74V7G31,2018-04-11,2018-05-15,2023-04-10,1263.87,WST015,BU004,Production,E001341,In Use,ServiceNow CMDB,2026-05-31,2022-04-01,2027-04-01,4,1450,8.05,Warranty Expired,10.0,Expiring in 12 Months,0,1,0,0,1450,2,0,2,7,47.38,42.37,Medium,Accelerated,End User Computing / Branch
A0003366,LTP-003366,Laptop,Dell,Latitude 5420,LTP8CH3UVGVZ4,2018-07-28,2018-08-19,2021-07-27,999.35,GTA077,BU001,Production,E004921,In Use,SCCM,2026-05-31,2021-03-01,2027-06-01,4,1250,7.79,Warranty Expired,12.0,Expiring in 12 Months,0,1,0,0,1250,1,1,0,8,39.11,43.96,Medium,Accelerated,End User Computing / Branch
A0003403,LTP-003403,Laptop,HP,EliteBook 840 G8,LTPMQVA9ZF0NS,2018-08-23,2018-10-07,2023-08-22,845.27,GTA064,BU002,Production,E010971,In Use,ServiceNow CMDB,2026-05-31,2021-01-01,2026-01-01,4,1300,7.65,Warranty Expired,-5.0,Past EOL,1,0,0,0,1300,2,2,0,1,3.33,53.17,Medium,Immediate,End User Computing / Branch
A0003408,LTP-003408,Laptop,Lenovo,ThinkPad T14 Gen 3,LTPZB2LYEXL24,2019-02-02,2019-02-06,2024-02-01,1165.04,GTA029,BU002,Branch,E004301,In Use,SCCM,2026-05-31,2022-04-01,2027-04-01,4,1450,7.32,Warranty Expired,10.0,Expiring in 12 Months,0,1,0,0,1450,2,0,2,4,22.89,35.14,Medium,Accelerated,End User Computing / Branch
A0003428,LTP-003428,Laptop,Lenovo,ThinkPad T14 Gen 3,LTP2ZEW0ICZGG,2024-11-29,2024-12-28,2029-11-28,1239.6,QUE013,BU002,Production,E017233,In Use,ServiceNow CMDB,2026-05-31,2022-04-01,2027-04-01,4,1450,1.43,Under Warranty,10.0,Expiring in 12 Months,0,1,0,0,1450,2,1,0,5,40.75,38.04,Medium,Accelerated,End User Computing / Branch
A0003434,LTP-003434,Laptop,HP,EliteBook 840 G8,LTPCOOKPFWXZ9,2024-01-21,2024-02-13,2029-01-19,939.18,QUE005,BU006,Branch,E002521,In Use,Intune,2026-05-31,2021-01-01,2026-01-01,4,1300,2.3,Under Warranty,-5.0,Past EOL,1,0,0,0,1300,1,1,0,2,15.06,47.75,Medium,Immediate,End User Computing / Branch
A0003443,LTP-003443,Laptop,Dell,Latitude 5420,LTPYHQEFLBJ0F,2020-08-13,2020-08-27,2024-08-12,1074.14,GTA066,BU007,Production,E015481,Retired Pending Disposal,SCCM,2026-05-31,2021-03-01,2027-06-01,4,1250,5.76,Warranty Expired,12.0,Expiring in 12 Months,0,1,0,0,1250,2,1,0,6,38.77,39.94,Medium,Accelerated,End User Computing / Branch
A0003456,LTP-003456,Laptop,HP,EliteBook 850 G9,LTPGAFJVCY70W,2025-07-05,2025-08-03,2029-07-04,995.5,GTA063,BU001,Branch,E008516,In Use,ServiceNow CMDB,2026-05-31,2022-05-01,2027-05-01,4,1500,0.83,Under Warranty,10.9,Expiring in 12 Months,0,1,0,0,1500,1,1,0,0,0.0,26.0,Low,Accelerated,End User Computing / Branch
A0003475,LTP-003475,Laptop,HP,EliteBook 840 G8,LTPTEB73KAX3B,2018-08-15,2018-09-20,2021-08-14,1156.9,GTA079,BU001,Non-Production,E010220,In Use,SCCM,2026-05-31,2021-01-01,2026-01-01,4,1300,7.7,Warranty Expired,-5.0,Past EOL,1,0,0,0,1300,1,1,0,5,45.38,55.27,High,Immediate,End User Computing / Branch
A0003498,LTP-003498,Laptop,Dell,Latitude 5420,LTPIN57X00GY5,2018-05-25,2018-06-02,2021-05-24,1121.89,GTA028,BU003,Branch,E008817,In Use,SCCM,2026-05-31,2021-03-01,2027-06-01,4,1250,8.0,Warranty Expired,12.0,Expiring in 12 Months,0,1,0,0,1250,2,0,2,5,38.61,37.93,Medium,Accelerated,End User Computing / Branch
A0003558,LTP-003558,Laptop,HP,EliteBook 840 G8,LTPF5W2ZGH65T,2019-11-17,2019-12-12,2022-11-16,1092.48,WST026,BU009,Production,E002460,In Use,ServiceNow CMDB,2026-05-31,2021-01-01,2026-01-01,4,1300,6.47,Warranty Expired,-5.0,Past EOL,1,0,0,0,1300,2,1,0,7,49.37,59.47,High,Immediate,End User Computing / Branch
A0003578,LTP-003578,Laptop,HP,EliteBook 850 G9,LTPHXKV7XG2T7,2018-04-01,2018-05-14,2021-03-31,1271.28,GTA040,BU003,Production,E009341,In Use,Intune,2026-05-31,2022-05-01,2027-05-01,4,1500,8.05,Warranty Expired,10.9,Expiring in 12 Months,0,1,0,0,1500,1,1,0,3,17.14,32.86,Medium,Accelerated,End User Computing / Branch
A0003582,LTP-003582,Laptop,Lenovo,ThinkPad T14 Gen 3,LTP13HI1HHO2C,2022-09-17,2022-09-24,2027-09-16,1083.29,GTA001,BU001,Disaster Recovery,E006614,In Use,SCCM,2026-05-31,2022-04-01,2027-04-01,4,1450,3.69,Under Warranty,10.0,Expiring in 12 Months,0,1,0,0,1450,1,1,0,4,26.34,35.32,Medium,Accelerated,End User Computing / Branch
A0003594,LTP-003594,Laptop,HP,EliteBook 850 G9,LTPAUV5YOZKHT,2019-04-03,2019-04-21,2022-04-02,1094.66,GTA021,BU002,Corporate,E005684,In Use,Intune,2026-05-31,2022-05-01,2027-05-01,4,1500,7.12,Warranty Expired,10.9,Expiring in 12 Months,0,1,0,0,1500,1,1,0,4,22.81,35.14,Medium,Accelerated,End User Computing / Branch
A0003601,LTP-003601,Laptop,Dell,Latitude 5420,LTPLN89E78SR1,2025-04-28,2025-05-27,2030-04-27,847.09,QUE005,BU001,Disaster Recovery,E001311,In Use,ServiceNow CMDB,2026-05-31,2021-03-01,2027-06-01,4,1250,1.02,Under Warranty,12.0,Expiring in 12 Months,0,1,0,0,1250,2,1,0,4,25.11,35.26,Medium,Accelerated,End User Computing / Branch
A0003614,LTP-003614,Laptop,Lenovo,ThinkPad T14 Gen 3,LTP9BGX7GSXZF,2021-02-26,2021-03-05,2024-02-26,1110.5,GTA024,BU005,Branch,E020411,In Use,Network Discovery,2026-05-31,2022-04-01,2027-04-01,4,1450,5.24,Warranty Expired,10.0,Expiring in 12 Months,0,1,0,0,1450,1,1,0,4,11.97,34.6,Medium,Accelerated,End User Computing / Branch
A0003707,LTP-003707,Laptop,HP,EliteBook 840 G8,LTPTKJMU2XDBN,2025-02-04,2025-02-24,2030-02-03,976.1,GTA073,BU001,Production,E019280,In Use,ServiceNow CMDB,2026-05-31,2021-01-01,2026-01-01,4,1300,1.27,Under Warranty,-5.0,Past EOL,1,0,0,0,1300,2,0,2,8,75.12,62.76,High,Immediate,End User Computing / Branch
A0003717,LTP-003717,Laptop,Dell,Latitude 5420,LTPB0OY2M7CST,2020-07-05,2020-08-16,2024-07-04,843.01,ONR011,BU002,Production,E018034,In Use,ServiceNow CMDB,2026-05-31,2021-03-01,2027-06-01,4,1250,5.79,Warranty Expired,12.0,Expiring in 12 Months,0,1,0,0,1250,1,1,0,6,42.7,40.14,Medium,Accelerated,End User Computing / Branch
A0003739,LTP-003739,Laptop,Lenovo,ThinkPad T14 Gen 3,LTPDAOV0TNCTQ,2018-11-02,2018-12-16,2021-11-01,1352.92,GTA067,BU001,Production,E017764,In Use,Intune,2026-05-31,2022-04-01,2027-04-01,4,1450,7.46,Warranty Expired,10.0,Expiring in 12 Months,0,1,0,0,1450,1,1,0,4,45.73,36.29,Medium,Accelerated,End User Computing / Branch
A0003753,LTP-003753,Laptop,Lenovo,ThinkPad T14 Gen 3,LTP9EBHR4949N,2022-12-21,2023-01-02,2026-12-20,1058.07,GTA060,BU003,Branch,E001631,In Use,ServiceNow CMDB,2026-05-31,2022-04-01,2027-04-01,4,1450,3.41,Under Warranty,10.0,Expiring in 12 Months,0,1,0,0,1450,2,1,0,4,23.77,35.19,Medium,Accelerated,End User Computing / Branch
A0003776,LTP-003776,Laptop,HP,EliteBook 840 G8,LTPXBOVBZ9USF,2020-08-26,2020-10-10,2024-08-25,1162.72,ONR020,BU009,Corporate,E002213,In Use,ServiceNow CMDB,2026-05-31,2021-01-01,2026-01-01,4,1300,5.64,Warranty Expired,-5.0,Past EOL,1,0,0,0,1300,2,2,0,6,44.18,65.21,High,Immediate,End User Computing / Branch
A0003804,LTP-003804,Laptop,Dell,Latitude 5420,LTPYTEJSS32KW,2022-08-26,2022-10-07,2025-08-25,1116.21,ONR003,BU010,Branch,E020085,In Use,SCCM,2026-05-31,2021-03-01,2027-06-01,4,1250,3.65,Warranty Expired,12.0,Expiring in 12 Months,0,1,0,0,1250,1,1,0,4,26.66,35.33,Medium,Accelerated,End User Computing / Branch
A0003826,LTP-003826,Laptop,HP,EliteBook 850 G9,LTP74ZC17KEUI,2023-08-21,2023-09-29,2026-08-20,1201.77,ATL011,BU001,Production,E020133,In Use,SCCM,2026-05-31,2022-05-01,2027-05-01,4,1500,2.67,Under Warranty,10.9,Expiring in 12 Months,0,1,0,0,1500,1,1,0,3,29.16,33.46,Medium,Accelerated,End User Computing / Branch
A0003844,LTP-003844,Laptop,Lenovo,ThinkPad T14 Gen 3,LTPHRVY5G11UI,2020-03-23,2020-03-30,2024-03-22,1332.91,WST015,BU004,Non-Production,E020864,In Use,SCCM,2026-05-31,2022-04-01,2027-04-01,4,1450,6.17,Warranty Expired,10.0,Expiring in 12 Months,0,1,0,0,1450,2,0,2,6,27.42,39.37,Medium,Accelerated,End User Computing / Branch
A0003877,LTP-003877,Laptop,HP,EliteBook 850 G9,LTP6W4VOQ4Y19,2024-03-16,2024-04-28,2027-03-16,1407.46,QUE020,BU001,Branch,E003018,In Use,Intune,2026-05-31,2022-05-01,2027-05-01,4,1500,2.09,Under Warranty,10.9,Expiring in 12 Months,0,1,0,0,1500,2,1,0,2,19.02,30.95,Medium,Accelerated,End User Computing / Branch
A0003892,LTP-003892,Laptop,Lenovo,ThinkPad T14 Gen 3,LTPEYEZ2A49F6,2023-11-01,2023-11-08,2026-10-31,1134.6,GTA049,BU003,Branch,E007024,In Use,SCCM,2026-05-31,2022-04-01,2027-04-01,4,1450,2.57,Under Warranty,10.0,Expiring in 12 Months,0,1,0,0,1450,2,1,1,5,37.64,41.88,Medium,Accelerated,End User Computing / Branch
A0003905,LTP-003905,Laptop,Dell,Latitude 5420,LTP9NM48KX30J,2023-04-08,2023-05-20,2027-04-07,1085.05,ONR006,BU003,Production,E017555,In Use,SCCM,2026-05-31,2021-03-01,2027-06-01,4,1250,3.04,Under Warranty,12.0,Expiring in 12 Months,0,1,0,0,1250,2,0,2,8,29.67,43.48,Medium,Accelerated,End User Computing / Branch
A0003960,LTP-003960,Laptop,Dell,Latitude 5420,LTPD72S1IEKK4,2024-05-20,2024-06-30,2027-05-20,995.84,WST028,BU003,Corporate,E005940,In Use,ServiceNow CMDB,2026-05-31,2021-03-01,2027-06-01,4,1250,1.92,Under Warranty,12.0,Expiring in 12 Months,0,1,0,0,1250,1,1,0,4,10.64,34.53,Medium,Accelerated,End User Computing / Branch
A0003965,LTP-003965,Laptop,HP,EliteBook 850 G9,LTP302KKCDEL0,2018-03-22,2018-04-08,2021-03-21,1065.83,GTA052,BU004,Branch,E004427,In Use,ServiceNow CMDB,2026-05-31,2022-05-01,2027-05-01,4,1500,8.15,Warranty Expired,10.9,Expiring in 12 Months,0,1,0,0,1500,2,2,0,3,6.93,40.35,Medium,Accelerated,End User Computing / Branch
A0003970,LTP-003970,Laptop,HP,EliteBook 850 G9,LTP219W4C0VEE,2020-09-09,2020-10-22,2023-09-09,1247.5,WST012,BU001,Branch,E016115,In Use,ServiceNow CMDB,2026-05-31,2022-05-01,2027-05-01,4,1500,5.61,Warranty Expired,10.9,Expiring in 12 Months,0,1,0,0,1500,1,1,0,4,25.36,35.27,Medium,Accelerated,End User Computing / Branch
A0003976,LTP-003976,Laptop,Lenovo,ThinkPad T14 Gen 3,LTPWKU8CMQ9XX,2020-09-28,2020-11-02,2024-09-27,1283.92,ONR005,BU001,Disaster Recovery,E010954,In Use,ServiceNow CMDB,2026-05-31,2022-04-01,2027-04-01,4,1450,5.58,Warranty Expired,10.0,Expiring in 12 Months,0,1,0,0,1450,1,1,0,6,30.35,39.52,Medium,Accelerated,End User Computing / Branch
A0003992,LTP-003992,Laptop,HP,EliteBook 850 G9,LTPGVL3I3VA91,2021-07-09,2021-07-20,2025-07-08,1204.01,GTA005,BU005,Production,E018347,In Stock,ServiceNow CMDB,2026-05-31,2022-05-01,2027-05-01,4,1500,4.87,Warranty Expired,10.9,Expiring in 12 Months,0,1,0,0,1500,1,1,0,4,24.08,35.2,Medium,Accelerated,End User Computing / Branch
A0004056,LTP-004056,Laptop,HP,EliteBook 850 G9,LTPSMDE0A22BT,2019-03-05,2019-03-24,2024-03-03,1177.12,GTA042,BU003,Branch,E005299,In Use,ServiceNow CMDB,2026-05-31,2022-05-01,2027-05-01,4,1500,7.19,Warranty Expired,10.9,Expiring in 12 Months,0,1,0,0,1500,2,0,2,5,52.42,38.62,Medium,Accelerated,End User Computing / Branch
A0004146,LTP-004146,Laptop,Dell,Latitude 5420,LTPEXZSUNLQ49,2019-01-04,2019-01-12,2022-01-03,863.55,ATL010,BU002,Corporate,E010324,In Use,ServiceNow CMDB,2026-05-31,2021-03-01,2027-06-01,4,1250,7.39,Warranty Expired,12.0,Expiring in 12 Months,0,1,0,0,1250,4,0,2,7,33.01,41.65,Medium,Accelerated,End User Computing / Branch
A0004199,LTP-004199,Laptop,HP,EliteBook 840 G8,LTPN4NONGHU32,2024-03-31,2024-04-21,2028-03-30,1027.34,GTA079,BU003,Branch,E004800,In Use,ServiceNow CMDB,2026-05-31,2021-01-01,2026-01-01,4,1300,2.11,Under Warranty,-5.0,Past EOL,1,0,0,0,1300,3,0,2,5,43.04,55.15,High,Immediate,End User Computing / Branch
A0004270,LTP-004270,Laptop,Dell,Latitude 5420,LTPXX88IV5Z1V,2020-05-31,2020-07-13,2023-05-31,1018.47,WST003,BU002,Production,E000528,In Use,ServiceNow CMDB,2026-05-31,2021-03-01,2027-06-01,4,1250,5.89,Warranty Expired,12.0,Expiring in 12 Months,0,1,0,0,1250,2,1,0,4,38.62,35.93,Medium,Accelerated,End User Computing / Branch
A0004286,LTP-004286,Laptop,Dell,Latitude 5420,LTP9G1PH17KFA,2024-05-06,2024-06-15,2027-05-06,1160.62,WST030,BU008,Corporate,E009810,In Use,SCCM,2026-05-31,2021-03-01,2027-06-01,4,1250,1.96,Under Warranty,12.0,Expiring in 12 Months,0,1,0,0,1250,2,1,0,4,26.07,35.3,Medium,Accelerated,End User Computing / Branch
A0004287,LTP-004287,Laptop,Lenovo,ThinkPad T14 Gen 3,LTPQHY2JK0WTY,2020-01-24,2020-02-26,2023-01-23,1041.24,GTA009,BU009,Corporate,E000630,In Use,ServiceNow CMDB,2026-05-31,2022-04-01,2027-04-01,4,1450,6.26,Warranty Expired,10.0,Expiring in 12 Months,0,1,0,0,1450,3,1,2,4,18.21,42.91,Medium,Accelerated,End User Computing / Branch
A0004324,LTP-004324,Laptop,HP,EliteBook 850 G9,LTPCU0EICYNI4,2022-11-24,2022-12-07,2026-11-23,1213.95,ATL003,BU003,Corporate,E002777,In Use,Intune,2026-05-31,2022-05-01,2027-05-01,4,1500,3.49,Under Warranty,10.9,Expiring in 12 Months,0,1,0,0,1500,2,0,2,3,28.0,33.4,Medium,Accelerated,End User Computing / Branch
A0004336,LTP-004336,Laptop,Dell,Latitude 5420,LTPO0RCKZMASH,2023-05-27,2023-05-28,2027-05-26,839.98,QUE019,BU001,Production,E003072,In Repair,ServiceNow CMDB,2026-05-31,2021-03-01,2027-06-01,4,1250,3.01,Under Warranty,12.0,Expiring in 12 Months,0,1,0,0,1250,2,1,0,7,49.89,42.49,Medium,Accelerated,End User Computing / Branch
A0004368,LTP-004368,Laptop,HP,EliteBook 850 G9,LTPDA3XDD9VZA,2022-03-01,2022-03-07,2027-02-28,1036.01,ATL013,BU004,Production,E018390,In Use,SCCM,2026-05-31,2022-05-01,2027-05-01,4,1500,4.24,Under Warranty,10.9,Expiring in 12 Months,0,1,0,0,1500,3,1,1,4,29.67,39.48,Medium,Accelerated,End User Computing / Branch
A0004374,LTP-004374,Laptop,HP,EliteBook 840 G8,LTPBVLU3WNWGD,2020-08-28,2020-09-11,2024-08-27,1198.19,GTA039,BU002,Branch,E014669,In Use,Intune,2026-05-31,2021-01-01,2026-01-01,4,1300,5.72,Warranty Expired,-5.0,Past EOL,1,0,0,0,1300,2,1,0,3,24.3,50.22,Medium,Immediate,End User Computing / Branch
A0004387,LTP-004387,Laptop,HP,EliteBook 850 G9,LTPCQOSG0XWXW,2018-11-13,2018-12-01,2021-11-12,1257.92,GTA057,BU004,Production,E001366,In Use,SCCM,2026-05-31,2022-05-01,2027-05-01,4,1500,7.5,Warranty Expired,10.9,Expiring in 12 Months,0,1,0,0,1500,4,1,0,5,25.4,37.27,Medium,Accelerated,End User Computing / Branch
A0004421,LTP-004421,Laptop,Dell,Latitude 5420,LTP4ZEJXNAES1,2019-09-17,2019-10-19,2023-09-16,938.69,GTA011,BU002,Branch,E021758,In Use,SCCM,2026-05-31,2021-03-01,2027-06-01,4,1250,6.62,Warranty Expired,12.0,Expiring in 12 Months,0,1,0,0,1250,2,1,0,3,27.22,33.36,Medium,Accelerated,End User Computing / Branch
A0004447,LTP-004447,Laptop,HP,EliteBook 840 G8,LTPO2M84VSQTL,2020-09-22,2020-10-30,2023-09-22,892.0,ONR002,BU001,Corporate,E007363,In Use,Intune,2026-05-31,2021-01-01,2026-01-01,4,1300,5.59,Warranty Expired,-5.0,Past EOL,1,0,0,0,1300,1,1,0,2,8.71,47.44,Medium,Immediate,End User Computing / Branch
A0004448,LTP-004448,Laptop,HP,EliteBook 850 G9,LTPZTF46QV6QY,2022-02-15,2022-02-20,2027-02-14,1250.24,GTA076,BU003,Production,E013178,In Use,ServiceNow CMDB,2026-05-31,2022-05-01,2027-05-01,4,1500,4.28,Under Warranty,10.9,Expiring in 12 Months,0,1,0,0,1500,1,1,0,3,8.9,32.44,Medium,Accelerated,End User Computing / Branch
A0004463,LTP-004463,Laptop,Dell,Latitude 5420,LTPDLX7YBI5KM,2020-02-25,2020-03-18,2023-02-24,826.96,QUE019,BU002,Corporate,E010105,In Use,Network Discovery,2026-05-31,2021-03-01,2027-06-01,4,1250,6.21,Warranty Expired,12.0,Expiring in 12 Months,0,1,0,0,1250,1,1,0,6,38.13,39.91,Medium,Accelerated,End User Computing / Branch
A0004478,LTP-004478,Laptop,HP,EliteBook 850 G9,LTPUZJAXPB69H,2020-09-08,2020-10-11,2024-09-07,997.49,GTA022,BU001,Production,E007639,In Use,ServiceNow CMDB,2026-05-31,2022-05-01,2027-05-01,4,1500,5.64,Warranty Expired,10.9,Expiring in 12 Months,0,1,0,0,1500,2,2,0,2,6.22,38.31,Medium,Accelerated,End User Computing / Branch
A0004484,LTP-004484,Laptop,HP,EliteBook 840 G8,LTPF9VNUIDTWV,2020-08-07,2020-08-10,2023-08-07,1233.9,WST021,BU003,Branch,E003748,In Use,ServiceNow CMDB,2026-05-31,2021-01-01,2026-01-01,4,1300,5.81,Warranty Expired,-5.0,Past EOL,1,0,0,0,1300,3,1,1,2,9.86,51.49,Medium,Immediate,End User Computing / Branch
A0004503,LTP-004503,Laptop,Dell,Latitude 5420,LTPEUQCZH3A13,2023-01-06,2023-01-10,2026-01-05,1077.98,GTA077,BU002,Disaster Recovery,E012971,In Use,Intune,2026-05-31,2021-03-01,2027-06-01,4,1250,3.39,Warranty Expired,12.0,Expiring in 12 Months,0,1,0,0,1250,1,1,0,4,19.12,34.96,Medium,Accelerated,End User Computing / Branch
A0004516,LTP-004516,Laptop,HP,EliteBook 850 G9,LTPV8R6NL3JVF,2025-10-17,2025-10-28,2030-10-16,1327.24,ONR017,BU003,Production,E005478,In Use,ServiceNow CMDB,2026-05-31,2022-05-01,2027-05-01,4,1500,0.59,Under Warranty,10.9,Expiring in 12 Months,0,1,0,0,1500,2,1,1,8,43.66,48.18,Medium,Accelerated,End User Computing / Branch
A0004538,LTP-004538,Laptop,Lenovo,ThinkPad T14 Gen 3,LTPPV3SEKG4ZX,2020-05-21,2020-06-14,2025-05-20,1308.51,DR1001,BU001,Corporate,E018798,In Use,Network Discovery,2026-05-31,2022-04-01,2027-04-01,4,1450,5.97,Warranty Expired,10.0,Expiring in 12 Months,0,1,0,0,1450,1,1,0,3,23.49,33.17,Medium,Accelerated,End User Computing / Branch
A0004576,LTP-004576,Laptop,Dell,Latitude 5420,LTPLUXTK7RYL6,2018-05-19,2018-06-07,2021-05-18,917.71,GTA003,BU001,Branch,E009798,In Use,Network Discovery,2026-05-31,2021-03-01,2027-06-01,4,1250,7.99,Warranty Expired,12.0,Expiring in 12 Months,0,1,0,0,1250,1,1,0,3,25.64,33.28,Medium,Accelerated,End User Computing / Branch
A0004589,LTP-004589,Laptop,Lenovo,ThinkPad T14 Gen 3,LTPD6PPG8YB4C,2022-04-21,2022-05-03,2027-04-20,1278.78,ATL001,BU004,Corporate,E000265,In Use,Intune,2026-05-31,2022-04-01,2027-04-01,4,1450,4.08,Under Warranty,10.0,Expiring in 12 Months,0,1,0,0,1450,1,1,0,2,12.94,30.65,Medium,Accelerated,End User Computing / Branch
A0004631,LTP-004631,Laptop,HP,EliteBook 840 G8,LTPSA3DDRHXH4,2024-07-30,2024-08-30,2029-07-29,999.24,GTA042,BU001,Branch,E015844,In Use,SCCM,2026-05-31,2021-01-01,2026-01-01,4,1300,1.75,Under Warranty,-5.0,Past EOL,1,0,0,0,1300,2,0,2,9,62.56,64.13,High,Immediate,End User Computing / Branch
A0004682,LTP-004682,Laptop,HP,EliteBook 850 G9,LTP7JW64QXD37,2018-12-04,2019-01-16,2021-12-03,1085.15,GTA041,BU001,Branch,E011842,In Use,Network Discovery,2026-05-31,2022-05-01,2027-05-01,4,1500,7.38,Warranty Expired,10.9,Expiring in 12 Months,0,1,0,0,1500,1,1,0,4,33.56,35.68,Medium,Accelerated,End User Computing / Branch
A0004684,LTP-004684,Laptop,HP,EliteBook 850 G9,LTPYMMO1I4EIV,2023-01-25,2023-02-19,2027-01-24,1382.07,GTA005,BU001,Corporate,E017926,In Use,ServiceNow CMDB,2026-05-31,2022-05-01,2027-05-01,4,1500,3.28,Under Warranty,10.9,Expiring in 12 Months,0,1,0,0,1500,1,1,0,4,20.44,35.02,Medium,Accelerated,End User Computing / Branch
A0004685,LTP-004685,Laptop,Dell,Latitude 5420,LTPD83FY9Z7I2,2019-11-02,2019-11-10,2023-11-01,843.13,GTA018,BU002,Production,E001267,In Use,SCCM,2026-05-31,2021-03-01,2027-06-01,4,1250,6.56,Warranty Expired,12.0,Expiring in 12 Months,0,1,0,0,1250,1,1,0,5,19.99,37.0,Medium,Accelerated,End User Computing / Branch
A0004698,LTP-004698,Laptop,HP,EliteBook 840 G8,LTPR3GV8O97MC,2021-10-24,2021-12-07,2025-10-23,1137.07,GTA005,BU005,Production,E005325,In Use,Network Discovery,2026-05-31,2021-01-01,2026-01-01,4,1300,4.48,Warranty Expired,-5.0,Past EOL,1,0,0,0,1300,1,1,0,3,39.95,51.0,Medium,Immediate,End User Computing / Branch
A0004707,LTP-004707,Laptop,HP,EliteBook 850 G9,LTPR8MQZD42KM,2025-02-25,2025-02-28,2028-02-25,982.08,GTA023,BU004,Corporate,E020176,In Use,SCCM,2026-05-31,2022-05-01,2027-05-01,4,1500,1.26,Under Warranty,10.9,Expiring in 12 Months,0,1,0,0,1500,1,1,0,8,56.96,44.85,Medium,Accelerated,End User Computing / Branch
A0004724,LTP-004724,Laptop,HP,EliteBook 840 G8,LTPQFSZAEZDZ9,2019-09-05,2019-10-09,2022-09-04,932.63,GTA024,BU001,Branch,E012575,In Use,ServiceNow CMDB,2026-05-31,2021-01-01,2026-01-01,4,1300,6.65,Warranty Expired,-5.0,Past EOL,1,0,0,0,1300,2,1,1,5,39.13,58.96,High,Immediate,End User Computing / Branch
A0004732,LTP-004732,Laptop,HP,EliteBook 850 G9,LTPJWOQS94OQB,2021-05-15,2021-06-12,2024-05-14,1294.92,GTA016,BU009,Branch,E016805,In Use,SCCM,2026-05-31,2022-05-01,2027-05-01,4,1500,4.97,Warranty Expired,10.9,Expiring in 12 Months,0,1,0,0,1500,1,1,0,5,29.77,37.49,Medium,Accelerated,End User Computing / Branch
A0004737,LTP-004737,Laptop,HP,EliteBook 850 G9,LTP3W3SA7MSGC,2019-08-17,2019-08-28,2022-08-16,1272.37,GTA068,BU004,Production,E000086,In Stock,ServiceNow CMDB,2026-05-31,2022-05-01,2027-05-01,4,1500,6.76,Warranty Expired,10.9,Expiring in 12 Months,0,1,0,0,1500,2,1,0,7,60.97,43.05,Medium,Accelerated,End User Computing / Branch
A0004747,LTP-004747,Laptop,Lenovo,ThinkPad T14 Gen 3,LTPVE291V238C,2020-12-15,2021-01-26,2025-12-14,969.15,ATL013,BU001,Production,E019581,In Use,ServiceNow CMDB,2026-05-31,2022-04-01,2027-04-01,4,1450,5.35,Warranty Expired,10.0,Expiring in 12 Months,0,1,0,0,1450,1,1,0,5,34.03,37.7,Medium,Accelerated,End User Computing / Branch
A0004768,LTP-004768,Laptop,HP,EliteBook 840 G8,LTPZWVQ6NEJKV,2019-09-21,2019-10-31,2023-09-20,1126.91,ONR002,BU004,Corporate,E009313,In Use,SCCM,2026-05-31,2021-01-01,2026-01-01,4,1300,6.59,Warranty Expired,-5.0,Past EOL,1,0,0,0,1300,2,0,2,6,43.85,57.19,High,Immediate,End User Computing / Branch
A0004773,LTP-004773,Laptop,Lenovo,ThinkPad T14 Gen 3,LTPVHP59HF0CM,2021-10-08,2021-10-27,2024-10-07,1252.93,GTA006,BU001,Branch,E015263,In Use,ServiceNow CMDB,2026-05-31,2022-04-01,2027-04-01,4,1450,4.6,Warranty Expired,10.0,Expiring in 12 Months,0,1,0,0,1450,2,1,0,4,19.77,34.99,Medium,Accelerated,End User Computing / Branch
A0004815,LTP-004815,Laptop,Dell,Latitude 5420,LTPPTCT6TB8GM,2021-12-25,2021-12-29,2024-12-24,814.35,GTA046,BU009,Production,E014485,In Use,ServiceNow CMDB,2026-05-31,2021-03-01,2027-06-01,4,1250,4.42,Warranty Expired,12.0,Expiring in 12 Months,0,1,0,0,1250,2,2,0,4,23.96,43.2,Medium,Accelerated,End User Computing / Branch
A0004848,LTP-004848,Laptop,Dell,Latitude 5420,LTP2OS9WPHOGD,2018-04-15,2018-04-29,2021-04-14,1137.5,GTA079,BU002,Production,E014450,In Use,ServiceNow CMDB,2026-05-31,2021-03-01,2027-06-01,4,1250,8.09,Warranty Expired,12.0,Expiring in 12 Months,0,1,0,0,1250,1,1,0,4,21.35,35.07,Medium,Accelerated,End User Computing / Branch
A0004865,LTP-004865,Laptop,HP,EliteBook 840 G8,LTPH7IU2IEPW6,2022-05-10,2022-05-26,2025-05-09,936.77,GTA049,BU008,Branch,E013379,In Use,ServiceNow CMDB,2026-05-31,2021-01-01,2026-01-01,4,1300,4.02,Warranty Expired,-5.0,Past EOL,1,0,0,0,1300,2,1,1,5,35.1,58.76,High,Immediate,End User Computing / Branch
A0004906,LTP-004906,Laptop,Lenovo,ThinkPad T14 Gen 3,LTPLTPFIEKWO9,2024-05-09,2024-05-15,2028-05-08,1095.26,ONR012,BU009,Branch,E005569,In Use,Network Discovery,2026-05-31,2022-04-01,2027-04-01,4,1450,2.05,Under Warranty,10.0,Expiring in 12 Months,0,1,0,0,1450,2,1,0,2,11.71,30.59,Medium,Accelerated,End User Computing / Branch
A0004937,LTP-004937,Laptop,Lenovo,ThinkPad T14 Gen 3,LTPC81LYAIKAR,2018-12-03,2018-12-26,2021-12-02,1303.73,ATL005,BU003,Branch,E003642,In Use,ServiceNow CMDB,2026-05-31,2022-04-01,2027-04-01,4,1450,7.43,Warranty Expired,10.0,Expiring in 12 Months,0,1,0,0,1450,3,1,0,2,23.11,31.16,Medium,Accelerated,End User Computing / Branch
A0004952,LTP-004952,Laptop,HP,EliteBook 850 G9,LTP6RCW9OR6MG,2023-05-11,2023-06-04,2027-05-10,1126.16,QUE001,BU009,Production,E003478,In Use,Network Discovery,2026-05-31,2022-05-01,2027-05-01,4,1500,3.0,Under Warranty,10.9,Expiring in 12 Months,0,1,0,0,1500,2,1,0,3,7.15,32.36,Medium,Accelerated,End User Computing / Branch
A0004960,LTP-004960,Laptop,Lenovo,ThinkPad T14 Gen 3,LTPCQTHXRD05Q,2019-03-19,2019-04-06,2022-03-18,1011.17,GTA011,BU003,Branch,E002005,In Use,SCCM,2026-05-31,2022-04-01,2027-04-01,4,1450,7.16,Warranty Expired,10.0,Expiring in 12 Months,0,1,0,0,1450,1,1,0,6,65.14,41.26,Medium,Accelerated,End User Computing / Branch
A0004995,LTP-004995,Laptop,Lenovo,ThinkPad T14 Gen 3,LTPN8OUAGG1AU,2018-06-09,2018-07-15,2021-06-08,1134.97,GTA032,BU006,Production,E020749,In Use,SCCM,2026-05-31,2022-04-01,2027-04-01,4,1450,7.88,Warranty Expired,10.0,Expiring in 12 Months,0,1,0,0,1450,1,1,0,3,17.62,32.88,Medium,Accelerated,End User Computing / Branch
A0004998,LTP-004998,Laptop,Dell,Latitude 5420,LTP4YA8CMT7RI,2019-09-23,2019-10-20,2022-09-22,977.33,TOR005,BU007,Non-Production,E006411,In Use,Network Discovery,2026-05-31,2021-03-01,2027-06-01,4,1250,6.62,Warranty Expired,12.0,Expiring in 12 Months,0,1,0,0,1250,1,1,0,3,12.35,32.62,Medium,Accelerated,End User Computing / Branch
A0005101,LTP-005101,Laptop,HP,EliteBook 840 G8,LTPD0XOZEQ0PX,2020-09-07,2020-10-08,2025-09-06,1102.66,WST012,BU001,Branch,E000640,In Use,ServiceNow CMDB,2026-05-31,2021-01-01,2026-01-01,4,1300,5.65,Warranty Expired,-5.0,Past EOL,1,0,0,0,1300,3,1,0,2,5.2,47.26,Medium,Immediate,End User Computing / Branch
A0005129,LTP-005129,Laptop,Dell,Latitude 5420,LTP0I8AMQ9FDL,2023-12-04,2024-01-10,2026-12-03,1035.36,WST026,BU001,Corporate,E016247,In Use,SCCM,2026-05-31,2021-03-01,2027-06-01,4,1250,2.39,Under Warranty,12.0,Expiring in 12 Months,0,1,0,0,1250,3,0,2,6,44.48,40.22,Medium,Accelerated,End User Computing / Branch
A0005143,LTP-005143,Laptop,Dell,Latitude 5420,LTPBZM6YFTBLR,2018-06-28,2018-07-15,2021-06-27,929.98,QUE018,BU003,Corporate,E000687,In Use,ServiceNow CMDB,2026-05-31,2021-03-01,2027-06-01,4,1250,7.88,Warranty Expired,12.0,Expiring in 12 Months,0,1,0,0,1250,2,1,1,1,4.26,32.21,Medium,Accelerated,End User Computing / Branch
A0005148,LTP-005148,Laptop,Dell,Latitude 5420,LTPO0L5K7N2Q1,2019-06-30,2019-08-10,2023-06-29,1099.01,GTA019,BU006,Branch,E020186,In Use,ServiceNow CMDB,2026-05-31,2021-03-01,2027-06-01,4,1250,6.81,Warranty Expired,12.0,Expiring in 12 Months,0,1,0,0,1250,2,1,0,9,55.03,46.75,Medium,Accelerated,End User Computing / Branch
A0005159,LTP-005159,Laptop,Lenovo,ThinkPad T14 Gen 3,LTPC90226L05Y,2021-11-12,2021-12-25,2025-11-11,949.88,ATL006,BU001,Production,E021427,In Use,ServiceNow CMDB,2026-05-31,2022-04-01,2027-04-01,4,1450,4.44,Warranty Expired,10.0,Expiring in 12 Months,0,1,0,0,1450,3,1,0,5,25.08,37.25,Medium,Accelerated,End User Computing / Branch
A0005166,LTP-005166,Laptop,HP,EliteBook 850 G9,LTPR01G345E4J,2024-08-27,2024-09-20,2027-08-27,1195.37,GTA014,BU009,Branch,E007825,In Use,Intune,2026-05-31,2022-05-01,2027-05-01,4,1500,1.7,Under Warranty,10.9,Expiring in 12 Months,0,1,0,0,1500,1,1,0,7,47.82,42.39,Medium,Accelerated,End User Computing / Branch
A0005190,LTP-005190,Laptop,Dell,Latitude 5420,LTPG4BV2MGAZ8,2021-07-06,2021-08-15,2024-07-05,839.48,GTA068,BU005,Corporate,E014980,In Use,ServiceNow CMDB,2026-05-31,2021-03-01,2027-06-01,4,1250,4.8,Warranty Expired,12.0,Expiring in 12 Months,0,1,0,0,1250,2,1,1,3,23.46,37.17,Medium,Accelerated,End User Computing / Branch
A0005215,LTP-005215,Laptop,Dell,Latitude 5420,LTPOOIFSZNM5Z,2023-04-04,2023-04-18,2026-04-03,1173.88,GTA060,BU002,Branch,E008687,In Use,ServiceNow CMDB,2026-05-31,2021-03-01,2027-06-01,4,1250,3.12,Warranty Expired,12.0,Expiring in 12 Months,0,1,0,0,1250,1,1,0,7,59.17,42.96,Medium,Accelerated,End User Computing / Branch
A0005240,LTP-005240,Laptop,HP,EliteBook 850 G9,LTPNWHPR3YATD,2024-04-26,2024-05-25,2027-04-26,1057.42,GTA019,BU008,Production,E018758,In Use,ServiceNow CMDB,2026-05-31,2022-05-01,2027-05-01,4,1500,2.02,Under Warranty,10.9,Expiring in 12 Months,0,1,0,0,1500,2,1,0,3,14.09,32.7,Medium,Accelerated,End User Computing / Branch
A0005245,LTP-005245,Laptop,HP,EliteBook 840 G8,LTPTGV7MB3MT0,2020-07-13,2020-07-20,2025-07-12,872.64,GTA044,BU001,Production,E000828,In Use,SCCM,2026-05-31,2021-01-01,2026-01-01,4,1300,5.87,Warranty Expired,-5.0,Past EOL,1,0,0,0,1300,3,2,0,4,28.92,60.45,High,Immediate,End User Computing / Branch
A0005264,LTP-005264,Laptop,HP,EliteBook 850 G9,LTPLZ7UF8WYA0,2019-08-03,2019-09-10,2022-08-02,1385.94,ONR005,BU010,Non-Production,E002617,In Use,ServiceNow CMDB,2026-05-31,2022-05-01,2027-05-01,4,1500,6.73,Warranty Expired,10.9,Expiring in 12 Months,0,1,0,0,1500,1,1,0,9,64.25,47.21,Medium,Accelerated,End User Computing / Branch
A0005289,LTP-005289,Laptop,Dell,Latitude 5420,LTPABEENSBHWM,2022-04-01,2022-04-06,2026-03-31,1186.55,GTA022,BU001,Branch,E012656,In Use,ServiceNow CMDB,2026-05-31,2021-03-01,2027-06-01,4,1250,4.16,Warranty Expired,12.0,Expiring in 12 Months,0,1,0,0,1250,2,0,2,3,29.36,33.47,Medium,Accelerated,End User Computing / Branch
A0005301,LTP-005301,Laptop,HP,EliteBook 850 G9,LTPYY7XCS2PKO,2019-02-09,2019-03-08,2023-02-08,1379.22,GTA016,BU007,Corporate,E001836,In Use,Intune,2026-05-31,2022-05-01,2027-05-01,4,1500,7.24,Warranty Expired,10.9,Expiring in 12 Months,0,1,0,0,1500,3,2,0,1,0.78,36.04,Medium,Accelerated,End User Computing / Branch
A0005315,LTP-005315,Laptop,HP,EliteBook 840 G8,LTPUTF3ONB0VB,2021-12-18,2022-01-13,2025-12-17,1106.18,WST015,BU005,Branch,E003327,In Use,ServiceNow CMDB,2026-05-31,2021-01-01,2026-01-01,4,1300,4.38,Warranty Expired,-5.0,Past EOL,1,0,0,0,1300,1,1,0,5,36.98,54.85,Medium,Immediate,End User Computing / Branch
A0005370,LTP-005370,Laptop,HP,EliteBook 850 G9,LTPB1YIKBBLGK,2018-08-31,2018-10-14,2023-08-30,1370.43,GTA078,BU004,Branch,E019703,In Use,ServiceNow CMDB,2026-05-31,2022-05-01,2027-05-01,4,1500,7.63,Warranty Expired,10.9,Expiring in 12 Months,0,1,0,0,1500,1,1,0,3,19.04,32.95,Medium,Accelerated,End User Computing / Branch
A0005405,LTP-005405,Laptop,Lenovo,ThinkPad T14 Gen 3,LTPBH9S32E32H,2023-04-16,2023-05-02,2027-04-15,960.7,ONR014,BU001,Production,E001609,In Use,Network Discovery,2026-05-31,2022-04-01,2027-04-01,4,1450,3.09,Under Warranty,10.0,Expiring in 12 Months,0,1,0,0,1450,2,1,1,5,35.75,41.79,Medium,Accelerated,End User Computing / Branch
A0005439,LTP-005439,Laptop,Dell,Latitude 5420,LTPY4IM0453NJ,2019-06-05,2019-07-08,2022-06-04,972.52,GTA071,BU004,Corporate,E003919,In Use,ServiceNow CMDB,2026-05-31,2021-03-01,2027-06-01,4,1250,6.9,Warranty Expired,12.0,Expiring in 12 Months,0,1,0,0,1250,2,1,0,4,24.22,35.21,Medium,Accelerated,End User Computing / Branch
A0005471,LTP-005471,Laptop,Dell,Latitude 5420,LTP8LDPFXLT3T,2019-10-18,2019-11-11,2023-10-17,887.2,GTA006,BU002,Branch,E006957,In Use,ServiceNow CMDB,2026-05-31,2021-03-01,2027-06-01,4,1250,6.56,Warranty Expired,12.0,Expiring in 12 Months,0,1,0,0,1250,1,1,0,3,26.28,33.31,Medium,Accelerated,End User Computing / Branch
A0005508,LTP-005508,Laptop,Lenovo,ThinkPad T14 Gen 3,LTPT6OKWN2YOG,2022-04-23,2022-05-14,2025-04-22,1215.5,GTA060,BU007,Production,E021697,In Use,ServiceNow CMDB,2026-05-31,2022-04-01,2027-04-01,4,1450,4.05,Warranty Expired,10.0,Expiring in 12 Months,0,1,0,0,1450,1,1,0,3,10.37,32.52,Medium,Accelerated,End User Computing / Branch
A0005545,LTP-005545,Laptop,Dell,Latitude 5420,LTPK2V93S6XBV,2021-09-04,2021-09-27,2026-09-03,888.18,GTA025,BU001,Production,E012607,In Use,SCCM,2026-05-31,2021-03-01,2027-06-01,4,1250,4.68,Under Warranty,12.0,Expiring in 12 Months,0,1,0,0,1250,2,1,1,3,10.5,36.52,Medium,Accelerated,End User Computing / Branch
A0005579,LTP-005579,Laptop,Dell,Latitude 5420,LTP3HYJY6G2C7,2020-01-08,2020-01-10,2023-01-07,963.13,GTA006,BU002,Branch,E020680,In Use,ServiceNow CMDB,2026-05-31,2021-03-01,2027-06-01,4,1250,6.39,Warranty Expired,12.0,Expiring in 12 Months,0,1,0,0,1250,2,1,1,1,5.18,32.26,Medium,Accelerated,End User Computing / Branch
A0005613,LTP-005613,Laptop,Lenovo,ThinkPad T14 Gen 3,LTPTL8FGUZW64,2019-10-09,2019-10-15,2022-10-08,1071.93,QUE021,BU005,Branch,E008974,In Use,ServiceNow CMDB,2026-05-31,2022-04-01,2027-04-01,4,1450,6.63,Warranty Expired,10.0,Expiring in 12 Months,0,1,0,0,1450,2,1,0,4,37.35,35.87,Medium,Accelerated,End User Computing / Branch
A0005619,LTP-005619,Laptop,Dell,Latitude 5420,LTPY7Z3PSL2JI,2020-03-04,2020-03-12,2025-03-03,877.75,WST021,BU009,Production,E010995,In Use,Intune,2026-05-31,2021-03-01,2027-06-01,4,1250,6.22,Warranty Expired,12.0,Expiring in 12 Months,0,1,0,0,1250,1,1,0,4,42.23,36.11,Medium,Accelerated,End User Computing / Branch
A0005631,LTP-005631,Laptop,Dell,Latitude 5420,LTPT7JN3VRCB2,2023-07-15,2023-08-23,2026-07-14,1014.63,WST004,BU002,Production,E011583,In Use,ServiceNow CMDB,2026-05-31,2021-03-01,2027-06-01,4,1250,2.78,Under Warranty,12.0,Expiring in 12 Months,0,1,0,0,1250,1,1,0,7,45.72,42.29,Medium,Accelerated,End User Computing / Branch
A0005635,LTP-005635,Laptop,Dell,Latitude 5420,LTPGTFZ7IZLXX,2022-03-21,2022-03-27,2025-03-20,1000.06,GTA063,BU002,Disaster Recovery,E008304,In Use,ServiceNow CMDB,2026-05-31,2021-03-01,2027-06-01,4,1250,4.18,Warranty Expired,12.0,Expiring in 12 Months,0,1,0,0,1250,3,0,2,7,55.85,42.79,Medium,Accelerated,End User Computing / Branch
A0005636,LTP-005636,Laptop,Lenovo,ThinkPad T14 Gen 3,LTP7EB9C9RK4B,2025-05-08,2025-05-12,2029-05-07,1332.11,WST029,BU001,Corporate,E015154,In Use,ServiceNow CMDB,2026-05-31,2022-04-01,2027-04-01,4,1450,1.06,Under Warranty,10.0,Expiring in 12 Months,0,1,0,0,1450,2,1,0,4,18.48,34.92,Medium,Accelerated,End User Computing / Branch
A0005638,LTP-005638,Laptop,Dell,Latitude 5420,LTPUIB12ZA0K0,2024-05-23,2024-06-27,2028-05-22,1120.9,WST025,BU003,Corporate,E016988,In Use,Network Discovery,2026-05-31,2021-03-01,2027-06-01,4,1250,1.93,Under Warranty,12.0,Expiring in 12 Months,0,1,0,0,1250,1,1,0,3,29.06,33.45,Medium,Accelerated,End User Computing / Branch
A0005664,LTP-005664,Laptop,HP,EliteBook 850 G9,LTPGIU257L7B1,2019-07-11,2019-07-12,2022-07-10,1338.64,WST024,BU003,Branch,E001923,In Use,ServiceNow CMDB,2026-05-31,2022-05-01,2027-05-01,4,1500,6.89,Warranty Expired,10.9,Expiring in 12 Months,0,1,0,0,1500,1,1,0,5,32.97,37.65,Medium,Accelerated,End User Computing / Branch
A0005698,LTP-005698,Laptop,HP,EliteBook 850 G9,LTPBEWEYD9B2Q,2019-05-18,2019-06-14,2022-05-17,1329.06,GTA066,BU002,Branch,E008693,In Use,SCCM,2026-05-31,2022-05-01,2027-05-01,4,1500,6.97,Warranty Expired,10.9,Expiring in 12 Months,0,1,0,0,1500,1,1,0,0,0.0,26.0,Low,Accelerated,End User Computing / Branch
A0005707,LTP-005707,Laptop,HP,EliteBook 840 G8,LTPNZL3V0IE1H,2021-06-19,2021-07-04,2025-06-18,994.46,WST027,BU001,Branch,E021790,In Use,ServiceNow CMDB,2026-05-31,2021-01-01,2026-01-01,4,1300,4.91,Warranty Expired,-5.0,Past EOL,1,0,0,0,1300,1,1,0,1,11.24,45.56,Medium,Immediate,End User Computing / Branch
A0005709,LTP-005709,Laptop,Dell,Latitude 5420,LTPN8TMQ1IERT,2020-04-05,2020-05-09,2025-04-04,909.78,GTA070,BU001,Branch,E010171,In Use,ServiceNow CMDB,2026-05-31,2021-03-01,2027-06-01,4,1250,6.06,Warranty Expired,12.0,Expiring in 12 Months,0,1,0,0,1250,1,1,0,2,15.06,30.75,Medium,Accelerated,End User Computing / Branch
A0005717,LTP-005717,Laptop,Lenovo,ThinkPad T14 Gen 3,LTPV30U7J1CK4,2018-09-05,2018-09-28,2022-09-04,1149.5,GTA060,BU002,Branch,E009347,In Use,ServiceNow CMDB,2026-05-31,2022-04-01,2027-04-01,4,1450,7.68,Warranty Expired,10.0,Expiring in 12 Months,0,1,0,0,1450,1,1,0,1,6.13,28.31,Low,Accelerated,End User Computing / Branch
A0005724,LTP-005724,Laptop,HP,EliteBook 840 G8,LTPVK2IYSWGX5,2021-02-05,2021-03-05,2025-02-04,1077.36,WST003,BU003,Production,E005897,In Use,ServiceNow CMDB,2026-05-31,2021-01-01,2026-01-01,4,1300,5.24,Warranty Expired,-5.0,Past EOL,1,0,0,0,1300,1,1,0,4,26.71,52.34,Medium,Immediate,End User Computing / Branch
A0005734,LTP-005734,Laptop,HP,EliteBook 840 G8,LTPZ3SBMEWKKB,2023-11-16,2023-12-05,2027-11-15,1165.77,WST012,BU010,Corporate,E011530,In Use,ServiceNow CMDB,2026-05-31,2021-01-01,2026-01-01,4,1300,2.49,Under Warranty,-5.0,Past EOL,1,0,0,0,1300,2,1,1,3,23.72,54.19,Medium,Immediate,End User Computing / Branch
A0005745,LTP-005745,Laptop,HP,EliteBook 850 G9,LTP1Q77I85K7R,2020-05-18,2020-06-09,2024-05-17,1145.3,GTA049,BU001,Branch,E004535,In Use,ServiceNow CMDB,2026-05-31,2022-05-01,2027-05-01,4,1500,5.98,Warranty Expired,10.9,Expiring in 12 Months,0,1,0,0,1500,1,1,0,5,26.36,37.32,Medium,Accelerated,End User Computing / Branch
A0005760,LTP-005760,Laptop,Dell,Latitude 5420,LTPROMLBLHWGA,2025-01-04,2025-01-23,2030-01-03,947.61,GTA074,BU007,Production,E008671,In Use,ServiceNow CMDB,2026-05-31,2021-03-01,2027-06-01,4,1250,1.36,Under Warranty,12.0,Expiring in 12 Months,0,1,0,0,1250,1,1,0,5,31.11,37.56,Medium,Accelerated,End User Computing / Branch
A0005794,LTP-005794,Laptop,HP,EliteBook 840 G8,LTP982XDUS0U8,2018-12-26,2019-01-04,2023-12-25,948.48,QUE015,BU008,Branch,E014393,In Use,ServiceNow CMDB,2026-05-31,2021-01-01,2026-01-01,4,1300,7.41,Warranty Expired,-5.0,Past EOL,1,0,0,0,1300,1,1,0,4,27.35,52.37,Medium,Immediate,End User Computing / Branch
A0005827,LTP-005827,Laptop,HP,EliteBook 840 G8,LTPVUYK6UWQ5D,2023-04-03,2023-04-27,2028-04-01,1042.9,GTA030,BU001,Branch,E015285,In Stock,Intune,2026-05-31,2021-01-01,2026-01-01,4,1300,3.1,Under Warranty,-5.0,Past EOL,1,0,0,0,1300,2,1,0,4,11.9,51.6,Medium,Immediate,End User Computing / Branch
A0005862,LTP-005862,Laptop,Dell,Latitude 5420,LTPAG7K88PSK3,2019-02-19,2019-03-19,2023-02-18,1165.52,ATL001,BU001,Production,E015873,In Use,SCCM,2026-05-31,2021-03-01,2027-06-01,4,1250,7.21,Warranty Expired,12.0,Expiring in 12 Months,0,1,0,0,1250,1,1,0,4,22.09,35.1,Medium,Accelerated,End User Computing / Branch
A0005864,LTP-005864,Laptop,HP,EliteBook 840 G8,LTP7XR1OE3YE0,2024-12-28,2025-01-26,2028-12-27,847.73,GTA038,BU001,Branch,E010636,In Stock,Intune,2026-05-31,2021-01-01,2026-01-01,4,1300,1.35,Under Warranty,-5.0,Past EOL,1,0,0,0,1300,3,1,1,1,1.98,49.1,Medium,Immediate,End User Computing / Branch
A0005885,LTP-005885,Laptop,Lenovo,ThinkPad T14 Gen 3,LTP09JC8KXRVU,2018-02-28,2018-04-14,2023-02-27,1153.73,WST027,BU004,Disaster Recovery,E005494,Retired Pending Disposal,ServiceNow CMDB,2026-05-31,2022-04-01,2027-04-01,4,1450,8.13,Warranty Expired,10.0,Expiring in 12 Months,0,1,0,0,1450,2,1,0,6,39.18,39.96,Medium,Accelerated,End User Computing / Branch
A0005886,LTP-005886,Laptop,Dell,Latitude 5420,LTPU2YJ390ZVH,2021-02-10,2021-03-19,2024-02-10,1048.88,GTA044,BU006,Non-Production,E006405,In Use,ServiceNow CMDB,2026-05-31,2021-03-01,2027-06-01,4,1250,5.2,Warranty Expired,12.0,Expiring in 12 Months,0,1,0,0,1250,2,1,0,6,45.73,40.29,Medium,Accelerated,End User Computing / Branch
A0005901,LTP-005901,Laptop,Dell,Latitude 5420,LTPMSDE4IMTUC,2021-09-11,2021-10-07,2026-09-10,877.89,ONR003,BU007,Production,E007144,In Use,ServiceNow CMDB,2026-05-31,2021-03-01,2027-06-01,4,1250,4.65,Under Warranty,12.0,Expiring in 12 Months,0,1,0,0,1250,2,1,0,3,22.98,33.15,Medium,Accelerated,End User Computing / Branch
A0005913,LTP-005913,Laptop,HP,EliteBook 850 G9,LTPFSXOVTV3Y0,2020-11-01,2020-11-03,2023-11-01,1193.47,ONR020,BU001,Corporate,E007289,In Repair,Intune,2026-05-31,2022-05-01,2027-05-01,4,1500,5.58,Warranty Expired,10.9,Expiring in 12 Months,0,1,0,0,1500,3,1,1,2,22.11,35.11,Medium,Accelerated,End User Computing / Branch
A0005920,LTP-005920,Laptop,HP,EliteBook 840 G8,LTPNI8GKRU3YD,2022-01-22,2022-02-25,2027-01-21,1206.93,GTA025,BU001,Branch,E021376,In Use,ServiceNow CMDB,2026-05-31,2021-01-01,2026-01-01,4,1300,4.27,Under Warranty,-5.0,Past EOL,1,0,0,0,1300,2,1,1,7,69.89,64.49,High,Immediate,End User Computing / Branch
A0005925,LTP-005925,Laptop,Dell,Latitude 5420,LTPC0Y2Z4OMNZ,2020-10-16,2020-11-01,2023-10-16,1008.56,QUE010,BU001,Corporate,E010948,In Use,ServiceNow CMDB,2026-05-31,2021-03-01,2027-06-01,4,1250,5.58,Warranty Expired,12.0,Expiring in 12 Months,0,1,0,0,1250,2,1,0,2,15.56,30.78,Medium,Accelerated,End User Computing / Branch
A0005927,LTP-005927,Laptop,Dell,Latitude 5420,LTP1ET77QEVPN,2024-08-21,2024-09-07,2029-08-20,823.55,WST001,BU001,Production,E021437,In Use,ServiceNow CMDB,2026-05-31,2021-03-01,2027-06-01,4,1250,1.73,Under Warranty,12.0,Expiring in 12 Months,0,1,0,0,1250,1,1,0,2,23.61,31.18,Medium,Accelerated,End User Computing / Branch
A0005942,LTP-005942,Laptop,HP,EliteBook 850 G9,LTPM1V2EQNDCW,2018-06-07,2018-07-09,2022-06-06,1132.16,GTA012,BU003,Production,E014476,In Use,Intune,2026-05-31,2022-05-01,2027-05-01,4,1500,7.9,Warranty Expired,10.9,Expiring in 12 Months,0,1,0,0,1500,2,0,2,3,23.75,33.19,Medium,Accelerated,End User Computing / Branch
A0005997,LTP-005997,Laptop,Dell,Latitude 5420,LTPX3G5A6P09N,2022-02-19,2022-04-05,2026-02-18,1121.01,GTA038,BU009,Disaster Recovery,E019783,In Use,Intune,2026-05-31,2021-03-01,2027-06-01,4,1250,4.16,Warranty Expired,12.0,Expiring in 12 Months,0,1,0,0,1250,1,1,0,2,8.28,30.41,Medium,Accelerated,End User Computing / Branch
A0006018,LTP-006018,Laptop,HP,EliteBook 840 G8,LTPT8957G86H1,2022-10-30,2022-11-30,2025-10-29,1158.22,GTA014,BU001,Production,E005883,In Use,SCCM,2026-05-31,2021-01-01,2026-01-01,4,1300,3.5,Warranty Expired,-5.0,Past EOL,1,0,0,0,1300,5,1,0,4,41.33,53.07,Medium,Immediate,End User Computing / Branch
A0006043,LTP-006043,Laptop,HP,EliteBook 840 G8,LTPMKSXI0T2QY,2018-02-18,2018-02-27,2021-02-17,1092.64,QUE003,BU003,Production,E000352,In Use,ServiceNow CMDB,2026-05-31,2021-01-01,2026-01-01,4,1300,8.26,Warranty Expired,-5.0,Past EOL,1,0,0,0,1300,1,1,0,6,34.42,56.72,High,Immediate,End User Computing / Branch
A0006044,LTP-006044,Laptop,Lenovo,ThinkPad T14 Gen 3,LTP1HPO4OE43J,2022-02-06,2022-02-11,2027-02-05,1156.43,GTA063,BU001,Production,E008860,In Use,ServiceNow CMDB,2026-05-31,2022-04-01,2027-04-01,4,1450,4.3,Under Warranty,10.0,Expiring in 12 Months,0,1,0,0,1450,1,1,0,5,43.25,38.16,Medium,Accelerated,End User Computing / Branch
A0006068,LTP-006068,Laptop,Lenovo,ThinkPad T14 Gen 3,LTPH8QJFV72QX,2018-10-04,2018-11-01,2021-10-03,1155.8,ATL001,BU004,Production,E015396,In Use,ServiceNow CMDB,2026-05-31,2022-04-01,2027-04-01,4,1450,7.58,Warranty Expired,10.0,Expiring in 12 Months,0,1,0,0,1450,3,0,2,5,20.14,37.01,Medium,Accelerated,End User Computing / Branch
A0006074,LTP-006074,Laptop,Dell,Latitude 5420,LTPGIIGQKE59A,2024-10-01,2024-10-05,2027-10-01,999.41,TOR001,BU001,Branch,E012695,In Use,ServiceNow CMDB,2026-05-31,2021-03-01,2027-06-01,4,1250,1.66,Under Warranty,12.0,Expiring in 12 Months,0,1,0,0,1250,1,1,0,3,27.6,33.38,Medium,Accelerated,End User Computing / Branch
A0006112,LTP-006112,Laptop,Lenovo,ThinkPad T14 Gen 3,LTPDX9BUVO2RP,2024-05-19,2024-06-11,2027-05-19,1357.9,GTA075,BU010,Branch,E008666,Retired Pending Disposal,SCCM,2026-05-31,2022-04-01,2027-04-01,4,1450,1.97,Under Warranty,10.0,Expiring in 12 Months,0,1,0,0,1450,1,1,0,3,19.34,32.97,Medium,Accelerated,End User Computing / Branch
A0006123,LTP-006123,Laptop,HP,EliteBook 840 G8,LTPNUJ9VPUXKL,2022-06-09,2022-06-26,2025-06-08,1033.93,WST012,BU004,Production,E011225,In Use,SCCM,2026-05-31,2021-01-01,2026-01-01,4,1300,3.93,Warranty Expired,-5.0,Past EOL,1,0,0,0,1300,2,1,0,5,50.52,55.53,High,Immediate,End User Computing / Branch
A0006136,LTP-006136,Laptop,HP,EliteBook 840 G8,LTPMI34MBB27N,2020-04-29,2020-05-15,2023-04-29,885.89,ATL008,BU002,Branch,E002795,In Use,ServiceNow CMDB,2026-05-31,2021-01-01,2026-01-01,4,1300,6.05,Warranty Expired,-5.0,Past EOL,1,0,0,0,1300,2,0,2,5,32.1,54.6,Medium,Immediate,End User Computing / Branch
A0006151,LTP-006151,Laptop,Lenovo,ThinkPad T14 Gen 3,LTPMPNF8SQOKV,2018-08-24,2018-09-06,2021-08-23,965.37,ONR006,BU001,Branch,E008602,In Use,ServiceNow CMDB,2026-05-31,2022-04-01,2027-04-01,4,1450,7.74,Warranty Expired,10.0,Expiring in 12 Months,0,1,0,0,1450,1,1,0,10,65.66,49.28,Medium,Accelerated,End User Computing / Branch
A0006181,LTP-006181,Laptop,HP,EliteBook 840 G8,LTPM2508S35BY,2022-02-04,2022-03-12,2026-02-03,972.0,ONR004,BU005,Corporate,E010472,In Use,SCCM,2026-05-31,2021-01-01,2026-01-01,4,1300,4.22,Warranty Expired,-5.0,Past EOL,1,0,0,0,1300,2,1,0,4,31.51,52.58,Medium,Immediate,End User Computing / Branch
A0006192,LTP-006192,Laptop,HP,EliteBook 850 G9,LTPYQI1ZQ5QKU,2020-12-05,2020-12-15,2024-12-04,1302.97,ATL002,BU002,Branch,E002163,In Use,ServiceNow CMDB,2026-05-31,2022-05-01,2027-05-01,4,1500,5.46,Warranty Expired,10.9,Expiring in 12 Months,0,1,0,0,1500,2,1,0,4,51.8,36.59,Medium,Accelerated,End User Computing / Branch
A0006204,LTP-006204,Laptop,Dell,Latitude 5420,LTPMGC6E0KVGL,2020-04-16,2020-05-24,2025-04-15,1180.29,GTA019,BU004,Corporate,E016365,In Use,SCCM,2026-05-31,2021-03-01,2027-06-01,4,1250,6.02,Warranty Expired,12.0,Expiring in 12 Months,0,1,0,0,1250,2,1,1,4,15.28,38.76,Medium,Accelerated,End User Computing / Branch
A0006213,LTP-006213,Laptop,HP,EliteBook 850 G9,LTPOAMZ6W52AW,2020-04-21,2020-05-17,2023-04-21,1034.24,GTA001,BU004,Corporate,E016955,In Use,ServiceNow CMDB,2026-05-31,2022-05-01,2027-05-01,4,1500,6.04,Warranty Expired,10.9,Expiring in 12 Months,0,1,0,0,1500,2,1,0,4,28.44,35.42,Medium,Accelerated,End User Computing / Branch
A0006227,LTP-006227,Laptop,HP,EliteBook 850 G9,LTP3HLLJQNDQ1,2020-10-06,2020-10-16,2023-10-06,1069.6,ATL005,BU006,Production,E007979,In Use,SCCM,2026-05-31,2022-05-01,2027-05-01,4,1500,5.63,Warranty Expired,10.9,Expiring in 12 Months,0,1,0,0,1500,2,1,0,2,13.53,30.68,Medium,Accelerated,End User Computing / Branch
A0006236,LTP-006236,Laptop,HP,EliteBook 850 G9,LTPDQWNM2KIS7,2023-12-10,2024-01-04,2026-12-09,1368.05,ATL003,BU009,Branch,E020056,In Use,SCCM,2026-05-31,2022-05-01,2027-05-01,4,1500,2.41,Under Warranty,10.9,Expiring in 12 Months,0,1,0,0,1500,2,1,1,2,11.92,34.6,Medium,Accelerated,End User Computing / Branch
A0006253,LTP-006253,Laptop,Dell,Latitude 5420,LTPVJ5LK20N6Y,2023-08-20,2023-09-27,2026-08-19,1100.68,ONR016,BU001,Corporate,E002036,In Use,Network Discovery,2026-05-31,2021-03-01,2027-06-01,4,1250,2.68,Under Warranty,12.0,Expiring in 12 Months,0,1,0,0,1250,1,1,0,6,24.83,39.24,Medium,Accelerated,End User Computing / Branch
A0006282,LTP-006282,Laptop,Lenovo,ThinkPad T14 Gen 3,LTPQG9MTFLADO,2018-08-14,2018-09-07,2021-08-13,1010.0,ATL008,BU001,Production,E019931,In Use,ServiceNow CMDB,2026-05-31,2022-04-01,2027-04-01,4,1450,7.73,Warranty Expired,10.0,Expiring in 12 Months,0,1,0,0,1450,2,0,2,3,26.41,33.32,Medium,Accelerated,End User Computing / Branch
A0006298,LTP-006298,Laptop,Dell,Latitude 5420,LTPO1DT7QJ1ZG,2019-11-04,2019-12-01,2022-11-03,1033.1,ATL003,BU002,Branch,E004420,In Use,ServiceNow CMDB,2026-05-31,2021-03-01,2027-06-01,4,1250,6.5,Warranty Expired,12.0,Expiring in 12 Months,0,1,0,0,1250,2,0,2,2,9.14,30.46,Medium,Accelerated,End User Computing / Branch
A0006319,LTP-006319,Laptop,Dell,Latitude 5420,LTP8A9P9TYX9L,2022-12-24,2022-12-29,2027-12-23,1021.24,GTA015,BU002,Production,E016776,In Use,Network Discovery,2026-05-31,2021-03-01,2027-06-01,4,1250,3.43,Under Warranty,12.0,Expiring in 12 Months,0,1,0,0,1250,1,1,0,2,22.88,31.14,Medium,Accelerated,End User Computing / Branch
A0006331,LTP-006331,Laptop,Lenovo,ThinkPad T14 Gen 3,LTPINUYOA2KWU,2022-02-04,2022-03-01,2025-02-03,993.72,QUE016,BU001,Branch,E004812,In Use,ServiceNow CMDB,2026-05-31,2022-04-01,2027-04-01,4,1450,4.25,Warranty Expired,10.0,Expiring in 12 Months,0,1,0,0,1450,1,1,0,3,14.31,32.72,Medium,Accelerated,End User Computing / Branch
A0006415,LTP-006415,Laptop,Lenovo,ThinkPad T14 Gen 3,LTPMGAKX3K314,2019-07-04,2019-08-14,2022-07-03,1352.47,ONR011,BU004,Production,E001954,In Use,SCCM,2026-05-31,2022-04-01,2027-04-01,4,1450,6.8,Warranty Expired,10.0,Expiring in 12 Months,0,1,0,0,1450,2,0,2,4,12.62,34.63,Medium,Accelerated,End User Computing / Branch
A0006443,LTP-006443,Laptop,HP,EliteBook 840 G8,LTPO63WU4V1SN,2020-07-23,2020-08-29,2024-07-22,1222.85,GTA077,BU009,Production,E007939,In Use,Intune,2026-05-31,2021-01-01,2026-01-01,4,1300,5.76,Warranty Expired,-5.0,Past EOL,1,0,0,0,1300,1,1,0,5,33.52,54.68,Medium,Immediate,End User Computing / Branch
A0006445,LTP-006445,Laptop,Dell,Latitude 5420,LTPSLMYTEECXW,2022-02-05,2022-03-12,2025-02-04,837.46,ATL002,BU003,Production,E020529,In Use,ServiceNow CMDB,2026-05-31,2021-03-01,2027-06-01,4,1250,4.22,Warranty Expired,12.0,Expiring in 12 Months,0,1,0,0,1250,1,1,0,2,10.81,30.54,Medium,Accelerated,End User Computing / Branch
A0006462,LTP-006462,Laptop,HP,EliteBook 850 G9,LTPPMAFRPAAQ0,2023-09-18,2023-09-21,2026-09-17,1101.07,WST029,BU001,Production,E016989,In Use,ServiceNow CMDB,2026-05-31,2022-05-01,2027-05-01,4,1500,2.7,Under Warranty,10.9,Expiring in 12 Months,0,1,0,0,1500,1,1,0,5,32.22,37.61,Medium,Accelerated,End User Computing / Branch
A0006467,LTP-006467,Laptop,Dell,Latitude 5420,LTP6WC1CZTWRJ,2023-01-30,2023-02-18,2026-01-29,1004.9,QUE013,BU004,Corporate,E001755,In Use,Network Discovery,2026-05-31,2021-03-01,2027-06-01,4,1250,3.29,Warranty Expired,12.0,Expiring in 12 Months,0,1,0,0,1250,2,1,0,2,19.11,30.96,Medium,Accelerated,End User Computing / Branch
A0006471,LTP-006471,Laptop,HP,EliteBook 840 G8,LTPJ3Q2IP7RS6,2020-06-30,2020-07-12,2024-06-29,955.41,QUE014,BU003,Corporate,E014656,In Use,ServiceNow CMDB,2026-05-31,2021-01-01,2026-01-01,4,1300,5.89,Warranty Expired,-5.0,Past EOL,1,0,0,0,1300,2,0,2,5,23.88,54.19,Medium,Immediate,End User Computing / Branch
A0006490,LTP-006490,Laptop,HP,EliteBook 850 G9,LTPHNI17SN43G,2023-11-23,2023-12-31,2026-11-22,1088.59,GTA013,BU002,Branch,E006847,In Use,SCCM,2026-05-31,2022-05-01,2027-05-01,4,1500,2.42,Under Warranty,10.9,Expiring in 12 Months,0,1,0,0,1500,3,1,1,8,28.48,47.42,Medium,Accelerated,End User Computing / Branch
A0006530,LTP-006530,Laptop,HP,EliteBook 840 G8,LTPJH1U84PJCA,2022-04-06,2022-04-16,2025-04-05,1132.19,WST023,BU001,Production,E001345,In Use,SCCM,2026-05-31,2021-01-01,2026-01-01,4,1300,4.13,Warranty Expired,-5.0,Past EOL,1,0,0,0,1300,3,1,0,3,14.12,49.71,Medium,Immediate,End User Computing / Branch
A0006571,LTP-006571,Laptop,HP,EliteBook 840 G8,LTP5QTUEYU4N3,2022-01-23,2022-02-24,2025-01-22,1095.12,GTA078,BU002,Production,E004937,In Use,SCCM,2026-05-31,2021-01-01,2026-01-01,4,1300,4.27,Warranty Expired,-5.0,Past EOL,1,0,0,0,1300,2,1,0,3,23.0,50.15,Medium,Immediate,End User Computing / Branch
A0006622,LTP-006622,Laptop,Lenovo,ThinkPad T14 Gen 3,LTPZNMIXAYGND,2021-10-05,2021-10-12,2024-10-04,1265.0,QUE005,BU002,Corporate,E010160,In Use,SCCM,2026-05-31,2022-04-01,2027-04-01,4,1450,4.64,Warranty Expired,10.0,Expiring in 12 Months,0,1,0,0,1450,3,3,0,4,28.29,51.41,Medium,Accelerated,End User Computing / Branch
A0006638,LTP-006638,Laptop,HP,EliteBook 840 G8,LTP1C87KN1A54,2024-07-28,2024-08-12,2028-07-27,1214.44,WST003,BU001,Branch,E012656,In Use,ServiceNow CMDB,2026-05-31,2021-01-01,2026-01-01,4,1300,1.8,Under Warranty,-5.0,Past EOL,1,0,0,0,1300,1,1,0,5,26.26,54.31,Medium,Immediate,End User Computing / Branch
A0006653,LTP-006653,Laptop,HP,EliteBook 840 G8,LTP4L1MAXPY5N,2022-06-04,2022-06-25,2025-06-03,1004.84,WST023,BU006,Branch,E017171,In Use,Network Discovery,2026-05-31,2021-01-01,2026-01-01,4,1300,3.94,Warranty Expired,-5.0,Past EOL,1,0,0,0,1300,1,1,0,7,42.54,59.13,High,Immediate,End User Computing / Branch
A0006654,LTP-006654,Laptop,Lenovo,ThinkPad T14 Gen 3,LTPFPEO9QSUJ4,2020-11-17,2020-12-16,2023-11-17,1162.79,ONR008,BU002,Branch,E002855,In Stock,Network Discovery,2026-05-31,2022-04-01,2027-04-01,4,1450,5.46,Warranty Expired,10.0,Expiring in 12 Months,0,1,0,0,1450,3,1,0,5,31.44,37.57,Medium,Accelerated,End User Computing / Branch
A0006657,LTP-006657,Laptop,Dell,Latitude 5420,LTPOZSREOUDBX,2021-04-26,2021-05-28,2026-04-25,872.31,GTA024,BU004,Production,E002890,In Use,SCCM,2026-05-31,2021-03-01,2027-06-01,4,1250,5.01,Warranty Expired,12.0,Expiring in 12 Months,0,1,0,0,1250,2,1,0,4,29.8,35.49,Medium,Accelerated,End User Computing / Branch
A0006703,LTP-006703,Laptop,Dell,Latitude 5420,LTP56B4DHN91A,2021-04-27,2021-05-06,2025-04-26,936.78,GTA067,BU008,Branch,E015542,In Use,SCCM,2026-05-31,2021-03-01,2027-06-01,4,1250,5.07,Warranty Expired,12.0,Expiring in 12 Months,0,1,0,0,1250,3,1,0,4,27.31,35.37,Medium,Accelerated,End User Computing / Branch
A0006704,LTP-006704,Laptop,Lenovo,ThinkPad T14 Gen 3,LTPXSKDW3ZNPC,2022-09-26,2022-11-07,2025-09-25,980.41,ONR002,BU001,Corporate,E017076,In Repair,ServiceNow CMDB,2026-05-31,2022-04-01,2027-04-01,4,1450,3.57,Warranty Expired,10.0,Expiring in 12 Months,0,1,0,0,1450,1,1,0,10,65.32,49.27,Medium,Accelerated,End User Computing / Branch
A0006710,LTP-006710,Laptop,HP,EliteBook 840 G8,LTPFWIQMPGIFO,2018-10-19,2018-11-16,2023-10-18,989.09,ONR010,BU002,Branch,E015685,In Use,ServiceNow CMDB,2026-05-31,2021-01-01,2026-01-01,4,1300,7.54,Warranty Expired,-5.0,Past EOL,1,0,0,0,1300,2,0,2,8,68.61,62.43,High,Immediate,End User Computing / Branch
A0006722,LTP-006722,Laptop,Lenovo,ThinkPad T14 Gen 3,LTPCV63TPMDSX,2018-09-14,2018-10-13,2022-09-13,1042.35,GTA068,BU001,Production,E013809,In Use,Network Discovery,2026-05-31,2022-04-01,2027-04-01,4,1450,7.64,Warranty Expired,10.0,Expiring in 12 Months,0,1,0,0,1450,3,0,2,7,33.52,41.68,Medium,Accelerated,End User Computing / Branch
A0006726,LTP-006726,Laptop,HP,EliteBook 850 G9,LTPT9YY37JFD8,2023-08-29,2023-09-23,2026-08-28,1083.2,QUE005,BU001,Production,E004410,In Use,ServiceNow CMDB,2026-05-31,2022-05-01,2027-05-01,4,1500,2.69,Under Warranty,10.9,Expiring in 12 Months,0,1,0,0,1500,2,0,2,3,20.19,33.01,Medium,Accelerated,End User Computing / Branch
A0006738,LTP-006738,Laptop,Lenovo,ThinkPad T14 Gen 3,LTP41DAR7A6V2,2021-06-21,2021-06-25,2024-06-20,1100.05,QUE011,BU007,Corporate,E020519,In Stock,ServiceNow CMDB,2026-05-31,2022-04-01,2027-04-01,4,1450,4.94,Warranty Expired,10.0,Expiring in 12 Months,0,1,0,0,1450,1,1,0,3,7.97,32.4,Medium,Accelerated,End User Computing / Branch
A0006743,LTP-006743,Laptop,Lenovo,ThinkPad T14 Gen 3,LTPG1NWZ6CFD6,2020-11-25,2021-01-02,2025-11-24,1037.14,ATL009,BU001,Production,E012555,In Use,Network Discovery,2026-05-31,2022-04-01,2027-04-01,4,1450,5.41,Warranty Expired,10.0,Expiring in 12 Months,0,1,0,0,1450,1,1,0,5,21.37,37.07,Medium,Accelerated,End User Computing / Branch
A0006769,LTP-006769,Laptop,HP,EliteBook 850 G9,LTP4EEWB1F1CH,2023-08-27,2023-09-30,2027-08-26,1176.23,GTA029,BU002,Non-Production,E007869,In Repair,ServiceNow CMDB,2026-05-31,2022-05-01,2027-05-01,4,1500,2.67,Under Warranty,10.9,Expiring in 12 Months,0,1,0,0,1500,1,1,0,4,32.2,35.61,Medium,Accelerated,End User Computing / Branch
A0006774,LTP-006774,Laptop,Lenovo,ThinkPad T14 Gen 3,LTPGXFQY0GE5H,2019-06-23,2019-07-14,2022-06-22,1290.63,ONR012,BU001,Production,E018105,In Use,SCCM,2026-05-31,2022-04-01,2027-04-01,4,1450,6.89,Warranty Expired,10.0,Expiring in 12 Months,0,1,0,0,1450,1,1,0,2,5.83,30.29,Medium,Accelerated,End User Computing / Branch
A0006779,LTP-006779,Laptop,HP,EliteBook 840 G8,LTPH6JY5IZJUU,2022-02-25,2022-03-16,2025-02-24,1002.95,ONR012,BU001,Corporate,E003995,In Use,SCCM,2026-05-31,2021-01-01,2026-01-01,4,1300,4.21,Warranty Expired,-5.0,Past EOL,1,0,0,0,1300,2,1,0,4,19.43,51.97,Medium,Immediate,End User Computing / Branch
A0006810,LTP-006810,Laptop,Lenovo,ThinkPad T14 Gen 3,LTPTHYZYPHC50,2019-07-18,2019-08-27,2022-07-17,994.94,DR1001,BU002,Production,E001315,In Use,SCCM,2026-05-31,2022-04-01,2027-04-01,4,1450,6.77,Warranty Expired,10.0,Expiring in 12 Months,0,1,0,0,1450,1,1,0,4,20.77,35.04,Medium,Accelerated,End User Computing / Branch
A0006870,LTP-006870,Laptop,Dell,Latitude 5420,LTPM24VSU8RPT,2019-10-08,2019-11-05,2022-10-07,1077.31,QUE009,BU004,Production,E016476,In Use,ServiceNow CMDB,2026-05-31,2021-03-01,2027-06-01,4,1250,6.57,Warranty Expired,12.0,Expiring in 12 Months,0,1,0,0,1250,2,0,2,5,60.82,39.04,Medium,Accelerated,End User Computing / Branch
A0006872,LTP-006872,Laptop,Lenovo,ThinkPad T14 Gen 3,LTPDPB984M6VY,2023-02-13,2023-02-19,2026-02-12,1046.55,GTA059,BU001,Disaster Recovery,E007507,In Use,Intune,2026-05-31,2022-04-01,2027-04-01,4,1450,3.28,Warranty Expired,10.0,Expiring in 12 Months,0,1,0,0,1450,3,1,0,5,32.64,37.63,Medium,Accelerated,End User Computing / Branch
A0006875,LTP-006875,Laptop,HP,EliteBook 850 G9,LTP4EWAYCTITJ,2022-02-08,2022-03-24,2027-02-07,1060.62,ONR013,BU001,Production,E003001,In Use,Intune,2026-05-31,2022-05-01,2027-05-01,4,1500,4.19,Under Warranty,10.9,Expiring in 12 Months,0,1,0,0,1500,3,1,0,6,29.72,39.49,Medium,Accelerated,End User Computing / Branch
A0006900,LTP-006900,Laptop,Dell,Latitude 5420,LTPDQJHSF9L8B,2019-10-25,2019-10-26,2024-10-23,1164.34,TOR002,BU001,Branch,E007340,In Use,SCCM,2026-05-31,2021-03-01,2027-06-01,4,1250,6.6,Warranty Expired,12.0,Expiring in 12 Months,0,1,0,0,1250,1,1,0,2,11.69,30.58,Medium,Accelerated,End User Computing / Branch
A0006922,LTP-006922,Laptop,HP,EliteBook 850 G9,LTPN139TJ1AWC,2019-10-25,2019-11-23,2022-10-24,1272.57,GTA021,BU003,Corporate,E012072,In Use,ServiceNow CMDB,2026-05-31,2022-05-01,2027-05-01,4,1500,6.52,Warranty Expired,10.9,Expiring in 12 Months,0,1,0,0,1500,1,1,0,3,28.59,33.43,Medium,Accelerated,End User Computing / Branch
A0006923,LTP-006923,Laptop,HP,EliteBook 850 G9,LTPF2DRE1VGFK,2024-12-19,2025-01-22,2029-12-18,1168.52,QUE012,BU001,Production,E005602,In Use,ServiceNow CMDB,2026-05-31,2022-05-01,2027-05-01,4,1500,1.36,Under Warranty,10.9,Expiring in 12 Months,0,1,0,0,1500,4,0,3,6,44.88,44.24,Medium,Accelerated,End User Computing / Branch
A0006942,LTP-006942,Laptop,Dell,Latitude 5420,LTP4O96UEMI8X,2020-02-09,2020-02-13,2025-02-07,831.28,QUE022,BU001,Production,E006702,In Repair,ServiceNow CMDB,2026-05-31,2021-03-01,2027-06-01,4,1250,6.3,Warranty Expired,12.0,Expiring in 12 Months,0,1,0,0,1250,1,1,0,6,29.65,39.48,Medium,Accelerated,End User Computing / Branch
A0006953,LTP-006953,Laptop,HP,EliteBook 840 G8,LTPFXGF3ZWW6J,2019-03-23,2019-04-15,2022-03-22,947.7,GTA058,BU001,Corporate,E020286,In Use,Network Discovery,2026-05-31,2021-01-01,2026-01-01,4,1300,7.13,Warranty Expired,-5.0,Past EOL,1,0,0,0,1300,1,1,0,3,22.79,50.14,Medium,Immediate,End User Computing / Branch
A0006971,LTP-006971,Laptop,Lenovo,ThinkPad T14 Gen 3,LTPIY5J7073SY,2021-12-21,2022-01-31,2024-12-20,1362.39,WST020,BU001,Production,E019128,In Use,Network Discovery,2026-05-31,2022-04-01,2027-04-01,4,1450,4.33,Warranty Expired,10.0,Expiring in 12 Months,0,1,0,0,1450,2,1,0,6,41.2,40.06,Medium,Accelerated,End User Computing / Branch
A0006975,LTP-006975,Laptop,HP,EliteBook 850 G9,LTPUDPHAX4M3P,2020-11-26,2021-01-03,2024-11-25,1355.89,GTA059,BU001,Branch,E006146,In Use,ServiceNow CMDB,2026-05-31,2022-05-01,2027-05-01,4,1500,5.41,Warranty Expired,10.9,Expiring in 12 Months,0,1,0,0,1500,3,2,0,1,10.37,36.52,Medium,Accelerated,End User Computing / Branch
A0007005,LTP-007005,Laptop,Dell,Latitude 5420,LTP9YXS78BI9B,2022-12-31,2023-01-12,2026-12-30,831.42,GTA045,BU001,Corporate,E001377,In Use,ServiceNow CMDB,2026-05-31,2021-03-01,2027-06-01,4,1250,3.39,Under Warranty,12.0,Expiring in 12 Months,0,1,0,0,1250,1,1,0,5,58.24,38.91,Medium,Accelerated,End User Computing / Branch
A0007007,LTP-007007,Laptop,HP,EliteBook 840 G8,LTP0TVENZ2RDB,2022-04-14,2022-05-02,2026-04-13,995.39,ATL013,BU001,Corporate,E021502,In Use,ServiceNow CMDB,2026-05-31,2021-01-01,2026-01-01,4,1300,4.08,Warranty Expired,-5.0,Past EOL,1,0,0,0,1300,2,1,0,4,22.38,52.12,Medium,Immediate,End User Computing / Branch
A0007026,LTP-007026,Laptop,HP,EliteBook 850 G9,LTPQSRMX9U1KD,2019-02-06,2019-03-22,2024-02-05,1293.46,GTA066,BU005,Branch,E011359,In Use,SCCM,2026-05-31,2022-05-01,2027-05-01,4,1500,7.2,Warranty Expired,10.9,Expiring in 12 Months,0,1,0,0,1500,1,1,0,1,2.5,28.12,Low,Accelerated,End User Computing / Branch
A0007029,LTP-007029,Laptop,HP,EliteBook 850 G9,LTPVRLCK9T6ML,2021-03-05,2021-04-07,2024-03-04,1317.33,ONR005,BU004,Branch,E000615,In Use,ServiceNow CMDB,2026-05-31,2022-05-01,2027-05-01,4,1500,5.15,Warranty Expired,10.9,Expiring in 12 Months,0,1,0,0,1500,2,1,0,3,8.57,32.43,Medium,Accelerated,End User Computing / Branch
A0007116,LTP-007116,Laptop,HP,EliteBook 850 G9,LTPUVW032XSUS,2019-05-13,2019-06-25,2024-05-11,1303.98,ATL011,BU004,Production,E015254,In Use,SCCM,2026-05-31,2022-05-01,2027-05-01,4,1500,6.94,Warranty Expired,10.9,Expiring in 12 Months,0,1,0,0,1500,2,1,0,3,21.39,33.07,Medium,Accelerated,End User Computing / Branch
A0007143,LTP-007143,Laptop,Lenovo,ThinkPad T14 Gen 3,LTP5PBX8MR1M4,2020-02-19,2020-03-19,2023-02-18,1228.45,ONR010,BU007,Production,E007312,In Use,ServiceNow CMDB,2026-05-31,2022-04-01,2027-04-01,4,1450,6.2,Warranty Expired,10.0,Expiring in 12 Months,0,1,0,0,1450,1,1,0,0,0.0,26.0,Low,Accelerated,End User Computing / Branch
A0007157,LTP-007157,Laptop,Lenovo,ThinkPad T14 Gen 3,LTP3SM7S0K2ED,2018-01-17,2018-02-20,2021-01-16,1277.96,ONR018,BU001,Production,E007973,In Use,ServiceNow CMDB,2026-05-31,2022-04-01,2027-04-01,4,1450,8.28,Warranty Expired,10.0,Expiring in 12 Months,0,1,0,0,1450,1,1,0,2,12.13,30.61,Medium,Accelerated,End User Computing / Branch
A0007162,LTP-007162,Laptop,Dell,Latitude 5420,LTP7FVOQ6DD74,2020-02-13,2020-03-02,2024-02-12,818.71,GTA020,BU002,Corporate,E000197,In Use,ServiceNow CMDB,2026-05-31,2021-03-01,2027-06-01,4,1250,6.25,Warranty Expired,12.0,Expiring in 12 Months,0,1,0,0,1250,1,1,0,4,38.14,35.91,Medium,Accelerated,End User Computing / Branch
A0007189,LTP-007189,Laptop,Lenovo,ThinkPad T14 Gen 3,LTPAH6ZTQ0PHL,2024-01-01,2024-02-15,2028-12-30,1311.61,QUE016,BU004,Production,E002253,In Use,SCCM,2026-05-31,2022-04-01,2027-04-01,4,1450,2.29,Under Warranty,10.0,Expiring in 12 Months,0,1,0,0,1450,1,1,0,5,24.66,37.23,Medium,Accelerated,End User Computing / Branch
A0007230,LTP-007230,Laptop,HP,EliteBook 850 G9,LTPT10353F4Q1,2021-11-01,2021-11-07,2024-10-31,1006.95,GTA019,BU001,Branch,E004521,In Use,SCCM,2026-05-31,2022-05-01,2027-05-01,4,1500,4.57,Warranty Expired,10.9,Expiring in 12 Months,0,1,0,0,1500,1,1,0,2,8.05,30.4,Medium,Accelerated,End User Computing / Branch
A0007242,LTP-007242,Laptop,Lenovo,ThinkPad T14 Gen 3,LTPQ116ST58BS,2023-07-26,2023-08-19,2028-07-24,1173.26,WST010,BU005,Non-Production,E012985,In Use,ServiceNow CMDB,2026-05-31,2022-04-01,2027-04-01,4,1450,2.79,Under Warranty,10.0,Expiring in 12 Months,0,1,0,0,1450,4,1,0,5,60.26,39.01,Medium,Accelerated,End User Computing / Branch
A0007253,LTP-007253,Laptop,Lenovo,ThinkPad T14 Gen 3,LTPYZ3O81N6E1,2019-05-08,2019-05-18,2022-05-07,1171.31,GTA016,BU006,Production,E009864,In Use,SCCM,2026-05-31,2022-04-01,2027-04-01,4,1450,7.04,Warranty Expired,10.0,Expiring in 12 Months,0,1,0,0,1450,2,0,2,10,57.25,48.86,Medium,Accelerated,End User Computing / Branch
A0007268,LTP-007268,Laptop,Lenovo,ThinkPad T14 Gen 3,LTPSDFT1B7LTD,2022-09-12,2022-10-02,2025-09-11,1167.05,GTA047,BU001,Production,E010504,In Use,ServiceNow CMDB,2026-05-31,2022-04-01,2027-04-01,4,1450,3.67,Warranty Expired,10.0,Expiring in 12 Months,0,1,0,0,1450,1,1,0,2,11.1,30.56,Medium,Accelerated,End User Computing / Branch
A0007303,LTP-007303,Laptop,Dell,Latitude 5420,LTP3C6QL9DEGG,2020-08-23,2020-09-24,2023-08-23,1120.7,GTA059,BU001,Non-Production,E005424,In Use,ServiceNow CMDB,2026-05-31,2021-03-01,2027-06-01,4,1250,5.69,Warranty Expired,12.0,Expiring in 12 Months,0,1,0,0,1250,2,1,1,6,52.67,44.63,Medium,Accelerated,End User Computing / Branch
A0007331,LTP-007331,Laptop,HP,EliteBook 850 G9,LTPFPU9QE7NZZ,2024-01-24,2024-01-26,2029-01-22,1251.8,GTA061,BU001,Production,E002246,In Use,ServiceNow CMDB,2026-05-31,2022-05-01,2027-05-01,4,1500,2.35,Under Warranty,10.9,Expiring in 12 Months,0,1,0,0,1500,5,1,2,5,25.16,45.26,Medium,Accelerated,End User Computing / Branch
A0007334,LTP-007334,Laptop,Dell,Latitude 5420,LTP26LHIU0Z3T,2021-06-04,2021-06-21,2025-06-03,1153.59,QUE009,BU003,Production,E013476,In Use,SCCM,2026-05-31,2021-03-01,2027-06-01,4,1250,4.95,Warranty Expired,12.0,Expiring in 12 Months,0,1,0,0,1250,1,1,0,7,41.6,42.08,Medium,Accelerated,End User Computing / Branch
A0007341,LTP-007341,Laptop,Dell,Latitude 5420,LTPVTJUTAIHG1,2019-10-16,2019-11-21,2024-10-14,1169.16,ONR020,BU002,Corporate,E019938,In Use,ServiceNow CMDB,2026-05-31,2021-03-01,2027-06-01,4,1250,6.53,Warranty Expired,12.0,Expiring in 12 Months,0,1,0,0,1250,1,1,0,7,34.62,41.73,Medium,Accelerated,End User Computing / Branch
A0007371,LTP-007371,Laptop,Lenovo,ThinkPad T14 Gen 3,LTP9D60L65N9D,2018-05-15,2018-06-07,2023-05-14,1142.18,QUE015,BU001,Corporate,E002927,In Use,ServiceNow CMDB,2026-05-31,2022-04-01,2027-04-01,4,1450,7.99,Warranty Expired,10.0,Expiring in 12 Months,0,1,0,0,1450,1,1,0,3,11.58,32.58,Medium,Accelerated,End User Computing / Branch
A0007427,LTP-007427,Laptop,Dell,Latitude 5420,LTPDU5GC97U01,2018-07-26,2018-08-25,2021-07-25,979.03,QUE005,BU001,Non-Production,E003778,In Use,Intune,2026-05-31,2021-03-01,2027-06-01,4,1250,7.77,Warranty Expired,12.0,Expiring in 12 Months,0,1,0,0,1250,1,1,0,3,18.94,32.95,Medium,Accelerated,End User Computing / Branch
A0007443,LTP-007443,Laptop,Lenovo,ThinkPad T14 Gen 3,LTP0ZLPSYU97E,2018-02-01,2018-02-23,2022-01-31,1150.37,TOR004,BU006,Corporate,E009060,In Repair,SCCM,2026-05-31,2022-04-01,2027-04-01,4,1450,8.27,Warranty Expired,10.0,Expiring in 12 Months,0,1,0,0,1450,2,0,2,6,52.66,40.63,Medium,Accelerated,End User Computing / Branch
A0007447,LTP-007447,Laptop,Lenovo,ThinkPad T14 Gen 3,LTP07S92QTRH2,2020-11-25,2020-12-12,2024-11-24,1194.57,GTA036,BU001,Production,E004483,In Use,Network Discovery,2026-05-31,2022-04-01,2027-04-01,4,1450,5.47,Warranty Expired,10.0,Expiring in 12 Months,0,1,0,0,1450,3,1,0,4,29.21,35.46,Medium,Accelerated,End User Computing / Branch
A0007468,LTP-007468,Laptop,Dell,Latitude 5420,LTPDGVG8XSVPG,2018-04-23,2018-05-03,2021-04-22,1098.76,GTA020,BU001,Branch,E005005,In Use,Intune,2026-05-31,2021-03-01,2027-06-01,4,1250,8.08,Warranty Expired,12.0,Expiring in 12 Months,0,1,0,0,1250,1,1,0,6,42.94,40.15,Medium,Accelerated,End User Computing / Branch
A0007493,LTP-007493,Laptop,Dell,Latitude 5420,LTPXOYL6NTKUG,2018-07-09,2018-08-18,2022-07-08,873.18,GTA008,BU005,Production,E008010,In Use,Intune,2026-05-31,2021-03-01,2027-06-01,4,1250,7.79,Warranty Expired,12.0,Expiring in 12 Months,0,1,0,0,1250,2,0,2,3,12.27,32.61,Medium,Accelerated,End User Computing / Branch
A0007537,LTP-007537,Laptop,Lenovo,ThinkPad T14 Gen 3,LTPJYXWE0WBM0,2020-09-15,2020-10-16,2025-09-14,1368.92,ATL009,BU005,Corporate,E021403,In Use,Intune,2026-05-31,2022-04-01,2027-04-01,4,1450,5.63,Warranty Expired,10.0,Expiring in 12 Months,0,1,0,0,1450,4,1,0,6,67.82,41.39,Medium,Accelerated,End User Computing / Branch
A0007548,LTP-007548,Laptop,HP,EliteBook 850 G9,LTPSLVGGSX5CK,2020-12-13,2021-01-16,2024-12-12,1325.25,GTA068,BU002,Production,E018708,In Use,ServiceNow CMDB,2026-05-31,2022-05-01,2027-05-01,4,1500,5.37,Warranty Expired,10.9,Expiring in 12 Months,0,1,0,0,1500,3,0,2,4,30.73,35.54,Medium,Accelerated,End User Computing / Branch
A0007570,LTP-007570,Laptop,Lenovo,ThinkPad T14 Gen 3,LTPWCIXZPZIK2,2020-03-24,2020-04-18,2023-03-24,1259.23,GTA016,BU001,Non-Production,E021242,In Use,ServiceNow CMDB,2026-05-31,2022-04-01,2027-04-01,4,1450,6.12,Warranty Expired,10.0,Expiring in 12 Months,0,1,0,0,1450,2,0,2,5,30.06,37.5,Medium,Accelerated,End User Computing / Branch
A0007577,LTP-007577,Laptop,Lenovo,ThinkPad T14 Gen 3,LTPJ5HSXUL3OV,2019-09-16,2019-09-27,2022-09-15,1045.22,WST024,BU001,Corporate,E009470,In Use,SCCM,2026-05-31,2022-04-01,2027-04-01,4,1450,6.68,Warranty Expired,10.0,Expiring in 12 Months,0,1,0,0,1450,1,1,0,3,13.9,32.7,Medium,Accelerated,End User Computing / Branch
A0007650,LTP-007650,Laptop,HP,EliteBook 840 G8,LTPNVDMOHVH1K,2020-08-11,2020-08-28,2023-08-11,1062.64,WST005,BU001,Production,E009691,In Use,ServiceNow CMDB,2026-05-31,2021-01-01,2026-01-01,4,1300,5.76,Warranty Expired,-5.0,Past EOL,1,0,0,0,1300,4,1,0,2,10.39,47.52,Medium,Immediate,End User Computing / Branch
A0007685,LTP-007685,Laptop,Dell,Latitude 5420,LTPCDNO0GSUPV,2020-11-19,2020-11-24,2023-11-19,1086.78,ONR010,BU002,Branch,E021490,In Repair,ServiceNow CMDB,2026-05-31,2021-03-01,2027-06-01,4,1250,5.52,Warranty Expired,12.0,Expiring in 12 Months,0,1,0,0,1250,1,1,0,4,12.31,34.62,Medium,Accelerated,End User Computing / Branch
A0007692,LTP-007692,Laptop,HP,EliteBook 850 G9,LTPHALBZ3S2WG,2023-06-06,2023-06-09,2027-06-05,1084.77,WST006,BU009,Branch,E013565,In Use,ServiceNow CMDB,2026-05-31,2022-05-01,2027-05-01,4,1500,2.98,Under Warranty,10.9,Expiring in 12 Months,0,1,0,0,1500,1,1,0,1,1.36,28.07,Low,Accelerated,End User Computing / Branch
A0007694,LTP-007694,Laptop,Dell,Latitude 5420,LTP19OZ2IRWCG,2018-06-06,2018-07-09,2023-06-05,826.46,DC2001,BU001,Production,E014916,In Use,ServiceNow CMDB,2026-05-31,2021-03-01,2027-06-01,4,1250,7.9,Warranty Expired,12.0,Expiring in 12 Months,0,1,0,0,1250,1,1,0,4,40.1,36.01,Medium,Accelerated,End User Computing / Branch
A0007723,LTP-007723,Laptop,Lenovo,ThinkPad T14 Gen 3,LTP9NJKJSLHX6,2021-06-30,2021-08-02,2025-06-29,1184.27,GTA065,BU001,Branch,E013807,In Use,ServiceNow CMDB,2026-05-31,2022-04-01,2027-04-01,4,1450,4.83,Warranty Expired,10.0,Expiring in 12 Months,0,1,0,0,1450,2,1,0,3,12.61,32.63,Medium,Accelerated,End User Computing / Branch
A0007726,LTP-007726,Laptop,Dell,Latitude 5420,LTPUAWPFQZ03W,2019-01-15,2019-02-25,2022-01-14,949.99,GTA036,BU004,Corporate,E007222,In Repair,SCCM,2026-05-31,2021-03-01,2027-06-01,4,1250,7.27,Warranty Expired,12.0,Expiring in 12 Months,0,1,0,0,1250,1,1,0,2,4.88,30.24,Medium,Accelerated,End User Computing / Branch
A0007729,LTP-007729,Laptop,HP,EliteBook 840 G8,LTPJR1XNXO6T9,2020-02-09,2020-03-19,2025-02-07,1006.33,WST004,BU001,Branch,E020991,In Use,SCCM,2026-05-31,2021-01-01,2026-01-01,4,1300,6.2,Warranty Expired,-5.0,Past EOL,1,0,0,0,1300,3,1,2,7,35.74,66.79,High,Immediate,End User Computing / Branch
A0007733,LTP-007733,Laptop,HP,EliteBook 850 G9,LTPCYCVZGA23X,2021-01-08,2021-01-21,2025-01-07,1288.92,GTA033,BU002,Production,E017064,In Use,ServiceNow CMDB,2026-05-31,2022-05-01,2027-05-01,4,1500,5.36,Warranty Expired,10.9,Expiring in 12 Months,0,1,0,0,1500,2,1,1,4,18.36,38.92,Medium,Accelerated,End User Computing / Branch
A0007749,LTP-007749,Laptop,Lenovo,ThinkPad T14 Gen 3,LTPVO0CP1NVIL,2024-03-06,2024-04-08,2029-03-05,1112.77,TOR001,BU001,Production,E006569,In Use,ServiceNow CMDB,2026-05-31,2022-04-01,2027-04-01,4,1450,2.15,Under Warranty,10.0,Expiring in 12 Months,0,1,0,0,1450,4,1,1,3,25.13,37.26,Medium,Accelerated,End User Computing / Branch
A0007772,LTP-007772,Laptop,HP,EliteBook 840 G8,LTPWHQMK5A2TU,2022-10-03,2022-10-08,2026-10-02,1093.51,TOR005,BU004,Disaster Recovery,E017476,In Stock,Network Discovery,2026-05-31,2021-01-01,2026-01-01,4,1300,3.65,Under Warranty,-5.0,Past EOL,1,0,0,0,1300,1,1,0,3,28.04,50.4,Medium,Immediate,End User Computing / Branch
A0007776,LTP-007776,Laptop,Lenovo,ThinkPad T14 Gen 3,LTP1LS32RWVN7,2018-10-25,2018-12-04,2021-10-24,1084.27,TOR001,BU004,Production,E014187,Retired Pending Disposal,ServiceNow CMDB,2026-05-31,2022-04-01,2027-04-01,4,1450,7.49,Warranty Expired,10.0,Expiring in 12 Months,0,1,0,0,1450,1,1,0,6,38.18,39.91,Medium,Accelerated,End User Computing / Branch
A0007828,LTP-007828,Laptop,HP,EliteBook 850 G9,LTPOZO876ZJXX,2022-01-27,2022-02-02,2025-01-26,1343.78,ONR007,BU005,Corporate,E012172,In Use,Intune,2026-05-31,2022-05-01,2027-05-01,4,1500,4.33,Warranty Expired,10.9,Expiring in 12 Months,0,1,0,0,1500,1,1,0,6,55.04,40.75,Medium,Accelerated,End User Computing / Branch
A0007862,LTP-007862,Laptop,Lenovo,ThinkPad T14 Gen 3,LTPUSP9ABA2M7,2020-12-19,2021-01-09,2023-12-19,1117.35,ATL002,BU001,Production,E007797,In Use,ServiceNow CMDB,2026-05-31,2022-04-01,2027-04-01,4,1450,5.39,Warranty Expired,10.0,Expiring in 12 Months,0,1,0,0,1450,1,1,0,0,0.0,26.0,Low,Accelerated,End User Computing / Branch
A0007871,LTP-007871,Laptop,Dell,Latitude 5420,LTPH1X3T9ZKWM,2021-07-17,2021-08-20,2026-07-16,1078.12,WST010,BU005,Corporate,E014971,In Use,SCCM,2026-05-31,2021-03-01,2027-06-01,4,1250,4.78,Under Warranty,12.0,Expiring in 12 Months,0,1,0,0,1250,2,1,0,6,38.88,39.94,Medium,Accelerated,End User Computing / Branch
A0007879,LTP-007879,Laptop,Lenovo,ThinkPad T14 Gen 3,LTPMPADDCJZCV,2022-05-06,2022-05-13,2025-05-05,1120.88,QUE011,BU008,Branch,E014506,In Use,SCCM,2026-05-31,2022-04-01,2027-04-01,4,1450,4.05,Warranty Expired,10.0,Expiring in 12 Months,0,1,0,0,1450,2,1,0,4,25.16,35.26,Medium,Accelerated,End User Computing / Branch
A0007888,LTP-007888,Laptop,HP,EliteBook 840 G8,LTPRKKDAGMXID,2020-04-14,2020-04-17,2024-04-13,919.17,GTA032,BU001,Branch,E008700,In Use,SCCM,2026-05-31,2021-01-01,2026-01-01,4,1300,6.12,Warranty Expired,-5.0,Past EOL,1,0,0,0,1300,2,1,0,1,1.45,45.07,Medium,Immediate,End User Computing / Branch
A0007892,LTP-007892,Laptop,HP,EliteBook 840 G8,LTPD439PEL56C,2022-11-14,2022-11-30,2025-11-13,1000.54,QUE025,BU001,Non-Production,E000817,In Use,ServiceNow CMDB,2026-05-31,2021-01-01,2026-01-01,4,1300,3.5,Warranty Expired,-5.0,Past EOL,1,0,0,0,1300,3,1,1,9,44.97,67.25,High,Immediate,End User Computing / Branch
A0007938,LTP-007938,Laptop,HP,EliteBook 840 G8,LTPZ5WZ9WFUTT,2023-05-11,2023-06-18,2026-05-10,854.76,ONR017,BU003,Branch,E010020,In Use,ServiceNow CMDB,2026-05-31,2021-01-01,2026-01-01,4,1300,2.96,Warranty Expired,-5.0,Past EOL,1,0,0,0,1300,1,1,0,9,50.35,63.52,High,Immediate,End User Computing / Branch
A0007940,LTP-007940,Laptop,Lenovo,ThinkPad T14 Gen 3,LTPO23C0SAOQN,2019-09-08,2019-10-14,2022-09-07,1319.73,QUE019,BU001,Branch,E021267,In Use,SCCM,2026-05-31,2022-04-01,2027-04-01,4,1450,6.63,Warranty Expired,10.0,Expiring in 12 Months,0,1,0,0,1450,1,1,0,4,20.23,35.01,Medium,Accelerated,End User Computing / Branch
A0007947,LTP-007947,Laptop,HP,EliteBook 850 G9,LTPBIKKYSOUFW,2022-03-06,2022-04-20,2025-03-05,979.87,GTA009,BU007,Disaster Recovery,E002191,In Use,Network Discovery,2026-05-31,2022-05-01,2027-05-01,4,1500,4.12,Warranty Expired,10.9,Expiring in 12 Months,0,1,0,0,1500,2,0,2,2,29.61,31.48,Medium,Accelerated,End User Computing / Branch
A0007973,LTP-007973,Laptop,Dell,Latitude 5420,LTPFAN3NIRNQK,2022-07-02,2022-07-19,2025-07-01,1032.9,ATL009,BU005,Disaster Recovery,E001198,In Use,ServiceNow CMDB,2026-05-31,2021-03-01,2027-06-01,4,1250,3.87,Warranty Expired,12.0,Expiring in 12 Months,0,1,0,0,1250,1,1,0,4,50.83,36.54,Medium,Accelerated,End User Computing / Branch
A0007984,LTP-007984,Laptop,HP,EliteBook 850 G9,LTPZVPPHBU18O,2020-10-18,2020-10-20,2023-10-18,1132.72,GTA041,BU005,Production,E002803,In Use,ServiceNow CMDB,2026-05-31,2022-05-01,2027-05-01,4,1500,5.62,Warranty Expired,10.9,Expiring in 12 Months,0,1,0,0,1500,1,1,0,7,42.08,42.1,Medium,Accelerated,End User Computing / Branch
A0007993,LTP-007993,Laptop,HP,EliteBook 840 G8,LTPYXBP38A8MP,2023-04-25,2023-06-03,2026-04-24,929.15,WST002,BU002,Corporate,E007167,In Use,SCCM,2026-05-31,2021-01-01,2026-01-01,4,1300,3.0,Warranty Expired,-5.0,Past EOL,1,0,0,0,1300,1,1,0,6,41.16,57.06,High,Immediate,End User Computing / Branch
A0008069,LTP-008069,Laptop,Dell,Latitude 5420,LTP6GI4RFI9DG,2022-04-08,2022-04-23,2025-04-07,1034.87,QUE008,BU005,Branch,E018128,In Use,Intune,2026-05-31,2021-03-01,2027-06-01,4,1250,4.11,Warranty Expired,12.0,Expiring in 12 Months,0,1,0,0,1250,1,1,0,5,29.32,37.47,Medium,Accelerated,End User Computing / Branch
A0008071,LTP-008071,Laptop,Lenovo,ThinkPad T14 Gen 3,LTP5L7UVE1N57,2022-09-28,2022-10-03,2026-09-27,1210.71,ONR003,BU002,Corporate,E003416,In Use,ServiceNow CMDB,2026-05-31,2022-04-01,2027-04-01,4,1450,3.66,Under Warranty,10.0,Expiring in 12 Months,0,1,0,0,1450,2,1,0,6,28.15,39.41,Medium,Accelerated,End User Computing / Branch
A0008114,LTP-008114,Laptop,Lenovo,ThinkPad T14 Gen 3,LTPMXUHM0SJ9S,2024-07-29,2024-09-10,2028-07-28,1183.32,DC2001,BU002,Branch,E013471,In Use,ServiceNow CMDB,2026-05-31,2022-04-01,2027-04-01,4,1450,1.72,Under Warranty,10.0,Expiring in 12 Months,0,1,0,0,1450,2,1,0,4,16.22,34.81,Medium,Accelerated,End User Computing / Branch
A0008116,LTP-008116,Laptop,HP,EliteBook 850 G9,LTP3X2X6ER4XA,2018-10-23,2018-11-25,2023-10-22,1213.0,GTA064,BU003,Branch,E004487,In Use,Intune,2026-05-31,2022-05-01,2027-05-01,4,1500,7.52,Warranty Expired,10.9,Expiring in 12 Months,0,1,0,0,1500,1,1,0,3,6.16,32.31,Medium,Accelerated,End User Computing / Branch
A0008136,LTP-008136,Laptop,HP,EliteBook 850 G9,LTP7Q3YWXR8YV,2022-09-26,2022-10-17,2025-09-25,1136.66,GTA044,BU001,Corporate,E000246,In Use,ServiceNow CMDB,2026-05-31,2022-05-01,2027-05-01,4,1500,3.62,Warranty Expired,10.9,Expiring in 12 Months,0,1,0,0,1500,2,1,0,3,31.87,33.59,Medium,Accelerated,End User Computing / Branch
A0008138,LTP-008138,Laptop,HP,EliteBook 850 G9,LTPL08J67HYEP,2022-04-17,2022-04-26,2025-04-16,1321.04,QUE016,BU001,Branch,E003151,In Use,SCCM,2026-05-31,2022-05-01,2027-05-01,4,1500,4.1,Warranty Expired,10.9,Expiring in 12 Months,0,1,0,0,1500,1,1,0,2,15.61,30.78,Medium,Accelerated,End User Computing / Branch
A0008151,LTP-008151,Laptop,HP,EliteBook 850 G9,LTP0A6HMFMVJ2,2024-01-27,2024-02-11,2027-01-26,1227.26,QUE023,BU001,Branch,E003768,In Repair,ServiceNow CMDB,2026-05-31,2022-05-01,2027-05-01,4,1500,2.31,Under Warranty,10.9,Expiring in 12 Months,0,1,0,0,1500,2,0,2,6,34.67,39.73,Medium,Accelerated,End User Computing / Branch
A0008159,LTP-008159,Laptop,Dell,Latitude 5420,LTP5K0D5LHJ01,2019-04-05,2019-04-27,2022-04-04,1016.11,WST001,BU001,Corporate,E002005,In Use,ServiceNow CMDB,2026-05-31,2021-03-01,2027-06-01,4,1250,7.1,Warranty Expired,12.0,Expiring in 12 Months,0,1,0,0,1250,1,1,0,4,42.19,36.11,Medium,Accelerated,End User Computing / Branch
A0008204,LTP-008204,Laptop,HP,EliteBook 840 G8,LTPQ3WMEMJPC6,2023-12-10,2024-01-14,2026-12-09,922.17,QUE024,BU009,Disaster Recovery,E013992,In Use,ServiceNow CMDB,2026-05-31,2021-01-01,2026-01-01,4,1300,2.38,Under Warranty,-5.0,Past EOL,1,0,0,0,1300,1,1,0,4,22.24,52.11,Medium,Immediate,End User Computing / Branch
A0008243,LTP-008243,Laptop,HP,EliteBook 840 G8,LTPD7NF524FJH,2020-12-02,2020-12-14,2024-12-01,1176.27,ATL002,BU001,Corporate,E007760,In Use,SCCM,2026-05-31,2021-01-01,2026-01-01,4,1300,5.46,Warranty Expired,-5.0,Past EOL,1,0,0,0,1300,1,1,0,3,18.12,49.91,Medium,Immediate,End User Computing / Branch
A0008285,LTP-008285,Laptop,HP,EliteBook 850 G9,LTPIPMKMWXP9M,2023-07-17,2023-08-11,2026-07-16,1031.9,GTA048,BU003,Production,E021346,In Stock,ServiceNow CMDB,2026-05-31,2022-05-01,2027-05-01,4,1500,2.81,Under Warranty,10.9,Expiring in 12 Months,0,1,0,0,1500,2,1,1,7,47.62,46.38,Medium,Accelerated,End User Computing / Branch
A0008291,LTP-008291,Laptop,Dell,Latitude 5420,LTPW803BWEZ1L,2020-04-30,2020-05-10,2024-04-29,1071.94,GTA059,BU001,Production,E015406,In Use,ServiceNow CMDB,2026-05-31,2021-03-01,2027-06-01,4,1250,6.06,Warranty Expired,12.0,Expiring in 12 Months,0,1,0,0,1250,2,1,0,5,28.92,37.45,Medium,Accelerated,End User Computing / Branch
A0008300,LTP-008300,Laptop,Lenovo,ThinkPad T14 Gen 3,LTPDKNUZT9MN8,2019-08-06,2019-09-04,2022-08-05,1342.69,GTA064,BU003,Production,E009331,In Use,ServiceNow CMDB,2026-05-31,2022-04-01,2027-04-01,4,1450,6.74,Warranty Expired,10.0,Expiring in 12 Months,0,1,0,0,1450,3,2,1,8,49.14,56.46,High,Accelerated,End User Computing / Branch
A0008362,LTP-008362,Laptop,HP,EliteBook 850 G9,LTPW5S2O5YT5R,2020-10-20,2020-11-17,2024-10-19,1317.63,GTA006,BU002,Production,E004594,In Use,ServiceNow CMDB,2026-05-31,2022-05-01,2027-05-01,4,1500,5.54,Warranty Expired,10.9,Expiring in 12 Months,0,1,0,0,1500,1,1,0,3,18.44,32.92,Medium,Accelerated,End User Computing / Branch
A0008370,LTP-008370,Laptop,HP,EliteBook 850 G9,LTPINVUJ8MX01,2020-07-12,2020-08-11,2024-07-11,1185.05,ONR017,BU001,Branch,E017512,In Use,ServiceNow CMDB,2026-05-31,2022-05-01,2027-05-01,4,1500,5.81,Warranty Expired,10.9,Expiring in 12 Months,0,1,0,0,1500,3,0,2,8,42.23,44.11,Medium,Accelerated,End User Computing / Branch
A0008423,LTP-008423,Laptop,HP,EliteBook 850 G9,LTPK8YM3AU119,2020-11-03,2020-11-08,2023-11-03,1339.48,GTA030,BU001,Production,E007466,In Use,SCCM,2026-05-31,2022-05-01,2027-05-01,4,1500,5.56,Warranty Expired,10.9,Expiring in 12 Months,0,1,0,0,1500,2,1,1,6,35.15,43.76,Medium,Accelerated,End User Computing / Branch
A0008432,LTP-008432,Laptop,HP,EliteBook 840 G8,LTPP9JSOKO9Y6,2023-03-20,2023-03-25,2028-03-18,936.96,GTA009,BU001,Production,E013256,In Use,Network Discovery,2026-05-31,2021-01-01,2026-01-01,4,1300,3.19,Under Warranty,-5.0,Past EOL,1,0,0,0,1300,2,1,0,5,42.27,55.11,High,Immediate,End User Computing / Branch
A0008453,LTP-008453,Laptop,Dell,Latitude 5420,LTPX007V3LUU3,2019-10-25,2019-11-29,2023-10-24,959.4,WST016,BU004,Production,E003204,In Use,Network Discovery,2026-05-31,2021-03-01,2027-06-01,4,1250,6.51,Warranty Expired,12.0,Expiring in 12 Months,0,1,0,0,1250,3,2,1,3,19.1,44.96,Medium,Accelerated,End User Computing / Branch
A0008470,LTP-008470,Laptop,Dell,Latitude 5420,LTPOSRSSIYFZY,2020-08-10,2020-09-23,2024-08-09,989.72,QUE007,BU002,Branch,E021704,In Use,Network Discovery,2026-05-31,2021-03-01,2027-06-01,4,1250,5.69,Warranty Expired,12.0,Expiring in 12 Months,0,1,0,0,1250,1,1,0,2,10.08,30.5,Medium,Accelerated,End User Computing / Branch
A0008490,LTP-008490,Laptop,Lenovo,ThinkPad T14 Gen 3,LTPM1AZOJTNHZ,2019-09-09,2019-09-18,2023-09-08,1366.85,GTA074,BU002,Production,E014209,In Use,ServiceNow CMDB,2026-05-31,2022-04-01,2027-04-01,4,1450,6.7,Warranty Expired,10.0,Expiring in 12 Months,0,1,0,0,1450,1,1,0,3,28.14,33.41,Medium,Accelerated,End User Computing / Branch
A0008494,LTP-008494,Laptop,Lenovo,ThinkPad T14 Gen 3,LTPJQOC41GMF6,2019-04-02,2019-04-29,2022-04-01,1085.36,QUE021,BU001,Production,E001384,In Use,ServiceNow CMDB,2026-05-31,2022-04-01,2027-04-01,4,1450,7.09,Warranty Expired,10.0,Expiring in 12 Months,0,1,0,0,1450,3,0,2,6,18.57,38.93,Medium,Accelerated,End User Computing / Branch
A0008495,LTP-008495,Laptop,Dell,Latitude 5420,LTPPTP7RM9TMJ,2023-04-07,2023-05-01,2026-04-06,992.09,GTA035,BU002,Branch,E003726,In Use,ServiceNow CMDB,2026-05-31,2021-03-01,2027-06-01,4,1250,3.09,Warranty Expired,12.0,Expiring in 12 Months,0,1,0,0,1250,1,1,0,3,14.1,32.7,Medium,Accelerated,End User Computing / Branch
A0008523,LTP-008523,Laptop,Lenovo,ThinkPad T14 Gen 3,LTPBBJNPI2GTR,2019-04-17,2019-05-19,2023-04-16,1030.39,TOR003,BU001,Production,E000758,In Use,Network Discovery,2026-05-31,2022-04-01,2027-04-01,4,1450,7.04,Warranty Expired,10.0,Expiring in 12 Months,0,1,0,0,1450,2,0,2,7,79.37,43.97,Medium,Accelerated,End User Computing / Branch
A0008524,LTP-008524,Laptop,HP,EliteBook 840 G8,LTPFNNQC17K0S,2022-10-31,2022-12-05,2026-10-30,1111.98,GTA014,BU001,Production,E019289,In Use,ServiceNow CMDB,2026-05-31,2021-01-01,2026-01-01,4,1300,3.49,Under Warranty,-5.0,Past EOL,1,0,0,0,1300,2,0,2,7,42.49,59.12,High,Immediate,End User Computing / Branch
A0008529,LTP-008529,Laptop,Lenovo,ThinkPad T14 Gen 3,LTPRT1QT3E9LD,2022-05-20,2022-05-26,2027-05-19,1350.83,GTA050,BU002,Disaster Recovery,E021184,In Stock,SCCM,2026-05-31,2022-04-01,2027-04-01,4,1450,4.02,Under Warranty,10.0,Expiring in 12 Months,0,1,0,0,1450,3,1,0,1,11.15,28.56,Low,Accelerated,End User Computing / Branch
A0008534,LTP-008534,Laptop,HP,EliteBook 840 G8,LTPP0959P7L4L,2020-04-17,2020-05-11,2023-04-17,1226.76,QUE010,BU004,Corporate,E019517,In Use,ServiceNow CMDB,2026-05-31,2021-01-01,2026-01-01,4,1300,6.06,Warranty Expired,-5.0,Past EOL,1,0,0,0,1300,1,1,0,3,14.12,49.71,Medium,Immediate,End User Computing / Branch
A0008559,LTP-008559,Laptop,Lenovo,ThinkPad T14 Gen 3,LTPPWW4CG2XFJ,2022-09-08,2022-09-21,2027-09-07,1097.95,QUE017,BU002,Branch,E020509,In Repair,ServiceNow CMDB,2026-05-31,2022-04-01,2027-04-01,4,1450,3.7,Under Warranty,10.0,Expiring in 12 Months,0,1,0,0,1450,2,1,0,3,23.01,33.15,Medium,Accelerated,End User Computing / Branch
A0008572,LTP-008572,Laptop,Lenovo,ThinkPad T14 Gen 3,LTPSR57TPMRM8,2025-05-10,2025-05-28,2029-05-09,967.49,WST017,BU008,Branch,E009864,In Repair,ServiceNow CMDB,2026-05-31,2022-04-01,2027-04-01,4,1450,1.01,Under Warranty,10.0,Expiring in 12 Months,0,1,0,0,1450,1,1,0,4,33.98,35.7,Medium,Accelerated,End User Computing / Branch
A0008608,LTP-008608,Laptop,Lenovo,ThinkPad T14 Gen 3,LTPVX3B7H2KC6,2025-11-30,2025-12-12,2028-11-29,950.03,ONR009,BU007,Non-Production,E000235,In Use,ServiceNow CMDB,2026-05-31,2022-04-01,2027-04-01,4,1450,0.47,Under Warranty,10.0,Expiring in 12 Months,0,1,0,0,1450,1,1,0,5,54.85,38.74,Medium,Accelerated,End User Computing / Branch
A0008646,LTP-008646,Laptop,HP,EliteBook 850 G9,LTPGSDZWRV1JL,2023-02-14,2023-03-18,2028-02-13,1072.73,WST003,BU007,Branch,E001272,In Use,ServiceNow CMDB,2026-05-31,2022-05-01,2027-05-01,4,1500,3.21,Under Warranty,10.9,Expiring in 12 Months,0,1,0,0,1500,2,1,1,4,15.29,38.76,Medium,Accelerated,End User Computing / Branch
A0008652,LTP-008652,Laptop,HP,EliteBook 850 G9,LTP2FS13ARDDM,2021-04-28,2021-06-07,2025-04-27,1170.45,TOR004,BU002,Production,E020594,In Use,ServiceNow CMDB,2026-05-31,2022-05-01,2027-05-01,4,1500,4.99,Warranty Expired,10.9,Expiring in 12 Months,0,1,0,0,1500,2,0,2,2,17.76,30.89,Medium,Accelerated,End User Computing / Branch
A0008655,LTP-008655,Laptop,Dell,Latitude 5420,LTPJ3O8Y0M6FY,2024-03-09,2024-03-21,2027-03-09,821.08,GTA062,BU010,Production,E014994,In Use,ServiceNow CMDB,2026-05-31,2021-03-01,2027-06-01,4,1250,2.2,Under Warranty,12.0,Expiring in 12 Months,0,1,0,0,1250,1,1,0,8,62.04,45.1,Medium,Accelerated,End User Computing / Branch
A0008680,LTP-008680,Laptop,HP,EliteBook 850 G9,LTPWWHLKPJGFL,2022-03-14,2022-03-16,2026-03-13,1203.16,ONR016,BU001,Non-Production,E014794,In Use,SCCM,2026-05-31,2022-05-01,2027-05-01,4,1500,4.21,Warranty Expired,10.9,Expiring in 12 Months,0,1,0,0,1500,2,1,0,6,29.85,39.49,Medium,Accelerated,End User Computing / Branch
A0008723,LTP-008723,Laptop,HP,EliteBook 850 G9,LTPGFV4H7DBU4,2023-02-23,2023-03-18,2026-02-22,1319.92,GTA075,BU005,Branch,E003679,In Use,ServiceNow CMDB,2026-05-31,2022-05-01,2027-05-01,4,1500,3.21,Warranty Expired,10.9,Expiring in 12 Months,0,1,0,0,1500,1,1,0,7,36.64,41.83,Medium,Accelerated,End User Computing / Branch
A0008751,LTP-008751,Laptop,HP,EliteBook 840 G8,LTPL5D4YZAW41,2023-01-08,2023-01-17,2026-01-07,950.62,GTA063,BU001,Branch,E017877,In Use,ServiceNow CMDB,2026-05-31,2021-01-01,2026-01-01,4,1300,3.37,Warranty Expired,-5.0,Past EOL,1,0,0,0,1300,2,0,2,8,53.86,61.69,High,Immediate,End User Computing / Branch
A0008767,LTP-008767,Laptop,Lenovo,ThinkPad T14 Gen 3,LTPX5MVQL14WP,2022-11-14,2022-12-22,2026-11-13,1210.82,GTA014,BU002,Branch,E018167,In Use,ServiceNow CMDB,2026-05-31,2022-04-01,2027-04-01,4,1450,3.44,Under Warranty,10.0,Expiring in 12 Months,0,1,0,0,1450,2,0,2,10,77.75,49.89,Medium,Accelerated,End User Computing / Branch
A0008785,LTP-008785,Laptop,HP,EliteBook 840 G8,LTPSPBJ7OCV66,2020-03-13,2020-03-18,2024-03-12,1223.02,WST028,BU002,Production,E014070,In Use,ServiceNow CMDB,2026-05-31,2021-01-01,2026-01-01,4,1300,6.21,Warranty Expired,-5.0,Past EOL,1,0,0,0,1300,2,1,1,3,14.98,53.75,Medium,Immediate,End User Computing / Branch
A0008788,LTP-008788,Laptop,HP,EliteBook 850 G9,LTP2S455OCV7Q,2021-04-22,2021-05-11,2024-04-21,985.84,WST022,BU005,Branch,E005327,In Use,Network Discovery,2026-05-31,2022-05-01,2027-05-01,4,1500,5.06,Warranty Expired,10.9,Expiring in 12 Months,0,1,0,0,1500,2,0,2,7,30.43,41.52,Medium,Accelerated,End User Computing / Branch
A0008792,LTP-008792,Laptop,Lenovo,ThinkPad T14 Gen 3,LTPU3E6WCKHAR,2023-04-24,2023-04-26,2027-04-23,1299.49,WST009,BU001,Corporate,E003463,In Use,SCCM,2026-05-31,2022-04-01,2027-04-01,4,1450,3.1,Under Warranty,10.0,Expiring in 12 Months,0,1,0,0,1450,2,1,0,6,51.15,40.56,Medium,Accelerated,End User Computing / Branch
A0008806,LTP-008806,Laptop,Dell,Latitude 5420,LTP18YGBNMXRO,2021-11-10,2021-11-30,2024-11-09,1011.97,GTA046,BU001,Branch,E015711,In Repair,SCCM,2026-05-31,2021-03-01,2027-06-01,4,1250,4.5,Warranty Expired,12.0,Expiring in 12 Months,0,1,0,0,1250,1,1,0,10,58.98,48.95,Medium,Accelerated,End User Computing / Branch
A0008819,LTP-008819,Laptop,HP,EliteBook 840 G8,LTPTEWYH790M3,2023-05-05,2023-05-20,2027-05-04,1143.55,GTA077,BU001,Production,E015860,In Use,ServiceNow CMDB,2026-05-31,2021-01-01,2026-01-01,4,1300,3.04,Under Warranty,-5.0,Past EOL,1,0,0,0,1300,3,1,0,3,15.96,49.8,Medium,Immediate,End User Computing / Branch
A0008832,LTP-008832,Laptop,Dell,Latitude 5420,LTPU6YZME6U9F,2020-03-14,2020-03-18,2024-03-13,955.82,GTA045,BU001,Production,E001269,In Use,Network Discovery,2026-05-31,2021-03-01,2027-06-01,4,1250,6.21,Warranty Expired,12.0,Expiring in 12 Months,0,1,0,0,1250,1,1,0,3,6.75,32.34,Medium,Accelerated,End User Computing / Branch
A0008842,LTP-008842,Laptop,Dell,Latitude 5420,LTP5O53MJNGDD,2019-08-02,2019-08-21,2024-07-31,1107.73,GTA006,BU003,Branch,E020683,In Use,ServiceNow CMDB,2026-05-31,2021-03-01,2027-06-01,4,1250,6.78,Warranty Expired,12.0,Expiring in 12 Months,0,1,0,0,1250,1,1,0,1,2.79,28.14,Low,Accelerated,End User Computing / Branch
A0008852,LTP-008852,Laptop,HP,EliteBook 850 G9,LTPOQSUP8J4PE,2019-07-07,2019-07-22,2024-07-05,1026.34,GTA045,BU002,Production,E007889,In Use,ServiceNow CMDB,2026-05-31,2022-05-01,2027-05-01,4,1500,6.86,Warranty Expired,10.9,Expiring in 12 Months,0,1,0,0,1500,3,1,1,7,26.24,45.31,Medium,Accelerated,End User Computing / Branch
A0008880,LTP-008880,Laptop,Dell,Latitude 5420,LTPVEVT72CT3U,2019-11-24,2019-12-15,2024-11-22,858.12,WST004,BU006,Corporate,E020603,In Use,Intune,2026-05-31,2021-03-01,2027-06-01,4,1250,6.46,Warranty Expired,12.0,Expiring in 12 Months,0,1,0,0,1250,2,1,0,5,20.26,37.01,Medium,Accelerated,End User Computing / Branch
A0008893,LTP-008893,Laptop,HP,EliteBook 840 G8,LTPA6WYFT9E3K,2022-04-05,2022-05-04,2025-04-04,1094.55,ONR020,BU010,Corporate,E015383,In Use,ServiceNow CMDB,2026-05-31,2021-01-01,2026-01-01,4,1300,4.08,Warranty Expired,-5.0,Past EOL,1,0,0,0,1300,4,1,0,3,11.29,49.56,Medium,Immediate,End User Computing / Branch
A0008895,LTP-008895,Laptop,HP,EliteBook 850 G9,LTP6F9FDYBDOQ,2023-01-16,2023-01-20,2028-01-15,1250.29,WST002,BU005,Corporate,E015176,In Stock,ServiceNow CMDB,2026-05-31,2022-05-01,2027-05-01,4,1500,3.36,Under Warranty,10.9,Expiring in 12 Months,0,1,0,0,1500,3,1,1,3,26.8,37.34,Medium,Accelerated,End User Computing / Branch
A0008915,LTP-008915,Laptop,HP,EliteBook 850 G9,LTPL4V5ZCK59V,2021-11-01,2021-12-09,2024-10-31,1117.47,GTA055,BU001,Production,E013785,In Use,ServiceNow CMDB,2026-05-31,2022-05-01,2027-05-01,4,1500,4.48,Warranty Expired,10.9,Expiring in 12 Months,0,1,0,0,1500,2,1,0,4,43.05,36.15,Medium,Accelerated,End User Computing / Branch
A0008931,LTP-008931,Laptop,Lenovo,ThinkPad T14 Gen 3,LTPT6PKH3YFVN,2024-02-16,2024-03-04,2028-02-15,1091.89,GTA018,BU001,Corporate,E018884,In Use,Intune,2026-05-31,2022-04-01,2027-04-01,4,1450,2.25,Under Warranty,10.0,Expiring in 12 Months,0,1,0,0,1450,2,1,0,5,33.58,37.68,Medium,Accelerated,End User Computing / Branch
A0008951,LTP-008951,Laptop,Lenovo,ThinkPad T14 Gen 3,LTPUOKRTKV9JY,2020-03-23,2020-04-24,2023-03-23,1242.31,WST001,BU002,Branch,E021675,In Use,ServiceNow CMDB,2026-05-31,2022-04-01,2027-04-01,4,1450,6.11,Warranty Expired,10.0,Expiring in 12 Months,0,1,0,0,1450,2,0,2,2,6.23,30.31,Medium,Accelerated,End User Computing / Branch
A0008960,LTP-008960,Laptop,Dell,Latitude 5420,LTP67TFP3D7ZV,2025-01-11,2025-02-02,2029-01-10,1097.84,GTA048,BU002,Production,E004717,In Use,SCCM,2026-05-31,2021-03-01,2027-06-01,4,1250,1.33,Under Warranty,12.0,Expiring in 12 Months,0,1,0,0,1250,2,1,0,5,19.46,36.97,Medium,Accelerated,End User Computing / Branch
A0008968,LTP-008968,Laptop,HP,EliteBook 840 G8,LTP59EEI538QZ,2023-12-18,2024-01-24,2026-12-17,1234.92,QUE009,BU006,Production,E002890,In Use,SCCM,2026-05-31,2021-01-01,2026-01-01,4,1300,2.35,Under Warranty,-5.0,Past EOL,1,0,0,0,1300,2,1,1,3,15.78,53.79,Medium,Immediate,End User Computing / Branch
A0008997,LTP-008997,Laptop,HP,EliteBook 850 G9,LTPJYR9F6RB6A,2023-01-16,2023-01-20,2026-01-15,1388.32,GTA067,BU005,Branch,E015104,In Use,ServiceNow CMDB,2026-05-31,2022-05-01,2027-05-01,4,1500,3.36,Warranty Expired,10.9,Expiring in 12 Months,0,1,0,0,1500,2,0,2,5,42.8,38.14,Medium,Accelerated,End User Computing / Branch
A0009012,LTP-009012,Laptop,Dell,Latitude 5420,LTP5MNBHSNTH4,2019-09-21,2019-09-28,2022-09-20,1083.71,WST018,BU001,Corporate,E019787,In Use,Intune,2026-05-31,2021-03-01,2027-06-01,4,1250,6.68,Warranty Expired,12.0,Expiring in 12 Months,0,1,0,0,1250,2,1,0,6,48.78,40.44,Medium,Accelerated,End User Computing / Branch
A0009057,LTP-009057,Laptop,HP,EliteBook 840 G8,LTP4NI7HJIKJF,2019-09-10,2019-09-17,2022-09-09,990.86,ONR013,BU002,Branch,E001392,In Use,ServiceNow CMDB,2026-05-31,2021-01-01,2026-01-01,4,1300,6.71,Warranty Expired,-5.0,Past EOL,1,0,0,0,1300,1,1,0,4,18.82,51.94,Medium,Immediate,End User Computing / Branch
A0009070,LTP-009070,Laptop,HP,EliteBook 840 G8,LTPXT39271MV5,2024-11-16,2024-12-14,2027-11-16,860.33,ONR008,BU001,Branch,E019472,In Use,ServiceNow CMDB,2026-05-31,2021-01-01,2026-01-01,4,1300,1.46,Under Warranty,-5.0,Past EOL,1,0,0,0,1300,1,1,0,6,32.08,56.6,High,Immediate,End User Computing / Branch
A0009108,LTP-009108,Laptop,HP,EliteBook 850 G9,LTPZGL1WPPBLU,2020-01-19,2020-01-27,2024-01-18,1381.09,QUE012,BU002,Branch,E012769,Retired Pending Disposal,ServiceNow CMDB,2026-05-31,2022-05-01,2027-05-01,4,1500,6.35,Warranty Expired,10.9,Expiring in 12 Months,0,1,0,0,1500,1,1,0,6,38.54,39.93,Medium,Accelerated,End User Computing / Branch
A0009128,LTP-009128,Laptop,Dell,Latitude 5420,LTP1T1DBLQO4H,2020-09-18,2020-10-11,2023-09-18,939.5,DC2001,BU001,Production,E000655,In Stock,Network Discovery,2026-05-31,2021-03-01,2027-06-01,4,1250,5.64,Warranty Expired,12.0,Expiring in 12 Months,0,1,0,0,1250,1,1,0,2,15.0,30.75,Medium,Accelerated,End User Computing / Branch
A0009133,LTP-009133,Laptop,HP,EliteBook 840 G8,LTPBEWF9OUQQR,2019-08-31,2019-10-01,2022-08-30,1007.06,TOR003,BU002,Production,E005814,In Use,ServiceNow CMDB,2026-05-31,2021-01-01,2026-01-01,4,1300,6.67,Warranty Expired,-5.0,Past EOL,1,0,0,0,1300,1,1,0,4,9.53,51.48,Medium,Immediate,End User Computing / Branch
A0009162,LTP-009162,Laptop,HP,EliteBook 850 G9,LTP8R937MBM5S,2021-05-16,2021-06-26,2024-05-15,1111.94,GTA033,BU001,Non-Production,E017424,In Use,ServiceNow CMDB,2026-05-31,2022-05-01,2027-05-01,4,1500,4.93,Warranty Expired,10.9,Expiring in 12 Months,0,1,0,0,1500,3,1,0,5,46.95,38.35,Medium,Accelerated,End User Computing / Branch
A0009166,LTP-009166,Laptop,Lenovo,ThinkPad T14 Gen 3,LTPKNBKD7X8GZ,2020-12-16,2020-12-26,2024-12-15,1141.21,GTA067,BU001,Branch,E008077,In Use,ServiceNow CMDB,2026-05-31,2022-04-01,2027-04-01,4,1450,5.43,Warranty Expired,10.0,Expiring in 12 Months,0,1,0,0,1450,2,1,0,6,46.46,40.32,Medium,Accelerated,End User Computing / Branch
A0009203,LTP-009203,Laptop,HP,EliteBook 840 G8,LTPQ5VH2I09VJ,2023-08-10,2023-09-09,2026-08-09,949.83,GTA005,BU002,Branch,E021907,In Use,Intune,2026-05-31,2021-01-01,2026-01-01,4,1300,2.73,Under Warranty,-5.0,Past EOL,1,0,0,0,1300,1,1,0,3,18.22,49.91,Medium,Immediate,End User Computing / Branch
A0009229,LTP-009229,Laptop,HP,EliteBook 850 G9,LTP49UI472QQO,2020-09-19,2020-11-02,2023-09-19,1133.69,GTA054,BU001,Production,E004684,In Use,SCCM,2026-05-31,2022-05-01,2027-05-01,4,1500,5.58,Warranty Expired,10.9,Expiring in 12 Months,0,1,0,0,1500,3,1,1,4,15.89,38.79,Medium,Accelerated,End User Computing / Branch
A0009250,LTP-009250,Laptop,HP,EliteBook 850 G9,LTPF63E75EWFF,2020-05-21,2020-06-16,2024-05-20,1215.86,ATL009,BU002,Corporate,E010258,In Use,SCCM,2026-05-31,2022-05-01,2027-05-01,4,1500,5.96,Warranty Expired,10.9,Expiring in 12 Months,0,1,0,0,1500,2,1,1,4,19.51,38.98,Medium,Accelerated,End User Computing / Branch
A0009300,LTP-009300,Laptop,Dell,Latitude 5420,LTP3WR4WMXCZC,2020-07-03,2020-07-19,2023-07-03,1037.84,WST009,BU001,Branch,E013107,In Use,ServiceNow CMDB,2026-05-31,2021-03-01,2027-06-01,4,1250,5.87,Warranty Expired,12.0,Expiring in 12 Months,0,1,0,0,1250,2,1,0,2,6.42,30.32,Medium,Accelerated,End User Computing / Branch
A0009335,LTP-009335,Laptop,Lenovo,ThinkPad T14 Gen 3,LTPMS7VNGXD6Y,2024-01-31,2024-03-15,2027-01-30,1169.64,QUE007,BU002,Production,E010988,In Use,SCCM,2026-05-31,2022-04-01,2027-04-01,4,1450,2.21,Under Warranty,10.0,Expiring in 12 Months,0,1,0,0,1450,1,1,0,5,37.89,37.89,Medium,Accelerated,End User Computing / Branch
A0009354,LTP-009354,Laptop,HP,EliteBook 850 G9,LTPAOPAN97NGA,2019-12-08,2020-01-09,2022-12-07,990.39,GTA032,BU001,Branch,E020086,In Use,Network Discovery,2026-05-31,2022-05-01,2027-05-01,4,1500,6.4,Warranty Expired,10.9,Expiring in 12 Months,0,1,0,0,1500,1,1,0,6,43.53,40.18,Medium,Accelerated,End User Computing / Branch
A0009357,LTP-009357,Laptop,HP,EliteBook 850 G9,LTPVD19FBQJ2O,2020-08-16,2020-08-30,2024-08-15,1332.56,GTA037,BU002,Corporate,E002775,In Use,Intune,2026-05-31,2022-05-01,2027-05-01,4,1500,5.75,Warranty Expired,10.9,Expiring in 12 Months,0,1,0,0,1500,1,1,0,3,14.78,32.74,Medium,Accelerated,End User Computing / Branch
A0009384,LTP-009384,Laptop,Lenovo,ThinkPad T14 Gen 3,LTPULAL64ONF7,2023-03-06,2023-03-25,2027-03-05,957.66,QUE025,BU001,Branch,E021793,In Use,ServiceNow CMDB,2026-05-31,2022-04-01,2027-04-01,4,1450,3.19,Under Warranty,10.0,Expiring in 12 Months,0,1,0,0,1450,1,1,0,5,30.04,37.5,Medium,Accelerated,End User Computing / Branch
A0009424,LTP-009424,Laptop,Lenovo,ThinkPad T14 Gen 3,LTPCYK9NYDY0N,2023-05-30,2023-06-23,2026-05-29,951.1,ONR017,BU009,Disaster Recovery,E014974,In Use,ServiceNow CMDB,2026-05-31,2022-04-01,2027-04-01,4,1450,2.94,Warranty Expired,10.0,Expiring in 12 Months,0,1,0,0,1450,2,2,0,4,23.43,43.17,Medium,Accelerated,End User Computing / Branch
A0009437,LTP-009437,Laptop,Lenovo,ThinkPad T14 Gen 3,LTPHYZKTLPWLJ,2024-01-08,2024-02-12,2027-01-07,1086.57,GTA014,BU005,Production,E015006,In Use,Intune,2026-05-31,2022-04-01,2027-04-01,4,1450,2.3,Under Warranty,10.0,Expiring in 12 Months,0,1,0,0,1450,1,1,0,2,11.8,30.59,Medium,Accelerated,End User Computing / Branch
A0009439,LTP-009439,Laptop,HP,EliteBook 850 G9,LTP5JCHLX1W3Z,2019-09-22,2019-09-24,2024-09-20,1050.54,GTA027,BU002,Branch,E007838,In Use,SCCM,2026-05-31,2022-05-01,2027-05-01,4,1500,6.69,Warranty Expired,10.9,Expiring in 12 Months,0,1,0,0,1500,1,1,0,4,20.77,35.04,Medium,Accelerated,End User Computing / Branch
A0009511,LTP-009511,Laptop,Lenovo,ThinkPad T14 Gen 3,LTPFT00FSR91I,2024-08-27,2024-09-22,2027-08-27,1173.8,GTA078,BU001,Branch,E016545,In Use,SCCM,2026-05-31,2022-04-01,2027-04-01,4,1450,1.69,Under Warranty,10.0,Expiring in 12 Months,0,1,0,0,1450,1,1,0,6,48.06,40.4,Medium,Accelerated,End User Computing / Branch
A0009528,LTP-009528,Laptop,HP,EliteBook 840 G8,LTPUH0S9ZYL2O,2019-03-28,2019-04-18,2022-03-27,1152.8,ATL011,BU001,Non-Production,E010938,In Use,Network Discovery,2026-05-31,2021-01-01,2026-01-01,4,1300,7.12,Warranty Expired,-5.0,Past EOL,1,0,0,0,1300,2,1,0,1,5.51,45.28,Medium,Immediate,End User Computing / Branch
A0009532,LTP-009532,Laptop,Dell,Latitude 5420,LTPSKU3JFD95Q,2020-02-09,2020-03-01,2023-02-08,1108.19,ONR012,BU001,Production,E015272,In Use,SCCM,2026-05-31,2021-03-01,2027-06-01,4,1250,6.25,Warranty Expired,12.0,Expiring in 12 Months,0,1,0,0,1250,1,1,0,4,13.82,34.69,Medium,Accelerated,End User Computing / Branch
A0009539,LTP-009539,Laptop,HP,EliteBook 840 G8,LTPRNALIDD5XP,2020-08-27,2020-09-12,2024-08-26,1086.5,ATL008,BU005,Branch,E000442,In Use,SCCM,2026-05-31,2021-01-01,2026-01-01,4,1300,5.72,Warranty Expired,-5.0,Past EOL,1,0,0,0,1300,1,1,0,4,22.73,52.14,Medium,Immediate,End User Computing / Branch
A0009540,LTP-009540,Laptop,HP,EliteBook 840 G8,LTPH01GEQ059D,2019-05-01,2019-06-02,2024-04-29,1196.74,QUE006,BU003,Production,E009504,In Stock,SCCM,2026-05-31,2021-01-01,2026-01-01,4,1300,7.0,Warranty Expired,-5.0,Past EOL,1,0,0,0,1300,3,0,2,10,35.2,64.76,High,Immediate,End User Computing / Branch
A0009542,LTP-009542,Laptop,Lenovo,ThinkPad T14 Gen 3,LTPX6R1UVTRHC,2020-06-29,2020-06-30,2023-06-29,1018.71,WST001,BU009,Corporate,E018794,In Use,Intune,2026-05-31,2022-04-01,2027-04-01,4,1450,5.92,Warranty Expired,10.0,Expiring in 12 Months,0,1,0,0,1450,3,1,1,4,18.19,38.91,Medium,Accelerated,End User Computing / Branch
A0009575,LTP-009575,Laptop,Dell,Latitude 5420,LTPFZ1W06KP4A,2024-07-12,2024-07-14,2027-07-12,906.04,ATL003,BU001,Production,E002622,Retired Pending Disposal,SCCM,2026-05-31,2021-03-01,2027-06-01,4,1250,1.88,Under Warranty,12.0,Expiring in 12 Months,0,1,0,0,1250,1,1,0,3,12.85,32.64,Medium,Accelerated,End User Computing / Branch
A0009609,LTP-009609,Laptop,HP,EliteBook 850 G9,LTPBJM18TRM3Q,2019-04-07,2019-04-20,2022-04-06,1048.63,GTA032,BU001,Production,E018827,In Repair,ServiceNow CMDB,2026-05-31,2022-05-01,2027-05-01,4,1500,7.12,Warranty Expired,10.9,Expiring in 12 Months,0,1,0,0,1500,1,1,0,3,5.42,32.27,Medium,Accelerated,End User Computing / Branch
A0009621,LTP-009621,Laptop,HP,EliteBook 850 G9,LTPEQPQXI1XVT,2020-12-23,2021-01-04,2025-12-22,1066.97,WST025,BU001,Non-Production,E009503,In Use,SCCM,2026-05-31,2022-05-01,2027-05-01,4,1500,5.41,Warranty Expired,10.9,Expiring in 12 Months,0,1,0,0,1500,2,1,1,3,22.51,37.13,Medium,Accelerated,End User Computing / Branch
A0009627,LTP-009627,Laptop,Dell,Latitude 5420,LTP6SCE7Y2WQK,2022-10-25,2022-10-27,2026-10-24,967.74,GTA039,BU003,Branch,E020101,In Use,ServiceNow CMDB,2026-05-31,2021-03-01,2027-06-01,4,1250,3.6,Under Warranty,12.0,Expiring in 12 Months,0,1,0,0,1250,1,1,0,2,16.74,30.84,Medium,Accelerated,End User Computing / Branch
A0009631,LTP-009631,Laptop,Lenovo,ThinkPad T14 Gen 3,LTPU8N55QNPKO,2019-03-04,2019-03-26,2024-03-02,1187.52,GTA064,BU003,Production,E014376,In Use,Network Discovery,2026-05-31,2022-04-01,2027-04-01,4,1450,7.19,Warranty Expired,10.0,Expiring in 12 Months,0,1,0,0,1450,2,1,0,2,12.67,30.63,Medium,Accelerated,End User Computing / Branch
A0009633,LTP-009633,Laptop,Lenovo,ThinkPad T14 Gen 3,LTPW6LWWRVVFP,2021-11-22,2021-12-03,2024-11-21,1325.36,GTA032,BU001,Corporate,E020537,In Use,Network Discovery,2026-05-31,2022-04-01,2027-04-01,4,1450,4.5,Warranty Expired,10.0,Expiring in 12 Months,0,1,0,0,1450,3,0,2,5,40.74,38.04,Medium,Accelerated,End User Computing / Branch
A0009658,LTP-009658,Laptop,Dell,Latitude 5420,LTP6VRDR8UPVT,2023-04-07,2023-04-12,2026-04-06,1060.91,GTA027,BU006,Production,E019660,In Use,ServiceNow CMDB,2026-05-31,2021-03-01,2027-06-01,4,1250,3.14,Warranty Expired,12.0,Expiring in 12 Months,0,1,0,0,1250,1,1,0,3,13.21,32.66,Medium,Accelerated,End User Computing / Branch
A0009668,LTP-009668,Laptop,HP,EliteBook 850 G9,LTPA21KKYSJ49,2018-06-02,2018-06-09,2023-06-01,976.67,GTA019,BU005,Branch,E017806,In Use,Network Discovery,2026-05-31,2022-05-01,2027-05-01,4,1500,7.98,Warranty Expired,10.9,Expiring in 12 Months,0,1,0,0,1500,2,1,0,2,5.72,30.29,Medium,Accelerated,End User Computing / Branch
A0009669,LTP-009669,Laptop,Dell,Latitude 5420,LTPUP4WWJGKLL,2022-10-18,2022-11-02,2027-10-17,882.78,GTA057,BU001,Production,E018859,In Use,SCCM,2026-05-31,2021-03-01,2027-06-01,4,1250,3.58,Under Warranty,12.0,Expiring in 12 Months,0,1,0,0,1250,2,0,2,3,29.34,33.47,Medium,Accelerated,End User Computing / Branch
A0009675,LTP-009675,Laptop,HP,EliteBook 840 G8,LTPNH5C4JQ8C8,2019-11-08,2019-12-03,2023-11-07,1210.27,ATL012,BU001,Branch,E014941,In Use,SCCM,2026-05-31,2021-01-01,2026-01-01,4,1300,6.5,Warranty Expired,-5.0,Past EOL,1,0,0,0,1300,1,1,0,6,45.58,57.28,High,Immediate,End User Computing / Branch
A0009677,LTP-009677,Laptop,HP,EliteBook 850 G9,LTPYGN01YBFDH,2023-02-22,2023-03-09,2027-02-21,1244.26,WST006,BU005,Branch,E001366,In Use,ServiceNow CMDB,2026-05-31,2022-05-01,2027-05-01,4,1500,3.23,Under Warranty,10.9,Expiring in 12 Months,0,1,0,0,1500,1,1,0,1,9.51,28.48,Low,Accelerated,End User Computing / Branch
A0009681,LTP-009681,Laptop,HP,EliteBook 850 G9,LTPXIL1EKDGSH,2022-12-08,2023-01-13,2025-12-07,1030.17,GTA073,BU002,Non-Production,E001256,In Use,ServiceNow CMDB,2026-05-31,2022-05-01,2027-05-01,4,1500,3.38,Warranty Expired,10.9,Expiring in 12 Months,0,1,0,0,1500,2,1,0,2,9.79,30.49,Medium,Accelerated,End User Computing / Branch
A0009683,LTP-009683,Laptop,Dell,Latitude 5420,LTPUIHB4AO36G,2023-07-30,2023-08-09,2026-07-29,1125.49,GTA031,BU009,Production,E014511,In Use,SCCM,2026-05-31,2021-03-01,2027-06-01,4,1250,2.81,Under Warranty,12.0,Expiring in 12 Months,0,1,0,0,1250,1,1,0,4,32.03,35.6,Medium,Accelerated,End User Computing / Branch
A0009699,LTP-009699,Laptop,Lenovo,ThinkPad T14 Gen 3,LTPUTH9XYE6J9,2022-11-20,2023-01-04,2026-11-19,1284.84,GTA074,BU002,Production,E011283,In Use,ServiceNow CMDB,2026-05-31,2022-04-01,2027-04-01,4,1450,3.41,Under Warranty,10.0,Expiring in 12 Months,0,1,0,0,1450,1,1,0,8,49.56,44.48,Medium,Accelerated,End User Computing / Branch
A0009713,LTP-009713,Laptop,Lenovo,ThinkPad T14 Gen 3,LTP3HZUNE450J,2019-06-22,2019-07-10,2022-06-21,1284.0,WST021,BU001,Production,E020509,In Use,ServiceNow CMDB,2026-05-31,2022-04-01,2027-04-01,4,1450,6.9,Warranty Expired,10.0,Expiring in 12 Months,0,1,0,0,1450,1,1,0,3,13.22,32.66,Medium,Accelerated,End User Computing / Branch
A0009758,LTP-009758,Laptop,Dell,Latitude 5420,LTPIXDCVGQZ4T,2024-10-31,2024-11-03,2027-10-31,1140.86,GTA057,BU001,Disaster Recovery,E003331,In Use,Network Discovery,2026-05-31,2021-03-01,2027-06-01,4,1250,1.58,Under Warranty,12.0,Expiring in 12 Months,0,1,0,0,1250,2,1,0,1,7.32,28.37,Low,Accelerated,End User Computing / Branch
A0009765,LTP-009765,Laptop,HP,EliteBook 840 G8,LTPYOD81JCS2D,2019-03-31,2019-04-13,2022-03-30,1157.91,GTA039,BU001,Production,E001122,In Use,SCCM,2026-05-31,2021-01-01,2026-01-01,4,1300,7.14,Warranty Expired,-5.0,Past EOL,1,0,0,0,1300,1,1,0,4,22.8,52.14,Medium,Immediate,End User Computing / Branch
A0009778,LTP-009778,Laptop,Lenovo,ThinkPad T14 Gen 3,LTPL0RNJGP6B5,2020-07-31,2020-08-23,2023-07-31,1053.04,ATL004,BU001,Branch,E015404,In Use,ServiceNow CMDB,2026-05-31,2022-04-01,2027-04-01,4,1450,5.77,Warranty Expired,10.0,Expiring in 12 Months,0,1,0,0,1450,1,1,0,4,19.49,34.97,Medium,Accelerated,End User Computing / Branch
A0009780,LTP-009780,Laptop,HP,EliteBook 850 G9,LTP6LNG0NUCUW,2018-01-14,2018-01-31,2021-01-13,1014.58,GTA039,BU009,Branch,E002596,In Use,ServiceNow CMDB,2026-05-31,2022-05-01,2027-05-01,4,1500,8.33,Warranty Expired,10.9,Expiring in 12 Months,0,1,0,0,1500,2,1,0,3,26.15,33.31,Medium,Accelerated,End User Computing / Branch
A0009782,LTP-009782,Laptop,HP,EliteBook 850 G9,LTPTK5K85QC22,2025-01-23,2025-02-03,2030-01-22,1082.7,ONR017,BU001,Corporate,E018332,In Use,SCCM,2026-05-31,2022-05-01,2027-05-01,4,1500,1.33,Under Warranty,10.9,Expiring in 12 Months,0,1,0,0,1500,1,1,0,3,20.83,33.04,Medium,Accelerated,End User Computing / Branch
A0009801,LTP-009801,Laptop,Lenovo,ThinkPad T14 Gen 3,LTPS290VFXZ6I,2018-01-19,2018-01-26,2022-01-18,1088.06,ONR011,BU005,Production,E011938,In Use,SCCM,2026-05-31,2022-04-01,2027-04-01,4,1450,8.35,Warranty Expired,10.0,Expiring in 12 Months,0,1,0,0,1450,1,1,0,5,36.0,37.8,Medium,Accelerated,End User Computing / Branch
A0009810,LTP-009810,Laptop,Dell,Latitude 5420,LTPD1TQEMLWFK,2018-03-21,2018-03-23,2021-03-20,885.94,GTA039,BU003,Corporate,E017245,In Use,ServiceNow CMDB,2026-05-31,2021-03-01,2027-06-01,4,1250,8.19,Warranty Expired,12.0,Expiring in 12 Months,0,1,0,0,1250,3,1,1,4,20.23,39.01,Medium,Accelerated,End User Computing / Branch
A0009832,LTP-009832,Laptop,Lenovo,ThinkPad T14 Gen 3,LTPO73J4S5WYM,2018-04-13,2018-05-23,2023-04-12,1091.04,WST015,BU001,Branch,E002727,In Use,SCCM,2026-05-31,2022-04-01,2027-04-01,4,1450,8.03,Warranty Expired,10.0,Expiring in 12 Months,0,1,0,0,1450,1,1,0,6,40.96,40.05,Medium,Accelerated,End User Computing / Branch
A0009834,LTP-009834,Laptop,Lenovo,ThinkPad T14 Gen 3,LTP1MNMHABI6K,2019-07-11,2019-07-12,2022-07-10,1362.71,DC2001,BU002,Corporate,E006740,In Use,SCCM,2026-05-31,2022-04-01,2027-04-01,4,1450,6.89,Warranty Expired,10.0,Expiring in 12 Months,0,1,0,0,1450,1,1,0,7,53.51,42.68,Medium,Accelerated,End User Computing / Branch
A0009839,LTP-009839,Laptop,HP,EliteBook 840 G8,LTP0JT4C24GS9,2020-10-30,2020-11-08,2023-10-30,1101.02,GTA051,BU002,Production,E019905,In Use,ServiceNow CMDB,2026-05-31,2021-01-01,2026-01-01,4,1300,5.56,Warranty Expired,-5.0,Past EOL,1,0,0,0,1300,1,1,0,6,41.44,57.07,High,Immediate,End User Computing / Branch
A0009859,LTP-009859,Laptop,HP,EliteBook 850 G9,LTPTC5D8MFSC1,2020-07-01,2020-08-14,2023-07-01,1341.36,WST025,BU001,Corporate,E020683,In Use,Network Discovery,2026-05-31,2022-05-01,2027-05-01,4,1500,5.8,Warranty Expired,10.9,Expiring in 12 Months,0,1,0,0,1500,1,1,0,4,27.17,35.36,Medium,Accelerated,End User Computing / Branch
A0009871,LTP-009871,Laptop,Dell,Latitude 5420,LTP3T8DMK9PN5,2019-08-13,2019-09-23,2023-08-12,1046.7,TOR006,BU003,Branch,E001585,In Use,ServiceNow CMDB,2026-05-31,2021-03-01,2027-06-01,4,1250,6.69,Warranty Expired,12.0,Expiring in 12 Months,0,1,0,0,1250,1,1,0,5,53.15,38.66,Medium,Accelerated,End User Computing / Branch
A0009889,LTP-009889,Laptop,Lenovo,ThinkPad T14 Gen 3,LTPC3RMXFAZOU,2019-04-19,2019-05-23,2022-04-18,1280.79,GTA027,BU009,Branch,E012876,In Use,ServiceNow CMDB,2026-05-31,2022-04-01,2027-04-01,4,1450,7.03,Warranty Expired,10.0,Expiring in 12 Months,0,1,0,0,1450,3,2,1,2,9.03,42.45,Medium,Accelerated,End User Computing / Branch
A0009896,LTP-009896,Laptop,Dell,Latitude 5420,LTPCJPF8GB5SS,2020-09-24,2020-09-30,2023-09-24,1176.99,GTA031,BU002,Branch,E004981,In Use,ServiceNow CMDB,2026-05-31,2021-03-01,2027-06-01,4,1250,5.67,Warranty Expired,12.0,Expiring in 12 Months,0,1,0,0,1250,2,1,0,3,17.69,32.88,Medium,Accelerated,End User Computing / Branch
A0009902,LTP-009902,Laptop,HP,EliteBook 840 G8,LTP1GHZD5ZWMD,2018-05-12,2018-06-10,2021-05-11,971.58,GTA055,BU003,Branch,E007149,In Use,ServiceNow CMDB,2026-05-31,2021-01-01,2026-01-01,4,1300,7.98,Warranty Expired,-5.0,Past EOL,1,0,0,0,1300,2,0,2,2,18.75,47.94,Medium,Immediate,End User Computing / Branch
A0009912,LTP-009912,Laptop,HP,EliteBook 840 G8,LTPRI0ZAYRU3K,2018-12-04,2018-12-13,2021-12-03,1067.73,GTA057,BU002,Production,E017457,In Use,SCCM,2026-05-31,2021-01-01,2026-01-01,4,1300,7.47,Warranty Expired,-5.0,Past EOL,1,0,0,0,1300,2,1,0,6,36.46,56.82,High,Immediate,End User Computing / Branch
A0009914,LTP-009914,Laptop,HP,EliteBook 840 G8,LTPY73G6NWKEF,2019-07-26,2019-08-24,2022-07-25,1190.47,GTA077,BU004,Corporate,E003856,In Use,ServiceNow CMDB,2026-05-31,2021-01-01,2026-01-01,4,1300,6.77,Warranty Expired,-5.0,Past EOL,1,0,0,0,1300,2,2,0,5,30.93,62.55,High,Immediate,End User Computing / Branch
A0009927,LTP-009927,Laptop,Lenovo,ThinkPad T14 Gen 3,LTPW2O6RUZ20N,2021-11-14,2021-12-28,2025-11-13,1303.03,GTA076,BU003,Corporate,E017669,In Use,SCCM,2026-05-31,2022-04-01,2027-04-01,4,1450,4.43,Warranty Expired,10.0,Expiring in 12 Months,0,1,0,0,1450,2,1,0,3,16.32,32.82,Medium,Accelerated,End User Computing / Branch
A0009970,LTP-009970,Laptop,Lenovo,ThinkPad T14 Gen 3,LTPPUQWGT100C,2020-02-06,2020-03-09,2023-02-05,1166.91,WST022,BU003,Branch,E019268,In Use,ServiceNow CMDB,2026-05-31,2022-04-01,2027-04-01,4,1450,6.23,Warranty Expired,10.0,Expiring in 12 Months,0,1,0,0,1450,1,1,0,5,34.24,37.71,Medium,Accelerated,End User Computing / Branch
A0009978,LTP-009978,Laptop,Dell,Latitude 5420,LTPO9UT2IRXKC,2023-02-25,2023-04-09,2028-02-24,1049.68,GTA060,BU007,Corporate,E012475,In Use,ServiceNow CMDB,2026-05-31,2021-03-01,2027-06-01,4,1250,3.15,Under Warranty,12.0,Expiring in 12 Months,0,1,0,0,1250,2,2,0,5,22.71,45.14,Medium,Accelerated,End User Computing / Branch
A0010012,LTP-010012,Laptop,HP,EliteBook 850 G9,LTP48EQIT044I,2025-08-10,2025-09-16,2028-08-09,1310.02,ATL006,BU001,Branch,E017574,In Use,ServiceNow CMDB,2026-05-31,2022-05-01,2027-05-01,4,1500,0.71,Under Warranty,10.9,Expiring in 12 Months,0,1,0,0,1500,1,1,0,5,37.08,37.85,Medium,Accelerated,End User Computing / Branch
A0010022,LTP-010022,Laptop,Lenovo,ThinkPad T14 Gen 3,LTPZO550P9FVL,2019-06-15,2019-06-20,2022-06-14,1100.05,QUE004,BU001,Production,E002351,In Use,SCCM,2026-05-31,2022-04-01,2027-04-01,4,1450,6.95,Warranty Expired,10.0,Expiring in 12 Months,0,1,0,0,1450,2,1,0,3,34.37,33.72,Medium,Accelerated,End User Computing / Branch
A0010028,LTP-010028,Laptop,HP,EliteBook 850 G9,LTPKZMJ7D8V3P,2025-05-19,2025-05-25,2028-05-18,1187.11,GTA059,BU009,Production,E004210,In Use,ServiceNow CMDB,2026-05-31,2022-05-01,2027-05-01,4,1500,1.02,Under Warranty,10.9,Expiring in 12 Months,0,1,0,0,1500,3,0,2,8,43.64,44.18,Medium,Accelerated,End User Computing / Branch
A0010038,LTP-010038,Laptop,HP,EliteBook 850 G9,LTPS92YE1721H,2024-01-27,2024-02-28,2029-01-25,1008.43,QUE016,BU002,Corporate,E019669,In Use,ServiceNow CMDB,2026-05-31,2022-05-01,2027-05-01,4,1500,2.26,Under Warranty,10.9,Expiring in 12 Months,0,1,0,0,1500,2,1,0,7,64.82,43.24,Medium,Accelerated,End User Computing / Branch
A0010065,LTP-010065,Laptop,HP,EliteBook 840 G8,LTPB769K9KPBZ,2023-03-13,2023-04-11,2027-03-12,1074.03,GTA032,BU002,Production,E013591,In Use,ServiceNow CMDB,2026-05-31,2021-01-01,2026-01-01,4,1300,3.14,Under Warranty,-5.0,Past EOL,1,0,0,0,1300,3,0,2,1,4.73,45.24,Medium,Immediate,End User Computing / Branch
A0010067,LTP-010067,Laptop,HP,EliteBook 840 G8,LTP40DBRZHMXD,2021-10-05,2021-11-08,2024-10-04,1146.64,WST027,BU003,Production,E011527,In Use,ServiceNow CMDB,2026-05-31,2021-01-01,2026-01-01,4,1300,4.56,Warranty Expired,-5.0,Past EOL,1,0,0,0,1300,2,0,2,3,18.5,49.92,Medium,Immediate,End User Computing / Branch
A0010090,LTP-010090,Laptop,HP,EliteBook 840 G8,LTPNQDA8T2IHR,2021-09-17,2021-09-29,2025-09-16,1087.54,ATL011,BU009,Branch,E014016,In Use,ServiceNow CMDB,2026-05-31,2021-01-01,2026-01-01,4,1300,4.67,Warranty Expired,-5.0,Past EOL,1,0,0,0,1300,1,1,0,3,22.14,50.11,Medium,Immediate,End User Computing / Branch
A0010147,LTP-010147,Laptop,Lenovo,ThinkPad T14 Gen 3,LTPVJU04XPWBN,2018-10-04,2018-11-01,2021-10-03,1224.76,ATL005,BU001,Branch,E013068,Retired Pending Disposal,ServiceNow CMDB,2026-05-31,2022-04-01,2027-04-01,4,1450,7.58,Warranty Expired,10.0,Expiring in 12 Months,0,1,0,0,1450,2,1,0,7,84.23,44.21,Medium,Accelerated,End User Computing / Branch
A0010152,LTP-010152,Laptop,Lenovo,ThinkPad T14 Gen 3,LTPPJKINOW2BY,2021-10-01,2021-10-22,2024-09-30,1322.47,ONR005,BU003,Production,E000250,In Use,ServiceNow CMDB,2026-05-31,2022-04-01,2027-04-01,4,1450,4.61,Warranty Expired,10.0,Expiring in 12 Months,0,1,0,0,1450,3,1,0,2,13.91,30.7,Medium,Accelerated,End User Computing / Branch
A0010161,LTP-010161,Laptop,Dell,Latitude 5420,LTPWYA3GG51NU,2019-08-28,2019-09-15,2023-08-27,872.74,WST003,BU006,Corporate,E008537,In Repair,SCCM,2026-05-31,2021-03-01,2027-06-01,4,1250,6.71,Warranty Expired,12.0,Expiring in 12 Months,0,1,0,0,1250,1,1,0,4,24.34,35.22,Medium,Accelerated,End User Computing / Branch
A0010169,LTP-010169,Laptop,Lenovo,ThinkPad T14 Gen 3,LTPRJPHYXY48U,2023-08-04,2023-08-30,2027-08-03,1185.91,QUE009,BU001,Production,E018060,In Use,ServiceNow CMDB,2026-05-31,2022-04-01,2027-04-01,4,1450,2.76,Under Warranty,10.0,Expiring in 12 Months,0,1,0,0,1450,1,1,0,3,13.59,32.68,Medium,Accelerated,End User Computing / Branch
A0010185,LTP-010185,Laptop,Lenovo,ThinkPad T14 Gen 3,LTPLP5JBYC3A3,2018-02-16,2018-02-24,2022-02-15,1095.41,ONR017,BU001,Branch,E018590,In Use,ServiceNow CMDB,2026-05-31,2022-04-01,2027-04-01,4,1450,8.27,Warranty Expired,10.0,Expiring in 12 Months,0,1,0,0,1450,1,1,0,1,5.58,28.28,Low,Accelerated,End User Computing / Branch
A0010209,LTP-010209,Laptop,HP,EliteBook 840 G8,LTPXI10BUSL9R,2023-07-22,2023-08-21,2026-07-21,1171.13,WST018,BU002,Branch,E021762,In Use,Intune,2026-05-31,2021-01-01,2026-01-01,4,1300,2.78,Under Warranty,-5.0,Past EOL,1,0,0,0,1300,2,1,0,3,21.42,50.07,Medium,Immediate,End User Computing / Branch
A0010219,LTP-010219,Laptop,HP,EliteBook 850 G9,LTPBPOIPTZBV0,2018-09-06,2018-09-19,2022-09-05,992.14,GTA038,BU001,Corporate,E004137,In Use,ServiceNow CMDB,2026-05-31,2022-05-01,2027-05-01,4,1500,7.7,Warranty Expired,10.9,Expiring in 12 Months,0,1,0,0,1500,1,1,0,4,39.99,36.0,Medium,Accelerated,End User Computing / Branch
A0010223,LTP-010223,Laptop,HP,EliteBook 850 G9,LTPCBKURKSAGZ,2019-06-25,2019-07-27,2023-06-24,1368.8,GTA071,BU001,Disaster Recovery,E003246,In Use,ServiceNow CMDB,2026-05-31,2022-05-01,2027-05-01,4,1500,6.85,Warranty Expired,10.9,Expiring in 12 Months,0,1,0,0,1500,3,0,2,5,30.18,37.51,Medium,Accelerated,End User Computing / Branch
A0010241,LTP-010241,Laptop,HP,EliteBook 840 G8,LTP0UYASAGX0R,2020-01-22,2020-01-23,2023-01-21,1161.34,ONR018,BU001,Branch,E004009,In Use,SCCM,2026-05-31,2021-01-01,2026-01-01,4,1300,6.36,Warranty Expired,-5.0,Past EOL,1,0,0,0,1300,2,1,0,5,23.96,54.2,Medium,Immediate,End User Computing / Branch
A0010254,LTP-010254,Laptop,Dell,Latitude 5420,LTPMLU4MHSXP9,2018-12-17,2018-12-22,2021-12-16,845.0,QUE013,BU003,Branch,E009723,In Use,SCCM,2026-05-31,2021-03-01,2027-06-01,4,1250,7.44,Warranty Expired,12.0,Expiring in 12 Months,0,1,0,0,1250,2,1,1,8,47.98,48.4,Medium,Accelerated,End User Computing / Branch
A0010276,LTP-010276,Laptop,HP,EliteBook 850 G9,LTPNFDQ93CG02,2021-07-16,2021-07-23,2024-07-15,1138.13,WST007,BU001,Production,E013111,In Use,ServiceNow CMDB,2026-05-31,2022-05-01,2027-05-01,4,1500,4.86,Warranty Expired,10.9,Expiring in 12 Months,0,1,0,0,1500,2,0,2,2,11.69,30.58,Medium,Accelerated,End User Computing / Branch
A0010293,LTP-010293,Laptop,HP,EliteBook 850 G9,LTPWWJR72PSI7,2023-03-05,2023-03-12,2028-03-03,990.7,WST025,BU003,Production,E019260,In Use,ServiceNow CMDB,2026-05-31,2022-05-01,2027-05-01,4,1500,3.23,Under Warranty,10.9,Expiring in 12 Months,0,1,0,0,1500,2,0,2,2,9.18,30.46,Medium,Accelerated,End User Computing / Branch
A0010306,LTP-010306,Laptop,Lenovo,ThinkPad T14 Gen 3,LTP3WH9Y033OD,2019-03-21,2019-05-03,2024-03-19,1296.97,WST017,BU003,Production,E016949,In Use,ServiceNow CMDB,2026-05-31,2022-04-01,2027-04-01,4,1450,7.08,Warranty Expired,10.0,Expiring in 12 Months,0,1,0,0,1450,1,1,0,1,0.58,28.03,Low,Accelerated,End User Computing / Branch
A0010338,LTP-010338,Laptop,HP,EliteBook 850 G9,LTPM6G7NATVKK,2021-08-17,2021-08-29,2024-08-16,1305.75,WST016,BU002,Non-Production,E007725,In Use,ServiceNow CMDB,2026-05-31,2022-05-01,2027-05-01,4,1500,4.76,Warranty Expired,10.9,Expiring in 12 Months,0,1,0,0,1500,1,1,0,3,10.64,32.53,Medium,Accelerated,End User Computing / Branch
A0010397,LTP-010397,Laptop,HP,EliteBook 840 G8,LTPGRBRCOFICT,2023-01-15,2023-02-21,2028-01-14,1065.12,QUE009,BU006,Non-Production,E002822,In Use,ServiceNow CMDB,2026-05-31,2021-01-01,2026-01-01,4,1300,3.28,Under Warranty,-5.0,Past EOL,1,0,0,0,1300,1,1,0,5,23.21,54.16,Medium,Immediate,End User Computing / Branch
A0010401,LTP-010401,Laptop,HP,EliteBook 850 G9,LTPSPFDPLJYUB,2022-08-10,2022-08-31,2026-08-09,1091.32,WST025,BU003,Corporate,E001017,In Use,ServiceNow CMDB,2026-05-31,2022-05-01,2027-05-01,4,1500,3.75,Under Warranty,10.9,Expiring in 12 Months,0,1,0,0,1500,1,1,0,2,10.47,30.52,Medium,Accelerated,End User Computing / Branch
A0010408,LTP-010408,Laptop,Dell,Latitude 5420,LTPT3KLIX8MCI,2020-04-17,2020-04-24,2024-04-16,1154.47,GTA073,BU003,Branch,E016933,In Use,ServiceNow CMDB,2026-05-31,2021-03-01,2027-06-01,4,1250,6.11,Warranty Expired,12.0,Expiring in 12 Months,0,1,0,0,1250,2,1,0,4,11.13,34.56,Medium,Accelerated,End User Computing / Branch
A0010469,LTP-010469,Laptop,Lenovo,ThinkPad T14 Gen 3,LTPQFYELUVW3G,2019-02-03,2019-02-16,2023-02-02,1246.24,ONR002,BU004,Branch,E011389,In Use,ServiceNow CMDB,2026-05-31,2022-04-01,2027-04-01,4,1450,7.29,Warranty Expired,10.0,Expiring in 12 Months,0,1,0,0,1450,1,1,0,3,25.52,33.28,Medium,Accelerated,End User Computing / Branch
A0010475,LTP-010475,Laptop,HP,EliteBook 850 G9,LTPUJPRMUPGA6,2020-04-20,2020-05-07,2023-04-20,1223.42,QUE021,BU006,Branch,E007706,In Use,Intune,2026-05-31,2022-05-01,2027-05-01,4,1500,6.07,Warranty Expired,10.9,Expiring in 12 Months,0,1,0,0,1500,2,1,0,4,23.03,35.15,Medium,Accelerated,End User Computing / Branch
A0010487,LTP-010487,Laptop,HP,EliteBook 840 G8,LTPZW2ARRN81W,2023-06-11,2023-07-10,2027-06-10,1063.93,GTA030,BU001,Production,E017649,In Use,SCCM,2026-05-31,2021-01-01,2026-01-01,4,1300,2.9,Under Warranty,-5.0,Past EOL,1,0,0,0,1300,1,1,0,2,20.73,48.04,Medium,Immediate,End User Computing / Branch
A0010510,LTP-010510,Laptop,Lenovo,ThinkPad T14 Gen 3,LTP1454T0CN3C,2022-02-20,2022-03-24,2025-02-19,1051.41,GTA033,BU003,Production,E010616,In Use,ServiceNow CMDB,2026-05-31,2022-04-01,2027-04-01,4,1450,4.19,Warranty Expired,10.0,Expiring in 12 Months,0,1,0,0,1450,2,1,0,9,91.41,48.57,Medium,Accelerated,End User Computing / Branch
A0010522,LTP-010522,Laptop,Dell,Latitude 5420,LTPLCYANRJOTM,2019-05-14,2019-06-26,2024-05-12,995.49,QUE011,BU004,Corporate,E013062,In Stock,ServiceNow CMDB,2026-05-31,2021-03-01,2027-06-01,4,1250,6.93,Warranty Expired,12.0,Expiring in 12 Months,0,1,0,0,1250,2,1,0,4,31.5,35.58,Medium,Accelerated,End User Computing / Branch
A0010556,LTP-010556,Laptop,HP,EliteBook 840 G8,LTP2HNME7ENPS,2020-01-25,2020-02-23,2024-01-24,859.87,ATL010,BU004,Disaster Recovery,E008413,In Use,ServiceNow CMDB,2026-05-31,2021-01-01,2026-01-01,4,1300,6.27,Warranty Expired,-5.0,Past EOL,1,0,0,0,1300,4,0,2,4,36.73,52.84,Medium,Immediate,End User Computing / Branch
A0010567,LTP-010567,Laptop,Dell,Latitude 5420,LTPZKTC01LY39,2022-10-10,2022-11-17,2027-10-09,1137.59,TOR003,BU002,Branch,E008458,In Use,ServiceNow CMDB,2026-05-31,2021-03-01,2027-06-01,4,1250,3.54,Under Warranty,12.0,Expiring in 12 Months,0,1,0,0,1250,1,1,0,5,44.29,38.21,Medium,Accelerated,End User Computing / Branch
A0010571,LTP-010571,Laptop,HP,EliteBook 840 G8,LTPP1G9635KUJ,2022-05-25,2022-06-09,2026-05-24,866.61,GTA047,BU002,Branch,E017678,In Use,ServiceNow CMDB,2026-05-31,2021-01-01,2026-01-01,4,1300,3.98,Warranty Expired,-5.0,Past EOL,1,0,0,0,1300,2,1,1,7,34.62,62.73,High,Immediate,End User Computing / Branch
A0010585,LTP-010585,Laptop,HP,EliteBook 850 G9,LTP5V3KXPN8SN,2018-03-15,2018-04-29,2021-03-14,1118.68,QUE008,BU002,Disaster Recovery,E008141,In Use,SCCM,2026-05-31,2022-05-01,2027-05-01,4,1500,8.09,Warranty Expired,10.9,Expiring in 12 Months,0,1,0,0,1500,2,1,1,6,31.9,43.6,Medium,Accelerated,End User Computing / Branch
A0010597,LTP-010597,Laptop,HP,EliteBook 840 G8,LTP8BT1VVWQKV,2021-01-23,2021-03-03,2024-01-23,882.96,ONR015,BU001,Branch,E019397,In Use,SCCM,2026-05-31,2021-01-01,2026-01-01,4,1300,5.25,Warranty Expired,-5.0,Past EOL,1,0,0,0,1300,2,1,0,4,23.8,52.19,Medium,Immediate,End User Computing / Branch
A0010617,LTP-010617,Laptop,Dell,Latitude 5420,LTPUN8N5NL76M,2020-02-10,2020-03-16,2025-02-08,1082.18,GTA057,BU004,Production,E005632,In Use,ServiceNow CMDB,2026-05-31,2021-03-01,2027-06-01,4,1250,6.21,Warranty Expired,12.0,Expiring in 12 Months,0,1,0,0,1250,1,1,0,4,30.6,35.53,Medium,Accelerated,End User Computing / Branch
A0010700,LTP-010700,Laptop,Lenovo,ThinkPad T14 Gen 3,LTPY0MUU90HK9,2021-01-27,2021-02-24,2024-01-27,1266.42,GTA072,BU001,Branch,E016654,In Use,ServiceNow CMDB,2026-05-31,2022-04-01,2027-04-01,4,1450,5.27,Warranty Expired,10.0,Expiring in 12 Months,0,1,0,0,1450,1,1,0,4,21.84,35.09,Medium,Accelerated,End User Computing / Branch
A0010711,LTP-010711,Laptop,HP,EliteBook 840 G8,LTPQ5PWHCI871,2019-06-18,2019-06-29,2024-06-16,1221.65,GTA021,BU008,Production,E016892,In Use,Network Discovery,2026-05-31,2021-01-01,2026-01-01,4,1300,6.93,Warranty Expired,-5.0,Past EOL,1,0,0,0,1300,1,1,0,2,6.99,47.35,Medium,Immediate,End User Computing / Branch
A0010731,LTP-010731,Laptop,Dell,Latitude 5420,LTP7IOXYRE34J,2022-01-08,2022-01-16,2027-01-07,837.54,GTA011,BU002,Production,E018431,In Use,Intune,2026-05-31,2021-03-01,2027-06-01,4,1250,4.38,Under Warranty,12.0,Expiring in 12 Months,0,1,0,0,1250,1,1,0,3,10.36,32.52,Medium,Accelerated,End User Computing / Branch
A0010738,LTP-010738,Laptop,Lenovo,ThinkPad T14 Gen 3,LTPTR3QDI4PY6,2024-11-28,2025-01-10,2027-11-28,966.06,WST003,BU001,Branch,E004791,In Use,SCCM,2026-05-31,2022-04-01,2027-04-01,4,1450,1.39,Under Warranty,10.0,Expiring in 12 Months,0,1,0,0,1450,4,1,1,5,31.43,41.57,Medium,Accelerated,End User Computing / Branch
A0010743,LTP-010743,Laptop,Dell,Latitude 5420,LTP76HNREA3K0,2019-04-11,2019-04-20,2024-04-09,1138.71,GTA077,BU010,Non-Production,E002856,In Use,ServiceNow CMDB,2026-05-31,2021-03-01,2027-06-01,4,1250,7.12,Warranty Expired,12.0,Expiring in 12 Months,0,1,0,0,1250,2,0,2,7,49.27,42.46,Medium,Accelerated,End User Computing / Branch
A0010745,LTP-010745,Laptop,Lenovo,ThinkPad T14 Gen 3,LTP4PNUQQPDIX,2018-10-27,2018-12-02,2023-10-26,1352.68,ONR006,BU006,Branch,E001178,In Use,ServiceNow CMDB,2026-05-31,2022-04-01,2027-04-01,4,1450,7.5,Warranty Expired,10.0,Expiring in 12 Months,0,1,0,0,1450,1,1,0,2,8.35,30.42,Medium,Accelerated,End User Computing / Branch
A0010746,LTP-010746,Laptop,HP,EliteBook 840 G8,LTPJVRCKU6O1S,2024-02-02,2024-02-08,2028-02-01,1103.69,GTA079,BU002,Production,E018885,In Use,ServiceNow CMDB,2026-05-31,2021-01-01,2026-01-01,4,1300,2.31,Under Warranty,-5.0,Past EOL,1,0,0,0,1300,1,1,0,8,50.16,61.51,High,Immediate,End User Computing / Branch
A0010755,LTP-010755,Laptop,Lenovo,ThinkPad T14 Gen 3,LTP51T1G2T1EP,2022-06-10,2022-06-29,2025-06-09,993.98,ONR001,BU002,Production,E014775,In Use,Network Discovery,2026-05-31,2022-04-01,2027-04-01,4,1450,3.93,Warranty Expired,10.0,Expiring in 12 Months,0,1,0,0,1450,1,1,0,2,7.83,30.39,Medium,Accelerated,End User Computing / Branch
A0010783,LTP-010783,Laptop,Lenovo,ThinkPad T14 Gen 3,LTP3DYHYDGWK6,2020-03-22,2020-04-08,2023-03-22,1252.15,QUE004,BU001,Non-Production,E016857,In Use,ServiceNow CMDB,2026-05-31,2022-04-01,2027-04-01,4,1450,6.15,Warranty Expired,10.0,Expiring in 12 Months,0,1,0,0,1450,3,1,1,5,65.58,43.28,Medium,Accelerated,End User Computing / Branch
A0010789,LTP-010789,Laptop,Dell,Latitude 5420,LTPNLIODLY68B,2021-09-29,2021-11-02,2024-09-28,1180.47,ATL012,BU010,Production,E017122,In Use,Network Discovery,2026-05-31,2021-03-01,2027-06-01,4,1250,4.58,Warranty Expired,12.0,Expiring in 12 Months,0,1,0,0,1250,2,1,0,9,44.92,46.25,Medium,Accelerated,End User Computing / Branch
A0010798,LTP-010798,Laptop,HP,EliteBook 840 G8,LTPB7AU83NSWT,2019-01-21,2019-02-05,2023-01-20,987.07,ATL002,BU003,Disaster Recovery,E009438,In Stock,ServiceNow CMDB,2026-05-31,2021-01-01,2026-01-01,4,1300,7.32,Warranty Expired,-5.0,Past EOL,1,0,0,0,1300,2,1,0,2,9.0,47.45,Medium,Immediate,End User Computing / Branch
A0010806,LTP-010806,Laptop,HP,EliteBook 840 G8,LTPX8LMTLENGS,2025-04-20,2025-05-23,2030-04-19,1033.03,GTA001,BU008,Branch,E003350,In Use,Intune,2026-05-31,2021-01-01,2026-01-01,4,1300,1.03,Under Warranty,-5.0,Past EOL,1,0,0,0,1300,2,0,2,3,21.51,50.08,Medium,Immediate,End User Computing / Branch
A0010812,LTP-010812,Laptop,HP,EliteBook 840 G8,LTPFTSRG8FVBD,2022-11-04,2022-11-06,2025-11-03,1030.74,TOR006,BU001,Production,E002680,In Stock,SCCM,2026-05-31,2021-01-01,2026-01-01,4,1300,3.57,Warranty Expired,-5.0,Past EOL,1,0,0,0,1300,2,1,0,5,34.83,54.74,Medium,Immediate,End User Computing / Branch
A0010819,LTP-010819,Laptop,HP,EliteBook 840 G8,LTPZLS69B32LT,2023-04-24,2023-05-16,2027-04-23,964.85,GTA034,BU006,Production,E018096,In Use,ServiceNow CMDB,2026-05-31,2021-01-01,2026-01-01,4,1300,3.05,Under Warranty,-5.0,Past EOL,1,0,0,0,1300,1,1,0,3,33.01,50.65,Medium,Immediate,End User Computing / Branch
A0010843,LTP-010843,Laptop,HP,EliteBook 850 G9,LTPC9H43Z90DV,2024-05-22,2024-06-11,2027-05-22,1324.71,GTA007,BU001,Branch,E020494,In Use,ServiceNow CMDB,2026-05-31,2022-05-01,2027-05-01,4,1500,1.97,Under Warranty,10.9,Expiring in 12 Months,0,1,0,0,1500,2,1,0,2,13.43,30.67,Medium,Accelerated,End User Computing / Branch
A0010850,LTP-010850,Laptop,HP,EliteBook 840 G8,LTPV2CXCINHRF,2021-05-20,2021-06-04,2024-05-19,1234.31,WST001,BU002,Branch,E015938,In Use,ServiceNow CMDB,2026-05-31,2021-01-01,2026-01-01,4,1300,4.99,Warranty Expired,-5.0,Past EOL,1,0,0,0,1300,1,1,0,8,42.69,61.13,High,Immediate,End User Computing / Branch
A0010878,LTP-010878,Laptop,HP,EliteBook 840 G8,LTPLY6Q1QJR1Z,2023-01-03,2023-01-21,2026-01-02,981.33,TOR001,BU002,Production,E001191,In Use,ServiceNow CMDB,2026-05-31,2021-01-01,2026-01-01,4,1300,3.36,Warranty Expired,-5.0,Past EOL,1,0,0,0,1300,1,1,0,5,19.79,53.99,Medium,Immediate,End User Computing / Branch
A0010910,LTP-010910,Laptop,HP,EliteBook 850 G9,LTPVTZ8VGCLT6,2023-11-28,2023-12-04,2026-11-27,1038.25,WST007,BU001,Non-Production,E008808,In Use,Intune,2026-05-31,2022-05-01,2027-05-01,4,1500,2.49,Under Warranty,10.9,Expiring in 12 Months,0,1,0,0,1500,1,1,0,7,42.07,42.1,Medium,Accelerated,End User Computing / Branch
A0010916,LTP-010916,Laptop,HP,EliteBook 840 G8,LTP8RG0AQ2DEU,2020-06-24,2020-06-30,2023-06-24,940.84,QUE013,BU009,Production,E014947,In Use,ServiceNow CMDB,2026-05-31,2021-01-01,2026-01-01,4,1300,5.92,Warranty Expired,-5.0,Past EOL,1,0,0,0,1300,1,1,0,1,6.36,45.32,Medium,Immediate,End User Computing / Branch
A0010919,LTP-010919,Laptop,Lenovo,ThinkPad T14 Gen 3,LTPVN4SSCP0L9,2018-01-20,2018-01-22,2021-01-19,1177.63,GTA019,BU001,Branch,E013745,In Use,Network Discovery,2026-05-31,2022-04-01,2027-04-01,4,1450,8.36,Warranty Expired,10.0,Expiring in 12 Months,0,1,0,0,1450,3,1,0,5,56.93,38.85,Medium,Accelerated,End User Computing / Branch
A0010928,LTP-010928,Laptop,HP,EliteBook 850 G9,LTPYWG09Q52PE,2022-04-11,2022-05-26,2026-04-10,1169.19,ONR003,BU001,Production,E002765,In Use,ServiceNow CMDB,2026-05-31,2022-05-01,2027-05-01,4,1500,4.02,Warranty Expired,10.9,Expiring in 12 Months,0,1,0,0,1500,1,1,0,3,12.68,32.63,Medium,Accelerated,End User Computing / Branch
A0010982,LTP-010982,Laptop,Lenovo,ThinkPad T14 Gen 3,LTP14LESJ12I1,2021-10-10,2021-11-06,2024-10-09,1121.97,GTA070,BU003,Branch,E021667,In Use,Network Discovery,2026-05-31,2022-04-01,2027-04-01,4,1450,4.57,Warranty Expired,10.0,Expiring in 12 Months,0,1,0,0,1450,2,1,0,3,10.15,32.51,Medium,Accelerated,End User Computing / Branch
A0011006,LTP-011006,Laptop,HP,EliteBook 840 G8,LTP5GCQG4XVCY,2023-02-15,2023-03-08,2027-02-14,1191.05,TOR006,BU001,Production,E007822,In Use,Network Discovery,2026-05-31,2021-01-01,2026-01-01,4,1300,3.24,Under Warranty,-5.0,Past EOL,1,0,0,0,1300,3,1,1,3,27.96,54.4,Medium,Immediate,End User Computing / Branch
A0011031,LTP-011031,Laptop,HP,EliteBook 840 G8,LTPVMK47V9YZE,2021-08-06,2021-09-03,2025-08-05,1006.28,TOR002,BU001,Branch,E003991,In Use,Intune,2026-05-31,2021-01-01,2026-01-01,4,1300,4.74,Warranty Expired,-5.0,Past EOL,1,0,0,0,1300,3,0,2,2,12.06,47.6,Medium,Immediate,End User Computing / Branch
A0011032,LTP-011032,Laptop,Dell,Latitude 5420,LTPZ4T4K0BGTD,2019-02-09,2019-02-16,2024-02-08,882.84,GTA028,BU001,Non-Production,E004834,In Use,SCCM,2026-05-31,2021-03-01,2027-06-01,4,1250,7.29,Warranty Expired,12.0,Expiring in 12 Months,0,1,0,0,1250,1,1,0,4,24.37,35.22,Medium,Accelerated,End User Computing / Branch
A0011033,LTP-011033,Laptop,Dell,Latitude 5420,LTPGATPDTBNZ3,2022-03-14,2022-04-19,2025-03-13,1125.18,GTA057,BU001,Branch,E011647,In Use,ServiceNow CMDB,2026-05-31,2021-03-01,2027-06-01,4,1250,4.12,Warranty Expired,12.0,Expiring in 12 Months,0,1,0,0,1250,2,1,0,4,13.5,34.67,Medium,Accelerated,End User Computing / Branch
A0011083,LTP-011083,Laptop,HP,EliteBook 840 G8,LTP9ORPNIQTGG,2018-12-07,2018-12-20,2021-12-06,911.73,QUE021,BU001,Corporate,E000650,In Use,Network Discovery,2026-05-31,2021-01-01,2026-01-01,4,1300,7.45,Warranty Expired,-5.0,Past EOL,1,0,0,0,1300,1,1,0,7,53.18,59.66,High,Immediate,End User Computing / Branch
A0011120,LTP-011120,Laptop,Dell,Latitude 5420,LTPBHSERKPD70,2021-02-05,2021-03-16,2025-02-04,974.25,QUE005,BU005,Production,E007882,In Use,ServiceNow CMDB,2026-05-31,2021-03-01,2027-06-01,4,1250,5.21,Warranty Expired,12.0,Expiring in 12 Months,0,1,0,0,1250,2,1,0,5,36.54,37.83,Medium,Accelerated,End User Computing / Branch
A0011122,LTP-011122,Laptop,Dell,Latitude 5420,LTPBMJ3L6TACD,2024-03-21,2024-04-30,2027-03-21,1043.07,WST004,BU007,Non-Production,E008306,In Use,ServiceNow CMDB,2026-05-31,2021-03-01,2027-06-01,4,1250,2.09,Under Warranty,12.0,Expiring in 12 Months,0,1,0,0,1250,2,0,2,8,65.1,45.26,Medium,Accelerated,End User Computing / Branch
A0011147,LTP-011147,Laptop,HP,EliteBook 850 G9,LTPGBE0TA5U1Z,2019-10-12,2019-10-30,2024-10-10,1215.45,QUE014,BU001,Production,E018592,In Use,ServiceNow CMDB,2026-05-31,2022-05-01,2027-05-01,4,1500,6.59,Warranty Expired,10.9,Expiring in 12 Months,0,1,0,0,1500,1,1,0,7,56.01,42.8,Medium,Accelerated,End User Computing / Branch
A0011164,LTP-011164,Laptop,Dell,Latitude 5420,LTPVUITXI9WUB,2021-12-08,2022-01-17,2024-12-07,893.77,WST006,BU005,Production,E007733,In Use,Network Discovery,2026-05-31,2021-03-01,2027-06-01,4,1250,4.37,Warranty Expired,12.0,Expiring in 12 Months,0,1,0,0,1250,1,1,0,5,33.52,37.68,Medium,Accelerated,End User Computing / Branch
A0011190,LTP-011190,Laptop,Dell,Latitude 5420,LTPR9FZTPAJC4,2021-02-05,2021-03-22,2024-02-05,1146.69,GTA053,BU001,Branch,E019271,In Stock,ServiceNow CMDB,2026-05-31,2021-03-01,2027-06-01,4,1250,5.2,Warranty Expired,12.0,Expiring in 12 Months,0,1,0,0,1250,1,1,0,2,5.94,30.3,Medium,Accelerated,End User Computing / Branch
A0011196,LTP-011196,Laptop,HP,EliteBook 850 G9,LTP3NBWG1PGIQ,2024-10-06,2024-10-07,2027-10-06,1293.89,QUE002,BU003,Production,E003852,In Use,Network Discovery,2026-05-31,2022-05-01,2027-05-01,4,1500,1.65,Under Warranty,10.9,Expiring in 12 Months,0,1,0,0,1500,3,0,3,4,38.96,39.95,Medium,Accelerated,End User Computing / Branch
A0011204,LTP-011204,Laptop,Lenovo,ThinkPad T14 Gen 3,LTP9YLWE8X8Q5,2022-04-17,2022-05-07,2025-04-16,1329.42,GTA002,BU001,Branch,E011146,In Use,ServiceNow CMDB,2026-05-31,2022-04-01,2027-04-01,4,1450,4.07,Warranty Expired,10.0,Expiring in 12 Months,0,1,0,0,1450,2,0,2,2,12.38,30.62,Medium,Accelerated,End User Computing / Branch
A0011210,LTP-011210,Laptop,Lenovo,ThinkPad T14 Gen 3,LTPX6TB6M48U1,2018-10-11,2018-11-02,2021-10-10,1036.64,WST008,BU002,Production,E005938,In Use,SCCM,2026-05-31,2022-04-01,2027-04-01,4,1450,7.58,Warranty Expired,10.0,Expiring in 12 Months,0,1,0,0,1450,2,0,2,1,12.6,28.63,Low,Accelerated,End User Computing / Branch
A0011225,LTP-011225,Laptop,Dell,Latitude 5420,LTP3MUP3IF7HV,2023-02-04,2023-03-11,2027-02-03,919.53,QUE024,BU002,Corporate,E000604,In Use,ServiceNow CMDB,2026-05-31,2021-03-01,2027-06-01,4,1250,3.23,Under Warranty,12.0,Expiring in 12 Months,0,1,0,0,1250,1,1,0,2,8.17,30.41,Medium,Accelerated,End User Computing / Branch
A0011234,LTP-011234,Laptop,HP,EliteBook 840 G8,LTPB6O7GYXFVV,2023-11-18,2023-12-11,2028-11-16,1230.82,GTA026,BU008,Production,E008981,In Use,ServiceNow CMDB,2026-05-31,2021-01-01,2026-01-01,4,1300,2.48,Under Warranty,-5.0,Past EOL,1,0,0,0,1300,2,1,0,3,14.97,49.75,Medium,Immediate,End User Computing / Branch
A0011238,LTP-011238,Laptop,Dell,Latitude 5420,LTP9SX5QSYARG,2021-07-25,2021-07-28,2024-07-24,1065.94,QUE019,BU001,Production,E019327,In Use,SCCM,2026-05-31,2021-03-01,2027-06-01,4,1250,4.85,Warranty Expired,12.0,Expiring in 12 Months,0,1,0,0,1250,1,1,0,5,40.84,38.04,Medium,Accelerated,End User Computing / Branch
A0011294,LTP-011294,Laptop,HP,EliteBook 850 G9,LTPFFG68P81YW,2022-07-11,2022-08-20,2025-07-10,1163.64,WST020,BU003,Production,E006354,In Use,SCCM,2026-05-31,2022-05-01,2027-05-01,4,1500,3.78,Warranty Expired,10.9,Expiring in 12 Months,0,1,0,0,1500,1,1,0,1,3.35,28.17,Low,Accelerated,End User Computing / Branch
A0011312,LTP-011312,Laptop,Dell,Latitude 5420,LTP3SIMRS5MIX,2021-02-03,2021-02-13,2026-02-02,919.57,WST022,BU005,Branch,E018987,Retired Pending Disposal,ServiceNow CMDB,2026-05-31,2021-03-01,2027-06-01,4,1250,5.3,Warranty Expired,12.0,Expiring in 12 Months,0,1,0,0,1250,1,1,0,3,23.5,33.17,Medium,Accelerated,End User Computing / Branch
A0011315,LTP-011315,Laptop,Dell,Latitude 5420,LTP5TPMECSKM4,2023-07-02,2023-07-23,2028-06-30,1132.74,GTA020,BU010,Branch,E014943,In Use,Intune,2026-05-31,2021-03-01,2027-06-01,4,1250,2.86,Under Warranty,12.0,Expiring in 12 Months,0,1,0,0,1250,1,1,0,6,48.45,40.42,Medium,Accelerated,End User Computing / Branch
A0011320,LTP-011320,Laptop,Lenovo,ThinkPad T14 Gen 3,LTPVYRHXJJZ8G,2020-09-29,2020-11-07,2023-09-29,1203.5,TOR003,BU004,Production,E021909,In Use,Intune,2026-05-31,2022-04-01,2027-04-01,4,1450,5.57,Warranty Expired,10.0,Expiring in 12 Months,0,1,0,0,1450,1,1,0,6,32.95,39.65,Medium,Accelerated,End User Computing / Branch
A0011338,LTP-011338,Laptop,HP,EliteBook 850 G9,LTPCZP1R9DA21,2021-11-15,2021-12-20,2024-11-14,1288.92,GTA033,BU003,Branch,E013742,In Use,ServiceNow CMDB,2026-05-31,2022-05-01,2027-05-01,4,1500,4.45,Warranty Expired,10.9,Expiring in 12 Months,0,1,0,0,1500,1,1,0,4,15.26,34.76,Medium,Accelerated,End User Computing / Branch
A0011354,LTP-011354,Laptop,Dell,Latitude 5420,LTPWWQJSCD8QD,2021-08-05,2021-08-11,2026-08-04,1127.03,GTA065,BU007,Non-Production,E018712,In Use,ServiceNow CMDB,2026-05-31,2021-03-01,2027-06-01,4,1250,4.81,Under Warranty,12.0,Expiring in 12 Months,0,1,0,0,1250,4,2,1,5,32.04,49.6,Medium,Accelerated,End User Computing / Branch
A0011363,LTP-011363,Laptop,Dell,Latitude 5420,LTP1PDFOU0J2G,2018-06-05,2018-06-13,2022-06-04,1153.08,ONR010,BU003,Branch,E009035,In Use,SCCM,2026-05-31,2021-03-01,2027-06-01,4,1250,7.97,Warranty Expired,12.0,Expiring in 12 Months,0,1,0,0,1250,1,1,0,2,11.93,30.6,Medium,Accelerated,End User Computing / Branch
A0011381,LTP-011381,Laptop,Dell,Latitude 5420,LTP5OBD3AKX2I,2020-02-04,2020-02-24,2025-02-02,1027.52,QUE002,BU002,Disaster Recovery,E013782,In Use,ServiceNow CMDB,2026-05-31,2021-03-01,2027-06-01,4,1250,6.27,Warranty Expired,12.0,Expiring in 12 Months,0,1,0,0,1250,1,1,0,6,26.86,39.34,Medium,Accelerated,End User Computing / Branch
A0011382,LTP-011382,Laptop,Dell,Latitude 5420,LTPOJQXYJQVXE,2019-04-12,2019-05-03,2023-04-11,952.26,GTA019,BU003,Branch,E012126,In Use,ServiceNow CMDB,2026-05-31,2021-03-01,2027-06-01,4,1250,7.08,Warranty Expired,12.0,Expiring in 12 Months,0,1,0,0,1250,3,0,2,5,32.29,37.61,Medium,Accelerated,End User Computing / Branch
A0011400,LTP-011400,Laptop,HP,EliteBook 840 G8,LTPAY9VZOBOM2,2020-07-22,2020-08-27,2023-07-22,989.36,GTA051,BU001,Non-Production,E013849,In Use,SCCM,2026-05-31,2021-01-01,2026-01-01,4,1300,5.76,Warranty Expired,-5.0,Past EOL,1,0,0,0,1300,2,2,0,4,21.57,60.08,High,Immediate,End User Computing / Branch
A0011405,LTP-011405,Laptop,Lenovo,ThinkPad T14 Gen 3,LTP6BBHMD5APC,2020-05-01,2020-06-13,2023-05-01,1267.03,GTA022,BU001,Production,E010673,In Use,SCCM,2026-05-31,2022-04-01,2027-04-01,4,1450,5.97,Warranty Expired,10.0,Expiring in 12 Months,0,1,0,0,1450,2,0,2,0,0.0,26.0,Low,Accelerated,End User Computing / Branch
A0011416,LTP-011416,Laptop,Lenovo,ThinkPad T14 Gen 3,LTPJKT4HKYQAO,2024-09-16,2024-09-29,2028-09-15,1268.07,QUE014,BU004,Disaster Recovery,E005209,In Use,Intune,2026-05-31,2022-04-01,2027-04-01,4,1450,1.67,Under Warranty,10.0,Expiring in 12 Months,0,1,0,0,1450,2,1,0,5,30.65,37.53,Medium,Accelerated,End User Computing / Branch
A0011439,LTP-011439,Laptop,HP,EliteBook 840 G8,LTPLHZTI1XTFV,2018-10-16,2018-11-29,2023-10-15,1212.12,QUE021,BU001,Non-Production,E020541,In Repair,ServiceNow CMDB,2026-05-31,2021-01-01,2026-01-01,4,1300,7.51,Warranty Expired,-5.0,Past EOL,1,0,0,0,1300,1,1,0,5,39.49,54.97,Medium,Immediate,End User Computing / Branch
A0011445,LTP-011445,Laptop,HP,EliteBook 850 G9,LTP708AV80X1F,2018-07-17,2018-08-06,2023-07-16,1317.56,GTA080,BU001,Production,E004209,In Stock,ServiceNow CMDB,2026-05-31,2022-05-01,2027-05-01,4,1500,7.82,Warranty Expired,10.9,Expiring in 12 Months,0,1,0,0,1500,2,0,2,0,0.0,26.0,Low,Accelerated,End User Computing / Branch
A0011458,LTP-011458,Laptop,HP,EliteBook 840 G8,LTPZC0A1Y2C6O,2022-09-12,2022-10-08,2026-09-11,1147.4,QUE007,BU002,Branch,E016944,In Use,SCCM,2026-05-31,2021-01-01,2026-01-01,4,1300,3.65,Under Warranty,-5.0,Past EOL,1,0,0,0,1300,1,1,0,3,21.59,50.08,Medium,Immediate,End User Computing / Branch
A0011461,LTP-011461,Laptop,Dell,Latitude 5420,LTP1HSB3XRBAG,2024-05-03,2024-06-03,2029-05-02,887.0,ONR014,BU002,Production,E013299,In Use,ServiceNow CMDB,2026-05-31,2021-03-01,2027-06-01,4,1250,2.0,Under Warranty,12.0,Expiring in 12 Months,0,1,0,0,1250,1,1,0,4,26.98,35.35,Medium,Accelerated,End User Computing / Branch
A0011482,LTP-011482,Laptop,Dell,Latitude 5420,LTPPFIWW8Y9WE,2019-09-15,2019-10-25,2023-09-14,1014.67,ONR003,BU003,Production,E012398,In Use,ServiceNow CMDB,2026-05-31,2021-03-01,2027-06-01,4,1250,6.6,Warranty Expired,12.0,Expiring in 12 Months,0,1,0,0,1250,2,1,0,5,24.19,37.21,Medium,Accelerated,End User Computing / Branch
A0011488,LTP-011488,Laptop,Dell,Latitude 5420,LTPSCL1RSZGJY,2022-05-16,2022-06-26,2025-05-15,1005.88,ATL005,BU003,Production,E019811,In Use,ServiceNow CMDB,2026-05-31,2021-03-01,2027-06-01,4,1250,3.93,Warranty Expired,12.0,Expiring in 12 Months,0,1,0,0,1250,3,1,1,3,27.38,37.37,Medium,Accelerated,End User Computing / Branch
A0011507,LTP-011507,Laptop,Dell,Latitude 5420,LTPIVHTHCKZ2P,2019-04-10,2019-05-17,2022-04-09,849.77,GTA006,BU004,Corporate,E003181,In Use,ServiceNow CMDB,2026-05-31,2021-03-01,2027-06-01,4,1250,7.04,Warranty Expired,12.0,Expiring in 12 Months,0,1,0,0,1250,1,1,0,5,31.09,37.55,Medium,Accelerated,End User Computing / Branch
A0011538,LTP-011538,Laptop,Lenovo,ThinkPad T14 Gen 3,LTPBVFU8R4XRY,2021-08-09,2021-09-10,2025-08-08,1195.91,GTA079,BU004,Production,E016149,In Use,SCCM,2026-05-31,2022-04-01,2027-04-01,4,1450,4.73,Warranty Expired,10.0,Expiring in 12 Months,0,1,0,0,1450,3,1,1,4,26.89,39.34,Medium,Accelerated,End User Computing / Branch
A0011549,LTP-011549,Laptop,HP,EliteBook 840 G8,LTPFMG9J61K7V,2018-06-10,2018-07-24,2021-06-09,1136.49,WST029,BU009,Branch,E000294,In Stock,ServiceNow CMDB,2026-05-31,2021-01-01,2026-01-01,4,1300,7.86,Warranty Expired,-5.0,Past EOL,1,0,0,0,1300,3,1,0,6,28.28,56.41,High,Immediate,End User Computing / Branch
A0011562,LTP-011562,Laptop,HP,EliteBook 850 G9,LTP7KORFB7S6O,2021-03-09,2021-03-26,2024-03-08,1074.84,ATL014,BU006,Production,E001001,In Use,SCCM,2026-05-31,2022-05-01,2027-05-01,4,1500,5.19,Warranty Expired,10.9,Expiring in 12 Months,0,1,0,0,1500,2,0,2,2,6.46,30.32,Medium,Accelerated,End User Computing / Branch
A0011587,LTP-011587,Laptop,HP,EliteBook 840 G8,LTPAVKDIL6OS8,2023-07-08,2023-08-20,2026-07-07,885.86,GTA015,BU006,Branch,E013163,In Use,Network Discovery,2026-05-31,2021-01-01,2026-01-01,4,1300,2.78,Under Warranty,-5.0,Past EOL,1,0,0,0,1300,4,0,2,4,30.55,52.53,Medium,Immediate,End User Computing / Branch
A0011618,LTP-011618,Laptop,Lenovo,ThinkPad T14 Gen 3,LTPQVN73PB0RW,2022-11-01,2022-12-06,2025-10-31,1136.98,TOR001,BU002,Branch,E017507,In Use,ServiceNow CMDB,2026-05-31,2022-04-01,2027-04-01,4,1450,3.49,Warranty Expired,10.0,Expiring in 12 Months,0,1,0,0,1450,2,1,0,5,40.92,38.05,Medium,Accelerated,End User Computing / Branch
A0011625,LTP-011625,Laptop,Dell,Latitude 5420,LTP1I53Y28YUV,2021-02-02,2021-02-09,2024-02-02,1087.48,GTA039,BU002,Non-Production,E015064,In Use,SCCM,2026-05-31,2021-03-01,2027-06-01,4,1250,5.31,Warranty Expired,12.0,Expiring in 12 Months,0,1,0,0,1250,2,1,1,4,28.11,39.41,Medium,Accelerated,End User Computing / Branch
A0011637,LTP-011637,Laptop,Dell,Latitude 5420,LTPP6LHFZBLY4,2020-12-20,2021-01-14,2024-12-19,1179.39,GTA059,BU009,Production,E005107,In Use,ServiceNow CMDB,2026-05-31,2021-03-01,2027-06-01,4,1250,5.38,Warranty Expired,12.0,Expiring in 12 Months,0,1,0,0,1250,1,1,0,7,57.88,42.89,Medium,Accelerated,End User Computing / Branch
A0011640,LTP-011640,Laptop,Dell,Latitude 5420,LTP8SRA7YNSP1,2023-04-02,2023-05-02,2026-04-01,938.7,ONR019,BU004,Corporate,E017633,In Use,Intune,2026-05-31,2021-03-01,2027-06-01,4,1250,3.09,Warranty Expired,12.0,Expiring in 12 Months,0,1,0,0,1250,3,1,0,5,50.81,38.54,Medium,Accelerated,End User Computing / Branch
A0011668,LTP-011668,Laptop,Lenovo,ThinkPad T14 Gen 3,LTPVJA8GJ8W4C,2022-09-30,2022-11-03,2026-09-29,1213.56,ATL003,BU002,Production,E006580,In Use,ServiceNow CMDB,2026-05-31,2022-04-01,2027-04-01,4,1450,3.58,Under Warranty,10.0,Expiring in 12 Months,0,1,0,0,1450,2,1,1,4,21.48,39.07,Medium,Accelerated,End User Computing / Branch
A0011705,LTP-011705,Laptop,HP,EliteBook 850 G9,LTP48XRR3JXCZ,2019-03-04,2019-04-15,2022-03-03,1108.24,WST007,BU003,Production,E018635,In Use,ServiceNow CMDB,2026-05-31,2022-05-01,2027-05-01,4,1500,7.13,Warranty Expired,10.9,Expiring in 12 Months,0,1,0,0,1500,2,0,2,5,22.62,37.13,Medium,Accelerated,End User Computing / Branch
A0011729,LTP-011729,Laptop,HP,EliteBook 850 G9,LTPUOP2PEZ1CG,2018-11-15,2018-12-15,2022-11-14,1255.03,GTA006,BU003,Production,E020022,In Stock,Network Discovery,2026-05-31,2022-05-01,2027-05-01,4,1500,7.46,Warranty Expired,10.9,Expiring in 12 Months,0,1,0,0,1500,2,1,0,3,23.87,33.19,Medium,Accelerated,End User Computing / Branch
A0011763,LTP-011763,Laptop,Lenovo,ThinkPad T14 Gen 3,LTPBD5KLNFE0E,2021-02-27,2021-03-12,2025-02-26,1267.01,GTA063,BU003,Corporate,E000351,In Use,ServiceNow CMDB,2026-05-31,2022-04-01,2027-04-01,4,1450,5.22,Warranty Expired,10.0,Expiring in 12 Months,0,1,0,0,1450,2,1,0,7,53.75,42.69,Medium,Accelerated,End User Computing / Branch
A0011767,LTP-011767,Laptop,Dell,Latitude 5420,LTPSVJLLMDWB3,2018-09-30,2018-11-12,2022-09-29,1063.15,GTA006,BU001,Branch,E006548,In Use,SCCM,2026-05-31,2021-03-01,2027-06-01,4,1250,7.55,Warranty Expired,12.0,Expiring in 12 Months,0,1,0,0,1250,2,1,0,5,37.68,37.88,Medium,Accelerated,End User Computing / Branch
A0011768,LTP-011768,Laptop,HP,EliteBook 850 G9,LTPQPADJLZMI8,2020-11-10,2020-11-11,2024-11-09,1361.57,ATL012,BU001,Branch,E001819,In Use,Intune,2026-05-31,2022-05-01,2027-05-01,4,1500,5.56,Warranty Expired,10.9,Expiring in 12 Months,0,1,0,0,1500,1,1,0,4,29.35,35.47,Medium,Accelerated,End User Computing / Branch
A0011777,LTP-011777,Laptop,Dell,Latitude 5420,LTPVKQWK2DYOV,2018-10-03,2018-11-05,2023-10-02,1124.59,QUE022,BU001,Production,E013111,In Use,ServiceNow CMDB,2026-05-31,2021-03-01,2027-06-01,4,1250,7.57,Warranty Expired,12.0,Expiring in 12 Months,0,1,0,0,1250,1,1,0,4,42.48,36.12,Medium,Accelerated,End User Computing / Branch
A0011783,LTP-011783,Laptop,HP,EliteBook 850 G9,LTPK5HO3VIM49,2023-10-02,2023-11-09,2026-10-01,1315.68,GTA035,BU004,Production,E018231,In Use,ServiceNow CMDB,2026-05-31,2022-05-01,2027-05-01,4,1500,2.56,Under Warranty,10.9,Expiring in 12 Months,0,1,0,0,1500,2,0,2,2,12.4,30.62,Medium,Accelerated,End User Computing / Branch
A0011796,LTP-011796,Laptop,Lenovo,ThinkPad T14 Gen 3,LTP5I9G0B0KSQ,2020-12-06,2021-01-15,2024-12-05,1366.69,WST026,BU001,Disaster Recovery,E004626,In Stock,SCCM,2026-05-31,2022-04-01,2027-04-01,4,1450,5.38,Warranty Expired,10.0,Expiring in 12 Months,0,1,0,0,1450,1,1,0,6,25.71,39.29,Medium,Accelerated,End User Computing / Branch
A0011797,LTP-011797,Laptop,HP,EliteBook 840 G8,LTPSQC6IMK02F,2019-08-27,2019-09-06,2024-08-25,1221.19,QUE011,BU001,Production,E015749,In Use,ServiceNow CMDB,2026-05-31,2021-01-01,2026-01-01,4,1300,6.74,Warranty Expired,-5.0,Past EOL,1,0,0,0,1300,1,1,0,4,29.06,52.45,Medium,Immediate,End User Computing / Branch
A0011801,LTP-011801,Laptop,HP,EliteBook 850 G9,LTPEEUX06CUVS,2020-08-18,2020-08-23,2023-08-18,1054.37,ATL004,BU003,Production,E001319,In Use,ServiceNow CMDB,2026-05-31,2022-05-01,2027-05-01,4,1500,5.77,Warranty Expired,10.9,Expiring in 12 Months,0,1,0,0,1500,2,1,1,6,63.57,45.18,Medium,Accelerated,End User Computing / Branch
A0011806,LTP-011806,Laptop,HP,EliteBook 850 G9,LTPYSY7UANNXK,2021-04-02,2021-04-19,2026-04-01,1244.98,GTA027,BU004,Corporate,E015323,In Use,Network Discovery,2026-05-31,2022-05-01,2027-05-01,4,1500,5.12,Warranty Expired,10.9,Expiring in 12 Months,0,1,0,0,1500,1,1,0,4,24.61,35.23,Medium,Accelerated,End User Computing / Branch
A0011822,LTP-011822,Laptop,HP,EliteBook 850 G9,LTPWWIMS240TG,2021-06-05,2021-07-08,2026-06-04,1040.53,GTA059,BU010,Production,E014149,In Use,ServiceNow CMDB,2026-05-31,2022-05-01,2027-05-01,4,1500,4.9,Under Warranty,10.9,Expiring in 12 Months,0,1,0,0,1500,3,0,2,5,32.85,37.64,Medium,Accelerated,End User Computing / Branch
A0011859,LTP-011859,Laptop,Lenovo,ThinkPad T14 Gen 3,LTPXW98L6NPQD,2023-06-14,2023-07-28,2027-06-13,1041.1,GTA008,BU003,Corporate,E009723,In Repair,SCCM,2026-05-31,2022-04-01,2027-04-01,4,1450,2.85,Under Warranty,10.0,Expiring in 12 Months,0,1,0,0,1450,2,1,0,3,23.3,33.16,Medium,Accelerated,End User Computing / Branch
A0011891,LTP-011891,Laptop,HP,EliteBook 840 G8,LTPS7G5MV1JXU,2022-09-17,2022-09-29,2025-09-16,899.14,QUE024,BU002,Corporate,E020585,In Use,Intune,2026-05-31,2021-01-01,2026-01-01,4,1300,3.67,Warranty Expired,-5.0,Past EOL,1,0,0,0,1300,2,2,0,2,6.08,55.3,High,Immediate,End User Computing / Branch
A0011920,LTP-011920,Laptop,HP,EliteBook 840 G8,LTP020H7IFRPD,2022-04-30,2022-06-12,2026-04-29,1162.94,GTA062,BU002,Branch,E003818,In Use,ServiceNow CMDB,2026-05-31,2021-01-01,2026-01-01,4,1300,3.97,Warranty Expired,-5.0,Past EOL,1,0,0,0,1300,1,1,0,5,22.74,54.14,Medium,Immediate,End User Computing / Branch
A0011985,LTP-011985,Laptop,HP,EliteBook 840 G8,LTP7ZI16W9YPG,2023-10-13,2023-10-21,2026-10-12,1118.64,WST022,BU003,Branch,E013743,In Use,ServiceNow CMDB,2026-05-31,2021-01-01,2026-01-01,4,1300,2.61,Under Warranty,-5.0,Past EOL,1,0,0,0,1300,1,1,0,4,16.0,51.8,Medium,Immediate,End User Computing / Branch
A0011989,LTP-011989,Laptop,Dell,Latitude 5420,LTPPXOP2F78I6,2022-06-11,2022-06-21,2025-06-10,941.99,WST016,BU003,Branch,E017813,In Use,ServiceNow CMDB,2026-05-31,2021-03-01,2027-06-01,4,1250,3.95,Warranty Expired,12.0,Expiring in 12 Months,0,1,0,0,1250,1,1,0,3,25.53,33.28,Medium,Accelerated,End User Computing / Branch
A0012036,LTP-012036,Laptop,Lenovo,ThinkPad T14 Gen 3,LTPBPS0NUB1P2,2020-01-27,2020-02-26,2023-01-26,978.29,GTA080,BU004,Branch,E017760,In Use,ServiceNow CMDB,2026-05-31,2022-04-01,2027-04-01,4,1450,6.26,Warranty Expired,10.0,Expiring in 12 Months,0,1,0,0,1450,1,1,0,1,10.27,28.51,Low,Accelerated,End User Computing / Branch
A0012053,LTP-012053,Laptop,HP,EliteBook 840 G8,LTPXRSQD2AFQ0,2022-08-26,2022-09-16,2027-08-25,1140.16,GTA010,BU009,Branch,E005308,In Use,SCCM,2026-05-31,2021-01-01,2026-01-01,4,1300,3.71,Under Warranty,-5.0,Past EOL,1,0,0,0,1300,1,1,0,1,9.24,45.46,Medium,Immediate,End User Computing / Branch
A0012067,LTP-012067,Laptop,Dell,Latitude 5420,LTPF4BHWYZYSS,2020-05-12,2020-06-01,2023-05-12,1053.71,GTA002,BU006,Production,E020662,Retired Pending Disposal,ServiceNow CMDB,2026-05-31,2021-03-01,2027-06-01,4,1250,6.0,Warranty Expired,12.0,Expiring in 12 Months,0,1,0,0,1250,2,1,0,4,9.89,34.49,Medium,Accelerated,End User Computing / Branch
A0012076,LTP-012076,Laptop,Lenovo,ThinkPad T14 Gen 3,LTPUQ4OAP0P67,2018-08-17,2018-09-21,2022-08-16,1317.13,QUE006,BU003,Branch,E007092,In Repair,SCCM,2026-05-31,2022-04-01,2027-04-01,4,1450,7.7,Warranty Expired,10.0,Expiring in 12 Months,0,1,0,0,1450,2,1,0,3,13.1,32.66,Medium,Accelerated,End User Computing / Branch
A0012088,LTP-012088,Laptop,HP,EliteBook 840 G8,LTPN0I6BNDVAR,2019-11-27,2019-12-14,2022-11-26,890.1,TOR004,BU004,Corporate,E015302,In Use,SCCM,2026-05-31,2021-01-01,2026-01-01,4,1300,6.47,Warranty Expired,-5.0,Past EOL,1,0,0,0,1300,1,1,0,6,53.8,57.69,High,Immediate,End User Computing / Branch
A0012118,LTP-012118,Laptop,Dell,Latitude 5420,LTPJOD1J1L64Q,2022-11-24,2023-01-04,2026-11-23,1005.9,ONR017,BU002,Production,E014372,In Use,SCCM,2026-05-31,2021-03-01,2027-06-01,4,1250,3.41,Under Warranty,12.0,Expiring in 12 Months,0,1,0,0,1250,1,1,0,3,11.4,32.57,Medium,Accelerated,End User Computing / Branch
A0012128,LTP-012128,Laptop,Lenovo,ThinkPad T14 Gen 3,LTPVGB3NR5FF4,2019-09-21,2019-10-28,2022-09-20,1280.45,WST016,BU005,Branch,E015319,In Use,ServiceNow CMDB,2026-05-31,2022-04-01,2027-04-01,4,1450,6.6,Warranty Expired,10.0,Expiring in 12 Months,0,1,0,0,1450,1,1,0,6,39.32,39.97,Medium,Accelerated,End User Computing / Branch
A0012133,LTP-012133,Laptop,Lenovo,ThinkPad T14 Gen 3,LTPJU9K9ZRUT3,2019-06-19,2019-07-16,2023-06-18,1247.33,TOR005,BU003,Corporate,E011742,In Use,Network Discovery,2026-05-31,2022-04-01,2027-04-01,4,1450,6.88,Warranty Expired,10.0,Expiring in 12 Months,0,1,0,0,1450,1,1,0,2,9.08,30.45,Medium,Accelerated,End User Computing / Branch
A0012158,LTP-012158,Laptop,HP,EliteBook 840 G8,LTP1QJGDZY8Y5,2020-05-11,2020-06-12,2023-05-11,1160.5,QUE018,BU005,Branch,E012624,In Use,ServiceNow CMDB,2026-05-31,2021-01-01,2026-01-01,4,1300,5.97,Warranty Expired,-5.0,Past EOL,1,0,0,0,1300,3,0,2,3,27.32,50.37,Medium,Immediate,End User Computing / Branch
A0012169,LTP-012169,Laptop,Lenovo,ThinkPad T14 Gen 3,LTPYLIZJFP7XR,2020-05-04,2020-05-23,2023-05-04,1352.68,GTA060,BU001,Non-Production,E012809,In Use,SCCM,2026-05-31,2022-04-01,2027-04-01,4,1450,6.03,Warranty Expired,10.0,Expiring in 12 Months,0,1,0,0,1450,3,1,1,3,18.03,36.9,Medium,Accelerated,End User Computing / Branch
A0012174,LTP-012174,Laptop,HP,EliteBook 840 G8,LTP8E04N8E3K0,2022-08-05,2022-08-16,2026-08-04,908.32,GTA008,BU007,Corporate,E011902,In Use,ServiceNow CMDB,2026-05-31,2021-01-01,2026-01-01,4,1300,3.79,Under Warranty,-5.0,Past EOL,1,0,0,0,1300,2,0,2,8,47.94,61.4,High,Immediate,End User Computing / Branch
A0012177,LTP-012177,Laptop,Dell,Latitude 5420,LTP98GLBBUA9G,2023-04-18,2023-06-01,2027-04-17,1006.73,DC1001,BU001,Production,E001818,In Use,SCCM,2026-05-31,2021-03-01,2027-06-01,4,1250,3.0,Under Warranty,12.0,Expiring in 12 Months,0,1,0,0,1250,2,0,2,7,47.8,42.39,Medium,Accelerated,End User Computing / Branch
A0012225,LTP-012225,Laptop,Lenovo,ThinkPad T14 Gen 3,LTPMNLV0Y9S4D,2020-01-19,2020-01-28,2023-01-18,948.06,QUE017,BU001,Corporate,E014497,In Use,SCCM,2026-05-31,2022-04-01,2027-04-01,4,1450,6.34,Warranty Expired,10.0,Expiring in 12 Months,0,1,0,0,1450,4,1,1,5,47.69,42.38,Medium,Accelerated,End User Computing / Branch
A0012266,LTP-012266,Laptop,Lenovo,ThinkPad T14 Gen 3,LTPRML8RMJBY9,2019-12-09,2019-12-10,2023-12-08,1295.21,ONR015,BU003,Branch,E002767,In Use,SCCM,2026-05-31,2022-04-01,2027-04-01,4,1450,6.48,Warranty Expired,10.0,Expiring in 12 Months,0,1,0,0,1450,1,1,0,3,18.21,32.91,Medium,Accelerated,End User Computing / Branch
A0012268,LTP-012268,Laptop,Dell,Latitude 5420,LTPE8G8T2ITUE,2020-05-30,2020-06-12,2024-05-29,865.47,GTA006,BU008,Branch,E021154,In Use,Network Discovery,2026-05-31,2021-03-01,2027-06-01,4,1250,5.97,Warranty Expired,12.0,Expiring in 12 Months,0,1,0,0,1250,3,1,1,4,33.7,39.68,Medium,Accelerated,End User Computing / Branch
A0012298,LTP-012298,Laptop,HP,EliteBook 840 G8,LTP9LZPXL992Z,2018-11-02,2018-12-05,2021-11-01,1162.99,GTA048,BU004,Production,E000194,In Use,ServiceNow CMDB,2026-05-31,2021-01-01,2026-01-01,4,1300,7.49,Warranty Expired,-5.0,Past EOL,1,0,0,0,1300,2,1,0,4,26.92,52.35,Medium,Immediate,End User Computing / Branch
A0012320,LTP-012320,Laptop,Lenovo,ThinkPad T14 Gen 3,LTP0XYVKIVIF4,2019-08-23,2019-09-11,2022-08-22,967.07,WST027,BU001,Branch,E005793,In Use,ServiceNow CMDB,2026-05-31,2022-04-01,2027-04-01,4,1450,6.72,Warranty Expired,10.0,Expiring in 12 Months,0,1,0,0,1450,1,1,0,2,12.88,30.64,Medium,Accelerated,End User Computing / Branch
A0012334,LTP-012334,Laptop,Lenovo,ThinkPad T14 Gen 3,LTPZD36W5I70I,2024-05-08,2024-05-09,2027-05-08,1025.81,GTA011,BU001,Corporate,E019984,In Use,ServiceNow CMDB,2026-05-31,2022-04-01,2027-04-01,4,1450,2.06,Under Warranty,10.0,Expiring in 12 Months,0,1,0,0,1450,2,1,1,2,13.36,34.67,Medium,Accelerated,End User Computing / Branch
A0012346,LTP-012346,Laptop,HP,EliteBook 850 G9,LTPXFY4QBK20B,2020-11-04,2020-11-25,2024-11-03,1222.03,GTA002,BU001,Branch,E003082,In Use,ServiceNow CMDB,2026-05-31,2022-05-01,2027-05-01,4,1500,5.52,Warranty Expired,10.9,Expiring in 12 Months,0,1,0,0,1500,4,0,3,1,1.47,32.07,Medium,Accelerated,End User Computing / Branch
A0012347,LTP-012347,Laptop,Lenovo,ThinkPad T14 Gen 3,LTPH0DAKG434U,2021-12-13,2021-12-15,2026-12-12,991.42,ATL015,BU001,Production,E001618,In Use,ServiceNow CMDB,2026-05-31,2022-04-01,2027-04-01,4,1450,4.46,Under Warranty,10.0,Expiring in 12 Months,0,1,0,0,1450,1,1,0,5,27.64,37.38,Medium,Accelerated,End User Computing / Branch
A0012352,LTP-012352,Laptop,HP,EliteBook 850 G9,LTPBH8O3GCEFY,2021-11-22,2021-12-18,2024-11-21,1265.06,ONR008,BU003,Branch,E019244,In Use,SCCM,2026-05-31,2022-05-01,2027-05-01,4,1500,4.45,Warranty Expired,10.9,Expiring in 12 Months,0,1,0,0,1500,1,1,0,3,10.94,32.55,Medium,Accelerated,End User Computing / Branch
A0012385,LTP-012385,Laptop,Dell,Latitude 5420,LTPTM72X0MLRS,2022-09-01,2022-10-12,2025-08-31,1037.48,GTA007,BU001,Corporate,E020032,In Use,ServiceNow CMDB,2026-05-31,2021-03-01,2027-06-01,4,1250,3.64,Warranty Expired,12.0,Expiring in 12 Months,0,1,0,0,1250,1,1,0,5,40.67,38.03,Medium,Accelerated,End User Computing / Branch
A0012400,LTP-012400,Laptop,Dell,Latitude 5420,LTPURKSLSUUND,2022-10-13,2022-11-06,2026-10-12,1153.5,GTA069,BU009,Branch,E006624,In Use,ServiceNow CMDB,2026-05-31,2021-03-01,2027-06-01,4,1250,3.57,Under Warranty,12.0,Expiring in 12 Months,0,1,0,0,1250,3,1,0,5,39.1,37.96,Medium,Accelerated,End User Computing / Branch
A0012401,LTP-012401,Laptop,HP,EliteBook 850 G9,LTPF5EJQ45R6O,2018-07-30,2018-08-30,2021-07-29,1055.92,WST012,BU001,Production,E001411,In Use,ServiceNow CMDB,2026-05-31,2022-05-01,2027-05-01,4,1500,7.76,Warranty Expired,10.9,Expiring in 12 Months,0,1,0,0,1500,1,1,0,4,17.21,34.86,Medium,Accelerated,End User Computing / Branch
A0012408,LTP-012408,Laptop,Dell,Latitude 5420,LTPW6FZM7VFG3,2018-08-26,2018-09-03,2021-08-25,1105.8,QUE006,BU010,Production,E016560,In Stock,ServiceNow CMDB,2026-05-31,2021-03-01,2027-06-01,4,1250,7.75,Warranty Expired,12.0,Expiring in 12 Months,0,1,0,0,1250,1,1,0,2,20.7,31.04,Medium,Accelerated,End User Computing / Branch
A0012412,LTP-012412,Laptop,HP,EliteBook 850 G9,LTPTZNXO4RMZO,2020-11-05,2020-11-08,2023-11-05,1258.05,WST010,BU001,Production,E001007,In Use,SCCM,2026-05-31,2022-05-01,2027-05-01,4,1500,5.56,Warranty Expired,10.9,Expiring in 12 Months,0,1,0,0,1500,1,1,0,9,61.28,47.06,Medium,Accelerated,End User Computing / Branch
A0012416,LTP-012416,Laptop,HP,EliteBook 840 G8,LTPB0ZIZS2AI4,2024-03-03,2024-03-30,2028-03-02,919.78,QUE013,BU002,Branch,E016752,In Use,ServiceNow CMDB,2026-05-31,2021-01-01,2026-01-01,4,1300,2.17,Under Warranty,-5.0,Past EOL,1,0,0,0,1300,3,1,1,5,37.62,58.88,High,Immediate,End User Computing / Branch
A0012423,LTP-012423,Laptop,Dell,Latitude 5420,LTPQQ979JQ2J6,2022-04-12,2022-05-16,2026-04-11,914.14,WST030,BU001,Production,E002638,In Stock,ServiceNow CMDB,2026-05-31,2021-03-01,2027-06-01,4,1250,4.05,Warranty Expired,12.0,Expiring in 12 Months,0,1,0,0,1250,3,1,0,4,19.91,35.0,Medium,Accelerated,End User Computing / Branch
A0012431,LTP-012431,Laptop,Lenovo,ThinkPad T14 Gen 3,LTPON5GHXY8K9,2024-10-18,2024-10-21,2028-10-17,1123.21,GTA012,BU003,Production,E000945,In Use,ServiceNow CMDB,2026-05-31,2022-04-01,2027-04-01,4,1450,1.61,Under Warranty,10.0,Expiring in 12 Months,0,1,0,0,1450,1,1,0,5,45.91,38.3,Medium,Accelerated,End User Computing / Branch
A0012434,LTP-012434,Laptop,HP,EliteBook 840 G8,LTPOYOVUKBTYT,2024-12-02,2025-01-11,2027-12-02,899.37,GTA052,BU001,Production,E010857,In Use,Intune,2026-05-31,2021-01-01,2026-01-01,4,1300,1.39,Under Warranty,-5.0,Past EOL,1,0,0,0,1300,2,0,2,4,37.54,52.88,Medium,Immediate,End User Computing / Branch
A0012489,LTP-012489,Laptop,Lenovo,ThinkPad T14 Gen 3,LTP1H56LP9TR0,2018-07-27,2018-08-25,2022-07-26,1218.82,GTA012,BU001,Production,E009681,In Use,ServiceNow CMDB,2026-05-31,2022-04-01,2027-04-01,4,1450,7.77,Warranty Expired,10.0,Expiring in 12 Months,0,1,0,0,1450,2,0,2,7,39.39,41.97,Medium,Accelerated,End User Computing / Branch
A0012502,LTP-012502,Laptop,HP,EliteBook 840 G8,LTPWHJ634M81S,2019-10-13,2019-11-21,2023-10-12,998.1,ONR002,BU001,Branch,E007020,In Use,ServiceNow CMDB,2026-05-31,2021-01-01,2026-01-01,4,1300,6.53,Warranty Expired,-5.0,Past EOL,1,0,0,0,1300,1,1,0,9,41.61,63.08,High,Immediate,End User Computing / Branch
A0012509,LTP-012509,Laptop,Dell,Latitude 5420,LTPY9DZBMK56S,2020-05-27,2020-06-11,2024-05-26,966.13,GTA038,BU003,Corporate,E020352,In Use,Network Discovery,2026-05-31,2021-03-01,2027-06-01,4,1250,5.97,Warranty Expired,12.0,Expiring in 12 Months,0,1,0,0,1250,3,0,2,2,17.11,30.86,Medium,Accelerated,End User Computing / Branch
A0012521,LTP-012521,Laptop,HP,EliteBook 850 G9,LTP99ZWC29UUJ,2020-04-18,2020-05-26,2023-04-18,1173.08,GTA058,BU004,Production,E011739,In Use,SCCM,2026-05-31,2022-05-01,2027-05-01,4,1500,6.02,Warranty Expired,10.9,Expiring in 12 Months,0,1,0,0,1500,4,1,1,6,46.69,44.33,Medium,Accelerated,End User Computing / Branch
A0012545,LTP-012545,Laptop,HP,EliteBook 850 G9,LTPZXSEE7O9RQ,2023-08-11,2023-08-20,2027-08-10,1083.57,QUE016,BU003,Corporate,E021872,In Use,SCCM,2026-05-31,2022-05-01,2027-05-01,4,1500,2.78,Under Warranty,10.9,Expiring in 12 Months,0,1,0,0,1500,1,1,0,2,8.2,30.41,Medium,Accelerated,End User Computing / Branch
A0012567,LTP-012567,Laptop,Dell,Latitude 5420,LTPUII573N3WR,2020-02-21,2020-03-24,2024-02-20,892.1,WST029,BU003,Branch,E018665,In Use,ServiceNow CMDB,2026-05-31,2021-03-01,2027-06-01,4,1250,6.19,Warranty Expired,12.0,Expiring in 12 Months,0,1,0,0,1250,2,1,1,6,34.45,43.72,Medium,Accelerated,End User Computing / Branch
A0012613,LTP-012613,Laptop,HP,EliteBook 840 G8,LTPPIEVVUFH2J,2023-08-26,2023-09-11,2026-08-25,1215.45,GTA079,BU004,Production,E005006,In Use,SCCM,2026-05-31,2021-01-01,2026-01-01,4,1300,2.72,Under Warranty,-5.0,Past EOL,1,0,0,0,1300,1,1,0,9,68.53,64.43,High,Immediate,End User Computing / Branch
A0012617,LTP-012617,Laptop,HP,EliteBook 850 G9,LTP9HH8VOXBEA,2021-09-23,2021-10-07,2025-09-22,1012.09,GTA034,BU001,Production,E012526,In Use,Intune,2026-05-31,2022-05-01,2027-05-01,4,1500,4.65,Warranty Expired,10.9,Expiring in 12 Months,0,1,0,0,1500,1,1,0,5,21.52,37.08,Medium,Accelerated,End User Computing / Branch
A0012671,LTP-012671,Laptop,HP,EliteBook 850 G9,LTPVIVJ4BONHG,2020-11-05,2020-12-20,2023-11-05,1358.6,GTA044,BU002,Production,E008694,In Use,ServiceNow CMDB,2026-05-31,2022-05-01,2027-05-01,4,1500,5.45,Warranty Expired,10.9,Expiring in 12 Months,0,1,0,0,1500,1,1,0,13,96.5,50.82,Medium,Accelerated,End User Computing / Branch
A0012701,LTP-012701,Laptop,HP,EliteBook 850 G9,LTP44RGW6WKS8,2021-08-12,2021-09-07,2026-08-11,1258.73,ATL013,BU002,Production,E018698,In Use,Network Discovery,2026-05-31,2022-05-01,2027-05-01,4,1500,4.73,Under Warranty,10.9,Expiring in 12 Months,0,1,0,0,1500,1,1,0,11,75.4,49.77,Medium,Accelerated,End User Computing / Branch
A0012705,LTP-012705,Laptop,Dell,Latitude 5420,LTPLCBPQ5CDHU,2021-02-17,2021-03-17,2025-02-16,1012.47,GTA034,BU004,Production,E002404,In Repair,ServiceNow CMDB,2026-05-31,2021-03-01,2027-06-01,4,1250,5.21,Warranty Expired,12.0,Expiring in 12 Months,0,1,0,0,1250,1,1,0,4,23.17,35.16,Medium,Accelerated,End User Computing / Branch
A0012708,LTP-012708,Laptop,Dell,Latitude 5420,LTP4YMOQNUME8,2021-11-23,2021-12-07,2024-11-22,909.55,ONR017,BU001,Branch,E013738,In Use,ServiceNow CMDB,2026-05-31,2021-03-01,2027-06-01,4,1250,4.48,Warranty Expired,12.0,Expiring in 12 Months,0,1,0,0,1250,2,1,0,3,38.33,33.92,Medium,Accelerated,End User Computing / Branch
A0012722,LTP-012722,Laptop,Lenovo,ThinkPad T14 Gen 3,LTPI0VP3JZTAC,2025-04-29,2025-05-29,2030-04-28,1296.97,GTA066,BU002,Branch,E001653,In Use,ServiceNow CMDB,2026-05-31,2022-04-01,2027-04-01,4,1450,1.01,Under Warranty,10.0,Expiring in 12 Months,0,1,0,0,1450,3,1,2,2,21.87,39.09,Medium,Accelerated,End User Computing / Branch
A0012736,LTP-012736,Laptop,Dell,Latitude 5420,LTPFBN90QET24,2018-10-29,2018-11-05,2021-10-28,955.95,DC2001,BU002,Disaster Recovery,E020156,In Use,Intune,2026-05-31,2021-03-01,2027-06-01,4,1250,7.57,Warranty Expired,12.0,Expiring in 12 Months,0,1,0,0,1250,1,1,0,5,40.94,38.05,Medium,Accelerated,End User Computing / Branch
A0012738,LTP-012738,Laptop,HP,EliteBook 850 G9,LTPHC38YCNPHK,2020-07-06,2020-08-15,2023-07-06,1125.35,GTA035,BU001,Branch,E011187,In Use,Network Discovery,2026-05-31,2022-05-01,2027-05-01,4,1500,5.8,Warranty Expired,10.9,Expiring in 12 Months,0,1,0,0,1500,1,1,0,6,40.02,40.0,Medium,Accelerated,End User Computing / Branch
A0012764,LTP-012764,Laptop,HP,EliteBook 840 G8,LTPA671V638P3,2018-06-25,2018-07-09,2023-06-24,908.09,GTA074,BU001,Branch,E002119,In Use,Intune,2026-05-31,2021-01-01,2026-01-01,4,1300,7.9,Warranty Expired,-5.0,Past EOL,1,0,0,0,1300,3,0,2,6,39.15,56.96,High,Immediate,End User Computing / Branch
A0012776,LTP-012776,Laptop,Dell,Latitude 5420,LTPWYJMCUC3QU,2018-03-02,2018-03-08,2022-03-01,1091.63,ONR013,BU001,Non-Production,E001503,In Use,ServiceNow CMDB,2026-05-31,2021-03-01,2027-06-01,4,1250,8.24,Warranty Expired,12.0,Expiring in 12 Months,0,1,0,0,1250,2,0,2,5,17.79,36.89,Medium,Accelerated,End User Computing / Branch
A0012843,LTP-012843,Laptop,Dell,Latitude 5420,LTP9XDQFFNX97,2021-04-01,2021-05-15,2024-03-31,1166.83,GTA080,BU002,Production,E018851,In Use,ServiceNow CMDB,2026-05-31,2021-03-01,2027-06-01,4,1250,5.05,Warranty Expired,12.0,Expiring in 12 Months,0,1,0,0,1250,2,1,0,7,47.07,42.35,Medium,Accelerated,End User Computing / Branch
A0012850,LTP-012850,Laptop,HP,EliteBook 850 G9,LTPZCW64C08PJ,2020-10-08,2020-10-31,2024-10-07,1271.24,WST011,BU001,Production,E003150,In Stock,SCCM,2026-05-31,2022-05-01,2027-05-01,4,1500,5.59,Warranty Expired,10.9,Expiring in 12 Months,0,1,0,0,1500,1,1,0,3,16.28,32.81,Medium,Accelerated,End User Computing / Branch
A0012851,LTP-012851,Laptop,Lenovo,ThinkPad T14 Gen 3,LTPL318N9BJ20,2018-06-24,2018-07-08,2021-06-23,1285.44,WST017,BU001,Corporate,E003310,In Stock,ServiceNow CMDB,2026-05-31,2022-04-01,2027-04-01,4,1450,7.9,Warranty Expired,10.0,Expiring in 12 Months,0,1,0,0,1450,2,1,0,2,17.84,30.89,Medium,Accelerated,End User Computing / Branch
A0012856,LTP-012856,Laptop,HP,EliteBook 850 G9,LTPRJ5PGT3FQ9,2018-05-27,2018-06-05,2021-05-26,1003.95,WST030,BU003,Corporate,E011337,In Use,ServiceNow CMDB,2026-05-31,2022-05-01,2027-05-01,4,1500,7.99,Warranty Expired,10.9,Expiring in 12 Months,0,1,0,0,1500,2,0,2,3,18.03,32.9,Medium,Accelerated,End User Computing / Branch
A0012858,LTP-012858,Laptop,HP,EliteBook 850 G9,LTP65MWR2ZFXY,2022-07-08,2022-08-03,2025-07-07,1347.61,WST011,BU001,Production,E016061,In Use,ServiceNow CMDB,2026-05-31,2022-05-01,2027-05-01,4,1500,3.83,Warranty Expired,10.9,Expiring in 12 Months,0,1,0,0,1500,1,1,0,1,3.23,28.16,Low,Accelerated,End User Computing / Branch
A0012869,LTP-012869,Laptop,Dell,Latitude 5420,LTP4BQJL4A6O8,2022-07-29,2022-09-02,2025-07-28,1031.93,GTA018,BU002,Branch,E014876,In Use,SCCM,2026-05-31,2021-03-01,2027-06-01,4,1250,3.75,Warranty Expired,12.0,Expiring in 12 Months,0,1,0,0,1250,2,1,0,6,32.62,39.63,Medium,Accelerated,End User Computing / Branch
A0012885,LTP-012885,Laptop,HP,EliteBook 840 G8,LTP98WGI7PEW3,2025-01-15,2025-01-30,2028-01-15,956.03,QUE019,BU004,Production,E016422,In Use,ServiceNow CMDB,2026-05-31,2021-01-01,2026-01-01,4,1300,1.34,Under Warranty,-5.0,Past EOL,1,0,0,0,1300,3,0,3,5,36.22,58.81,High,Immediate,End User Computing / Branch
A0012895,LTP-012895,Laptop,HP,EliteBook 840 G8,LTPYR37U1YWAL,2022-05-16,2022-05-25,2025-05-15,860.95,GTA037,BU002,Branch,E016782,In Stock,SCCM,2026-05-31,2021-01-01,2026-01-01,4,1300,4.02,Warranty Expired,-5.0,Past EOL,1,0,0,0,1300,2,1,0,3,20.0,50.0,Medium,Immediate,End User Computing / Branch
A0012938,LTP-012938,Laptop,HP,EliteBook 850 G9,LTPPK8YH51AWP,2018-02-16,2018-03-23,2023-02-15,1135.47,QUE021,BU001,Production,E018304,In Use,Intune,2026-05-31,2022-05-01,2027-05-01,4,1500,8.19,Warranty Expired,10.9,Expiring in 12 Months,0,1,0,0,1500,1,1,0,2,13.96,30.7,Medium,Accelerated,End User Computing / Branch
A0012943,LTP-012943,Laptop,HP,EliteBook 850 G9,LTPRETCS8GJVF,2019-04-08,2019-04-17,2022-04-07,1306.76,QUE003,BU001,Production,E000098,In Use,ServiceNow CMDB,2026-05-31,2022-05-01,2027-05-01,4,1500,7.13,Warranty Expired,10.9,Expiring in 12 Months,0,1,0,0,1500,2,1,0,0,0.0,26.0,Low,Accelerated,End User Computing / Branch
A0012983,LTP-012983,Laptop,Dell,Latitude 5420,LTP3BA2HMT7G8,2019-02-21,2019-02-27,2022-02-20,894.53,QUE012,BU001,Branch,E002970,In Use,ServiceNow CMDB,2026-05-31,2021-03-01,2027-06-01,4,1250,7.26,Warranty Expired,12.0,Expiring in 12 Months,0,1,0,0,1250,2,2,0,4,17.69,42.88,Medium,Accelerated,End User Computing / Branch
A0012984,LTP-012984,Laptop,HP,EliteBook 850 G9,LTPYPOZCDU2A5,2018-12-26,2019-01-20,2023-12-25,1206.35,GTA029,BU003,Production,E002973,In Use,ServiceNow CMDB,2026-05-31,2022-05-01,2027-05-01,4,1500,7.36,Warranty Expired,10.9,Expiring in 12 Months,0,1,0,0,1500,3,2,0,5,29.46,45.47,Medium,Accelerated,End User Computing / Branch
A0013039,LTP-013039,Laptop,Lenovo,ThinkPad T14 Gen 3,LTPNDEZJ1MZPA,2022-07-29,2022-09-07,2026-07-28,1290.59,GTA009,BU003,Corporate,E000587,In Use,ServiceNow CMDB,2026-05-31,2022-04-01,2027-04-01,4,1450,3.73,Under Warranty,10.0,Expiring in 12 Months,0,1,0,0,1450,1,1,0,2,11.32,30.57,Medium,Accelerated,End User Computing / Branch
A0013076,LTP-013076,Laptop,Lenovo,ThinkPad T14 Gen 3,LTP1XOPPQ2YPM,2020-04-27,2020-04-29,2024-04-26,1081.99,WST030,BU001,Production,E007766,In Use,SCCM,2026-05-31,2022-04-01,2027-04-01,4,1450,6.09,Warranty Expired,10.0,Expiring in 12 Months,0,1,0,0,1450,1,1,0,6,24.03,39.2,Medium,Accelerated,End User Computing / Branch
A0013085,LTP-013085,Laptop,Dell,Latitude 5420,LTPWCIQJDT3LV,2018-04-26,2018-05-28,2021-04-25,1117.88,GTA042,BU006,Production,E008921,In Use,SCCM,2026-05-31,2021-03-01,2027-06-01,4,1250,8.01,Warranty Expired,12.0,Expiring in 12 Months,0,1,0,0,1250,2,1,0,7,61.12,43.06,Medium,Accelerated,End User Computing / Branch
A0013126,LTP-013126,Laptop,Dell,Latitude 5420,LTP9DP8TGG99C,2018-10-08,2018-10-09,2021-10-07,1186.29,QUE025,BU003,Corporate,E003185,In Use,SCCM,2026-05-31,2021-03-01,2027-06-01,4,1250,7.65,Warranty Expired,12.0,Expiring in 12 Months,0,1,0,0,1250,1,1,0,7,52.34,42.62,Medium,Accelerated,End User Computing / Branch
A0013131,LTP-013131,Laptop,HP,EliteBook 840 G8,LTPIW5DKYX31I,2022-12-16,2023-01-18,2025-12-15,985.68,WST020,BU010,Branch,E000827,In Use,SCCM,2026-05-31,2021-01-01,2026-01-01,4,1300,3.37,Warranty Expired,-5.0,Past EOL,1,0,0,0,1300,3,0,2,5,37.82,54.89,Medium,Immediate,End User Computing / Branch
A0013132,LTP-013132,Laptop,HP,EliteBook 840 G8,LTP8AJ5SINSFL,2021-06-07,2021-07-04,2025-06-06,869.02,QUE003,BU001,Corporate,E018764,In Use,SCCM,2026-05-31,2021-01-01,2026-01-01,4,1300,4.91,Warranty Expired,-5.0,Past EOL,1,0,0,0,1300,2,0,2,5,35.63,54.78,Medium,Immediate,End User Computing / Branch
A0013144,LTP-013144,Laptop,Dell,Latitude 5420,LTPKIFWYD69Q0,2020-07-05,2020-08-01,2023-07-05,879.0,WST013,BU001,Production,E002186,In Use,ServiceNow CMDB,2026-05-31,2021-03-01,2027-06-01,4,1250,5.83,Warranty Expired,12.0,Expiring in 12 Months,0,1,0,0,1250,1,1,0,6,28.54,39.43,Medium,Accelerated,End User Computing / Branch
A0013173,LTP-013173,Laptop,Lenovo,ThinkPad T14 Gen 3,LTPXNOQS0NVT8,2021-02-04,2021-02-07,2024-02-04,1113.27,TOR003,BU001,Branch,E010545,Retired Pending Disposal,SCCM,2026-05-31,2022-04-01,2027-04-01,4,1450,5.31,Warranty Expired,10.0,Expiring in 12 Months,0,1,0,0,1450,1,1,0,6,38.1,39.9,Medium,Accelerated,End User Computing / Branch
A0013189,LTP-013189,Laptop,HP,EliteBook 850 G9,LTPDOHA8WK9IX,2019-01-06,2019-01-20,2024-01-05,1212.41,WST005,BU004,Branch,E011699,In Use,Network Discovery,2026-05-31,2022-05-01,2027-05-01,4,1500,7.36,Warranty Expired,10.9,Expiring in 12 Months,0,1,0,0,1500,2,1,0,8,83.79,46.19,Medium,Accelerated,End User Computing / Branch
A0013204,LTP-013204,Laptop,Dell,Latitude 5420,LTPEQA800EAW4,2019-07-02,2019-07-15,2023-07-01,1124.14,QUE010,BU001,Production,E011995,In Use,SCCM,2026-05-31,2021-03-01,2027-06-01,4,1250,6.88,Warranty Expired,12.0,Expiring in 12 Months,0,1,0,0,1250,2,1,0,4,19.14,34.96,Medium,Accelerated,End User Computing / Branch
A0013208,LTP-013208,Laptop,HP,EliteBook 850 G9,LTP2P7C0B44UN,2019-02-07,2019-03-02,2024-02-06,1278.61,WST029,BU002,Production,E017727,In Repair,ServiceNow CMDB,2026-05-31,2022-05-01,2027-05-01,4,1500,7.25,Warranty Expired,10.9,Expiring in 12 Months,0,1,0,0,1500,1,1,0,8,26.52,43.33,Medium,Accelerated,End User Computing / Branch
A0013238,LTP-013238,Laptop,Lenovo,ThinkPad T14 Gen 3,LTPIITYL9RJKE,2021-10-26,2021-11-10,2024-10-25,1376.86,WST001,BU001,Branch,E005078,In Use,ServiceNow CMDB,2026-05-31,2022-04-01,2027-04-01,4,1450,4.56,Warranty Expired,10.0,Expiring in 12 Months,0,1,0,0,1450,2,0,2,4,23.52,35.18,Medium,Accelerated,End User Computing / Branch
A0013252,LTP-013252,Laptop,HP,EliteBook 850 G9,LTP9DPEBY623B,2018-12-13,2019-01-15,2023-12-12,1003.64,GTA070,BU009,Corporate,E003364,In Use,ServiceNow CMDB,2026-05-31,2022-05-01,2027-05-01,4,1500,7.38,Warranty Expired,10.9,Expiring in 12 Months,0,1,0,0,1500,1,1,0,8,51.71,44.59,Medium,Accelerated,End User Computing / Branch
A0013268,LTP-013268,Laptop,Lenovo,ThinkPad T14 Gen 3,LTPTSK4PQR7MT,2023-10-19,2023-11-21,2026-10-18,1123.86,GTA044,BU002,Production,E006487,In Use,ServiceNow CMDB,2026-05-31,2022-04-01,2027-04-01,4,1450,2.53,Under Warranty,10.0,Expiring in 12 Months,0,1,0,0,1450,1,1,0,3,17.04,32.85,Medium,Accelerated,End User Computing / Branch
A0013269,LTP-013269,Laptop,Dell,Latitude 5420,LTPNMRBVZEL6K,2021-06-15,2021-07-11,2024-06-14,1167.62,WST002,BU010,Corporate,E009075,In Repair,ServiceNow CMDB,2026-05-31,2021-03-01,2027-06-01,4,1250,4.89,Warranty Expired,12.0,Expiring in 12 Months,0,1,0,0,1250,3,2,1,3,17.51,44.88,Medium,Accelerated,End User Computing / Branch
A0013285,LTP-013285,Laptop,HP,EliteBook 840 G8,LTP2BCL00M2XS,2021-07-23,2021-08-23,2025-07-22,1102.89,ONR004,BU001,Non-Production,E002145,In Use,SCCM,2026-05-31,2021-01-01,2026-01-01,4,1300,4.77,Warranty Expired,-5.0,Past EOL,1,0,0,0,1300,2,1,0,3,24.77,50.24,Medium,Immediate,End User Computing / Branch
A0013286,LTP-013286,Laptop,HP,EliteBook 840 G8,LTP0QANRC63M6,2020-09-06,2020-09-14,2025-09-05,999.92,GTA034,BU006,Branch,E005184,In Use,Network Discovery,2026-05-31,2021-01-01,2026-01-01,4,1300,5.71,Warranty Expired,-5.0,Past EOL,1,0,0,0,1300,4,1,2,2,13.11,55.66,High,Immediate,End User Computing / Branch
A0013327,LTP-013327,Laptop,Dell,Latitude 5420,LTPV0P9D80OW9,2023-01-23,2023-02-18,2028-01-22,1123.83,GTA040,BU003,Corporate,E000934,In Use,ServiceNow CMDB,2026-05-31,2021-03-01,2027-06-01,4,1250,3.29,Under Warranty,12.0,Expiring in 12 Months,0,1,0,0,1250,3,1,2,3,20.58,41.03,Medium,Accelerated,End User Computing / Branch
A0013401,LTP-013401,Laptop,HP,EliteBook 850 G9,LTPTASZHHP65D,2022-01-31,2022-03-01,2025-01-30,1301.55,GTA025,BU009,Branch,E007158,In Stock,ServiceNow CMDB,2026-05-31,2022-05-01,2027-05-01,4,1500,4.25,Warranty Expired,10.9,Expiring in 12 Months,0,1,0,0,1500,2,1,0,4,25.33,35.27,Medium,Accelerated,End User Computing / Branch
A0013435,LTP-013435,Laptop,Dell,Latitude 5420,LTPJKHN3DKIYX,2020-03-02,2020-03-05,2023-03-02,1035.53,GTA054,BU001,Disaster Recovery,E003943,In Use,SCCM,2026-05-31,2021-03-01,2027-06-01,4,1250,6.24,Warranty Expired,12.0,Expiring in 12 Months,0,1,0,0,1250,2,1,0,7,48.46,42.42,Medium,Accelerated,End User Computing / Branch
A0013450,LTP-013450,Laptop,Lenovo,ThinkPad T14 Gen 3,LTPN3WK8T8RA2,2019-05-25,2019-07-09,2022-05-24,972.21,ONR018,BU006,Production,E001037,In Use,Network Discovery,2026-05-31,2022-04-01,2027-04-01,4,1450,6.9,Warranty Expired,10.0,Expiring in 12 Months,0,1,0,0,1450,1,1,0,3,22.34,33.12,Medium,Accelerated,End User Computing / Branch
A0013456,LTP-013456,Laptop,Lenovo,ThinkPad T14 Gen 3,LTP5YEPLWOMV4,2022-04-26,2022-05-10,2025-04-25,1102.84,ATL006,BU001,Production,E003819,In Repair,SCCM,2026-05-31,2022-04-01,2027-04-01,4,1450,4.06,Warranty Expired,10.0,Expiring in 12 Months,0,1,0,0,1450,1,1,0,1,7.4,28.37,Low,Accelerated,End User Computing / Branch
A0013476,LTP-013476,Laptop,HP,EliteBook 840 G8,LTP31RDKP8CDU,2021-12-23,2022-01-04,2024-12-22,1140.75,WST029,BU009,Corporate,E017566,In Use,ServiceNow CMDB,2026-05-31,2021-01-01,2026-01-01,4,1300,4.41,Warranty Expired,-5.0,Past EOL,1,0,0,0,1300,2,1,0,0,0.0,43.0,Medium,Immediate,End User Computing / Branch
A0013514,LTP-013514,Laptop,HP,EliteBook 850 G9,LTPDLQPFLDYXK,2024-09-11,2024-09-26,2029-09-10,1147.96,WST024,BU001,Production,E001242,In Use,ServiceNow CMDB,2026-05-31,2022-05-01,2027-05-01,4,1500,1.68,Under Warranty,10.9,Expiring in 12 Months,0,1,0,0,1500,2,1,0,5,14.91,36.75,Medium,Accelerated,End User Computing / Branch
A0013522,LTP-013522,Laptop,HP,EliteBook 840 G8,LTPQEPPETMIA6,2024-11-26,2024-12-12,2027-11-26,1117.34,TOR003,BU001,Non-Production,E001574,In Use,Intune,2026-05-31,2021-01-01,2026-01-01,4,1300,1.47,Under Warranty,-5.0,Past EOL,1,0,0,0,1300,1,1,0,5,29.15,54.46,Medium,Immediate,End User Computing / Branch
A0013526,LTP-013526,Laptop,HP,EliteBook 850 G9,LTPO7EUDVIGKS,2022-09-04,2022-10-12,2025-09-03,1203.16,ATL003,BU004,Branch,E012296,In Use,ServiceNow CMDB,2026-05-31,2022-05-01,2027-05-01,4,1500,3.64,Warranty Expired,10.9,Expiring in 12 Months,0,1,0,0,1500,3,0,2,6,43.24,40.16,Medium,Accelerated,End User Computing / Branch
A0013632,LTP-013632,Laptop,Lenovo,ThinkPad T14 Gen 3,LTPXMLSUAWYXT,2022-04-05,2022-04-28,2026-04-04,1272.95,QUE012,BU003,Production,E008813,In Use,ServiceNow CMDB,2026-05-31,2022-04-01,2027-04-01,4,1450,4.1,Warranty Expired,10.0,Expiring in 12 Months,0,1,0,0,1450,2,1,1,6,39.74,43.99,Medium,Accelerated,End User Computing / Branch
A0013641,LTP-013641,Laptop,HP,EliteBook 850 G9,LTPAOW4PNDTUG,2019-01-15,2019-01-20,2023-01-14,1201.14,GTA023,BU009,Production,E007519,In Use,ServiceNow CMDB,2026-05-31,2022-05-01,2027-05-01,4,1500,7.36,Warranty Expired,10.9,Expiring in 12 Months,0,1,0,0,1500,1,1,0,6,38.68,39.93,Medium,Accelerated,End User Computing / Branch
A0013651,LTP-013651,Laptop,HP,EliteBook 840 G8,LTPRIL38I9TVI,2021-03-26,2021-04-14,2024-03-25,913.31,ONR019,BU001,Branch,E019374,In Use,ServiceNow CMDB,2026-05-31,2021-01-01,2026-01-01,4,1300,5.13,Warranty Expired,-5.0,Past EOL,1,0,0,0,1300,2,1,0,2,6.32,47.32,Medium,Immediate,End User Computing / Branch
A0013652,LTP-013652,Laptop,HP,EliteBook 840 G8,LTPQPI4CXE46E,2025-05-07,2025-06-09,2028-05-06,1124.13,WST012,BU004,Branch,E006757,In Use,ServiceNow CMDB,2026-05-31,2021-01-01,2026-01-01,4,1300,0.98,Under Warranty,-5.0,Past EOL,1,0,0,0,1300,1,1,0,6,42.96,57.15,High,Immediate,End User Computing / Branch
A0013662,LTP-013662,Laptop,Dell,Latitude 5420,LTPFHTXI08LJP,2018-12-21,2018-12-23,2021-12-20,840.85,WST023,BU001,Disaster Recovery,E008749,In Use,ServiceNow CMDB,2026-05-31,2021-03-01,2027-06-01,4,1250,7.44,Warranty Expired,12.0,Expiring in 12 Months,0,1,0,0,1250,3,1,1,5,36.45,41.82,Medium,Accelerated,End User Computing / Branch
A0013720,LTP-013720,Laptop,HP,EliteBook 840 G8,LTPGEFOLHVSPF,2021-04-20,2021-05-05,2025-04-19,1210.76,GTA017,BU004,Production,E016301,In Repair,ServiceNow CMDB,2026-05-31,2021-01-01,2026-01-01,4,1300,5.08,Warranty Expired,-5.0,Past EOL,1,0,0,0,1300,2,0,2,3,17.86,49.89,Medium,Immediate,End User Computing / Branch
A0013755,LTP-013755,Laptop,Lenovo,ThinkPad T14 Gen 3,LTPCCJOPVYBGM,2023-04-04,2023-04-25,2027-04-03,944.8,GTA019,BU010,Production,E007860,In Repair,ServiceNow CMDB,2026-05-31,2022-04-01,2027-04-01,4,1450,3.1,Under Warranty,10.0,Expiring in 12 Months,0,1,0,0,1450,2,1,0,4,53.6,36.68,Medium,Accelerated,End User Computing / Branch
A0013758,LTP-013758,Laptop,Dell,Latitude 5420,LTPZXXG8ZL8B9,2020-01-13,2020-02-17,2023-01-12,978.63,ATL011,BU001,Corporate,E016514,In Use,SCCM,2026-05-31,2021-03-01,2027-06-01,4,1250,6.29,Warranty Expired,12.0,Expiring in 12 Months,0,1,0,0,1250,2,1,1,4,19.93,39.0,Medium,Accelerated,End User Computing / Branch
A0013777,LTP-013777,Laptop,Dell,Latitude 5420,LTPKQYJDQX788,2022-09-12,2022-09-23,2025-09-11,860.22,QUE020,BU002,Production,E005834,In Use,ServiceNow CMDB,2026-05-31,2021-03-01,2027-06-01,4,1250,3.69,Warranty Expired,12.0,Expiring in 12 Months,0,1,0,0,1250,2,0,2,4,28.88,35.44,Medium,Accelerated,End User Computing / Branch
A0013793,LTP-013793,Laptop,Dell,Latitude 5420,LTPPHWPBOKFA9,2018-09-03,2018-09-13,2023-09-02,940.38,ONR020,BU005,Production,E005277,In Use,ServiceNow CMDB,2026-05-31,2021-03-01,2027-06-01,4,1250,7.72,Warranty Expired,12.0,Expiring in 12 Months,0,1,0,0,1250,1,1,0,4,23.29,35.16,Medium,Accelerated,End User Computing / Branch
A0013797,LTP-013797,Laptop,HP,EliteBook 850 G9,LTPPLO8XMH01G,2022-02-11,2022-02-23,2026-02-10,1276.55,WST004,BU002,Production,E003896,In Use,ServiceNow CMDB,2026-05-31,2022-05-01,2027-05-01,4,1500,4.27,Warranty Expired,10.9,Expiring in 12 Months,0,1,0,0,1500,2,1,0,6,28.42,39.42,Medium,Accelerated,End User Computing / Branch
A0013828,LTP-013828,Laptop,HP,EliteBook 840 G8,LTPI0CN0D3HDR,2020-03-14,2020-04-03,2025-03-13,978.69,TOR003,BU002,Corporate,E011355,In Use,ServiceNow CMDB,2026-05-31,2021-01-01,2026-01-01,4,1300,6.16,Warranty Expired,-5.0,Past EOL,1,0,0,0,1300,2,1,0,3,30.5,50.52,Medium,Immediate,End User Computing / Branch
A0013839,LTP-013839,Laptop,HP,EliteBook 840 G8,LTP4HXIDK8GNW,2020-01-24,2020-02-07,2023-01-23,1178.49,QUE017,BU003,Production,E006811,In Stock,SCCM,2026-05-31,2021-01-01,2026-01-01,4,1300,6.32,Warranty Expired,-5.0,Past EOL,1,0,0,0,1300,1,1,0,3,15.68,49.78,Medium,Immediate,End User Computing / Branch
A0013855,LTP-013855,Laptop,Lenovo,ThinkPad T14 Gen 3,LTPQCU0RSZE0L,2021-12-18,2022-01-05,2026-12-17,996.59,GTA072,BU002,Production,E009951,In Use,ServiceNow CMDB,2026-05-31,2022-04-01,2027-04-01,4,1450,4.41,Under Warranty,10.0,Expiring in 12 Months,0,1,0,0,1450,1,1,0,4,23.81,35.19,Medium,Accelerated,End User Computing / Branch
A0013860,LTP-013860,Laptop,HP,EliteBook 850 G9,LTPKR1HQ721FC,2025-07-11,2025-07-23,2028-07-10,1295.89,ATL006,BU001,Corporate,E018600,In Use,Network Discovery,2026-05-31,2022-05-01,2027-05-01,4,1500,0.86,Under Warranty,10.9,Expiring in 12 Months,0,1,0,0,1500,1,1,0,1,2.21,28.11,Low,Accelerated,End User Computing / Branch
A0013886,LTP-013886,Laptop,HP,EliteBook 850 G9,LTP5LCFJ4FO5H,2022-06-13,2022-07-16,2026-06-12,1064.69,WST017,BU001,Production,E016416,In Use,ServiceNow CMDB,2026-05-31,2022-05-01,2027-05-01,4,1500,3.88,Under Warranty,10.9,Expiring in 12 Months,0,1,0,0,1500,1,1,0,8,54.82,44.74,Medium,Accelerated,End User Computing / Branch
A0013918,LTP-013918,Laptop,Dell,Latitude 5420,LTPGGZJQZPT5Y,2020-06-23,2020-06-30,2024-06-22,842.71,GTA064,BU001,Corporate,E012852,In Use,SCCM,2026-05-31,2021-03-01,2027-06-01,4,1250,5.92,Warranty Expired,12.0,Expiring in 12 Months,0,1,0,0,1250,2,1,0,4,25.52,35.28,Medium,Accelerated,End User Computing / Branch
A0013921,LTP-013921,Laptop,HP,EliteBook 840 G8,LTP9RTBK8FHPG,2019-06-05,2019-07-12,2023-06-04,1134.57,GTA033,BU007,Production,E001607,In Use,SCCM,2026-05-31,2021-01-01,2026-01-01,4,1300,6.89,Warranty Expired,-5.0,Past EOL,1,0,0,0,1300,2,2,0,5,22.82,62.14,High,Immediate,End User Computing / Branch
A0013930,LTP-013930,Laptop,HP,EliteBook 840 G8,LTPSNZE84N0GS,2025-08-19,2025-09-14,2030-08-18,1075.3,GTA002,BU003,Branch,E006677,In Use,SCCM,2026-05-31,2021-01-01,2026-01-01,4,1300,0.71,Under Warranty,-5.0,Past EOL,1,0,0,0,1300,2,1,1,3,34.58,54.73,Medium,Immediate,End User Computing / Branch
A0013951,LTP-013951,Laptop,HP,EliteBook 850 G9,LTPC2E29KLB6T,2018-07-17,2018-07-21,2022-07-16,1314.56,WST014,BU007,Non-Production,E012647,Retired Pending Disposal,Intune,2026-05-31,2022-05-01,2027-05-01,4,1500,7.87,Warranty Expired,10.9,Expiring in 12 Months,0,1,0,0,1500,3,1,1,6,38.43,43.92,Medium,Accelerated,End User Computing / Branch
A0013973,LTP-013973,Laptop,HP,EliteBook 840 G8,LTP7X1ZEXCJDH,2021-03-31,2021-04-14,2024-03-30,1142.02,GTA006,BU002,Production,E015547,In Use,Intune,2026-05-31,2021-01-01,2026-01-01,4,1300,5.13,Warranty Expired,-5.0,Past EOL,1,0,0,0,1300,1,1,0,2,12.34,47.62,Medium,Immediate,End User Computing / Branch
A0014001,DSK-014001,Desktop,Dell,OptiPlex 7090,DSKXRB7CQTPQW,2022-07-04,2022-08-16,2025-07-03,684.97,GTA014,BU001,Non-Production,E011469,In Use,ServiceNow CMDB,2026-05-31,2021-02-01,2027-03-01,5,950,3.79,Warranty Expired,8.9,Expiring in 12 Months,0,1,0,0,950,3,0,2,4,22.54,35.13,Medium,Accelerated,End User Computing / Branch
A0014050,DSK-014050,Desktop,Dell,OptiPlex 7090,DSKUVEQBM2KU8,2025-01-02,2025-01-17,2029-01-01,837.0,ATL011,BU002,Non-Production,E015763,In Use,SCCM,2026-05-31,2021-02-01,2027-03-01,5,950,1.37,Under Warranty,8.9,Expiring in 12 Months,0,1,0,0,950,1,1,0,9,51.28,46.56,Medium,Accelerated,End User Computing / Branch
A0014054,DSK-014054,Desktop,Lenovo,ThinkCentre M90q,DSK7SVDD9YJLZ,2018-03-11,2018-03-28,2022-03-10,715.37,QUE022,BU003,Branch,E005374,In Stock,ServiceNow CMDB,2026-05-31,2021-06-01,2026-06-01,5,1000,8.18,Warranty Expired,-0.0,Past EOL,1,0,0,0,1000,1,1,0,8,57.26,61.86,High,Immediate,End User Computing / Branch
A0014072,DSK-014072,Desktop,Dell,OptiPlex 7090,DSKCS7086JVFR,2018-12-30,2019-01-23,2023-12-29,618.77,ATL014,BU001,Production,E018996,In Use,ServiceNow CMDB,2026-05-31,2021-02-01,2027-03-01,5,950,7.36,Warranty Expired,8.9,Expiring in 12 Months,0,1,0,0,950,1,1,0,12,65.91,49.3,Medium,Accelerated,End User Computing / Branch
A0014083,DSK-014083,Desktop,Dell,OptiPlex 7090,DSKLDOV3EN9GZ,2018-10-15,2018-11-24,2022-10-14,637.11,QUE001,BU010,Branch,E006164,In Use,SCCM,2026-05-31,2021-02-01,2027-03-01,5,950,7.52,Warranty Expired,8.9,Expiring in 12 Months,0,1,0,0,950,3,0,2,2,18.97,30.95,Medium,Accelerated,End User Computing / Branch
A0014095,DSK-014095,Desktop,Dell,OptiPlex 7090,DSKIMR0LE4F44,2024-05-10,2024-06-24,2027-05-10,638.09,GTA043,BU002,Branch,E015079,In Use,ServiceNow CMDB,2026-05-31,2021-02-01,2027-03-01,5,950,1.94,Under Warranty,8.9,Expiring in 12 Months,0,1,0,0,950,2,1,1,7,44.87,46.24,Medium,Accelerated,End User Computing / Branch
A0014108,DSK-014108,Desktop,Dell,OptiPlex 7090,DSKHQQFEVND48,2024-07-31,2024-09-14,2027-07-31,632.23,QUE021,BU001,Branch,E011575,In Use,Network Discovery,2026-05-31,2021-02-01,2027-03-01,5,950,1.71,Under Warranty,8.9,Expiring in 12 Months,0,1,0,0,950,1,1,0,5,25.22,37.26,Medium,Accelerated,End User Computing / Branch
A0014143,DSK-014143,Desktop,Lenovo,ThinkCentre M90q,DSK9UUT5RDYKG,2021-02-12,2021-03-29,2025-02-11,729.63,QUE018,BU002,Disaster Recovery,E017394,In Stock,ServiceNow CMDB,2026-05-31,2021-06-01,2026-06-01,5,1000,5.18,Warranty Expired,-0.0,Past EOL,1,0,0,0,1000,1,1,0,2,9.85,47.49,Medium,Immediate,End User Computing / Branch
A0014169,DSK-014169,Desktop,Lenovo,ThinkCentre M90q,DSKRTFIWBRP26,2024-02-13,2024-02-15,2028-02-12,670.56,TOR003,BU009,Corporate,E015771,In Use,SCCM,2026-05-31,2021-06-01,2026-06-01,5,1000,2.29,Under Warranty,-0.0,Past EOL,1,0,0,0,1000,2,1,1,5,58.08,59.9,High,Immediate,End User Computing / Branch
A0014206,DSK-014206,Desktop,Dell,OptiPlex 7090,DSKH268GFG0JB,2018-11-04,2018-12-11,2023-11-03,630.19,GTA034,BU001,Branch,E020840,In Use,ServiceNow CMDB,2026-05-31,2021-02-01,2027-03-01,5,950,7.47,Warranty Expired,8.9,Expiring in 12 Months,0,1,0,0,950,1,1,0,6,48.48,40.42,Medium,Accelerated,End User Computing / Branch
A0014227,DSK-014227,Desktop,Dell,OptiPlex 7090,DSKSW0W7NRSQA,2020-02-01,2020-03-05,2023-01-31,800.62,GTA072,BU010,Production,E001752,In Use,ServiceNow CMDB,2026-05-31,2021-02-01,2027-03-01,5,950,6.24,Warranty Expired,8.9,Expiring in 12 Months,0,1,0,0,950,2,0,2,2,19.21,30.96,Medium,Accelerated,End User Computing / Branch
A0014244,DSK-014244,Desktop,Lenovo,ThinkCentre M90q,DSKZX2EDH6YMN,2023-05-24,2023-06-05,2026-05-23,932.75,GTA080,BU008,Production,E021843,In Use,SCCM,2026-05-31,2021-06-01,2026-06-01,5,1000,2.99,Warranty Expired,-0.0,Past EOL,1,0,0,0,1000,2,1,0,5,28.44,54.42,Medium,Immediate,End User Computing / Branch
A0014245,DSK-014245,Desktop,Dell,OptiPlex 7090,DSKLT622TJKWH,2019-05-24,2019-06-14,2022-05-23,691.98,GTA028,BU001,Corporate,E011361,In Use,ServiceNow CMDB,2026-05-31,2021-02-01,2027-03-01,5,950,6.97,Warranty Expired,8.9,Expiring in 12 Months,0,1,0,0,950,1,1,0,3,18.19,32.91,Medium,Accelerated,End User Computing / Branch
A0014286,DSK-014286,Desktop,Lenovo,ThinkCentre M90q,DSKO284CSSYJ1,2022-09-06,2022-09-29,2025-09-05,798.53,QUE022,BU004,Disaster Recovery,E003289,In Use,Intune,2026-05-31,2021-06-01,2026-06-01,5,1000,3.67,Warranty Expired,-0.0,Past EOL,1,0,0,0,1000,2,1,0,3,15.58,49.78,Medium,Immediate,End User Computing / Branch
A0014307,DSK-014307,Desktop,Dell,OptiPlex 7090,DSK5OKBON5WVP,2019-08-23,2019-09-11,2022-08-22,716.21,GTA011,BU005,Corporate,E001030,In Use,ServiceNow CMDB,2026-05-31,2021-02-01,2027-03-01,5,950,6.72,Warranty Expired,8.9,Expiring in 12 Months,0,1,0,0,950,1,1,0,2,11.5,30.58,Medium,Accelerated,End User Computing / Branch
A0014310,DSK-014310,Desktop,Lenovo,ThinkCentre M90q,DSKFU84JZS15R,2024-10-11,2024-11-13,2027-10-11,895.98,WST016,BU007,Production,E013526,In Use,SCCM,2026-05-31,2021-06-01,2026-06-01,5,1000,1.55,Under Warranty,-0.0,Past EOL,1,0,0,0,1000,1,1,0,5,28.9,54.44,Medium,Immediate,End User Computing / Branch
A0014318,DSK-014318,Desktop,Dell,OptiPlex 7090,DSKY5DV5J98OE,2018-04-13,2018-05-06,2021-04-12,690.14,GTA054,BU001,Branch,E003257,Retired Pending Disposal,ServiceNow CMDB,2026-05-31,2021-02-01,2027-03-01,5,950,8.07,Warranty Expired,8.9,Expiring in 12 Months,0,1,0,0,950,1,1,0,6,36.34,39.82,Medium,Accelerated,End User Computing / Branch
A0014328,DSK-014328,Desktop,Dell,OptiPlex 7090,DSKL0B2UU78FX,2020-09-28,2020-11-10,2023-09-28,895.8,GTA038,BU001,Branch,E018807,In Use,ServiceNow CMDB,2026-05-31,2021-02-01,2027-03-01,5,950,5.56,Warranty Expired,8.9,Expiring in 12 Months,0,1,0,0,950,1,1,0,4,41.45,36.07,Medium,Accelerated,End User Computing / Branch
A0014332,DSK-014332,Desktop,Lenovo,ThinkCentre M90q,DSKQHKGP2MX27,2019-05-29,2019-07-13,2022-05-28,938.34,ATL003,BU003,Corporate,E002985,In Use,SCCM,2026-05-31,2021-06-01,2026-06-01,5,1000,6.89,Warranty Expired,-0.0,Past EOL,1,0,0,0,1000,1,1,0,6,35.31,56.77,High,Immediate,End User Computing / Branch
A0014336,DSK-014336,Desktop,Dell,OptiPlex 7090,DSK33R92USPAV,2018-06-14,2018-06-29,2021-06-13,714.8,GTA047,BU004,Production,E019320,In Use,SCCM,2026-05-31,2021-02-01,2027-03-01,5,950,7.93,Warranty Expired,8.9,Expiring in 12 Months,0,1,0,0,950,3,1,2,10,48.88,56.44,High,Accelerated,End User Computing / Branch
A0014376,DSK-014376,Desktop,Dell,OptiPlex 7090,DSKZLZMTTHWQ7,2024-05-18,2024-06-12,2029-05-17,699.74,GTA041,BU009,Branch,E012996,In Use,Intune,2026-05-31,2021-02-01,2027-03-01,5,950,1.97,Under Warranty,8.9,Expiring in 12 Months,0,1,0,0,950,2,1,0,3,26.95,33.35,Medium,Accelerated,End User Computing / Branch
A0014394,DSK-014394,Desktop,Lenovo,ThinkCentre M90q,DSK7STYJ12KAL,2019-05-16,2019-06-24,2024-05-14,912.93,GTA001,BU004,Corporate,E012109,In Use,SCCM,2026-05-31,2021-06-01,2026-06-01,5,1000,6.94,Warranty Expired,-0.0,Past EOL,1,0,0,0,1000,1,1,0,5,26.28,54.31,Medium,Immediate,End User Computing / Branch
A0014397,DSK-014397,Desktop,Lenovo,ThinkCentre M90q,DSKFM4O2K12UX,2021-01-07,2021-01-30,2025-01-06,744.19,ONR013,BU010,Production,E000094,In Use,SCCM,2026-05-31,2021-06-01,2026-06-01,5,1000,5.34,Warranty Expired,-0.0,Past EOL,1,0,0,0,1000,1,1,0,4,10.82,51.54,Medium,Immediate,End User Computing / Branch
A0014420,DSK-014420,Desktop,Dell,OptiPlex 7090,DSK5SXSSUCG3B,2020-08-05,2020-09-15,2025-08-04,874.01,ATL004,BU001,Disaster Recovery,E020086,In Use,Intune,2026-05-31,2021-02-01,2027-03-01,5,950,5.71,Warranty Expired,8.9,Expiring in 12 Months,0,1,0,0,950,1,1,0,2,9.76,30.49,Medium,Accelerated,End User Computing / Branch
A0014473,DSK-014473,Desktop,Lenovo,ThinkCentre M90q,DSKZ2E33ARE3L,2023-02-08,2023-02-28,2027-02-07,776.08,GTA014,BU004,Production,E007967,In Use,SCCM,2026-05-31,2021-06-01,2026-06-01,5,1000,3.26,Under Warranty,-0.0,Past EOL,1,0,0,0,1000,2,0,2,4,19.03,51.95,Medium,Immediate,End User Computing / Branch
A0014486,DSK-014486,Desktop,Lenovo,ThinkCentre M90q,DSKTN5OJ4H3R2,2019-09-26,2019-10-23,2023-09-25,751.29,GTA008,BU004,Corporate,E009762,In Use,Network Discovery,2026-05-31,2021-06-01,2026-06-01,5,1000,6.61,Warranty Expired,-0.0,Past EOL,1,0,0,0,1000,3,1,1,5,38.31,58.92,High,Immediate,End User Computing / Branch
A0014490,DSK-014490,Desktop,Lenovo,ThinkCentre M90q,DSK8D5ULMMD54,2018-05-01,2018-05-16,2021-04-30,851.51,GTA039,BU001,Corporate,E019775,In Use,ServiceNow CMDB,2026-05-31,2021-06-01,2026-06-01,5,1000,8.05,Warranty Expired,-0.0,Past EOL,1,0,0,0,1000,2,1,0,3,23.03,50.15,Medium,Immediate,End User Computing / Branch
A0014510,DSK-014510,Desktop,Lenovo,ThinkCentre M90q,DSKA6FDIS5QF4,2024-07-04,2024-08-03,2027-07-04,945.31,QUE002,BU001,Production,E001422,In Use,SCCM,2026-05-31,2021-06-01,2026-06-01,5,1000,1.83,Under Warranty,-0.0,Past EOL,1,0,0,0,1000,1,1,0,1,0.62,45.03,Medium,Immediate,End User Computing / Branch
A0014521,DSK-014521,Desktop,Dell,OptiPlex 7090,DSKAHYZG8K2ZC,2020-01-18,2020-03-03,2025-01-16,814.09,GTA077,BU002,Branch,E000143,In Use,SCCM,2026-05-31,2021-02-01,2027-03-01,5,950,6.25,Warranty Expired,8.9,Expiring in 12 Months,0,1,0,0,950,2,1,0,5,37.3,37.86,Medium,Accelerated,End User Computing / Branch
A0014545,DSK-014545,Desktop,Dell,OptiPlex 7090,DSKUTB4MQOICB,2022-06-16,2022-07-25,2025-06-15,702.96,GTA033,BU003,Branch,E013367,In Use,ServiceNow CMDB,2026-05-31,2021-02-01,2027-03-01,5,950,3.85,Warranty Expired,8.9,Expiring in 12 Months,0,1,0,0,950,2,1,0,5,28.78,37.44,Medium,Accelerated,End User Computing / Branch
A0014568,DSK-014568,Desktop,Dell,OptiPlex 7090,DSKW1IBE4WJWM,2022-05-29,2022-06-05,2026-05-28,663.27,ATL012,BU002,Production,E014394,In Use,ServiceNow CMDB,2026-05-31,2021-02-01,2027-03-01,5,950,3.99,Warranty Expired,8.9,Expiring in 12 Months,0,1,0,0,950,3,0,2,6,40.01,40.0,Medium,Accelerated,End User Computing / Branch
A0014629,DSK-014629,Desktop,Dell,OptiPlex 7090,DSKQ6951ULEW7,2022-11-24,2023-01-05,2025-11-23,719.77,GTA053,BU002,Non-Production,E007036,In Use,ServiceNow CMDB,2026-05-31,2021-02-01,2027-03-01,5,950,3.41,Warranty Expired,8.9,Expiring in 12 Months,0,1,0,0,950,1,1,0,8,33.31,43.67,Medium,Accelerated,End User Computing / Branch
A0014640,DSK-014640,Desktop,Dell,OptiPlex 7090,DSK1WV9CRGH5D,2018-10-23,2018-11-06,2021-10-22,659.36,QUE005,BU009,Production,E013456,Retired Pending Disposal,ServiceNow CMDB,2026-05-31,2021-02-01,2027-03-01,5,950,7.57,Warranty Expired,8.9,Expiring in 12 Months,0,1,0,0,950,2,1,0,9,52.36,46.62,Medium,Accelerated,End User Computing / Branch
A0014659,DSK-014659,Desktop,Dell,OptiPlex 7090,DSKZKYJWMQZZU,2018-08-18,2018-08-25,2021-08-17,855.82,GTA038,BU001,Production,E007562,In Use,Network Discovery,2026-05-31,2021-02-01,2027-03-01,5,950,7.77,Warranty Expired,8.9,Expiring in 12 Months,0,1,0,0,950,1,1,0,5,19.69,36.98,Medium,Accelerated,End User Computing / Branch
A0014672,DSK-014672,Desktop,Lenovo,ThinkCentre M90q,DSKGQ179ADLMR,2020-02-24,2020-03-12,2023-02-23,831.24,ATL008,BU001,Production,E012738,In Use,SCCM,2026-05-31,2021-06-01,2026-06-01,5,1000,6.22,Warranty Expired,-0.0,Past EOL,1,0,0,0,1000,2,1,0,1,3.07,45.15,Medium,Immediate,End User Computing / Branch
A0014678,DSK-014678,Desktop,Lenovo,ThinkCentre M90q,DSK2R5FVGKWUW,2018-10-23,2018-12-01,2021-10-22,872.12,GTA043,BU009,Non-Production,E003709,In Use,ServiceNow CMDB,2026-05-31,2021-06-01,2026-06-01,5,1000,7.5,Warranty Expired,-0.0,Past EOL,1,0,0,0,1000,2,1,0,5,20.37,54.02,Medium,Immediate,End User Computing / Branch
A0014722,DSK-014722,Desktop,Lenovo,ThinkCentre M90q,DSKGYCQ60OUX2,2018-01-28,2018-02-24,2022-01-27,815.9,GTA006,BU001,Production,E020732,In Repair,ServiceNow CMDB,2026-05-31,2021-06-01,2026-06-01,5,1000,8.27,Warranty Expired,-0.0,Past EOL,1,0,0,0,1000,2,1,0,2,13.58,47.68,Medium,Immediate,End User Computing / Branch
A0014723,DSK-014723,Desktop,Lenovo,ThinkCentre M90q,DSKD70YOE5561,2024-05-02,2024-06-13,2027-05-02,901.54,GTA072,BU010,Corporate,E014084,In Use,ServiceNow CMDB,2026-05-31,2021-06-01,2026-06-01,5,1000,1.97,Under Warranty,-0.0,Past EOL,1,0,0,0,1000,1,1,0,3,11.41,49.57,Medium,Immediate,End User Computing / Branch
A0014731,DSK-014731,Desktop,Dell,OptiPlex 7090,DSKD0Y83HXTQB,2022-04-25,2022-05-27,2025-04-24,869.81,WST010,BU001,Branch,E012907,In Use,ServiceNow CMDB,2026-05-31,2021-02-01,2027-03-01,5,950,4.02,Warranty Expired,8.9,Expiring in 12 Months,0,1,0,0,950,1,1,0,2,16.06,30.8,Medium,Accelerated,End User Computing / Branch
A0014758,DSK-014758,Desktop,Dell,OptiPlex 7090,DSKVD2EHO0KL3,2018-11-22,2018-11-26,2022-11-21,636.81,GTA052,BU001,Branch,E004843,In Use,SCCM,2026-05-31,2021-02-01,2027-03-01,5,950,7.52,Warranty Expired,8.9,Expiring in 12 Months,0,1,0,0,950,1,1,0,4,28.35,35.42,Medium,Accelerated,End User Computing / Branch
A0014773,DSK-014773,Desktop,Dell,OptiPlex 7090,DSK4NJUFGNEDY,2018-05-13,2018-06-25,2021-05-12,758.77,GTA010,BU001,Production,E000472,In Use,ServiceNow CMDB,2026-05-31,2021-02-01,2027-03-01,5,950,7.94,Warranty Expired,8.9,Expiring in 12 Months,0,1,0,0,950,2,0,2,2,8.17,30.41,Medium,Accelerated,End User Computing / Branch
A0014786,DSK-014786,Desktop,Lenovo,ThinkCentre M90q,DSKT51O83FKMF,2018-12-27,2019-02-03,2023-12-26,682.45,ONR005,BU001,Non-Production,E010013,In Use,SCCM,2026-05-31,2021-06-01,2026-06-01,5,1000,7.33,Warranty Expired,-0.0,Past EOL,1,0,0,0,1000,2,1,0,9,53.59,63.68,High,Immediate,End User Computing / Branch
A0014797,DSK-014797,Desktop,Lenovo,ThinkCentre M90q,DSKDYUOVJ5ZYY,2019-01-03,2019-01-18,2023-01-02,776.67,GTA069,BU009,Disaster Recovery,E005510,In Use,ServiceNow CMDB,2026-05-31,2021-06-01,2026-06-01,5,1000,7.37,Warranty Expired,-0.0,Past EOL,1,0,0,0,1000,1,1,0,2,16.55,47.83,Medium,Immediate,End User Computing / Branch
A0014809,DSK-014809,Desktop,Lenovo,ThinkCentre M90q,DSK0EAVXNPL7D,2019-08-30,2019-09-07,2023-08-29,766.93,GTA010,BU004,Production,E019052,In Use,ServiceNow CMDB,2026-05-31,2021-06-01,2026-06-01,5,1000,6.74,Warranty Expired,-0.0,Past EOL,1,0,0,0,1000,1,1,0,9,47.67,63.38,High,Immediate,End User Computing / Branch
A0014813,DSK-014813,Desktop,Lenovo,ThinkCentre M90q,DSK4ML1YLKR2Y,2021-07-04,2021-08-03,2024-07-03,891.88,GTA018,BU002,Production,E005934,In Use,SCCM,2026-05-31,2021-06-01,2026-06-01,5,1000,4.83,Warranty Expired,-0.0,Past EOL,1,0,0,0,1000,2,1,0,5,24.58,54.23,Medium,Immediate,End User Computing / Branch
A0014837,DSK-014837,Desktop,Dell,OptiPlex 7090,DSKQ9GFCFQT3P,2022-01-29,2022-02-06,2025-01-28,668.96,GTA053,BU009,Corporate,E017487,In Use,Network Discovery,2026-05-31,2021-02-01,2027-03-01,5,950,4.32,Warranty Expired,8.9,Expiring in 12 Months,0,1,0,0,950,2,1,0,5,25.34,37.27,Medium,Accelerated,End User Computing / Branch
A0014851,DSK-014851,Desktop,Lenovo,ThinkCentre M90q,DSKJD4FP3JLFS,2022-06-20,2022-07-15,2026-06-19,708.65,GTA055,BU001,Corporate,E005940,In Use,ServiceNow CMDB,2026-05-31,2021-06-01,2026-06-01,5,1000,3.88,Under Warranty,-0.0,Past EOL,1,0,0,0,1000,2,0,2,4,19.5,51.98,Medium,Immediate,End User Computing / Branch
A0014872,DSK-014872,Desktop,Lenovo,ThinkCentre M90q,DSKD36BGFO616,2020-10-24,2020-11-20,2023-10-24,745.23,GTA022,BU009,Corporate,E007270,In Use,Network Discovery,2026-05-31,2021-06-01,2026-06-01,5,1000,5.53,Warranty Expired,-0.0,Past EOL,1,0,0,0,1000,1,1,0,2,17.11,47.86,Medium,Immediate,End User Computing / Branch
A0014879,DSK-014879,Desktop,Dell,OptiPlex 7090,DSK8ZIPI2B982,2023-06-25,2023-07-24,2027-06-24,737.86,ATL012,BU001,Corporate,E013057,In Use,ServiceNow CMDB,2026-05-31,2021-02-01,2027-03-01,5,950,2.86,Under Warranty,8.9,Expiring in 12 Months,0,1,0,0,950,3,1,2,6,48.79,48.44,Medium,Accelerated,End User Computing / Branch
A0014881,DSK-014881,Desktop,Dell,OptiPlex 7090,DSK06R604PLIW,2019-09-09,2019-09-18,2023-09-08,639.5,GTA014,BU003,Corporate,E003784,In Use,ServiceNow CMDB,2026-05-31,2021-02-01,2027-03-01,5,950,6.7,Warranty Expired,8.9,Expiring in 12 Months,0,1,0,0,950,1,1,0,3,19.43,32.97,Medium,Accelerated,End User Computing / Branch
A0014896,DSK-014896,Desktop,Lenovo,ThinkCentre M90q,DSKXXDKUXH19K,2019-08-19,2019-08-27,2024-08-17,882.29,QUE014,BU001,Branch,E017124,In Use,SCCM,2026-05-31,2021-06-01,2026-06-01,5,1000,6.77,Warranty Expired,-0.0,Past EOL,1,0,0,0,1000,2,1,1,4,31.8,56.59,High,Immediate,End User Computing / Branch
A0014905,DSK-014905,Desktop,Dell,OptiPlex 7090,DSK8S1R0TJ8IY,2024-06-26,2024-07-01,2028-06-25,653.36,GTA053,BU001,Branch,E009935,In Use,Intune,2026-05-31,2021-02-01,2027-03-01,5,950,1.92,Under Warranty,8.9,Expiring in 12 Months,0,1,0,0,950,2,0,2,6,21.61,39.08,Medium,Accelerated,End User Computing / Branch
A0014919,DSK-014919,Desktop,Dell,OptiPlex 7090,DSKJ8R0SR63VO,2022-07-11,2022-08-13,2025-07-10,684.35,ATL015,BU004,Corporate,E005193,In Use,ServiceNow CMDB,2026-05-31,2021-02-01,2027-03-01,5,950,3.8,Warranty Expired,8.9,Expiring in 12 Months,0,1,0,0,950,1,1,0,4,35.01,35.75,Medium,Accelerated,End User Computing / Branch
A0014929,DSK-014929,Desktop,Dell,OptiPlex 7090,DSKOXMGKEITZG,2019-12-20,2019-12-25,2022-12-19,739.5,WST004,BU008,Corporate,E007073,In Use,SCCM,2026-05-31,2021-02-01,2027-03-01,5,950,6.44,Warranty Expired,8.9,Expiring in 12 Months,0,1,0,0,950,2,1,0,2,15.14,30.76,Medium,Accelerated,End User Computing / Branch
A0014947,DSK-014947,Desktop,Dell,OptiPlex 7090,DSKX8M9RS0FL9,2023-12-13,2024-01-18,2026-12-12,671.67,GTA024,BU001,Branch,E006311,In Use,SCCM,2026-05-31,2021-02-01,2027-03-01,5,950,2.37,Under Warranty,8.9,Expiring in 12 Months,0,1,0,0,950,2,1,0,4,22.98,35.15,Medium,Accelerated,End User Computing / Branch
A0014953,DSK-014953,Desktop,Dell,OptiPlex 7090,DSK160TAL4X72,2018-11-15,2018-12-14,2023-11-14,660.18,GTA005,BU009,Branch,E013130,In Use,Network Discovery,2026-05-31,2021-02-01,2027-03-01,5,950,7.47,Warranty Expired,8.9,Expiring in 12 Months,0,1,0,0,950,3,1,0,5,47.16,38.36,Medium,Accelerated,End User Computing / Branch
A0014976,DSK-014976,Desktop,Dell,OptiPlex 7090,DSKQAD0QUM98X,2021-03-19,2021-04-05,2025-03-18,647.49,GTA058,BU008,Corporate,E008206,In Use,Intune,2026-05-31,2021-02-01,2027-03-01,5,950,5.16,Warranty Expired,8.9,Expiring in 12 Months,0,1,0,0,950,1,1,0,5,40.65,38.03,Medium,Accelerated,End User Computing / Branch
A0014981,DSK-014981,Desktop,Lenovo,ThinkCentre M90q,DSKXE40QZ49UC,2022-06-13,2022-07-05,2026-06-12,672.58,ONR007,BU001,Corporate,E004665,In Stock,Intune,2026-05-31,2021-06-01,2026-06-01,5,1000,3.91,Under Warranty,-0.0,Past EOL,1,0,0,0,1000,1,1,0,2,12.03,47.6,Medium,Immediate,End User Computing / Branch
A0014998,DSK-014998,Desktop,Lenovo,ThinkCentre M90q,DSK8KELMQ1WT9,2018-06-06,2018-06-16,2021-06-05,797.72,GTA002,BU001,Production,E005088,In Use,ServiceNow CMDB,2026-05-31,2021-06-01,2026-06-01,5,1000,7.96,Warranty Expired,-0.0,Past EOL,1,0,0,0,1000,4,1,1,4,19.91,56.0,High,Immediate,End User Computing / Branch
A0015018,DSK-015018,Desktop,Lenovo,ThinkCentre M90q,DSK94GEBRSDNF,2021-12-28,2022-02-08,2025-12-27,721.11,ATL002,BU005,Corporate,E012756,In Use,ServiceNow CMDB,2026-05-31,2021-06-01,2026-06-01,5,1000,4.31,Warranty Expired,-0.0,Past EOL,1,0,0,0,1000,1,1,0,3,20.36,50.02,Medium,Immediate,End User Computing / Branch
A0015055,DSK-015055,Desktop,Lenovo,ThinkCentre M90q,DSKU37RSDCR7E,2022-08-17,2022-09-16,2025-08-16,814.53,GTA017,BU001,Corporate,E013224,In Use,ServiceNow CMDB,2026-05-31,2021-06-01,2026-06-01,5,1000,3.71,Warranty Expired,-0.0,Past EOL,1,0,0,0,1000,2,0,2,2,16.88,47.84,Medium,Immediate,End User Computing / Branch
A0015086,DSK-015086,Desktop,Dell,OptiPlex 7090,DSKSC0ZW4VBS0,2021-06-10,2021-07-22,2026-06-09,758.29,QUE008,BU003,Corporate,E018110,In Use,ServiceNow CMDB,2026-05-31,2021-02-01,2027-03-01,5,950,4.86,Under Warranty,8.9,Expiring in 12 Months,0,1,0,0,950,1,1,0,6,43.17,40.16,Medium,Accelerated,End User Computing / Branch
A0015111,DSK-015111,Desktop,Lenovo,ThinkCentre M90q,DSKU84K989SYN,2021-04-30,2021-05-16,2024-04-29,783.32,WST005,BU001,Corporate,E021376,In Use,SCCM,2026-05-31,2021-06-01,2026-06-01,5,1000,5.05,Warranty Expired,-0.0,Past EOL,1,0,0,0,1000,1,1,0,6,25.17,56.26,High,Immediate,End User Computing / Branch
A0015114,DSK-015114,Desktop,Dell,OptiPlex 7090,DSK93T5FJAQLF,2020-01-21,2020-03-01,2025-01-19,691.6,GTA067,BU005,Branch,E003883,In Use,ServiceNow CMDB,2026-05-31,2021-02-01,2027-03-01,5,950,6.25,Warranty Expired,8.9,Expiring in 12 Months,0,1,0,0,950,2,0,2,3,16.57,32.83,Medium,Accelerated,End User Computing / Branch
A0015122,DSK-015122,Desktop,Dell,OptiPlex 7090,DSKR0G0SJ0OLT,2021-08-16,2021-09-26,2024-08-15,663.64,GTA025,BU001,Production,E020447,In Use,SCCM,2026-05-31,2021-02-01,2027-03-01,5,950,4.68,Warranty Expired,8.9,Expiring in 12 Months,0,1,0,0,950,1,1,0,5,49.22,38.46,Medium,Accelerated,End User Computing / Branch
A0015125,DSK-015125,Desktop,Dell,OptiPlex 7090,DSK69UXERPX3R,2022-07-24,2022-07-27,2027-07-23,765.36,ONR004,BU003,Corporate,E007626,In Use,Network Discovery,2026-05-31,2021-02-01,2027-03-01,5,950,3.85,Under Warranty,8.9,Expiring in 12 Months,0,1,0,0,950,1,1,0,4,13.65,34.68,Medium,Accelerated,End User Computing / Branch
A0015151,DSK-015151,Desktop,Dell,OptiPlex 7090,DSKJ4132P42JB,2019-08-17,2019-09-22,2022-08-16,665.72,GTA054,BU004,Branch,E008395,In Use,SCCM,2026-05-31,2021-02-01,2027-03-01,5,950,6.69,Warranty Expired,8.9,Expiring in 12 Months,0,1,0,0,950,1,1,0,2,26.15,31.31,Medium,Accelerated,End User Computing / Branch
A0015171,DSK-015171,Desktop,Lenovo,ThinkCentre M90q,DSKD4A03W8NG6,2023-12-11,2023-12-17,2028-12-09,744.3,TOR006,BU001,Non-Production,E006231,In Use,Network Discovery,2026-05-31,2021-06-01,2026-06-01,5,1000,2.46,Under Warranty,-0.0,Past EOL,1,0,0,0,1000,2,0,2,5,47.25,55.36,High,Immediate,End User Computing / Branch
A0015179,DSK-015179,Desktop,Lenovo,ThinkCentre M90q,DSK15SMYP3SRS,2025-04-02,2025-05-10,2028-04-01,786.27,GTA061,BU001,Branch,E020700,Retired Pending Disposal,ServiceNow CMDB,2026-05-31,2021-06-01,2026-06-01,5,1000,1.06,Under Warranty,-0.0,Past EOL,1,0,0,0,1000,2,0,2,2,11.35,47.57,Medium,Immediate,End User Computing / Branch
A0015214,DSK-015214,Desktop,Dell,OptiPlex 7090,DSKJBKPLC8DQJ,2021-08-12,2021-09-17,2025-08-11,640.77,WST006,BU001,Branch,E008252,In Stock,ServiceNow CMDB,2026-05-31,2021-02-01,2027-03-01,5,950,4.71,Warranty Expired,8.9,Expiring in 12 Months,0,1,0,0,950,2,1,0,2,11.63,30.58,Medium,Accelerated,End User Computing / Branch
A0015218,DSK-015218,Desktop,Dell,OptiPlex 7090,DSKG647NRBUPA,2023-06-11,2023-07-17,2026-06-10,856.31,GTA035,BU001,Disaster Recovery,E007865,In Use,ServiceNow CMDB,2026-05-31,2021-02-01,2027-03-01,5,950,2.88,Under Warranty,8.9,Expiring in 12 Months,0,1,0,0,950,3,1,1,6,29.79,43.49,Medium,Accelerated,End User Computing / Branch
A0015220,DSK-015220,Desktop,Lenovo,ThinkCentre M90q,DSKV34GSXG0EG,2021-04-11,2021-05-05,2025-04-10,941.72,GTA053,BU002,Production,E021960,In Use,ServiceNow CMDB,2026-05-31,2021-06-01,2026-06-01,5,1000,5.08,Warranty Expired,-0.0,Past EOL,1,0,0,0,1000,2,0,2,5,21.98,54.1,Medium,Immediate,End User Computing / Branch
A0015247,DSK-015247,Desktop,Dell,OptiPlex 7090,DSKAAJ88UBREC,2020-03-11,2020-04-25,2024-03-10,633.2,GTA077,BU008,Branch,E012679,In Use,ServiceNow CMDB,2026-05-31,2021-02-01,2027-03-01,5,950,6.1,Warranty Expired,8.9,Expiring in 12 Months,0,1,0,0,950,2,1,0,4,26.75,35.34,Medium,Accelerated,End User Computing / Branch
A0015258,DSK-015258,Desktop,Lenovo,ThinkCentre M90q,DSKFJ5X9I0QN5,2025-09-21,2025-10-20,2028-09-20,690.89,QUE015,BU009,Production,E009488,In Use,Network Discovery,2026-05-31,2021-06-01,2026-06-01,5,1000,0.62,Under Warranty,-0.0,Past EOL,1,0,0,0,1000,1,1,0,3,17.2,49.86,Medium,Immediate,End User Computing / Branch
A0015260,DSK-015260,Desktop,Dell,OptiPlex 7090,DSKOU7RKJK2EQ,2025-01-02,2025-02-02,2029-01-01,736.38,QUE011,BU010,Production,E005665,In Use,Network Discovery,2026-05-31,2021-02-01,2027-03-01,5,950,1.33,Under Warranty,8.9,Expiring in 12 Months,0,1,0,0,950,2,1,0,3,16.56,32.83,Medium,Accelerated,End User Computing / Branch
A0015268,DSK-015268,Desktop,Lenovo,ThinkCentre M90q,DSKBT180VRTYW,2022-12-17,2023-01-17,2026-12-16,720.51,ATL013,BU005,Corporate,E021105,Retired Pending Disposal,ServiceNow CMDB,2026-05-31,2021-06-01,2026-06-01,5,1000,3.37,Under Warranty,-0.0,Past EOL,1,0,0,0,1000,3,1,0,5,42.26,55.11,High,Immediate,End User Computing / Branch
A0015276,DSK-015276,Desktop,Dell,OptiPlex 7090,DSK0DXRKRBJ6X,2019-01-18,2019-02-20,2024-01-17,863.04,GTA026,BU004,Corporate,E017999,In Use,SCCM,2026-05-31,2021-02-01,2027-03-01,5,950,7.28,Warranty Expired,8.9,Expiring in 12 Months,0,1,0,0,950,1,1,0,3,30.16,33.51,Medium,Accelerated,End User Computing / Branch
A0015305,DSK-015305,Desktop,Lenovo,ThinkCentre M90q,DSKCVFSZ3J2TD,2023-01-03,2023-02-12,2026-01-02,933.21,QUE020,BU009,Non-Production,E007479,In Use,SCCM,2026-05-31,2021-06-01,2026-06-01,5,1000,3.3,Warranty Expired,-0.0,Past EOL,1,0,0,0,1000,2,1,0,5,39.95,55.0,Medium,Immediate,End User Computing / Branch
A0015364,DSK-015364,Desktop,Lenovo,ThinkCentre M90q,DSKAKEUS2H6RL,2020-10-17,2020-10-26,2024-10-16,689.35,GTA065,BU007,Production,E006277,In Use,ServiceNow CMDB,2026-05-31,2021-06-01,2026-06-01,5,1000,5.6,Warranty Expired,-0.0,Past EOL,1,0,0,0,1000,3,0,2,0,0.0,43.0,Medium,Immediate,End User Computing / Branch
A0015371,DSK-015371,Desktop,Lenovo,ThinkCentre M90q,DSKUBOSM5D1GN,2019-05-02,2019-05-20,2024-04-30,929.71,GTA025,BU005,Corporate,E002333,In Use,Intune,2026-05-31,2021-06-01,2026-06-01,5,1000,7.04,Warranty Expired,-0.0,Past EOL,1,0,0,0,1000,1,1,0,2,13.24,47.66,Medium,Immediate,End User Computing / Branch
A0015372,DSK-015372,Desktop,Lenovo,ThinkCentre M90q,DSK21V2G3H5EM,2023-01-24,2023-02-13,2027-01-23,929.07,ATL009,BU001,Production,E012132,In Use,Network Discovery,2026-05-31,2021-06-01,2026-06-01,5,1000,3.3,Under Warranty,-0.0,Past EOL,1,0,0,0,1000,1,1,0,5,29.13,54.46,Medium,Immediate,End User Computing / Branch
A0015422,DSK-015422,Desktop,Lenovo,ThinkCentre M90q,DSKP0LL6DCZ92,2018-02-14,2018-03-11,2021-02-13,706.83,WST028,BU007,Branch,E016201,In Repair,ServiceNow CMDB,2026-05-31,2021-06-01,2026-06-01,5,1000,8.23,Warranty Expired,-0.0,Past EOL,1,0,0,0,1000,2,1,0,4,58.56,53.93,Medium,Immediate,End User Computing / Branch
A0015425,DSK-015425,Desktop,Lenovo,ThinkCentre M90q,DSKG0204KU6LF,2019-04-18,2019-04-27,2022-04-17,802.84,WST022,BU001,Non-Production,E016976,In Use,Network Discovery,2026-05-31,2021-06-01,2026-06-01,5,1000,7.1,Warranty Expired,-0.0,Past EOL,1,0,0,0,1000,1,1,0,3,7.95,49.4,Medium,Immediate,End User Computing / Branch
A0015434,DSK-015434,Desktop,Dell,OptiPlex 7090,DSKNPDMZPF8Z4,2023-05-30,2023-07-03,2026-05-29,617.6,GTA002,BU002,Production,E008481,In Use,SCCM,2026-05-31,2021-02-01,2027-03-01,5,950,2.92,Warranty Expired,8.9,Expiring in 12 Months,0,1,0,0,950,3,1,0,4,26.55,35.33,Medium,Accelerated,End User Computing / Branch
A0015442,DSK-015442,Desktop,Dell,OptiPlex 7090,DSKAM13B0G9RY,2020-04-27,2020-06-01,2024-04-26,815.56,ATL005,BU005,Branch,E021866,In Use,ServiceNow CMDB,2026-05-31,2021-02-01,2027-03-01,5,950,6.0,Warranty Expired,8.9,Expiring in 12 Months,0,1,0,0,950,1,1,0,1,3.75,28.19,Low,Accelerated,End User Computing / Branch
A0015449,DSK-015449,Desktop,Lenovo,ThinkCentre M90q,DSKAADNBE85RR,2022-05-20,2022-06-05,2025-05-19,661.63,GTA059,BU010,Corporate,E018367,In Use,SCCM,2026-05-31,2021-06-01,2026-06-01,5,1000,3.99,Warranty Expired,-0.0,Past EOL,1,0,0,0,1000,2,0,2,2,13.21,47.66,Medium,Immediate,End User Computing / Branch
A0015467,DSK-015467,Desktop,Dell,OptiPlex 7090,DSKLYO7FH6GLZ,2021-08-03,2021-08-13,2025-08-02,653.36,GTA014,BU002,Corporate,E001197,In Use,ServiceNow CMDB,2026-05-31,2021-02-01,2027-03-01,5,950,4.8,Warranty Expired,8.9,Expiring in 12 Months,0,1,0,0,950,1,1,0,3,27.47,33.37,Medium,Accelerated,End User Computing / Branch
A0015492,DSK-015492,Desktop,Lenovo,ThinkCentre M90q,DSKHJ2QO5HGVL,2022-08-10,2022-09-22,2026-08-09,683.29,ATL001,BU004,Branch,E021357,In Use,ServiceNow CMDB,2026-05-31,2021-06-01,2026-06-01,5,1000,3.69,Under Warranty,-0.0,Past EOL,1,0,0,0,1000,1,1,0,4,25.02,52.25,Medium,Immediate,End User Computing / Branch
A0015525,DSK-015525,Desktop,Dell,OptiPlex 7090,DSKMTE1P0NZB5,2018-11-07,2018-11-29,2023-11-06,723.27,WST005,BU003,Production,E014634,In Use,ServiceNow CMDB,2026-05-31,2021-02-01,2027-03-01,5,950,7.51,Warranty Expired,8.9,Expiring in 12 Months,0,1,0,0,950,2,1,0,7,54.84,42.74,Medium,Accelerated,End User Computing / Branch
A0015528,DSK-015528,Desktop,Dell,OptiPlex 7090,DSKZ48HWYP6SX,2020-07-21,2020-08-10,2023-07-21,634.88,GTA076,BU002,Branch,E004536,In Use,ServiceNow CMDB,2026-05-31,2021-02-01,2027-03-01,5,950,5.81,Warranty Expired,8.9,Expiring in 12 Months,0,1,0,0,950,2,1,0,5,16.5,36.83,Medium,Accelerated,End User Computing / Branch
A0015536,DSK-015536,Desktop,Lenovo,ThinkCentre M90q,DSKV5LJHENP8B,2020-01-07,2020-02-04,2023-01-06,914.81,ONR010,BU002,Branch,E016733,In Use,Intune,2026-05-31,2021-06-01,2026-06-01,5,1000,6.32,Warranty Expired,-0.0,Past EOL,1,0,0,0,1000,2,1,0,1,3.81,45.19,Medium,Immediate,End User Computing / Branch
A0015541,DSK-015541,Desktop,Dell,OptiPlex 7090,DSKZ6G2W75TDG,2020-01-26,2020-03-11,2023-01-25,872.05,GTA049,BU002,Corporate,E006569,In Use,SCCM,2026-05-31,2021-02-01,2027-03-01,5,950,6.23,Warranty Expired,8.9,Expiring in 12 Months,0,1,0,0,950,3,1,1,6,50.0,44.5,Medium,Accelerated,End User Computing / Branch
A0015573,DSK-015573,Desktop,Dell,OptiPlex 7090,DSKB1W0STXIQC,2019-04-20,2019-06-01,2023-04-19,650.69,GTA006,BU005,Production,E013466,In Use,ServiceNow CMDB,2026-05-31,2021-02-01,2027-03-01,5,950,7.0,Warranty Expired,8.9,Expiring in 12 Months,0,1,0,0,950,1,1,0,4,25.83,35.29,Medium,Accelerated,End User Computing / Branch
A0015593,DSK-015593,Desktop,Dell,OptiPlex 7090,DSK0YSX1TXJA5,2024-01-18,2024-02-09,2028-01-17,654.87,WST025,BU006,Branch,E018085,In Use,ServiceNow CMDB,2026-05-31,2021-02-01,2027-03-01,5,950,2.31,Under Warranty,8.9,Expiring in 12 Months,0,1,0,0,950,2,1,0,2,10.94,30.55,Medium,Accelerated,End User Computing / Branch
A0015617,DSK-015617,Desktop,Dell,OptiPlex 7090,DSKGTNR8NOCPZ,2024-03-11,2024-03-29,2029-03-10,751.23,WST024,BU001,Branch,E012530,In Use,Intune,2026-05-31,2021-02-01,2027-03-01,5,950,2.18,Under Warranty,8.9,Expiring in 12 Months,0,1,0,0,950,2,1,1,4,31.0,39.55,Medium,Accelerated,End User Computing / Branch
A0015625,DSK-015625,Desktop,Lenovo,ThinkCentre M90q,DSKHW5PYUL5PS,2019-06-29,2019-07-21,2024-06-27,714.43,ONR012,BU006,Disaster Recovery,E005647,In Use,SCCM,2026-05-31,2021-06-01,2026-06-01,5,1000,6.87,Warranty Expired,-0.0,Past EOL,1,0,0,0,1000,2,1,0,1,2.21,45.11,Medium,Immediate,End User Computing / Branch
A0015628,DSK-015628,Desktop,Dell,OptiPlex 7090,DSKAQ8JHGCB0Z,2022-05-30,2022-06-01,2025-05-29,866.85,GTA034,BU001,Production,E016696,In Use,ServiceNow CMDB,2026-05-31,2021-02-01,2027-03-01,5,950,4.0,Warranty Expired,8.9,Expiring in 12 Months,0,1,0,0,950,1,1,0,6,40.98,40.05,Medium,Accelerated,End User Computing / Branch
A0015644,DSK-015644,Desktop,Dell,OptiPlex 7090,DSKVVTVN16B9P,2018-11-02,2018-11-25,2021-11-01,894.8,QUE016,BU003,Production,E018338,In Use,Network Discovery,2026-05-31,2021-02-01,2027-03-01,5,950,7.52,Warranty Expired,8.9,Expiring in 12 Months,0,1,0,0,950,2,1,0,4,16.4,34.82,Medium,Accelerated,End User Computing / Branch
A0015664,DSK-015664,Desktop,Lenovo,ThinkCentre M90q,DSKYWS519GFSX,2023-09-16,2023-09-22,2028-09-14,671.1,WST004,BU001,Corporate,E005308,In Use,ServiceNow CMDB,2026-05-31,2021-06-01,2026-06-01,5,1000,2.69,Under Warranty,-0.0,Past EOL,1,0,0,0,1000,4,0,2,4,33.1,52.66,Medium,Immediate,End User Computing / Branch
A0015674,DSK-015674,Desktop,Dell,OptiPlex 7090,DSKU8XOKVTB6U,2021-10-17,2021-11-22,2024-10-16,867.56,ATL006,BU001,Non-Production,E007454,In Use,SCCM,2026-05-31,2021-02-01,2027-03-01,5,950,4.53,Warranty Expired,8.9,Expiring in 12 Months,0,1,0,0,950,1,1,0,6,46.46,40.32,Medium,Accelerated,End User Computing / Branch
A0015698,DSK-015698,Desktop,Dell,OptiPlex 7090,DSKGOVF4PEZ45,2019-11-21,2019-12-07,2024-11-19,900.48,GTA045,BU002,Branch,E004733,In Use,ServiceNow CMDB,2026-05-31,2021-02-01,2027-03-01,5,950,6.49,Warranty Expired,8.9,Expiring in 12 Months,0,1,0,0,950,3,1,0,8,53.59,44.68,Medium,Accelerated,End User Computing / Branch
A0015723,DSK-015723,Desktop,Dell,OptiPlex 7090,DSKZEZQ4MT7QI,2021-03-10,2021-04-18,2025-03-09,797.84,WST029,BU001,Production,E011899,In Use,SCCM,2026-05-31,2021-02-01,2027-03-01,5,950,5.12,Warranty Expired,8.9,Expiring in 12 Months,0,1,0,0,950,1,1,0,7,47.4,42.37,Medium,Accelerated,End User Computing / Branch
A0015725,DSK-015725,Desktop,Dell,OptiPlex 7090,DSKFT873M5U7C,2020-09-21,2020-10-22,2023-09-21,882.9,GTA080,BU008,Production,E018245,In Use,SCCM,2026-05-31,2021-02-01,2027-03-01,5,950,5.61,Warranty Expired,8.9,Expiring in 12 Months,0,1,0,0,950,1,1,0,7,41.03,42.05,Medium,Accelerated,End User Computing / Branch
A0015733,DSK-015733,Desktop,Dell,OptiPlex 7090,DSKFFOLZW1H1Z,2019-09-26,2019-10-01,2023-09-25,658.5,QUE015,BU001,Production,E000723,In Use,Intune,2026-05-31,2021-02-01,2027-03-01,5,950,6.67,Warranty Expired,8.9,Expiring in 12 Months,0,1,0,0,950,1,1,0,4,23.58,35.18,Medium,Accelerated,End User Computing / Branch
A0015757,DSK-015757,Desktop,Lenovo,ThinkCentre M90q,DSKOP9IGI8RX7,2019-08-30,2019-10-07,2022-08-29,859.87,ONR007,BU001,Production,E002353,In Use,ServiceNow CMDB,2026-05-31,2021-06-01,2026-06-01,5,1000,6.65,Warranty Expired,-0.0,Past EOL,1,0,0,0,1000,2,1,0,4,30.06,52.5,Medium,Immediate,End User Computing / Branch
A0015763,DSK-015763,Desktop,Dell,OptiPlex 7090,DSK6Y28UG1PXH,2023-01-14,2023-02-22,2027-01-13,680.75,ONR005,BU001,Non-Production,E014938,In Use,ServiceNow CMDB,2026-05-31,2021-02-01,2027-03-01,5,950,3.27,Under Warranty,8.9,Expiring in 12 Months,0,1,0,0,950,2,1,0,4,15.15,34.76,Medium,Accelerated,End User Computing / Branch
A0015771,DSK-015771,Desktop,Dell,OptiPlex 7090,DSKE6JCZMOOH3,2021-12-04,2021-12-05,2026-12-03,719.68,ATL001,BU009,Branch,E002525,In Use,ServiceNow CMDB,2026-05-31,2021-02-01,2027-03-01,5,950,4.49,Under Warranty,8.9,Expiring in 12 Months,0,1,0,0,950,1,1,0,6,44.63,40.23,Medium,Accelerated,End User Computing / Branch
A0015817,DSK-015817,Desktop,Lenovo,ThinkCentre M90q,DSKK9NAF9DJ4G,2019-04-20,2019-05-10,2022-04-19,909.6,WST028,BU007,Branch,E015921,In Use,ServiceNow CMDB,2026-05-31,2021-06-01,2026-06-01,5,1000,7.06,Warranty Expired,-0.0,Past EOL,1,0,0,0,1000,2,1,0,3,17.29,49.86,Medium,Immediate,End User Computing / Branch
A0015884,DSK-015884,Desktop,Dell,OptiPlex 7090,DSKOKIFNXN80Z,2018-06-16,2018-07-14,2022-06-15,663.64,TOR004,BU002,Production,E016152,In Use,SCCM,2026-05-31,2021-02-01,2027-03-01,5,950,7.89,Warranty Expired,8.9,Expiring in 12 Months,0,1,0,0,950,2,1,1,0,0.0,30.0,Low,Accelerated,End User Computing / Branch
A0015897,DSK-015897,Desktop,Dell,OptiPlex 7090,DSKWR9R39FIAH,2023-04-01,2023-05-08,2026-03-31,864.22,GTA018,BU004,Corporate,E021370,In Use,Intune,2026-05-31,2021-02-01,2027-03-01,5,950,3.07,Warranty Expired,8.9,Expiring in 12 Months,0,1,0,0,950,1,1,0,11,73.69,49.68,Medium,Accelerated,End User Computing / Branch
A0015898,DSK-015898,Desktop,Dell,OptiPlex 7090,DSK9R7YY0II8G,2020-04-24,2020-05-23,2025-04-23,687.53,GTA077,BU001,Disaster Recovery,E009629,In Use,ServiceNow CMDB,2026-05-31,2021-02-01,2027-03-01,5,950,6.03,Warranty Expired,8.9,Expiring in 12 Months,0,1,0,0,950,1,1,0,5,25.52,37.28,Medium,Accelerated,End User Computing / Branch
A0015916,DSK-015916,Desktop,Lenovo,ThinkCentre M90q,DSKHV81V9J0E1,2022-10-02,2022-11-09,2026-10-01,826.05,QUE005,BU002,Non-Production,E011491,In Stock,Network Discovery,2026-05-31,2021-06-01,2026-06-01,5,1000,3.56,Under Warranty,-0.0,Past EOL,1,0,0,0,1000,4,1,1,4,25.75,56.29,High,Immediate,End User Computing / Branch
A0015943,DSK-015943,Desktop,Lenovo,ThinkCentre M90q,DSKAEX5MXXGR9,2024-05-14,2024-06-10,2028-05-13,787.37,GTA062,BU001,Non-Production,E017099,Retired Pending Disposal,ServiceNow CMDB,2026-05-31,2021-06-01,2026-06-01,5,1000,1.98,Under Warranty,-0.0,Past EOL,1,0,0,0,1000,2,1,0,4,19.74,51.99,Medium,Immediate,End User Computing / Branch
A0015952,DSK-015952,Desktop,Dell,OptiPlex 7090,DSKCLM6OHYGGT,2018-07-16,2018-08-21,2021-07-15,886.11,GTA061,BU001,Branch,E019306,In Stock,Network Discovery,2026-05-31,2021-02-01,2027-03-01,5,950,7.78,Warranty Expired,8.9,Expiring in 12 Months,0,1,0,0,950,2,1,0,0,0.0,26.0,Low,Accelerated,End User Computing / Branch
A0015997,DSK-015997,Desktop,Lenovo,ThinkCentre M90q,DSK9XCM7DU2OK,2024-03-25,2024-05-09,2027-03-25,789.44,WST023,BU001,Branch,E013748,In Use,ServiceNow CMDB,2026-05-31,2021-06-01,2026-06-01,5,1000,2.06,Under Warranty,-0.0,Past EOL,1,0,0,0,1000,3,1,1,4,17.39,55.87,High,Immediate,End User Computing / Branch
A0015999,DSK-015999,Desktop,Lenovo,ThinkCentre M90q,DSK5B5XFER3M2,2021-03-03,2021-03-20,2025-03-02,848.73,WST010,BU001,Corporate,E006196,In Use,ServiceNow CMDB,2026-05-31,2021-06-01,2026-06-01,5,1000,5.2,Warranty Expired,-0.0,Past EOL,1,0,0,0,1000,1,1,0,4,38.99,52.95,Medium,Immediate,End User Computing / Branch
A0016011,DSK-016011,Desktop,Lenovo,ThinkCentre M90q,DSKN46F7EY86W,2020-01-02,2020-01-10,2023-01-01,830.52,GTA002,BU006,Production,E010676,In Stock,ServiceNow CMDB,2026-05-31,2021-06-01,2026-06-01,5,1000,6.39,Warranty Expired,-0.0,Past EOL,1,0,0,0,1000,2,0,2,7,46.39,59.32,High,Immediate,End User Computing / Branch
A0016018,DSK-016018,Desktop,Lenovo,ThinkCentre M90q,DSKNQREYBUFFJ,2020-01-08,2020-01-17,2025-01-06,849.32,ONR008,BU004,Production,E019568,In Use,SCCM,2026-05-31,2021-06-01,2026-06-01,5,1000,6.37,Warranty Expired,-0.0,Past EOL,1,0,0,0,1000,2,1,0,4,18.78,51.94,Medium,Immediate,End User Computing / Branch
A0016072,DSK-016072,Desktop,Lenovo,ThinkCentre M90q,DSK4T5KK5H174,2021-05-03,2021-06-04,2024-05-02,792.58,GTA039,BU003,Non-Production,E020085,In Use,ServiceNow CMDB,2026-05-31,2021-06-01,2026-06-01,5,1000,4.99,Warranty Expired,-0.0,Past EOL,1,0,0,0,1000,1,1,0,0,0.0,43.0,Medium,Immediate,End User Computing / Branch
A0016087,DSK-016087,Desktop,Lenovo,ThinkCentre M90q,DSKFHNFHUSM2G,2021-09-09,2021-10-05,2024-09-08,849.27,ONR020,BU002,Corporate,E004802,In Use,ServiceNow CMDB,2026-05-31,2021-06-01,2026-06-01,5,1000,4.66,Warranty Expired,-0.0,Past EOL,1,0,0,0,1000,2,0,2,5,43.8,55.19,High,Immediate,End User Computing / Branch
A0016118,DSK-016118,Desktop,Dell,OptiPlex 7090,DSKGQHCJQZY4N,2024-01-13,2024-01-22,2028-01-12,881.67,QUE022,BU010,Production,E007350,In Use,Intune,2026-05-31,2021-02-01,2027-03-01,5,950,2.36,Under Warranty,8.9,Expiring in 12 Months,0,1,0,0,950,2,1,0,5,27.46,37.37,Medium,Accelerated,End User Computing / Branch
A0016137,DSK-016137,Desktop,Dell,OptiPlex 7090,DSK3EOKXVT8TK,2021-03-21,2021-04-18,2024-03-20,795.65,GTA036,BU001,Production,E012590,In Use,Network Discovery,2026-05-31,2021-02-01,2027-03-01,5,950,5.12,Warranty Expired,8.9,Expiring in 12 Months,0,1,0,0,950,2,2,0,3,14.55,40.73,Medium,Accelerated,End User Computing / Branch
A0016153,DSK-016153,Desktop,Dell,OptiPlex 7090,DSKDM050R4FBS,2018-10-28,2018-11-23,2023-10-27,804.05,WST020,BU008,Branch,E000960,In Use,SCCM,2026-05-31,2021-02-01,2027-03-01,5,950,7.52,Warranty Expired,8.9,Expiring in 12 Months,0,1,0,0,950,3,0,2,6,45.26,40.26,Medium,Accelerated,End User Computing / Branch
A0016176,DSK-016176,Desktop,Dell,OptiPlex 7090,DSK8MG0W0BQPS,2021-09-03,2021-09-09,2024-09-02,899.63,GTA035,BU001,Corporate,E017921,In Use,ServiceNow CMDB,2026-05-31,2021-02-01,2027-03-01,5,950,4.73,Warranty Expired,8.9,Expiring in 12 Months,0,1,0,0,950,3,1,1,3,19.45,36.97,Medium,Accelerated,End User Computing / Branch
A0016186,DSK-016186,Desktop,Lenovo,ThinkCentre M90q,DSKSDTEG36LGY,2022-03-19,2022-04-15,2025-03-18,761.5,GTA043,BU005,Production,E005569,In Use,ServiceNow CMDB,2026-05-31,2021-06-01,2026-06-01,5,1000,4.13,Warranty Expired,-0.0,Past EOL,1,0,0,0,1000,3,0,3,3,14.92,53.75,Medium,Immediate,End User Computing / Branch
A0016200,DSK-016200,Desktop,Lenovo,ThinkCentre M90q,DSKRSNN8VB23Y,2020-03-04,2020-04-13,2023-03-04,861.57,TOR004,BU001,Production,E014947,In Use,ServiceNow CMDB,2026-05-31,2021-06-01,2026-06-01,5,1000,6.14,Warranty Expired,-0.0,Past EOL,1,0,0,0,1000,2,1,0,7,53.81,59.69,High,Immediate,End User Computing / Branch
A0016260,DSK-016260,Desktop,Dell,OptiPlex 7090,DSKPGUMHO944Q,2020-10-02,2020-10-13,2024-10-01,847.48,WST028,BU001,Production,E003756,In Use,SCCM,2026-05-31,2021-02-01,2027-03-01,5,950,5.63,Warranty Expired,8.9,Expiring in 12 Months,0,1,0,0,950,3,1,0,4,26.33,35.32,Medium,Accelerated,End User Computing / Branch
A0016331,DSK-016331,Desktop,Dell,OptiPlex 7090,DSKUCJSQ32HQ4,2021-02-09,2021-02-17,2025-02-08,819.95,DC1001,BU010,Production,E018251,In Use,ServiceNow CMDB,2026-05-31,2021-02-01,2027-03-01,5,950,5.29,Warranty Expired,8.9,Expiring in 12 Months,0,1,0,0,950,2,1,0,4,32.54,35.63,Medium,Accelerated,End User Computing / Branch
A0016340,DSK-016340,Desktop,Dell,OptiPlex 7090,DSK3DTL2BU8DZ,2019-06-05,2019-06-20,2022-06-04,632.9,GTA014,BU009,Disaster Recovery,E005748,In Use,SCCM,2026-05-31,2021-02-01,2027-03-01,5,950,6.95,Warranty Expired,8.9,Expiring in 12 Months,0,1,0,0,950,2,1,0,4,37.72,35.89,Medium,Accelerated,End User Computing / Branch
A0016344,DSK-016344,Desktop,Dell,OptiPlex 7090,DSKCRUBZEQH9K,2024-03-12,2024-04-21,2028-03-11,669.32,GTA043,BU004,Branch,E018101,In Use,SCCM,2026-05-31,2021-02-01,2027-03-01,5,950,2.11,Under Warranty,8.9,Expiring in 12 Months,0,1,0,0,950,3,2,1,3,27.82,45.39,Medium,Accelerated,End User Computing / Branch
A0016346,DSK-016346,Desktop,Dell,OptiPlex 7090,DSK0UIRXDULBR,2020-06-15,2020-07-01,2025-06-14,745.75,WST011,BU001,Production,E006724,In Use,SCCM,2026-05-31,2021-02-01,2027-03-01,5,950,5.92,Warranty Expired,8.9,Expiring in 12 Months,0,1,0,0,950,1,1,0,4,34.02,35.7,Medium,Accelerated,End User Computing / Branch
A0016360,DSK-016360,Desktop,Dell,OptiPlex 7090,DSK1G5H42RRMZ,2021-05-30,2021-06-06,2024-05-29,771.02,QUE012,BU010,Branch,E014056,In Use,Intune,2026-05-31,2021-02-01,2027-03-01,5,950,4.99,Warranty Expired,8.9,Expiring in 12 Months,0,1,0,0,950,2,1,1,1,6.84,32.34,Medium,Accelerated,End User Computing / Branch
A0016366,DSK-016366,Desktop,Dell,OptiPlex 7090,DSKUYGY4TC77A,2021-11-26,2022-01-02,2024-11-25,718.38,GTA028,BU004,Production,E002123,In Use,ServiceNow CMDB,2026-05-31,2021-02-01,2027-03-01,5,950,4.41,Warranty Expired,8.9,Expiring in 12 Months,0,1,0,0,950,4,1,1,3,20.74,37.04,Medium,Accelerated,End User Computing / Branch
A0016432,DSK-016432,Desktop,Dell,OptiPlex 7090,DSKPBQZHEJV4I,2019-08-27,2019-09-15,2022-08-26,762.86,GTA060,BU004,Branch,E011059,In Use,ServiceNow CMDB,2026-05-31,2021-02-01,2027-03-01,5,950,6.71,Warranty Expired,8.9,Expiring in 12 Months,0,1,0,0,950,1,1,0,4,31.84,35.59,Medium,Accelerated,End User Computing / Branch
A0016464,DSK-016464,Desktop,Dell,OptiPlex 7090,DSKTOS9P5V6MV,2021-04-25,2021-05-20,2026-04-24,797.56,TOR006,BU007,Corporate,E013084,In Use,ServiceNow CMDB,2026-05-31,2021-02-01,2027-03-01,5,950,5.03,Warranty Expired,8.9,Expiring in 12 Months,0,1,0,0,950,1,1,0,6,34.11,39.71,Medium,Accelerated,End User Computing / Branch
A0016474,DSK-016474,Desktop,Lenovo,ThinkCentre M90q,DSKGH4I4V8VLU,2022-08-09,2022-08-10,2025-08-08,755.41,QUE010,BU001,Production,E009789,In Use,ServiceNow CMDB,2026-05-31,2021-06-01,2026-06-01,5,1000,3.81,Warranty Expired,-0.0,Past EOL,1,0,0,0,1000,1,1,0,5,21.85,54.09,Medium,Immediate,End User Computing / Branch
A0016517,DSK-016517,Desktop,Lenovo,ThinkCentre M90q,DSKU9X1WWK41H,2024-04-05,2024-04-12,2029-04-04,726.05,ATL011,BU001,Corporate,E002165,In Use,Network Discovery,2026-05-31,2021-06-01,2026-06-01,5,1000,2.14,Under Warranty,-0.0,Past EOL,1,0,0,0,1000,2,1,0,3,7.65,49.38,Medium,Immediate,End User Computing / Branch
A0016543,DSK-016543,Desktop,Lenovo,ThinkCentre M90q,DSKKCZPECC9QQ,2019-06-04,2019-06-07,2023-06-03,843.39,WST028,BU001,Corporate,E015293,In Use,SCCM,2026-05-31,2021-06-01,2026-06-01,5,1000,6.99,Warranty Expired,-0.0,Past EOL,1,0,0,0,1000,2,1,0,8,37.6,60.88,High,Immediate,End User Computing / Branch
A0016552,DSK-016552,Desktop,Dell,OptiPlex 7090,DSKVOZ9PD946H,2020-02-14,2020-02-29,2023-02-13,756.34,GTA038,BU001,Corporate,E004399,In Use,SCCM,2026-05-31,2021-02-01,2027-03-01,5,950,6.26,Warranty Expired,8.9,Expiring in 12 Months,0,1,0,0,950,1,1,0,6,39.41,39.97,Medium,Accelerated,End User Computing / Branch
A0016556,DSK-016556,Desktop,Dell,OptiPlex 7090,DSKVCQWF945KN,2019-11-01,2019-11-10,2022-10-31,788.56,GTA054,BU008,Corporate,E017107,In Use,SCCM,2026-05-31,2021-02-01,2027-03-01,5,950,6.56,Warranty Expired,8.9,Expiring in 12 Months,0,1,0,0,950,2,1,0,6,36.91,39.85,Medium,Accelerated,End User Computing / Branch
A0016573,DSK-016573,Desktop,Lenovo,ThinkCentre M90q,DSK7M434U7E3Q,2023-10-12,2023-10-21,2026-10-11,915.63,GTA048,BU001,Disaster Recovery,E021755,In Use,SCCM,2026-05-31,2021-06-01,2026-06-01,5,1000,2.61,Under Warranty,-0.0,Past EOL,1,0,0,0,1000,1,1,0,6,36.48,56.82,High,Immediate,End User Computing / Branch
A0016583,DSK-016583,Desktop,Dell,OptiPlex 7090,DSKE9DDY5GY44,2020-07-09,2020-07-16,2023-07-09,839.61,GTA015,BU001,Branch,E017962,In Use,ServiceNow CMDB,2026-05-31,2021-02-01,2027-03-01,5,950,5.88,Warranty Expired,8.9,Expiring in 12 Months,0,1,0,0,950,1,1,0,6,51.05,40.55,Medium,Accelerated,End User Computing / Branch
A0016604,DSK-016604,Desktop,Lenovo,ThinkCentre M90q,DSKQQK1M993ZJ,2018-09-08,2018-10-23,2022-09-07,697.84,GTA009,BU005,Production,E003301,In Use,ServiceNow CMDB,2026-05-31,2021-06-01,2026-06-01,5,1000,7.61,Warranty Expired,-0.0,Past EOL,1,0,0,0,1000,3,1,1,5,31.46,58.57,High,Immediate,End User Computing / Branch
A0016610,DSK-016610,Desktop,Dell,OptiPlex 7090,DSKZ24VEPT9ZG,2020-07-31,2020-08-12,2023-07-31,783.85,WST002,BU001,Branch,E006683,In Use,ServiceNow CMDB,2026-05-31,2021-02-01,2027-03-01,5,950,5.8,Warranty Expired,8.9,Expiring in 12 Months,0,1,0,0,950,2,0,2,4,13.9,34.7,Medium,Accelerated,End User Computing / Branch
A0016636,DSK-016636,Desktop,Lenovo,ThinkCentre M90q,DSKYNYF86SPFQ,2019-06-12,2019-07-26,2023-06-11,728.87,GTA036,BU004,Corporate,E019487,In Use,ServiceNow CMDB,2026-05-31,2021-06-01,2026-06-01,5,1000,6.85,Warranty Expired,-0.0,Past EOL,1,0,0,0,1000,3,0,2,7,32.57,58.63,High,Immediate,End User Computing / Branch
A0016647,DSK-016647,Desktop,Lenovo,ThinkCentre M90q,DSKRFYLP7ZOQN,2018-12-08,2018-12-27,2022-12-07,826.32,ATL003,BU002,Production,E019436,In Use,ServiceNow CMDB,2026-05-31,2021-06-01,2026-06-01,5,1000,7.43,Warranty Expired,-0.0,Past EOL,1,0,0,0,1000,1,1,0,4,28.73,52.44,Medium,Immediate,End User Computing / Branch
A0016667,DSK-016667,Desktop,Dell,OptiPlex 7090,DSKVWNDUV59ET,2022-03-04,2022-03-22,2025-03-03,655.32,GTA054,BU008,Corporate,E014206,In Use,SCCM,2026-05-31,2021-02-01,2027-03-01,5,950,4.2,Warranty Expired,8.9,Expiring in 12 Months,0,1,0,0,950,1,1,0,6,28.83,39.44,Medium,Accelerated,End User Computing / Branch
A0016780,DSK-016780,Desktop,Dell,OptiPlex 7090,DSKLBHG5I1YIL,2020-11-24,2020-12-05,2025-11-23,856.58,ONR002,BU001,Branch,E016973,In Use,ServiceNow CMDB,2026-05-31,2021-02-01,2027-03-01,5,950,5.49,Warranty Expired,8.9,Expiring in 12 Months,0,1,0,0,950,1,1,0,9,60.87,47.04,Medium,Accelerated,End User Computing / Branch
A0016781,DSK-016781,Desktop,Dell,OptiPlex 7090,DSKFL3C8QIDTB,2021-05-12,2021-05-16,2025-05-11,818.97,GTA005,BU001,Corporate,E010556,In Use,ServiceNow CMDB,2026-05-31,2021-02-01,2027-03-01,5,950,5.05,Warranty Expired,8.9,Expiring in 12 Months,0,1,0,0,950,2,1,0,6,47.08,40.35,Medium,Accelerated,End User Computing / Branch
A0016782,DSK-016782,Desktop,Lenovo,ThinkCentre M90q,DSKWG2ONFJTET,2018-08-20,2018-09-14,2021-08-19,871.57,WST018,BU002,Corporate,E013656,In Use,ServiceNow CMDB,2026-05-31,2021-06-01,2026-06-01,5,1000,7.72,Warranty Expired,-0.0,Past EOL,1,0,0,0,1000,2,1,1,3,7.55,53.38,Medium,Immediate,End User Computing / Branch
A0016786,DSK-016786,Desktop,Lenovo,ThinkCentre M90q,DSK383O3F6IY4,2020-09-22,2020-10-29,2024-09-21,937.97,QUE018,BU007,Branch,E002496,In Use,SCCM,2026-05-31,2021-06-01,2026-06-01,5,1000,5.59,Warranty Expired,-0.0,Past EOL,1,0,0,0,1000,1,1,0,5,41.57,55.08,High,Immediate,End User Computing / Branch
A0016803,DSK-016803,Desktop,Dell,OptiPlex 7090,DSKRHM7BI4Z7V,2019-07-08,2019-08-08,2024-07-06,663.84,GTA063,BU005,Production,E011886,In Use,ServiceNow CMDB,2026-05-31,2021-02-01,2027-03-01,5,950,6.82,Warranty Expired,8.9,Expiring in 12 Months,0,1,0,0,950,3,1,1,6,40.21,44.01,Medium,Accelerated,End User Computing / Branch
A0016843,DSK-016843,Desktop,Lenovo,ThinkCentre M90q,DSKFKED2ZDGZ2,2024-08-29,2024-10-13,2027-08-29,822.5,ONR004,BU001,Branch,E011983,In Use,Network Discovery,2026-05-31,2021-06-01,2026-06-01,5,1000,1.63,Under Warranty,-0.0,Past EOL,1,0,0,0,1000,4,0,2,3,11.53,49.58,Medium,Immediate,End User Computing / Branch
A0016851,DSK-016851,Desktop,Lenovo,ThinkCentre M90q,DSK8XH2GSQPBA,2022-03-08,2022-03-23,2026-03-07,818.93,GTA022,BU001,Production,E014602,In Use,ServiceNow CMDB,2026-05-31,2021-06-01,2026-06-01,5,1000,4.19,Warranty Expired,-0.0,Past EOL,1,0,0,0,1000,1,1,0,4,19.4,51.97,Medium,Immediate,End User Computing / Branch
A0016858,DSK-016858,Desktop,Dell,OptiPlex 7090,DSKVY86XZVTT2,2021-01-06,2021-01-17,2025-01-05,805.28,GTA032,BU001,Production,E010212,In Use,SCCM,2026-05-31,2021-02-01,2027-03-01,5,950,5.37,Warranty Expired,8.9,Expiring in 12 Months,0,1,0,0,950,1,1,0,2,7.35,30.37,Medium,Accelerated,End User Computing / Branch
A0016913,DSK-016913,Desktop,Lenovo,ThinkCentre M90q,DSKHOJAUB86C2,2025-02-13,2025-03-05,2028-02-13,899.28,QUE025,BU002,Production,E001498,In Use,ServiceNow CMDB,2026-05-31,2021-06-01,2026-06-01,5,1000,1.24,Under Warranty,-0.0,Past EOL,1,0,0,0,1000,2,1,1,6,32.65,60.63,High,Immediate,End User Computing / Branch
A0016917,DSK-016917,Desktop,Lenovo,ThinkCentre M90q,DSKS14PHSYL4R,2018-07-11,2018-07-26,2021-07-10,837.59,QUE007,BU004,Production,E015639,In Use,ServiceNow CMDB,2026-05-31,2021-06-01,2026-06-01,5,1000,7.85,Warranty Expired,-0.0,Past EOL,1,0,0,0,1000,1,1,0,6,34.73,56.74,High,Immediate,End User Computing / Branch
A0016920,DSK-016920,Desktop,Lenovo,ThinkCentre M90q,DSKEP1AA2BSKJ,2022-09-14,2022-10-08,2026-09-13,809.35,GTA035,BU001,Production,E002196,In Use,ServiceNow CMDB,2026-05-31,2021-06-01,2026-06-01,5,1000,3.65,Under Warranty,-0.0,Past EOL,1,0,0,0,1000,1,1,0,4,44.87,53.24,Medium,Immediate,End User Computing / Branch
A0016929,DSK-016929,Desktop,Lenovo,ThinkCentre M90q,DSK2IALW1LRGL,2019-05-29,2019-07-04,2022-05-28,745.32,GTA052,BU001,Production,E016782,In Use,ServiceNow CMDB,2026-05-31,2021-06-01,2026-06-01,5,1000,6.91,Warranty Expired,-0.0,Past EOL,1,0,0,0,1000,2,1,0,5,24.65,54.23,Medium,Immediate,End User Computing / Branch
A0017033,DSK-017033,Desktop,Lenovo,ThinkCentre M90q,DSKO7Y1JURD1P,2018-08-12,2018-08-14,2022-08-11,829.04,GTA006,BU001,Branch,E010873,In Use,ServiceNow CMDB,2026-05-31,2021-06-01,2026-06-01,5,1000,7.8,Warranty Expired,-0.0,Past EOL,1,0,0,0,1000,1,1,0,7,61.14,60.06,High,Immediate,End User Computing / Branch
A0017056,DSK-017056,Desktop,Dell,OptiPlex 7090,DSKC3HHTZQB5V,2020-12-07,2021-01-07,2024-12-06,839.42,QUE011,BU001,Branch,E004275,In Use,Network Discovery,2026-05-31,2021-02-01,2027-03-01,5,950,5.4,Warranty Expired,8.9,Expiring in 12 Months,0,1,0,0,950,2,1,0,4,19.3,34.97,Medium,Accelerated,End User Computing / Branch
A0017105,DSK-017105,Desktop,Dell,OptiPlex 7090,DSKAIHWO7396M,2020-04-08,2020-05-02,2024-04-07,758.25,ATL015,BU001,Disaster Recovery,E009561,In Use,ServiceNow CMDB,2026-05-31,2021-02-01,2027-03-01,5,950,6.08,Warranty Expired,8.9,Expiring in 12 Months,0,1,0,0,950,2,1,0,2,6.94,30.35,Medium,Accelerated,End User Computing / Branch
A0017113,DSK-017113,Desktop,Dell,OptiPlex 7090,DSKHXB77BVNVU,2024-04-25,2024-05-05,2029-04-24,769.36,GTA002,BU001,Branch,E004081,In Use,ServiceNow CMDB,2026-05-31,2021-02-01,2027-03-01,5,950,2.08,Under Warranty,8.9,Expiring in 12 Months,0,1,0,0,950,2,1,1,5,36.39,41.82,Medium,Accelerated,End User Computing / Branch
A0017147,DSK-017147,Desktop,Dell,OptiPlex 7090,DSKSAFYTJWUYD,2024-03-14,2024-04-21,2027-03-14,844.96,QUE013,BU003,Branch,E005121,In Use,ServiceNow CMDB,2026-05-31,2021-02-01,2027-03-01,5,950,2.11,Under Warranty,8.9,Expiring in 12 Months,0,1,0,0,950,2,1,0,1,8.72,28.44,Low,Accelerated,End User Computing / Branch
A0017154,DSK-017154,Desktop,Dell,OptiPlex 7090,DSK608FEOE0P3,2023-06-15,2023-07-27,2026-06-14,745.69,WST023,BU005,Branch,E009429,In Use,SCCM,2026-05-31,2021-02-01,2027-03-01,5,950,2.85,Under Warranty,8.9,Expiring in 12 Months,0,1,0,0,950,2,1,0,6,54.62,40.73,Medium,Accelerated,End User Computing / Branch
A0017162,DSK-017162,Desktop,Lenovo,ThinkCentre M90q,DSKAASVKDFDVF,2018-01-16,2018-02-27,2021-01-15,875.64,GTA004,BU001,Production,E009778,In Use,ServiceNow CMDB,2026-05-31,2021-06-01,2026-06-01,5,1000,8.26,Warranty Expired,-0.0,Past EOL,1,0,0,0,1000,1,1,0,5,24.39,54.22,Medium,Immediate,End User Computing / Branch
A0017172,DSK-017172,Desktop,Dell,OptiPlex 7090,DSK86A041YGFJ,2023-07-23,2023-08-07,2026-07-22,648.9,GTA012,BU003,Production,E018541,In Use,ServiceNow CMDB,2026-05-31,2021-02-01,2027-03-01,5,950,2.82,Under Warranty,8.9,Expiring in 12 Months,0,1,0,0,950,2,0,2,9,58.64,46.93,Medium,Accelerated,End User Computing / Branch
A0017174,DSK-017174,Desktop,Dell,OptiPlex 7090,DSK185D98I7Z6,2019-09-26,2019-10-10,2022-09-25,857.35,GTA001,BU001,Production,E020030,In Use,SCCM,2026-05-31,2021-02-01,2027-03-01,5,950,6.64,Warranty Expired,8.9,Expiring in 12 Months,0,1,0,0,950,2,1,0,2,16.77,30.84,Medium,Accelerated,End User Computing / Branch
A0017195,DSK-017195,Desktop,Dell,OptiPlex 7090,DSKMRREA9M10X,2020-12-14,2020-12-27,2025-12-13,698.73,ATL010,BU005,Corporate,E016367,In Use,ServiceNow CMDB,2026-05-31,2021-02-01,2027-03-01,5,950,5.43,Warranty Expired,8.9,Expiring in 12 Months,0,1,0,0,950,2,1,0,9,91.02,48.55,Medium,Accelerated,End User Computing / Branch
A0017202,DSK-017202,Desktop,Lenovo,ThinkCentre M90q,DSKIU8J1495JB,2019-12-01,2020-01-07,2022-11-30,944.75,ONR010,BU001,Branch,E012454,In Use,Intune,2026-05-31,2021-06-01,2026-06-01,5,1000,6.4,Warranty Expired,-0.0,Past EOL,1,0,0,0,1000,1,1,0,4,35.26,52.76,Medium,Immediate,End User Computing / Branch
A0017206,DSK-017206,Desktop,Lenovo,ThinkCentre M90q,DSKSCXYGL672H,2025-09-26,2025-10-22,2029-09-25,719.85,ONR014,BU004,Branch,E005007,In Use,ServiceNow CMDB,2026-05-31,2021-06-01,2026-06-01,5,1000,0.61,Under Warranty,-0.0,Past EOL,1,0,0,0,1000,1,1,0,1,5.6,45.28,Medium,Immediate,End User Computing / Branch
A0017222,DSK-017222,Desktop,Lenovo,ThinkCentre M90q,DSK664QQXFYSA,2021-03-18,2021-04-01,2026-03-17,672.04,QUE001,BU001,Branch,E017609,In Stock,SCCM,2026-05-31,2021-06-01,2026-06-01,5,1000,5.17,Warranty Expired,-0.0,Past EOL,1,0,0,0,1000,2,1,0,6,28.35,56.42,High,Immediate,End User Computing / Branch
A0017246,DSK-017246,Desktop,Lenovo,ThinkCentre M90q,DSKKVMOIT2EAD,2022-02-02,2022-02-12,2025-02-01,724.75,GTA016,BU006,Branch,E007142,In Use,ServiceNow CMDB,2026-05-31,2021-06-01,2026-06-01,5,1000,4.3,Warranty Expired,-0.0,Past EOL,1,0,0,0,1000,4,1,0,4,26.37,52.32,Medium,Immediate,End User Computing / Branch
A0017257,DSK-017257,Desktop,Lenovo,ThinkCentre M90q,DSK6Q7SGELYE3,2018-08-13,2018-09-26,2021-08-12,914.55,GTA075,BU008,Production,E010772,In Use,SCCM,2026-05-31,2021-06-01,2026-06-01,5,1000,7.68,Warranty Expired,-0.0,Past EOL,1,0,0,0,1000,4,3,0,3,22.53,66.13,High,Immediate,End User Computing / Branch
A0017277,DSK-017277,Desktop,Lenovo,ThinkCentre M90q,DSKD8DS20MY9K,2021-11-10,2021-12-23,2025-11-09,905.96,GTA010,BU003,Branch,E013837,In Stock,Intune,2026-05-31,2021-06-01,2026-06-01,5,1000,4.44,Warranty Expired,-0.0,Past EOL,1,0,0,0,1000,4,0,2,8,37.15,60.86,High,Immediate,End User Computing / Branch
A0017291,DSK-017291,Desktop,Lenovo,ThinkCentre M90q,DSK8XEZ72UR89,2019-07-23,2019-08-01,2022-07-22,835.26,ONR004,BU009,Corporate,E009921,In Use,Network Discovery,2026-05-31,2021-06-01,2026-06-01,5,1000,6.84,Warranty Expired,-0.0,Past EOL,1,0,0,0,1000,1,1,0,6,45.9,57.3,High,Immediate,End User Computing / Branch
A0017304,DSK-017304,Desktop,Lenovo,ThinkCentre M90q,DSK6SGYF0LSCG,2020-12-27,2021-01-18,2023-12-27,767.9,ONR004,BU006,Disaster Recovery,E013648,In Use,SCCM,2026-05-31,2021-06-01,2026-06-01,5,1000,5.37,Warranty Expired,-0.0,Past EOL,1,0,0,0,1000,1,1,0,5,36.15,54.81,Medium,Immediate,End User Computing / Branch
A0017320,DSK-017320,Desktop,Dell,OptiPlex 7090,DSKOSWUHCCSUR,2023-10-10,2023-11-24,2026-10-09,793.23,GTA054,BU001,Corporate,E005500,In Stock,ServiceNow CMDB,2026-05-31,2021-02-01,2027-03-01,5,950,2.52,Under Warranty,8.9,Expiring in 12 Months,0,1,0,0,950,2,1,0,5,26.39,37.32,Medium,Accelerated,End User Computing / Branch
A0017332,DSK-017332,Desktop,Dell,OptiPlex 7090,DSK632Y4AX4SR,2019-11-25,2019-12-02,2022-11-24,850.05,QUE018,BU003,Corporate,E002770,In Use,ServiceNow CMDB,2026-05-31,2021-02-01,2027-03-01,5,950,6.5,Warranty Expired,8.9,Expiring in 12 Months,0,1,0,0,950,3,1,1,5,28.93,41.45,Medium,Accelerated,End User Computing / Branch
A0017357,DSK-017357,Desktop,Dell,OptiPlex 7090,DSK32JEEB5QWF,2024-03-29,2024-04-15,2027-03-29,852.12,GTA064,BU002,Branch,E001425,In Use,Network Discovery,2026-05-31,2021-02-01,2027-03-01,5,950,2.13,Under Warranty,8.9,Expiring in 12 Months,0,1,0,0,950,1,1,0,4,15.94,34.8,Medium,Accelerated,End User Computing / Branch
A0017371,DSK-017371,Desktop,Dell,OptiPlex 7090,DSK5C9DFVGAH0,2022-01-04,2022-01-15,2025-01-03,774.77,GTA004,BU002,Branch,E012221,In Use,ServiceNow CMDB,2026-05-31,2021-02-01,2027-03-01,5,950,4.38,Warranty Expired,8.9,Expiring in 12 Months,0,1,0,0,950,1,1,0,8,61.12,45.06,Medium,Accelerated,End User Computing / Branch
A0017392,DSK-017392,Desktop,Dell,OptiPlex 7090,DSKHG6CQLW9J7,2018-12-13,2018-12-25,2021-12-12,811.38,GTA042,BU001,Production,E016067,In Use,ServiceNow CMDB,2026-05-31,2021-02-01,2027-03-01,5,950,7.44,Warranty Expired,8.9,Expiring in 12 Months,0,1,0,0,950,2,1,0,2,15.61,30.78,Medium,Accelerated,End User Computing / Branch
A0017405,DSK-017405,Desktop,Lenovo,ThinkCentre M90q,DSKQE1TM31BHD,2021-10-15,2021-11-04,2024-10-14,941.51,GTA029,BU003,Branch,E008691,In Use,ServiceNow CMDB,2026-05-31,2021-06-01,2026-06-01,5,1000,4.57,Warranty Expired,-0.0,Past EOL,1,0,0,0,1000,2,1,0,6,45.23,57.26,High,Immediate,End User Computing / Branch
A0017413,DSK-017413,Desktop,Lenovo,ThinkCentre M90q,DSKFZEW4XZJWJ,2021-08-19,2021-08-22,2024-08-18,762.59,QUE007,BU002,Non-Production,E007276,In Use,SCCM,2026-05-31,2021-06-01,2026-06-01,5,1000,4.78,Warranty Expired,-0.0,Past EOL,1,0,0,0,1000,1,1,0,7,64.62,60.23,High,Immediate,End User Computing / Branch
A0017417,DSK-017417,Desktop,Dell,OptiPlex 7090,DSK4WOQO4PMT6,2024-03-22,2024-04-15,2027-03-22,636.86,WST029,BU001,Production,E008241,In Use,ServiceNow CMDB,2026-05-31,2021-02-01,2027-03-01,5,950,2.13,Under Warranty,8.9,Expiring in 12 Months,0,1,0,0,950,1,1,0,4,36.02,35.8,Medium,Accelerated,End User Computing / Branch
A0017473,DSK-017473,Desktop,Dell,OptiPlex 7090,DSKQ0NMCAYYZQ,2020-09-13,2020-10-19,2025-09-12,875.88,ONR020,BU003,Production,E000962,In Use,ServiceNow CMDB,2026-05-31,2021-02-01,2027-03-01,5,950,5.62,Warranty Expired,8.9,Expiring in 12 Months,0,1,0,0,950,3,1,0,2,6.72,30.34,Medium,Accelerated,End User Computing / Branch
A0017475,DSK-017475,Desktop,Lenovo,ThinkCentre M90q,DSK42NJYCZJ93,2022-03-04,2022-04-08,2025-03-03,821.52,GTA036,BU001,Corporate,E011986,In Use,ServiceNow CMDB,2026-05-31,2021-06-01,2026-06-01,5,1000,4.15,Warranty Expired,-0.0,Past EOL,1,0,0,0,1000,1,1,0,5,25.57,54.28,Medium,Immediate,End User Computing / Branch
A0017500,DSK-017500,Desktop,Dell,OptiPlex 7090,DSKFZL2N4P4ZG,2024-01-01,2024-01-22,2028-12-30,852.6,WST030,BU006,Branch,E020508,In Use,ServiceNow CMDB,2026-05-31,2021-02-01,2027-03-01,5,950,2.36,Under Warranty,8.9,Expiring in 12 Months,0,1,0,0,950,2,2,0,3,21.61,41.08,Medium,Accelerated,End User Computing / Branch
A0017505,DSK-017505,Desktop,Lenovo,ThinkCentre M90q,DSKC1UIFW5UJ3,2024-11-30,2024-12-08,2027-11-30,768.44,GTA016,BU003,Disaster Recovery,E019811,In Use,ServiceNow CMDB,2026-05-31,2021-06-01,2026-06-01,5,1000,1.48,Under Warranty,-0.0,Past EOL,1,0,0,0,1000,2,1,0,7,41.04,59.05,High,Immediate,End User Computing / Branch
A0017531,DSK-017531,Desktop,Dell,OptiPlex 7090,DSK5ZCJ7M9V54,2019-01-23,2019-03-09,2024-01-22,885.12,GTA049,BU003,Production,E009839,In Use,Intune,2026-05-31,2021-02-01,2027-03-01,5,950,7.23,Warranty Expired,8.9,Expiring in 12 Months,0,1,0,0,950,2,1,0,4,18.38,34.92,Medium,Accelerated,End User Computing / Branch
A0017598,DSK-017598,Desktop,Lenovo,ThinkCentre M90q,DSKMVYLD0502E,2022-12-23,2023-01-08,2026-12-22,650.49,GTA072,BU001,Branch,E012059,In Use,Network Discovery,2026-05-31,2021-06-01,2026-06-01,5,1000,3.4,Under Warranty,-0.0,Past EOL,1,0,0,0,1000,1,1,0,3,14.05,49.7,Medium,Immediate,End User Computing / Branch
A0017621,DSK-017621,Desktop,Lenovo,ThinkCentre M90q,DSKNITASBGPNM,2020-03-28,2020-05-03,2025-03-27,928.39,GTA026,BU007,Branch,E010587,In Use,SCCM,2026-05-31,2021-06-01,2026-06-01,5,1000,6.08,Warranty Expired,-0.0,Past EOL,1,0,0,0,1000,3,1,0,6,40.9,57.04,High,Immediate,End User Computing / Branch
A0017651,DSK-017651,Desktop,Dell,OptiPlex 7090,DSKXCXKJXGFMQ,2022-08-07,2022-08-12,2025-08-06,895.76,QUE020,BU003,Production,E019743,In Use,ServiceNow CMDB,2026-05-31,2021-02-01,2027-03-01,5,950,3.81,Warranty Expired,8.9,Expiring in 12 Months,0,1,0,0,950,2,1,0,2,3.29,30.16,Medium,Accelerated,End User Computing / Branch
A0017676,DSK-017676,Desktop,Dell,OptiPlex 7090,DSKVAIVS72JGC,2023-09-28,2023-10-28,2026-09-27,709.15,ONR016,BU006,Corporate,E013010,In Use,ServiceNow CMDB,2026-05-31,2021-02-01,2027-03-01,5,950,2.6,Under Warranty,8.9,Expiring in 12 Months,0,1,0,0,950,1,1,0,6,42.96,40.15,Medium,Accelerated,End User Computing / Branch
A0017707,DSK-017707,Desktop,Lenovo,ThinkCentre M90q,DSK01VR61IZE9,2021-09-18,2021-09-24,2024-09-17,709.55,QUE022,BU001,Branch,E000299,In Use,SCCM,2026-05-31,2021-06-01,2026-06-01,5,1000,4.69,Warranty Expired,-0.0,Past EOL,1,0,0,0,1000,2,1,0,5,46.58,55.33,High,Immediate,End User Computing / Branch
A0017712,DSK-017712,Desktop,Lenovo,ThinkCentre M90q,DSKIK3H9430T9,2022-08-30,2022-10-03,2026-08-29,936.25,TOR003,BU001,Branch,E001799,In Use,ServiceNow CMDB,2026-05-31,2021-06-01,2026-06-01,5,1000,3.66,Under Warranty,-0.0,Past EOL,1,0,0,0,1000,2,1,0,1,7.27,45.36,Medium,Immediate,End User Computing / Branch
A0017716,DSK-017716,Desktop,Lenovo,ThinkCentre M90q,DSKDY3BML9JD4,2022-02-19,2022-03-22,2025-02-18,842.51,WST003,BU001,Branch,E004106,In Use,ServiceNow CMDB,2026-05-31,2021-06-01,2026-06-01,5,1000,4.2,Warranty Expired,-0.0,Past EOL,1,0,0,0,1000,2,0,2,1,1.33,45.07,Medium,Immediate,End User Computing / Branch
A0017759,DSK-017759,Desktop,Dell,OptiPlex 7090,DSK3OL1SUPKMU,2022-02-15,2022-03-21,2025-02-14,851.04,ATL004,BU006,Corporate,E020577,In Use,ServiceNow CMDB,2026-05-31,2021-02-01,2027-03-01,5,950,4.2,Warranty Expired,8.9,Expiring in 12 Months,0,1,0,0,950,1,1,0,4,27.27,35.36,Medium,Accelerated,End User Computing / Branch
A0017773,DSK-017773,Desktop,Lenovo,ThinkCentre M90q,DSK01QPQZTSVW,2023-10-09,2023-10-10,2026-10-08,805.1,QUE009,BU008,Non-Production,E014004,In Use,SCCM,2026-05-31,2021-06-01,2026-06-01,5,1000,2.64,Under Warranty,-0.0,Past EOL,1,0,0,0,1000,1,1,0,2,11.96,47.6,Medium,Immediate,End User Computing / Branch
A0017777,DSK-017777,Desktop,Dell,OptiPlex 7090,DSKU1LVWLFCEB,2024-04-21,2024-04-30,2029-04-20,890.35,ONR003,BU001,Production,E003220,In Use,ServiceNow CMDB,2026-05-31,2021-02-01,2027-03-01,5,950,2.09,Under Warranty,8.9,Expiring in 12 Months,0,1,0,0,950,3,0,2,8,64.29,45.21,Medium,Accelerated,End User Computing / Branch
A0017785,DSK-017785,Desktop,Dell,OptiPlex 7090,DSKNIZLYWUKB4,2021-05-25,2021-05-30,2024-05-24,855.52,QUE016,BU004,Production,E013514,In Use,SCCM,2026-05-31,2021-02-01,2027-03-01,5,950,5.01,Warranty Expired,8.9,Expiring in 12 Months,0,1,0,0,950,1,1,0,4,24.8,35.24,Medium,Accelerated,End User Computing / Branch
A0017792,DSK-017792,Desktop,Dell,OptiPlex 7090,DSKROOLPU14EB,2019-03-21,2019-03-25,2023-03-20,741.88,QUE007,BU006,Production,E004770,In Use,SCCM,2026-05-31,2021-02-01,2027-03-01,5,950,7.19,Warranty Expired,8.9,Expiring in 12 Months,0,1,0,0,950,1,1,0,2,19.11,30.96,Medium,Accelerated,End User Computing / Branch
A0017800,DSK-017800,Desktop,Lenovo,ThinkCentre M90q,DSKSA5ZTVKJJ9,2024-11-08,2024-11-28,2028-11-07,723.54,ONR006,BU004,Branch,E016902,In Use,Intune,2026-05-31,2021-06-01,2026-06-01,5,1000,1.51,Under Warranty,-0.0,Past EOL,1,0,0,0,1000,2,0,2,2,36.7,48.84,Medium,Immediate,End User Computing / Branch
A0017823,DSK-017823,Desktop,Dell,OptiPlex 7090,DSKFCMFSK8F5X,2020-01-31,2020-02-25,2023-01-30,884.34,GTA051,BU005,Corporate,E019274,In Use,ServiceNow CMDB,2026-05-31,2021-02-01,2027-03-01,5,950,6.27,Warranty Expired,8.9,Expiring in 12 Months,0,1,0,0,950,2,1,0,3,18.1,32.9,Medium,Accelerated,End User Computing / Branch
A0017837,DSK-017837,Desktop,Dell,OptiPlex 7090,DSK9CD5FXB0J7,2022-03-11,2022-04-07,2025-03-10,686.79,GTA001,BU002,Branch,E003861,In Use,SCCM,2026-05-31,2021-02-01,2027-03-01,5,950,4.15,Warranty Expired,8.9,Expiring in 12 Months,0,1,0,0,950,1,1,0,4,17.17,34.86,Medium,Accelerated,End User Computing / Branch
A0017842,DSK-017842,Desktop,Lenovo,ThinkCentre M90q,DSK5YB0DMCT05,2021-09-04,2021-09-08,2025-09-03,886.54,QUE020,BU001,Production,E015574,In Use,SCCM,2026-05-31,2021-06-01,2026-06-01,5,1000,4.73,Warranty Expired,-0.0,Past EOL,1,0,0,0,1000,1,1,0,1,17.76,45.89,Medium,Immediate,End User Computing / Branch
A0017856,DSK-017856,Desktop,Dell,OptiPlex 7090,DSK3YFKV3WLZT,2019-04-19,2019-05-31,2022-04-18,633.8,GTA043,BU003,Branch,E008061,In Use,SCCM,2026-05-31,2021-02-01,2027-03-01,5,950,7.01,Warranty Expired,8.9,Expiring in 12 Months,0,1,0,0,950,1,1,0,4,30.42,35.52,Medium,Accelerated,End User Computing / Branch
A0017862,DSK-017862,Desktop,Dell,OptiPlex 7090,DSKM0BINCXUTN,2018-11-25,2018-12-11,2022-11-24,758.69,QUE012,BU002,Branch,E018550,In Use,ServiceNow CMDB,2026-05-31,2021-02-01,2027-03-01,5,950,7.47,Warranty Expired,8.9,Expiring in 12 Months,0,1,0,0,950,1,1,0,6,53.99,40.7,Medium,Accelerated,End User Computing / Branch
A0017904,DSK-017904,Desktop,Dell,OptiPlex 7090,DSK3JO0WG4FHO,2020-10-02,2020-10-19,2024-10-01,656.32,TOR005,BU001,Corporate,E018361,In Use,Network Discovery,2026-05-31,2021-02-01,2027-03-01,5,950,5.62,Warranty Expired,8.9,Expiring in 12 Months,0,1,0,0,950,1,1,0,4,26.61,35.33,Medium,Accelerated,End User Computing / Branch
A0017915,DSK-017915,Desktop,Dell,OptiPlex 7090,DSKIS9P8A3JXG,2020-12-29,2020-12-30,2025-12-28,888.18,GTA070,BU009,Non-Production,E020189,In Use,ServiceNow CMDB,2026-05-31,2021-02-01,2027-03-01,5,950,5.42,Warranty Expired,8.9,Expiring in 12 Months,0,1,0,0,950,1,1,0,3,31.16,33.56,Medium,Accelerated,End User Computing / Branch
A0017921,DSK-017921,Desktop,Lenovo,ThinkCentre M90q,DSK8Q4FLK8CUZ,2020-01-14,2020-01-26,2023-01-13,679.86,WST016,BU001,Production,E015646,In Use,ServiceNow CMDB,2026-05-31,2021-06-01,2026-06-01,5,1000,6.35,Warranty Expired,-0.0,Past EOL,1,0,0,0,1000,3,0,3,4,19.61,55.98,High,Immediate,End User Computing / Branch
A0017929,DSK-017929,Desktop,Lenovo,ThinkCentre M90q,DSK1L4423U0XX,2023-02-15,2023-03-12,2026-02-14,784.41,ATL005,BU009,Production,E000272,In Use,SCCM,2026-05-31,2021-06-01,2026-06-01,5,1000,3.23,Warranty Expired,-0.0,Past EOL,1,0,0,0,1000,1,1,0,3,11.72,49.59,Medium,Immediate,End User Computing / Branch
A0017934,DSK-017934,Desktop,Lenovo,ThinkCentre M90q,DSK6F71IW27KO,2025-01-11,2025-02-16,2029-01-10,891.39,GTA071,BU001,Non-Production,E019718,In Use,ServiceNow CMDB,2026-05-31,2021-06-01,2026-06-01,5,1000,1.29,Under Warranty,-0.0,Past EOL,1,0,0,0,1000,2,1,0,7,49.0,59.45,High,Immediate,End User Computing / Branch
A0017937,DSK-017937,Desktop,Lenovo,ThinkCentre M90q,DSKGP607V95X1,2021-07-30,2021-08-01,2026-07-29,911.64,WST028,BU005,Disaster Recovery,E000953,In Use,ServiceNow CMDB,2026-05-31,2021-06-01,2026-06-01,5,1000,4.84,Under Warranty,-0.0,Past EOL,1,0,0,0,1000,1,1,0,4,34.08,52.7,Medium,Immediate,End User Computing / Branch
A0017945,DSK-017945,Desktop,Dell,OptiPlex 7090,DSKY1SWFKZ4WF,2019-09-29,2019-11-05,2023-09-28,792.1,ONR002,BU005,Production,E014996,In Use,ServiceNow CMDB,2026-05-31,2021-02-01,2027-03-01,5,950,6.57,Warranty Expired,8.9,Expiring in 12 Months,0,1,0,0,950,1,1,0,6,43.47,40.17,Medium,Accelerated,End User Computing / Branch
A0017984,DSK-017984,Desktop,Lenovo,ThinkCentre M90q,DSKV1DRVRFZQB,2019-08-18,2019-09-29,2022-08-17,898.83,GTA071,BU001,Corporate,E012048,In Use,SCCM,2026-05-31,2021-06-01,2026-06-01,5,1000,6.67,Warranty Expired,-0.0,Past EOL,1,0,0,0,1000,1,1,0,10,81.65,67.08,High,Immediate,End User Computing / Branch
A0017997,DSK-017997,Desktop,Lenovo,ThinkCentre M90q,DSK05RETJA2UU,2023-09-27,2023-09-29,2026-09-26,767.74,GTA041,BU001,Branch,E019406,In Use,ServiceNow CMDB,2026-05-31,2021-06-01,2026-06-01,5,1000,2.67,Under Warranty,-0.0,Past EOL,1,0,0,0,1000,1,1,0,8,60.08,62.0,High,Immediate,End User Computing / Branch
A0018037,DSK-018037,Desktop,Dell,OptiPlex 7090,DSKCSTS40KDWW,2018-08-18,2018-09-11,2022-08-17,794.89,GTA077,BU001,Non-Production,E006416,In Use,ServiceNow CMDB,2026-05-31,2021-02-01,2027-03-01,5,950,7.72,Warranty Expired,8.9,Expiring in 12 Months,0,1,0,0,950,2,1,0,5,29.31,37.47,Medium,Accelerated,End User Computing / Branch
A0018059,DSK-018059,Desktop,Lenovo,ThinkCentre M90q,DSKL03OM38EJ8,2019-10-07,2019-10-11,2024-10-05,750.41,GTA024,BU003,Production,E006597,In Repair,ServiceNow CMDB,2026-05-31,2021-06-01,2026-06-01,5,1000,6.64,Warranty Expired,-0.0,Past EOL,1,0,0,0,1000,1,1,0,4,17.18,51.86,Medium,Immediate,End User Computing / Branch
A0018061,DSK-018061,Desktop,Dell,OptiPlex 7090,DSK0MHIRJD4PY,2018-10-01,2018-10-11,2022-09-30,854.64,QUE015,BU010,Production,E021911,In Use,ServiceNow CMDB,2026-05-31,2021-02-01,2027-03-01,5,950,7.64,Warranty Expired,8.9,Expiring in 12 Months,0,1,0,0,950,1,1,0,6,34.21,39.71,Medium,Accelerated,End User Computing / Branch
A0018085,DSK-018085,Desktop,Lenovo,ThinkCentre M90q,DSK312EVJV2UN,2025-01-06,2025-02-17,2028-01-06,854.61,ONR013,BU003,Branch,E011083,In Use,SCCM,2026-05-31,2021-06-01,2026-06-01,5,1000,1.29,Under Warranty,-0.0,Past EOL,1,0,0,0,1000,2,1,0,2,20.18,48.01,Medium,Immediate,End User Computing / Branch
A0018119,DSK-018119,Desktop,Dell,OptiPlex 7090,DSKXO0NWTPB91,2019-06-25,2019-07-20,2023-06-24,861.43,WST026,BU001,Production,E004958,In Use,ServiceNow CMDB,2026-05-31,2021-02-01,2027-03-01,5,950,6.87,Warranty Expired,8.9,Expiring in 12 Months,0,1,0,0,950,1,1,0,8,42.76,44.14,Medium,Accelerated,End User Computing / Branch
A0018143,DSK-018143,Desktop,Lenovo,ThinkCentre M90q,DSK11J002W5C6,2023-03-04,2023-03-13,2028-03-02,799.14,GTA024,BU003,Corporate,E007024,In Use,SCCM,2026-05-31,2021-06-01,2026-06-01,5,1000,3.22,Under Warranty,-0.0,Past EOL,1,0,0,0,1000,2,2,0,8,57.31,69.87,High,Immediate,End User Computing / Branch
A0018144,DSK-018144,Desktop,Lenovo,ThinkCentre M90q,DSK4YPCD58IKF,2019-11-30,2019-12-16,2022-11-29,652.02,WST005,BU009,Non-Production,E019710,In Use,ServiceNow CMDB,2026-05-31,2021-06-01,2026-06-01,5,1000,6.46,Warranty Expired,-0.0,Past EOL,1,0,0,0,1000,1,1,0,3,21.29,50.06,Medium,Immediate,End User Computing / Branch
A0018171,DSK-018171,Desktop,Lenovo,ThinkCentre M90q,DSKJB9KTT43YK,2022-06-05,2022-07-07,2026-06-04,846.98,GTA071,BU001,Disaster Recovery,E019960,In Stock,Network Discovery,2026-05-31,2021-06-01,2026-06-01,5,1000,3.9,Under Warranty,-0.0,Past EOL,1,0,0,0,1000,1,1,0,2,6.26,47.31,Medium,Immediate,End User Computing / Branch
A0018182,DSK-018182,Desktop,Lenovo,ThinkCentre M90q,DSKE61CPFQZT7,2023-08-20,2023-09-16,2027-08-19,781.09,ATL002,BU001,Production,E014603,In Use,Intune,2026-05-31,2021-06-01,2026-06-01,5,1000,2.71,Under Warranty,-0.0,Past EOL,1,0,0,0,1000,1,1,0,6,23.92,56.2,High,Immediate,End User Computing / Branch
A0018185,DSK-018185,Desktop,Dell,OptiPlex 7090,DSKPZ1W7HGWPM,2024-02-03,2024-02-13,2027-02-02,773.3,ATL014,BU005,Branch,E005724,In Use,Intune,2026-05-31,2021-02-01,2027-03-01,5,950,2.3,Under Warranty,8.9,Expiring in 12 Months,0,1,0,0,950,2,1,0,4,19.93,35.0,Medium,Accelerated,End User Computing / Branch
A0018188,DSK-018188,Desktop,Dell,OptiPlex 7090,DSKMNDKJJ0NFW,2024-05-11,2024-06-25,2028-05-10,900.82,ATL010,BU001,Corporate,E002448,In Use,ServiceNow CMDB,2026-05-31,2021-02-01,2027-03-01,5,950,1.94,Under Warranty,8.9,Expiring in 12 Months,0,1,0,0,950,2,1,1,5,17.9,40.9,Medium,Accelerated,End User Computing / Branch
A0018193,DSK-018193,Desktop,Lenovo,ThinkCentre M90q,DSK0DSVOTI4UQ,2024-07-13,2024-08-27,2027-07-13,764.52,GTA039,BU005,Branch,E005324,In Use,ServiceNow CMDB,2026-05-31,2021-06-01,2026-06-01,5,1000,1.76,Under Warranty,-0.0,Past EOL,1,0,0,0,1000,4,1,1,3,26.86,54.34,Medium,Immediate,End User Computing / Branch
A0018220,DSK-018220,Desktop,Dell,OptiPlex 7090,DSK8JR8U9GGT5,2021-10-09,2021-10-19,2025-10-08,637.65,QUE015,BU004,Non-Production,E011673,In Stock,SCCM,2026-05-31,2021-02-01,2027-03-01,5,950,4.62,Warranty Expired,8.9,Expiring in 12 Months,0,1,0,0,950,3,2,0,5,19.85,44.99,Medium,Accelerated,End User Computing / Branch
A0018221,DSK-018221,Desktop,Dell,OptiPlex 7090,DSKTELXU6EREE,2021-07-07,2021-08-06,2024-07-06,712.96,ONR018,BU003,Production,E015634,In Use,SCCM,2026-05-31,2021-02-01,2027-03-01,5,950,4.82,Warranty Expired,8.9,Expiring in 12 Months,0,1,0,0,950,2,1,0,2,19.13,30.96,Medium,Accelerated,End User Computing / Branch
A0018233,DSK-018233,Desktop,Lenovo,ThinkCentre M90q,DSKUZ0SM0TD5M,2024-06-27,2024-08-07,2027-06-27,744.67,GTA069,BU001,Production,E001920,In Use,ServiceNow CMDB,2026-05-31,2021-06-01,2026-06-01,5,1000,1.82,Under Warranty,-0.0,Past EOL,1,0,0,0,1000,5,1,0,4,14.48,51.72,Medium,Immediate,End User Computing / Branch
A0018234,DSK-018234,Desktop,Dell,OptiPlex 7090,DSKDOLKL3QC3O,2021-11-19,2021-11-24,2024-11-18,669.09,WST028,BU009,Production,E014204,In Use,ServiceNow CMDB,2026-05-31,2021-02-01,2027-03-01,5,950,4.52,Warranty Expired,8.9,Expiring in 12 Months,0,1,0,0,950,5,2,2,5,30.64,53.53,Medium,Accelerated,End User Computing / Branch
A0018261,DSK-018261,Desktop,Lenovo,ThinkCentre M90q,DSK8OE8F1C3AX,2025-02-20,2025-04-01,2029-02-19,779.73,WST020,BU003,Branch,E013086,In Use,ServiceNow CMDB,2026-05-31,2021-06-01,2026-06-01,5,1000,1.17,Under Warranty,-0.0,Past EOL,1,0,0,0,1000,2,1,0,4,45.22,53.26,Medium,Immediate,End User Computing / Branch
A0018283,DSK-018283,Desktop,Lenovo,ThinkCentre M90q,DSK5BU9X8LCD6,2024-09-08,2024-09-21,2027-09-08,740.12,TOR004,BU002,Branch,E019976,In Use,ServiceNow CMDB,2026-05-31,2021-06-01,2026-06-01,5,1000,1.69,Under Warranty,-0.0,Past EOL,1,0,0,0,1000,3,0,2,2,9.17,47.46,Medium,Immediate,End User Computing / Branch
A0018308,DSK-018308,Desktop,Lenovo,ThinkCentre M90q,DSK3R9ZF3BQT2,2019-09-30,2019-10-20,2022-09-29,874.82,GTA018,BU001,Corporate,E012574,In Use,ServiceNow CMDB,2026-05-31,2021-06-01,2026-06-01,5,1000,6.62,Warranty Expired,-0.0,Past EOL,1,0,0,0,1000,2,0,2,9,83.68,65.18,High,Immediate,End User Computing / Branch
A0018322,DSK-018322,Desktop,Dell,OptiPlex 7090,DSKI66NUB4XSW,2021-01-04,2021-01-28,2024-01-04,799.59,GTA031,BU001,Production,E002659,In Use,ServiceNow CMDB,2026-05-31,2021-02-01,2027-03-01,5,950,5.34,Warranty Expired,8.9,Expiring in 12 Months,0,1,0,0,950,3,1,0,3,17.2,32.86,Medium,Accelerated,End User Computing / Branch
A0018344,DSK-018344,Desktop,Dell,OptiPlex 7090,DSKNBQU8QG1EW,2023-03-27,2023-04-22,2028-03-25,840.26,ONR008,BU008,Production,E001761,In Use,ServiceNow CMDB,2026-05-31,2021-02-01,2027-03-01,5,950,3.11,Under Warranty,8.9,Expiring in 12 Months,0,1,0,0,950,1,1,0,6,24.72,39.24,Medium,Accelerated,End User Computing / Branch
A0018346,DSK-018346,Desktop,Dell,OptiPlex 7090,DSK2M5CMJRDL9,2018-11-05,2018-11-28,2021-11-04,807.4,QUE005,BU003,Branch,E000275,In Use,SCCM,2026-05-31,2021-02-01,2027-03-01,5,950,7.51,Warranty Expired,8.9,Expiring in 12 Months,0,1,0,0,950,1,1,0,5,39.23,37.96,Medium,Accelerated,End User Computing / Branch
A0018360,DSK-018360,Desktop,Dell,OptiPlex 7090,DSKPYQZQ3SGC9,2022-12-06,2023-01-09,2025-12-05,863.76,ONR003,BU001,Branch,E007243,In Use,ServiceNow CMDB,2026-05-31,2021-02-01,2027-03-01,5,950,3.39,Warranty Expired,8.9,Expiring in 12 Months,0,1,0,0,950,2,1,1,3,20.29,37.01,Medium,Accelerated,End User Computing / Branch
A0018363,DSK-018363,Desktop,Lenovo,ThinkCentre M90q,DSKPVJBT915NM,2018-04-07,2018-05-04,2023-04-06,858.1,GTA074,BU004,Corporate,E008852,In Use,Intune,2026-05-31,2021-06-01,2026-06-01,5,1000,8.08,Warranty Expired,-0.0,Past EOL,1,0,0,0,1000,2,1,0,5,36.26,54.81,Medium,Immediate,End User Computing / Branch
A0018388,DSK-018388,Desktop,Dell,OptiPlex 7090,DSK4Y7GDWN5KL,2022-09-21,2022-10-15,2026-09-20,669.02,GTA060,BU004,Non-Production,E004264,In Use,SCCM,2026-05-31,2021-02-01,2027-03-01,5,950,3.63,Under Warranty,8.9,Expiring in 12 Months,0,1,0,0,950,1,1,0,11,101.13,51.0,Medium,Accelerated,End User Computing / Branch
A0018398,DSK-018398,Desktop,Dell,OptiPlex 7090,DSKKVON4EQJ8M,2021-08-23,2021-10-03,2025-08-22,827.15,GTA017,BU004,Production,E019443,In Use,Network Discovery,2026-05-31,2021-02-01,2027-03-01,5,950,4.66,Warranty Expired,8.9,Expiring in 12 Months,0,1,0,0,950,2,1,0,3,7.82,32.39,Medium,Accelerated,End User Computing / Branch
A0018411,DSK-018411,Desktop,Dell,OptiPlex 7090,DSK2YRT1KO73G,2022-05-07,2022-06-18,2025-05-06,725.89,GTA040,BU003,Corporate,E005072,In Use,Network Discovery,2026-05-31,2021-02-01,2027-03-01,5,950,3.96,Warranty Expired,8.9,Expiring in 12 Months,0,1,0,0,950,1,1,0,3,18.91,32.95,Medium,Accelerated,End User Computing / Branch
A0018430,DSK-018430,Desktop,Lenovo,ThinkCentre M90q,DSKT6FU0W1SUU,2020-06-29,2020-08-09,2023-06-29,665.36,GTA048,BU001,Corporate,E000006,In Use,SCCM,2026-05-31,2021-06-01,2026-06-01,5,1000,5.81,Warranty Expired,-0.0,Past EOL,1,0,0,0,1000,1,1,0,2,11.4,47.57,Medium,Immediate,End User Computing / Branch
A0018431,DSK-018431,Desktop,Lenovo,ThinkCentre M90q,DSKDXVZASMRXZ,2023-09-23,2023-10-04,2027-09-22,775.63,DC2001,BU001,Branch,E007225,In Use,SCCM,2026-05-31,2021-06-01,2026-06-01,5,1000,2.66,Under Warranty,-0.0,Past EOL,1,0,0,0,1000,2,1,0,6,34.66,56.73,High,Immediate,End User Computing / Branch
A0018480,DSK-018480,Desktop,Lenovo,ThinkCentre M90q,DSK59KSUMJK18,2018-07-07,2018-08-01,2023-07-06,889.07,ONR004,BU004,Corporate,E002630,In Use,ServiceNow CMDB,2026-05-31,2021-06-01,2026-06-01,5,1000,7.84,Warranty Expired,-0.0,Past EOL,1,0,0,0,1000,1,1,0,8,44.02,61.2,High,Immediate,End User Computing / Branch
A0018481,DSK-018481,Desktop,Dell,OptiPlex 7090,DSKCX40XAWLFV,2018-12-25,2019-01-14,2021-12-24,639.3,WST025,BU001,Branch,E010984,In Use,ServiceNow CMDB,2026-05-31,2021-02-01,2027-03-01,5,950,7.38,Warranty Expired,8.9,Expiring in 12 Months,0,1,0,0,950,2,0,2,3,16.14,32.81,Medium,Accelerated,End User Computing / Branch
A0018482,DSK-018482,Desktop,Lenovo,ThinkCentre M90q,DSK9NQP1BG403,2023-07-19,2023-07-25,2026-07-18,655.1,ONR005,BU009,Production,E012443,In Use,SCCM,2026-05-31,2021-06-01,2026-06-01,5,1000,2.86,Under Warranty,-0.0,Past EOL,1,0,0,0,1000,1,1,0,3,14.6,49.73,Medium,Immediate,End User Computing / Branch
A0018520,VDI-018520,VDI Endpoint,Dell,Wyse 5070 Thin Client,VDI8X9J9FHF70,2021-03-01,2021-03-28,2026-02-28,311.72,GTA023,BU002,Branch,E002912,In Use,ServiceNow CMDB,2026-05-31,2018-05-01,2025-05-01,5,450,5.18,Warranty Expired,-13.0,Past EOL,1,0,0,0,450,2,1,0,5,42.1,55.1,High,Immediate,End User Computing / Branch
A0018559,VDI-018559,VDI Endpoint,Dell,Wyse 5070 Thin Client,VDIE2G18YI37P,2018-07-20,2018-08-27,2022-07-19,378.8,QUE011,BU009,Branch,E007202,In Use,ServiceNow CMDB,2026-05-31,2018-05-01,2025-05-01,5,450,7.76,Warranty Expired,-13.0,Past EOL,1,0,0,0,450,1,1,0,2,16.66,47.83,Medium,Immediate,End User Computing / Branch
A0018566,VDI-018566,VDI Endpoint,HP,t640 Thin Client,VDIIS2TR8B8ZJ,2025-06-26,2025-07-06,2028-06-25,449.27,ATL005,BU003,Production,E015548,In Use,ServiceNow CMDB,2026-05-31,2019-09-01,2026-09-01,5,500,0.91,Under Warranty,3.0,Expiring in 12 Months,0,1,0,0,500,2,0,2,3,17.21,32.86,Medium,Accelerated,End User Computing / Branch
A0018585,VDI-018585,VDI Endpoint,Dell,Wyse 5070 Thin Client,VDIWM2VR19GEJ,2024-12-17,2025-01-26,2028-12-16,376.85,GTA073,BU001,Branch,E012219,In Use,ServiceNow CMDB,2026-05-31,2018-05-01,2025-05-01,5,450,1.35,Under Warranty,-13.0,Past EOL,1,0,0,0,450,2,1,1,2,5.69,51.28,Medium,Immediate,End User Computing / Branch
A0018586,VDI-018586,VDI Endpoint,HP,t640 Thin Client,VDII087RE1FPG,2020-05-15,2020-05-31,2023-05-15,382.11,WST005,BU001,Corporate,E009252,In Use,SCCM,2026-05-31,2019-09-01,2026-09-01,5,500,6.0,Warranty Expired,3.0,Expiring in 12 Months,0,1,0,0,500,1,1,0,3,13.15,32.66,Medium,Accelerated,End User Computing / Branch
A0018597,VDI-018597,VDI Endpoint,HP,t640 Thin Client,VDIFYW3EB2HDG,2025-02-07,2025-03-15,2030-02-06,451.26,GTA077,BU005,Corporate,E018714,In Use,Intune,2026-05-31,2019-09-01,2026-09-01,5,500,1.22,Under Warranty,3.0,Expiring in 12 Months,0,1,0,0,500,3,0,2,7,60.71,43.04,Medium,Accelerated,End User Computing / Branch
A0018601,VDI-018601,VDI Endpoint,Dell,Wyse 5070 Thin Client,VDIGI97R961YZ,2021-09-03,2021-09-09,2025-09-02,298.72,GTA007,BU003,Branch,E016850,In Use,ServiceNow CMDB,2026-05-31,2018-05-01,2025-05-01,5,450,4.73,Warranty Expired,-13.0,Past EOL,1,0,0,0,450,1,1,0,7,35.74,58.79,High,Immediate,End User Computing / Branch
A0018608,VDI-018608,VDI Endpoint,HP,t640 Thin Client,VDI003HUVDKI1,2023-07-17,2023-07-28,2026-07-16,371.32,GTA071,BU004,Branch,E003420,In Use,ServiceNow CMDB,2026-05-31,2019-09-01,2026-09-01,5,500,2.85,Under Warranty,3.0,Expiring in 12 Months,0,1,0,0,500,3,2,1,3,17.48,44.87,Medium,Accelerated,End User Computing / Branch
A0018612,VDI-018612,VDI Endpoint,HP,t640 Thin Client,VDIR4IWC3XPTD,2020-12-19,2021-01-07,2023-12-19,457.28,ONR019,BU001,Branch,E004196,In Stock,ServiceNow CMDB,2026-05-31,2019-09-01,2026-09-01,5,500,5.4,Warranty Expired,3.0,Expiring in 12 Months,0,1,0,0,500,2,1,0,6,20.15,39.01,Medium,Accelerated,End User Computing / Branch
A0018614,VDI-018614,VDI Endpoint,Dell,Wyse 5070 Thin Client,VDIYTBAQQGWF1,2021-06-04,2021-06-24,2025-06-03,314.74,ONR017,BU010,Non-Production,E017083,In Use,ServiceNow CMDB,2026-05-31,2018-05-01,2025-05-01,5,450,4.94,Warranty Expired,-13.0,Past EOL,1,0,0,0,450,3,1,2,9,63.55,72.18,High,Immediate,End User Computing / Branch
A0018616,VDI-018616,VDI Endpoint,Dell,Wyse 5070 Thin Client,VDICGVU2CWEGL,2020-05-13,2020-06-07,2023-05-13,374.6,GTA029,BU001,Branch,E005643,Retired Pending Disposal,ServiceNow CMDB,2026-05-31,2018-05-01,2025-05-01,5,450,5.98,Warranty Expired,-13.0,Past EOL,1,0,0,0,450,3,1,1,3,29.02,54.45,Medium,Immediate,End User Computing / Branch
A0018626,VDI-018626,VDI Endpoint,HP,t640 Thin Client,VDI0JSABVOBP6,2021-05-13,2021-06-06,2025-05-12,383.4,ONR011,BU002,Non-Production,E020458,In Use,ServiceNow CMDB,2026-05-31,2019-09-01,2026-09-01,5,500,4.99,Warranty Expired,3.0,Expiring in 12 Months,0,1,0,0,500,1,1,0,8,41.43,44.07,Medium,Accelerated,End User Computing / Branch
A0018630,VDI-018630,VDI Endpoint,Dell,Wyse 5070 Thin Client,VDIX07T94V2PU,2025-10-24,2025-12-01,2029-10-23,342.98,WST024,BU002,Non-Production,E014255,In Use,ServiceNow CMDB,2026-05-31,2018-05-01,2025-05-01,5,450,0.5,Under Warranty,-13.0,Past EOL,1,0,0,0,450,2,1,0,7,31.39,58.57,High,Immediate,End User Computing / Branch
A0018641,VDI-018641,VDI Endpoint,HP,t640 Thin Client,VDIEDSZW7SOX6,2024-09-15,2024-10-12,2027-09-15,364.02,WST009,BU003,Corporate,E015818,In Use,Intune,2026-05-31,2019-09-01,2026-09-01,5,500,1.64,Under Warranty,3.0,Expiring in 12 Months,0,1,0,0,500,1,1,0,0,0.0,26.0,Low,Accelerated,End User Computing / Branch
A0018652,VDI-018652,VDI Endpoint,HP,t640 Thin Client,VDISBEQWRCSSM,2020-02-13,2020-02-17,2023-02-12,455.23,GTA009,BU005,Production,E007879,In Use,ServiceNow CMDB,2026-05-31,2019-09-01,2026-09-01,5,500,6.29,Warranty Expired,3.0,Expiring in 12 Months,0,1,0,0,500,2,1,1,8,46.2,48.31,Medium,Accelerated,End User Computing / Branch
A0018662,VDI-018662,VDI Endpoint,HP,t640 Thin Client,VDILVFDKY7JBZ,2018-05-12,2018-05-17,2022-05-11,355.67,WST026,BU004,Non-Production,E000432,In Use,ServiceNow CMDB,2026-05-31,2019-09-01,2026-09-01,5,500,8.04,Warranty Expired,3.0,Expiring in 12 Months,0,1,0,0,500,5,1,1,5,36.34,41.82,Medium,Accelerated,End User Computing / Branch
A0018691,VDI-018691,VDI Endpoint,HP,t640 Thin Client,VDISX42ZIPO37,2018-11-22,2018-12-18,2023-11-21,395.96,ONR019,BU001,Production,E001830,In Use,ServiceNow CMDB,2026-05-31,2019-09-01,2026-09-01,5,500,7.46,Warranty Expired,3.0,Expiring in 12 Months,0,1,0,0,500,1,1,0,4,20.5,35.02,Medium,Accelerated,End User Computing / Branch
A0018693,VDI-018693,VDI Endpoint,Dell,Wyse 5070 Thin Client,VDIJ3EL69AEMP,2019-05-05,2019-05-30,2024-05-03,319.36,GTA009,BU004,Corporate,E011215,In Use,Network Discovery,2026-05-31,2018-05-01,2025-05-01,5,450,7.01,Warranty Expired,-13.0,Past EOL,1,0,0,0,450,1,1,0,3,21.18,50.06,Medium,Immediate,End User Computing / Branch
A0018712,VDI-018712,VDI Endpoint,HP,t640 Thin Client,VDI8PQ7A1N5I2,2021-07-13,2021-08-22,2024-07-12,393.15,GTA003,BU001,Non-Production,E008907,In Use,ServiceNow CMDB,2026-05-31,2019-09-01,2026-09-01,5,500,4.78,Warranty Expired,3.0,Expiring in 12 Months,0,1,0,0,500,1,1,0,7,32.46,41.62,Medium,Accelerated,End User Computing / Branch
A0018740,VDI-018740,VDI Endpoint,HP,t640 Thin Client,VDI9464IGM9ZJ,2023-06-17,2023-06-24,2027-06-16,435.98,ATL006,BU002,Corporate,E014148,In Use,SCCM,2026-05-31,2019-09-01,2026-09-01,5,500,2.94,Under Warranty,3.0,Expiring in 12 Months,0,1,0,0,500,1,1,0,2,21.56,31.08,Medium,Accelerated,End User Computing / Branch
A0018743,VDI-018743,VDI Endpoint,HP,t640 Thin Client,VDIY38ARCAG38,2021-12-07,2021-12-10,2025-12-06,389.07,GTA022,BU003,Branch,E017337,In Use,ServiceNow CMDB,2026-05-31,2019-09-01,2026-09-01,5,500,4.48,Warranty Expired,3.0,Expiring in 12 Months,0,1,0,0,500,3,0,2,5,34.17,37.71,Medium,Accelerated,End User Computing / Branch
A0018744,VDI-018744,VDI Endpoint,HP,t640 Thin Client,VDIPT5EGX6QSE,2023-03-23,2023-04-10,2028-03-21,325.04,ONR015,BU001,Production,E009205,In Use,ServiceNow CMDB,2026-05-31,2019-09-01,2026-09-01,5,500,3.15,Under Warranty,3.0,Expiring in 12 Months,0,1,0,0,500,3,0,2,4,13.46,34.67,Medium,Accelerated,End User Computing / Branch
A0018745,VDI-018745,VDI Endpoint,HP,t640 Thin Client,VDIFDIT32L8YV,2020-08-19,2020-09-02,2025-08-18,465.16,DC2001,BU009,Branch,E010872,In Use,ServiceNow CMDB,2026-05-31,2019-09-01,2026-09-01,5,500,5.75,Warranty Expired,3.0,Expiring in 12 Months,0,1,0,0,500,2,1,0,5,32.49,37.62,Medium,Accelerated,End User Computing / Branch
A0018747,VDI-018747,VDI Endpoint,HP,t640 Thin Client,VDIMAAD3XSO8J,2020-04-20,2020-05-09,2024-04-19,407.1,ONR001,BU001,Branch,E013197,In Use,ServiceNow CMDB,2026-05-31,2019-09-01,2026-09-01,5,500,6.06,Warranty Expired,3.0,Expiring in 12 Months,0,1,0,0,500,2,0,2,5,29.66,37.48,Medium,Accelerated,End User Computing / Branch
A0018748,VDI-018748,VDI Endpoint,Dell,Wyse 5070 Thin Client,VDI5GAXHCQU71,2025-01-31,2025-03-09,2029-01-30,385.13,ONR002,BU008,Corporate,E018558,In Use,Network Discovery,2026-05-31,2018-05-01,2025-05-01,5,450,1.23,Under Warranty,-13.0,Past EOL,1,0,0,0,450,2,1,0,6,29.3,56.46,High,Immediate,End User Computing / Branch
A0018756,VDI-018756,VDI Endpoint,HP,t640 Thin Client,VDI2VZ86DTYG1,2019-07-21,2019-08-17,2023-07-20,397.44,GTA051,BU001,Branch,E001481,In Use,ServiceNow CMDB,2026-05-31,2019-09-01,2026-09-01,5,500,6.79,Warranty Expired,3.0,Expiring in 12 Months,0,1,0,0,500,2,1,0,4,12.0,34.6,Medium,Accelerated,End User Computing / Branch
A0018757,VDI-018757,VDI Endpoint,Dell,Wyse 5070 Thin Client,VDI5C2N2VNEY7,2021-02-07,2021-03-09,2025-02-06,410.25,QUE025,BU003,Branch,E001024,In Use,SCCM,2026-05-31,2018-05-01,2025-05-01,5,450,5.23,Warranty Expired,-13.0,Past EOL,1,0,0,0,450,1,1,0,3,13.68,49.68,Medium,Immediate,End User Computing / Branch
A0018788,VDI-018788,VDI Endpoint,Dell,Wyse 5070 Thin Client,VDINSX0AQDF8R,2019-12-06,2019-12-15,2022-12-05,347.23,ATL008,BU003,Corporate,E016611,In Use,ServiceNow CMDB,2026-05-31,2018-05-01,2025-05-01,5,450,6.46,Warranty Expired,-13.0,Past EOL,1,0,0,0,450,2,1,0,5,38.23,54.91,Medium,Immediate,End User Computing / Branch
A0018793,VDI-018793,VDI Endpoint,Dell,Wyse 5070 Thin Client,VDIAGO64U8OBQ,2023-04-11,2023-04-23,2027-04-10,395.54,QUE017,BU001,Branch,E018538,In Use,ServiceNow CMDB,2026-05-31,2018-05-01,2025-05-01,5,450,3.11,Under Warranty,-13.0,Past EOL,1,0,0,0,450,1,1,0,4,25.41,52.27,Medium,Immediate,End User Computing / Branch
A0018800,VDI-018800,VDI Endpoint,HP,t640 Thin Client,VDIXZPLIK4J0C,2024-05-17,2024-06-30,2027-05-17,337.58,WST007,BU001,Production,E001721,In Use,Intune,2026-05-31,2019-09-01,2026-09-01,5,500,1.92,Under Warranty,3.0,Expiring in 12 Months,0,1,0,0,500,2,1,0,6,53.78,40.69,Medium,Accelerated,End User Computing / Branch
A0018803,VDI-018803,VDI Endpoint,HP,t640 Thin Client,VDID4Z32IXMVB,2018-04-17,2018-05-21,2022-04-16,429.02,GTA079,BU001,Corporate,E003445,In Use,Network Discovery,2026-05-31,2019-09-01,2026-09-01,5,500,8.03,Warranty Expired,3.0,Expiring in 12 Months,0,1,0,0,500,4,1,1,4,19.95,39.0,Medium,Accelerated,End User Computing / Branch
A0018846,VDI-018846,VDI Endpoint,HP,t640 Thin Client,VDIKJ5K031IR2,2020-08-06,2020-08-13,2023-08-06,389.29,GTA045,BU008,Production,E014631,In Use,ServiceNow CMDB,2026-05-31,2019-09-01,2026-09-01,5,500,5.8,Warranty Expired,3.0,Expiring in 12 Months,0,1,0,0,500,1,1,0,4,11.07,34.55,Medium,Accelerated,End User Computing / Branch
A0018878,VDI-018878,VDI Endpoint,HP,t640 Thin Client,VDIIA9EHN6IE9,2019-11-29,2019-12-17,2022-11-28,384.59,WST027,BU006,Non-Production,E009436,In Use,ServiceNow CMDB,2026-05-31,2019-09-01,2026-09-01,5,500,6.46,Warranty Expired,3.0,Expiring in 12 Months,0,1,0,0,500,1,1,0,1,8.76,28.44,Low,Accelerated,End User Computing / Branch
A0018903,VDI-018903,VDI Endpoint,HP,t640 Thin Client,VDIWXLT6EC0T0,2021-03-28,2021-04-05,2026-03-27,367.49,WST019,BU001,Branch,E002507,In Use,SCCM,2026-05-31,2019-09-01,2026-09-01,5,500,5.16,Warranty Expired,3.0,Expiring in 12 Months,0,1,0,0,500,1,1,0,3,29.53,33.48,Medium,Accelerated,End User Computing / Branch
A0018908,VDI-018908,VDI Endpoint,Dell,Wyse 5070 Thin Client,VDI9O0I6FXVG5,2022-11-08,2022-12-08,2025-11-07,405.37,GTA080,BU009,Production,E010929,In Use,ServiceNow CMDB,2026-05-31,2018-05-01,2025-05-01,5,450,3.48,Warranty Expired,-13.0,Past EOL,1,0,0,0,450,4,0,2,6,34.53,56.73,High,Immediate,End User Computing / Branch
A0018909,VDI-018909,VDI Endpoint,HP,t640 Thin Client,VDI4N6XC5QFR7,2019-07-09,2019-07-22,2022-07-08,403.52,WST028,BU001,Production,E021063,In Use,ServiceNow CMDB,2026-05-31,2019-09-01,2026-09-01,5,500,6.86,Warranty Expired,3.0,Expiring in 12 Months,0,1,0,0,500,1,1,0,4,22.41,35.12,Medium,Accelerated,End User Computing / Branch
A0018918,VDI-018918,VDI Endpoint,Dell,Wyse 5070 Thin Client,VDI6PLOAAK8BC,2018-04-12,2018-04-15,2023-04-11,328.82,QUE001,BU005,Branch,E016336,In Use,Network Discovery,2026-05-31,2018-05-01,2025-05-01,5,450,8.13,Warranty Expired,-13.0,Past EOL,1,0,0,0,450,2,1,0,2,18.78,47.94,Medium,Immediate,End User Computing / Branch
A0018920,VDI-018920,VDI Endpoint,HP,t640 Thin Client,VDICGP1NKMVIC,2020-01-12,2020-01-14,2024-01-11,469.88,GTA004,BU002,Branch,E014652,In Use,ServiceNow CMDB,2026-05-31,2019-09-01,2026-09-01,5,500,6.38,Warranty Expired,3.0,Expiring in 12 Months,0,1,0,0,500,1,1,0,7,41.81,42.09,Medium,Accelerated,End User Computing / Branch
A0018921,VDI-018921,VDI Endpoint,Dell,Wyse 5070 Thin Client,VDINMBNF902QY,2020-03-16,2020-04-17,2024-03-15,304.55,GTA047,BU002,Branch,E014460,In Use,Intune,2026-05-31,2018-05-01,2025-05-01,5,450,6.12,Warranty Expired,-13.0,Past EOL,1,0,0,0,450,1,1,0,10,61.66,66.08,High,Immediate,End User Computing / Branch
A0018941,VDI-018941,VDI Endpoint,HP,t640 Thin Client,VDIZCGWV7EWT3,2023-06-23,2023-08-04,2026-06-22,342.6,WST008,BU006,Corporate,E021637,In Use,ServiceNow CMDB,2026-05-31,2019-09-01,2026-09-01,5,500,2.83,Under Warranty,3.0,Expiring in 12 Months,0,1,0,0,500,4,1,0,6,29.48,39.47,Medium,Accelerated,End User Computing / Branch
A0018944,VDI-018944,VDI Endpoint,Dell,Wyse 5070 Thin Client,VDINAW2EAHOHG,2022-03-30,2022-04-22,2025-03-29,338.17,WST012,BU001,Disaster Recovery,E005394,In Use,ServiceNow CMDB,2026-05-31,2018-05-01,2025-05-01,5,450,4.11,Warranty Expired,-13.0,Past EOL,1,0,0,0,450,1,1,0,5,49.23,55.46,High,Immediate,End User Computing / Branch
A0018946,VDI-018946,VDI Endpoint,Dell,Wyse 5070 Thin Client,VDIOGBXR2CTV6,2020-09-12,2020-10-24,2023-09-12,397.83,GTA067,BU001,Branch,E018065,In Use,SCCM,2026-05-31,2018-05-01,2025-05-01,5,450,5.6,Warranty Expired,-13.0,Past EOL,1,0,0,0,450,2,1,0,1,6.72,45.34,Medium,Immediate,End User Computing / Branch
A0018948,VDI-018948,VDI Endpoint,Dell,Wyse 5070 Thin Client,VDISNZ9OGV4AT,2024-03-20,2024-03-21,2029-03-19,355.3,GTA028,BU001,Branch,E002271,In Use,ServiceNow CMDB,2026-05-31,2018-05-01,2025-05-01,5,450,2.2,Under Warranty,-13.0,Past EOL,1,0,0,0,450,2,1,0,3,9.85,49.49,Medium,Immediate,End User Computing / Branch
A0018958,VDI-018958,VDI Endpoint,Dell,Wyse 5070 Thin Client,VDILIYUTB6RYN,2021-01-18,2021-02-19,2024-01-18,322.6,WST028,BU001,Disaster Recovery,E020890,In Use,Network Discovery,2026-05-31,2018-05-01,2025-05-01,5,450,5.28,Warranty Expired,-13.0,Past EOL,1,0,0,0,450,2,2,0,2,8.93,55.45,High,Immediate,End User Computing / Branch
A0018964,VDI-018964,VDI Endpoint,Dell,Wyse 5070 Thin Client,VDIR3AP251F4R,2018-10-22,2018-12-01,2021-10-21,401.32,GTA038,BU003,Branch,E006895,In Use,ServiceNow CMDB,2026-05-31,2018-05-01,2025-05-01,5,450,7.5,Warranty Expired,-13.0,Past EOL,1,0,0,0,450,1,1,0,5,30.77,54.54,Medium,Immediate,End User Computing / Branch
A0018977,VDI-018977,VDI Endpoint,HP,t640 Thin Client,VDIY13ZQEVWS9,2023-06-03,2023-06-14,2027-06-02,466.89,GTA017,BU001,Production,E010557,In Use,ServiceNow CMDB,2026-05-31,2019-09-01,2026-09-01,5,500,2.97,Under Warranty,3.0,Expiring in 12 Months,0,1,0,0,500,2,1,1,4,24.87,39.24,Medium,Accelerated,End User Computing / Branch
A0019015,VDI-019015,VDI Endpoint,HP,t640 Thin Client,VDIE4VPBNFL2F,2019-04-12,2019-05-04,2024-04-10,370.48,ONR011,BU009,Production,E013184,In Use,ServiceNow CMDB,2026-05-31,2019-09-01,2026-09-01,5,500,7.08,Warranty Expired,3.0,Expiring in 12 Months,0,1,0,0,500,1,1,0,5,20.25,37.01,Medium,Accelerated,End User Computing / Branch
A0019022,VDI-019022,VDI Endpoint,HP,t640 Thin Client,VDI9BGMJ3Z8N8,2019-10-06,2019-10-15,2023-10-05,446.73,WST028,BU001,Production,E006869,In Repair,Intune,2026-05-31,2019-09-01,2026-09-01,5,500,6.63,Warranty Expired,3.0,Expiring in 12 Months,0,1,0,0,500,4,0,3,3,20.29,37.01,Medium,Accelerated,End User Computing / Branch
A0019047,VDI-019047,VDI Endpoint,Dell,Wyse 5070 Thin Client,VDIWZA0BL4UVC,2023-11-29,2023-12-22,2027-11-28,350.86,ATL012,BU005,Branch,E016661,In Use,ServiceNow CMDB,2026-05-31,2018-05-01,2025-05-01,5,450,2.44,Under Warranty,-13.0,Past EOL,1,0,0,0,450,2,1,0,4,33.54,52.68,Medium,Immediate,End User Computing / Branch
A0019055,VDI-019055,VDI Endpoint,Dell,Wyse 5070 Thin Client,VDIH0TUKRFBX2,2020-09-15,2020-09-21,2024-09-14,305.74,WST008,BU002,Corporate,E017427,In Use,Network Discovery,2026-05-31,2018-05-01,2025-05-01,5,450,5.69,Warranty Expired,-13.0,Past EOL,1,0,0,0,450,1,1,0,5,20.36,54.02,Medium,Immediate,End User Computing / Branch
A0019069,VDI-019069,VDI Endpoint,HP,t640 Thin Client,VDI70L49Q5MF9,2019-04-05,2019-04-28,2024-04-03,370.72,GTA029,BU002,Production,E009276,In Stock,ServiceNow CMDB,2026-05-31,2019-09-01,2026-09-01,5,500,7.1,Warranty Expired,3.0,Expiring in 12 Months,0,1,0,0,500,2,0,2,5,32.34,37.62,Medium,Accelerated,End User Computing / Branch
A0019070,VDI-019070,VDI Endpoint,Dell,Wyse 5070 Thin Client,VDIN0N3ESMDD7,2023-07-22,2023-08-05,2026-07-21,416.55,GTA017,BU006,Corporate,E003504,In Use,SCCM,2026-05-31,2018-05-01,2025-05-01,5,450,2.83,Under Warranty,-13.0,Past EOL,1,0,0,0,450,1,1,0,4,19.98,52.0,Medium,Immediate,End User Computing / Branch
A0019080,VDI-019080,VDI Endpoint,HP,t640 Thin Client,VDIN8CADZWCO6,2021-08-20,2021-08-21,2024-08-19,418.26,GTA070,BU001,Branch,E008476,In Use,Intune,2026-05-31,2019-09-01,2026-09-01,5,500,4.78,Warranty Expired,3.0,Expiring in 12 Months,0,1,0,0,500,2,1,0,5,21.47,37.07,Medium,Accelerated,End User Computing / Branch
A0019091,VDI-019091,VDI Endpoint,Dell,Wyse 5070 Thin Client,VDIQ7B5NZ14G8,2021-10-18,2021-10-27,2025-10-17,341.64,GTA014,BU004,Disaster Recovery,E012389,In Use,ServiceNow CMDB,2026-05-31,2018-05-01,2025-05-01,5,450,4.6,Warranty Expired,-13.0,Past EOL,1,0,0,0,450,2,1,0,5,35.58,54.78,Medium,Immediate,End User Computing / Branch
A0019106,VDI-019106,VDI Endpoint,Dell,Wyse 5070 Thin Client,VDIZKT2XVFWPB,2019-12-11,2020-01-14,2022-12-10,300.43,GTA054,BU001,Production,E002890,In Stock,Intune,2026-05-31,2018-05-01,2025-05-01,5,450,6.38,Warranty Expired,-13.0,Past EOL,1,0,0,0,450,2,0,2,2,17.97,47.9,Medium,Immediate,End User Computing / Branch
A0019113,VDI-019113,VDI Endpoint,Dell,Wyse 5070 Thin Client,VDIZAN1GGEEQJ,2023-07-22,2023-08-23,2026-07-21,349.32,GTA056,BU003,Branch,E008441,In Use,ServiceNow CMDB,2026-05-31,2018-05-01,2025-05-01,5,450,2.78,Under Warranty,-13.0,Past EOL,1,0,0,0,450,1,1,0,1,9.41,45.47,Medium,Immediate,End User Computing / Branch
A0019115,VDI-019115,VDI Endpoint,HP,t640 Thin Client,VDIZVY18URO90,2019-12-16,2020-01-25,2023-12-15,405.46,GTA014,BU002,Corporate,E018537,In Use,ServiceNow CMDB,2026-05-31,2019-09-01,2026-09-01,5,500,6.35,Warranty Expired,3.0,Expiring in 12 Months,0,1,0,0,500,2,1,1,3,20.75,37.04,Medium,Accelerated,End User Computing / Branch
A0019126,VDI-019126,VDI Endpoint,HP,t640 Thin Client,VDI91TAQDSIZM,2022-12-24,2023-01-20,2027-12-23,377.88,GTA043,BU002,Production,E018559,In Use,SCCM,2026-05-31,2019-09-01,2026-09-01,5,500,3.36,Under Warranty,3.0,Expiring in 12 Months,0,1,0,0,500,3,1,1,6,39.25,43.96,Medium,Accelerated,End User Computing / Branch
A0019139,VDI-019139,VDI Endpoint,HP,t640 Thin Client,VDIWEZ8X3NJ6T,2018-12-31,2019-01-29,2023-12-30,357.46,WST017,BU002,Branch,E019066,In Stock,Intune,2026-05-31,2019-09-01,2026-09-01,5,500,7.34,Warranty Expired,3.0,Expiring in 12 Months,0,1,0,0,500,2,1,1,10,52.67,52.63,Medium,Accelerated,End User Computing / Branch
A0019140,VDI-019140,VDI Endpoint,HP,t640 Thin Client,VDI2CJ9IBSZ9Y,2022-08-28,2022-10-11,2025-08-27,334.46,WST020,BU002,Corporate,E004156,In Use,ServiceNow CMDB,2026-05-31,2019-09-01,2026-09-01,5,500,3.64,Warranty Expired,3.0,Expiring in 12 Months,0,1,0,0,500,3,0,2,3,7.46,32.37,Medium,Accelerated,End User Computing / Branch
A0019142,VDI-019142,VDI Endpoint,Dell,Wyse 5070 Thin Client,VDIAE87DEGNL1,2023-07-06,2023-08-20,2028-07-04,328.86,WST024,BU001,Branch,E018993,In Use,ServiceNow CMDB,2026-05-31,2018-05-01,2025-05-01,5,450,2.78,Under Warranty,-13.0,Past EOL,1,0,0,0,450,2,0,2,5,43.15,55.16,High,Immediate,End User Computing / Branch
A0019145,VDI-019145,VDI Endpoint,HP,t640 Thin Client,VDID8Y2ICOJ8O,2020-10-15,2020-11-13,2023-10-15,353.39,GTA046,BU001,Production,E012127,In Use,ServiceNow CMDB,2026-05-31,2019-09-01,2026-09-01,5,500,5.55,Warranty Expired,3.0,Expiring in 12 Months,0,1,0,0,500,3,1,0,7,62.82,43.14,Medium,Accelerated,End User Computing / Branch
A0019150,VDI-019150,VDI Endpoint,Dell,Wyse 5070 Thin Client,VDI7UPW5MJJIA,2021-08-09,2021-08-29,2025-08-08,389.69,WST006,BU002,Branch,E002728,In Use,ServiceNow CMDB,2026-05-31,2018-05-01,2025-05-01,5,450,4.76,Warranty Expired,-13.0,Past EOL,1,0,0,0,450,1,1,0,1,4.55,45.23,Medium,Immediate,End User Computing / Branch
A0019169,VDI-019169,VDI Endpoint,HP,t640 Thin Client,VDI31T4Y14188,2022-04-22,2022-05-12,2026-04-21,332.52,GTA064,BU001,Production,E001646,In Use,Network Discovery,2026-05-31,2019-09-01,2026-09-01,5,500,4.06,Warranty Expired,3.0,Expiring in 12 Months,0,1,0,0,500,1,1,0,1,5.66,28.28,Low,Accelerated,End User Computing / Branch
A0019175,VDI-019175,VDI Endpoint,Dell,Wyse 5070 Thin Client,VDIM53P1IJIHI,2018-08-07,2018-09-03,2021-08-06,311.39,QUE024,BU007,Branch,E009842,In Use,ServiceNow CMDB,2026-05-31,2018-05-01,2025-05-01,5,450,7.75,Warranty Expired,-13.0,Past EOL,1,0,0,0,450,2,1,0,7,37.23,58.86,High,Immediate,End User Computing / Branch
A0019178,VDI-019178,VDI Endpoint,Dell,Wyse 5070 Thin Client,VDIP2V9WMKZEZ,2023-10-15,2023-11-14,2027-10-14,337.1,GTA075,BU004,Branch,E002142,In Use,ServiceNow CMDB,2026-05-31,2018-05-01,2025-05-01,5,450,2.55,Under Warranty,-13.0,Past EOL,1,0,0,0,450,2,1,1,5,25.13,58.26,High,Immediate,End User Computing / Branch
A0019180,VDI-019180,VDI Endpoint,HP,t640 Thin Client,VDI9I21CWGRP0,2022-05-16,2022-06-21,2026-05-15,385.18,ONR013,BU001,Non-Production,E021907,In Use,ServiceNow CMDB,2026-05-31,2019-09-01,2026-09-01,5,500,3.95,Warranty Expired,3.0,Expiring in 12 Months,0,1,0,0,500,3,1,1,4,18.79,38.94,Medium,Accelerated,End User Computing / Branch
A0019183,VDI-019183,VDI Endpoint,HP,t640 Thin Client,VDIW1QBH3DXRO,2018-10-08,2018-11-17,2022-10-07,446.06,GTA002,BU008,Corporate,E013072,In Use,SCCM,2026-05-31,2019-09-01,2026-09-01,5,500,7.54,Warranty Expired,3.0,Expiring in 12 Months,0,1,0,0,500,1,1,0,6,34.98,39.75,Medium,Accelerated,End User Computing / Branch
A0019212,VDI-019212,VDI Endpoint,Dell,Wyse 5070 Thin Client,VDI66PVCXE2I3,2019-09-18,2019-09-30,2023-09-17,309.51,TOR002,BU006,Production,E002045,In Use,ServiceNow CMDB,2026-05-31,2018-05-01,2025-05-01,5,450,6.67,Warranty Expired,-13.0,Past EOL,1,0,0,0,450,1,1,0,4,12.71,51.64,Medium,Immediate,End User Computing / Branch
A0019214,VDI-019214,VDI Endpoint,Dell,Wyse 5070 Thin Client,VDIXPU9RGHEC6,2020-03-21,2020-03-25,2024-03-20,385.51,ONR007,BU001,Production,E000038,In Use,ServiceNow CMDB,2026-05-31,2018-05-01,2025-05-01,5,450,6.19,Warranty Expired,-13.0,Past EOL,1,0,0,0,450,1,1,0,3,14.64,49.73,Medium,Immediate,End User Computing / Branch
A0019217,VDI-019217,VDI Endpoint,HP,t640 Thin Client,VDI8WAZJEHIJC,2018-09-11,2018-09-24,2021-09-10,397.55,GTA053,BU001,Production,E002457,In Use,ServiceNow CMDB,2026-05-31,2019-09-01,2026-09-01,5,500,7.69,Warranty Expired,3.0,Expiring in 12 Months,0,1,0,0,500,1,1,0,2,22.6,31.13,Medium,Accelerated,End User Computing / Branch
A0019229,VDI-019229,VDI Endpoint,Dell,Wyse 5070 Thin Client,VDIBE8WUAYEPH,2022-05-17,2022-05-18,2025-05-16,308.71,GTA017,BU003,Branch,E005811,In Use,ServiceNow CMDB,2026-05-31,2018-05-01,2025-05-01,5,450,4.04,Warranty Expired,-13.0,Past EOL,1,0,0,0,450,2,1,0,7,40.46,59.02,High,Immediate,End User Computing / Branch
A0019234,VDI-019234,VDI Endpoint,Dell,Wyse 5070 Thin Client,VDIE4379TXSTY,2019-01-15,2019-01-28,2022-01-14,410.5,ATL005,BU002,Production,E017449,In Use,Intune,2026-05-31,2018-05-01,2025-05-01,5,450,7.34,Warranty Expired,-13.0,Past EOL,1,0,0,0,450,5,1,0,5,29.04,54.45,Medium,Immediate,End User Computing / Branch
A0019244,VDI-019244,VDI Endpoint,Dell,Wyse 5070 Thin Client,VDI04JPBDNZLL,2020-10-03,2020-10-23,2023-10-03,399.21,WST009,BU008,Production,E010547,In Use,ServiceNow CMDB,2026-05-31,2018-05-01,2025-05-01,5,450,5.61,Warranty Expired,-13.0,Past EOL,1,0,0,0,450,3,0,2,3,22.35,50.12,Medium,Immediate,End User Computing / Branch
A0019247,VDI-019247,VDI Endpoint,HP,t640 Thin Client,VDIP7W0XY6W0N,2020-08-27,2020-09-04,2025-08-26,357.47,GTA003,BU001,Production,E021806,In Use,ServiceNow CMDB,2026-05-31,2019-09-01,2026-09-01,5,500,5.74,Warranty Expired,3.0,Expiring in 12 Months,0,1,0,0,500,1,1,0,6,44.51,40.23,Medium,Accelerated,End User Computing / Branch
A0019249,VDI-019249,VDI Endpoint,Dell,Wyse 5070 Thin Client,VDIVC4VP5D71Q,2023-08-14,2023-08-16,2026-08-13,297.49,QUE008,BU004,Corporate,E000395,In Use,ServiceNow CMDB,2026-05-31,2018-05-01,2025-05-01,5,450,2.8,Under Warranty,-13.0,Past EOL,1,0,0,0,450,3,2,0,6,25.28,64.26,High,Immediate,End User Computing / Branch
A0019252,VDI-019252,VDI Endpoint,HP,t640 Thin Client,VDICWE5TKY0RV,2020-08-13,2020-09-22,2023-08-13,370.4,WST028,BU001,Production,E018561,In Use,ServiceNow CMDB,2026-05-31,2019-09-01,2026-09-01,5,500,5.69,Warranty Expired,3.0,Expiring in 12 Months,0,1,0,0,500,1,1,0,3,11.38,32.57,Medium,Accelerated,End User Computing / Branch
A0019253,VDI-019253,VDI Endpoint,HP,t640 Thin Client,VDI26TQKNEQ0J,2023-04-04,2023-04-06,2028-04-02,360.41,GTA056,BU003,Non-Production,E003043,In Stock,SCCM,2026-05-31,2019-09-01,2026-09-01,5,500,3.16,Under Warranty,3.0,Expiring in 12 Months,0,1,0,0,500,2,1,0,8,45.25,44.26,Medium,Accelerated,End User Computing / Branch
A0019256,VDI-019256,VDI Endpoint,Dell,Wyse 5070 Thin Client,VDIKW9X9IKBOW,2021-02-27,2021-04-09,2026-02-26,319.12,GTA002,BU007,Branch,E001265,In Use,SCCM,2026-05-31,2018-05-01,2025-05-01,5,450,5.15,Warranty Expired,-13.0,Past EOL,1,0,0,0,450,3,2,0,3,20.25,58.01,High,Immediate,End User Computing / Branch
A0019278,VDI-019278,VDI Endpoint,Dell,Wyse 5070 Thin Client,VDIO1UTAZV403,2019-10-04,2019-11-05,2022-10-03,367.82,GTA021,BU001,Corporate,E012833,In Use,ServiceNow CMDB,2026-05-31,2018-05-01,2025-05-01,5,450,6.57,Warranty Expired,-13.0,Past EOL,1,0,0,0,450,1,1,0,6,38.63,56.93,High,Immediate,End User Computing / Branch
A0019286,VDI-019286,VDI Endpoint,Dell,Wyse 5070 Thin Client,VDIALG0CDOD4F,2020-12-30,2021-01-22,2024-12-29,378.78,GTA022,BU002,Production,E019697,In Use,ServiceNow CMDB,2026-05-31,2018-05-01,2025-05-01,5,450,5.36,Warranty Expired,-13.0,Past EOL,1,0,0,0,450,1,1,0,2,1.8,47.09,Medium,Immediate,End User Computing / Branch
A0019299,VDI-019299,VDI Endpoint,HP,t640 Thin Client,VDIM5H421PNYT,2024-03-21,2024-04-01,2028-03-20,367.6,GTA020,BU009,Corporate,E017153,In Stock,SCCM,2026-05-31,2019-09-01,2026-09-01,5,500,2.17,Under Warranty,3.0,Expiring in 12 Months,0,1,0,0,500,2,1,1,6,45.03,44.25,Medium,Accelerated,End User Computing / Branch
A0019304,VDI-019304,VDI Endpoint,HP,t640 Thin Client,VDITUW07I9ZCC,2024-08-04,2024-08-24,2027-08-04,336.67,GTA020,BU002,Branch,E020072,In Use,ServiceNow CMDB,2026-05-31,2019-09-01,2026-09-01,5,500,1.77,Under Warranty,3.0,Expiring in 12 Months,0,1,0,0,500,2,1,1,3,25.3,37.26,Medium,Accelerated,End User Computing / Branch
A0019314,VDI-019314,VDI Endpoint,Dell,Wyse 5070 Thin Client,VDI6ZMAIE2AH4,2019-06-16,2019-07-04,2022-06-15,416.75,ONR015,BU004,Non-Production,E004754,In Use,ServiceNow CMDB,2026-05-31,2018-05-01,2025-05-01,5,450,6.91,Warranty Expired,-13.0,Past EOL,1,0,0,0,450,4,0,3,2,9.57,51.48,Medium,Immediate,End User Computing / Branch
A0019315,VDI-019315,VDI Endpoint,Dell,Wyse 5070 Thin Client,VDILMOB8QKRUO,2021-04-28,2021-05-20,2025-04-27,384.54,GTA073,BU001,Branch,E018659,In Use,ServiceNow CMDB,2026-05-31,2018-05-01,2025-05-01,5,450,5.03,Warranty Expired,-13.0,Past EOL,1,0,0,0,450,3,0,3,5,44.1,59.2,High,Immediate,End User Computing / Branch
A0019316,VDI-019316,VDI Endpoint,HP,t640 Thin Client,VDI7YYXJ7JO58,2020-03-13,2020-03-25,2023-03-13,471.82,WST023,BU001,Corporate,E014917,In Use,Network Discovery,2026-05-31,2019-09-01,2026-09-01,5,500,6.19,Warranty Expired,3.0,Expiring in 12 Months,0,1,0,0,500,1,1,0,6,27.57,39.38,Medium,Accelerated,End User Computing / Branch
A0019324,VDI-019324,VDI Endpoint,HP,t640 Thin Client,VDIJI550TROA4,2018-11-18,2018-12-22,2022-11-17,392.68,WST013,BU004,Production,E009482,In Use,ServiceNow CMDB,2026-05-31,2019-09-01,2026-09-01,5,500,7.44,Warranty Expired,3.0,Expiring in 12 Months,0,1,0,0,500,1,1,0,8,58.66,44.93,Medium,Accelerated,End User Computing / Branch
A0019334,VDI-019334,VDI Endpoint,Dell,Wyse 5070 Thin Client,VDIEYIC9KXBCL,2019-03-11,2019-03-12,2022-03-10,371.27,TOR004,BU002,Corporate,E000369,In Use,Network Discovery,2026-05-31,2018-05-01,2025-05-01,5,450,7.23,Warranty Expired,-13.0,Past EOL,1,0,0,0,450,3,0,2,8,62.75,62.14,High,Immediate,End User Computing / Branch
A0019348,VDI-019348,VDI Endpoint,HP,t640 Thin Client,VDI9QF72ZN1PZ,2019-06-03,2019-07-02,2023-06-02,344.94,WST009,BU003,Corporate,E007820,In Use,ServiceNow CMDB,2026-05-31,2019-09-01,2026-09-01,5,500,6.92,Warranty Expired,3.0,Expiring in 12 Months,0,1,0,0,500,1,1,0,6,28.01,39.4,Medium,Accelerated,End User Computing / Branch
A0019358,VDI-019358,VDI Endpoint,HP,t640 Thin Client,VDIDU06XUURP8,2018-12-18,2019-01-15,2023-12-17,377.36,TOR006,BU003,Production,E013092,In Use,Network Discovery,2026-05-31,2019-09-01,2026-09-01,5,500,7.38,Warranty Expired,3.0,Expiring in 12 Months,0,1,0,0,500,2,1,1,5,48.11,42.41,Medium,Accelerated,End User Computing / Branch
A0019361,VDI-019361,VDI Endpoint,HP,t640 Thin Client,VDIWJAIG604JC,2021-06-26,2021-07-15,2025-06-25,463.6,WST015,BU002,Corporate,E003700,In Use,SCCM,2026-05-31,2019-09-01,2026-09-01,5,500,4.88,Warranty Expired,3.0,Expiring in 12 Months,0,1,0,0,500,2,1,0,5,34.8,37.74,Medium,Accelerated,End User Computing / Branch
A0019373,VDI-019373,VDI Endpoint,HP,t640 Thin Client,VDI38LXJSY6S9,2020-03-02,2020-04-14,2024-03-01,338.81,WST016,BU004,Corporate,E004079,In Repair,Network Discovery,2026-05-31,2019-09-01,2026-09-01,5,500,6.13,Warranty Expired,3.0,Expiring in 12 Months,0,1,0,0,500,1,1,0,7,54.77,42.74,Medium,Accelerated,End User Computing / Branch
A0019392,VDI-019392,VDI Endpoint,Dell,Wyse 5070 Thin Client,VDISZJRXWBNPC,2024-02-22,2024-04-01,2028-02-21,414.64,GTA034,BU001,Disaster Recovery,E010631,In Use,ServiceNow CMDB,2026-05-31,2018-05-01,2025-05-01,5,450,2.17,Under Warranty,-13.0,Past EOL,1,0,0,0,450,2,1,0,3,20.21,50.01,Medium,Immediate,End User Computing / Branch
A0019423,VDI-019423,VDI Endpoint,Dell,Wyse 5070 Thin Client,VDIDXIRD4IE0P,2022-11-11,2022-12-07,2027-11-10,356.92,QUE009,BU010,Production,E008940,In Use,ServiceNow CMDB,2026-05-31,2018-05-01,2025-05-01,5,450,3.49,Under Warranty,-13.0,Past EOL,1,0,0,0,450,1,1,0,6,49.1,57.46,High,Immediate,End User Computing / Branch
A0019432,VDI-019432,VDI Endpoint,HP,t640 Thin Client,VDIP4GJNFWQWM,2020-06-28,2020-07-12,2023-06-28,416.73,GTA075,BU002,Non-Production,E006204,In Use,SCCM,2026-05-31,2019-09-01,2026-09-01,5,500,5.89,Warranty Expired,3.0,Expiring in 12 Months,0,1,0,0,500,2,1,1,5,22.38,41.12,Medium,Accelerated,End User Computing / Branch
A0019439,VDI-019439,VDI Endpoint,HP,t640 Thin Client,VDIZMDWO4DOXP,2020-05-12,2020-05-16,2023-05-12,352.97,WST020,BU001,Corporate,E005026,In Use,SCCM,2026-05-31,2019-09-01,2026-09-01,5,500,6.05,Warranty Expired,3.0,Expiring in 12 Months,0,1,0,0,500,1,1,0,4,28.7,35.44,Medium,Accelerated,End User Computing / Branch
A0019440,VDI-019440,VDI Endpoint,HP,t640 Thin Client,VDI5LVTZPZXVE,2021-06-13,2021-06-18,2025-06-12,424.65,GTA073,BU001,Corporate,E009598,In Use,ServiceNow CMDB,2026-05-31,2019-09-01,2026-09-01,5,500,4.96,Warranty Expired,3.0,Expiring in 12 Months,0,1,0,0,500,3,0,2,1,10.62,28.53,Low,Accelerated,End User Computing / Branch
A0019444,VDI-019444,VDI Endpoint,Dell,Wyse 5070 Thin Client,VDIIPWD3MPFHV,2022-05-11,2022-06-10,2025-05-10,415.06,QUE002,BU002,Corporate,E003796,Retired Pending Disposal,ServiceNow CMDB,2026-05-31,2018-05-01,2025-05-01,5,450,3.98,Warranty Expired,-13.0,Past EOL,1,0,0,0,450,1,1,0,5,36.94,54.85,Medium,Immediate,End User Computing / Branch
A0019459,VDI-019459,VDI Endpoint,HP,t640 Thin Client,VDICVI7DTCCLB,2024-02-10,2024-03-09,2028-02-09,344.5,DC1001,BU003,Production,E011281,In Use,ServiceNow CMDB,2026-05-31,2019-09-01,2026-09-01,5,500,2.23,Under Warranty,3.0,Expiring in 12 Months,0,1,0,0,500,2,1,0,2,14.42,30.72,Medium,Accelerated,End User Computing / Branch
A0019467,VDI-019467,VDI Endpoint,Dell,Wyse 5070 Thin Client,VDIBXK3LARYU6,2024-07-21,2024-08-17,2028-07-20,335.6,QUE009,BU007,Production,E013025,In Use,ServiceNow CMDB,2026-05-31,2018-05-01,2025-05-01,5,450,1.79,Under Warranty,-13.0,Past EOL,1,0,0,0,450,2,0,2,3,12.44,49.62,Medium,Immediate,End User Computing / Branch
A0019470,VDI-019470,VDI Endpoint,HP,t640 Thin Client,VDIBS3366LITY,2020-08-06,2020-08-24,2024-08-05,396.76,GTA010,BU001,Production,E018609,In Use,SCCM,2026-05-31,2019-09-01,2026-09-01,5,500,5.77,Warranty Expired,3.0,Expiring in 12 Months,0,1,0,0,500,2,1,0,5,34.71,37.74,Medium,Accelerated,End User Computing / Branch
A0019471,VDI-019471,VDI Endpoint,Dell,Wyse 5070 Thin Client,VDIU34FQRWVDN,2020-06-14,2020-07-23,2025-06-13,420.41,GTA009,BU001,Non-Production,E004721,In Use,ServiceNow CMDB,2026-05-31,2018-05-01,2025-05-01,5,450,5.86,Warranty Expired,-13.0,Past EOL,1,0,0,0,450,2,0,2,2,13.79,47.69,Medium,Immediate,End User Computing / Branch
A0019487,VDI-019487,VDI Endpoint,Dell,Wyse 5070 Thin Client,VDIJVDUU0V4YZ,2021-04-09,2021-05-13,2025-04-08,297.01,ATL004,BU003,Production,E003254,In Use,Network Discovery,2026-05-31,2018-05-01,2025-05-01,5,450,5.05,Warranty Expired,-13.0,Past EOL,1,0,0,0,450,2,1,1,7,33.93,62.7,High,Immediate,End User Computing / Branch
A0019497,VDI-019497,VDI Endpoint,HP,t640 Thin Client,VDIZZL858GLOE,2021-04-09,2021-04-27,2025-04-08,361.08,GTA061,BU001,Production,E012394,In Use,ServiceNow CMDB,2026-05-31,2019-09-01,2026-09-01,5,500,5.1,Warranty Expired,3.0,Expiring in 12 Months,0,1,0,0,500,1,1,0,3,21.71,33.09,Medium,Accelerated,End User Computing / Branch
A0019507,VDI-019507,VDI Endpoint,Dell,Wyse 5070 Thin Client,VDI0QXHR4NW3F,2021-10-18,2021-11-10,2024-10-17,328.92,WST003,BU002,Production,E013273,In Use,ServiceNow CMDB,2026-05-31,2018-05-01,2025-05-01,5,450,4.56,Warranty Expired,-13.0,Past EOL,1,0,0,0,450,1,1,0,6,34.32,56.72,High,Immediate,End User Computing / Branch
A0019513,VDI-019513,VDI Endpoint,HP,t640 Thin Client,VDI5RJK1Z9DA8,2018-08-19,2018-09-20,2023-08-18,444.85,WST014,BU001,Corporate,E004365,In Use,SCCM,2026-05-31,2019-09-01,2026-09-01,5,500,7.7,Warranty Expired,3.0,Expiring in 12 Months,0,1,0,0,500,2,1,1,5,20.71,41.04,Medium,Accelerated,End User Computing / Branch
A0019515,VDI-019515,VDI Endpoint,HP,t640 Thin Client,VDI5TSTQRLIC2,2021-10-29,2021-11-09,2025-10-28,386.1,GTA016,BU001,Disaster Recovery,E001264,In Use,Intune,2026-05-31,2019-09-01,2026-09-01,5,500,4.56,Warranty Expired,3.0,Expiring in 12 Months,0,1,0,0,500,3,0,2,2,5.04,30.25,Medium,Accelerated,End User Computing / Branch
A0019542,VDI-019542,VDI Endpoint,Dell,Wyse 5070 Thin Client,VDIOJ3OEFOFMC,2022-01-08,2022-02-04,2025-01-07,344.86,WST017,BU001,Non-Production,E005620,In Use,Intune,2026-05-31,2018-05-01,2025-05-01,5,450,4.32,Warranty Expired,-13.0,Past EOL,1,0,0,0,450,1,1,0,5,31.24,54.56,Medium,Immediate,End User Computing / Branch
A0019566,VDI-019566,VDI Endpoint,Dell,Wyse 5070 Thin Client,VDIU9X2DSUDGV,2023-10-06,2023-11-18,2027-10-05,297.05,GTA028,BU002,Corporate,E005740,In Use,ServiceNow CMDB,2026-05-31,2018-05-01,2025-05-01,5,450,2.54,Under Warranty,-13.0,Past EOL,1,0,0,0,450,1,1,0,2,12.2,47.61,Medium,Immediate,End User Computing / Branch
A0019571,VDI-019571,VDI Endpoint,HP,t640 Thin Client,VDIK4JHD9RCR5,2023-03-04,2023-03-23,2028-03-02,368.57,GTA041,BU001,Corporate,E003635,In Use,ServiceNow CMDB,2026-05-31,2019-09-01,2026-09-01,5,500,3.2,Under Warranty,3.0,Expiring in 12 Months,0,1,0,0,500,1,1,0,7,49.29,42.46,Medium,Accelerated,End User Computing / Branch
A0019579,VDI-019579,VDI Endpoint,HP,t640 Thin Client,VDIKJ1REI6EQW,2018-12-03,2019-01-06,2021-12-02,344.32,WST028,BU003,Branch,E014619,In Use,ServiceNow CMDB,2026-05-31,2019-09-01,2026-09-01,5,500,7.4,Warranty Expired,3.0,Expiring in 12 Months,0,1,0,0,500,1,1,0,0,0.0,26.0,Low,Accelerated,End User Computing / Branch
A0019586,VDI-019586,VDI Endpoint,Dell,Wyse 5070 Thin Client,VDIPI8DZ7DLWG,2023-11-22,2023-12-21,2028-11-20,390.43,GTA027,BU001,Branch,E013289,In Use,SCCM,2026-05-31,2018-05-01,2025-05-01,5,450,2.45,Under Warranty,-13.0,Past EOL,1,0,0,0,450,2,1,0,7,63.84,60.19,High,Immediate,End User Computing / Branch
A0019602,VDI-019602,VDI Endpoint,Dell,Wyse 5070 Thin Client,VDIXU28QHM9PO,2024-09-12,2024-10-09,2027-09-12,410.91,GTA042,BU002,Corporate,E007517,In Use,Intune,2026-05-31,2018-05-01,2025-05-01,5,450,1.65,Under Warranty,-13.0,Past EOL,1,0,0,0,450,1,1,0,3,23.19,50.16,Medium,Immediate,End User Computing / Branch
A0019617,VDI-019617,VDI Endpoint,HP,t640 Thin Client,VDIDX9ZVACNGM,2022-08-30,2022-09-05,2025-08-29,346.53,GTA015,BU002,Branch,E014984,In Use,ServiceNow CMDB,2026-05-31,2019-09-01,2026-09-01,5,500,3.74,Warranty Expired,3.0,Expiring in 12 Months,0,1,0,0,500,2,1,0,5,26.94,37.35,Medium,Accelerated,End User Computing / Branch
A0019644,VDI-019644,VDI Endpoint,Dell,Wyse 5070 Thin Client,VDIM0YPLDHLMV,2023-10-22,2023-11-21,2026-10-21,365.69,TOR004,BU003,Corporate,E002399,In Use,SCCM,2026-05-31,2018-05-01,2025-05-01,5,450,2.53,Under Warranty,-13.0,Past EOL,1,0,0,0,450,2,0,2,6,42.63,57.13,High,Immediate,End User Computing / Branch
A0019648,VDI-019648,VDI Endpoint,Dell,Wyse 5070 Thin Client,VDIJG4N7WSJ3O,2021-03-22,2021-04-02,2025-03-21,396.59,ATL008,BU002,Disaster Recovery,E016642,In Use,ServiceNow CMDB,2026-05-31,2018-05-01,2025-05-01,5,450,5.17,Warranty Expired,-13.0,Past EOL,1,0,0,0,450,3,1,0,3,30.34,50.52,Medium,Immediate,End User Computing / Branch
A0019649,VDI-019649,VDI Endpoint,HP,t640 Thin Client,VDI5H4RCES5U3,2020-01-31,2020-02-11,2025-01-29,383.61,GTA064,BU001,Branch,E012784,In Use,ServiceNow CMDB,2026-05-31,2019-09-01,2026-09-01,5,500,6.31,Warranty Expired,3.0,Expiring in 12 Months,0,1,0,0,500,2,1,1,4,42.14,40.11,Medium,Accelerated,End User Computing / Branch
A0019662,VDI-019662,VDI Endpoint,Dell,Wyse 5070 Thin Client,VDI8M78ZASXGG,2021-12-26,2022-01-11,2024-12-25,408.18,QUE020,BU002,Branch,E014469,In Use,SCCM,2026-05-31,2018-05-01,2025-05-01,5,450,4.39,Warranty Expired,-13.0,Past EOL,1,0,0,0,450,2,1,1,4,31.85,56.59,High,Immediate,End User Computing / Branch
A0019665,VDI-019665,VDI Endpoint,HP,t640 Thin Client,VDIR4KGHKRUVA,2024-06-16,2024-06-25,2029-06-15,329.64,WST030,BU002,Corporate,E004932,In Use,ServiceNow CMDB,2026-05-31,2019-09-01,2026-09-01,5,500,1.94,Under Warranty,3.0,Expiring in 12 Months,0,1,0,0,500,1,1,0,8,99.51,46.98,Medium,Accelerated,End User Computing / Branch
A0019669,VDI-019669,VDI Endpoint,HP,t640 Thin Client,VDIIZSQ0K00LS,2022-11-14,2022-12-02,2026-11-13,473.23,GTA068,BU002,Branch,E008431,In Use,ServiceNow CMDB,2026-05-31,2019-09-01,2026-09-01,5,500,3.5,Under Warranty,3.0,Expiring in 12 Months,0,1,0,0,500,3,0,2,4,20.49,35.02,Medium,Accelerated,End User Computing / Branch
A0019677,VDI-019677,VDI Endpoint,Dell,Wyse 5070 Thin Client,VDI7G72FD1VKA,2020-11-07,2020-11-22,2024-11-06,315.21,GTA045,BU006,Branch,E020050,In Use,SCCM,2026-05-31,2018-05-01,2025-05-01,5,450,5.52,Warranty Expired,-13.0,Past EOL,1,0,0,0,450,3,2,0,2,14.11,55.71,High,Immediate,End User Computing / Branch
A0019684,VDI-019684,VDI Endpoint,HP,t640 Thin Client,VDIOO76B97P3D,2019-11-23,2019-12-31,2023-11-22,427.45,WST003,BU001,Branch,E009997,In Use,ServiceNow CMDB,2026-05-31,2019-09-01,2026-09-01,5,500,6.42,Warranty Expired,3.0,Expiring in 12 Months,0,1,0,0,500,1,1,0,4,26.75,35.34,Medium,Accelerated,End User Computing / Branch
A0019693,VDI-019693,VDI Endpoint,HP,t640 Thin Client,VDIF3JV87ICTJ,2020-02-14,2020-03-08,2025-02-12,395.83,WST001,BU002,Branch,E021888,In Use,ServiceNow CMDB,2026-05-31,2019-09-01,2026-09-01,5,500,6.23,Warranty Expired,3.0,Expiring in 12 Months,0,1,0,0,500,2,1,0,3,24.82,33.24,Medium,Accelerated,End User Computing / Branch
A0019704,VDI-019704,VDI Endpoint,Dell,Wyse 5070 Thin Client,VDINWCW06XPKS,2022-10-10,2022-11-02,2025-10-09,298.69,ONR019,BU001,Branch,E016625,In Use,ServiceNow CMDB,2026-05-31,2018-05-01,2025-05-01,5,450,3.58,Warranty Expired,-13.0,Past EOL,1,0,0,0,450,1,1,0,3,8.29,49.41,Medium,Immediate,End User Computing / Branch
A0019709,VDI-019709,VDI Endpoint,HP,t640 Thin Client,VDIWKPCBOP85N,2020-07-03,2020-07-04,2024-07-02,444.37,TOR002,BU006,Branch,E013278,In Use,ServiceNow CMDB,2026-05-31,2019-09-01,2026-09-01,5,500,5.91,Warranty Expired,3.0,Expiring in 12 Months,0,1,0,0,500,2,1,0,5,27.41,37.37,Medium,Accelerated,End User Computing / Branch
A0019710,VDI-019710,VDI Endpoint,HP,t640 Thin Client,VDITDPPWRAPUE,2019-02-08,2019-02-16,2022-02-07,342.07,ONR002,BU001,Branch,E014128,In Use,SCCM,2026-05-31,2019-09-01,2026-09-01,5,500,7.29,Warranty Expired,3.0,Expiring in 12 Months,0,1,0,0,500,1,1,0,5,20.13,37.01,Medium,Accelerated,End User Computing / Branch
A0019711,VDI-019711,VDI Endpoint,HP,t640 Thin Client,VDIC43RVG24UG,2023-11-08,2023-12-23,2028-11-06,362.73,GTA023,BU003,Non-Production,E004246,In Use,SCCM,2026-05-31,2019-09-01,2026-09-01,5,500,2.44,Under Warranty,3.0,Expiring in 12 Months,0,1,0,0,500,3,0,2,2,14.52,30.73,Medium,Accelerated,End User Computing / Branch
A0019715,VDI-019715,VDI Endpoint,Dell,Wyse 5070 Thin Client,VDI4FAR0OPRV4,2021-07-17,2021-08-16,2025-07-16,353.38,GTA022,BU003,Corporate,E015086,In Use,SCCM,2026-05-31,2018-05-01,2025-05-01,5,450,4.79,Warranty Expired,-13.0,Past EOL,1,0,0,0,450,3,1,1,6,39.06,60.95,High,Immediate,End User Computing / Branch
A0019737,VDI-019737,VDI Endpoint,HP,t640 Thin Client,VDI6IKN5QYFIR,2021-09-18,2021-09-19,2025-09-17,385.61,WST013,BU006,Branch,E001842,In Use,SCCM,2026-05-31,2019-09-01,2026-09-01,5,500,4.7,Warranty Expired,3.0,Expiring in 12 Months,0,1,0,0,500,2,0,2,1,7.91,28.4,Low,Accelerated,End User Computing / Branch
A0019751,VDI-019751,VDI Endpoint,HP,t640 Thin Client,VDID24RF72AFD,2019-06-09,2019-07-20,2022-06-08,339.1,ATL009,BU001,Corporate,E007682,In Use,Network Discovery,2026-05-31,2019-09-01,2026-09-01,5,500,6.87,Warranty Expired,3.0,Expiring in 12 Months,0,1,0,0,500,1,1,0,5,38.5,37.92,Medium,Accelerated,End User Computing / Branch
A0019759,VDI-019759,VDI Endpoint,HP,t640 Thin Client,VDI3XDXMVMW2H,2022-09-25,2022-09-27,2025-09-24,361.13,GTA039,BU003,Corporate,E007364,In Use,SCCM,2026-05-31,2019-09-01,2026-09-01,5,500,3.68,Warranty Expired,3.0,Expiring in 12 Months,0,1,0,0,500,1,1,0,5,33.64,37.68,Medium,Accelerated,End User Computing / Branch
A0019761,VDI-019761,VDI Endpoint,HP,t640 Thin Client,VDIIEWMZEGX1Y,2019-09-23,2019-10-28,2024-09-21,420.63,ONR018,BU004,Branch,E009412,In Use,Intune,2026-05-31,2019-09-01,2026-09-01,5,500,6.6,Warranty Expired,3.0,Expiring in 12 Months,0,1,0,0,500,1,1,0,2,13.43,30.67,Medium,Accelerated,End User Computing / Branch
A0019763,VDI-019763,VDI Endpoint,Dell,Wyse 5070 Thin Client,VDI99IAJEQ4TB,2022-05-05,2022-05-09,2027-05-04,388.02,GTA049,BU009,Corporate,E001131,In Use,ServiceNow CMDB,2026-05-31,2018-05-01,2025-05-01,5,450,4.07,Under Warranty,-13.0,Past EOL,1,0,0,0,450,3,1,1,4,29.23,56.46,High,Immediate,End User Computing / Branch
A0019775,VDI-019775,VDI Endpoint,Dell,Wyse 5070 Thin Client,VDIT5PXEVA445,2018-03-16,2018-04-09,2022-03-15,393.61,GTA046,BU003,Branch,E020483,In Use,Network Discovery,2026-05-31,2018-05-01,2025-05-01,5,450,8.15,Warranty Expired,-13.0,Past EOL,1,0,0,0,450,2,1,0,3,23.34,50.17,Medium,Immediate,End User Computing / Branch
A0019782,VDI-019782,VDI Endpoint,HP,t640 Thin Client,VDIE6IZY2XBPZ,2021-12-27,2022-01-21,2025-12-26,452.28,GTA022,BU001,Branch,E014174,In Use,ServiceNow CMDB,2026-05-31,2019-09-01,2026-09-01,5,500,4.36,Warranty Expired,3.0,Expiring in 12 Months,0,1,0,0,500,2,1,0,5,28.52,37.43,Medium,Accelerated,End User Computing / Branch
A0019786,VDI-019786,VDI Endpoint,HP,t640 Thin Client,VDIMZD80RTQIM,2021-06-15,2021-06-24,2025-06-14,348.1,GTA017,BU002,Production,E015269,In Use,Network Discovery,2026-05-31,2019-09-01,2026-09-01,5,500,4.94,Warranty Expired,3.0,Expiring in 12 Months,0,1,0,0,500,2,1,0,4,29.0,35.45,Medium,Accelerated,End User Computing / Branch
A0019790,VDI-019790,VDI Endpoint,HP,t640 Thin Client,VDIYHO5DENXDB,2021-03-13,2021-03-27,2024-03-12,344.77,QUE002,BU003,Branch,E018260,In Use,ServiceNow CMDB,2026-05-31,2019-09-01,2026-09-01,5,500,5.18,Warranty Expired,3.0,Expiring in 12 Months,0,1,0,0,500,3,0,2,5,20.1,37.01,Medium,Accelerated,End User Computing / Branch
A0019797,VDI-019797,VDI Endpoint,HP,t640 Thin Client,VDI34ZN9Q1IKL,2019-01-30,2019-02-26,2023-01-29,360.76,ONR018,BU005,Branch,E006640,In Use,SCCM,2026-05-31,2019-09-01,2026-09-01,5,500,7.26,Warranty Expired,3.0,Expiring in 12 Months,0,1,0,0,500,2,1,0,6,52.21,40.61,Medium,Accelerated,End User Computing / Branch
A0019808,VDI-019808,VDI Endpoint,HP,t640 Thin Client,VDI3Z9O2YKDBD,2020-06-03,2020-07-16,2024-06-02,350.86,QUE021,BU003,Corporate,E014830,In Use,ServiceNow CMDB,2026-05-31,2019-09-01,2026-09-01,5,500,5.88,Warranty Expired,3.0,Expiring in 12 Months,0,1,0,0,500,3,0,2,4,30.39,35.52,Medium,Accelerated,End User Computing / Branch
A0019814,VDI-019814,VDI Endpoint,HP,t640 Thin Client,VDIGC6LK1WVZG,2022-03-17,2022-03-22,2025-03-16,373.35,WST005,BU005,Branch,E008357,In Use,Intune,2026-05-31,2019-09-01,2026-09-01,5,500,4.2,Warranty Expired,3.0,Expiring in 12 Months,0,1,0,0,500,1,1,0,3,29.57,33.48,Medium,Accelerated,End User Computing / Branch
A0019818,VDI-019818,VDI Endpoint,HP,t640 Thin Client,VDIUX0B7M0LHV,2022-05-16,2022-05-17,2025-05-15,404.84,GTA066,BU004,Branch,E019171,In Use,ServiceNow CMDB,2026-05-31,2019-09-01,2026-09-01,5,500,4.04,Warranty Expired,3.0,Expiring in 12 Months,0,1,0,0,500,1,1,0,4,25.7,35.28,Medium,Accelerated,End User Computing / Branch
A0019821,VDI-019821,VDI Endpoint,Dell,Wyse 5070 Thin Client,VDIL4UHOXYW20,2021-08-15,2021-08-24,2025-08-14,405.98,GTA008,BU005,Production,E012100,In Use,ServiceNow CMDB,2026-05-31,2018-05-01,2025-05-01,5,450,4.77,Warranty Expired,-13.0,Past EOL,1,0,0,0,450,2,1,0,9,66.66,64.33,High,Immediate,End User Computing / Branch
A0019824,VDI-019824,VDI Endpoint,HP,t640 Thin Client,VDIJNLKS47FSQ,2020-11-19,2020-11-26,2024-11-18,393.31,QUE004,BU001,Disaster Recovery,E008701,In Use,ServiceNow CMDB,2026-05-31,2019-09-01,2026-09-01,5,500,5.51,Warranty Expired,3.0,Expiring in 12 Months,0,1,0,0,500,2,1,0,3,11.88,32.59,Medium,Accelerated,End User Computing / Branch
A0019837,VDI-019837,VDI Endpoint,Dell,Wyse 5070 Thin Client,VDI1Y1IA0KQ5G,2021-06-19,2021-07-16,2025-06-18,401.99,GTA041,BU009,Corporate,E013785,In Stock,ServiceNow CMDB,2026-05-31,2018-05-01,2025-05-01,5,450,4.88,Warranty Expired,-13.0,Past EOL,1,0,0,0,450,2,0,2,1,5.08,45.25,Medium,Immediate,End User Computing / Branch
A0019843,VDI-019843,VDI Endpoint,HP,t640 Thin Client,VDI02SSAWVAGJ,2022-05-16,2022-06-25,2025-05-15,342.75,WST002,BU005,Production,E004833,In Use,ServiceNow CMDB,2026-05-31,2019-09-01,2026-09-01,5,500,3.94,Warranty Expired,3.0,Expiring in 12 Months,0,1,0,0,500,1,1,0,4,26.04,35.3,Medium,Accelerated,End User Computing / Branch
A0019845,VDI-019845,VDI Endpoint,HP,t640 Thin Client,VDISWTJBK2ZO1,2019-05-01,2019-05-25,2023-04-30,402.53,ONR002,BU002,Non-Production,E011330,In Use,ServiceNow CMDB,2026-05-31,2019-09-01,2026-09-01,5,500,7.02,Warranty Expired,3.0,Expiring in 12 Months,0,1,0,0,500,4,0,2,6,22.36,39.12,Medium,Accelerated,End User Computing / Branch
A0019858,VDI-019858,VDI Endpoint,Dell,Wyse 5070 Thin Client,VDI228IS1C9GB,2023-07-14,2023-08-13,2027-07-13,393.69,QUE015,BU001,Corporate,E014140,In Use,ServiceNow CMDB,2026-05-31,2018-05-01,2025-05-01,5,450,2.8,Under Warranty,-13.0,Past EOL,1,0,0,0,450,1,1,0,2,3.25,47.16,Medium,Immediate,End User Computing / Branch
A0019873,VDI-019873,VDI Endpoint,HP,t640 Thin Client,VDI6NYZJC7DBW,2024-01-02,2024-02-10,2027-01-01,456.44,GTA003,BU004,Branch,E005782,In Use,ServiceNow CMDB,2026-05-31,2019-09-01,2026-09-01,5,500,2.31,Under Warranty,3.0,Expiring in 12 Months,0,1,0,0,500,1,1,0,4,20.74,35.04,Medium,Accelerated,End User Computing / Branch
A0019883,VDI-019883,VDI Endpoint,HP,t640 Thin Client,VDI922DTEFODA,2024-04-02,2024-05-13,2029-04-01,393.76,ONR020,BU001,Branch,E005690,In Use,Intune,2026-05-31,2019-09-01,2026-09-01,5,500,2.05,Under Warranty,3.0,Expiring in 12 Months,0,1,0,0,500,2,1,0,2,9.65,30.48,Medium,Accelerated,End User Computing / Branch
A0019888,VDI-019888,VDI Endpoint,HP,t640 Thin Client,VDI4VRAXGJEFY,2018-05-05,2018-06-18,2022-05-04,416.21,ATL014,BU001,Corporate,E017222,In Use,ServiceNow CMDB,2026-05-31,2019-09-01,2026-09-01,5,500,7.96,Warranty Expired,3.0,Expiring in 12 Months,0,1,0,0,500,3,1,0,6,51.7,40.58,Medium,Accelerated,End User Computing / Branch
A0019895,VDI-019895,VDI Endpoint,Dell,Wyse 5070 Thin Client,VDIX7YZ5ZN5L7,2023-11-18,2023-12-26,2028-11-16,364.23,GTA013,BU005,Corporate,E019751,In Use,SCCM,2026-05-31,2018-05-01,2025-05-01,5,450,2.43,Under Warranty,-13.0,Past EOL,1,0,0,0,450,2,1,0,4,13.82,51.69,Medium,Immediate,End User Computing / Branch
A0019906,VDI-019906,VDI Endpoint,Dell,Wyse 5070 Thin Client,VDINH8S7XGQMW,2022-04-08,2022-05-13,2025-04-07,332.76,ONR005,BU003,Branch,E006700,In Use,Intune,2026-05-31,2018-05-01,2025-05-01,5,450,4.05,Warranty Expired,-13.0,Past EOL,1,0,0,0,450,1,1,0,5,25.97,54.3,Medium,Immediate,End User Computing / Branch
A0019945,VDI-019945,VDI Endpoint,Dell,Wyse 5070 Thin Client,VDITIY51SPVNZ,2018-09-04,2018-10-03,2021-09-03,407.29,GTA048,BU007,Corporate,E001430,In Stock,ServiceNow CMDB,2026-05-31,2018-05-01,2025-05-01,5,450,7.66,Warranty Expired,-13.0,Past EOL,1,0,0,0,450,1,1,0,5,26.96,54.35,Medium,Immediate,End User Computing / Branch
A0019952,VDI-019952,VDI Endpoint,HP,t640 Thin Client,VDIL07D16TEXL,2024-01-25,2024-02-21,2028-01-24,429.4,ATL003,BU002,Branch,E013537,In Use,ServiceNow CMDB,2026-05-31,2019-09-01,2026-09-01,5,500,2.28,Under Warranty,3.0,Expiring in 12 Months,0,1,0,0,500,2,1,0,2,8.59,30.43,Medium,Accelerated,End User Computing / Branch
A0019973,VDI-019973,VDI Endpoint,HP,t640 Thin Client,VDISXV93Y7I12,2019-11-20,2019-12-14,2024-11-18,377.97,TOR004,BU001,Branch,E019956,In Use,SCCM,2026-05-31,2019-09-01,2026-09-01,5,500,6.47,Warranty Expired,3.0,Expiring in 12 Months,0,1,0,0,500,1,1,0,2,19.12,30.96,Medium,Accelerated,End User Computing / Branch
A0019978,VDI-019978,VDI Endpoint,HP,t640 Thin Client,VDI38UA881GO5,2019-07-22,2019-07-23,2023-07-21,366.78,GTA010,BU001,Corporate,E016271,In Use,Network Discovery,2026-05-31,2019-09-01,2026-09-01,5,500,6.86,Warranty Expired,3.0,Expiring in 12 Months,0,1,0,0,500,1,1,0,5,21.3,37.06,Medium,Accelerated,End User Computing / Branch
A0019980,VDI-019980,VDI Endpoint,Dell,Wyse 5070 Thin Client,VDI79GHEYCAL1,2021-01-29,2021-03-13,2025-01-28,402.88,QUE022,BU003,Corporate,E007887,In Use,Intune,2026-05-31,2018-05-01,2025-05-01,5,450,5.22,Warranty Expired,-13.0,Past EOL,1,0,0,0,450,1,1,0,3,26.34,50.32,Medium,Immediate,End User Computing / Branch
A0019988,VDI-019988,VDI Endpoint,Dell,Wyse 5070 Thin Client,VDI6NT86HZDIY,2021-06-23,2021-07-10,2025-06-22,417.39,ONR006,BU003,Branch,E021434,In Use,SCCM,2026-05-31,2018-05-01,2025-05-01,5,450,4.9,Warranty Expired,-13.0,Past EOL,1,0,0,0,450,1,1,0,9,50.69,63.53,High,Immediate,End User Computing / Branch
A0019998,VDI-019998,VDI Endpoint,Dell,Wyse 5070 Thin Client,VDIQ7DZJ50ZRV,2021-08-31,2021-09-30,2024-08-30,302.73,ONR010,BU006,Corporate,E016055,In Use,SCCM,2026-05-31,2018-05-01,2025-05-01,5,450,4.67,Warranty Expired,-13.0,Past EOL,1,0,0,0,450,1,1,0,3,34.94,50.75,Medium,Immediate,End User Computing / Branch
A0020003,SRV-020003,Server,Lenovo,ThinkSystem SR650,SRV4WUZZ2BA0C,2018-07-04,2018-08-11,2023-07-03,11179.92,DC2001,BU008,Branch,E000613,In Use,ServiceNow CMDB,2026-05-31,2018-01-01,2025-01-01,5,15000,7.81,Warranty Expired,-17.0,Past EOL,1,0,0,0,15000,1,1,0,5,30.1,54.5,Medium,Immediate,Infrastructure / Network
A0020033,SRV-020033,Server,Dell,PowerEdge R650,SRVPW8UGIVA13,2019-07-09,2019-07-13,2022-07-08,11694.36,DC2001,BU002,Corporate,E002252,In Use,ServiceNow CMDB,2026-05-31,2021-06-01,2027-06-01,5,12500,6.89,Warranty Expired,12.0,Expiring in 12 Months,0,1,0,0,12500,2,0,2,7,51.97,42.6,Medium,Accelerated,Infrastructure / Network
A0020041,SRV-020041,Server,Lenovo,ThinkSystem SR650,SRVNBO71QLREJ,2022-10-27,2022-12-07,2025-10-26,11434.57,DR1001,BU002,Non-Production,E012022,In Use,ServiceNow CMDB,2026-05-31,2018-01-01,2025-01-01,5,15000,3.49,Warranty Expired,-17.0,Past EOL,1,0,0,0,15000,2,0,2,2,24.12,48.21,Medium,Immediate,Infrastructure / Network
A0020046,SRV-020046,Server,Dell,PowerEdge R650,SRVM0MU3T3U3B,2019-02-16,2019-02-24,2022-02-15,8830.8,DC1001,BU001,Production,E013306,In Use,ServiceNow CMDB,2026-05-31,2021-06-01,2027-06-01,5,12500,7.27,Warranty Expired,12.0,Expiring in 12 Months,0,1,0,0,12500,2,0,2,8,34.14,43.71,Medium,Accelerated,Infrastructure / Network
A0020047,SRV-020047,Server,Dell,PowerEdge R750,SRVPZZSNTJNCT,2021-05-07,2021-06-20,2024-05-06,17079.87,DC1001,BU001,Branch,E021157,In Use,SCCM,2026-05-31,2021-06-01,2027-06-01,5,18500,4.95,Warranty Expired,12.0,Expiring in 12 Months,0,1,0,0,18500,1,1,0,5,35.29,37.76,Medium,Accelerated,Infrastructure / Network
A0020048,SRV-020048,Server,Lenovo,ThinkSystem SR650,SRVVHN48HZS95,2023-08-21,2023-09-01,2026-08-20,10550.41,DR1001,BU002,Production,E000187,In Use,ServiceNow CMDB,2026-05-31,2018-01-01,2025-01-01,5,15000,2.75,Under Warranty,-17.0,Past EOL,1,0,0,0,15000,2,0,2,4,24.08,52.2,Medium,Immediate,Infrastructure / Network
A0020055,SRV-020055,Server,Lenovo,ThinkSystem SR650,SRVR9HVVFG1DY,2023-08-28,2023-09-20,2027-08-27,11024.19,DC2001,BU007,Branch,E021703,In Repair,Intune,2026-05-31,2018-01-01,2025-01-01,5,15000,2.7,Under Warranty,-17.0,Past EOL,1,0,0,0,15000,1,1,0,2,16.36,47.82,Medium,Immediate,Infrastructure / Network
A0020068,SRV-020068,Server,Dell,PowerEdge R750,SRVBQ1X997S1G,2022-04-15,2022-04-22,2025-04-14,16039.75,DR1001,BU001,Branch,E021479,In Use,SCCM,2026-05-31,2021-06-01,2027-06-01,5,18500,4.11,Warranty Expired,12.0,Expiring in 12 Months,0,1,0,0,18500,2,1,0,4,36.3,35.82,Medium,Accelerated,Infrastructure / Network
A0020069,SRV-020069,Server,Dell,PowerEdge R650,SRVG3KRGW5IOO,2018-12-12,2018-12-18,2022-12-11,8212.94,DC1001,BU004,Corporate,E021580,In Use,Network Discovery,2026-05-31,2021-06-01,2027-06-01,5,12500,7.46,Warranty Expired,12.0,Expiring in 12 Months,0,1,0,0,12500,1,1,0,5,13.39,36.67,Medium,Accelerated,Infrastructure / Network
A0020075,SRV-020075,Server,Dell,PowerEdge R750,SRVTLFSOXYTAB,2020-02-15,2020-02-16,2023-02-14,14140.24,DC2001,BU004,Production,E018061,In Use,Network Discovery,2026-05-31,2021-06-01,2027-06-01,5,18500,6.29,Warranty Expired,12.0,Expiring in 12 Months,0,1,0,0,18500,1,1,0,4,13.78,34.69,Medium,Accelerated,Infrastructure / Network
A0020159,SRV-020159,Server,Lenovo,ThinkSystem SR650,SRV2LGHJY67SK,2024-06-12,2024-07-18,2027-06-12,11793.42,DC2001,BU001,Non-Production,E007085,In Use,ServiceNow CMDB,2026-05-31,2018-01-01,2025-01-01,5,15000,1.87,Under Warranty,-17.0,Past EOL,1,0,0,0,15000,2,1,1,3,35.79,54.79,Medium,Immediate,Infrastructure / Network
A0020176,SRV-020176,Server,Dell,PowerEdge R650,SRVH54TTEDVJ1,2021-06-23,2021-07-18,2026-06-22,11716.78,DR1001,BU001,Production,E011907,In Use,SCCM,2026-05-31,2021-06-01,2027-06-01,5,12500,4.87,Under Warranty,12.0,Expiring in 12 Months,0,1,0,0,12500,1,1,0,4,26.27,35.31,Medium,Accelerated,Infrastructure / Network
A0020180,SRV-020180,Server,Dell,PowerEdge R750,SRVOGBRZ3ALN9,2021-01-27,2021-02-16,2025-01-26,15354.17,DC1001,BU002,Production,E006751,In Use,Intune,2026-05-31,2021-06-01,2027-06-01,5,18500,5.29,Warranty Expired,12.0,Expiring in 12 Months,0,1,0,0,18500,1,1,0,3,16.07,32.8,Medium,Accelerated,Infrastructure / Network
A0020184,SRV-020184,Server,Dell,PowerEdge R650,SRVYFT7R7G3T0,2022-04-21,2022-05-20,2025-04-20,11035.33,DC1001,BU004,Branch,E006990,In Use,ServiceNow CMDB,2026-05-31,2021-06-01,2027-06-01,5,12500,4.04,Warranty Expired,12.0,Expiring in 12 Months,0,1,0,0,12500,2,1,0,4,20.38,35.02,Medium,Accelerated,Infrastructure / Network
A0020185,SRV-020185,Server,Lenovo,ThinkSystem SR650,SRVW4V7E9MV1I,2021-08-30,2021-09-23,2024-08-29,10565.26,DC1001,BU007,Branch,E012019,In Use,ServiceNow CMDB,2026-05-31,2018-01-01,2025-01-01,5,15000,4.69,Warranty Expired,-17.0,Past EOL,1,0,0,0,15000,1,1,0,2,20.88,48.04,Medium,Immediate,Infrastructure / Network
A0020217,SRV-020217,Server,HPE,ProLiant DL380 Gen10,SRVAPD2LSL5YU,2021-05-30,2021-06-12,2024-05-29,13438.73,DR1001,BU001,Production,E014778,In Use,ServiceNow CMDB,2026-05-31,2017-07-01,2024-07-01,5,16000,4.97,Warranty Expired,-23.0,Past EOL,1,0,0,0,16000,2,1,0,5,26.88,54.34,Medium,Immediate,Infrastructure / Network
A0020223,SRV-020223,Server,HPE,ProLiant DL380 Gen10,SRV51NMVQWFZZ,2019-04-09,2019-05-05,2024-04-07,12699.5,DC2001,BU002,Production,E015124,In Use,ServiceNow CMDB,2026-05-31,2017-07-01,2024-07-01,5,16000,7.08,Warranty Expired,-23.0,Past EOL,1,0,0,0,16000,2,1,1,6,22.57,60.13,High,Immediate,Infrastructure / Network
A0020235,SRV-020235,Server,Dell,PowerEdge R650,SRV7A8O8TROQD,2020-04-24,2020-06-03,2024-04-23,8210.42,DR1001,BU001,Production,E015511,Retired Pending Disposal,ServiceNow CMDB,2026-05-31,2021-06-01,2027-06-01,5,12500,6.0,Warranty Expired,12.0,Expiring in 12 Months,0,1,0,0,12500,3,2,1,2,6.12,42.31,Medium,Accelerated,Infrastructure / Network
A0020238,SRV-020238,Server,HPE,ProLiant DL380 Gen10,SRVLCBZIANW7G,2023-05-04,2023-05-22,2026-05-03,13061.56,DC2001,BU009,Production,E003206,In Use,Intune,2026-05-31,2017-07-01,2024-07-01,5,16000,3.03,Warranty Expired,-23.0,Past EOL,1,0,0,0,16000,1,1,0,6,50.97,57.55,High,Immediate,Infrastructure / Network
A0020246,SRV-020246,Server,Dell,PowerEdge R750,SRVKTX2KRRIGZ,2024-11-26,2024-11-28,2028-11-25,12732.72,DC2001,BU001,Branch,E007534,In Use,SCCM,2026-05-31,2021-06-01,2027-06-01,5,18500,1.51,Under Warranty,12.0,Expiring in 12 Months,0,1,0,0,18500,2,2,0,6,28.2,47.41,Medium,Accelerated,Infrastructure / Network
A0020259,SRV-020259,Server,Dell,PowerEdge R750,SRV3XMV5ZAGZ7,2022-08-27,2022-09-19,2025-08-26,13683.71,DC1001,BU003,Production,E009552,In Repair,ServiceNow CMDB,2026-05-31,2021-06-01,2027-06-01,5,18500,3.7,Warranty Expired,12.0,Expiring in 12 Months,0,1,0,0,18500,2,1,0,7,52.5,42.62,Medium,Accelerated,Infrastructure / Network
A0020265,SRV-020265,Server,Dell,PowerEdge R650,SRVGTIKOO5KOT,2022-07-12,2022-07-30,2027-07-11,9886.45,DR1001,BU002,Branch,E002094,In Use,Network Discovery,2026-05-31,2021-06-01,2027-06-01,5,12500,3.84,Under Warranty,12.0,Expiring in 12 Months,0,1,0,0,12500,2,1,0,2,11.82,30.59,Medium,Accelerated,Infrastructure / Network
A0020272,SRV-020272,Server,Lenovo,ThinkSystem SR650,SRV1Z5C4PRNTL,2020-03-22,2020-04-16,2023-03-22,12807.01,DC1001,BU001,Branch,E018355,In Use,ServiceNow CMDB,2026-05-31,2018-01-01,2025-01-01,5,15000,6.13,Warranty Expired,-17.0,Past EOL,1,0,0,0,15000,2,1,1,2,2.24,51.11,Medium,Immediate,Infrastructure / Network
A0020276,SRV-020276,Server,Dell,PowerEdge R650,SRVKT8RLCAPYF,2023-10-30,2023-11-29,2028-10-28,11065.03,DC1001,BU010,Corporate,E014990,In Use,ServiceNow CMDB,2026-05-31,2021-06-01,2027-06-01,5,12500,2.51,Under Warranty,12.0,Expiring in 12 Months,0,1,0,0,12500,4,1,1,7,51.31,46.57,Medium,Accelerated,Infrastructure / Network
A0020280,SRV-020280,Server,Dell,PowerEdge R750,SRVJF4T65TSWR,2021-12-17,2022-01-10,2026-12-16,16602.89,DC1001,BU002,Corporate,E004840,In Use,ServiceNow CMDB,2026-05-31,2021-06-01,2027-06-01,5,18500,4.39,Under Warranty,12.0,Expiring in 12 Months,0,1,0,0,18500,1,1,0,5,24.5,37.22,Medium,Accelerated,Infrastructure / Network
A0020290,SRV-020290,Server,Lenovo,ThinkSystem SR650,SRVFW84PYOY5F,2021-03-19,2021-04-17,2024-03-18,13508.52,DC2001,BU005,Corporate,E002427,In Use,ServiceNow CMDB,2026-05-31,2018-01-01,2025-01-01,5,15000,5.13,Warranty Expired,-17.0,Past EOL,1,0,0,0,15000,1,1,0,5,28.66,54.43,Medium,Immediate,Infrastructure / Network
A0020327,SRV-020327,Server,Dell,PowerEdge R750,SRVT7R31PJ79E,2018-05-16,2018-05-30,2021-05-15,15812.8,DC1001,BU002,Branch,E005081,In Use,ServiceNow CMDB,2026-05-31,2021-06-01,2027-06-01,5,18500,8.01,Warranty Expired,12.0,Expiring in 12 Months,0,1,0,0,18500,2,1,0,6,43.11,40.16,Medium,Accelerated,Infrastructure / Network
A0020331,SRV-020331,Server,HPE,ProLiant DL380 Gen10,SRVE2213H74QV,2018-08-29,2018-10-01,2022-08-28,14286.22,DC1001,BU003,Production,E019266,In Use,Intune,2026-05-31,2017-07-01,2024-07-01,5,16000,7.67,Warranty Expired,-23.0,Past EOL,1,0,0,0,16000,2,0,2,4,22.8,52.14,Medium,Immediate,Infrastructure / Network
A0020354,SRV-020354,Server,Dell,PowerEdge R750,SRV6AUV1WGFL5,2020-08-08,2020-08-31,2023-08-08,12553.75,DR1001,BU001,Production,E017353,In Use,SCCM,2026-05-31,2021-06-01,2027-06-01,5,18500,5.75,Warranty Expired,12.0,Expiring in 12 Months,0,1,0,0,18500,3,1,0,3,13.98,32.7,Medium,Accelerated,Infrastructure / Network
A0020355,SRV-020355,Server,HPE,ProLiant DL380 Gen10,SRVIWBNTWF156,2019-11-12,2019-12-16,2024-11-10,10736.19,DC1001,BU001,Corporate,E006270,In Use,SCCM,2026-05-31,2017-07-01,2024-07-01,5,16000,6.46,Warranty Expired,-23.0,Past EOL,1,0,0,0,16000,1,1,0,1,6.07,45.3,Medium,Immediate,Infrastructure / Network
A0020364,SRV-020364,Server,Lenovo,ThinkSystem SR650,SRVYNYLXPNG2V,2021-03-03,2021-04-09,2025-03-02,11014.45,DC1001,BU001,Production,E003753,In Use,Intune,2026-05-31,2018-01-01,2025-01-01,5,15000,5.15,Warranty Expired,-17.0,Past EOL,1,0,0,0,15000,3,1,1,4,29.69,56.48,High,Immediate,Infrastructure / Network
A0020368,SRV-020368,Server,Dell,PowerEdge R750,SRVYR8YTV4W9R,2021-03-17,2021-04-22,2025-03-16,16819.78,DC1001,BU005,Production,E019736,In Use,Intune,2026-05-31,2021-06-01,2027-06-01,5,18500,5.11,Warranty Expired,12.0,Expiring in 12 Months,0,1,0,0,18500,1,1,0,3,18.04,32.9,Medium,Accelerated,Infrastructure / Network
A0020390,SRV-020390,Server,Lenovo,ThinkSystem SR650,SRVRJJVS6OBQI,2022-04-08,2022-05-05,2026-04-07,10032.18,DC2001,BU006,Production,E018817,In Use,ServiceNow CMDB,2026-05-31,2018-01-01,2025-01-01,5,15000,4.08,Warranty Expired,-17.0,Past EOL,1,0,0,0,15000,1,1,0,4,16.53,51.83,Medium,Immediate,Infrastructure / Network
A0020405,SRV-020405,Server,Dell,PowerEdge R650,SRVESM34LIDGL,2019-09-05,2019-09-30,2022-09-04,9923.05,DR1001,BU001,Production,E019530,In Use,Network Discovery,2026-05-31,2021-06-01,2027-06-01,5,12500,6.67,Warranty Expired,12.0,Expiring in 12 Months,0,1,0,0,12500,2,1,0,7,41.39,42.07,Medium,Accelerated,Infrastructure / Network
A0020407,SRV-020407,Server,Lenovo,ThinkSystem SR650,SRVTHCB8OABO3,2018-03-18,2018-04-16,2023-03-17,12593.55,DC2001,BU002,Branch,E003014,In Use,ServiceNow CMDB,2026-05-31,2018-01-01,2025-01-01,5,15000,8.13,Warranty Expired,-17.0,Past EOL,1,0,0,0,15000,2,0,2,6,41.05,57.05,High,Immediate,Infrastructure / Network
A0020420,SRV-020420,Server,Dell,PowerEdge R750,SRVMAZ7DM5XCK,2021-10-08,2021-10-27,2024-10-07,14046.46,DC2001,BU001,Production,E019293,In Use,Network Discovery,2026-05-31,2021-06-01,2027-06-01,5,18500,4.6,Warranty Expired,12.0,Expiring in 12 Months,0,1,0,0,18500,1,1,0,7,44.32,42.22,Medium,Accelerated,Infrastructure / Network
A0020426,SRV-020426,Server,Dell,PowerEdge R750,SRVEPXQWA8FOM,2020-04-06,2020-05-15,2023-04-06,14102.49,DC2001,BU002,Branch,E019768,In Use,SCCM,2026-05-31,2021-06-01,2027-06-01,5,18500,6.05,Warranty Expired,12.0,Expiring in 12 Months,0,1,0,0,18500,1,1,0,7,45.74,42.29,Medium,Accelerated,Infrastructure / Network
A0020428,SRV-020428,Server,Dell,PowerEdge R650,SRVRCBV6H0NUV,2018-01-15,2018-02-14,2021-01-14,10012.72,DC1001,BU001,Branch,E011420,In Use,SCCM,2026-05-31,2021-06-01,2027-06-01,5,12500,8.3,Warranty Expired,12.0,Expiring in 12 Months,0,1,0,0,12500,1,1,0,6,32.72,39.64,Medium,Accelerated,Infrastructure / Network
A0020429,SRV-020429,Server,Lenovo,ThinkSystem SR650,SRVZC057KJB8L,2020-09-28,2020-09-29,2023-09-28,12312.6,DC2001,BU003,Production,E008102,In Use,Network Discovery,2026-05-31,2018-01-01,2025-01-01,5,15000,5.67,Warranty Expired,-17.0,Past EOL,1,0,0,0,15000,1,1,0,4,32.5,52.62,Medium,Immediate,Infrastructure / Network
A0020452,SRV-020452,Server,Dell,PowerEdge R650,SRVXSPUM101QM,2020-02-18,2020-02-27,2025-02-16,8302.6,DC2001,BU001,Disaster Recovery,E018810,In Use,SCCM,2026-05-31,2021-06-01,2027-06-01,5,12500,6.26,Warranty Expired,12.0,Expiring in 12 Months,0,1,0,0,12500,2,1,0,5,42.68,38.13,Medium,Accelerated,Infrastructure / Network
A0020454,SRV-020454,Server,Dell,PowerEdge R750,SRV0P9B1KKQCN,2024-05-30,2024-06-30,2027-05-30,12815.55,DC2001,BU002,Branch,E004710,In Use,ServiceNow CMDB,2026-05-31,2021-06-01,2027-06-01,5,18500,1.92,Under Warranty,12.0,Expiring in 12 Months,0,1,0,0,18500,3,1,1,4,30.0,39.5,Medium,Accelerated,Infrastructure / Network
A0020461,SRV-020461,Server,Lenovo,ThinkSystem SR650,SRV94LTIBGAPE,2019-11-17,2019-11-27,2022-11-16,10298.02,DR1001,BU002,Production,E005255,In Use,ServiceNow CMDB,2026-05-31,2018-01-01,2025-01-01,5,15000,6.51,Warranty Expired,-17.0,Past EOL,1,0,0,0,15000,1,1,0,4,11.9,51.6,Medium,Immediate,Infrastructure / Network
A0020492,SRV-020492,Server,HPE,ProLiant DL380 Gen10,SRV6NUQB2PQ7V,2021-03-03,2021-04-13,2026-03-02,13412.98,DC1001,BU001,Branch,E009668,In Use,ServiceNow CMDB,2026-05-31,2017-07-01,2024-07-01,5,16000,5.14,Warranty Expired,-23.0,Past EOL,1,0,0,0,16000,1,1,0,7,37.65,58.88,High,Immediate,Infrastructure / Network
A0020494,SRV-020494,Server,Dell,PowerEdge R650,SRV88G3URILFH,2022-12-25,2023-01-07,2026-12-24,11400.13,DR1001,BU004,Branch,E009165,In Use,SCCM,2026-05-31,2021-06-01,2027-06-01,5,12500,3.4,Under Warranty,12.0,Expiring in 12 Months,0,1,0,0,12500,1,1,0,3,9.63,32.48,Medium,Accelerated,Infrastructure / Network
A0020509,SRV-020509,Server,Lenovo,ThinkSystem SR650,SRVPTOS240E41,2021-12-18,2022-01-22,2024-12-17,11352.57,DC2001,BU007,Branch,E011044,In Repair,Intune,2026-05-31,2018-01-01,2025-01-01,5,15000,4.36,Warranty Expired,-17.0,Past EOL,1,0,0,0,15000,1,1,0,6,46.8,57.34,High,Immediate,Infrastructure / Network
A0020519,SRV-020519,Server,Dell,PowerEdge R650,SRV4VPYS45VRQ,2024-12-01,2024-12-06,2028-11-30,9199.93,DC2001,BU009,Branch,E018793,In Use,ServiceNow CMDB,2026-05-31,2021-06-01,2027-06-01,5,12500,1.49,Under Warranty,12.0,Expiring in 12 Months,0,1,0,0,12500,1,1,0,5,41.11,38.06,Medium,Accelerated,Infrastructure / Network
A0020532,SRV-020532,Server,Lenovo,ThinkSystem SR650,SRVUYTULCUV7N,2018-05-17,2018-05-25,2021-05-16,10562.16,DC1001,BU001,Corporate,E002873,In Use,Network Discovery,2026-05-31,2018-01-01,2025-01-01,5,15000,8.02,Warranty Expired,-17.0,Past EOL,1,0,0,0,15000,2,1,0,1,22.12,46.11,Medium,Immediate,Infrastructure / Network
A0020537,SRV-020537,Server,HPE,ProLiant DL380 Gen10,SRVY4540SF6M6,2019-02-11,2019-03-12,2022-02-10,13570.47,DC2001,BU009,Corporate,E008583,In Use,ServiceNow CMDB,2026-05-31,2017-07-01,2024-07-01,5,16000,7.23,Warranty Expired,-23.0,Past EOL,1,0,0,0,16000,1,1,0,5,25.58,54.28,Medium,Immediate,Infrastructure / Network
A0020538,SRV-020538,Server,HPE,ProLiant DL380 Gen10,SRV9GJH55QNRN,2021-08-24,2021-08-31,2025-08-23,12260.33,DR1001,BU002,Corporate,E009639,In Use,SCCM,2026-05-31,2017-07-01,2024-07-01,5,16000,4.75,Warranty Expired,-23.0,Past EOL,1,0,0,0,16000,1,1,0,5,41.7,55.08,High,Immediate,Infrastructure / Network
A0020544,SRV-020544,Server,Dell,PowerEdge R650,SRVBPCFZN769S,2024-12-03,2024-12-21,2027-12-03,10552.51,DC1001,BU001,Branch,E008828,In Use,SCCM,2026-05-31,2021-06-01,2027-06-01,5,12500,1.45,Under Warranty,12.0,Expiring in 12 Months,0,1,0,0,12500,3,0,3,3,23.94,37.2,Medium,Accelerated,Infrastructure / Network
A0020551,SRV-020551,Server,Lenovo,ThinkSystem SR650,SRV1ZFIX7BXB4,2023-09-28,2023-10-03,2026-09-27,13705.46,DR1001,BU001,Disaster Recovery,E004345,In Use,Network Discovery,2026-05-31,2018-01-01,2025-01-01,5,15000,2.66,Under Warranty,-17.0,Past EOL,1,0,0,0,15000,1,1,0,8,42.4,61.12,High,Immediate,Infrastructure / Network
A0020588,SRV-020588,Server,Lenovo,ThinkSystem SR650,SRV5O60M18G1H,2023-11-07,2023-12-07,2026-11-06,13382.4,DR1001,BU001,Production,E017796,In Use,ServiceNow CMDB,2026-05-31,2018-01-01,2025-01-01,5,15000,2.49,Under Warranty,-17.0,Past EOL,1,0,0,0,15000,1,1,0,7,28.18,58.41,High,Immediate,Infrastructure / Network
A0020596,SRV-020596,Server,Lenovo,ThinkSystem SR650,SRVCW22SG07KG,2024-12-07,2025-01-16,2027-12-07,11599.98,DC1001,BU003,Non-Production,E007229,In Use,SCCM,2026-05-31,2018-01-01,2025-01-01,5,15000,1.37,Under Warranty,-17.0,Past EOL,1,0,0,0,15000,3,2,0,3,8.4,57.42,High,Immediate,Infrastructure / Network
A0020605,SRV-020605,Server,HPE,ProLiant DL380 Gen10,SRVYN2J3LM1NZ,2018-11-02,2018-12-13,2021-11-01,12675.62,DC1001,BU001,Branch,E008324,In Use,ServiceNow CMDB,2026-05-31,2017-07-01,2024-07-01,5,16000,7.47,Warranty Expired,-23.0,Past EOL,1,0,0,0,16000,1,1,0,8,47.64,61.38,High,Immediate,Infrastructure / Network
A0020607,SRV-020607,Server,HPE,ProLiant DL380 Gen10,SRVF7J7W08437,2019-08-14,2019-09-01,2022-08-13,12622.85,DR1001,BU001,Production,E009046,In Use,ServiceNow CMDB,2026-05-31,2017-07-01,2024-07-01,5,16000,6.75,Warranty Expired,-23.0,Past EOL,1,0,0,0,16000,1,1,0,4,31.67,52.58,Medium,Immediate,Infrastructure / Network
A0020634,SRV-020634,Server,Dell,PowerEdge R750,SRV1JXEYRR7MG,2019-10-13,2019-11-15,2023-10-12,13873.23,DR1001,BU010,Corporate,E009733,In Use,ServiceNow CMDB,2026-05-31,2021-06-01,2027-06-01,5,18500,6.55,Warranty Expired,12.0,Expiring in 12 Months,0,1,0,0,18500,2,2,0,6,47.1,48.36,Medium,Accelerated,Infrastructure / Network
A0020636,SRV-020636,Server,Dell,PowerEdge R750,SRV2SIHY9JUVZ,2022-01-17,2022-01-30,2025-01-16,14236.65,DC2001,BU003,Production,E001198,In Use,Intune,2026-05-31,2021-06-01,2027-06-01,5,18500,4.34,Warranty Expired,12.0,Expiring in 12 Months,0,1,0,0,18500,2,1,1,8,38.16,47.91,Medium,Accelerated,Infrastructure / Network
A0020647,SRV-020647,Server,Dell,PowerEdge R650,SRVSHAX5Y3ET5,2024-03-27,2024-05-06,2029-03-26,8465.65,DC2001,BU001,Branch,E005486,In Use,ServiceNow CMDB,2026-05-31,2021-06-01,2027-06-01,5,12500,2.07,Under Warranty,12.0,Expiring in 12 Months,0,1,0,0,12500,1,1,0,7,43.18,42.16,Medium,Accelerated,Infrastructure / Network
A0020657,SRV-020657,Server,Dell,PowerEdge R650,SRVW26DJSH5V3,2025-06-16,2025-07-29,2028-06-15,11379.41,DC2001,BU007,Corporate,E007909,In Use,Intune,2026-05-31,2021-06-01,2027-06-01,5,12500,0.84,Under Warranty,12.0,Expiring in 12 Months,0,1,0,0,12500,2,1,0,4,18.33,34.92,Medium,Accelerated,Infrastructure / Network
A0020696,SRV-020696,Server,Dell,PowerEdge R750,SRV0KVVS1K1ZE,2024-03-15,2024-04-03,2029-03-14,14389.16,DC1001,BU001,Branch,E015662,In Use,SCCM,2026-05-31,2021-06-01,2027-06-01,5,18500,2.16,Under Warranty,12.0,Expiring in 12 Months,0,1,0,0,18500,2,1,0,5,61.43,39.07,Medium,Accelerated,Infrastructure / Network
A0020699,SRV-020699,Server,HPE,ProLiant DL380 Gen10,SRV48OT7PV0OI,2021-02-01,2021-02-10,2024-02-01,14602.8,DC1001,BU008,Corporate,E010794,In Use,Intune,2026-05-31,2017-07-01,2024-07-01,5,16000,5.31,Warranty Expired,-23.0,Past EOL,1,0,0,0,16000,1,1,0,5,12.51,53.63,Medium,Immediate,Infrastructure / Network
A0020702,SRV-020702,Server,Dell,PowerEdge R650,SRVU7YHZKUIEY,2018-10-02,2018-11-08,2021-10-01,10702.56,DC1001,BU001,Disaster Recovery,E010105,In Use,SCCM,2026-05-31,2021-06-01,2027-06-01,5,12500,7.56,Warranty Expired,12.0,Expiring in 12 Months,0,1,0,0,12500,3,1,1,4,19.74,38.99,Medium,Accelerated,Infrastructure / Network
A0020710,SRV-020710,Server,Dell,PowerEdge R650,SRVWZO9WYG3WN,2021-11-07,2021-12-09,2026-11-06,8663.77,DC1001,BU001,Production,E001540,In Use,ServiceNow CMDB,2026-05-31,2021-06-01,2027-06-01,5,12500,4.48,Under Warranty,12.0,Expiring in 12 Months,0,1,0,0,12500,2,0,2,7,54.08,42.7,Medium,Accelerated,Infrastructure / Network
A0020729,SRV-020729,Server,HPE,ProLiant DL380 Gen10,SRVSM0YM8V947,2019-07-27,2019-08-15,2022-07-26,14268.64,DC2001,BU003,Branch,E015530,In Use,ServiceNow CMDB,2026-05-31,2017-07-01,2024-07-01,5,16000,6.8,Warranty Expired,-23.0,Past EOL,1,0,0,0,16000,3,1,0,8,57.76,61.89,High,Immediate,Infrastructure / Network
A0020733,SRV-020733,Server,Lenovo,ThinkSystem SR650,SRVSDN3KTXSAD,2018-12-07,2019-01-21,2021-12-06,11921.29,DC1001,BU001,Non-Production,E019881,In Use,Network Discovery,2026-05-31,2018-01-01,2025-01-01,5,15000,7.36,Warranty Expired,-17.0,Past EOL,1,0,0,0,15000,2,1,0,5,30.02,54.5,Medium,Immediate,Infrastructure / Network
A0020734,SRV-020734,Server,Dell,PowerEdge R750,SRVFVE4GJIL4C,2025-03-18,2025-03-22,2030-03-17,16949.61,DC1001,BU001,Production,E009249,In Use,SCCM,2026-05-31,2021-06-01,2027-06-01,5,18500,1.2,Under Warranty,12.0,Expiring in 12 Months,0,1,0,0,18500,1,1,0,2,8.91,30.45,Medium,Accelerated,Infrastructure / Network
A0020741,SRV-020741,Server,Dell,PowerEdge R750,SRVA2ZQD4TUUO,2020-04-22,2020-04-30,2023-04-22,12569.67,DC1001,BU002,Corporate,E013516,In Use,Intune,2026-05-31,2021-06-01,2027-06-01,5,18500,6.09,Warranty Expired,12.0,Expiring in 12 Months,0,1,0,0,18500,1,1,0,3,32.56,33.63,Medium,Accelerated,Infrastructure / Network
A0020752,SRV-020752,Server,Dell,PowerEdge R750,SRVF194W58P6E,2021-04-03,2021-04-11,2024-04-02,16706.02,DC2001,BU007,Production,E016073,In Use,Network Discovery,2026-05-31,2021-06-01,2027-06-01,5,18500,5.14,Warranty Expired,12.0,Expiring in 12 Months,0,1,0,0,18500,2,0,2,5,37.92,37.9,Medium,Accelerated,Infrastructure / Network
A0020764,SRV-020764,Server,Dell,PowerEdge R750,SRV82GGSUBACL,2023-09-03,2023-09-07,2027-09-02,14635.15,DR1001,BU002,Branch,E019490,In Use,Network Discovery,2026-05-31,2021-06-01,2027-06-01,5,18500,2.74,Under Warranty,12.0,Expiring in 12 Months,0,1,0,0,18500,2,1,0,3,34.33,33.72,Medium,Accelerated,Infrastructure / Network
A0020805,SRV-020805,Server,Dell,PowerEdge R650,SRVYOGA2TLFUO,2024-10-14,2024-11-18,2027-10-14,9011.69,DC2001,BU009,Production,E019481,In Use,ServiceNow CMDB,2026-05-31,2021-06-01,2027-06-01,5,12500,1.54,Under Warranty,12.0,Expiring in 12 Months,0,1,0,0,12500,3,1,2,6,44.3,48.22,Medium,Accelerated,Infrastructure / Network
A0020842,SRV-020842,Server,HPE,ProLiant DL380 Gen10,SRVNH0R42E7SD,2021-05-07,2021-05-15,2024-05-06,10492.31,DC1001,BU003,Corporate,E001958,In Use,ServiceNow CMDB,2026-05-31,2017-07-01,2024-07-01,5,16000,5.05,Warranty Expired,-23.0,Past EOL,1,0,0,0,16000,1,1,0,5,35.62,54.78,Medium,Immediate,Infrastructure / Network
A0020853,SRV-020853,Server,Dell,PowerEdge R650,SRV6II7JKDWUN,2020-04-05,2020-05-20,2024-04-04,11156.43,DR1001,BU004,Production,E012235,In Use,ServiceNow CMDB,2026-05-31,2021-06-01,2027-06-01,5,12500,6.03,Warranty Expired,12.0,Expiring in 12 Months,0,1,0,0,12500,1,1,0,5,28.13,37.41,Medium,Accelerated,Infrastructure / Network
A0020858,SRV-020858,Server,Dell,PowerEdge R750,SRVQZ91F993K5,2021-01-14,2021-02-04,2026-01-13,12843.23,DC2001,BU001,Branch,E001959,In Use,SCCM,2026-05-31,2021-06-01,2027-06-01,5,18500,5.32,Warranty Expired,12.0,Expiring in 12 Months,0,1,0,0,18500,1,1,0,3,9.48,32.47,Medium,Accelerated,Infrastructure / Network
A0020868,SRV-020868,Server,Lenovo,ThinkSystem SR650,SRVAZW77N672J,2024-05-24,2024-06-10,2029-05-23,13951.68,DR1001,BU001,Branch,E018438,In Use,ServiceNow CMDB,2026-05-31,2018-01-01,2025-01-01,5,15000,1.98,Under Warranty,-17.0,Past EOL,1,0,0,0,15000,1,1,0,4,14.74,51.74,Medium,Immediate,Infrastructure / Network
A0020897,SRV-020897,Server,Dell,PowerEdge R650,SRVPX8YN800JJ,2022-03-17,2022-04-10,2027-03-16,10120.03,DC2001,BU001,Corporate,E005552,In Stock,SCCM,2026-05-31,2021-06-01,2027-06-01,5,12500,4.15,Under Warranty,12.0,Expiring in 12 Months,0,1,0,0,12500,3,1,1,5,22.09,41.1,Medium,Accelerated,Infrastructure / Network
A0020906,SRV-020906,Server,Dell,PowerEdge R650,SRVV6XM839OFP,2024-01-30,2024-03-08,2027-01-29,8470.21,DC2001,BU002,Production,E010895,In Use,ServiceNow CMDB,2026-05-31,2021-06-01,2027-06-01,5,12500,2.23,Under Warranty,12.0,Expiring in 12 Months,0,1,0,0,12500,2,1,1,1,3.29,32.16,Medium,Accelerated,Infrastructure / Network
A0020928,SRV-020928,Server,Dell,PowerEdge R650,SRVNL41S7QOSI,2021-07-20,2021-08-13,2025-07-19,10172.7,DC1001,BU002,Production,E019292,In Use,Intune,2026-05-31,2021-06-01,2027-06-01,5,12500,4.8,Warranty Expired,12.0,Expiring in 12 Months,0,1,0,0,12500,2,1,0,3,25.66,33.28,Medium,Accelerated,Infrastructure / Network
A0020938,SRV-020938,Server,Lenovo,ThinkSystem SR650,SRV8UI6N1GEWS,2020-01-17,2020-02-15,2023-01-16,11177.93,DR1001,BU003,Corporate,E018903,In Use,Network Discovery,2026-05-31,2018-01-01,2025-01-01,5,15000,6.29,Warranty Expired,-17.0,Past EOL,1,0,0,0,15000,1,1,0,4,27.85,52.39,Medium,Immediate,Infrastructure / Network
A0020951,SRV-020951,Server,HPE,ProLiant DL380 Gen10,SRVPC5MSCEFW9,2020-02-01,2020-03-05,2023-01-31,13463.09,DR1001,BU007,Production,E003973,In Use,ServiceNow CMDB,2026-05-31,2017-07-01,2024-07-01,5,16000,6.24,Warranty Expired,-23.0,Past EOL,1,0,0,0,16000,1,1,0,2,13.3,47.66,Medium,Immediate,Infrastructure / Network
A0020953,SRV-020953,Server,Dell,PowerEdge R650,SRVLK8PY2TUJ5,2023-08-09,2023-08-26,2027-08-08,8979.4,DR1001,BU002,Branch,E020816,In Use,ServiceNow CMDB,2026-05-31,2021-06-01,2027-06-01,5,12500,2.77,Under Warranty,12.0,Expiring in 12 Months,0,1,0,0,12500,3,1,1,7,44.92,46.25,Medium,Accelerated,Infrastructure / Network
A0020984,SRV-020984,Server,HPE,ProLiant DL380 Gen10,SRV4ON0K64FQM,2019-04-04,2019-05-19,2022-04-03,12639.88,DR1001,BU009,Branch,E009876,In Use,Intune,2026-05-31,2017-07-01,2024-07-01,5,16000,7.04,Warranty Expired,-23.0,Past EOL,1,0,0,0,16000,1,1,0,9,37.29,62.86,High,Immediate,Infrastructure / Network
A0021013,SRV-021013,Server,Dell,PowerEdge R650,SRVZHZQN7SSIY,2020-01-30,2020-03-02,2024-01-29,8759.76,DC2001,BU004,Production,E020594,In Use,ServiceNow CMDB,2026-05-31,2021-06-01,2027-06-01,5,12500,6.25,Warranty Expired,12.0,Expiring in 12 Months,0,1,0,0,12500,1,1,0,7,33.82,41.69,Medium,Accelerated,Infrastructure / Network
A0021028,SRV-021028,Server,Lenovo,ThinkSystem SR650,SRVVACQULZU0D,2020-01-19,2020-02-03,2024-01-18,10332.81,DR1001,BU001,Branch,E017133,In Use,SCCM,2026-05-31,2018-01-01,2025-01-01,5,15000,6.33,Warranty Expired,-17.0,Past EOL,1,0,0,0,15000,2,1,1,4,26.34,56.32,High,Immediate,Infrastructure / Network
A0021035,SRV-021035,Server,Dell,PowerEdge R750,SRV9FKAKC8NGI,2023-04-13,2023-05-07,2026-04-12,12419.98,DR1001,BU005,Corporate,E010801,In Use,SCCM,2026-05-31,2021-06-01,2027-06-01,5,18500,3.07,Warranty Expired,12.0,Expiring in 12 Months,0,1,0,0,18500,2,1,1,4,22.71,39.14,Medium,Accelerated,Infrastructure / Network
A0021041,SRV-021041,Server,Dell,PowerEdge R650,SRVQHSVXDUX6Q,2021-12-21,2021-12-25,2025-12-20,8278.16,DC1001,BU009,Corporate,E017009,In Use,Network Discovery,2026-05-31,2021-06-01,2027-06-01,5,12500,4.44,Warranty Expired,12.0,Expiring in 12 Months,0,1,0,0,12500,4,1,0,5,46.79,38.34,Medium,Accelerated,Infrastructure / Network
A0021046,SRV-021046,Server,Dell,PowerEdge R750,SRVB0QOC799LD,2023-11-18,2023-12-02,2026-11-17,15509.53,DR1001,BU004,Non-Production,E000796,In Use,ServiceNow CMDB,2026-05-31,2021-06-01,2027-06-01,5,18500,2.5,Under Warranty,12.0,Expiring in 12 Months,0,1,0,0,18500,3,0,2,9,52.86,46.64,Medium,Accelerated,Infrastructure / Network
A0021048,SRV-021048,Server,Dell,PowerEdge R650,SRVTEPWYOM7FB,2025-02-18,2025-03-26,2030-02-17,8914.64,DC1001,BU002,Branch,E008611,In Use,SCCM,2026-05-31,2021-06-01,2027-06-01,5,12500,1.19,Under Warranty,12.0,Expiring in 12 Months,0,1,0,0,12500,3,1,1,3,27.42,37.37,Medium,Accelerated,Infrastructure / Network
A0021054,SRV-021054,Server,Dell,PowerEdge R650,SRVVH7LLKLZL3,2019-09-11,2019-10-08,2022-09-10,8163.07,DC2001,BU001,Branch,E012991,In Use,Intune,2026-05-31,2021-06-01,2027-06-01,5,12500,6.65,Warranty Expired,12.0,Expiring in 12 Months,0,1,0,0,12500,3,1,0,7,31.0,41.55,Medium,Accelerated,Infrastructure / Network
A0021056,SRV-021056,Server,HPE,ProLiant DL380 Gen10,SRV7QUCXQ2THK,2021-05-01,2021-06-08,2025-04-30,14565.49,DR1001,BU002,Corporate,E015170,In Use,Intune,2026-05-31,2017-07-01,2024-07-01,5,16000,4.98,Warranty Expired,-23.0,Past EOL,1,0,0,0,16000,1,1,0,6,27.58,56.38,High,Immediate,Infrastructure / Network
A0021090,SRV-021090,Server,Dell,PowerEdge R750,SRV4I0JWEDWD5,2019-02-28,2019-03-01,2022-02-27,12950.17,DC1001,BU001,Disaster Recovery,E004868,In Use,SCCM,2026-05-31,2021-06-01,2027-06-01,5,18500,7.26,Warranty Expired,12.0,Expiring in 12 Months,0,1,0,0,18500,1,1,0,3,23.2,33.16,Medium,Accelerated,Infrastructure / Network
A0021091,SRV-021091,Server,Dell,PowerEdge R750,SRV7R712TZ4M6,2021-03-29,2021-04-07,2025-03-28,12386.17,DR1001,BU001,Production,E011557,In Use,ServiceNow CMDB,2026-05-31,2021-06-01,2027-06-01,5,18500,5.15,Warranty Expired,12.0,Expiring in 12 Months,0,1,0,0,18500,1,1,0,6,38.94,39.95,Medium,Accelerated,Infrastructure / Network
A0021103,SRV-021103,Server,Dell,PowerEdge R750,SRV9H2ZEYMXNK,2020-10-20,2020-11-22,2023-10-20,14892.15,DR1001,BU001,Production,E003204,In Use,SCCM,2026-05-31,2021-06-01,2027-06-01,5,18500,5.52,Warranty Expired,12.0,Expiring in 12 Months,0,1,0,0,18500,2,1,0,3,15.05,32.75,Medium,Accelerated,Infrastructure / Network
A0021108,SRV-021108,Server,Dell,PowerEdge R650,SRVR41Q4KRLGY,2020-07-29,2020-07-31,2023-07-29,8402.72,DR1001,BU009,Corporate,E014393,In Use,SCCM,2026-05-31,2021-06-01,2027-06-01,5,12500,5.84,Warranty Expired,12.0,Expiring in 12 Months,0,1,0,0,12500,1,1,0,4,30.67,35.53,Medium,Accelerated,Infrastructure / Network
A0021111,SRV-021111,Server,HPE,ProLiant DL380 Gen10,SRVJVMW0A9TBL,2021-10-29,2021-11-25,2025-10-28,15073.63,DC1001,BU001,Production,E017084,Retired Pending Disposal,SCCM,2026-05-31,2017-07-01,2024-07-01,5,16000,4.52,Warranty Expired,-23.0,Past EOL,1,0,0,0,16000,1,1,0,3,9.05,49.45,Medium,Immediate,Infrastructure / Network
A0021120,SRV-021120,Server,HPE,ProLiant DL380 Gen10,SRV2I98MUOCPU,2023-07-08,2023-07-29,2026-07-07,13099.16,DC1001,BU002,Branch,E001882,In Use,Intune,2026-05-31,2017-07-01,2024-07-01,5,16000,2.84,Under Warranty,-23.0,Past EOL,1,0,0,0,16000,3,2,1,1,5.07,57.25,High,Immediate,Infrastructure / Network
A0021143,SRV-021143,Server,Dell,PowerEdge R750,SRV8GYEYIE71O,2020-12-19,2020-12-31,2023-12-19,13438.36,DR1001,BU001,Branch,E001114,In Use,ServiceNow CMDB,2026-05-31,2021-06-01,2027-06-01,5,18500,5.42,Warranty Expired,12.0,Expiring in 12 Months,0,1,0,0,18500,3,0,2,5,26.49,37.32,Medium,Accelerated,Infrastructure / Network
A0021208,SRV-021208,Server,Dell,PowerEdge R750,SRVDC5FWOAW90,2020-11-11,2020-12-18,2024-11-10,13328.73,DR1001,BU002,Branch,E010904,In Use,Intune,2026-05-31,2021-06-01,2027-06-01,5,18500,5.45,Warranty Expired,12.0,Expiring in 12 Months,0,1,0,0,18500,1,1,0,4,20.23,35.01,Medium,Accelerated,Infrastructure / Network
A0021212,SRV-021212,Server,HPE,ProLiant DL380 Gen10,SRVJOGBYZ8DQV,2020-07-06,2020-07-26,2023-07-06,11569.27,DR1001,BU003,Production,E013370,In Use,SCCM,2026-05-31,2017-07-01,2024-07-01,5,16000,5.85,Warranty Expired,-23.0,Past EOL,1,0,0,0,16000,2,1,1,2,8.91,51.45,Medium,Immediate,Infrastructure / Network
A0021223,SRV-021223,Server,Dell,PowerEdge R750,SRV9FIQ5N7G4E,2021-12-05,2021-12-14,2024-12-04,12508.0,DR1001,BU002,Disaster Recovery,E016143,In Stock,SCCM,2026-05-31,2021-06-01,2027-06-01,5,18500,4.47,Warranty Expired,12.0,Expiring in 12 Months,0,1,0,0,18500,1,1,0,3,9.71,32.49,Medium,Accelerated,Infrastructure / Network
A0021227,SRV-021227,Server,Lenovo,ThinkSystem SR650,SRV6RLN6QQP6R,2019-10-10,2019-11-05,2022-10-09,10124.46,DC2001,BU003,Branch,E000925,In Use,ServiceNow CMDB,2026-05-31,2018-01-01,2025-01-01,5,15000,6.57,Warranty Expired,-17.0,Past EOL,1,0,0,0,15000,2,1,0,4,16.9,51.84,Medium,Immediate,Infrastructure / Network
A0021247,SRV-021247,Server,HPE,ProLiant DL380 Gen10,SRVDXRQIOXX1N,2022-04-05,2022-05-01,2026-04-04,10710.36,DR1001,BU003,Production,E015445,In Use,Network Discovery,2026-05-31,2017-07-01,2024-07-01,5,16000,4.09,Warranty Expired,-23.0,Past EOL,1,0,0,0,16000,1,1,0,2,14.64,47.73,Medium,Immediate,Infrastructure / Network
A0021252,SRV-021252,Server,HPE,ProLiant DL380 Gen10,SRVGQY0DRBAK6,2019-05-06,2019-05-20,2022-05-05,12475.68,DC2001,BU004,Branch,E010841,In Use,ServiceNow CMDB,2026-05-31,2017-07-01,2024-07-01,5,16000,7.04,Warranty Expired,-23.0,Past EOL,1,0,0,0,16000,3,1,0,3,10.09,49.5,Medium,Immediate,Infrastructure / Network
A0021260,SRV-021260,Server,Dell,PowerEdge R650,SRV376AHDLSFC,2020-01-01,2020-01-17,2022-12-31,11769.17,DR1001,BU007,Disaster Recovery,E006273,In Stock,ServiceNow CMDB,2026-05-31,2021-06-01,2027-06-01,5,12500,6.37,Warranty Expired,12.0,Expiring in 12 Months,0,1,0,0,12500,2,1,0,2,13.47,30.67,Medium,Accelerated,Infrastructure / Network
A0021263,SRV-021263,Server,Dell,PowerEdge R650,SRVIWHT3I0FN1,2020-07-21,2020-08-26,2024-07-20,10833.21,DC2001,BU001,Production,E007741,In Use,Intune,2026-05-31,2021-06-01,2027-06-01,5,12500,5.77,Warranty Expired,12.0,Expiring in 12 Months,0,1,0,0,12500,3,1,0,3,9.04,32.45,Medium,Accelerated,Infrastructure / Network
A0021274,SRV-021274,Server,HPE,ProLiant DL380 Gen10,SRVKHZUMUF6DH,2022-04-19,2022-05-04,2025-04-18,13509.86,DC2001,BU001,Branch,E008146,In Use,Network Discovery,2026-05-31,2017-07-01,2024-07-01,5,16000,4.08,Warranty Expired,-23.0,Past EOL,1,0,0,0,16000,2,1,0,4,12.65,51.63,Medium,Immediate,Infrastructure / Network
A0021293,SRV-021293,Server,HPE,ProLiant DL380 Gen10,SRV1HYYAP8RTO,2020-01-14,2020-02-09,2024-01-13,14815.75,DR1001,BU001,Branch,E004315,In Use,ServiceNow CMDB,2026-05-31,2017-07-01,2024-07-01,5,16000,6.31,Warranty Expired,-23.0,Past EOL,1,0,0,0,16000,4,1,1,0,0.0,47.0,Medium,Immediate,Infrastructure / Network
A0021300,SRV-021300,Server,HPE,ProLiant DL380 Gen10,SRVTRORGH30IW,2025-09-01,2025-09-23,2028-08-31,15102.33,DC2001,BU002,Branch,E010700,Retired Pending Disposal,SCCM,2026-05-31,2017-07-01,2024-07-01,5,16000,0.69,Under Warranty,-23.0,Past EOL,1,0,0,0,16000,2,1,0,3,9.28,49.46,Medium,Immediate,Infrastructure / Network
A0021311,SRV-021311,Server,HPE,ProLiant DL380 Gen10,SRV00IX3NR9KP,2020-09-19,2020-10-23,2024-09-18,13838.03,DC1001,BU001,Production,E018700,In Use,Intune,2026-05-31,2017-07-01,2024-07-01,5,16000,5.61,Warranty Expired,-23.0,Past EOL,1,0,0,0,16000,1,1,0,6,31.4,56.57,High,Immediate,Infrastructure / Network
A0021319,SRV-021319,Server,Dell,PowerEdge R750,SRVTDYOKBUDN9,2023-03-12,2023-04-02,2027-03-11,14191.3,DC1001,BU002,Branch,E018738,In Use,ServiceNow CMDB,2026-05-31,2021-06-01,2027-06-01,5,18500,3.17,Under Warranty,12.0,Expiring in 12 Months,0,1,0,0,18500,1,1,0,6,47.43,40.37,Medium,Accelerated,Infrastructure / Network
A0021332,SRV-021332,Server,Lenovo,ThinkSystem SR650,SRV76BIL09IO2,2021-05-06,2021-05-19,2024-05-05,11929.88,DR1001,BU001,Production,E011452,In Use,ServiceNow CMDB,2026-05-31,2018-01-01,2025-01-01,5,15000,5.04,Warranty Expired,-17.0,Past EOL,1,0,0,0,15000,2,1,0,5,29.84,54.49,Medium,Immediate,Infrastructure / Network
A0021355,SRV-021355,Server,HPE,ProLiant DL380 Gen10,SRV129ICOKHBE,2023-08-23,2023-09-19,2027-08-22,13422.38,DR1001,BU001,Production,E009601,In Use,SCCM,2026-05-31,2017-07-01,2024-07-01,5,16000,2.7,Under Warranty,-23.0,Past EOL,1,0,0,0,16000,1,1,0,3,17.32,49.87,Medium,Immediate,Infrastructure / Network
A0021359,SRV-021359,Server,HPE,ProLiant DL380 Gen10,SRV1DUQD72JQA,2019-04-26,2019-04-29,2023-04-25,12993.25,DC1001,BU002,Branch,E018138,In Use,SCCM,2026-05-31,2017-07-01,2024-07-01,5,16000,7.09,Warranty Expired,-23.0,Past EOL,1,0,0,0,16000,1,1,0,7,29.93,58.5,High,Immediate,Infrastructure / Network
A0021361,SRV-021361,Server,Dell,PowerEdge R650,SRV9TRK4G7Y56,2018-02-19,2018-02-28,2022-02-18,10499.36,DR1001,BU007,Production,E010103,In Use,ServiceNow CMDB,2026-05-31,2021-06-01,2027-06-01,5,12500,8.26,Warranty Expired,12.0,Expiring in 12 Months,0,1,0,0,12500,2,1,0,6,33.37,39.67,Medium,Accelerated,Infrastructure / Network
A0021368,SRV-021368,Server,Dell,PowerEdge R750,SRV3G27L5X7PL,2021-02-22,2021-03-23,2025-02-21,16589.6,DR1001,BU002,Disaster Recovery,E010504,In Use,Network Discovery,2026-05-31,2021-06-01,2027-06-01,5,18500,5.19,Warranty Expired,12.0,Expiring in 12 Months,0,1,0,0,18500,1,1,0,4,24.25,35.21,Medium,Accelerated,Infrastructure / Network
A0021411,SRV-021411,Server,Dell,PowerEdge R650,SRVBIVW9H9G4H,2020-03-25,2020-04-07,2025-03-24,10268.76,DC2001,BU002,Branch,E004294,In Repair,SCCM,2026-05-31,2021-06-01,2027-06-01,5,12500,6.15,Warranty Expired,12.0,Expiring in 12 Months,0,1,0,0,12500,1,1,0,5,34.51,37.73,Medium,Accelerated,Infrastructure / Network
A0021414,SRV-021414,Server,Dell,PowerEdge R750,SRVR9YR8F09EO,2025-06-01,2025-07-09,2029-05-31,17197.45,DR1001,BU001,Production,E011542,In Use,ServiceNow CMDB,2026-05-31,2021-06-01,2027-06-01,5,18500,0.9,Under Warranty,12.0,Expiring in 12 Months,0,1,0,0,18500,1,1,0,8,30.07,43.5,Medium,Accelerated,Infrastructure / Network
A0021443,SRV-021443,Server,HPE,ProLiant DL380 Gen10,SRVXQG8LGFEFV,2018-03-27,2018-04-12,2021-03-26,14966.54,DC2001,BU004,Branch,E012315,In Use,ServiceNow CMDB,2026-05-31,2017-07-01,2024-07-01,5,16000,8.14,Warranty Expired,-23.0,Past EOL,1,0,0,0,16000,2,1,0,2,8.17,47.41,Medium,Immediate,Infrastructure / Network
A0021445,SRV-021445,Server,Dell,PowerEdge R650,SRVE5EB58B86Y,2021-05-16,2021-06-17,2026-05-15,10250.91,DC1001,BU001,Disaster Recovery,E018330,In Use,SCCM,2026-05-31,2021-06-01,2027-06-01,5,12500,4.96,Warranty Expired,12.0,Expiring in 12 Months,0,1,0,0,12500,1,1,0,5,28.01,37.4,Medium,Accelerated,Infrastructure / Network
A0021455,SRV-021455,Server,Dell,PowerEdge R750,SRVG1BD8TR2M2,2020-05-22,2020-06-14,2023-05-22,16455.3,DC1001,BU001,Branch,E005742,In Use,Intune,2026-05-31,2021-06-01,2027-06-01,5,18500,5.97,Warranty Expired,12.0,Expiring in 12 Months,0,1,0,0,18500,1,1,0,1,3.98,28.2,Low,Accelerated,Infrastructure / Network
A0021473,SRV-021473,Server,Dell,PowerEdge R650,SRVJ9QQNT174T,2021-12-19,2022-01-13,2026-12-18,11775.01,DC2001,BU008,Production,E012359,In Use,ServiceNow CMDB,2026-05-31,2021-06-01,2027-06-01,5,12500,4.38,Under Warranty,12.0,Expiring in 12 Months,0,1,0,0,12500,1,1,0,2,8.78,30.44,Medium,Accelerated,Infrastructure / Network
A0021477,SRV-021477,Server,Lenovo,ThinkSystem SR650,SRVZTCH6R9WUF,2022-11-25,2022-12-11,2027-11-24,13436.15,DC1001,BU009,Production,E017898,In Use,ServiceNow CMDB,2026-05-31,2018-01-01,2025-01-01,5,15000,3.47,Under Warranty,-17.0,Past EOL,1,0,0,0,15000,1,1,0,3,21.36,50.07,Medium,Immediate,Infrastructure / Network
A0021523,SWA-021523,Access Switch,Cisco,Catalyst 9300,SWARS7PQ451KL,2019-10-22,2019-10-25,2022-10-21,6393.6,WST030,BU007,Production,E021147,In Use,ServiceNow CMDB,2026-05-31,2017-06-01,2026-06-01,7,7800,6.6,Warranty Expired,-0.0,Past EOL,1,0,0,0,7800,1,1,0,5,33.69,54.68,Medium,Immediate,Infrastructure / Network
A0021552,SWA-021552,Access Switch,Cisco,Catalyst 9300,SWAI80G0LHK5A,2018-08-23,2018-10-05,2022-08-22,6320.14,GTA067,BU001,Production,E001229,In Use,ServiceNow CMDB,2026-05-31,2017-06-01,2026-06-01,7,7800,7.66,Warranty Expired,-0.0,Past EOL,1,0,0,0,7800,2,1,0,1,5.73,45.29,Medium,Immediate,Infrastructure / Network
A0021561,SWA-021561,Access Switch,Cisco,Catalyst 9200,SWA7DY3ZOFDXF,2020-07-01,2020-07-05,2025-06-30,4028.35,ONR007,BU002,Production,E012883,In Use,ServiceNow CMDB,2026-05-31,2019-04-01,2027-04-01,7,5200,5.91,Warranty Expired,10.0,Expiring in 12 Months,0,1,0,0,5200,2,1,0,2,5.13,30.26,Medium,Accelerated,Infrastructure / Network
A0021565,SWA-021565,Access Switch,Cisco,Catalyst 9300,SWAELG1Q4T7DP,2021-12-06,2022-01-02,2026-12-05,5165.97,WST027,BU001,Branch,E004581,In Use,Network Discovery,2026-05-31,2017-06-01,2026-06-01,7,7800,4.41,Under Warranty,-0.0,Past EOL,1,0,0,0,7800,1,1,0,10,54.89,65.74,High,Immediate,Infrastructure / Network
A0021567,SWA-021567,Access Switch,Cisco,Catalyst 9300,SWAHQTL92N2Z0,2022-12-24,2023-01-04,2025-12-23,5617.56,ATL014,BU001,Branch,E019057,In Use,ServiceNow CMDB,2026-05-31,2017-06-01,2026-06-01,7,7800,3.41,Warranty Expired,-0.0,Past EOL,1,0,0,0,7800,3,1,2,5,18.75,61.94,High,Immediate,Infrastructure / Network
A0021620,SWA-021620,Access Switch,Cisco,Catalyst 9200,SWA56DDCHYLYI,2019-11-21,2019-12-10,2022-11-20,3483.37,QUE017,BU003,Production,E016444,In Repair,Intune,2026-05-31,2019-04-01,2027-04-01,7,5200,6.48,Warranty Expired,10.0,Expiring in 12 Months,0,1,0,0,5200,1,1,0,5,35.03,37.75,Medium,Accelerated,Infrastructure / Network
A0021663,SWA-021663,Access Switch,Cisco,Catalyst 9200,SWAROCRBMYIXN,2019-05-04,2019-05-10,2022-05-03,4844.4,ONR003,BU005,Corporate,E018423,In Use,ServiceNow CMDB,2026-05-31,2019-04-01,2027-04-01,7,5200,7.06,Warranty Expired,10.0,Expiring in 12 Months,0,1,0,0,5200,1,1,0,4,36.32,35.82,Medium,Accelerated,Infrastructure / Network
A0021674,SWA-021674,Access Switch,Cisco,Catalyst 9300,SWAVP8V6ZUD8L,2019-05-30,2019-06-11,2023-05-29,6371.41,ATL004,BU004,Production,E005744,In Use,ServiceNow CMDB,2026-05-31,2017-06-01,2026-06-01,7,7800,6.98,Warranty Expired,-0.0,Past EOL,1,0,0,0,7800,2,0,2,2,19.34,47.97,Medium,Immediate,Infrastructure / Network
A0021680,SWA-021680,Access Switch,Cisco,Catalyst 9300,SWARCBWTXNZAV,2020-05-03,2020-06-05,2023-05-03,6965.76,GTA057,BU002,Production,E005150,In Use,SCCM,2026-05-31,2017-06-01,2026-06-01,7,7800,5.99,Warranty Expired,-0.0,Past EOL,1,0,0,0,7800,1,1,0,6,41.68,57.08,High,Immediate,Infrastructure / Network
A0021683,SWA-021683,Access Switch,Cisco,Catalyst 9200,SWAV1KVKFFW28,2023-09-13,2023-09-18,2026-09-12,3593.16,GTA036,BU005,Corporate,E015767,In Use,ServiceNow CMDB,2026-05-31,2019-04-01,2027-04-01,7,5200,2.7,Under Warranty,10.0,Expiring in 12 Months,0,1,0,0,5200,2,1,0,7,31.64,41.58,Medium,Accelerated,Infrastructure / Network
A0021707,SWA-021707,Access Switch,Cisco,Catalyst 9200,SWAKWZGUQCXDU,2019-04-11,2019-05-22,2024-04-09,3660.1,GTA078,BU002,Production,E001650,In Use,ServiceNow CMDB,2026-05-31,2019-04-01,2027-04-01,7,5200,7.03,Warranty Expired,10.0,Expiring in 12 Months,0,1,0,0,5200,1,1,0,7,33.08,41.65,Medium,Accelerated,Infrastructure / Network
A0021713,SWA-021713,Access Switch,Cisco,Catalyst 9300,SWAUNSEFME30I,2019-12-10,2020-01-12,2023-12-09,6255.8,GTA036,BU007,Production,E016788,In Use,Network Discovery,2026-05-31,2017-06-01,2026-06-01,7,7800,6.39,Warranty Expired,-0.0,Past EOL,1,0,0,0,7800,1,1,0,7,59.5,59.98,High,Immediate,Infrastructure / Network
A0021715,SWA-021715,Access Switch,Cisco,Catalyst 9200,SWAR4Z03Z3DGE,2022-07-14,2022-08-06,2026-07-13,4695.39,GTA062,BU002,Production,E003957,In Use,Intune,2026-05-31,2019-04-01,2027-04-01,7,5200,3.82,Under Warranty,10.0,Expiring in 12 Months,0,1,0,0,5200,2,1,0,8,72.1,45.6,Medium,Accelerated,Infrastructure / Network
A0021728,SWA-021728,Access Switch,Cisco,Catalyst 9300,SWAJSUFLBKT44,2023-03-08,2023-03-30,2026-03-07,7151.84,QUE004,BU001,Branch,E012887,In Use,ServiceNow CMDB,2026-05-31,2017-06-01,2026-06-01,7,7800,3.18,Warranty Expired,-0.0,Past EOL,1,0,0,0,7800,1,1,0,7,69.24,60.46,High,Immediate,Infrastructure / Network
A0021751,SWA-021751,Access Switch,Cisco,Catalyst 9300,SWATUIUQP0TR3,2020-10-09,2020-11-11,2023-10-09,6790.8,ONR011,BU002,Corporate,E016372,In Use,Intune,2026-05-31,2017-06-01,2026-06-01,7,7800,5.56,Warranty Expired,-0.0,Past EOL,1,0,0,0,7800,2,1,1,0,0.0,47.0,Medium,Immediate,Infrastructure / Network
A0021790,SWA-021790,Access Switch,Cisco,Catalyst 9300,SWAGPQAFHFB5I,2018-04-25,2018-04-27,2022-04-24,5308.69,GTA041,BU002,Production,E002424,In Use,Intune,2026-05-31,2017-06-01,2026-06-01,7,7800,8.1,Warranty Expired,-0.0,Past EOL,1,0,0,0,7800,3,1,0,7,42.44,59.12,High,Immediate,Infrastructure / Network
A0021808,SWA-021808,Access Switch,Cisco,Catalyst 9300,SWA4E60IUQ93W,2024-08-06,2024-08-10,2028-08-05,6324.49,GTA049,BU002,Production,E019119,In Use,SCCM,2026-05-31,2017-06-01,2026-06-01,7,7800,1.81,Under Warranty,-0.0,Past EOL,1,0,0,0,7800,2,1,0,3,11.24,49.56,Medium,Immediate,Infrastructure / Network
A0021828,SWA-021828,Access Switch,Cisco,Catalyst 9300,SWAHEQB1H4N6Z,2022-02-28,2022-03-06,2027-02-27,6621.44,GTA079,BU005,Production,E008550,In Repair,ServiceNow CMDB,2026-05-31,2017-06-01,2026-06-01,7,7800,4.24,Under Warranty,-0.0,Past EOL,1,0,0,0,7800,2,1,1,4,30.3,56.52,High,Immediate,Infrastructure / Network
A0021840,SWA-021840,Access Switch,Cisco,Catalyst 9300,SWAWR8HSXA6BD,2024-07-09,2024-07-23,2027-07-09,7399.99,GTA015,BU001,Corporate,E015800,In Use,ServiceNow CMDB,2026-05-31,2017-06-01,2026-06-01,7,7800,1.86,Under Warranty,-0.0,Past EOL,1,0,0,0,7800,2,1,1,4,40.57,57.03,High,Immediate,Infrastructure / Network
A0021860,SWA-021860,Access Switch,Cisco,Catalyst 9200,SWAW0L8UWAHEO,2021-12-05,2022-01-15,2026-12-04,3428.66,ATL003,BU001,Branch,E005329,In Use,ServiceNow CMDB,2026-05-31,2019-04-01,2027-04-01,7,5200,4.38,Under Warranty,10.0,Expiring in 12 Months,0,1,0,0,5200,1,1,0,3,26.26,33.31,Medium,Accelerated,Infrastructure / Network
A0021862,SWA-021862,Access Switch,Cisco,Catalyst 9200,SWAEC7YE8WVLV,2022-07-28,2022-08-15,2026-07-27,4415.62,GTA020,BU001,Production,E006892,In Use,Network Discovery,2026-05-31,2019-04-01,2027-04-01,7,5200,3.8,Under Warranty,10.0,Expiring in 12 Months,0,1,0,0,5200,2,1,1,3,23.32,37.17,Medium,Accelerated,Infrastructure / Network
A0021883,SWA-021883,Access Switch,Cisco,Catalyst 9300,SWAKV8VMN79JZ,2022-05-07,2022-05-28,2025-05-06,5224.36,TOR005,BU001,Non-Production,E004731,In Use,Intune,2026-05-31,2017-06-01,2026-06-01,7,7800,4.01,Warranty Expired,-0.0,Past EOL,1,0,0,0,7800,1,1,0,3,28.49,50.42,Medium,Immediate,Infrastructure / Network
A0021909,SWA-021909,Access Switch,Cisco,Catalyst 9300,SWAV9RCP3JX8X,2023-04-20,2023-04-29,2027-04-19,5416.36,QUE003,BU002,Production,E008350,In Use,ServiceNow CMDB,2026-05-31,2017-06-01,2026-06-01,7,7800,3.09,Under Warranty,-0.0,Past EOL,1,0,0,0,7800,4,0,2,0,0.0,43.0,Medium,Immediate,Infrastructure / Network
A0021910,SWA-021910,Access Switch,Cisco,Catalyst 9300,SWA624QQ8ZGUL,2022-01-26,2022-03-05,2025-01-25,5463.22,QUE014,BU004,Non-Production,E014183,In Use,ServiceNow CMDB,2026-05-31,2017-06-01,2026-06-01,7,7800,4.24,Warranty Expired,-0.0,Past EOL,1,0,0,0,7800,3,0,2,7,41.88,59.09,High,Immediate,Infrastructure / Network
A0021919,SWA-021919,Access Switch,Cisco,Catalyst 9200,SWAT04FIZKM0Y,2020-10-03,2020-11-09,2025-10-02,4772.18,WST009,BU002,Corporate,E012769,Retired Pending Disposal,ServiceNow CMDB,2026-05-31,2019-04-01,2027-04-01,7,5200,5.56,Warranty Expired,10.0,Expiring in 12 Months,0,1,0,0,5200,3,0,2,3,29.18,33.46,Medium,Accelerated,Infrastructure / Network
A0021932,SWA-021932,Access Switch,Cisco,Catalyst 9300,SWASDXNY4A77E,2021-12-15,2022-01-13,2024-12-14,5380.49,GTA026,BU001,Disaster Recovery,E018292,In Use,SCCM,2026-05-31,2017-06-01,2026-06-01,7,7800,4.38,Warranty Expired,-0.0,Past EOL,1,0,0,0,7800,2,1,0,5,21.07,54.05,Medium,Immediate,Infrastructure / Network
A0021943,SWA-021943,Access Switch,Cisco,Catalyst 9200,SWAX2KCFJX2UC,2018-07-29,2018-09-08,2022-07-28,3901.9,GTA078,BU001,Production,E004954,In Use,Network Discovery,2026-05-31,2019-04-01,2027-04-01,7,5200,7.73,Warranty Expired,10.0,Expiring in 12 Months,0,1,0,0,5200,2,1,0,5,46.82,38.34,Medium,Accelerated,Infrastructure / Network
A0021955,SWA-021955,Access Switch,Cisco,Catalyst 9200,SWAHBVT0OJIFS,2021-08-04,2021-08-11,2025-08-03,3414.75,WST027,BU001,Production,E003193,In Use,ServiceNow CMDB,2026-05-31,2019-04-01,2027-04-01,7,5200,4.81,Warranty Expired,10.0,Expiring in 12 Months,0,1,0,0,5200,3,2,0,3,15.88,40.79,Medium,Accelerated,Infrastructure / Network
A0021957,SWA-021957,Access Switch,Cisco,Catalyst 9300,SWANOA9S14S58,2018-11-08,2018-12-04,2022-11-07,7242.84,GTA056,BU001,Production,E016030,Retired Pending Disposal,SCCM,2026-05-31,2017-06-01,2026-06-01,7,7800,7.49,Warranty Expired,-0.0,Past EOL,1,0,0,0,7800,2,1,0,3,18.84,49.94,Medium,Immediate,Infrastructure / Network
A0021963,SWA-021963,Access Switch,Cisco,Catalyst 9300,SWARPGDRT54U0,2020-07-06,2020-07-15,2024-07-05,6579.78,WST001,BU004,Corporate,E008505,In Use,ServiceNow CMDB,2026-05-31,2017-06-01,2026-06-01,7,7800,5.88,Warranty Expired,-0.0,Past EOL,1,0,0,0,7800,3,1,0,3,23.39,50.17,Medium,Immediate,Infrastructure / Network
A0021989,SWA-021989,Access Switch,Cisco,Catalyst 9200,SWAL22EN8BZGJ,2023-05-24,2023-05-29,2026-05-23,3805.46,GTA028,BU001,Production,E019268,In Use,Intune,2026-05-31,2019-04-01,2027-04-01,7,5200,3.01,Warranty Expired,10.0,Expiring in 12 Months,0,1,0,0,5200,2,1,0,0,0.0,26.0,Low,Accelerated,Infrastructure / Network
A0022007,SWA-022007,Access Switch,Cisco,Catalyst 9300,SWAKT3TXBV59I,2023-06-19,2023-07-20,2027-06-18,6426.01,QUE018,BU002,Production,E008860,In Use,ServiceNow CMDB,2026-05-31,2017-06-01,2026-06-01,7,7800,2.87,Under Warranty,-0.0,Past EOL,1,0,0,0,7800,1,1,0,3,20.58,50.03,Medium,Immediate,Infrastructure / Network
A0022031,SWA-022031,Access Switch,Cisco,Catalyst 9300,SWAS3QHW57O70,2019-07-05,2019-07-18,2022-07-04,7267.01,GTA062,BU003,Branch,E016549,In Use,Network Discovery,2026-05-31,2017-06-01,2026-06-01,7,7800,6.87,Warranty Expired,-0.0,Past EOL,1,0,0,0,7800,2,1,0,1,4.29,45.21,Medium,Immediate,Infrastructure / Network
A0022075,SWA-022075,Access Switch,Cisco,Catalyst 9300,SWAVLQLV1FDX8,2021-04-20,2021-04-21,2024-04-19,5194.19,WST008,BU001,Production,E016162,In Use,SCCM,2026-05-31,2017-06-01,2026-06-01,7,7800,5.11,Warranty Expired,-0.0,Past EOL,1,0,0,0,7800,1,1,0,3,26.86,50.34,Medium,Immediate,Infrastructure / Network
A0022078,SWA-022078,Access Switch,Cisco,Catalyst 9200,SWAHRUDOV4DBL,2023-04-21,2023-04-23,2028-04-19,3954.16,WST023,BU001,Branch,E002399,In Use,ServiceNow CMDB,2026-05-31,2019-04-01,2027-04-01,7,5200,3.11,Under Warranty,10.0,Expiring in 12 Months,0,1,0,0,5200,1,1,0,4,25.18,35.26,Medium,Accelerated,Infrastructure / Network
A0022111,SWA-022111,Access Switch,Cisco,Catalyst 9200,SWAEL7D9FDWNC,2021-01-19,2021-02-03,2024-01-19,4655.76,GTA066,BU001,Non-Production,E005644,In Use,ServiceNow CMDB,2026-05-31,2019-04-01,2027-04-01,7,5200,5.33,Warranty Expired,10.0,Expiring in 12 Months,0,1,0,0,5200,1,1,0,4,21.73,35.09,Medium,Accelerated,Infrastructure / Network
A0022117,SWA-022117,Access Switch,Cisco,Catalyst 9300,SWAA7BYQGWF0S,2018-11-19,2018-11-26,2023-11-18,6006.63,QUE014,BU005,Branch,E012791,In Use,SCCM,2026-05-31,2017-06-01,2026-06-01,7,7800,7.52,Warranty Expired,-0.0,Past EOL,1,0,0,0,7800,1,1,0,2,12.97,47.65,Medium,Immediate,Infrastructure / Network
A0022118,SWA-022118,Access Switch,Cisco,Catalyst 9200,SWA5NV0RV3QQE,2023-10-14,2023-10-23,2026-10-13,4801.97,ATL002,BU001,Disaster Recovery,E020695,In Use,SCCM,2026-05-31,2019-04-01,2027-04-01,7,5200,2.61,Under Warranty,10.0,Expiring in 12 Months,0,1,0,0,5200,1,1,0,3,28.05,33.4,Medium,Accelerated,Infrastructure / Network
A0022133,SWA-022133,Access Switch,Cisco,Catalyst 9200,SWAZSL6LN4KJ4,2023-04-19,2023-04-22,2027-04-18,3627.94,GTA031,BU002,Production,E008012,In Use,SCCM,2026-05-31,2019-04-01,2027-04-01,7,5200,3.11,Under Warranty,10.0,Expiring in 12 Months,0,1,0,0,5200,1,1,0,4,30.43,35.52,Medium,Accelerated,Infrastructure / Network
A0022154,SWA-022154,Access Switch,Cisco,Catalyst 9200,SWAB3Y9BTIX4P,2021-03-09,2021-04-09,2026-03-08,4858.16,TOR001,BU001,Production,E004770,In Use,ServiceNow CMDB,2026-05-31,2019-04-01,2027-04-01,7,5200,5.15,Warranty Expired,10.0,Expiring in 12 Months,0,1,0,0,5200,1,1,0,1,3.44,28.17,Low,Accelerated,Infrastructure / Network
A0022198,SWA-022198,Access Switch,Cisco,Catalyst 9200,SWA970YQL235N,2023-01-26,2023-03-02,2028-01-25,4387.94,QUE019,BU010,Non-Production,E003850,In Use,ServiceNow CMDB,2026-05-31,2019-04-01,2027-04-01,7,5200,3.25,Under Warranty,10.0,Expiring in 12 Months,0,1,0,0,5200,2,1,1,5,18.05,40.9,Medium,Accelerated,Infrastructure / Network
A0022214,SWA-022214,Access Switch,Cisco,Catalyst 9300,SWAKPCNXCIBHN,2018-06-27,2018-07-09,2022-06-26,5489.05,GTA041,BU001,Non-Production,E016291,In Use,SCCM,2026-05-31,2017-06-01,2026-06-01,7,7800,7.9,Warranty Expired,-0.0,Past EOL,1,0,0,0,7800,1,1,0,7,31.3,58.56,High,Immediate,Infrastructure / Network
A0022218,SWA-022218,Access Switch,Cisco,Catalyst 9300,SWAJZ05XC7RFJ,2019-03-10,2019-03-27,2022-03-09,6039.24,ATL012,BU006,Corporate,E005742,In Use,ServiceNow CMDB,2026-05-31,2017-06-01,2026-06-01,7,7800,7.18,Warranty Expired,-0.0,Past EOL,1,0,0,0,7800,1,1,0,4,40.67,53.03,Medium,Immediate,Infrastructure / Network
A0022240,SWA-022240,Access Switch,Cisco,Catalyst 9300,SWARFTGFY27VJ,2020-06-22,2020-07-07,2025-06-21,7192.84,ONR019,BU001,Disaster Recovery,E014476,In Use,ServiceNow CMDB,2026-05-31,2017-06-01,2026-06-01,7,7800,5.9,Warranty Expired,-0.0,Past EOL,1,0,0,0,7800,2,1,1,6,41.06,61.05,High,Immediate,Infrastructure / Network
A0022244,SWA-022244,Access Switch,Cisco,Catalyst 9300,SWA4EWM3CD27V,2020-08-22,2020-09-13,2025-08-21,5878.98,QUE023,BU002,Non-Production,E018584,In Use,SCCM,2026-05-31,2017-06-01,2026-06-01,7,7800,5.72,Warranty Expired,-0.0,Past EOL,1,0,0,0,7800,1,1,0,3,13.13,49.66,Medium,Immediate,Infrastructure / Network
A0022248,SWA-022248,Access Switch,Cisco,Catalyst 9200,SWA3KC9C7WB81,2019-09-18,2019-10-14,2022-09-17,4442.49,GTA029,BU003,Branch,E019406,In Use,ServiceNow CMDB,2026-05-31,2019-04-01,2027-04-01,7,5200,6.63,Warranty Expired,10.0,Expiring in 12 Months,0,1,0,0,5200,2,1,1,3,22.47,37.12,Medium,Accelerated,Infrastructure / Network
A0022254,SWA-022254,Access Switch,Cisco,Catalyst 9300,SWAK82H6ABOJ8,2019-06-10,2019-06-30,2022-06-09,6532.88,WST026,BU001,Branch,E020032,In Use,SCCM,2026-05-31,2017-06-01,2026-06-01,7,7800,6.92,Warranty Expired,-0.0,Past EOL,1,0,0,0,7800,1,1,0,6,44.42,57.22,High,Immediate,Infrastructure / Network
A0022268,SWA-022268,Access Switch,Cisco,Catalyst 9200,SWALBDSWWUBT5,2020-04-22,2020-06-04,2025-04-21,3434.84,QUE021,BU002,Branch,E004215,Retired Pending Disposal,ServiceNow CMDB,2026-05-31,2019-04-01,2027-04-01,7,5200,5.99,Warranty Expired,10.0,Expiring in 12 Months,0,1,0,0,5200,2,1,1,2,11.86,34.59,Medium,Accelerated,Infrastructure / Network
A0022297,SWA-022297,Access Switch,Cisco,Catalyst 9200,SWA7H8AZD83UU,2020-08-06,2020-08-28,2023-08-06,3533.9,GTA076,BU003,Production,E010335,In Use,SCCM,2026-05-31,2019-04-01,2027-04-01,7,5200,5.76,Warranty Expired,10.0,Expiring in 12 Months,0,1,0,0,5200,3,1,0,4,43.43,36.17,Medium,Accelerated,Infrastructure / Network
A0022307,SWA-022307,Access Switch,Cisco,Catalyst 9300,SWAL2OFNSHJW6,2022-12-21,2022-12-30,2025-12-20,6962.45,QUE008,BU002,Production,E010237,In Use,SCCM,2026-05-31,2017-06-01,2026-06-01,7,7800,3.42,Warranty Expired,-0.0,Past EOL,1,0,0,0,7800,3,2,1,1,0.92,57.05,High,Immediate,Infrastructure / Network
A0022311,SWA-022311,Access Switch,Cisco,Catalyst 9300,SWA0ZC7H1JRWB,2021-10-06,2021-11-06,2025-10-05,7280.32,GTA002,BU004,Corporate,E008051,In Use,SCCM,2026-05-31,2017-06-01,2026-06-01,7,7800,4.57,Warranty Expired,-0.0,Past EOL,1,0,0,0,7800,1,1,0,6,47.63,57.38,High,Immediate,Infrastructure / Network
A0022319,SWA-022319,Access Switch,Cisco,Catalyst 9300,SWAQGEX3KMLQ3,2021-11-27,2021-11-29,2025-11-26,7358.95,WST013,BU002,Branch,E003605,In Use,ServiceNow CMDB,2026-05-31,2017-06-01,2026-06-01,7,7800,4.51,Warranty Expired,-0.0,Past EOL,1,0,0,0,7800,2,0,2,4,16.22,51.81,Medium,Immediate,Infrastructure / Network
A0022325,SWA-022325,Access Switch,Cisco,Catalyst 9200,SWA6PVKBT3CKV,2019-04-28,2019-05-27,2023-04-27,3533.37,GTA077,BU009,Production,E020450,In Use,ServiceNow CMDB,2026-05-31,2019-04-01,2027-04-01,7,5200,7.02,Warranty Expired,10.0,Expiring in 12 Months,0,1,0,0,5200,1,1,0,4,38.7,35.94,Medium,Accelerated,Infrastructure / Network
A0022337,SWA-022337,Access Switch,Cisco,Catalyst 9300,SWAOSHCC5QZ09,2024-08-09,2024-08-25,2029-08-08,6948.44,QUE015,BU003,Disaster Recovery,E003976,In Repair,SCCM,2026-05-31,2017-06-01,2026-06-01,7,7800,1.77,Under Warranty,-0.0,Past EOL,1,0,0,0,7800,1,1,0,1,13.34,45.67,Medium,Immediate,Infrastructure / Network
A0022345,SWA-022345,Access Switch,Cisco,Catalyst 9300,SWAYR7TJBWTHB,2019-11-08,2019-11-10,2023-11-07,6416.82,ONR013,BU004,Corporate,E009003,In Use,ServiceNow CMDB,2026-05-31,2017-06-01,2026-06-01,7,7800,6.56,Warranty Expired,-0.0,Past EOL,1,0,0,0,7800,2,1,0,5,64.15,56.21,High,Immediate,Infrastructure / Network
A0022352,SWD-022352,Distribution Switch,Cisco,Catalyst 9500,SWDT3YUD2PWT2,2019-03-18,2019-04-25,2022-03-17,18075.0,DC1001,BU003,Corporate,E012837,Retired Pending Disposal,SCCM,2026-05-31,2018-01-01,2027-01-01,7,21000,7.1,Warranty Expired,7.0,Expiring in 12 Months,0,1,0,0,21000,2,1,0,4,31.79,35.59,Medium,Accelerated,Infrastructure / Network
A0022361,SWD-022361,Distribution Switch,Cisco,Catalyst 9500,SWDKC3TR0FESO,2021-10-20,2021-11-22,2024-10-19,15187.79,DR1001,BU001,Production,E015552,In Repair,ServiceNow CMDB,2026-05-31,2018-01-01,2027-01-01,7,21000,4.53,Warranty Expired,7.0,Expiring in 12 Months,0,1,0,0,21000,1,1,0,4,37.92,35.9,Medium,Accelerated,Infrastructure / Network
A0022365,SWD-022365,Distribution Switch,Cisco,Catalyst 9500,SWD5E2XUVWDET,2022-02-01,2022-02-24,2025-01-31,15244.54,DC1001,BU003,Production,E010624,In Use,ServiceNow CMDB,2026-05-31,2018-01-01,2027-01-01,7,21000,4.27,Warranty Expired,7.0,Expiring in 12 Months,0,1,0,0,21000,3,1,1,5,43.19,42.16,Medium,Accelerated,Infrastructure / Network
A0022409,SWD-022409,Distribution Switch,Cisco,Catalyst 9500,SWDD97VMAQI6E,2018-06-04,2018-07-10,2021-06-03,14929.42,DR1001,BU002,Branch,E002760,In Use,ServiceNow CMDB,2026-05-31,2018-01-01,2027-01-01,7,21000,7.9,Warranty Expired,7.0,Expiring in 12 Months,0,1,0,0,21000,1,1,0,3,26.89,33.34,Medium,Accelerated,Infrastructure / Network
A0022451,SWD-022451,Distribution Switch,Cisco,Catalyst 9500,SWD0J9W5MHCI1,2021-08-01,2021-08-21,2026-07-31,15501.05,DC1001,BU001,Production,E006995,In Use,SCCM,2026-05-31,2018-01-01,2027-01-01,7,21000,4.78,Under Warranty,7.0,Expiring in 12 Months,0,1,0,0,21000,2,1,0,5,21.87,37.09,Medium,Accelerated,Infrastructure / Network
A0022502,SWD-022502,Distribution Switch,Cisco,Catalyst 9500,SWDNG5VWY5EX4,2025-04-14,2025-05-08,2030-04-13,14779.09,DC1001,BU006,Corporate,E006364,In Use,SCCM,2026-05-31,2018-01-01,2027-01-01,7,21000,1.07,Under Warranty,7.0,Expiring in 12 Months,0,1,0,0,21000,1,1,0,9,71.14,47.56,Medium,Accelerated,Infrastructure / Network
A0022512,SWD-022512,Distribution Switch,Cisco,Catalyst 9500,SWD0DQZ5Y8GWU,2024-07-29,2024-08-22,2029-07-28,15917.64,DR1001,BU002,Branch,E019123,In Use,ServiceNow CMDB,2026-05-31,2018-01-01,2027-01-01,7,21000,1.78,Under Warranty,7.0,Expiring in 12 Months,0,1,0,0,21000,2,1,0,5,51.11,38.56,Medium,Accelerated,Infrastructure / Network
A0022521,SWD-022521,Distribution Switch,Cisco,Catalyst 9500,SWD15UD32LFM3,2018-03-28,2018-05-09,2021-03-27,18930.32,DC2001,BU001,Corporate,E018998,In Use,ServiceNow CMDB,2026-05-31,2018-01-01,2027-01-01,7,21000,8.07,Warranty Expired,7.0,Expiring in 12 Months,0,1,0,0,21000,2,1,0,4,38.6,35.93,Medium,Accelerated,Infrastructure / Network
A0022524,SWD-022524,Distribution Switch,Cisco,Catalyst 9500,SWD71QBU40QPW,2019-04-25,2019-05-25,2022-04-24,14679.0,DR1001,BU004,Branch,E020682,In Use,ServiceNow CMDB,2026-05-31,2018-01-01,2027-01-01,7,21000,7.02,Warranty Expired,7.0,Expiring in 12 Months,0,1,0,0,21000,1,1,0,7,34.01,41.7,Medium,Accelerated,Infrastructure / Network
A0022533,SWD-022533,Distribution Switch,Cisco,Catalyst 9500,SWD7JDZGTRH4G,2018-08-30,2018-09-16,2021-08-29,19713.86,DC2001,BU001,Non-Production,E004644,In Use,ServiceNow CMDB,2026-05-31,2018-01-01,2027-01-01,7,21000,7.71,Warranty Expired,7.0,Expiring in 12 Months,0,1,0,0,21000,1,1,0,10,49.77,48.49,Medium,Accelerated,Infrastructure / Network
A0022538,SWD-022538,Distribution Switch,Cisco,Catalyst 9500,SWDRZZD1ZVTI8,2018-10-10,2018-10-29,2021-10-09,18217.52,DC1001,BU001,Branch,E000529,In Use,SCCM,2026-05-31,2018-01-01,2027-01-01,7,21000,7.59,Warranty Expired,7.0,Expiring in 12 Months,0,1,0,0,21000,2,0,2,6,48.44,40.42,Medium,Accelerated,Infrastructure / Network
A0022591,SWD-022591,Distribution Switch,Cisco,Catalyst 9500,SWDNKP70EWXK2,2019-01-22,2019-02-14,2023-01-21,16596.38,DC1001,BU002,Corporate,E013485,In Use,SCCM,2026-05-31,2018-01-01,2027-01-01,7,21000,7.3,Warranty Expired,7.0,Expiring in 12 Months,0,1,0,0,21000,1,1,0,4,28.27,35.41,Medium,Accelerated,Infrastructure / Network
A0022695,RTR-022695,Router,Cisco,ASR 1001-X,RTRSL9Q2TQSDN,2020-05-22,2020-06-23,2023-05-22,19442.77,GTA065,BU001,Production,E007069,In Use,ServiceNow CMDB,2026-05-31,2014-02-01,2025-02-01,7,28000,5.94,Warranty Expired,-16.0,Past EOL,1,0,0,0,28000,2,0,2,2,7.93,47.4,Medium,Immediate,Infrastructure / Network
A0022700,RTR-022700,Router,Cisco,ASR 1001-X,RTR2ET03T4B21,2019-12-31,2020-02-01,2023-12-30,19761.58,ONR017,BU005,Branch,E017375,In Use,ServiceNow CMDB,2026-05-31,2014-02-01,2025-02-01,7,28000,6.33,Warranty Expired,-16.0,Past EOL,1,0,0,0,28000,3,0,2,6,56.29,57.81,High,Immediate,Infrastructure / Network
A0022702,RTR-022702,Router,Cisco,ISR 4451,RTRK3K6ZD3WGH,2021-11-10,2021-11-11,2024-11-09,11246.67,GTA053,BU001,Production,E007590,In Use,ServiceNow CMDB,2026-05-31,2014-10-01,2024-10-01,7,12500,4.56,Warranty Expired,-20.0,Past EOL,1,0,0,0,12500,2,1,1,4,12.98,55.65,High,Immediate,Infrastructure / Network
A0022706,RTR-022706,Router,Cisco,ISR 4331,RTRSYR7EQ21LE,2020-08-25,2020-08-29,2025-08-24,4807.11,GTA027,BU008,Production,E011859,In Use,Network Discovery,2026-05-31,2014-10-01,2024-10-01,7,6500,5.76,Warranty Expired,-20.0,Past EOL,1,0,0,0,6500,1,1,0,3,11.05,49.55,Medium,Immediate,Infrastructure / Network
A0022713,RTR-022713,Router,Cisco,ISR 4451,RTR9HO8B5WCW7,2023-06-14,2023-06-19,2026-06-13,9752.9,ONR005,BU002,Branch,E007254,In Use,ServiceNow CMDB,2026-05-31,2014-10-01,2024-10-01,7,12500,2.95,Under Warranty,-20.0,Past EOL,1,0,0,0,12500,1,1,0,3,13.58,49.68,Medium,Immediate,Infrastructure / Network
A0022717,RTR-022717,Router,Cisco,ISR 4451,RTR7RJ19X8VZC,2022-01-10,2022-01-25,2025-01-09,11815.3,TOR001,BU006,Branch,E019127,In Use,ServiceNow CMDB,2026-05-31,2014-10-01,2024-10-01,7,12500,4.35,Warranty Expired,-20.0,Past EOL,1,0,0,0,12500,1,1,0,8,67.16,62.36,High,Immediate,Infrastructure / Network
A0022733,RTR-022733,Router,Cisco,ISR 4331,RTRX8M2SF9EOB,2021-02-27,2021-03-29,2025-02-26,4254.47,GTA002,BU002,Non-Production,E009827,In Use,ServiceNow CMDB,2026-05-31,2014-10-01,2024-10-01,7,6500,5.18,Warranty Expired,-20.0,Past EOL,1,0,0,0,6500,2,0,2,2,7.87,47.39,Medium,Immediate,Infrastructure / Network
A0022744,RTR-022744,Router,Cisco,ISR 4331,RTRIDIA19ZJQT,2020-06-06,2020-06-14,2024-06-05,5658.35,ONR012,BU002,Branch,E016430,In Use,ServiceNow CMDB,2026-05-31,2014-10-01,2024-10-01,7,6500,5.97,Warranty Expired,-20.0,Past EOL,1,0,0,0,6500,3,0,2,6,37.53,56.88,High,Immediate,Infrastructure / Network
A0022749,RTR-022749,Router,Cisco,ASR 1001-X,RTRP0N1TKQSI4,2020-01-28,2020-02-19,2023-01-27,19316.58,ATL011,BU001,Branch,E002763,In Repair,ServiceNow CMDB,2026-05-31,2014-02-01,2025-02-01,7,28000,6.28,Warranty Expired,-16.0,Past EOL,1,0,0,0,28000,1,1,0,3,12.84,49.64,Medium,Immediate,Infrastructure / Network
A0022751,RTR-022751,Router,Cisco,ISR 4451,RTR9SQINIOTG1,2024-08-29,2024-09-05,2027-08-29,9862.65,WST025,BU001,Branch,E006641,In Use,SCCM,2026-05-31,2014-10-01,2024-10-01,7,12500,1.74,Under Warranty,-20.0,Past EOL,1,0,0,0,12500,1,1,0,7,73.4,60.67,High,Immediate,Infrastructure / Network
A0022755,RTR-022755,Router,Cisco,ISR 4331,RTRE8CQFSJVH6,2019-12-07,2020-01-17,2023-12-06,5401.94,GTA067,BU004,Branch,E003391,In Use,Intune,2026-05-31,2014-10-01,2024-10-01,7,6500,6.37,Warranty Expired,-20.0,Past EOL,1,0,0,0,6500,2,1,1,4,41.63,57.08,High,Immediate,Infrastructure / Network
A0022756,RTR-022756,Router,Cisco,ASR 1001-X,RTRXKZNC0EZ4E,2020-10-29,2020-12-04,2024-10-28,23147.04,WST022,BU002,Non-Production,E011334,In Use,Intune,2026-05-31,2014-02-01,2025-02-01,7,28000,5.49,Warranty Expired,-16.0,Past EOL,1,0,0,0,28000,2,0,2,3,29.9,50.5,Medium,Immediate,Infrastructure / Network
A0022762,RTR-022762,Router,Cisco,ISR 4451,RTR7W8UHYU6VW,2018-03-09,2018-04-03,2022-03-08,9013.04,GTA009,BU001,Non-Production,E005522,In Use,Network Discovery,2026-05-31,2014-10-01,2024-10-01,7,12500,8.16,Warranty Expired,-20.0,Past EOL,1,0,0,0,12500,1,1,0,2,26.86,48.34,Medium,Immediate,Infrastructure / Network
A0022771,RTR-022771,Router,Cisco,ASR 1001-X,RTRIK2YCHDH0U,2020-12-10,2021-01-02,2023-12-10,22242.1,GTA011,BU002,Production,E008629,In Use,SCCM,2026-05-31,2014-02-01,2025-02-01,7,28000,5.41,Warranty Expired,-16.0,Past EOL,1,0,0,0,28000,2,1,0,4,8.2,51.41,Medium,Immediate,Infrastructure / Network
A0022776,RTR-022776,Router,Cisco,ISR 4451,RTR7KQT547R4D,2021-07-24,2021-09-06,2024-07-23,11271.07,GTA007,BU009,Production,E021946,In Use,ServiceNow CMDB,2026-05-31,2014-10-01,2024-10-01,7,12500,4.74,Warranty Expired,-20.0,Past EOL,1,0,0,0,12500,3,1,1,4,52.73,57.64,High,Immediate,Infrastructure / Network
A0022786,RTR-022786,Router,Cisco,ISR 4451,RTR1V1SK25W27,2023-03-05,2023-04-18,2026-03-04,8297.63,QUE017,BU001,Corporate,E010561,In Use,SCCM,2026-05-31,2014-10-01,2024-10-01,7,12500,3.12,Warranty Expired,-20.0,Past EOL,1,0,0,0,12500,2,0,2,4,25.47,52.27,Medium,Immediate,Infrastructure / Network
A0022791,RTR-022791,Router,Cisco,ASR 1001-X,RTRF3BIELQSKR,2024-09-10,2024-10-13,2028-09-09,18215.31,GTA002,BU001,Production,E000862,In Use,SCCM,2026-05-31,2014-02-01,2025-02-01,7,28000,1.63,Under Warranty,-16.0,Past EOL,1,0,0,0,28000,1,1,0,3,27.92,50.4,Medium,Immediate,Infrastructure / Network
A0022797,RTR-022797,Router,Cisco,ISR 4331,RTRNWGMNBU6ID,2022-04-03,2022-04-27,2025-04-02,4692.26,ATL003,BU010,Non-Production,E009722,In Use,ServiceNow CMDB,2026-05-31,2014-10-01,2024-10-01,7,6500,4.1,Warranty Expired,-20.0,Past EOL,1,0,0,0,6500,1,1,0,3,12.84,49.64,Medium,Immediate,Infrastructure / Network
A0022803,RTR-022803,Router,Cisco,ISR 4451,RTRHBCDRMMQ62,2023-09-15,2023-09-17,2026-09-14,8351.88,GTA052,BU006,Disaster Recovery,E006921,In Use,Intune,2026-05-31,2014-10-01,2024-10-01,7,12500,2.71,Under Warranty,-20.0,Past EOL,1,0,0,0,12500,1,1,0,6,44.89,57.24,High,Immediate,Infrastructure / Network
A0022808,RTR-022808,Router,Cisco,ISR 4331,RTR4KYVZL1WS0,2021-11-28,2021-12-09,2024-11-27,4384.22,WST009,BU002,Branch,E009765,In Use,ServiceNow CMDB,2026-05-31,2014-10-01,2024-10-01,7,6500,4.48,Warranty Expired,-20.0,Past EOL,1,0,0,0,6500,1,1,0,2,10.52,47.53,Medium,Immediate,Infrastructure / Network
A0022813,RTR-022813,Router,Cisco,ISR 4331,RTRIS89TYYXA3,2020-03-24,2020-04-14,2023-03-24,4613.85,QUE015,BU004,Production,E001176,In Use,Network Discovery,2026-05-31,2014-10-01,2024-10-01,7,6500,6.13,Warranty Expired,-20.0,Past EOL,1,0,0,0,6500,3,0,2,3,28.42,50.42,Medium,Immediate,Infrastructure / Network
A0022819,RTR-022819,Router,Cisco,ISR 4451,RTRX23E2WUPDZ,2021-07-01,2021-08-05,2026-06-30,11555.85,GTA044,BU001,Disaster Recovery,E020378,In Use,Network Discovery,2026-05-31,2014-10-01,2024-10-01,7,12500,4.82,Under Warranty,-20.0,Past EOL,1,0,0,0,12500,3,1,0,5,30.68,54.53,Medium,Immediate,Infrastructure / Network
A0022822,RTR-022822,Router,Cisco,ISR 4331,RTR00995W1VPU,2020-09-11,2020-09-20,2025-09-10,5416.67,QUE009,BU005,Branch,E021905,In Use,ServiceNow CMDB,2026-05-31,2014-10-01,2024-10-01,7,6500,5.7,Warranty Expired,-20.0,Past EOL,1,0,0,0,6500,2,1,0,3,29.24,50.46,Medium,Immediate,Infrastructure / Network
A0022834,RTR-022834,Router,Cisco,ISR 4451,RTRKIGQGLVZLJ,2021-10-29,2021-11-26,2024-10-28,9756.67,GTA074,BU003,Production,E016257,In Use,ServiceNow CMDB,2026-05-31,2014-10-01,2024-10-01,7,12500,4.51,Warranty Expired,-20.0,Past EOL,1,0,0,0,12500,1,1,0,5,26.04,54.3,Medium,Immediate,Infrastructure / Network
A0022840,RTR-022840,Router,Cisco,ISR 4331,RTRU748A19IT6,2020-01-10,2020-01-25,2025-01-08,5760.69,WST005,BU001,Production,E021109,In Use,Network Discovery,2026-05-31,2014-10-01,2024-10-01,7,6500,6.35,Warranty Expired,-20.0,Past EOL,1,0,0,0,6500,2,1,1,1,2.79,49.14,Medium,Immediate,Infrastructure / Network
A0022844,RTR-022844,Router,Cisco,ASR 1001-X,RTR7OBMYIRVS3,2018-04-26,2018-05-25,2021-04-25,19945.0,WST011,BU005,Branch,E016694,In Use,Network Discovery,2026-05-31,2014-02-01,2025-02-01,7,28000,8.02,Warranty Expired,-16.0,Past EOL,1,0,0,0,28000,2,0,2,3,21.98,50.1,Medium,Immediate,Infrastructure / Network
A0022851,RTR-022851,Router,Cisco,ASR 1001-X,RTRJDXRBFNR84,2022-06-07,2022-07-03,2025-06-06,22088.42,ONR015,BU001,Production,E001480,In Use,ServiceNow CMDB,2026-05-31,2014-02-01,2025-02-01,7,28000,3.92,Warranty Expired,-16.0,Past EOL,1,0,0,0,28000,2,1,0,4,47.41,53.37,Medium,Immediate,Infrastructure / Network
A0022877,RTR-022877,Router,Cisco,ISR 4331,RTR2UMFZBCC52,2020-12-28,2021-02-10,2024-12-27,5652.58,WST029,BU001,Corporate,E015162,In Use,Network Discovery,2026-05-31,2014-10-01,2024-10-01,7,6500,5.31,Warranty Expired,-20.0,Past EOL,1,0,0,0,6500,1,1,0,4,37.96,52.9,Medium,Immediate,Infrastructure / Network
A0022885,RTR-022885,Router,Cisco,ISR 4451,RTRN7BN0H7QKN,2020-04-04,2020-05-16,2023-04-04,9859.79,WST008,BU001,Branch,E000499,In Use,ServiceNow CMDB,2026-05-31,2014-10-01,2024-10-01,7,12500,6.05,Warranty Expired,-20.0,Past EOL,1,0,0,0,12500,1,1,0,3,14.36,49.72,Medium,Immediate,Infrastructure / Network
A0022887,RTR-022887,Router,Cisco,ASR 1001-X,RTRXEEACNLWMA,2023-12-07,2023-12-25,2026-12-06,21433.74,GTA009,BU001,Corporate,E017679,In Use,ServiceNow CMDB,2026-05-31,2014-02-01,2025-02-01,7,28000,2.44,Under Warranty,-16.0,Past EOL,1,0,0,0,28000,2,1,0,4,26.82,52.34,Medium,Immediate,Infrastructure / Network
A0022896,RTR-022896,Router,Cisco,ASR 1001-X,RTR0FBT0EENNJ,2025-01-04,2025-02-12,2029-01-03,21399.53,GTA047,BU001,Production,E003389,In Use,ServiceNow CMDB,2026-05-31,2014-02-01,2025-02-01,7,28000,1.3,Under Warranty,-16.0,Past EOL,1,0,0,0,28000,2,1,0,5,27.08,54.35,Medium,Immediate,Infrastructure / Network
A0022939,FW-022939,Firewall,Palo Alto Networks,PA-5220,FWRKP3ZZIV34,2020-02-15,2020-02-26,2025-02-13,36165.78,DR1001,BU001,Branch,E015623,In Stock,ServiceNow CMDB,2026-05-31,2017-04-01,2025-04-01,5,48000,6.26,Warranty Expired,-14.0,Past EOL,1,0,0,0,48000,1,1,0,3,24.91,50.25,Medium,Immediate,Infrastructure / Network
A0022940,FW-022940,Firewall,Palo Alto Networks,PA-3220,FWXP54DG0JFX,2019-10-24,2019-11-14,2022-10-23,16120.26,DC2001,BU003,Production,E018039,In Use,SCCM,2026-05-31,2018-02-01,2026-02-01,5,22000,6.55,Warranty Expired,-4.0,Past EOL,1,0,0,0,22000,1,1,0,5,49.06,55.45,High,Immediate,Infrastructure / Network
A0022941,FW-022941,Firewall,Palo Alto Networks,PA-3220,FWPN0EFVQCR0,2019-01-16,2019-02-05,2023-01-15,14442.95,DC2001,BU002,Production,E008880,In Use,Intune,2026-05-31,2018-02-01,2026-02-01,5,22000,7.32,Warranty Expired,-4.0,Past EOL,1,0,0,0,22000,2,1,0,5,29.92,54.5,Medium,Immediate,Infrastructure / Network
A0022959,FW-022959,Firewall,Palo Alto Networks,PA-5220,FWPV7WA46LDU,2018-04-20,2018-05-19,2022-04-19,34925.59,DC1001,BU001,Branch,E006541,In Use,SCCM,2026-05-31,2017-04-01,2025-04-01,5,48000,8.04,Warranty Expired,-14.0,Past EOL,1,0,0,0,48000,1,1,0,2,20.45,48.02,Medium,Immediate,Infrastructure / Network
A0022963,FW-022963,Firewall,Palo Alto Networks,PA-5220,FWAGI35XN73N,2023-04-26,2023-05-29,2028-04-24,32755.05,DC1001,BU003,Branch,E018324,In Use,SCCM,2026-05-31,2017-04-01,2025-04-01,5,48000,3.01,Under Warranty,-14.0,Past EOL,1,0,0,0,48000,1,1,0,6,54.24,57.71,High,Immediate,Infrastructure / Network
A0022964,FW-022964,Firewall,Palo Alto Networks,PA-5220,FWDLRY8MJ7C5,2020-02-02,2020-02-28,2023-02-01,43606.1,DC1001,BU001,Non-Production,E015117,In Repair,ServiceNow CMDB,2026-05-31,2017-04-01,2025-04-01,5,48000,6.26,Warranty Expired,-14.0,Past EOL,1,0,0,0,48000,2,0,2,7,33.17,58.66,High,Immediate,Infrastructure / Network
A0022966,FW-022966,Firewall,Palo Alto Networks,PA-3220,FWAXDO4CXT2L,2019-06-16,2019-06-28,2022-06-15,17337.09,DC1001,BU010,Branch,E020658,In Use,SCCM,2026-05-31,2018-02-01,2026-02-01,5,22000,6.93,Warranty Expired,-4.0,Past EOL,1,0,0,0,22000,2,1,1,3,27.57,54.38,Medium,Immediate,Infrastructure / Network
A0022971,FW-022971,Firewall,Palo Alto Networks,PA-3220,FWYJ9IAAZ1HM,2018-10-22,2018-10-31,2021-10-21,15931.77,DC2001,BU002,Branch,E012555,In Use,ServiceNow CMDB,2026-05-31,2018-02-01,2026-02-01,5,22000,7.59,Warranty Expired,-4.0,Past EOL,1,0,0,0,22000,3,0,2,4,38.04,52.9,Medium,Immediate,Infrastructure / Network
A0022972,FW-022972,Firewall,Palo Alto Networks,PA-5220,FWU66UM8L55V,2023-09-10,2023-09-15,2028-09-08,38598.95,DC2001,BU001,Production,E007929,In Use,ServiceNow CMDB,2026-05-31,2017-04-01,2025-04-01,5,48000,2.71,Under Warranty,-14.0,Past EOL,1,0,0,0,48000,4,2,1,6,35.75,68.79,High,Immediate,Infrastructure / Network
A0022983,FW-022983,Firewall,Palo Alto Networks,PA-5220,FW89MPY8TPDJ,2022-12-03,2023-01-07,2025-12-02,39085.39,DR1001,BU001,Branch,E003723,In Use,Network Discovery,2026-05-31,2017-04-01,2025-04-01,5,48000,3.4,Warranty Expired,-14.0,Past EOL,1,0,0,0,48000,1,1,0,5,30.7,54.54,Medium,Immediate,Infrastructure / Network
A0022996,FW-022996,Firewall,Palo Alto Networks,PA-3220,FWA0B6PKNI83,2018-04-18,2018-05-11,2022-04-17,19081.11,DC1001,BU001,Non-Production,E002905,In Use,SCCM,2026-05-31,2018-02-01,2026-02-01,5,22000,8.06,Warranty Expired,-4.0,Past EOL,1,0,0,0,22000,3,1,0,4,16.06,51.8,Medium,Immediate,Infrastructure / Network
A0023028,FW-023028,Firewall,Palo Alto Networks,PA-5220,FWNSS16P810O,2024-07-15,2024-08-23,2027-07-15,35392.37,DR1001,BU001,Corporate,E014614,In Use,ServiceNow CMDB,2026-05-31,2017-04-01,2025-04-01,5,48000,1.77,Under Warranty,-14.0,Past EOL,1,0,0,0,48000,1,1,0,5,27.07,54.35,Medium,Immediate,Infrastructure / Network
A0023034,FW-023034,Firewall,Palo Alto Networks,PA-3220,FW56ODUN2KRD,2021-09-03,2021-10-07,2025-09-02,17921.73,DC1001,BU007,Production,E004374,In Use,SCCM,2026-05-31,2018-02-01,2026-02-01,5,22000,4.65,Warranty Expired,-4.0,Past EOL,1,0,0,0,22000,1,1,0,5,34.6,54.73,Medium,Immediate,Infrastructure / Network
A0023040,FW-023040,Firewall,Palo Alto Networks,PA-5220,FW3BJSZ8UXA9,2021-05-29,2021-06-17,2025-05-28,40298.28,DC1001,BU009,Non-Production,E019876,In Use,SCCM,2026-05-31,2017-04-01,2025-04-01,5,48000,4.96,Warranty Expired,-14.0,Past EOL,1,0,0,0,48000,2,0,2,2,12.32,47.62,Medium,Immediate,Infrastructure / Network
A0023055,FW-023055,Firewall,Palo Alto Networks,PA-5220,FWBPJOFTVBII,2024-05-13,2024-06-17,2027-05-13,38906.95,DC2001,BU001,Production,E005728,In Use,Intune,2026-05-31,2017-04-01,2025-04-01,5,48000,1.96,Under Warranty,-14.0,Past EOL,1,0,0,0,48000,2,0,2,9,56.36,63.82,High,Immediate,Infrastructure / Network
A0023705,STG-023705,Storage,Pure Storage,FlashArray X50,STGVTT46YYQE5,2019-10-24,2019-10-29,2022-10-23,76693.71,DC1001,BU001,Branch,E018109,In Use,SCCM,2026-05-31,2019-06-01,2027-06-01,5,95000,6.59,Warranty Expired,12.0,Expiring in 12 Months,0,1,0,0,95000,1,1,0,7,37.16,41.86,Medium,Accelerated,Infrastructure / Network
