Employee_ID,Business_Unit_ID,Role_Title,Worker_Type
E000001,BU001,Operations Analyst,Employee
E000002,BU009,Data Engineer,Employee
E000003,BU004,Risk Analyst,Employee
E000004,BU003,Software Engineer,Employee
E000005,BU001,Customer Service Rep,Employee
E000006,BU001,Data Engineer,Employee
E000007,BU001,Financial Advisor,Employee
E000008,BU008,Financial Advisor,Employee
E000009,BU003,Software Engineer,Employee
E000010,BU004,Software Engineer,Employee
E000011,BU001,Data Engineer,Employee
E000012,BU010,Network Engineer,Employee
E000013,BU007,Software Engineer,Employee
E000014,BU001,Network Engineer,Employee
E000015,BU001,Risk Analyst,Employee
E000016,BU001,Financial Advisor,Employee
E000017,BU001,Data Engineer,Employee
E000018,BU002,Software Engineer,Contractor
E000019,BU002,Risk Analyst,Employee
E000020,BU001,Data Engineer,Employee
E000021,BU003,Operations Analyst,Employee
E000022,BU001,Customer Service Rep,Employee
E000023,BU001,Operations Analyst,Employee
E000024,BU001,Branch Manager,Employee
E000025,BU002,Network Engineer,Employee
E000026,BU006,Branch Manager,Employee
E000027,BU001,Security Analyst,Employee
E000028,BU002,Risk Analyst,Employee
E000029,BU003,Network Engineer,Contractor
E000030,BU001,Risk Analyst,Employee
E000031,BU003,Operations Analyst,Employee
E000032,BU001,Systems Administrator,Employee
E000033,BU001,Network Engineer,Employee
E000034,BU009,Financial Advisor,Employee
E000035,BU010,Risk Analyst,Employee
E000036,BU006,Financial Advisor,Employee
E000037,BU001,Systems Administrator,Employee
E000038,BU001,Software Engineer,Employee
E000039,BU004,Risk Analyst,Contractor
E000040,BU002,Branch Manager,Employee
E000041,BU001,Risk Analyst,Employee
E000042,BU002,Software Engineer,Contractor
E000043,BU001,Operations Analyst,Employee
E000044,BU009,Data Engineer,Employee
E000045,BU001,Branch Manager,Employee
E000046,BU004,Branch Manager,Employee
E000047,BU001,Systems Administrator,Employee
E000048,BU002,Operations Analyst,Contractor
E000049,BU003,Branch Manager,Contractor
E000050,BU001,Customer Service Rep,Employee
E000051,BU010,Financial Advisor,Employee
E000052,BU005,Network Engineer,Employee
E000053,BU009,Customer Service Rep,Employee
E000054,BU009,Data Engineer,Employee
E000055,BU003,Risk Analyst,Employee
E000056,BU009,Operations Analyst,Employee
E000057,BU001,Security Analyst,Employee
E000058,BU001,Security Analyst,Employee
E000059,BU001,Customer Service Rep,Employee
E000060,BU001,Branch Manager,Employee
E000061,BU001,Risk Analyst,Employee
E000062,BU001,Operations Analyst,Employee
E000063,BU007,Software Engineer,Employee
E000064,BU001,Risk Analyst,Employee
E000065,BU001,Network Engineer,Employee
E000066,BU003,Systems Administrator,Employee
E000067,BU001,Operations Analyst,Employee
E000068,BU006,Risk Analyst,Employee
E000069,BU001,Operations Analyst,Employee
E000070,BU010,Software Engineer,Employee
E000071,BU005,Branch Manager,Contractor
E000072,BU001,Data Engineer,Employee
E000073,BU001,Systems Administrator,Employee
E000074,BU006,Systems Administrator,Contractor
E000075,BU004,Branch Manager,Employee
E000076,BU004,Network Engineer,Employee
E000077,BU005,Security Analyst,Employee
E000078,BU001,Data Engineer,Employee
E000079,BU001,Customer Service Rep,Employee
E000080,BU001,Customer Service Rep,Employee
E000081,BU008,Data Engineer,Employee
E000082,BU003,Network Engineer,Employee
E000083,BU001,Network Engineer,Employee
E000084,BU001,Software Engineer,Employee
E000085,BU001,Financial Advisor,Employee
E000086,BU001,Risk Analyst,Employee
E000087,BU004,Network Engineer,Employee
E000088,BU003,Customer Service Rep,Employee
E000089,BU008,Branch Manager,Contractor
E000090,BU002,Customer Service Rep,Employee
E000091,BU001,Financial Advisor,Employee
E000092,BU004,Data Engineer,Contractor
E000093,BU005,Financial Advisor,Employee
E000094,BU003,Operations Analyst,Employee
E000095,BU005,Risk Analyst,Employee
E000096,BU002,Operations Analyst,Employee
E000097,BU002,Software Engineer,Employee
E000098,BU002,Network Engineer,Contractor
E000099,BU001,Software Engineer,Employee
E000100,BU001,Financial Advisor,Employee
E000101,BU001,Operations Analyst,Employee
E000102,BU003,Branch Manager,Contractor
E000103,BU001,Risk Analyst,Employee
E000104,BU002,Branch Manager,Employee
E000105,BU009,Branch Manager,Employee
E000106,BU001,Branch Manager,Employee
E000107,BU001,Data Engineer,Employee
E000108,BU005,Network Engineer,Employee
E000109,BU001,Network Engineer,Employee
E000110,BU001,Operations Analyst,Employee
E000111,BU001,Branch Manager,Employee
E000112,BU001,Systems Administrator,Employee
E000113,BU009,Risk Analyst,Employee
E000114,BU006,Systems Administrator,Employee
E000115,BU003,Software Engineer,Employee
E000116,BU008,Operations Analyst,Employee
E000117,BU006,Risk Analyst,Contractor
E000118,BU001,Financial Advisor,Employee
E000119,BU009,Operations Analyst,Employee
E000120,BU002,Software Engineer,Employee
E000121,BU006,Software Engineer,Employee
E000122,BU009,Software Engineer,Employee
E000123,BU001,Systems Administrator,Employee
E000124,BU001,Network Engineer,Employee
E000125,BU001,Risk Analyst,Employee
E000126,BU002,Financial Advisor,Employee
E000127,BU006,Security Analyst,Employee
E000128,BU008,Security Analyst,Employee
E000129,BU001,Branch Manager,Employee
E000130,BU002,Data Engineer,Employee
E000131,BU001,Operations Analyst,Employee
E000132,BU001,Data Engineer,Employee
E000133,BU001,Security Analyst,Employee
E000134,BU001,Security Analyst,Employee
E000135,BU009,Customer Service Rep,Employee
E000136,BU001,Financial Advisor,Employee
E000137,BU002,Customer Service Rep,Employee
E000138,BU004,Branch Manager,Employee
E000139,BU001,Customer Service Rep,Employee
E000140,BU010,Operations Analyst,Employee
E000141,BU010,Systems Administrator,Employee
E000142,BU001,Branch Manager,Employee
E000143,BU002,Systems Administrator,Employee
E000144,BU001,Branch Manager,Contractor
E000145,BU001,Customer Service Rep,Employee
E000146,BU001,Security Analyst,Employee
E000147,BU003,Systems Administrator,Employee
E000148,BU002,Risk Analyst,Employee
E000149,BU001,Branch Manager,Employee
E000150,BU001,Data Engineer,Contractor
E000151,BU009,Network Engineer,Employee
E000152,BU001,Risk Analyst,Employee
E000153,BU001,Risk Analyst,Employee
E000154,BU002,Software Engineer,Employee
E000155,BU010,Software Engineer,Contractor
E000156,BU001,Software Engineer,Employee
E000157,BU004,Financial Advisor,Employee
E000158,BU005,Security Analyst,Employee
E000159,BU001,Data Engineer,Employee
E000160,BU004,Network Engineer,Employee
E000161,BU001,Operations Analyst,Employee
E000162,BU003,Systems Administrator,Contractor
E000163,BU003,Risk Analyst,Employee
E000164,BU002,Financial Advisor,Employee
E000165,BU001,Systems Administrator,Employee
E000166,BU007,Financial Advisor,Employee
E000167,BU001,Customer Service Rep,Employee
E000168,BU001,Financial Advisor,Employee
E000169,BU001,Customer Service Rep,Employee
E000170,BU003,Customer Service Rep,Employee
E000171,BU004,Operations Analyst,Employee
E000172,BU001,Network Engineer,Employee
E000173,BU002,Operations Analyst,Employee
E000174,BU001,Financial Advisor,Employee
E000175,BU003,Security Analyst,Employee
E000176,BU001,Customer Service Rep,Employee
E000177,BU004,Network Engineer,Employee
E000178,BU001,Financial Advisor,Employee
E000179,BU009,Risk Analyst,Employee
E000180,BU001,Network Engineer,Employee
E000181,BU001,Risk Analyst,Employee
E000182,BU001,Customer Service Rep,Employee
E000183,BU009,Systems Administrator,Employee
E000184,BU008,Data Engineer,Employee
E000185,BU001,Customer Service Rep,Employee
E000186,BU003,Software Engineer,Employee
E000187,BU006,Software Engineer,Employee
E000188,BU003,Security Analyst,Contractor
E000189,BU002,Network Engineer,Employee
E000190,BU001,Data Engineer,Employee
E000191,BU001,Risk Analyst,Employee
E000192,BU009,Branch Manager,Employee
E000193,BU009,Software Engineer,Contractor
E000194,BU003,Data Engineer,Employee
E000195,BU001,Security Analyst,Employee
E000196,BU001,Financial Advisor,Contractor
E000197,BU004,Data Engineer,Employee
E000198,BU009,Financial Advisor,Employee
E000199,BU008,Network Engineer,Employee
E000200,BU005,Operations Analyst,Employee
E000201,BU003,Financial Advisor,Employee
E000202,BU001,Network Engineer,Employee
E000203,BU001,Customer Service Rep,Contractor
E000204,BU009,Network Engineer,Employee
E000205,BU003,Risk Analyst,Employee
E000206,BU001,Data Engineer,Employee
E000207,BU001,Systems Administrator,Employee
E000208,BU004,Operations Analyst,Employee
E000209,BU001,Financial Advisor,Employee
E000210,BU001,Operations Analyst,Employee
E000211,BU003,Data Engineer,Employee
E000212,BU004,Data Engineer,Employee
E000213,BU003,Financial Advisor,Employee
E000214,BU001,Security Analyst,Employee
E000215,BU004,Systems Administrator,Employee
E000216,BU001,Financial Advisor,Employee
E000217,BU001,Branch Manager,Employee
E000218,BU005,Operations Analyst,Contractor
E000219,BU003,Branch Manager,Employee
E000220,BU007,Operations Analyst,Employee
E000221,BU003,Customer Service Rep,Employee
E000222,BU003,Operations Analyst,Employee
E000223,BU001,Data Engineer,Employee
E000224,BU001,Network Engineer,Contractor
E000225,BU001,Branch Manager,Employee
E000226,BU001,Branch Manager,Employee
E000227,BU010,Software Engineer,Employee
E000228,BU001,Operations Analyst,Employee
E000229,BU009,Systems Administrator,Employee
E000230,BU003,Risk Analyst,Employee
E000231,BU006,Branch Manager,Employee
E000232,BU002,Operations Analyst,Employee
E000233,BU003,Data Engineer,Employee
E000234,BU002,Risk Analyst,Employee
E000235,BU001,Security Analyst,Employee
E000236,BU004,Network Engineer,Employee
E000237,BU001,Operations Analyst,Employee
E000238,BU001,Customer Service Rep,Employee
E000239,BU003,Risk Analyst,Employee
E000240,BU001,Security Analyst,Employee
E000241,BU009,Operations Analyst,Contractor
E000242,BU009,Operations Analyst,Employee
E000243,BU009,Risk Analyst,Employee
E000244,BU001,Risk Analyst,Employee
E000245,BU001,Risk Analyst,Employee
E000246,BU009,Financial Advisor,Employee
E000247,BU002,Network Engineer,Employee
E000248,BU010,Branch Manager,Employee
E000249,BU010,Risk Analyst,Employee
E000250,BU007,Risk Analyst,Employee
E000251,BU001,Financial Advisor,Employee
E000252,BU001,Data Engineer,Employee
E000253,BU007,Security Analyst,Employee
E000254,BU001,Systems Administrator,Contractor
E000255,BU001,Operations Analyst,Employee
E000256,BU003,Operations Analyst,Employee
E000257,BU009,Risk Analyst,Employee
E000258,BU004,Financial Advisor,Employee
E000259,BU003,Network Engineer,Contractor
E000260,BU001,Systems Administrator,Employee
E000261,BU003,Data Engineer,Employee
E000262,BU010,Software Engineer,Contractor
E000263,BU001,Data Engineer,Employee
E000264,BU002,Software Engineer,Employee
E000265,BU008,Financial Advisor,Employee
E000266,BU005,Network Engineer,Employee
E000267,BU004,Systems Administrator,Employee
E000268,BU004,Software Engineer,Employee
E000269,BU001,Risk Analyst,Employee
E000270,BU001,Branch Manager,Employee
E000271,BU006,Branch Manager,Employee
E000272,BU006,Risk Analyst,Employee
E000273,BU008,Network Engineer,Employee
E000274,BU009,Customer Service Rep,Employee
E000275,BU002,Operations Analyst,Employee
E000276,BU002,Data Engineer,Employee
E000277,BU006,Software Engineer,Employee
E000278,BU003,Branch Manager,Employee
E000279,BU004,Risk Analyst,Employee
E000280,BU006,Systems Administrator,Employee
E000281,BU009,Systems Administrator,Employee
E000282,BU001,Software Engineer,Employee
E000283,BU001,Customer Service Rep,Employee
E000284,BU001,Security Analyst,Employee
E000285,BU003,Security Analyst,Employee
E000286,BU001,Financial Advisor,Employee
E000287,BU002,Network Engineer,Employee
E000288,BU003,Network Engineer,Contractor
E000289,BU001,Data Engineer,Contractor
E000290,BU003,Data Engineer,Employee
E000291,BU001,Security Analyst,Employee
E000292,BU001,Software Engineer,Employee
E000293,BU007,Branch Manager,Employee
E000294,BU001,Branch Manager,Employee
E000295,BU001,Risk Analyst,Contractor
E000296,BU002,Software Engineer,Employee
E000297,BU005,Branch Manager,Employee
E000298,BU001,Customer Service Rep,Contractor
E000299,BU003,Operations Analyst,Contractor
E000300,BU001,Network Engineer,Contractor
E000301,BU001,Customer Service Rep,Employee
E000302,BU002,Branch Manager,Employee
E000303,BU003,Operations Analyst,Employee
E000304,BU003,Risk Analyst,Employee
E000305,BU004,Data Engineer,Employee
E000306,BU010,Software Engineer,Employee
E000307,BU002,Software Engineer,Employee
E000308,BU001,Branch Manager,Employee
E000309,BU006,Financial Advisor,Employee
E000310,BU001,Branch Manager,Employee
E000311,BU002,Data Engineer,Employee
E000312,BU001,Data Engineer,Employee
E000313,BU001,Risk Analyst,Contractor
E000314,BU010,Security Analyst,Employee
E000315,BU007,Data Engineer,Employee
E000316,BU004,Data Engineer,Employee
E000317,BU001,Network Engineer,Employee
E000318,BU001,Customer Service Rep,Employee
E000319,BU001,Network Engineer,Employee
E000320,BU001,Branch Manager,Employee
E000321,BU003,Data Engineer,Employee
E000322,BU004,Systems Administrator,Employee
E000323,BU004,Operations Analyst,Employee
E000324,BU001,Branch Manager,Employee
E000325,BU009,Risk Analyst,Contractor
E000326,BU004,Risk Analyst,Employee
E000327,BU003,Branch Manager,Employee
E000328,BU003,Software Engineer,Employee
E000329,BU001,Security Analyst,Employee
E000330,BU001,Customer Service Rep,Employee
E000331,BU001,Security Analyst,Employee
E000332,BU005,Operations Analyst,Employee
E000333,BU001,Risk Analyst,Employee
E000334,BU001,Risk Analyst,Contractor
E000335,BU001,Branch Manager,Employee
E000336,BU001,Risk Analyst,Employee
E000337,BU007,Software Engineer,Employee
E000338,BU004,Security Analyst,Employee
E000339,BU002,Risk Analyst,Employee
E000340,BU001,Financial Advisor,Employee
E000341,BU002,Systems Administrator,Employee
E000342,BU002,Financial Advisor,Employee
E000343,BU001,Branch Manager,Employee
E000344,BU002,Operations Analyst,Contractor
E000345,BU001,Systems Administrator,Employee
E000346,BU003,Data Engineer,Contractor
E000347,BU003,Financial Advisor,Employee
E000348,BU001,Software Engineer,Contractor
E000349,BU001,Customer Service Rep,Employee
E000350,BU003,Operations Analyst,Employee
E000351,BU002,Operations Analyst,Employee
E000352,BU007,Software Engineer,Employee
E000353,BU003,Software Engineer,Employee
E000354,BU001,Financial Advisor,Employee
E000355,BU001,Systems Administrator,Employee
E000356,BU003,Branch Manager,Employee
E000357,BU001,Risk Analyst,Employee
E000358,BU003,Operations Analyst,Employee
E000359,BU009,Financial Advisor,Employee
E000360,BU003,Financial Advisor,Employee
E000361,BU001,Financial Advisor,Employee
E000362,BU003,Network Engineer,Employee
E000363,BU002,Security Analyst,Employee
E000364,BU003,Customer Service Rep,Employee
E000365,BU009,Branch Manager,Contractor
E000366,BU001,Data Engineer,Employee
E000367,BU010,Security Analyst,Employee
E000368,BU009,Financial Advisor,Employee
E000369,BU001,Systems Administrator,Employee
E000370,BU001,Financial Advisor,Contractor
E000371,BU001,Systems Administrator,Employee
E000372,BU001,Software Engineer,Contractor
E000373,BU001,Network Engineer,Employee
E000374,BU004,Operations Analyst,Employee
E000375,BU001,Branch Manager,Employee
E000376,BU001,Branch Manager,Employee
E000377,BU007,Data Engineer,Employee
E000378,BU001,Risk Analyst,Contractor
E000379,BU006,Data Engineer,Employee
E000380,BU001,Software Engineer,Employee
E000381,BU001,Security Analyst,Employee
E000382,BU004,Data Engineer,Employee
E000383,BU003,Branch Manager,Employee
E000384,BU008,Network Engineer,Employee
E000385,BU004,Software Engineer,Employee
E000386,BU006,Operations Analyst,Employee
E000387,BU001,Data Engineer,Employee
E000388,BU001,Systems Administrator,Employee
E000389,BU005,Network Engineer,Contractor
E000390,BU006,Customer Service Rep,Employee
E000391,BU010,Branch Manager,Employee
E000392,BU001,Financial Advisor,Employee
E000393,BU001,Operations Analyst,Employee
E000394,BU005,Branch Manager,Contractor
E000395,BU001,Software Engineer,Employee
E000396,BU009,Systems Administrator,Employee
E000397,BU007,Data Engineer,Contractor
E000398,BU002,Software Engineer,Contractor
E000399,BU005,Network Engineer,Contractor
E000400,BU005,Systems Administrator,Employee
E000401,BU001,Financial Advisor,Employee
E000402,BU009,Risk Analyst,Employee
E000403,BU002,Data Engineer,Contractor
E000404,BU007,Operations Analyst,Employee
E000405,BU001,Branch Manager,Employee
E000406,BU009,Systems Administrator,Employee
E000407,BU001,Data Engineer,Employee
E000408,BU001,Operations Analyst,Employee
E000409,BU009,Security Analyst,Contractor
E000410,BU001,Software Engineer,Employee
E000411,BU001,Branch Manager,Employee
E000412,BU009,Customer Service Rep,Employee
E000413,BU009,Security Analyst,Employee
E000414,BU003,Operations Analyst,Employee
E000415,BU003,Security Analyst,Employee
E000416,BU002,Data Engineer,Employee
E000417,BU001,Systems Administrator,Contractor
E000418,BU001,Customer Service Rep,Contractor
E000419,BU004,Risk Analyst,Employee
E000420,BU005,Systems Administrator,Employee
E000421,BU006,Risk Analyst,Employee
E000422,BU006,Operations Analyst,Employee
E000423,BU001,Financial Advisor,Employee
E000424,BU002,Systems Administrator,Employee
E000425,BU001,Operations Analyst,Employee
E000426,BU003,Data Engineer,Employee
E000427,BU002,Risk Analyst,Employee
E000428,BU008,Operations Analyst,Employee
E000429,BU001,Branch Manager,Employee
E000430,BU001,Risk Analyst,Employee
E000431,BU001,Data Engineer,Employee
E000432,BU005,Branch Manager,Employee
E000433,BU003,Operations Analyst,Employee
E000434,BU001,Security Analyst,Employee
E000435,BU001,Network Engineer,Employee
E000436,BU004,Systems Administrator,Employee
E000437,BU001,Customer Service Rep,Employee
E000438,BU007,Data Engineer,Employee
E000439,BU004,Financial Advisor,Contractor
E000440,BU001,Customer Service Rep,Employee
E000441,BU001,Operations Analyst,Employee
E000442,BU010,Branch Manager,Contractor
E000443,BU001,Risk Analyst,Employee
E000444,BU001,Customer Service Rep,Contractor
E000445,BU006,Branch Manager,Employee
E000446,BU009,Network Engineer,Employee
E000447,BU010,Risk Analyst,Employee
E000448,BU005,Systems Administrator,Employee
E000449,BU001,Security Analyst,Employee
E000450,BU001,Network Engineer,Employee
E000451,BU005,Risk Analyst,Employee
E000452,BU003,Network Engineer,Employee
E000453,BU002,Systems Administrator,Employee
E000454,BU009,Branch Manager,Employee
E000455,BU001,Risk Analyst,Employee
E000456,BU002,Operations Analyst,Employee
E000457,BU001,Data Engineer,Contractor
E000458,BU002,Customer Service Rep,Contractor
E000459,BU001,Security Analyst,Employee
E000460,BU001,Software Engineer,Employee
E000461,BU001,Financial Advisor,Employee
E000462,BU003,Branch Manager,Contractor
E000463,BU005,Data Engineer,Employee
E000464,BU003,Financial Advisor,Employee
E000465,BU010,Software Engineer,Employee
E000466,BU001,Risk Analyst,Employee
E000467,BU001,Network Engineer,Employee
E000468,BU008,Data Engineer,Employee
E000469,BU001,Security Analyst,Employee
E000470,BU010,Systems Administrator,Employee
E000471,BU001,Operations Analyst,Employee
E000472,BU010,Customer Service Rep,Employee
E000473,BU001,Network Engineer,Employee
E000474,BU009,Branch Manager,Employee
E000475,BU002,Financial Advisor,Employee
E000476,BU010,Branch Manager,Employee
E000477,BU001,Branch Manager,Employee
E000478,BU003,Data Engineer,Employee
E000479,BU010,Systems Administrator,Employee
E000480,BU002,Financial Advisor,Employee
E000481,BU003,Financial Advisor,Employee
E000482,BU004,Financial Advisor,Employee
E000483,BU002,Branch Manager,Employee
E000484,BU003,Data Engineer,Employee
E000485,BU003,Branch Manager,Employee
E000486,BU009,Operations Analyst,Employee
E000487,BU001,Operations Analyst,Employee
E000488,BU001,Financial Advisor,Employee
E000489,BU009,Systems Administrator,Employee
E000490,BU009,Systems Administrator,Contractor
E000491,BU002,Financial Advisor,Employee
E000492,BU003,Risk Analyst,Employee
E000493,BU001,Security Analyst,Employee
E000494,BU001,Financial Advisor,Employee
E000495,BU002,Data Engineer,Employee
E000496,BU001,Data Engineer,Employee
E000497,BU003,Data Engineer,Employee
E000498,BU001,Financial Advisor,Employee
E000499,BU010,Data Engineer,Employee
E000500,BU010,Data Engineer,Employee
E000501,BU004,Software Engineer,Employee
E000502,BU002,Software Engineer,Employee
E000503,BU001,Customer Service Rep,Employee
E000504,BU006,Risk Analyst,Employee
E000505,BU004,Network Engineer,Contractor
E000506,BU001,Branch Manager,Employee
E000507,BU009,Data Engineer,Employee
E000508,BU007,Customer Service Rep,Employee
E000509,BU009,Operations Analyst,Contractor
E000510,BU004,Systems Administrator,Employee
E000511,BU003,Network Engineer,Employee
E000512,BU001,Customer Service Rep,Employee
E000513,BU009,Systems Administrator,Employee
E000514,BU008,Financial Advisor,Employee
E000515,BU001,Risk Analyst,Employee
E000516,BU001,Software Engineer,Employee
E000517,BU001,Financial Advisor,Employee
E000518,BU006,Financial Advisor,Employee
E000519,BU010,Customer Service Rep,Employee
E000520,BU001,Risk Analyst,Employee
E000521,BU003,Security Analyst,Employee
E000522,BU001,Data Engineer,Employee
E000523,BU010,Risk Analyst,Employee
E000524,BU007,Customer Service Rep,Employee
E000525,BU007,Systems Administrator,Employee
E000526,BU002,Network Engineer,Employee
E000527,BU001,Systems Administrator,Employee
E000528,BU001,Financial Advisor,Contractor
E000529,BU001,Operations Analyst,Contractor
E000530,BU008,Operations Analyst,Employee
E000531,BU006,Operations Analyst,Employee
E000532,BU010,Risk Analyst,Employee
E000533,BU010,Security Analyst,Employee
E000534,BU003,Security Analyst,Employee
E000535,BU005,Security Analyst,Employee
E000536,BU009,Risk Analyst,Contractor
E000537,BU007,Branch Manager,Contractor
E000538,BU001,Security Analyst,Contractor
E000539,BU002,Customer Service Rep,Employee
E000540,BU001,Software Engineer,Contractor
E000541,BU009,Branch Manager,Employee
E000542,BU003,Systems Administrator,Contractor
E000543,BU001,Operations Analyst,Employee
E000544,BU004,Branch Manager,Employee
E000545,BU003,Data Engineer,Employee
E000546,BU001,Risk Analyst,Employee
E000547,BU001,Branch Manager,Employee
E000548,BU004,Risk Analyst,Contractor
E000549,BU002,Software Engineer,Employee
E000550,BU005,Financial Advisor,Employee
E000551,BU002,Security Analyst,Employee
E000552,BU007,Systems Administrator,Employee
E000553,BU003,Network Engineer,Employee
E000554,BU003,Risk Analyst,Employee
E000555,BU008,Data Engineer,Employee
E000556,BU001,Customer Service Rep,Contractor
E000557,BU001,Financial Advisor,Contractor
E000558,BU001,Financial Advisor,Employee
E000559,BU005,Software Engineer,Contractor
E000560,BU003,Operations Analyst,Employee
E000561,BU004,Network Engineer,Employee
E000562,BU001,Operations Analyst,Employee
E000563,BU001,Systems Administrator,Employee
E000564,BU001,Financial Advisor,Employee
E000565,BU001,Network Engineer,Contractor
E000566,BU003,Software Engineer,Employee
E000567,BU001,Operations Analyst,Employee
E000568,BU002,Security Analyst,Contractor
E000569,BU009,Network Engineer,Employee
E000570,BU001,Network Engineer,Employee
E000571,BU002,Risk Analyst,Contractor
E000572,BU006,Security Analyst,Contractor
E000573,BU001,Branch Manager,Contractor
E000574,BU003,Network Engineer,Employee
E000575,BU008,Financial Advisor,Employee
E000576,BU009,Software Engineer,Employee
E000577,BU001,Systems Administrator,Employee
E000578,BU009,Data Engineer,Employee
E000579,BU002,Security Analyst,Contractor
E000580,BU001,Customer Service Rep,Contractor
E000581,BU002,Data Engineer,Employee
E000582,BU010,Data Engineer,Employee
E000583,BU002,Financial Advisor,Employee
E000584,BU001,Operations Analyst,Employee
E000585,BU003,Data Engineer,Employee
E000586,BU001,Software Engineer,Employee
E000587,BU001,Data Engineer,Employee
E000588,BU001,Operations Analyst,Employee
E000589,BU001,Risk Analyst,Employee
E000590,BU001,Network Engineer,Employee
E000591,BU001,Branch Manager,Employee
E000592,BU003,Financial Advisor,Employee
E000593,BU001,Risk Analyst,Employee
E000594,BU001,Software Engineer,Employee
E000595,BU009,Software Engineer,Employee
E000596,BU002,Operations Analyst,Employee
E000597,BU004,Systems Administrator,Employee
E000598,BU001,Financial Advisor,Contractor
E000599,BU001,Financial Advisor,Employee
E000600,BU001,Risk Analyst,Employee
E000601,BU001,Data Engineer,Employee
E000602,BU001,Network Engineer,Employee
E000603,BU001,Data Engineer,Employee
E000604,BU001,Systems Administrator,Contractor
E000605,BU001,Security Analyst,Employee
E000606,BU002,Security Analyst,Contractor
E000607,BU001,Customer Service Rep,Employee
E000608,BU001,Risk Analyst,Employee
E000609,BU002,Operations Analyst,Employee
E000610,BU004,Systems Administrator,Contractor
E000611,BU001,Network Engineer,Employee
E000612,BU006,Financial Advisor,Employee
E000613,BU003,Software Engineer,Employee
E000614,BU001,Systems Administrator,Employee
E000615,BU008,Network Engineer,Employee
E000616,BU009,Systems Administrator,Contractor
E000617,BU001,Data Engineer,Employee
E000618,BU001,Customer Service Rep,Employee
E000619,BU006,Network Engineer,Employee
E000620,BU005,Data Engineer,Employee
E000621,BU001,Risk Analyst,Employee
E000622,BU001,Software Engineer,Employee
E000623,BU001,Operations Analyst,Employee
E000624,BU002,Customer Service Rep,Employee
E000625,BU003,Network Engineer,Employee
E000626,BU001,Network Engineer,Contractor
E000627,BU002,Branch Manager,Contractor
E000628,BU005,Data Engineer,Employee
E000629,BU001,Financial Advisor,Employee
E000630,BU001,Risk Analyst,Employee
E000631,BU004,Risk Analyst,Employee
E000632,BU009,Network Engineer,Employee
E000633,BU002,Risk Analyst,Employee
E000634,BU002,Customer Service Rep,Employee
E000635,BU001,Operations Analyst,Contractor
E000636,BU002,Security Analyst,Employee
E000637,BU002,Operations Analyst,Employee
E000638,BU001,Operations Analyst,Contractor
E000639,BU001,Operations Analyst,Contractor
E000640,BU001,Branch Manager,Employee
E000641,BU001,Financial Advisor,Employee
E000642,BU001,Security Analyst,Employee
E000643,BU001,Security Analyst,Employee
E000644,BU001,Operations Analyst,Employee
E000645,BU001,Security Analyst,Employee
E000646,BU009,Network Engineer,Contractor
E000647,BU003,Customer Service Rep,Employee
E000648,BU004,Financial Advisor,Employee
E000649,BU006,Risk Analyst,Employee
E000650,BU002,Customer Service Rep,Employee
E000651,BU001,Network Engineer,Employee
E000652,BU002,Branch Manager,Employee
E000653,BU003,Financial Advisor,Contractor
E000654,BU005,Branch Manager,Employee
E000655,BU002,Systems Administrator,Employee
E000656,BU001,Software Engineer,Employee
E000657,BU001,Branch Manager,Employee
E000658,BU001,Data Engineer,Employee
E000659,BU003,Software Engineer,Employee
E000660,BU003,Operations Analyst,Employee
E000661,BU001,Operations Analyst,Contractor
E000662,BU010,Customer Service Rep,Employee
E000663,BU003,Network Engineer,Employee
E000664,BU001,Security Analyst,Employee
E000665,BU001,Software Engineer,Employee
E000666,BU001,Risk Analyst,Employee
E000667,BU001,Financial Advisor,Employee
E000668,BU001,Systems Administrator,Employee
E000669,BU001,Network Engineer,Contractor
E000670,BU001,Network Engineer,Contractor
E000671,BU001,Systems Administrator,Employee
E000672,BU009,Risk Analyst,Employee
E000673,BU001,Branch Manager,Contractor
E000674,BU002,Risk Analyst,Employee
E000675,BU001,Risk Analyst,Employee
E000676,BU010,Software Engineer,Employee
E000677,BU001,Data Engineer,Employee
E000678,BU001,Financial Advisor,Employee
E000679,BU010,Network Engineer,Contractor
E000680,BU008,Customer Service Rep,Employee
E000681,BU006,Security Analyst,Employee
E000682,BU001,Risk Analyst,Employee
E000683,BU001,Systems Administrator,Employee
E000684,BU004,Risk Analyst,Employee
E000685,BU009,Systems Administrator,Employee
E000686,BU003,Financial Advisor,Employee
E000687,BU003,Operations Analyst,Employee
E000688,BU001,Financial Advisor,Employee
E000689,BU005,Customer Service Rep,Contractor
E000690,BU001,Data Engineer,Employee
E000691,BU001,Software Engineer,Employee
E000692,BU002,Systems Administrator,Employee
E000693,BU002,Data Engineer,Employee
E000694,BU001,Systems Administrator,Employee
E000695,BU001,Software Engineer,Employee
E000696,BU003,Financial Advisor,Employee
E000697,BU001,Branch Manager,Contractor
E000698,BU003,Data Engineer,Employee
E000699,BU001,Systems Administrator,Employee
E000700,BU002,Data Engineer,Employee
E000701,BU002,Data Engineer,Employee
E000702,BU001,Systems Administrator,Employee
E000703,BU001,Software Engineer,Contractor
E000704,BU001,Software Engineer,Employee
E000705,BU001,Security Analyst,Employee
E000706,BU010,Security Analyst,Employee
E000707,BU001,Financial Advisor,Employee
E000708,BU006,Network Engineer,Employee
E000709,BU001,Data Engineer,Employee
E000710,BU004,Data Engineer,Employee
E000711,BU005,Financial Advisor,Employee
E000712,BU003,Customer Service Rep,Employee
E000713,BU002,Financial Advisor,Employee
E000714,BU001,Network Engineer,Employee
E000715,BU001,Financial Advisor,Employee
E000716,BU009,Customer Service Rep,Employee
E000717,BU007,Software Engineer,Contractor
E000718,BU010,Data Engineer,Employee
E000719,BU001,Network Engineer,Employee
E000720,BU004,Branch Manager,Employee
E000721,BU009,Security Analyst,Employee
E000722,BU001,Operations Analyst,Employee
E000723,BU001,Financial Advisor,Employee
E000724,BU005,Systems Administrator,Employee
E000725,BU003,Software Engineer,Employee
E000726,BU007,Data Engineer,Employee
E000727,BU001,Operations Analyst,Employee
E000728,BU006,Systems Administrator,Employee
E000729,BU001,Customer Service Rep,Employee
E000730,BU001,Financial Advisor,Employee
E000731,BU001,Security Analyst,Employee
E000732,BU006,Security Analyst,Employee
E000733,BU004,Branch Manager,Employee
E000734,BU002,Operations Analyst,Employee
E000735,BU001,Security Analyst,Employee
E000736,BU008,Customer Service Rep,Employee
E000737,BU001,Operations Analyst,Contractor
E000738,BU006,Operations Analyst,Contractor
E000739,BU002,Security Analyst,Employee
E000740,BU001,Operations Analyst,Contractor
E000741,BU002,Data Engineer,Employee
E000742,BU001,Branch Manager,Employee
E000743,BU005,Security Analyst,Employee
E000744,BU002,Data Engineer,Employee
E000745,BU001,Branch Manager,Employee
E000746,BU009,Software Engineer,Employee
E000747,BU001,Branch Manager,Employee
E000748,BU003,Risk Analyst,Employee
E000749,BU009,Operations Analyst,Employee
E000750,BU003,Customer Service Rep,Employee
E000751,BU001,Security Analyst,Employee
E000752,BU009,Software Engineer,Employee
E000753,BU003,Risk Analyst,Employee
E000754,BU001,Customer Service Rep,Employee
E000755,BU001,Financial Advisor,Contractor
E000756,BU006,Customer Service Rep,Employee
E000757,BU003,Operations Analyst,Employee
E000758,BU002,Data Engineer,Employee
E000759,BU009,Branch Manager,Employee
E000760,BU006,Financial Advisor,Employee
E000761,BU001,Branch Manager,Employee
E000762,BU001,Operations Analyst,Employee
E000763,BU001,Security Analyst,Employee
E000764,BU005,Software Engineer,Contractor
E000765,BU001,Financial Advisor,Employee
E000766,BU003,Security Analyst,Employee
E000767,BU005,Risk Analyst,Employee
E000768,BU008,Security Analyst,Employee
E000769,BU001,Systems Administrator,Employee
E000770,BU007,Financial Advisor,Employee
E000771,BU001,Security Analyst,Contractor
E000772,BU007,Data Engineer,Employee
E000773,BU001,Data Engineer,Contractor
E000774,BU001,Risk Analyst,Contractor
E000775,BU006,Branch Manager,Employee
E000776,BU001,Network Engineer,Contractor
E000777,BU001,Security Analyst,Employee
E000778,BU004,Operations Analyst,Employee
E000779,BU004,Financial Advisor,Employee
E000780,BU003,Security Analyst,Employee
E000781,BU004,Branch Manager,Employee
E000782,BU003,Security Analyst,Employee
E000783,BU001,Network Engineer,Employee
E000784,BU001,Software Engineer,Employee
E000785,BU001,Network Engineer,Employee
E000786,BU009,Operations Analyst,Employee
E000787,BU003,Network Engineer,Employee
E000788,BU001,Operations Analyst,Employee
E000789,BU002,Branch Manager,Employee
E000790,BU009,Financial Advisor,Contractor
E000791,BU001,Network Engineer,Employee
E000792,BU003,Data Engineer,Employee
E000793,BU002,Risk Analyst,Employee
E000794,BU003,Network Engineer,Employee
E000795,BU001,Financial Advisor,Employee
E000796,BU008,Branch Manager,Contractor
E000797,BU009,Data Engineer,Employee
E000798,BU003,Operations Analyst,Employee
E000799,BU004,Data Engineer,Employee
E000800,BU009,Network Engineer,Employee
E000801,BU004,Branch Manager,Employee
E000802,BU001,Operations Analyst,Employee
E000803,BU003,Customer Service Rep,Employee
E000804,BU003,Systems Administrator,Employee
E000805,BU002,Security Analyst,Employee
E000806,BU004,Software Engineer,Employee
E000807,BU009,Financial Advisor,Employee
E000808,BU009,Financial Advisor,Employee
E000809,BU002,Financial Advisor,Employee
E000810,BU001,Customer Service Rep,Employee
E000811,BU010,Branch Manager,Contractor
E000812,BU007,Data Engineer,Employee
E000813,BU001,Operations Analyst,Employee
E000814,BU009,Data Engineer,Employee
E000815,BU008,Data Engineer,Employee
E000816,BU002,Software Engineer,Employee
E000817,BU003,Financial Advisor,Employee
E000818,BU001,Financial Advisor,Employee
E000819,BU001,Customer Service Rep,Contractor
E000820,BU001,Data Engineer,Employee
E000821,BU006,Software Engineer,Employee
E000822,BU001,Systems Administrator,Employee
E000823,BU001,Customer Service Rep,Employee
E000824,BU001,Customer Service Rep,Employee
E000825,BU002,Security Analyst,Employee
E000826,BU009,Systems Administrator,Employee
E000827,BU001,Financial Advisor,Employee
E000828,BU001,Data Engineer,Employee
E000829,BU004,Financial Advisor,Employee
E000830,BU002,Customer Service Rep,Employee
E000831,BU001,Financial Advisor,Employee
E000832,BU002,Branch Manager,Employee
E000833,BU001,Network Engineer,Employee
E000834,BU001,Systems Administrator,Employee
E000835,BU002,Data Engineer,Employee
E000836,BU001,Systems Administrator,Employee
E000837,BU009,Security Analyst,Employee
E000838,BU001,Financial Advisor,Contractor
E000839,BU003,Financial Advisor,Employee
E000840,BU003,Data Engineer,Employee
E000841,BU001,Data Engineer,Employee
E000842,BU004,Branch Manager,Employee
E000843,BU001,Software Engineer,Employee
E000844,BU010,Risk Analyst,Employee
E000845,BU001,Security Analyst,Employee
E000846,BU001,Financial Advisor,Employee
E000847,BU001,Data Engineer,Employee
E000848,BU010,Data Engineer,Contractor
E000849,BU002,Network Engineer,Employee
E000850,BU003,Security Analyst,Contractor
E000851,BU001,Risk Analyst,Employee
E000852,BU005,Network Engineer,Employee
E000853,BU001,Customer Service Rep,Employee
E000854,BU009,Security Analyst,Employee
E000855,BU001,Security Analyst,Contractor
E000856,BU001,Customer Service Rep,Employee
E000857,BU001,Systems Administrator,Employee
E000858,BU002,Operations Analyst,Employee
E000859,BU003,Branch Manager,Employee
E000860,BU001,Network Engineer,Employee
E000861,BU005,Operations Analyst,Employee
E000862,BU002,Customer Service Rep,Employee
E000863,BU002,Data Engineer,Employee
E000864,BU002,Network Engineer,Employee
E000865,BU001,Operations Analyst,Employee
E000866,BU003,Risk Analyst,Employee
E000867,BU001,Branch Manager,Employee
E000868,BU001,Risk Analyst,Employee
E000869,BU008,Data Engineer,Employee
E000870,BU009,Systems Administrator,Employee
E000871,BU001,Security Analyst,Employee
E000872,BU001,Customer Service Rep,Employee
E000873,BU003,Network Engineer,Employee
E000874,BU001,Software Engineer,Employee
E000875,BU001,Risk Analyst,Contractor
E000876,BU001,Systems Administrator,Employee
E000877,BU004,Network Engineer,Employee
E000878,BU003,Systems Administrator,Employee
E000879,BU001,Security Analyst,Employee
E000880,BU001,Systems Administrator,Employee
E000881,BU001,Network Engineer,Contractor
E000882,BU004,Security Analyst,Employee
E000883,BU001,Branch Manager,Employee
E000884,BU001,Operations Analyst,Employee
E000885,BU006,Software Engineer,Employee
E000886,BU001,Systems Administrator,Employee
E000887,BU003,Branch Manager,Employee
E000888,BU001,Software Engineer,Employee
E000889,BU001,Systems Administrator,Contractor
E000890,BU001,Network Engineer,Employee
E000891,BU004,Systems Administrator,Employee
E000892,BU007,Software Engineer,Employee
E000893,BU007,Network Engineer,Employee
E000894,BU001,Operations Analyst,Employee
E000895,BU004,Customer Service Rep,Contractor
E000896,BU001,Systems Administrator,Employee
E000897,BU001,Data Engineer,Employee
E000898,BU009,Customer Service Rep,Employee
E000899,BU001,Risk Analyst,Employee
E000900,BU001,Network Engineer,Employee
E000901,BU001,Financial Advisor,Employee
E000902,BU001,Network Engineer,Contractor
E000903,BU001,Systems Administrator,Employee
E000904,BU003,Network Engineer,Employee
E000905,BU002,Software Engineer,Employee
E000906,BU009,Operations Analyst,Employee
E000907,BU006,Security Analyst,Employee
E000908,BU001,Security Analyst,Employee
E000909,BU001,Network Engineer,Employee
E000910,BU001,Network Engineer,Employee
E000911,BU003,Operations Analyst,Contractor
E000912,BU001,Security Analyst,Employee
E000913,BU003,Branch Manager,Employee
E000914,BU001,Systems Administrator,Contractor
E000915,BU003,Customer Service Rep,Employee
E000916,BU002,Branch Manager,Employee
E000917,BU001,Operations Analyst,Contractor
E000918,BU009,Network Engineer,Employee
E000919,BU005,Systems Administrator,Employee
E000920,BU001,Data Engineer,Employee
E000921,BU008,Data Engineer,Employee
E000922,BU002,Risk Analyst,Employee
E000923,BU009,Risk Analyst,Employee
E000924,BU006,Systems Administrator,Employee
E000925,BU002,Financial Advisor,Employee
E000926,BU001,Network Engineer,Employee
E000927,BU001,Software Engineer,Employee
E000928,BU003,Data Engineer,Contractor
E000929,BU003,Network Engineer,Employee
E000930,BU001,Network Engineer,Employee
E000931,BU001,Operations Analyst,Employee
E000932,BU007,Security Analyst,Employee
E000933,BU010,Branch Manager,Contractor
E000934,BU002,Data Engineer,Employee
E000935,BU001,Risk Analyst,Employee
E000936,BU001,Network Engineer,Employee
E000937,BU001,Customer Service Rep,Employee
E000938,BU009,Branch Manager,Employee
E000939,BU001,Security Analyst,Employee
E000940,BU003,Risk Analyst,Employee
E000941,BU001,Operations Analyst,Employee
E000942,BU003,Data Engineer,Employee
E000943,BU003,Systems Administrator,Employee
E000944,BU007,Customer Service Rep,Employee
E000945,BU001,Data Engineer,Employee
E000946,BU001,Software Engineer,Contractor
E000947,BU001,Security Analyst,Employee
E000948,BU009,Security Analyst,Employee
E000949,BU008,Data Engineer,Employee
E000950,BU003,Security Analyst,Employee
E000951,BU003,Systems Administrator,Employee
E000952,BU004,Operations Analyst,Employee
E000953,BU001,Systems Administrator,Contractor
E000954,BU009,Software Engineer,Employee
E000955,BU001,Operations Analyst,Employee
E000956,BU001,Financial Advisor,Employee
E000957,BU002,Risk Analyst,Employee
E000958,BU001,Data Engineer,Employee
E000959,BU001,Operations Analyst,Employee
E000960,BU004,Operations Analyst,Employee
E000961,BU001,Software Engineer,Employee
E000962,BU003,Systems Administrator,Contractor
E000963,BU001,Software Engineer,Employee
E000964,BU001,Systems Administrator,Contractor
E000965,BU001,Operations Analyst,Employee
E000966,BU001,Security Analyst,Employee
E000967,BU004,Security Analyst,Employee
E000968,BU001,Systems Administrator,Employee
E000969,BU003,Branch Manager,Employee
E000970,BU002,Branch Manager,Employee
E000971,BU004,Financial Advisor,Employee
E000972,BU009,Customer Service Rep,Employee
E000973,BU004,Branch Manager,Employee
E000974,BU001,Branch Manager,Employee
E000975,BU001,Systems Administrator,Employee
E000976,BU001,Network Engineer,Employee
E000977,BU003,Security Analyst,Employee
E000978,BU001,Financial Advisor,Contractor
E000979,BU002,Branch Manager,Employee
E000980,BU003,Data Engineer,Employee
E000981,BU001,Security Analyst,Employee
E000982,BU005,Software Engineer,Employee
E000983,BU001,Customer Service Rep,Employee
E000984,BU001,Risk Analyst,Employee
E000985,BU004,Risk Analyst,Employee
E000986,BU002,Financial Advisor,Employee
E000987,BU004,Network Engineer,Employee
E000988,BU002,Branch Manager,Employee
E000989,BU001,Security Analyst,Employee
E000990,BU006,Security Analyst,Contractor
E000991,BU006,Financial Advisor,Contractor
E000992,BU004,Data Engineer,Employee
E000993,BU001,Software Engineer,Contractor
E000994,BU003,Network Engineer,Employee
E000995,BU001,Network Engineer,Employee
E000996,BU001,Security Analyst,Employee
E000997,BU009,Data Engineer,Employee
E000998,BU001,Data Engineer,Employee
E000999,BU009,Security Analyst,Employee
E001000,BU002,Data Engineer,Employee
E001001,BU001,Branch Manager,Employee
E001002,BU003,Financial Advisor,Employee
E001003,BU008,Customer Service Rep,Employee
E001004,BU004,Operations Analyst,Employee
E001005,BU006,Data Engineer,Employee
E001006,BU003,Security Analyst,Employee
E001007,BU004,Risk Analyst,Contractor
E001008,BU007,Risk Analyst,Employee
E001009,BU001,Branch Manager,Employee
E001010,BU002,Branch Manager,Employee
E001011,BU001,Branch Manager,Employee
E001012,BU010,Branch Manager,Employee
E001013,BU009,Risk Analyst,Employee
E001014,BU001,Branch Manager,Employee
E001015,BU004,Network Engineer,Employee
E001016,BU009,Systems Administrator,Employee
E001017,BU001,Risk Analyst,Employee
E001018,BU003,Risk Analyst,Employee
E001019,BU009,Software Engineer,Employee
E001020,BU001,Risk Analyst,Employee
E001021,BU004,Systems Administrator,Employee
E001022,BU001,Data Engineer,Contractor
E001023,BU009,Risk Analyst,Contractor
E001024,BU010,Network Engineer,Employee
E001025,BU009,Risk Analyst,Employee
E001026,BU002,Data Engineer,Employee
E001027,BU008,Software Engineer,Employee
E001028,BU007,Operations Analyst,Employee
E001029,BU001,Financial Advisor,Employee
E001030,BU007,Data Engineer,Employee
E001031,BU001,Risk Analyst,Employee
E001032,BU003,Financial Advisor,Contractor
E001033,BU001,Branch Manager,Employee
E001034,BU001,Customer Service Rep,Contractor
E001035,BU001,Operations Analyst,Contractor
E001036,BU004,Data Engineer,Employee
E001037,BU001,Financial Advisor,Employee
E001038,BU004,Systems Administrator,Employee
E001039,BU001,Security Analyst,Employee
E001040,BU001,Systems Administrator,Employee
E001041,BU002,Operations Analyst,Employee
E001042,BU006,Risk Analyst,Contractor
E001043,BU001,Systems Administrator,Employee
E001044,BU003,Data Engineer,Employee
E001045,BU008,Software Engineer,Employee
E001046,BU003,Customer Service Rep,Employee
E001047,BU001,Systems Administrator,Employee
E001048,BU001,Customer Service Rep,Employee
E001049,BU008,Data Engineer,Employee
E001050,BU001,Branch Manager,Employee
E001051,BU008,Financial Advisor,Employee
E001052,BU002,Operations Analyst,Employee
E001053,BU009,Data Engineer,Employee
E001054,BU006,Network Engineer,Contractor
E001055,BU010,Security Analyst,Employee
E001056,BU001,Network Engineer,Employee
E001057,BU005,Network Engineer,Employee
E001058,BU001,Customer Service Rep,Contractor
E001059,BU002,Systems Administrator,Employee
E001060,BU003,Data Engineer,Contractor
E001061,BU008,Risk Analyst,Employee
E001062,BU010,Operations Analyst,Employee
E001063,BU005,Software Engineer,Employee
E001064,BU001,Network Engineer,Employee
E001065,BU002,Security Analyst,Employee
E001066,BU004,Systems Administrator,Employee
E001067,BU001,Financial Advisor,Employee
E001068,BU001,Data Engineer,Employee
E001069,BU001,Branch Manager,Contractor
E001070,BU001,Security Analyst,Employee
E001071,BU001,Customer Service Rep,Contractor
E001072,BU001,Operations Analyst,Employee
E001073,BU001,Network Engineer,Employee
E001074,BU001,Risk Analyst,Contractor
E001075,BU010,Branch Manager,Employee
E001076,BU002,Software Engineer,Contractor
E001077,BU001,Network Engineer,Employee
E001078,BU004,Risk Analyst,Employee
E001079,BU001,Customer Service Rep,Employee
E001080,BU009,Customer Service Rep,Employee
E001081,BU006,Systems Administrator,Contractor
E001082,BU001,Financial Advisor,Employee
E001083,BU001,Software Engineer,Employee
E001084,BU008,Financial Advisor,Employee
E001085,BU009,Branch Manager,Employee
E001086,BU002,Systems Administrator,Employee
E001087,BU003,Customer Service Rep,Employee
E001088,BU001,Customer Service Rep,Employee
E001089,BU010,Network Engineer,Employee
E001090,BU001,Data Engineer,Employee
E001091,BU009,Security Analyst,Employee
E001092,BU003,Customer Service Rep,Employee
E001093,BU003,Operations Analyst,Employee
E001094,BU002,Security Analyst,Employee
E001095,BU001,Network Engineer,Employee
E001096,BU001,Operations Analyst,Employee
E001097,BU001,Security Analyst,Employee
E001098,BU001,Financial Advisor,Employee
E001099,BU005,Security Analyst,Employee
E001100,BU001,Systems Administrator,Contractor
E001101,BU001,Customer Service Rep,Employee
E001102,BU010,Systems Administrator,Employee
E001103,BU008,Data Engineer,Employee
E001104,BU009,Financial Advisor,Employee
E001105,BU010,Branch Manager,Employee
E001106,BU001,Network Engineer,Employee
E001107,BU001,Customer Service Rep,Employee
E001108,BU005,Branch Manager,Employee
E001109,BU004,Branch Manager,Contractor
E001110,BU001,Network Engineer,Employee
E001111,BU006,Branch Manager,Contractor
E001112,BU001,Risk Analyst,Employee
E001113,BU001,Systems Administrator,Employee
E001114,BU002,Software Engineer,Employee
E001115,BU003,Software Engineer,Employee
E001116,BU003,Data Engineer,Employee
E001117,BU001,Customer Service Rep,Employee
E001118,BU008,Data Engineer,Employee
E001119,BU001,Customer Service Rep,Employee
E001120,BU001,Software Engineer,Employee
E001121,BU008,Operations Analyst,Employee
E001122,BU009,Data Engineer,Contractor
E001123,BU008,Systems Administrator,Contractor
E001124,BU006,Systems Administrator,Employee
E001125,BU003,Risk Analyst,Employee
E001126,BU003,Software Engineer,Employee
E001127,BU001,Data Engineer,Employee
E001128,BU001,Systems Administrator,Employee
E001129,BU001,Software Engineer,Contractor
E001130,BU001,Systems Administrator,Contractor
E001131,BU004,Customer Service Rep,Employee
E001132,BU002,Network Engineer,Employee
E001133,BU001,Financial Advisor,Employee
E001134,BU001,Operations Analyst,Employee
E001135,BU004,Software Engineer,Employee
E001136,BU001,Risk Analyst,Employee
E001137,BU007,Data Engineer,Employee
E001138,BU002,Risk Analyst,Employee
E001139,BU002,Operations Analyst,Employee
E001140,BU003,Operations Analyst,Employee
E001141,BU007,Operations Analyst,Employee
E001142,BU001,Operations Analyst,Employee
E001143,BU004,Systems Administrator,Employee
E001144,BU003,Security Analyst,Employee
E001145,BU001,Data Engineer,Employee
E001146,BU008,Data Engineer,Employee
E001147,BU006,Financial Advisor,Employee
E001148,BU003,Network Engineer,Employee
E001149,BU007,Customer Service Rep,Employee
E001150,BU008,Financial Advisor,Employee
E001151,BU004,Customer Service Rep,Employee
E001152,BU007,Security Analyst,Employee
E001153,BU004,Software Engineer,Employee
E001154,BU004,Operations Analyst,Employee
E001155,BU003,Security Analyst,Employee
E001156,BU005,Security Analyst,Employee
E001157,BU001,Security Analyst,Contractor
E001158,BU008,Security Analyst,Employee
E001159,BU008,Security Analyst,Employee
E001160,BU001,Risk Analyst,Employee
E001161,BU007,Customer Service Rep,Contractor
E001162,BU001,Risk Analyst,Employee
E001163,BU001,Security Analyst,Employee
E001164,BU005,Operations Analyst,Employee
E001165,BU001,Branch Manager,Employee
E001166,BU006,Data Engineer,Contractor
E001167,BU007,Customer Service Rep,Employee
E001168,BU002,Operations Analyst,Employee
E001169,BU001,Data Engineer,Employee
E001170,BU001,Security Analyst,Employee
E001171,BU003,Risk Analyst,Employee
E001172,BU010,Risk Analyst,Contractor
E001173,BU003,Branch Manager,Employee
E001174,BU001,Network Engineer,Employee
E001175,BU003,Security Analyst,Employee
E001176,BU002,Operations Analyst,Employee
E001177,BU005,Financial Advisor,Employee
E001178,BU001,Systems Administrator,Employee
E001179,BU005,Financial Advisor,Employee
E001180,BU003,Risk Analyst,Employee
E001181,BU010,Financial Advisor,Employee
E001182,BU001,Customer Service Rep,Employee
E001183,BU003,Risk Analyst,Employee
E001184,BU009,Security Analyst,Contractor
E001185,BU001,Security Analyst,Employee
E001186,BU009,Customer Service Rep,Employee
E001187,BU004,Systems Administrator,Employee
E001188,BU001,Data Engineer,Employee
E001189,BU001,Customer Service Rep,Employee
E001190,BU004,Data Engineer,Employee
E001191,BU001,Software Engineer,Employee
E001192,BU003,Risk Analyst,Employee
E001193,BU001,Branch Manager,Employee
E001194,BU003,Systems Administrator,Employee
E001195,BU001,Network Engineer,Contractor
E001196,BU008,Systems Administrator,Employee
E001197,BU010,Data Engineer,Employee
E001198,BU010,Software Engineer,Employee
E001199,BU005,Data Engineer,Employee
E001200,BU001,Risk Analyst,Employee
E001201,BU005,Data Engineer,Employee
E001202,BU001,Operations Analyst,Employee
E001203,BU001,Security Analyst,Employee
E001204,BU001,Network Engineer,Employee
E001205,BU002,Software Engineer,Employee
E001206,BU005,Operations Analyst,Employee
E001207,BU004,Data Engineer,Employee
E001208,BU002,Network Engineer,Employee
E001209,BU001,Systems Administrator,Contractor
E001210,BU010,Financial Advisor,Employee
E001211,BU002,Operations Analyst,Employee
E001212,BU002,Financial Advisor,Employee
E001213,BU001,Customer Service Rep,Employee
E001214,BU006,Financial Advisor,Employee
E001215,BU004,Operations Analyst,Employee
E001216,BU001,Branch Manager,Employee
E001217,BU001,Risk Analyst,Employee
E001218,BU004,Customer Service Rep,Contractor
E001219,BU003,Financial Advisor,Contractor
E001220,BU001,Data Engineer,Employee
E001221,BU009,Operations Analyst,Employee
E001222,BU001,Software Engineer,Employee
E001223,BU002,Data Engineer,Employee
E001224,BU009,Systems Administrator,Contractor
E001225,BU001,Data Engineer,Employee
E001226,BU003,Operations Analyst,Contractor
E001227,BU001,Branch Manager,Contractor
E001228,BU001,Systems Administrator,Employee
E001229,BU010,Risk Analyst,Employee
E001230,BU001,Financial Advisor,Employee
E001231,BU009,Customer Service Rep,Employee
E001232,BU001,Systems Administrator,Employee
E001233,BU001,Financial Advisor,Employee
E001234,BU001,Software Engineer,Contractor
E001235,BU003,Systems Administrator,Employee
E001236,BU001,Systems Administrator,Employee
E001237,BU008,Customer Service Rep,Employee
E001238,BU002,Financial Advisor,Employee
E001239,BU010,Risk Analyst,Employee
E001240,BU001,Customer Service Rep,Employee
E001241,BU008,Financial Advisor,Employee
E001242,BU005,Risk Analyst,Employee
E001243,BU005,Software Engineer,Employee
E001244,BU007,Branch Manager,Employee
E001245,BU005,Customer Service Rep,Employee
E001246,BU003,Financial Advisor,Employee
E001247,BU001,Risk Analyst,Employee
E001248,BU001,Risk Analyst,Employee
E001249,BU009,Systems Administrator,Employee
E001250,BU003,Systems Administrator,Employee
E001251,BU006,Financial Advisor,Employee
E001252,BU002,Data Engineer,Employee
E001253,BU001,Software Engineer,Employee
E001254,BU001,Operations Analyst,Employee
E001255,BU004,Operations Analyst,Employee
E001256,BU002,Risk Analyst,Employee
E001257,BU001,Risk Analyst,Employee
E001258,BU002,Branch Manager,Employee
E001259,BU001,Security Analyst,Employee
E001260,BU003,Risk Analyst,Employee
E001261,BU001,Data Engineer,Contractor
E001262,BU006,Software Engineer,Employee
E001263,BU001,Operations Analyst,Employee
E001264,BU002,Software Engineer,Employee
E001265,BU001,Customer Service Rep,Employee
E001266,BU001,Risk Analyst,Employee
E001267,BU001,Data Engineer,Contractor
E001268,BU002,Financial Advisor,Employee
E001269,BU003,Systems Administrator,Employee
E001270,BU001,Risk Analyst,Employee
E001271,BU004,Risk Analyst,Contractor
E001272,BU008,Data Engineer,Employee
E001273,BU005,Security Analyst,Contractor
E001274,BU001,Software Engineer,Employee
E001275,BU002,Data Engineer,Employee
E001276,BU001,Network Engineer,Employee
E001277,BU001,Network Engineer,Employee
E001278,BU010,Network Engineer,Employee
E001279,BU001,Security Analyst,Employee
E001280,BU002,Data Engineer,Employee
E001281,BU003,Branch Manager,Employee
E001282,BU004,Risk Analyst,Contractor
E001283,BU003,Risk Analyst,Employee
E001284,BU001,Network Engineer,Employee
E001285,BU001,Systems Administrator,Employee
E001286,BU002,Data Engineer,Employee
E001287,BU001,Data Engineer,Contractor
E001288,BU001,Financial Advisor,Employee
E001289,BU001,Operations Analyst,Employee
E001290,BU001,Branch Manager,Employee
E001291,BU001,Systems Administrator,Employee
E001292,BU001,Security Analyst,Employee
E001293,BU003,Customer Service Rep,Employee
E001294,BU004,Security Analyst,Employee
E001295,BU006,Security Analyst,Employee
E001296,BU001,Operations Analyst,Employee
E001297,BU001,Security Analyst,Contractor
E001298,BU001,Operations Analyst,Employee
E001299,BU003,Financial Advisor,Employee
E001300,BU004,Operations Analyst,Employee
E001301,BU001,Security Analyst,Employee
E001302,BU009,Software Engineer,Employee
E001303,BU001,Financial Advisor,Employee
E001304,BU003,Risk Analyst,Employee
E001305,BU004,Security Analyst,Employee
E001306,BU008,Operations Analyst,Employee
E001307,BU004,Customer Service Rep,Employee
E001308,BU006,Security Analyst,Contractor
E001309,BU001,Financial Advisor,Employee
E001310,BU006,Operations Analyst,Employee
E001311,BU001,Systems Administrator,Employee
E001312,BU009,Data Engineer,Employee
E001313,BU003,Security Analyst,Employee
E001314,BU006,Risk Analyst,Employee
E001315,BU002,Network Engineer,Employee
E001316,BU003,Systems Administrator,Employee
E001317,BU002,Systems Administrator,Contractor
E001318,BU004,Branch Manager,Employee
E001319,BU001,Data Engineer,Contractor
E001320,BU001,Security Analyst,Employee
E001321,BU001,Systems Administrator,Employee
E001322,BU001,Branch Manager,Employee
E001323,BU008,Data Engineer,Employee
E001324,BU001,Data Engineer,Employee
E001325,BU010,Financial Advisor,Employee
E001326,BU001,Security Analyst,Contractor
E001327,BU001,Risk Analyst,Employee
E001328,BU006,Systems Administrator,Employee
E001329,BU003,Systems Administrator,Employee
E001330,BU002,Customer Service Rep,Contractor
E001331,BU003,Operations Analyst,Employee
E001332,BU004,Customer Service Rep,Contractor
E001333,BU001,Systems Administrator,Contractor
E001334,BU010,Security Analyst,Employee
E001335,BU010,Customer Service Rep,Contractor
E001336,BU003,Risk Analyst,Employee
E001337,BU001,Risk Analyst,Employee
E001338,BU004,Software Engineer,Employee
E001339,BU001,Software Engineer,Contractor
E001340,BU001,Software Engineer,Employee
E001341,BU001,Data Engineer,Employee
E001342,BU002,Security Analyst,Employee
E001343,BU008,Customer Service Rep,Employee
E001344,BU004,Data Engineer,Employee
E001345,BU005,Customer Service Rep,Contractor
E001346,BU002,Security Analyst,Employee
E001347,BU001,Branch Manager,Employee
E001348,BU001,Network Engineer,Employee
E001349,BU010,Financial Advisor,Employee
E001350,BU001,Software Engineer,Employee
E001351,BU008,Security Analyst,Employee
E001352,BU003,Financial Advisor,Contractor
E001353,BU002,Network Engineer,Employee
E001354,BU004,Branch Manager,Employee
E001355,BU002,Risk Analyst,Employee
E001356,BU008,Systems Administrator,Employee
E001357,BU009,Financial Advisor,Employee
E001358,BU002,Network Engineer,Employee
E001359,BU001,Data Engineer,Employee
E001360,BU003,Security Analyst,Employee
E001361,BU009,Security Analyst,Employee
E001362,BU001,Risk Analyst,Employee
E001363,BU003,Systems Administrator,Employee
E001364,BU003,Software Engineer,Employee
E001365,BU004,Customer Service Rep,Employee
E001366,BU001,Financial Advisor,Employee
E001367,BU004,Data Engineer,Employee
E001368,BU009,Security Analyst,Employee
E001369,BU001,Operations Analyst,Employee
E001370,BU001,Customer Service Rep,Contractor
E001371,BU010,Data Engineer,Employee
E001372,BU001,Risk Analyst,Employee
E001373,BU007,Customer Service Rep,Contractor
E001374,BU002,Security Analyst,Employee
E001375,BU001,Financial Advisor,Employee
E001376,BU008,Security Analyst,Employee
E001377,BU002,Software Engineer,Employee
E001378,BU002,Software Engineer,Employee
E001379,BU001,Network Engineer,Employee
E001380,BU003,Data Engineer,Employee
E001381,BU001,Software Engineer,Employee
E001382,BU001,Network Engineer,Employee
E001383,BU010,Financial Advisor,Employee
E001384,BU001,Risk Analyst,Employee
E001385,BU003,Data Engineer,Employee
E001386,BU001,Financial Advisor,Contractor
E001387,BU005,Customer Service Rep,Employee
E001388,BU001,Network Engineer,Employee
E001389,BU010,Network Engineer,Employee
E001390,BU002,Data Engineer,Employee
E001391,BU001,Software Engineer,Employee
E001392,BU001,Customer Service Rep,Employee
E001393,BU001,Customer Service Rep,Employee
E001394,BU002,Network Engineer,Contractor
E001395,BU001,Operations Analyst,Employee
E001396,BU007,Network Engineer,Employee
E001397,BU002,Software Engineer,Employee
E001398,BU001,Software Engineer,Employee
E001399,BU003,Software Engineer,Employee
E001400,BU004,Customer Service Rep,Employee
E001401,BU001,Risk Analyst,Employee
E001402,BU001,Branch Manager,Employee
E001403,BU001,Security Analyst,Employee
E001404,BU004,Systems Administrator,Employee
E001405,BU004,Operations Analyst,Employee
E001406,BU002,Network Engineer,Employee
E001407,BU007,Data Engineer,Employee
E001408,BU006,Systems Administrator,Employee
E001409,BU003,Systems Administrator,Employee
E001410,BU008,Risk Analyst,Employee
E001411,BU001,Operations Analyst,Employee
E001412,BU001,Software Engineer,Contractor
E001413,BU001,Data Engineer,Employee
E001414,BU001,Software Engineer,Employee
E001415,BU002,Branch Manager,Employee
E001416,BU009,Operations Analyst,Contractor
E001417,BU001,Systems Administrator,Employee
E001418,BU001,Data Engineer,Employee
E001419,BU002,Software Engineer,Employee
E001420,BU009,Systems Administrator,Employee
E001421,BU001,Data Engineer,Employee
E001422,BU002,Financial Advisor,Employee
E001423,BU001,Customer Service Rep,Contractor
E001424,BU001,Systems Administrator,Employee
E001425,BU010,Software Engineer,Employee
E001426,BU010,Operations Analyst,Employee
E001427,BU001,Financial Advisor,Employee
E001428,BU009,Security Analyst,Employee
E001429,BU003,Risk Analyst,Employee
E001430,BU008,Network Engineer,Employee
E001431,BU002,Customer Service Rep,Employee
E001432,BU002,Security Analyst,Employee
E001433,BU002,Data Engineer,Employee
E001434,BU004,Operations Analyst,Employee
E001435,BU001,Network Engineer,Employee
E001436,BU001,Data Engineer,Employee
E001437,BU001,Customer Service Rep,Employee
E001438,BU004,Software Engineer,Contractor
E001439,BU001,Data Engineer,Employee
E001440,BU004,Systems Administrator,Employee
E001441,BU010,Data Engineer,Contractor
E001442,BU001,Operations Analyst,Employee
E001443,BU004,Branch Manager,Employee
E001444,BU002,Branch Manager,Contractor
E001445,BU008,Financial Advisor,Employee
E001446,BU001,Risk Analyst,Employee
E001447,BU004,Customer Service Rep,Employee
E001448,BU007,Operations Analyst,Employee
E001449,BU009,Data Engineer,Employee
E001450,BU004,Risk Analyst,Contractor
E001451,BU002,Network Engineer,Employee
E001452,BU003,Security Analyst,Contractor
E001453,BU008,Customer Service Rep,Employee
E001454,BU003,Data Engineer,Employee
E001455,BU001,Risk Analyst,Employee
E001456,BU009,Branch Manager,Employee
E001457,BU004,Branch Manager,Employee
E001458,BU004,Operations Analyst,Employee
E001459,BU001,Security Analyst,Employee
E001460,BU003,Customer Service Rep,Employee
E001461,BU001,Risk Analyst,Employee
E001462,BU003,Operations Analyst,Employee
E001463,BU001,Risk Analyst,Employee
E001464,BU003,Software Engineer,Employee
E001465,BU010,Customer Service Rep,Employee
E001466,BU001,Financial Advisor,Contractor
E001467,BU010,Operations Analyst,Employee
E001468,BU001,Branch Manager,Employee
E001469,BU008,Financial Advisor,Employee
E001470,BU006,Data Engineer,Employee
E001471,BU003,Financial Advisor,Employee
E001472,BU004,Financial Advisor,Employee
E001473,BU008,Operations Analyst,Employee
E001474,BU001,Systems Administrator,Employee
E001475,BU001,Financial Advisor,Employee
E001476,BU004,Financial Advisor,Employee
E001477,BU006,Risk Analyst,Employee
E001478,BU005,Customer Service Rep,Contractor
E001479,BU006,Branch Manager,Employee
E001480,BU002,Operations Analyst,Employee
E001481,BU006,Security Analyst,Employee
E001482,BU001,Financial Advisor,Employee
E001483,BU003,Network Engineer,Employee
E001484,BU001,Customer Service Rep,Employee
E001485,BU001,Security Analyst,Employee
E001486,BU001,Risk Analyst,Employee
E001487,BU001,Security Analyst,Employee
E001488,BU004,Security Analyst,Employee
E001489,BU001,Security Analyst,Employee
E001490,BU002,Network Engineer,Contractor
E001491,BU001,Customer Service Rep,Employee
E001492,BU001,Security Analyst,Contractor
E001493,BU001,Data Engineer,Employee
E001494,BU001,Systems Administrator,Employee
E001495,BU003,Software Engineer,Employee
E001496,BU004,Branch Manager,Employee
E001497,BU003,Data Engineer,Employee
E001498,BU002,Financial Advisor,Employee
E001499,BU001,Risk Analyst,Contractor
E001500,BU008,Software Engineer,Employee
E001501,BU002,Operations Analyst,Employee
E001502,BU002,Customer Service Rep,Employee
E001503,BU001,Software Engineer,Employee
E001504,BU001,Financial Advisor,Employee
E001505,BU001,Financial Advisor,Employee
E001506,BU001,Data Engineer,Contractor
E001507,BU003,Branch Manager,Employee
E001508,BU002,Data Engineer,Contractor
E001509,BU003,Security Analyst,Employee
E001510,BU005,Operations Analyst,Employee
E001511,BU006,Risk Analyst,Employee
E001512,BU004,Branch Manager,Employee
E001513,BU009,Customer Service Rep,Employee
E001514,BU001,Customer Service Rep,Employee
E001515,BU001,Systems Administrator,Employee
E001516,BU001,Branch Manager,Employee
E001517,BU003,Branch Manager,Employee
E001518,BU009,Customer Service Rep,Employee
E001519,BU001,Software Engineer,Employee
E001520,BU009,Customer Service Rep,Employee
E001521,BU001,Software Engineer,Contractor
E001522,BU009,Financial Advisor,Employee
E001523,BU001,Financial Advisor,Employee
E001524,BU001,Risk Analyst,Employee
E001525,BU002,Security Analyst,Contractor
E001526,BU001,Operations Analyst,Employee
E001527,BU001,Risk Analyst,Employee
E001528,BU001,Branch Manager,Employee
E001529,BU006,Data Engineer,Employee
E001530,BU002,Software Engineer,Employee
E001531,BU001,Risk Analyst,Employee
E001532,BU003,Financial Advisor,Employee
E001533,BU004,Data Engineer,Employee
E001534,BU001,Security Analyst,Employee
E001535,BU001,Operations Analyst,Employee
E001536,BU001,Data Engineer,Employee
E001537,BU001,Risk Analyst,Employee
E001538,BU004,Customer Service Rep,Employee
E001539,BU001,Systems Administrator,Employee
E001540,BU002,Data Engineer,Employee
E001541,BU004,Risk Analyst,Employee
E001542,BU001,Network Engineer,Employee
E001543,BU003,Security Analyst,Employee
E001544,BU001,Network Engineer,Employee
E001545,BU010,Operations Analyst,Employee
E001546,BU002,Operations Analyst,Employee
E001547,BU006,Data Engineer,Employee
E001548,BU003,Data Engineer,Employee
E001549,BU001,Software Engineer,Employee
E001550,BU003,Customer Service Rep,Employee
E001551,BU009,Risk Analyst,Employee
E001552,BU003,Operations Analyst,Employee
E001553,BU006,Operations Analyst,Employee
E001554,BU008,Operations Analyst,Employee
E001555,BU001,Operations Analyst,Employee
E001556,BU001,Financial Advisor,Employee
E001557,BU003,Financial Advisor,Employee
E001558,BU001,Financial Advisor,Employee
E001559,BU007,Security Analyst,Employee
E001560,BU009,Systems Administrator,Employee
E001561,BU001,Branch Manager,Employee
E001562,BU001,Financial Advisor,Employee
E001563,BU006,Software Engineer,Employee
E001564,BU001,Customer Service Rep,Employee
E001565,BU007,Systems Administrator,Employee
E001566,BU002,Operations Analyst,Contractor
E001567,BU004,Branch Manager,Employee
E001568,BU001,Branch Manager,Employee
E001569,BU003,Security Analyst,Employee
E001570,BU002,Software Engineer,Employee
E001571,BU003,Branch Manager,Contractor
E001572,BU001,Network Engineer,Employee
E001573,BU004,Risk Analyst,Employee
E001574,BU008,Operations Analyst,Contractor
E001575,BU001,Network Engineer,Employee
E001576,BU001,Branch Manager,Employee
E001577,BU001,Branch Manager,Employee
E001578,BU003,Branch Manager,Employee
E001579,BU003,Security Analyst,Employee
E001580,BU003,Network Engineer,Employee
E001581,BU001,Financial Advisor,Employee
E001582,BU001,Financial Advisor,Employee
E001583,BU003,Financial Advisor,Employee
E001584,BU002,Customer Service Rep,Employee
E001585,BU010,Software Engineer,Contractor
E001586,BU001,Network Engineer,Employee
E001587,BU004,Risk Analyst,Employee
E001588,BU001,Financial Advisor,Contractor
E001589,BU002,Operations Analyst,Employee
E001590,BU004,Network Engineer,Employee
E001591,BU004,Software Engineer,Employee
E001592,BU010,Branch Manager,Employee
E001593,BU001,Data Engineer,Employee
E001594,BU001,Security Analyst,Contractor
E001595,BU004,Financial Advisor,Employee
E001596,BU003,Operations Analyst,Employee
E001597,BU001,Software Engineer,Employee
E001598,BU001,Financial Advisor,Employee
E001599,BU001,Operations Analyst,Employee
E001600,BU009,Security Analyst,Employee
E001601,BU001,Operations Analyst,Employee
E001602,BU001,Security Analyst,Employee
E001603,BU001,Software Engineer,Employee
E001604,BU001,Customer Service Rep,Employee
E001605,BU001,Financial Advisor,Employee
E001606,BU002,Financial Advisor,Employee
E001607,BU001,Software Engineer,Employee
E001608,BU006,Customer Service Rep,Employee
E001609,BU001,Customer Service Rep,Employee
E001610,BU003,Financial Advisor,Employee
E001611,BU008,Branch Manager,Employee
E001612,BU003,Security Analyst,Employee
E001613,BU002,Systems Administrator,Employee
E001614,BU001,Financial Advisor,Employee
E001615,BU001,Branch Manager,Employee
E001616,BU004,Financial Advisor,Employee
E001617,BU010,Branch Manager,Employee
E001618,BU004,Financial Advisor,Employee
E001619,BU003,Software Engineer,Employee
E001620,BU004,Systems Administrator,Employee
E001621,BU002,Network Engineer,Employee
E001622,BU001,Network Engineer,Employee
E001623,BU003,Risk Analyst,Employee
E001624,BU009,Security Analyst,Employee
E001625,BU001,Software Engineer,Employee
E001626,BU004,Systems Administrator,Contractor
E001627,BU001,Branch Manager,Employee
E001628,BU002,Security Analyst,Contractor
E001629,BU001,Systems Administrator,Employee
E001630,BU002,Customer Service Rep,Employee
E001631,BU005,Security Analyst,Employee
E001632,BU001,Software Engineer,Employee
E001633,BU004,Risk Analyst,Employee
E001634,BU006,Software Engineer,Employee
E001635,BU009,Branch Manager,Employee
E001636,BU001,Network Engineer,Employee
E001637,BU001,Operations Analyst,Employee
E001638,BU001,Data Engineer,Employee
E001639,BU010,Operations Analyst,Employee
E001640,BU009,Data Engineer,Employee
E001641,BU002,Software Engineer,Employee
E001642,BU007,Systems Administrator,Employee
E001643,BU002,Branch Manager,Employee
E001644,BU003,Financial Advisor,Employee
E001645,BU001,Network Engineer,Employee
E001646,BU005,Security Analyst,Employee
E001647,BU001,Risk Analyst,Employee
E001648,BU007,Branch Manager,Contractor
E001649,BU006,Software Engineer,Employee
E001650,BU004,Customer Service Rep,Employee
E001651,BU001,Customer Service Rep,Employee
E001652,BU001,Branch Manager,Employee
E001653,BU001,Data Engineer,Employee
E001654,BU001,Customer Service Rep,Employee
E001655,BU001,Software Engineer,Employee
E001656,BU009,Risk Analyst,Employee
E001657,BU003,Financial Advisor,Employee
E001658,BU001,Security Analyst,Employee
E001659,BU001,Operations Analyst,Employee
E001660,BU002,Systems Administrator,Contractor
E001661,BU003,Operations Analyst,Employee
E001662,BU002,Data Engineer,Employee
E001663,BU009,Customer Service Rep,Employee
E001664,BU002,Financial Advisor,Contractor
E001665,BU010,Security Analyst,Employee
E001666,BU007,Risk Analyst,Employee
E001667,BU001,Network Engineer,Employee
E001668,BU009,Branch Manager,Employee
E001669,BU001,Systems Administrator,Employee
E001670,BU006,Network Engineer,Employee
E001671,BU001,Systems Administrator,Employee
E001672,BU008,Operations Analyst,Employee
E001673,BU008,Customer Service Rep,Employee
E001674,BU006,Risk Analyst,Employee
E001675,BU006,Financial Advisor,Employee
E001676,BU001,Systems Administrator,Employee
E001677,BU001,Systems Administrator,Contractor
E001678,BU001,Security Analyst,Employee
E001679,BU001,Software Engineer,Employee
E001680,BU004,Systems Administrator,Employee
E001681,BU001,Branch Manager,Employee
E001682,BU010,Risk Analyst,Employee
E001683,BU003,Risk Analyst,Employee
E001684,BU007,Network Engineer,Contractor
E001685,BU001,Branch Manager,Employee
E001686,BU008,Financial Advisor,Employee
E001687,BU009,Data Engineer,Employee
E001688,BU002,Software Engineer,Contractor
E001689,BU003,Data Engineer,Employee
E001690,BU005,Network Engineer,Employee
E001691,BU001,Risk Analyst,Employee
E001692,BU002,Branch Manager,Employee
E001693,BU001,Data Engineer,Contractor
E001694,BU001,Financial Advisor,Employee
E001695,BU001,Financial Advisor,Employee
E001696,BU001,Customer Service Rep,Contractor
E001697,BU001,Systems Administrator,Employee
E001698,BU001,Systems Administrator,Employee
E001699,BU010,Financial Advisor,Employee
E001700,BU003,Branch Manager,Employee
E001701,BU010,Network Engineer,Employee
E001702,BU002,Customer Service Rep,Employee
E001703,BU001,Security Analyst,Employee
E001704,BU002,Financial Advisor,Employee
E001705,BU002,Branch Manager,Contractor
E001706,BU001,Operations Analyst,Employee
E001707,BU003,Risk Analyst,Employee
E001708,BU001,Data Engineer,Employee
E001709,BU003,Branch Manager,Employee
E001710,BU003,Operations Analyst,Employee
E001711,BU001,Systems Administrator,Contractor
E001712,BU001,Operations Analyst,Employee
E001713,BU006,Financial Advisor,Employee
E001714,BU002,Software Engineer,Contractor
E001715,BU001,Security Analyst,Employee
E001716,BU010,Data Engineer,Employee
E001717,BU001,Systems Administrator,Contractor
E001718,BU004,Operations Analyst,Employee
E001719,BU010,Software Engineer,Contractor
E001720,BU001,Systems Administrator,Employee
E001721,BU001,Financial Advisor,Employee
E001722,BU001,Operations Analyst,Employee
E001723,BU001,Branch Manager,Employee
E001724,BU001,Systems Administrator,Employee
E001725,BU004,Branch Manager,Contractor
E001726,BU001,Operations Analyst,Employee
E001727,BU002,Financial Advisor,Employee
E001728,BU010,Security Analyst,Employee
E001729,BU006,Network Engineer,Employee
E001730,BU003,Security Analyst,Employee
E001731,BU001,Operations Analyst,Employee
E001732,BU003,Operations Analyst,Contractor
E001733,BU002,Customer Service Rep,Contractor
E001734,BU002,Operations Analyst,Employee
E001735,BU001,Network Engineer,Employee
E001736,BU008,Software Engineer,Employee
E001737,BU002,Branch Manager,Employee
E001738,BU001,Financial Advisor,Contractor
E001739,BU001,Data Engineer,Employee
E001740,BU001,Operations Analyst,Employee
E001741,BU007,Security Analyst,Employee
E001742,BU004,Customer Service Rep,Employee
E001743,BU005,Customer Service Rep,Employee
E001744,BU001,Security Analyst,Employee
E001745,BU001,Risk Analyst,Employee
E001746,BU002,Operations Analyst,Employee
E001747,BU001,Branch Manager,Contractor
E001748,BU001,Customer Service Rep,Employee
E001749,BU005,Software Engineer,Employee
E001750,BU001,Financial Advisor,Employee
E001751,BU002,Branch Manager,Employee
E001752,BU001,Software Engineer,Employee
E001753,BU001,Customer Service Rep,Employee
E001754,BU001,Operations Analyst,Employee
E001755,BU010,Data Engineer,Employee
E001756,BU006,Branch Manager,Employee
E001757,BU009,Security Analyst,Employee
E001758,BU002,Operations Analyst,Employee
E001759,BU001,Customer Service Rep,Employee
E001760,BU003,Financial Advisor,Employee
E001761,BU002,Financial Advisor,Employee
E001762,BU007,Software Engineer,Employee
E001763,BU001,Network Engineer,Employee
E001764,BU002,Risk Analyst,Employee
E001765,BU001,Financial Advisor,Employee
E001766,BU001,Branch Manager,Employee
E001767,BU004,Operations Analyst,Employee
E001768,BU002,Branch Manager,Employee
E001769,BU001,Systems Administrator,Employee
E001770,BU001,Data Engineer,Employee
E001771,BU002,Operations Analyst,Contractor
E001772,BU006,Network Engineer,Employee
E001773,BU009,Network Engineer,Employee
E001774,BU009,Financial Advisor,Contractor
E001775,BU006,Network Engineer,Employee
E001776,BU001,Risk Analyst,Employee
E001777,BU004,Security Analyst,Employee
E001778,BU002,Financial Advisor,Contractor
E001779,BU001,Operations Analyst,Employee
E001780,BU007,Data Engineer,Contractor
E001781,BU001,Security Analyst,Employee
E001782,BU009,Customer Service Rep,Employee
E001783,BU002,Network Engineer,Employee
E001784,BU003,Operations Analyst,Employee
E001785,BU003,Operations Analyst,Contractor
E001786,BU009,Network Engineer,Employee
E001787,BU003,Security Analyst,Employee
E001788,BU003,Branch Manager,Employee
E001789,BU001,Security Analyst,Employee
E001790,BU002,Branch Manager,Employee
E001791,BU001,Financial Advisor,Employee
E001792,BU004,Risk Analyst,Employee
E001793,BU002,Software Engineer,Employee
E001794,BU004,Operations Analyst,Employee
E001795,BU001,Risk Analyst,Employee
E001796,BU001,Branch Manager,Employee
E001797,BU004,Security Analyst,Employee
E001798,BU001,Financial Advisor,Contractor
E001799,BU001,Network Engineer,Employee
E001800,BU001,Customer Service Rep,Employee
E001801,BU009,Network Engineer,Employee
E001802,BU004,Network Engineer,Employee
E001803,BU001,Risk Analyst,Employee
E001804,BU001,Customer Service Rep,Employee
E001805,BU001,Security Analyst,Employee
E001806,BU005,Data Engineer,Employee
E001807,BU004,Operations Analyst,Employee
E001808,BU001,Risk Analyst,Employee
E001809,BU001,Security Analyst,Employee
E001810,BU001,Financial Advisor,Employee
E001811,BU004,Financial Advisor,Contractor
E001812,BU005,Operations Analyst,Employee
E001813,BU001,Security Analyst,Employee
E001814,BU001,Risk Analyst,Employee
E001815,BU001,Customer Service Rep,Employee
E001816,BU010,Financial Advisor,Employee
E001817,BU001,Security Analyst,Employee
E001818,BU005,Customer Service Rep,Employee
E001819,BU003,Security Analyst,Employee
E001820,BU001,Data Engineer,Employee
E001821,BU001,Systems Administrator,Employee
E001822,BU001,Operations Analyst,Employee
E001823,BU003,Software Engineer,Employee
E001824,BU005,Financial Advisor,Employee
E001825,BU003,Security Analyst,Employee
E001826,BU002,Risk Analyst,Employee
E001827,BU001,Security Analyst,Employee
E001828,BU010,Risk Analyst,Employee
E001829,BU006,Branch Manager,Employee
E001830,BU001,Data Engineer,Employee
E001831,BU010,Network Engineer,Employee
E001832,BU003,Security Analyst,Employee
E001833,BU003,Customer Service Rep,Employee
E001834,BU005,Software Engineer,Employee
E001835,BU006,Network Engineer,Employee
E001836,BU003,Data Engineer,Employee
E001837,BU001,Branch Manager,Employee
E001838,BU001,Customer Service Rep,Employee
E001839,BU009,Data Engineer,Contractor
E001840,BU001,Systems Administrator,Employee
E001841,BU001,Branch Manager,Employee
E001842,BU002,Financial Advisor,Contractor
E001843,BU002,Systems Administrator,Employee
E001844,BU003,Systems Administrator,Employee
E001845,BU009,Network Engineer,Employee
E001846,BU001,Operations Analyst,Employee
E001847,BU001,Financial Advisor,Employee
E001848,BU001,Branch Manager,Employee
E001849,BU008,Network Engineer,Employee
E001850,BU003,Financial Advisor,Employee
E001851,BU001,Data Engineer,Employee
E001852,BU006,Software Engineer,Employee
E001853,BU008,Branch Manager,Employee
E001854,BU007,Network Engineer,Employee
E001855,BU009,Software Engineer,Employee
E001856,BU001,Branch Manager,Employee
E001857,BU005,Systems Administrator,Employee
E001858,BU002,Software Engineer,Employee
E001859,BU007,Software Engineer,Employee
E001860,BU004,Customer Service Rep,Employee
E001861,BU005,Branch Manager,Employee
E001862,BU003,Financial Advisor,Employee
E001863,BU001,Operations Analyst,Employee
E001864,BU003,Data Engineer,Employee
E001865,BU010,Risk Analyst,Employee
E001866,BU009,Network Engineer,Employee
E001867,BU001,Software Engineer,Employee
E001868,BU001,Security Analyst,Contractor
E001869,BU001,Software Engineer,Employee
E001870,BU004,Systems Administrator,Employee
E001871,BU006,Branch Manager,Employee
E001872,BU001,Systems Administrator,Contractor
E001873,BU002,Operations Analyst,Employee
E001874,BU007,Data Engineer,Contractor
E001875,BU004,Customer Service Rep,Contractor
E001876,BU003,Branch Manager,Employee
E001877,BU003,Systems Administrator,Employee
E001878,BU002,Customer Service Rep,Employee
E001879,BU001,Risk Analyst,Contractor
E001880,BU003,Risk Analyst,Employee
E001881,BU004,Branch Manager,Employee
E001882,BU008,Data Engineer,Employee
E001883,BU003,Security Analyst,Contractor
E001884,BU005,Software Engineer,Employee
E001885,BU001,Financial Advisor,Employee
E001886,BU002,Data Engineer,Employee
E001887,BU001,Data Engineer,Contractor
E001888,BU001,Security Analyst,Contractor
E001889,BU004,Systems Administrator,Employee
E001890,BU010,Customer Service Rep,Contractor
E001891,BU001,Branch Manager,Employee
E001892,BU001,Financial Advisor,Employee
E001893,BU006,Customer Service Rep,Employee
E001894,BU001,Software Engineer,Employee
E001895,BU003,Financial Advisor,Employee
E001896,BU004,Risk Analyst,Employee
E001897,BU003,Data Engineer,Employee
E001898,BU001,Software Engineer,Employee
E001899,BU001,Operations Analyst,Contractor
E001900,BU006,Risk Analyst,Employee
E001901,BU003,Software Engineer,Employee
E001902,BU001,Systems Administrator,Employee
E001903,BU005,Operations Analyst,Contractor
E001904,BU001,Branch Manager,Employee
E001905,BU005,Customer Service Rep,Contractor
E001906,BU001,Software Engineer,Employee
E001907,BU009,Risk Analyst,Employee
E001908,BU001,Systems Administrator,Contractor
E001909,BU001,Systems Administrator,Employee
E001910,BU001,Risk Analyst,Employee
E001911,BU001,Software Engineer,Employee
E001912,BU008,Financial Advisor,Employee
E001913,BU010,Network Engineer,Employee
E001914,BU001,Network Engineer,Employee
E001915,BU002,Risk Analyst,Contractor
E001916,BU004,Systems Administrator,Employee
E001917,BU008,Customer Service Rep,Employee
E001918,BU003,Systems Administrator,Employee
E001919,BU001,Security Analyst,Employee
E001920,BU001,Systems Administrator,Employee
E001921,BU004,Risk Analyst,Employee
E001922,BU001,Software Engineer,Employee
E001923,BU003,Financial Advisor,Employee
E001924,BU001,Data Engineer,Employee
E001925,BU006,Financial Advisor,Contractor
E001926,BU001,Customer Service Rep,Employee
E001927,BU003,Customer Service Rep,Employee
E001928,BU002,Software Engineer,Employee
E001929,BU003,Financial Advisor,Employee
E001930,BU001,Risk Analyst,Employee
E001931,BU003,Network Engineer,Employee
E001932,BU003,Systems Administrator,Employee
E001933,BU003,Operations Analyst,Employee
E001934,BU003,Security Analyst,Employee
E001935,BU004,Risk Analyst,Employee
E001936,BU006,Financial Advisor,Employee
E001937,BU001,Operations Analyst,Employee
E001938,BU007,Network Engineer,Employee
E001939,BU002,Risk Analyst,Employee
E001940,BU001,Branch Manager,Employee
E001941,BU001,Operations Analyst,Employee
E001942,BU001,Risk Analyst,Employee
E001943,BU006,Network Engineer,Employee
E001944,BU004,Operations Analyst,Employee
E001945,BU006,Software Engineer,Contractor
E001946,BU002,Systems Administrator,Employee
E001947,BU002,Systems Administrator,Employee
E001948,BU001,Systems Administrator,Employee
E001949,BU001,Customer Service Rep,Employee
E001950,BU002,Data Engineer,Contractor
E001951,BU001,Network Engineer,Employee
E001952,BU001,Systems Administrator,Employee
E001953,BU003,Financial Advisor,Contractor
E001954,BU004,Data Engineer,Employee
E001955,BU010,Security Analyst,Employee
E001956,BU009,Data Engineer,Employee
E001957,BU003,Operations Analyst,Employee
E001958,BU002,Financial Advisor,Employee
E001959,BU003,Risk Analyst,Contractor
E001960,BU006,Financial Advisor,Employee
E001961,BU001,Customer Service Rep,Employee
E001962,BU001,Systems Administrator,Employee
E001963,BU007,Security Analyst,Employee
E001964,BU001,Systems Administrator,Employee
E001965,BU003,Branch Manager,Employee
E001966,BU003,Security Analyst,Contractor
E001967,BU001,Branch Manager,Employee
E001968,BU001,Risk Analyst,Employee
E001969,BU001,Security Analyst,Employee
E001970,BU001,Systems Administrator,Contractor
E001971,BU001,Customer Service Rep,Contractor
E001972,BU007,Risk Analyst,Contractor
E001973,BU001,Security Analyst,Employee
E001974,BU002,Software Engineer,Employee
E001975,BU001,Customer Service Rep,Employee
E001976,BU009,Systems Administrator,Employee
E001977,BU001,Branch Manager,Employee
E001978,BU002,Network Engineer,Contractor
E001979,BU008,Branch Manager,Employee
E001980,BU007,Systems Administrator,Employee
E001981,BU001,Data Engineer,Employee
E001982,BU006,Operations Analyst,Employee
E001983,BU002,Financial Advisor,Employee
E001984,BU002,Systems Administrator,Employee
E001985,BU001,Software Engineer,Employee
E001986,BU001,Systems Administrator,Contractor
E001987,BU004,Software Engineer,Employee
E001988,BU002,Branch Manager,Employee
E001989,BU002,Data Engineer,Employee
E001990,BU004,Security Analyst,Employee
E001991,BU005,Systems Administrator,Employee
E001992,BU001,Operations Analyst,Employee
E001993,BU003,Risk Analyst,Employee
E001994,BU001,Software Engineer,Contractor
E001995,BU005,Operations Analyst,Employee
E001996,BU003,Risk Analyst,Employee
E001997,BU009,Security Analyst,Contractor
E001998,BU001,Financial Advisor,Employee
E001999,BU001,Systems Administrator,Employee
E002000,BU001,Software Engineer,Employee
E002001,BU001,Branch Manager,Employee
E002002,BU001,Risk Analyst,Employee
E002003,BU009,Software Engineer,Employee
E002004,BU001,Data Engineer,Employee
E002005,BU001,Financial Advisor,Employee
E002006,BU005,Software Engineer,Employee
E002007,BU002,Risk Analyst,Employee
E002008,BU005,Network Engineer,Contractor
E002009,BU001,Security Analyst,Employee
E002010,BU002,Financial Advisor,Employee
E002011,BU001,Financial Advisor,Employee
E002012,BU001,Network Engineer,Employee
E002013,BU009,Security Analyst,Employee
E002014,BU001,Data Engineer,Employee
E002015,BU002,Branch Manager,Employee
E002016,BU001,Financial Advisor,Employee
E002017,BU001,Data Engineer,Employee
E002018,BU009,Financial Advisor,Employee
E002019,BU001,Branch Manager,Employee
E002020,BU004,Network Engineer,Employee
E002021,BU010,Branch Manager,Employee
E002022,BU003,Operations Analyst,Employee
E002023,BU009,Systems Administrator,Employee
E002024,BU001,Systems Administrator,Employee
E002025,BU001,Network Engineer,Employee
E002026,BU001,Branch Manager,Employee
E002027,BU004,Financial Advisor,Employee
E002028,BU010,Risk Analyst,Employee
E002029,BU001,Customer Service Rep,Employee
E002030,BU003,Data Engineer,Employee
E002031,BU001,Financial Advisor,Employee
E002032,BU003,Data Engineer,Employee
E002033,BU002,Network Engineer,Employee
E002034,BU010,Branch Manager,Contractor
E002035,BU003,Financial Advisor,Employee
E002036,BU001,Systems Administrator,Employee
E002037,BU001,Network Engineer,Employee
E002038,BU001,Operations Analyst,Employee
E002039,BU001,Financial Advisor,Employee
E002040,BU001,Software Engineer,Employee
E002041,BU007,Systems Administrator,Employee
E002042,BU003,Data Engineer,Employee
E002043,BU002,Risk Analyst,Employee
E002044,BU001,Branch Manager,Contractor
E002045,BU008,Data Engineer,Employee
E002046,BU004,Branch Manager,Contractor
E002047,BU001,Security Analyst,Contractor
E002048,BU004,Network Engineer,Employee
E002049,BU003,Data Engineer,Contractor
E002050,BU001,Systems Administrator,Employee
E002051,BU002,Software Engineer,Employee
E002052,BU002,Risk Analyst,Contractor
E002053,BU001,Financial Advisor,Employee
E002054,BU009,Customer Service Rep,Employee
E002055,BU007,Network Engineer,Employee
E002056,BU004,Customer Service Rep,Employee
E002057,BU002,Systems Administrator,Employee
E002058,BU001,Security Analyst,Employee
E002059,BU003,Financial Advisor,Employee
E002060,BU003,Financial Advisor,Employee
E002061,BU001,Financial Advisor,Employee
E002062,BU002,Branch Manager,Contractor
E002063,BU006,Risk Analyst,Employee
E002064,BU002,Data Engineer,Employee
E002065,BU001,Risk Analyst,Employee
E002066,BU006,Data Engineer,Employee
E002067,BU001,Network Engineer,Employee
E002068,BU001,Branch Manager,Employee
E002069,BU001,Risk Analyst,Contractor
E002070,BU001,Branch Manager,Contractor
E002071,BU005,Software Engineer,Employee
E002072,BU002,Network Engineer,Employee
E002073,BU001,Risk Analyst,Employee
E002074,BU008,Branch Manager,Contractor
E002075,BU008,Systems Administrator,Employee
E002076,BU008,Operations Analyst,Employee
E002077,BU001,Data Engineer,Employee
E002078,BU002,Financial Advisor,Contractor
E002079,BU010,Operations Analyst,Employee
E002080,BU005,Customer Service Rep,Employee
E002081,BU001,Branch Manager,Employee
E002082,BU001,Customer Service Rep,Employee
E002083,BU002,Software Engineer,Contractor
E002084,BU009,Systems Administrator,Employee
E002085,BU002,Data Engineer,Contractor
E002086,BU002,Software Engineer,Employee
E002087,BU001,Security Analyst,Employee
E002088,BU003,Network Engineer,Contractor
E002089,BU007,Software Engineer,Employee
E002090,BU001,Operations Analyst,Employee
E002091,BU005,Data Engineer,Employee
E002092,BU010,Operations Analyst,Employee
E002093,BU001,Data Engineer,Employee
E002094,BU002,Financial Advisor,Employee
E002095,BU001,Risk Analyst,Employee
E002096,BU006,Data Engineer,Employee
E002097,BU003,Operations Analyst,Employee
E002098,BU003,Customer Service Rep,Employee
E002099,BU006,Software Engineer,Employee
E002100,BU001,Software Engineer,Employee
E002101,BU009,Data Engineer,Employee
E002102,BU002,Security Analyst,Employee
E002103,BU001,Data Engineer,Employee
E002104,BU004,Branch Manager,Employee
E002105,BU006,Customer Service Rep,Employee
E002106,BU001,Financial Advisor,Employee
E002107,BU007,Financial Advisor,Employee
E002108,BU009,Operations Analyst,Employee
E002109,BU001,Systems Administrator,Contractor
E002110,BU010,Risk Analyst,Employee
E002111,BU001,Operations Analyst,Employee
E002112,BU001,Branch Manager,Contractor
E002113,BU001,Systems Administrator,Contractor
E002114,BU009,Risk Analyst,Employee
E002115,BU003,Software Engineer,Employee
E002116,BU001,Operations Analyst,Employee
E002117,BU002,Financial Advisor,Contractor
E002118,BU003,Systems Administrator,Employee
E002119,BU001,Systems Administrator,Employee
E002120,BU008,Customer Service Rep,Employee
E002121,BU006,Data Engineer,Employee
E002122,BU002,Branch Manager,Employee
E002123,BU010,Risk Analyst,Employee
E002124,BU001,Risk Analyst,Employee
E002125,BU010,Financial Advisor,Employee
E002126,BU004,Data Engineer,Employee
E002127,BU003,Financial Advisor,Employee
E002128,BU001,Network Engineer,Employee
E002129,BU008,Branch Manager,Employee
E002130,BU002,Data Engineer,Employee
E002131,BU001,Systems Administrator,Employee
E002132,BU001,Network Engineer,Employee
E002133,BU003,Financial Advisor,Employee
E002134,BU002,Network Engineer,Employee
E002135,BU004,Software Engineer,Employee
E002136,BU009,Operations Analyst,Employee
E002137,BU001,Systems Administrator,Employee
E002138,BU004,Data Engineer,Employee
E002139,BU001,Software Engineer,Employee
E002140,BU007,Systems Administrator,Employee
E002141,BU006,Financial Advisor,Employee
E002142,BU003,Financial Advisor,Employee
E002143,BU004,Data Engineer,Employee
E002144,BU001,Data Engineer,Employee
E002145,BU002,Risk Analyst,Employee
E002146,BU007,Software Engineer,Employee
E002147,BU002,Data Engineer,Employee
E002148,BU001,Risk Analyst,Employee
E002149,BU002,Software Engineer,Employee
E002150,BU007,Financial Advisor,Employee
E002151,BU001,Network Engineer,Employee
E002152,BU001,Network Engineer,Employee
E002153,BU004,Security Analyst,Employee
E002154,BU007,Software Engineer,Employee
E002155,BU001,Software Engineer,Employee
E002156,BU001,Risk Analyst,Contractor
E002157,BU001,Operations Analyst,Employee
E002158,BU001,Network Engineer,Contractor
E002159,BU002,Financial Advisor,Employee
E002160,BU005,Risk Analyst,Employee
E002161,BU003,Data Engineer,Employee
E002162,BU003,Software Engineer,Employee
E002163,BU001,Branch Manager,Employee
E002164,BU007,Risk Analyst,Employee
E002165,BU002,Systems Administrator,Employee
E002166,BU010,Customer Service Rep,Employee
E002167,BU003,Network Engineer,Employee
E002168,BU001,Financial Advisor,Contractor
E002169,BU004,Systems Administrator,Employee
E002170,BU001,Security Analyst,Employee
E002171,BU004,Financial Advisor,Employee
E002172,BU001,Data Engineer,Employee
E002173,BU001,Systems Administrator,Employee
E002174,BU007,Branch Manager,Employee
E002175,BU001,Operations Analyst,Employee
E002176,BU007,Network Engineer,Employee
E002177,BU001,Software Engineer,Employee
E002178,BU003,Operations Analyst,Contractor
E002179,BU004,Network Engineer,Employee
E002180,BU002,Network Engineer,Employee
E002181,BU001,Data Engineer,Employee
E002182,BU001,Security Analyst,Employee
E002183,BU001,Security Analyst,Contractor
E002184,BU001,Data Engineer,Employee
E002185,BU003,Data Engineer,Employee
E002186,BU009,Network Engineer,Employee
E002187,BU008,Systems Administrator,Employee
E002188,BU005,Software Engineer,Employee
E002189,BU006,Customer Service Rep,Employee
E002190,BU004,Security Analyst,Employee
E002191,BU001,Financial Advisor,Employee
E002192,BU009,Customer Service Rep,Employee
E002193,BU004,Operations Analyst,Employee
E002194,BU003,Network Engineer,Contractor
E002195,BU001,Operations Analyst,Employee
E002196,BU002,Systems Administrator,Employee
E002197,BU002,Security Analyst,Employee
E002198,BU008,Systems Administrator,Employee
E002199,BU003,Network Engineer,Employee
E002200,BU001,Customer Service Rep,Contractor
E002201,BU010,Operations Analyst,Employee
E002202,BU001,Customer Service Rep,Employee
E002203,BU002,Systems Administrator,Employee
E002204,BU001,Risk Analyst,Employee
E002205,BU004,Financial Advisor,Employee
E002206,BU009,Operations Analyst,Employee
E002207,BU001,Security Analyst,Employee
E002208,BU007,Data Engineer,Employee
E002209,BU001,Systems Administrator,Employee
E002210,BU009,Systems Administrator,Employee
E002211,BU005,Operations Analyst,Employee
E002212,BU006,Financial Advisor,Contractor
E002213,BU001,Data Engineer,Employee
E002214,BU010,Branch Manager,Employee
E002215,BU004,Customer Service Rep,Employee
E002216,BU001,Operations Analyst,Employee
E002217,BU007,Financial Advisor,Employee
E002218,BU001,Software Engineer,Employee
E002219,BU008,Risk Analyst,Employee
E002220,BU001,Branch Manager,Employee
E002221,BU004,Financial Advisor,Contractor
E002222,BU003,Financial Advisor,Employee
E002223,BU001,Systems Administrator,Contractor
E002224,BU001,Data Engineer,Employee
E002225,BU001,Financial Advisor,Employee
E002226,BU002,Software Engineer,Employee
E002227,BU001,Network Engineer,Employee
E002228,BU003,Financial Advisor,Employee
E002229,BU001,Risk Analyst,Employee
E002230,BU001,Security Analyst,Employee
E002231,BU005,Customer Service Rep,Employee
E002232,BU001,Data Engineer,Employee
E002233,BU009,Software Engineer,Contractor
E002234,BU007,Data Engineer,Employee
E002235,BU004,Financial Advisor,Employee
E002236,BU003,Operations Analyst,Employee
E002237,BU009,Branch Manager,Employee
E002238,BU001,Security Analyst,Contractor
E002239,BU001,Risk Analyst,Employee
E002240,BU001,Security Analyst,Employee
E002241,BU006,Software Engineer,Employee
E002242,BU001,Customer Service Rep,Employee
E002243,BU003,Software Engineer,Contractor
E002244,BU010,Risk Analyst,Employee
E002245,BU007,Operations Analyst,Employee
E002246,BU002,Risk Analyst,Employee
E002247,BU001,Data Engineer,Employee
E002248,BU007,Data Engineer,Employee
E002249,BU003,Operations Analyst,Employee
E002250,BU001,Financial Advisor,Contractor
E002251,BU001,Systems Administrator,Employee
E002252,BU009,Network Engineer,Employee
E002253,BU004,Operations Analyst,Employee
E002254,BU007,Risk Analyst,Employee
E002255,BU008,Network Engineer,Employee
E002256,BU003,Financial Advisor,Employee
E002257,BU002,Network Engineer,Employee
E002258,BU002,Branch Manager,Employee
E002259,BU001,Customer Service Rep,Employee
E002260,BU002,Software Engineer,Employee
E002261,BU005,Network Engineer,Employee
E002262,BU003,Risk Analyst,Contractor
E002263,BU009,Data Engineer,Employee
E002264,BU002,Security Analyst,Contractor
E002265,BU003,Network Engineer,Employee
E002266,BU003,Data Engineer,Employee
E002267,BU003,Financial Advisor,Employee
E002268,BU004,Financial Advisor,Employee
E002269,BU001,Systems Administrator,Contractor
E002270,BU002,Operations Analyst,Contractor
E002271,BU001,Software Engineer,Employee
E002272,BU001,Financial Advisor,Employee
E002273,BU002,Software Engineer,Employee
E002274,BU003,Financial Advisor,Employee
E002275,BU009,Operations Analyst,Employee
E002276,BU003,Systems Administrator,Employee
E002277,BU005,Network Engineer,Employee
E002278,BU002,Software Engineer,Employee
E002279,BU003,Financial Advisor,Employee
E002280,BU001,Financial Advisor,Employee
E002281,BU001,Financial Advisor,Employee
E002282,BU001,Risk Analyst,Contractor
E002283,BU002,Financial Advisor,Contractor
E002284,BU001,Financial Advisor,Employee
E002285,BU001,Security Analyst,Employee
E002286,BU001,Software Engineer,Employee
E002287,BU010,Network Engineer,Employee
E002288,BU001,Financial Advisor,Employee
E002289,BU002,Security Analyst,Employee
E002290,BU001,Financial Advisor,Employee
E002291,BU003,Data Engineer,Employee
E002292,BU001,Branch Manager,Employee
E002293,BU001,Data Engineer,Employee
E002294,BU002,Systems Administrator,Employee
E002295,BU001,Network Engineer,Employee
E002296,BU001,Customer Service Rep,Employee
E002297,BU001,Customer Service Rep,Employee
E002298,BU001,Risk Analyst,Contractor
E002299,BU001,Operations Analyst,Employee
E002300,BU001,Branch Manager,Employee
E002301,BU006,Customer Service Rep,Employee
E002302,BU003,Customer Service Rep,Employee
E002303,BU002,Operations Analyst,Employee
E002304,BU001,Network Engineer,Employee
E002305,BU009,Systems Administrator,Employee
E002306,BU001,Risk Analyst,Employee
E002307,BU001,Network Engineer,Employee
E002308,BU003,Financial Advisor,Employee
E002309,BU001,Financial Advisor,Employee
E002310,BU001,Branch Manager,Employee
E002311,BU002,Security Analyst,Employee
E002312,BU008,Branch Manager,Employee
E002313,BU002,Customer Service Rep,Employee
E002314,BU004,Network Engineer,Employee
E002315,BU010,Branch Manager,Employee
E002316,BU001,Software Engineer,Employee
E002317,BU001,Risk Analyst,Employee
E002318,BU001,Security Analyst,Employee
E002319,BU002,Security Analyst,Employee
E002320,BU001,Financial Advisor,Employee
E002321,BU009,Data Engineer,Employee
E002322,BU004,Software Engineer,Employee
E002323,BU003,Security Analyst,Contractor
E002324,BU001,Network Engineer,Contractor
E002325,BU007,Network Engineer,Contractor
E002326,BU009,Operations Analyst,Employee
E002327,BU007,Operations Analyst,Employee
E002328,BU001,Network Engineer,Employee
E002329,BU003,Branch Manager,Employee
E002330,BU001,Network Engineer,Employee
E002331,BU001,Software Engineer,Employee
E002332,BU001,Financial Advisor,Employee
E002333,BU003,Data Engineer,Employee
E002334,BU004,Customer Service Rep,Employee
E002335,BU001,Security Analyst,Employee
E002336,BU001,Risk Analyst,Employee
E002337,BU002,Data Engineer,Contractor
E002338,BU001,Financial Advisor,Employee
E002339,BU001,Operations Analyst,Employee
E002340,BU001,Network Engineer,Employee
E002341,BU005,Branch Manager,Employee
E002342,BU001,Operations Analyst,Employee
E002343,BU001,Financial Advisor,Employee
E002344,BU001,Risk Analyst,Contractor
E002345,BU009,Customer Service Rep,Employee
E002346,BU004,Risk Analyst,Employee
E002347,BU004,Branch Manager,Employee
E002348,BU001,Software Engineer,Employee
E002349,BU003,Operations Analyst,Employee
E002350,BU001,Systems Administrator,Employee
E002351,BU003,Network Engineer,Employee
E002352,BU009,Financial Advisor,Contractor
E002353,BU003,Risk Analyst,Employee
E002354,BU008,Software Engineer,Contractor
E002355,BU004,Data Engineer,Employee
E002356,BU001,Security Analyst,Employee
E002357,BU009,Financial Advisor,Employee
E002358,BU001,Security Analyst,Employee
E002359,BU002,Branch Manager,Employee
E002360,BU001,Security Analyst,Employee
E002361,BU001,Operations Analyst,Employee
E002362,BU002,Security Analyst,Employee
E002363,BU001,Systems Administrator,Employee
E002364,BU002,Data Engineer,Employee
E002365,BU003,Risk Analyst,Employee
E002366,BU001,Systems Administrator,Employee
E002367,BU001,Branch Manager,Employee
E002368,BU003,Systems Administrator,Employee
E002369,BU001,Branch Manager,Employee
E002370,BU004,Systems Administrator,Employee
E002371,BU003,Financial Advisor,Employee
E002372,BU007,Systems Administrator,Employee
E002373,BU004,Systems Administrator,Employee
E002374,BU002,Branch Manager,Employee
E002375,BU004,Risk Analyst,Employee
E002376,BU001,Security Analyst,Employee
E002377,BU001,Customer Service Rep,Employee
E002378,BU006,Customer Service Rep,Employee
E002379,BU002,Data Engineer,Employee
E002380,BU006,Operations Analyst,Employee
E002381,BU007,Customer Service Rep,Employee
E002382,BU007,Branch Manager,Employee
E002383,BU009,Customer Service Rep,Employee
E002384,BU002,Data Engineer,Employee
E002385,BU001,Operations Analyst,Employee
E002386,BU003,Network Engineer,Employee
E002387,BU001,Data Engineer,Employee
E002388,BU003,Branch Manager,Contractor
E002389,BU004,Network Engineer,Employee
E002390,BU004,Systems Administrator,Employee
E002391,BU001,Network Engineer,Employee
E002392,BU001,Customer Service Rep,Contractor
E002393,BU002,Data Engineer,Contractor
E002394,BU001,Security Analyst,Contractor
E002395,BU009,Network Engineer,Employee
E002396,BU001,Systems Administrator,Employee
E002397,BU001,Systems Administrator,Employee
E002398,BU001,Branch Manager,Employee
E002399,BU003,Branch Manager,Employee
E002400,BU003,Network Engineer,Employee
E002401,BU001,Financial Advisor,Employee
E002402,BU001,Systems Administrator,Employee
E002403,BU001,Data Engineer,Employee
E002404,BU001,Financial Advisor,Employee
E002405,BU004,Systems Administrator,Employee
E002406,BU003,Financial Advisor,Employee
E002407,BU001,Security Analyst,Employee
E002408,BU001,Network Engineer,Employee
E002409,BU010,Risk Analyst,Employee
E002410,BU002,Data Engineer,Employee
E002411,BU004,Branch Manager,Employee
E002412,BU001,Operations Analyst,Employee
E002413,BU002,Security Analyst,Employee
E002414,BU001,Customer Service Rep,Contractor
E002415,BU002,Systems Administrator,Employee
E002416,BU010,Branch Manager,Employee
E002417,BU001,Systems Administrator,Employee
E002418,BU001,Software Engineer,Employee
E002419,BU001,Data Engineer,Employee
E002420,BU001,Operations Analyst,Contractor
E002421,BU001,Network Engineer,Employee
E002422,BU001,Systems Administrator,Employee
E002423,BU005,Branch Manager,Employee
E002424,BU002,Risk Analyst,Employee
E002425,BU001,Systems Administrator,Employee
E002426,BU009,Systems Administrator,Employee
E002427,BU001,Risk Analyst,Employee
E002428,BU009,Operations Analyst,Contractor
E002429,BU001,Data Engineer,Employee
E002430,BU008,Systems Administrator,Employee
E002431,BU003,Systems Administrator,Employee
E002432,BU007,Network Engineer,Contractor
E002433,BU010,Risk Analyst,Employee
E002434,BU001,Data Engineer,Employee
E002435,BU010,Data Engineer,Employee
E002436,BU001,Software Engineer,Contractor
E002437,BU001,Operations Analyst,Employee
E002438,BU001,Software Engineer,Employee
E002439,BU003,Security Analyst,Employee
E002440,BU001,Customer Service Rep,Contractor
E002441,BU003,Operations Analyst,Employee
E002442,BU003,Security Analyst,Employee
E002443,BU005,Customer Service Rep,Employee
E002444,BU007,Branch Manager,Employee
E002445,BU002,Operations Analyst,Employee
E002446,BU001,Risk Analyst,Employee
E002447,BU001,Security Analyst,Employee
E002448,BU001,Systems Administrator,Employee
E002449,BU001,Software Engineer,Employee
E002450,BU001,Customer Service Rep,Employee
E002451,BU001,Security Analyst,Employee
E002452,BU010,Financial Advisor,Employee
E002453,BU003,Operations Analyst,Employee
E002454,BU001,Software Engineer,Employee
E002455,BU003,Data Engineer,Employee
E002456,BU001,Software Engineer,Employee
E002457,BU002,Security Analyst,Employee
E002458,BU003,Risk Analyst,Employee
E002459,BU002,Branch Manager,Employee
E002460,BU001,Customer Service Rep,Employee
E002461,BU010,Software Engineer,Employee
E002462,BU008,Branch Manager,Employee
E002463,BU003,Systems Administrator,Employee
E002464,BU003,Data Engineer,Employee
E002465,BU003,Network Engineer,Employee
E002466,BU001,Systems Administrator,Employee
E002467,BU001,Financial Advisor,Employee
E002468,BU001,Data Engineer,Employee
E002469,BU002,Financial Advisor,Employee
E002470,BU003,Risk Analyst,Employee
E002471,BU001,Customer Service Rep,Employee
E002472,BU010,Systems Administrator,Employee
E002473,BU009,Risk Analyst,Employee
E002474,BU004,Operations Analyst,Contractor
E002475,BU002,Network Engineer,Employee
E002476,BU008,Data Engineer,Employee
E002477,BU001,Customer Service Rep,Contractor
E002478,BU006,Customer Service Rep,Employee
E002479,BU001,Software Engineer,Employee
E002480,BU006,Operations Analyst,Employee
E002481,BU001,Customer Service Rep,Employee
E002482,BU008,Security Analyst,Employee
E002483,BU009,Operations Analyst,Employee
E002484,BU001,Network Engineer,Contractor
E002485,BU002,Network Engineer,Employee
E002486,BU010,Financial Advisor,Employee
E002487,BU002,Network Engineer,Employee
E002488,BU008,Security Analyst,Employee
E002489,BU003,Data Engineer,Employee
E002490,BU001,Branch Manager,Employee
E002491,BU001,Branch Manager,Employee
E002492,BU001,Software Engineer,Employee
E002493,BU005,Customer Service Rep,Employee
E002494,BU001,Network Engineer,Employee
E002495,BU002,Financial Advisor,Employee
E002496,BU002,Software Engineer,Employee
E002497,BU003,Risk Analyst,Employee
E002498,BU008,Customer Service Rep,Employee
E002499,BU010,Security Analyst,Employee
E002500,BU001,Branch Manager,Employee
E002501,BU007,Financial Advisor,Employee
E002502,BU005,Software Engineer,Employee
E002503,BU003,Systems Administrator,Employee
E002504,BU009,Branch Manager,Employee
E002505,BU001,Security Analyst,Employee
E002506,BU001,Customer Service Rep,Employee
E002507,BU007,Data Engineer,Employee
E002508,BU002,Systems Administrator,Employee
E002509,BU007,Security Analyst,Employee
E002510,BU009,Financial Advisor,Employee
E002511,BU001,Risk Analyst,Employee
E002512,BU008,Data Engineer,Employee
E002513,BU002,Security Analyst,Employee
E002514,BU002,Software Engineer,Employee
E002515,BU003,Risk Analyst,Employee
E002516,BU009,Security Analyst,Employee
E002517,BU001,Data Engineer,Employee
E002518,BU002,Financial Advisor,Employee
E002519,BU004,Branch Manager,Employee
E002520,BU004,Data Engineer,Employee
E002521,BU004,Data Engineer,Employee
E002522,BU001,Software Engineer,Contractor
E002523,BU001,Operations Analyst,Employee
E002524,BU001,Operations Analyst,Employee
E002525,BU006,Security Analyst,Employee
E002526,BU001,Financial Advisor,Employee
E002527,BU001,Operations Analyst,Employee
E002528,BU009,Risk Analyst,Contractor
E002529,BU001,Financial Advisor,Employee
E002530,BU010,Software Engineer,Employee
E002531,BU004,Systems Administrator,Employee
E002532,BU007,Risk Analyst,Employee
E002533,BU001,Operations Analyst,Employee
E002534,BU001,Customer Service Rep,Contractor
E002535,BU004,Customer Service Rep,Employee
E002536,BU007,Customer Service Rep,Employee
E002537,BU005,Data Engineer,Employee
E002538,BU001,Systems Administrator,Contractor
E002539,BU005,Financial Advisor,Employee
E002540,BU005,Financial Advisor,Employee
E002541,BU003,Customer Service Rep,Employee
E002542,BU005,Systems Administrator,Employee
E002543,BU007,Branch Manager,Employee
E002544,BU003,Risk Analyst,Employee
E002545,BU001,Operations Analyst,Contractor
E002546,BU002,Software Engineer,Employee
E002547,BU001,Customer Service Rep,Employee
E002548,BU001,Systems Administrator,Employee
E002549,BU001,Data Engineer,Employee
E002550,BU001,Financial Advisor,Employee
E002551,BU001,Financial Advisor,Employee
E002552,BU001,Data Engineer,Contractor
E002553,BU006,Software Engineer,Employee
E002554,BU009,Data Engineer,Employee
E002555,BU001,Customer Service Rep,Employee
E002556,BU009,Branch Manager,Employee
E002557,BU002,Data Engineer,Contractor
E002558,BU001,Branch Manager,Employee
E002559,BU001,Financial Advisor,Employee
E002560,BU002,Security Analyst,Employee
E002561,BU006,Security Analyst,Contractor
E002562,BU004,Risk Analyst,Contractor
E002563,BU001,Branch Manager,Employee
E002564,BU001,Software Engineer,Employee
E002565,BU001,Systems Administrator,Employee
E002566,BU001,Network Engineer,Employee
E002567,BU001,Data Engineer,Employee
E002568,BU001,Network Engineer,Employee
E002569,BU006,Operations Analyst,Employee
E002570,BU009,Security Analyst,Employee
E002571,BU001,Operations Analyst,Employee
E002572,BU009,Systems Administrator,Employee
E002573,BU001,Software Engineer,Employee
E002574,BU002,Branch Manager,Contractor
E002575,BU001,Data Engineer,Employee
E002576,BU003,Operations Analyst,Employee
E002577,BU010,Operations Analyst,Employee
E002578,BU003,Operations Analyst,Contractor
E002579,BU001,Software Engineer,Employee
E002580,BU003,Data Engineer,Employee
E002581,BU001,Software Engineer,Employee
E002582,BU008,Risk Analyst,Contractor
E002583,BU002,Financial Advisor,Contractor
E002584,BU002,Financial Advisor,Employee
E002585,BU003,Operations Analyst,Employee
E002586,BU003,Network Engineer,Employee
E002587,BU001,Customer Service Rep,Employee
E002588,BU004,Risk Analyst,Employee
E002589,BU001,Security Analyst,Employee
E002590,BU004,Systems Administrator,Employee
E002591,BU007,Risk Analyst,Employee
E002592,BU006,Financial Advisor,Employee
E002593,BU003,Software Engineer,Employee
E002594,BU002,Network Engineer,Employee
E002595,BU001,Branch Manager,Contractor
E002596,BU005,Branch Manager,Employee
E002597,BU001,Branch Manager,Employee
E002598,BU002,Security Analyst,Employee
E002599,BU001,Systems Administrator,Contractor
E002600,BU001,Financial Advisor,Employee
E002601,BU003,Operations Analyst,Contractor
E002602,BU001,Network Engineer,Employee
E002603,BU005,Systems Administrator,Employee
E002604,BU001,Data Engineer,Employee
E002605,BU001,Financial Advisor,Employee
E002606,BU002,Software Engineer,Contractor
E002607,BU001,Branch Manager,Contractor
E002608,BU001,Risk Analyst,Employee
E002609,BU004,Data Engineer,Employee
E002610,BU001,Customer Service Rep,Employee
E002611,BU007,Risk Analyst,Employee
E002612,BU001,Network Engineer,Employee
E002613,BU001,Security Analyst,Employee
E002614,BU005,Financial Advisor,Employee
E002615,BU001,Network Engineer,Employee
E002616,BU001,Branch Manager,Employee
E002617,BU001,Systems Administrator,Employee
E002618,BU001,Operations Analyst,Employee
E002619,BU007,Systems Administrator,Employee
E002620,BU001,Operations Analyst,Employee
E002621,BU006,Systems Administrator,Employee
E002622,BU009,Financial Advisor,Employee
E002623,BU002,Systems Administrator,Contractor
E002624,BU009,Financial Advisor,Employee
E002625,BU001,Operations Analyst,Employee
E002626,BU010,Risk Analyst,Employee
E002627,BU001,Network Engineer,Employee
E002628,BU004,Software Engineer,Employee
E002629,BU002,Financial Advisor,Employee
E002630,BU001,Systems Administrator,Employee
E002631,BU003,Risk Analyst,Employee
E002632,BU004,Financial Advisor,Employee
E002633,BU001,Security Analyst,Employee
E002634,BU001,Systems Administrator,Employee
E002635,BU004,Software Engineer,Employee
E002636,BU004,Data Engineer,Employee
E002637,BU010,Financial Advisor,Employee
E002638,BU005,Customer Service Rep,Employee
E002639,BU009,Risk Analyst,Contractor
E002640,BU004,Financial Advisor,Employee
E002641,BU001,Systems Administrator,Employee
E002642,BU001,Data Engineer,Employee
E002643,BU006,Operations Analyst,Employee
E002644,BU003,Security Analyst,Employee
E002645,BU001,Data Engineer,Employee
E002646,BU001,Security Analyst,Contractor
E002647,BU009,Data Engineer,Employee
E002648,BU002,Operations Analyst,Contractor
E002649,BU002,Systems Administrator,Employee
E002650,BU002,Data Engineer,Employee
E002651,BU001,Customer Service Rep,Employee
E002652,BU001,Operations Analyst,Employee
E002653,BU001,Operations Analyst,Contractor
E002654,BU001,Systems Administrator,Contractor
E002655,BU005,Network Engineer,Employee
E002656,BU001,Financial Advisor,Employee
E002657,BU007,Financial Advisor,Contractor
E002658,BU007,Network Engineer,Employee
E002659,BU001,Operations Analyst,Employee
E002660,BU003,Software Engineer,Employee
E002661,BU002,Customer Service Rep,Employee
E002662,BU008,Risk Analyst,Employee
E002663,BU001,Risk Analyst,Employee
E002664,BU004,Systems Administrator,Employee
E002665,BU003,Customer Service Rep,Employee
E002666,BU001,Financial Advisor,Employee
E002667,BU001,Data Engineer,Employee
E002668,BU003,Data Engineer,Employee
E002669,BU004,Risk Analyst,Employee
E002670,BU001,Operations Analyst,Employee
E002671,BU003,Financial Advisor,Employee
E002672,BU001,Customer Service Rep,Employee
E002673,BU004,Operations Analyst,Contractor
E002674,BU001,Security Analyst,Employee
E002675,BU009,Network Engineer,Employee
E002676,BU001,Risk Analyst,Employee
E002677,BU001,Financial Advisor,Employee
E002678,BU001,Systems Administrator,Employee
E002679,BU001,Data Engineer,Employee
E002680,BU002,Data Engineer,Employee
E002681,BU001,Operations Analyst,Employee
E002682,BU007,Security Analyst,Employee
E002683,BU001,Branch Manager,Employee
E002684,BU001,Branch Manager,Employee
E002685,BU001,Financial Advisor,Employee
E002686,BU001,Customer Service Rep,Employee
E002687,BU001,Customer Service Rep,Employee
E002688,BU001,Customer Service Rep,Employee
E002689,BU002,Software Engineer,Employee
E002690,BU001,Branch Manager,Contractor
E002691,BU002,Operations Analyst,Contractor
E002692,BU003,Risk Analyst,Employee
E002693,BU001,Data Engineer,Employee
E002694,BU002,Data Engineer,Contractor
E002695,BU010,Risk Analyst,Contractor
E002696,BU002,Data Engineer,Employee
E002697,BU004,Security Analyst,Employee
E002698,BU001,Branch Manager,Employee
E002699,BU005,Branch Manager,Employee
E002700,BU005,Software Engineer,Employee
E002701,BU002,Security Analyst,Employee
E002702,BU010,Financial Advisor,Employee
E002703,BU001,Branch Manager,Employee
E002704,BU001,Risk Analyst,Employee
E002705,BU005,Risk Analyst,Employee
E002706,BU006,Risk Analyst,Contractor
E002707,BU001,Risk Analyst,Employee
E002708,BU001,Customer Service Rep,Employee
E002709,BU001,Software Engineer,Employee
E002710,BU001,Customer Service Rep,Employee
E002711,BU005,Network Engineer,Employee
E002712,BU002,Financial Advisor,Employee
E002713,BU001,Risk Analyst,Contractor
E002714,BU001,Network Engineer,Employee
E002715,BU001,Security Analyst,Employee
E002716,BU001,Risk Analyst,Employee
E002717,BU003,Security Analyst,Employee
E002718,BU010,Network Engineer,Employee
E002719,BU007,Risk Analyst,Employee
E002720,BU001,Branch Manager,Employee
E002721,BU009,Software Engineer,Employee
E002722,BU006,Software Engineer,Employee
E002723,BU006,Data Engineer,Employee
E002724,BU002,Security Analyst,Employee
E002725,BU001,Operations Analyst,Employee
E002726,BU001,Branch Manager,Employee
E002727,BU001,Systems Administrator,Employee
E002728,BU001,Risk Analyst,Employee
E002729,BU001,Operations Analyst,Employee
E002730,BU002,Security Analyst,Employee
E002731,BU005,Customer Service Rep,Contractor
E002732,BU002,Network Engineer,Employee
E002733,BU001,Data Engineer,Employee
E002734,BU009,Customer Service Rep,Employee
E002735,BU009,Branch Manager,Contractor
E002736,BU006,Customer Service Rep,Employee
E002737,BU010,Operations Analyst,Employee
E002738,BU003,Systems Administrator,Employee
E002739,BU010,Security Analyst,Employee
E002740,BU001,Financial Advisor,Employee
E002741,BU001,Data Engineer,Employee
E002742,BU001,Customer Service Rep,Employee
E002743,BU001,Security Analyst,Employee
E002744,BU001,Software Engineer,Employee
E002745,BU003,Operations Analyst,Contractor
E002746,BU006,Systems Administrator,Employee
E002747,BU003,Financial Advisor,Contractor
E002748,BU001,Security Analyst,Employee
E002749,BU006,Security Analyst,Employee
E002750,BU003,Financial Advisor,Employee
E002751,BU001,Risk Analyst,Employee
E002752,BU004,Operations Analyst,Employee
E002753,BU001,Data Engineer,Employee
E002754,BU001,Operations Analyst,Employee
E002755,BU009,Risk Analyst,Employee
E002756,BU001,Network Engineer,Employee
E002757,BU002,Operations Analyst,Employee
E002758,BU009,Financial Advisor,Employee
E002759,BU004,Systems Administrator,Contractor
E002760,BU001,Operations Analyst,Contractor
E002761,BU001,Customer Service Rep,Contractor
E002762,BU001,Systems Administrator,Employee
E002763,BU003,Data Engineer,Employee
E002764,BU002,Financial Advisor,Employee
E002765,BU001,Network Engineer,Employee
E002766,BU009,Software Engineer,Employee
E002767,BU002,Systems Administrator,Employee
E002768,BU001,Risk Analyst,Contractor
E002769,BU002,Systems Administrator,Employee
E002770,BU004,Software Engineer,Contractor
E002771,BU001,Operations Analyst,Employee
E002772,BU001,Customer Service Rep,Employee
E002773,BU006,Risk Analyst,Employee
E002774,BU002,Software Engineer,Employee
E002775,BU003,Software Engineer,Employee
E002776,BU002,Customer Service Rep,Employee
E002777,BU001,Data Engineer,Employee
E002778,BU001,Systems Administrator,Contractor
E002779,BU002,Operations Analyst,Employee
E002780,BU001,Systems Administrator,Contractor
E002781,BU001,Financial Advisor,Employee
E002782,BU007,Risk Analyst,Employee
E002783,BU010,Network Engineer,Employee
E002784,BU006,Financial Advisor,Employee
E002785,BU007,Software Engineer,Employee
E002786,BU001,Network Engineer,Employee
E002787,BU010,Security Analyst,Employee
E002788,BU001,Systems Administrator,Employee
E002789,BU009,Software Engineer,Employee
E002790,BU010,Customer Service Rep,Employee
E002791,BU004,Operations Analyst,Employee
E002792,BU010,Security Analyst,Employee
E002793,BU003,Branch Manager,Employee
E002794,BU001,Risk Analyst,Contractor
E002795,BU002,Security Analyst,Employee
E002796,BU003,Financial Advisor,Employee
E002797,BU001,Operations Analyst,Employee
E002798,BU003,Software Engineer,Employee
E002799,BU010,Operations Analyst,Employee
E002800,BU001,Software Engineer,Employee
E002801,BU006,Customer Service Rep,Employee
E002802,BU009,Operations Analyst,Employee
E002803,BU009,Data Engineer,Employee
E002804,BU010,Financial Advisor,Employee
E002805,BU002,Branch Manager,Employee
E002806,BU010,Customer Service Rep,Employee
E002807,BU005,Network Engineer,Contractor
E002808,BU001,Branch Manager,Employee
E002809,BU002,Customer Service Rep,Employee
E002810,BU004,Operations Analyst,Employee
E002811,BU001,Network Engineer,Employee
E002812,BU003,Branch Manager,Employee
E002813,BU004,Network Engineer,Employee
E002814,BU001,Security Analyst,Employee
E002815,BU003,Customer Service Rep,Employee
E002816,BU005,Software Engineer,Employee
E002817,BU002,Network Engineer,Employee
E002818,BU001,Branch Manager,Employee
E002819,BU001,Systems Administrator,Employee
E002820,BU001,Data Engineer,Contractor
E002821,BU009,Systems Administrator,Employee
E002822,BU001,Security Analyst,Employee
E002823,BU003,Branch Manager,Employee
E002824,BU001,Financial Advisor,Contractor
E002825,BU001,Risk Analyst,Employee
E002826,BU007,Security Analyst,Contractor
E002827,BU004,Software Engineer,Employee
E002828,BU001,Operations Analyst,Employee
E002829,BU002,Risk Analyst,Employee
E002830,BU001,Network Engineer,Employee
E002831,BU002,Customer Service Rep,Employee
E002832,BU004,Branch Manager,Employee
E002833,BU001,Branch Manager,Contractor
E002834,BU001,Financial Advisor,Employee
E002835,BU001,Operations Analyst,Employee
E002836,BU009,Customer Service Rep,Employee
E002837,BU010,Software Engineer,Employee
E002838,BU001,Security Analyst,Contractor
E002839,BU005,Data Engineer,Employee
E002840,BU001,Data Engineer,Employee
E002841,BU001,Systems Administrator,Employee
E002842,BU005,Data Engineer,Employee
E002843,BU009,Data Engineer,Employee
E002844,BU009,Network Engineer,Employee
E002845,BU003,Systems Administrator,Employee
E002846,BU001,Operations Analyst,Employee
E002847,BU006,Customer Service Rep,Employee
E002848,BU001,Branch Manager,Employee
E002849,BU003,Branch Manager,Employee
E002850,BU001,Software Engineer,Employee
E002851,BU003,Customer Service Rep,Employee
E002852,BU001,Systems Administrator,Contractor
E002853,BU001,Risk Analyst,Contractor
E002854,BU009,Operations Analyst,Employee
E002855,BU001,Operations Analyst,Employee
E002856,BU002,Security Analyst,Contractor
E002857,BU001,Software Engineer,Employee
E002858,BU001,Customer Service Rep,Employee
E002859,BU001,Branch Manager,Employee
E002860,BU001,Network Engineer,Contractor
E002861,BU008,Operations Analyst,Employee
E002862,BU001,Financial Advisor,Contractor
E002863,BU009,Systems Administrator,Contractor
E002864,BU003,Data Engineer,Employee
E002865,BU002,Data Engineer,Contractor
E002866,BU003,Customer Service Rep,Employee
E002867,BU002,Risk Analyst,Employee
E002868,BU005,Software Engineer,Employee
E002869,BU001,Operations Analyst,Employee
E002870,BU001,Branch Manager,Employee
E002871,BU009,Customer Service Rep,Employee
E002872,BU009,Risk Analyst,Employee
E002873,BU009,Network Engineer,Employee
E002874,BU001,Operations Analyst,Employee
E002875,BU006,Customer Service Rep,Employee
E002876,BU002,Network Engineer,Employee
E002877,BU002,Software Engineer,Employee
E002878,BU001,Operations Analyst,Employee
E002879,BU003,Customer Service Rep,Employee
E002880,BU001,Software Engineer,Employee
E002881,BU001,Data Engineer,Employee
E002882,BU007,Software Engineer,Employee
E002883,BU001,Financial Advisor,Employee
E002884,BU001,Systems Administrator,Employee
E002885,BU001,Branch Manager,Employee
E002886,BU009,Security Analyst,Employee
E002887,BU002,Data Engineer,Employee
E002888,BU001,Security Analyst,Employee
E002889,BU006,Operations Analyst,Employee
E002890,BU007,Software Engineer,Contractor
E002891,BU001,Software Engineer,Employee
E002892,BU004,Data Engineer,Employee
E002893,BU005,Data Engineer,Employee
E002894,BU003,Systems Administrator,Employee
E002895,BU001,Data Engineer,Contractor
E002896,BU008,Data Engineer,Employee
E002897,BU002,Security Analyst,Employee
E002898,BU001,Systems Administrator,Employee
E002899,BU002,Customer Service Rep,Employee
E002900,BU001,Software Engineer,Employee
E002901,BU001,Software Engineer,Employee
E002902,BU005,Data Engineer,Employee
E002903,BU001,Systems Administrator,Employee
E002904,BU001,Data Engineer,Employee
E002905,BU002,Systems Administrator,Employee
E002906,BU001,Security Analyst,Employee
E002907,BU010,Software Engineer,Employee
E002908,BU001,Financial Advisor,Employee
E002909,BU001,Risk Analyst,Employee
E002910,BU001,Financial Advisor,Employee
E002911,BU001,Security Analyst,Employee
E002912,BU001,Operations Analyst,Employee
E002913,BU004,Data Engineer,Contractor
E002914,BU010,Risk Analyst,Employee
E002915,BU001,Financial Advisor,Employee
E002916,BU004,Operations Analyst,Employee
E002917,BU005,Operations Analyst,Employee
E002918,BU007,Security Analyst,Employee
E002919,BU002,Network Engineer,Employee
E002920,BU001,Network Engineer,Employee
E002921,BU001,Operations Analyst,Contractor
E002922,BU004,Risk Analyst,Employee
E002923,BU006,Security Analyst,Employee
E002924,BU001,Financial Advisor,Employee
E002925,BU001,Systems Administrator,Employee
E002926,BU009,Systems Administrator,Employee
E002927,BU006,Data Engineer,Contractor
E002928,BU010,Financial Advisor,Employee
E002929,BU005,Risk Analyst,Employee
E002930,BU001,Network Engineer,Contractor
E002931,BU003,Software Engineer,Employee
E002932,BU004,Systems Administrator,Employee
E002933,BU001,Data Engineer,Employee
E002934,BU003,Branch Manager,Employee
E002935,BU004,Customer Service Rep,Employee
E002936,BU001,Branch Manager,Employee
E002937,BU006,Risk Analyst,Employee
E002938,BU003,Risk Analyst,Employee
E002939,BU009,Data Engineer,Employee
E002940,BU001,Security Analyst,Employee
E002941,BU001,Operations Analyst,Employee
E002942,BU003,Software Engineer,Employee
E002943,BU001,Branch Manager,Employee
E002944,BU004,Software Engineer,Employee
E002945,BU005,Network Engineer,Contractor
E002946,BU001,Customer Service Rep,Employee
E002947,BU002,Customer Service Rep,Employee
E002948,BU002,Systems Administrator,Employee
E002949,BU001,Risk Analyst,Employee
E002950,BU009,Financial Advisor,Employee
E002951,BU007,Network Engineer,Employee
E002952,BU004,Operations Analyst,Employee
E002953,BU004,Risk Analyst,Contractor
E002954,BU002,Risk Analyst,Employee
E002955,BU009,Software Engineer,Employee
E002956,BU004,Customer Service Rep,Employee
E002957,BU004,Branch Manager,Employee
E002958,BU008,Systems Administrator,Employee
E002959,BU001,Data Engineer,Employee
E002960,BU006,Systems Administrator,Employee
E002961,BU001,Network Engineer,Employee
E002962,BU001,Risk Analyst,Employee
E002963,BU001,Operations Analyst,Contractor
E002964,BU010,Operations Analyst,Employee
E002965,BU007,Systems Administrator,Employee
E002966,BU004,Systems Administrator,Contractor
E002967,BU004,Financial Advisor,Contractor
E002968,BU003,Security Analyst,Employee
E002969,BU009,Risk Analyst,Employee
E002970,BU002,Branch Manager,Employee
E002971,BU001,Systems Administrator,Employee
E002972,BU001,Network Engineer,Employee
E002973,BU006,Security Analyst,Employee
E002974,BU004,Operations Analyst,Employee
E002975,BU001,Security Analyst,Employee
E002976,BU001,Network Engineer,Employee
E002977,BU007,Security Analyst,Employee
E002978,BU001,Risk Analyst,Employee
E002979,BU004,Operations Analyst,Contractor
E002980,BU010,Network Engineer,Employee
E002981,BU002,Financial Advisor,Employee
E002982,BU001,Risk Analyst,Employee
E002983,BU004,Branch Manager,Employee
E002984,BU006,Security Analyst,Employee
E002985,BU003,Systems Administrator,Employee
E002986,BU010,Financial Advisor,Employee
E002987,BU001,Risk Analyst,Employee
E002988,BU002,Systems Administrator,Employee
E002989,BU004,Network Engineer,Employee
E002990,BU008,Customer Service Rep,Employee
E002991,BU001,Branch Manager,Contractor
E002992,BU006,Branch Manager,Employee
E002993,BU003,Financial Advisor,Employee
E002994,BU001,Financial Advisor,Employee
E002995,BU001,Security Analyst,Employee
E002996,BU008,Network Engineer,Employee
E002997,BU001,Operations Analyst,Contractor
E002998,BU001,Security Analyst,Employee
E002999,BU001,Branch Manager,Employee
E003000,BU008,Software Engineer,Employee
E003001,BU004,Security Analyst,Employee
E003002,BU006,Operations Analyst,Employee
E003003,BU001,Customer Service Rep,Employee
E003004,BU003,Network Engineer,Employee
E003005,BU003,Security Analyst,Employee
E003006,BU007,Risk Analyst,Contractor
E003007,BU009,Network Engineer,Employee
E003008,BU001,Risk Analyst,Employee
E003009,BU004,Customer Service Rep,Employee
E003010,BU001,Branch Manager,Employee
E003011,BU003,Branch Manager,Employee
E003012,BU001,Software Engineer,Employee
E003013,BU001,Branch Manager,Employee
E003014,BU001,Network Engineer,Contractor
E003015,BU003,Security Analyst,Employee
E003016,BU001,Financial Advisor,Employee
E003017,BU004,Branch Manager,Employee
E003018,BU001,Financial Advisor,Employee
E003019,BU001,Customer Service Rep,Employee
E003020,BU006,Systems Administrator,Contractor
E003021,BU001,Network Engineer,Employee
E003022,BU002,Risk Analyst,Employee
E003023,BU004,Data Engineer,Employee
E003024,BU001,Software Engineer,Employee
E003025,BU001,Branch Manager,Employee
E003026,BU001,Systems Administrator,Employee
E003027,BU009,Security Analyst,Employee
E003028,BU003,Software Engineer,Employee
E003029,BU004,Branch Manager,Employee
E003030,BU003,Data Engineer,Employee
E003031,BU001,Operations Analyst,Employee
E003032,BU001,Data Engineer,Contractor
E003033,BU005,Customer Service Rep,Employee
E003034,BU001,Systems Administrator,Employee
E003035,BU001,Operations Analyst,Employee
E003036,BU001,Risk Analyst,Employee
E003037,BU002,Systems Administrator,Employee
E003038,BU010,Security Analyst,Employee
E003039,BU001,Operations Analyst,Employee
E003040,BU002,Financial Advisor,Contractor
E003041,BU001,Operations Analyst,Contractor
E003042,BU010,Customer Service Rep,Employee
E003043,BU001,Software Engineer,Employee
E003044,BU001,Risk Analyst,Employee
E003045,BU004,Risk Analyst,Employee
E003046,BU004,Financial Advisor,Employee
E003047,BU002,Branch Manager,Employee
E003048,BU001,Branch Manager,Employee
E003049,BU001,Software Engineer,Employee
E003050,BU001,Software Engineer,Employee
E003051,BU001,Operations Analyst,Contractor
E003052,BU002,Systems Administrator,Employee
E003053,BU001,Data Engineer,Employee
E003054,BU001,Systems Administrator,Employee
E003055,BU003,Operations Analyst,Employee
E003056,BU010,Network Engineer,Employee
E003057,BU003,Network Engineer,Employee
E003058,BU001,Operations Analyst,Employee
E003059,BU001,Operations Analyst,Employee
E003060,BU009,Risk Analyst,Employee
E003061,BU001,Systems Administrator,Employee
E003062,BU001,Security Analyst,Employee
E003063,BU003,Customer Service Rep,Contractor
E003064,BU003,Security Analyst,Employee
E003065,BU003,Risk Analyst,Employee
E003066,BU001,Software Engineer,Employee
E003067,BU001,Data Engineer,Employee
E003068,BU010,Data Engineer,Employee
E003069,BU001,Customer Service Rep,Employee
E003070,BU004,Data Engineer,Employee
E003071,BU004,Risk Analyst,Employee
E003072,BU003,Software Engineer,Employee
E003073,BU001,Operations Analyst,Contractor
E003074,BU001,Financial Advisor,Contractor
E003075,BU003,Network Engineer,Employee
E003076,BU008,Security Analyst,Employee
E003077,BU009,Operations Analyst,Employee
E003078,BU001,Systems Administrator,Employee
E003079,BU001,Systems Administrator,Employee
E003080,BU009,Data Engineer,Employee
E003081,BU004,Systems Administrator,Employee
E003082,BU008,Risk Analyst,Employee
E003083,BU001,Customer Service Rep,Employee
E003084,BU003,Operations Analyst,Employee
E003085,BU004,Financial Advisor,Employee
E003086,BU004,Branch Manager,Employee
E003087,BU001,Software Engineer,Employee
E003088,BU001,Customer Service Rep,Employee
E003089,BU003,Systems Administrator,Employee
E003090,BU001,Branch Manager,Employee
E003091,BU002,Security Analyst,Contractor
E003092,BU009,Operations Analyst,Employee
E003093,BU001,Systems Administrator,Employee
E003094,BU007,Risk Analyst,Employee
E003095,BU001,Systems Administrator,Employee
E003096,BU004,Operations Analyst,Employee
E003097,BU010,Network Engineer,Employee
E003098,BU001,Data Engineer,Employee
E003099,BU001,Security Analyst,Employee
E003100,BU002,Security Analyst,Employee
E003101,BU001,Operations Analyst,Employee
E003102,BU005,Risk Analyst,Employee
E003103,BU009,Systems Administrator,Employee
E003104,BU002,Branch Manager,Employee
E003105,BU001,Risk Analyst,Employee
E003106,BU002,Financial Advisor,Employee
E003107,BU004,Risk Analyst,Employee
E003108,BU001,Network Engineer,Contractor
E003109,BU003,Financial Advisor,Employee
E003110,BU003,Risk Analyst,Employee
E003111,BU003,Network Engineer,Employee
E003112,BU001,Network Engineer,Employee
E003113,BU004,Network Engineer,Contractor
E003114,BU001,Customer Service Rep,Employee
E003115,BU001,Software Engineer,Employee
E003116,BU008,Operations Analyst,Employee
E003117,BU004,Security Analyst,Employee
E003118,BU001,Customer Service Rep,Employee
E003119,BU001,Software Engineer,Contractor
E003120,BU001,Operations Analyst,Contractor
E003121,BU001,Security Analyst,Employee
E003122,BU001,Financial Advisor,Employee
E003123,BU001,Systems Administrator,Employee
E003124,BU002,Customer Service Rep,Employee
E003125,BU004,Security Analyst,Employee
E003126,BU003,Security Analyst,Employee
E003127,BU004,Branch Manager,Employee
E003128,BU001,Financial Advisor,Employee
E003129,BU009,Customer Service Rep,Employee
E003130,BU007,Network Engineer,Contractor
E003131,BU006,Network Engineer,Contractor
E003132,BU007,Software Engineer,Employee
E003133,BU009,Security Analyst,Contractor
E003134,BU003,Financial Advisor,Employee
E003135,BU001,Risk Analyst,Employee
E003136,BU003,Data Engineer,Employee
E003137,BU005,Customer Service Rep,Employee
E003138,BU004,Risk Analyst,Employee
E003139,BU002,Branch Manager,Employee
E003140,BU001,Security Analyst,Employee
E003141,BU001,Systems Administrator,Employee
E003142,BU009,Branch Manager,Employee
E003143,BU003,Software Engineer,Employee
E003144,BU002,Financial Advisor,Employee
E003145,BU001,Network Engineer,Employee
E003146,BU001,Network Engineer,Employee
E003147,BU009,Systems Administrator,Employee
E003148,BU004,Operations Analyst,Employee
E003149,BU006,Operations Analyst,Employee
E003150,BU002,Security Analyst,Employee
E003151,BU003,Network Engineer,Employee
E003152,BU001,Software Engineer,Employee
E003153,BU004,Network Engineer,Employee
E003154,BU002,Branch Manager,Employee
E003155,BU002,Financial Advisor,Employee
E003156,BU003,Customer Service Rep,Employee
E003157,BU009,Network Engineer,Contractor
E003158,BU001,Risk Analyst,Contractor
E003159,BU007,Data Engineer,Employee
E003160,BU001,Risk Analyst,Employee
E003161,BU002,Security Analyst,Employee
E003162,BU001,Branch Manager,Employee
E003163,BU001,Customer Service Rep,Contractor
E003164,BU002,Systems Administrator,Employee
E003165,BU001,Data Engineer,Employee
E003166,BU002,Network Engineer,Employee
E003167,BU009,Risk Analyst,Employee
E003168,BU001,Software Engineer,Employee
E003169,BU005,Security Analyst,Employee
E003170,BU001,Software Engineer,Employee
E003171,BU003,Financial Advisor,Employee
E003172,BU001,Customer Service Rep,Employee
E003173,BU001,Security Analyst,Employee
E003174,BU001,Security Analyst,Employee
E003175,BU001,Financial Advisor,Employee
E003176,BU001,Branch Manager,Employee
E003177,BU004,Systems Administrator,Employee
E003178,BU008,Data Engineer,Contractor
E003179,BU006,Security Analyst,Employee
E003180,BU004,Systems Administrator,Employee
E003181,BU001,Software Engineer,Employee
E003182,BU001,Operations Analyst,Employee
E003183,BU001,Operations Analyst,Employee
E003184,BU001,Customer Service Rep,Employee
E003185,BU002,Security Analyst,Employee
E003186,BU002,Data Engineer,Contractor
E003187,BU001,Security Analyst,Employee
E003188,BU001,Data Engineer,Employee
E003189,BU007,Systems Administrator,Employee
E003190,BU006,Operations Analyst,Contractor
E003191,BU001,Data Engineer,Employee
E003192,BU009,Financial Advisor,Contractor
E003193,BU009,Operations Analyst,Employee
E003194,BU001,Security Analyst,Employee
E003195,BU001,Financial Advisor,Employee
E003196,BU002,Software Engineer,Employee
E003197,BU009,Systems Administrator,Employee
E003198,BU008,Customer Service Rep,Employee
E003199,BU001,Network Engineer,Employee
E003200,BU001,Data Engineer,Employee
E003201,BU003,Operations Analyst,Employee
E003202,BU002,Data Engineer,Employee
E003203,BU001,Data Engineer,Employee
E003204,BU007,Customer Service Rep,Employee
E003205,BU004,Operations Analyst,Employee
E003206,BU007,Risk Analyst,Employee
E003207,BU007,Financial Advisor,Employee
E003208,BU005,Network Engineer,Employee
E003209,BU002,Data Engineer,Employee
E003210,BU003,Operations Analyst,Employee
E003211,BU001,Operations Analyst,Employee
E003212,BU004,Data Engineer,Employee
E003213,BU001,Software Engineer,Employee
E003214,BU004,Operations Analyst,Employee
E003215,BU001,Systems Administrator,Employee
E003216,BU001,Network Engineer,Employee
E003217,BU001,Network Engineer,Employee
E003218,BU001,Security Analyst,Contractor
E003219,BU004,Data Engineer,Employee
E003220,BU004,Network Engineer,Contractor
E003221,BU002,Software Engineer,Employee
E003222,BU001,Risk Analyst,Employee
E003223,BU001,Data Engineer,Employee
E003224,BU001,Financial Advisor,Contractor
E003225,BU001,Data Engineer,Employee
E003226,BU009,Risk Analyst,Employee
E003227,BU001,Security Analyst,Employee
E003228,BU001,Branch Manager,Employee
E003229,BU001,Data Engineer,Employee
E003230,BU001,Systems Administrator,Employee
E003231,BU002,Operations Analyst,Employee
E003232,BU003,Customer Service Rep,Employee
E003233,BU001,Systems Administrator,Employee
E003234,BU001,Risk Analyst,Employee
E003235,BU001,Software Engineer,Employee
E003236,BU001,Financial Advisor,Employee
E003237,BU001,Risk Analyst,Contractor
E003238,BU009,Customer Service Rep,Employee
E003239,BU003,Risk Analyst,Employee
E003240,BU003,Operations Analyst,Employee
E003241,BU001,Customer Service Rep,Employee
E003242,BU002,Operations Analyst,Employee
E003243,BU003,Financial Advisor,Employee
E003244,BU004,Network Engineer,Employee
E003245,BU004,Customer Service Rep,Employee
E003246,BU001,Branch Manager,Employee
E003247,BU002,Risk Analyst,Employee
E003248,BU001,Systems Administrator,Contractor
E003249,BU008,Risk Analyst,Employee
E003250,BU003,Financial Advisor,Contractor
E003251,BU002,Financial Advisor,Employee
E003252,BU001,Operations Analyst,Employee
E003253,BU003,Financial Advisor,Employee
E003254,BU001,Customer Service Rep,Employee
E003255,BU001,Systems Administrator,Employee
E003256,BU001,Financial Advisor,Employee
E003257,BU004,Data Engineer,Employee
E003258,BU001,Data Engineer,Employee
E003259,BU001,Operations Analyst,Employee
E003260,BU009,Financial Advisor,Employee
E003261,BU001,Financial Advisor,Contractor
E003262,BU002,Branch Manager,Employee
E003263,BU001,Systems Administrator,Employee
E003264,BU001,Financial Advisor,Employee
E003265,BU006,Branch Manager,Employee
E003266,BU001,Operations Analyst,Employee
E003267,BU002,Risk Analyst,Contractor
E003268,BU003,Branch Manager,Employee
E003269,BU003,Data Engineer,Employee
E003270,BU004,Data Engineer,Employee
E003271,BU001,Customer Service Rep,Employee
E003272,BU001,Branch Manager,Employee
E003273,BU004,Systems Administrator,Employee
E003274,BU002,Network Engineer,Employee
E003275,BU007,Risk Analyst,Employee
E003276,BU007,Security Analyst,Employee
E003277,BU007,Operations Analyst,Employee
E003278,BU002,Financial Advisor,Contractor
E003279,BU001,Risk Analyst,Employee
E003280,BU006,Branch Manager,Employee
E003281,BU002,Systems Administrator,Employee
E003282,BU001,Operations Analyst,Employee
E003283,BU007,Customer Service Rep,Employee
E003284,BU008,Operations Analyst,Employee
E003285,BU002,Risk Analyst,Employee
E003286,BU001,Risk Analyst,Employee
E003287,BU001,Security Analyst,Employee
E003288,BU006,Network Engineer,Employee
E003289,BU009,Systems Administrator,Employee
E003290,BU001,Customer Service Rep,Employee
E003291,BU001,Software Engineer,Employee
E003292,BU008,Operations Analyst,Employee
E003293,BU001,Network Engineer,Employee
E003294,BU003,Systems Administrator,Employee
E003295,BU010,Risk Analyst,Employee
E003296,BU001,Data Engineer,Employee
E003297,BU003,Systems Administrator,Employee
E003298,BU001,Operations Analyst,Employee
E003299,BU001,Systems Administrator,Employee
E003300,BU006,Security Analyst,Employee
E003301,BU002,Security Analyst,Employee
E003302,BU010,Systems Administrator,Employee
E003303,BU003,Security Analyst,Employee
E003304,BU001,Network Engineer,Employee
E003305,BU001,Branch Manager,Employee
E003306,BU001,Data Engineer,Employee
E003307,BU001,Operations Analyst,Employee
E003308,BU001,Operations Analyst,Contractor
E003309,BU001,Operations Analyst,Employee
E003310,BU002,Data Engineer,Employee
E003311,BU004,Operations Analyst,Employee
E003312,BU003,Risk Analyst,Employee
E003313,BU004,Network Engineer,Employee
E003314,BU001,Network Engineer,Contractor
E003315,BU001,Operations Analyst,Contractor
E003316,BU004,Customer Service Rep,Employee
E003317,BU002,Security Analyst,Employee
E003318,BU001,Financial Advisor,Employee
E003319,BU006,Risk Analyst,Employee
E003320,BU005,Systems Administrator,Employee
E003321,BU003,Risk Analyst,Employee
E003322,BU001,Risk Analyst,Employee
E003323,BU005,Network Engineer,Employee
E003324,BU003,Operations Analyst,Employee
E003325,BU006,Security Analyst,Employee
E003326,BU005,Customer Service Rep,Employee
E003327,BU006,Data Engineer,Employee
E003328,BU002,Financial Advisor,Employee
E003329,BU001,Branch Manager,Employee
E003330,BU004,Systems Administrator,Employee
E003331,BU003,Risk Analyst,Contractor
E003332,BU005,Customer Service Rep,Employee
E003333,BU001,Risk Analyst,Employee
E003334,BU001,Security Analyst,Employee
E003335,BU009,Risk Analyst,Employee
E003336,BU005,Data Engineer,Contractor
E003337,BU009,Customer Service Rep,Employee
E003338,BU005,Operations Analyst,Employee
E003339,BU003,Operations Analyst,Employee
E003340,BU003,Systems Administrator,Employee
E003341,BU008,Network Engineer,Employee
E003342,BU003,Financial Advisor,Employee
E003343,BU003,Systems Administrator,Employee
E003344,BU001,Systems Administrator,Employee
E003345,BU002,Security Analyst,Employee
E003346,BU004,Branch Manager,Employee
E003347,BU001,Software Engineer,Employee
E003348,BU001,Branch Manager,Employee
E003349,BU001,Security Analyst,Employee
E003350,BU001,Customer Service Rep,Employee
E003351,BU001,Security Analyst,Employee
E003352,BU002,Financial Advisor,Employee
E003353,BU009,Security Analyst,Employee
E003354,BU002,Systems Administrator,Employee
E003355,BU001,Branch Manager,Employee
E003356,BU001,Network Engineer,Contractor
E003357,BU004,Network Engineer,Employee
E003358,BU001,Systems Administrator,Employee
E003359,BU007,Branch Manager,Employee
E003360,BU003,Data Engineer,Employee
E003361,BU006,Branch Manager,Employee
E003362,BU001,Branch Manager,Employee
E003363,BU004,Systems Administrator,Employee
E003364,BU001,Security Analyst,Employee
E003365,BU009,Branch Manager,Employee
E003366,BU003,Customer Service Rep,Employee
E003367,BU001,Data Engineer,Employee
E003368,BU001,Security Analyst,Employee
E003369,BU001,Software Engineer,Employee
E003370,BU004,Data Engineer,Contractor
E003371,BU001,Operations Analyst,Contractor
E003372,BU003,Data Engineer,Contractor
E003373,BU001,Financial Advisor,Employee
E003374,BU004,Systems Administrator,Employee
E003375,BU006,Data Engineer,Employee
E003376,BU005,Customer Service Rep,Employee
E003377,BU005,Operations Analyst,Employee
E003378,BU001,Software Engineer,Employee
E003379,BU001,Software Engineer,Contractor
E003380,BU004,Network Engineer,Employee
E003381,BU001,Network Engineer,Contractor
E003382,BU002,Risk Analyst,Employee
E003383,BU001,Operations Analyst,Employee
E003384,BU001,Customer Service Rep,Employee
E003385,BU001,Systems Administrator,Employee
E003386,BU008,Customer Service Rep,Contractor
E003387,BU001,Risk Analyst,Employee
E003388,BU003,Customer Service Rep,Employee
E003389,BU001,Systems Administrator,Employee
E003390,BU004,Security Analyst,Contractor
E003391,BU001,Systems Administrator,Employee
E003392,BU009,Financial Advisor,Contractor
E003393,BU008,Data Engineer,Employee
E003394,BU001,Software Engineer,Employee
E003395,BU009,Branch Manager,Employee
E003396,BU010,Data Engineer,Employee
E003397,BU007,Operations Analyst,Employee
E003398,BU007,Data Engineer,Employee
E003399,BU001,Network Engineer,Employee
E003400,BU003,Network Engineer,Employee
E003401,BU001,Customer Service Rep,Employee
E003402,BU001,Software Engineer,Employee
E003403,BU010,Branch Manager,Contractor
E003404,BU001,Data Engineer,Employee
E003405,BU005,Data Engineer,Employee
E003406,BU006,Software Engineer,Employee
E003407,BU007,Operations Analyst,Employee
E003408,BU010,Network Engineer,Employee
E003409,BU001,Systems Administrator,Employee
E003410,BU001,Operations Analyst,Employee
E003411,BU001,Financial Advisor,Contractor
E003412,BU001,Customer Service Rep,Employee
E003413,BU001,Software Engineer,Employee
E003414,BU001,Risk Analyst,Employee
E003415,BU006,Operations Analyst,Employee
E003416,BU003,Data Engineer,Employee
E003417,BU001,Branch Manager,Employee
E003418,BU003,Financial Advisor,Employee
E003419,BU001,Risk Analyst,Employee
E003420,BU001,Network Engineer,Employee
E003421,BU005,Financial Advisor,Employee
E003422,BU003,Branch Manager,Contractor
E003423,BU005,Software Engineer,Employee
E003424,BU001,Risk Analyst,Employee
E003425,BU007,Network Engineer,Contractor
E003426,BU003,Data Engineer,Employee
E003427,BU003,Systems Administrator,Employee
E003428,BU003,Branch Manager,Employee
E003429,BU008,Network Engineer,Employee
E003430,BU003,Data Engineer,Employee
E003431,BU003,Network Engineer,Employee
E003432,BU010,Data Engineer,Employee
E003433,BU005,Data Engineer,Employee
E003434,BU002,Financial Advisor,Contractor
E003435,BU004,Data Engineer,Employee
E003436,BU001,Security Analyst,Employee
E003437,BU001,Security Analyst,Contractor
E003438,BU003,Customer Service Rep,Employee
E003439,BU009,Branch Manager,Contractor
E003440,BU009,Customer Service Rep,Employee
E003441,BU001,Network Engineer,Employee
E003442,BU002,Financial Advisor,Contractor
E003443,BU001,Security Analyst,Employee
E003444,BU010,Software Engineer,Contractor
E003445,BU010,Operations Analyst,Employee
E003446,BU003,Operations Analyst,Employee
E003447,BU006,Security Analyst,Employee
E003448,BU004,Customer Service Rep,Employee
E003449,BU003,Data Engineer,Employee
E003450,BU001,Systems Administrator,Employee
E003451,BU002,Branch Manager,Contractor
E003452,BU004,Branch Manager,Employee
E003453,BU004,Risk Analyst,Employee
E003454,BU001,Data Engineer,Employee
E003455,BU009,Software Engineer,Employee
E003456,BU001,Branch Manager,Employee
E003457,BU002,Financial Advisor,Employee
E003458,BU004,Software Engineer,Employee
E003459,BU004,Data Engineer,Employee
E003460,BU003,Operations Analyst,Employee
E003461,BU001,Data Engineer,Employee
E003462,BU001,Operations Analyst,Employee
E003463,BU003,Security Analyst,Employee
E003464,BU003,Financial Advisor,Employee
E003465,BU001,Network Engineer,Employee
E003466,BU004,Systems Administrator,Contractor
E003467,BU002,Operations Analyst,Employee
E003468,BU004,Operations Analyst,Employee
E003469,BU007,Operations Analyst,Employee
E003470,BU001,Systems Administrator,Employee
E003471,BU001,Operations Analyst,Employee
E003472,BU005,Risk Analyst,Employee
E003473,BU003,Network Engineer,Employee
E003474,BU004,Network Engineer,Employee
E003475,BU007,Branch Manager,Employee
E003476,BU006,Branch Manager,Contractor
E003477,BU010,Risk Analyst,Contractor
E003478,BU002,Risk Analyst,Employee
E003479,BU002,Operations Analyst,Employee
E003480,BU001,Financial Advisor,Employee
E003481,BU001,Security Analyst,Employee
E003482,BU003,Risk Analyst,Contractor
E003483,BU001,Branch Manager,Contractor
E003484,BU009,Financial Advisor,Employee
E003485,BU003,Systems Administrator,Employee
E003486,BU003,Software Engineer,Employee
E003487,BU001,Security Analyst,Employee
E003488,BU001,Risk Analyst,Employee
E003489,BU001,Network Engineer,Contractor
E003490,BU002,Branch Manager,Employee
E003491,BU001,Customer Service Rep,Employee
E003492,BU003,Branch Manager,Employee
E003493,BU008,Risk Analyst,Contractor
E003494,BU008,Software Engineer,Contractor
E003495,BU003,Operations Analyst,Employee
E003496,BU001,Security Analyst,Employee
E003497,BU008,Data Engineer,Employee
E003498,BU008,Data Engineer,Employee
E003499,BU001,Data Engineer,Employee
E003500,BU004,Data Engineer,Employee
E003501,BU001,Financial Advisor,Contractor
E003502,BU006,Systems Administrator,Contractor
E003503,BU010,Branch Manager,Employee
E003504,BU001,Security Analyst,Employee
E003505,BU009,Software Engineer,Employee
E003506,BU003,Systems Administrator,Employee
E003507,BU010,Customer Service Rep,Employee
E003508,BU002,Customer Service Rep,Employee
E003509,BU007,Security Analyst,Contractor
E003510,BU001,Branch Manager,Contractor
E003511,BU001,Security Analyst,Employee
E003512,BU001,Operations Analyst,Employee
E003513,BU010,Operations Analyst,Employee
E003514,BU006,Branch Manager,Employee
E003515,BU007,Risk Analyst,Employee
E003516,BU009,Branch Manager,Contractor
E003517,BU001,Software Engineer,Employee
E003518,BU001,Risk Analyst,Employee
E003519,BU001,Branch Manager,Employee
E003520,BU001,Risk Analyst,Employee
E003521,BU001,Security Analyst,Employee
E003522,BU002,Data Engineer,Employee
E003523,BU001,Systems Administrator,Employee
E003524,BU001,Data Engineer,Employee
E003525,BU001,Software Engineer,Employee
E003526,BU001,Operations Analyst,Employee
E003527,BU010,Software Engineer,Employee
E003528,BU005,Operations Analyst,Contractor
E003529,BU010,Security Analyst,Employee
E003530,BU002,Security Analyst,Employee
E003531,BU001,Risk Analyst,Employee
E003532,BU006,Financial Advisor,Employee
E003533,BU001,Operations Analyst,Contractor
E003534,BU001,Security Analyst,Contractor
E003535,BU001,Financial Advisor,Employee
E003536,BU001,Customer Service Rep,Employee
E003537,BU001,Customer Service Rep,Employee
E003538,BU001,Risk Analyst,Employee
E003539,BU004,Software Engineer,Employee
E003540,BU001,Data Engineer,Employee
E003541,BU001,Customer Service Rep,Employee
E003542,BU006,Risk Analyst,Employee
E003543,BU001,Network Engineer,Employee
E003544,BU001,Financial Advisor,Contractor
E003545,BU008,Systems Administrator,Contractor
E003546,BU001,Network Engineer,Employee
E003547,BU001,Systems Administrator,Employee
E003548,BU002,Operations Analyst,Employee
E003549,BU001,Operations Analyst,Employee
E003550,BU003,Systems Administrator,Employee
E003551,BU006,Security Analyst,Employee
E003552,BU001,Security Analyst,Employee
E003553,BU003,Data Engineer,Employee
E003554,BU002,Software Engineer,Employee
E003555,BU001,Data Engineer,Employee
E003556,BU003,Risk Analyst,Employee
E003557,BU001,Operations Analyst,Employee
E003558,BU002,Systems Administrator,Employee
E003559,BU001,Financial Advisor,Employee
E003560,BU002,Financial Advisor,Contractor
E003561,BU001,Branch Manager,Employee
E003562,BU007,Data Engineer,Employee
E003563,BU001,Systems Administrator,Employee
E003564,BU001,Security Analyst,Employee
E003565,BU002,Risk Analyst,Employee
E003566,BU004,Network Engineer,Employee
E003567,BU003,Branch Manager,Employee
E003568,BU004,Network Engineer,Employee
E003569,BU005,Operations Analyst,Employee
E003570,BU008,Risk Analyst,Employee
E003571,BU001,Software Engineer,Employee
E003572,BU002,Network Engineer,Employee
E003573,BU007,Risk Analyst,Employee
E003574,BU010,Branch Manager,Employee
E003575,BU008,Operations Analyst,Employee
E003576,BU001,Risk Analyst,Employee
E003577,BU001,Software Engineer,Employee
E003578,BU002,Security Analyst,Employee
E003579,BU005,Financial Advisor,Employee
E003580,BU002,Customer Service Rep,Employee
E003581,BU002,Security Analyst,Contractor
E003582,BU007,Security Analyst,Employee
E003583,BU001,Financial Advisor,Employee
E003584,BU007,Security Analyst,Employee
E003585,BU001,Systems Administrator,Employee
E003586,BU001,Operations Analyst,Employee
E003587,BU002,Risk Analyst,Employee
E003588,BU005,Operations Analyst,Contractor
E003589,BU001,Systems Administrator,Employee
E003590,BU001,Security Analyst,Contractor
E003591,BU009,Customer Service Rep,Employee
E003592,BU001,Branch Manager,Employee
E003593,BU003,Operations Analyst,Employee
E003594,BU003,Operations Analyst,Contractor
E003595,BU002,Customer Service Rep,Employee
E003596,BU003,Software Engineer,Employee
E003597,BU001,Operations Analyst,Employee
E003598,BU003,Risk Analyst,Employee
E003599,BU001,Network Engineer,Employee
E003600,BU004,Risk Analyst,Employee
E003601,BU001,Risk Analyst,Employee
E003602,BU003,Risk Analyst,Employee
E003603,BU001,Security Analyst,Employee
E003604,BU001,Systems Administrator,Employee
E003605,BU001,Operations Analyst,Employee
E003606,BU001,Network Engineer,Employee
E003607,BU007,Customer Service Rep,Employee
E003608,BU001,Branch Manager,Employee
E003609,BU009,Data Engineer,Employee
E003610,BU010,Security Analyst,Employee
E003611,BU003,Financial Advisor,Employee
E003612,BU001,Network Engineer,Employee
E003613,BU001,Data Engineer,Employee
E003614,BU006,Operations Analyst,Employee
E003615,BU001,Security Analyst,Employee
E003616,BU001,Systems Administrator,Employee
E003617,BU003,Systems Administrator,Employee
E003618,BU007,Network Engineer,Employee
E003619,BU006,Network Engineer,Employee
E003620,BU001,Software Engineer,Employee
E003621,BU004,Operations Analyst,Employee
E003622,BU001,Operations Analyst,Employee
E003623,BU001,Operations Analyst,Employee
E003624,BU008,Security Analyst,Employee
E003625,BU001,Systems Administrator,Employee
E003626,BU001,Security Analyst,Employee
E003627,BU001,Network Engineer,Employee
E003628,BU008,Branch Manager,Employee
E003629,BU006,Software Engineer,Employee
E003630,BU003,Network Engineer,Employee
E003631,BU005,Risk Analyst,Contractor
E003632,BU001,Customer Service Rep,Employee
E003633,BU002,Data Engineer,Employee
E003634,BU001,Risk Analyst,Employee
E003635,BU001,Risk Analyst,Contractor
E003636,BU002,Systems Administrator,Contractor
E003637,BU009,Network Engineer,Employee
E003638,BU001,Risk Analyst,Employee
E003639,BU001,Operations Analyst,Employee
E003640,BU001,Security Analyst,Employee
E003641,BU001,Operations Analyst,Contractor
E003642,BU009,Systems Administrator,Employee
E003643,BU002,Systems Administrator,Employee
E003644,BU002,Network Engineer,Employee
E003645,BU005,Network Engineer,Employee
E003646,BU001,Customer Service Rep,Contractor
E003647,BU002,Risk Analyst,Employee
E003648,BU002,Software Engineer,Employee
E003649,BU003,Operations Analyst,Employee
E003650,BU010,Risk Analyst,Contractor
E003651,BU005,Operations Analyst,Employee
E003652,BU001,Financial Advisor,Contractor
E003653,BU007,Data Engineer,Contractor
E003654,BU001,Data Engineer,Employee
E003655,BU001,Network Engineer,Contractor
E003656,BU001,Software Engineer,Employee
E003657,BU001,Software Engineer,Contractor
E003658,BU002,Branch Manager,Employee
E003659,BU003,Systems Administrator,Employee
E003660,BU009,Software Engineer,Employee
E003661,BU002,Operations Analyst,Employee
E003662,BU002,Operations Analyst,Employee
E003663,BU001,Data Engineer,Employee
E003664,BU001,Risk Analyst,Employee
E003665,BU003,Software Engineer,Contractor
E003666,BU002,Branch Manager,Employee
E003667,BU007,Risk Analyst,Employee
E003668,BU001,Data Engineer,Contractor
E003669,BU001,Operations Analyst,Contractor
E003670,BU002,Network Engineer,Employee
E003671,BU001,Financial Advisor,Employee
E003672,BU001,Software Engineer,Employee
E003673,BU004,Operations Analyst,Employee
E003674,BU001,Risk Analyst,Employee
E003675,BU003,Operations Analyst,Employee
E003676,BU001,Branch Manager,Employee
E003677,BU001,Data Engineer,Employee
E003678,BU001,Security Analyst,Employee
E003679,BU006,Operations Analyst,Employee
E003680,BU001,Network Engineer,Employee
E003681,BU005,Software Engineer,Employee
E003682,BU001,Network Engineer,Employee
E003683,BU005,Branch Manager,Employee
E003684,BU001,Systems Administrator,Employee
E003685,BU004,Risk Analyst,Contractor
E003686,BU003,Financial Advisor,Employee
E003687,BU009,Software Engineer,Employee
E003688,BU001,Security Analyst,Employee
E003689,BU001,Data Engineer,Employee
E003690,BU001,Data Engineer,Employee
E003691,BU007,Branch Manager,Employee
E003692,BU002,Systems Administrator,Employee
E003693,BU005,Customer Service Rep,Employee
E003694,BU001,Branch Manager,Employee
E003695,BU001,Systems Administrator,Employee
E003696,BU001,Data Engineer,Employee
E003697,BU010,Data Engineer,Contractor
E003698,BU004,Risk Analyst,Employee
E003699,BU009,Operations Analyst,Employee
E003700,BU001,Operations Analyst,Employee
E003701,BU003,Financial Advisor,Employee
E003702,BU004,Branch Manager,Employee
E003703,BU001,Security Analyst,Employee
E003704,BU007,Data Engineer,Employee
E003705,BU009,Data Engineer,Employee
E003706,BU008,Security Analyst,Employee
E003707,BU004,Security Analyst,Employee
E003708,BU001,Customer Service Rep,Employee
E003709,BU001,Financial Advisor,Contractor
E003710,BU010,Operations Analyst,Employee
E003711,BU001,Operations Analyst,Employee
E003712,BU004,Branch Manager,Contractor
E003713,BU004,Financial Advisor,Contractor
E003714,BU003,Software Engineer,Employee
E003715,BU010,Network Engineer,Employee
E003716,BU001,Risk Analyst,Employee
E003717,BU001,Data Engineer,Employee
E003718,BU001,Branch Manager,Employee
E003719,BU002,Customer Service Rep,Employee
E003720,BU001,Operations Analyst,Employee
E003721,BU001,Customer Service Rep,Employee
E003722,BU007,Risk Analyst,Employee
E003723,BU009,Operations Analyst,Contractor
E003724,BU001,Network Engineer,Contractor
E003725,BU001,Customer Service Rep,Employee
E003726,BU009,Branch Manager,Employee
E003727,BU001,Data Engineer,Employee
E003728,BU001,Branch Manager,Employee
E003729,BU001,Risk Analyst,Employee
E003730,BU003,Financial Advisor,Employee
E003731,BU001,Customer Service Rep,Employee
E003732,BU010,Systems Administrator,Employee
E003733,BU002,Financial Advisor,Contractor
E003734,BU002,Data Engineer,Contractor
E003735,BU001,Operations Analyst,Employee
E003736,BU002,Security Analyst,Employee
E003737,BU004,Operations Analyst,Employee
E003738,BU005,Customer Service Rep,Employee
E003739,BU005,Data Engineer,Employee
E003740,BU003,Security Analyst,Employee
E003741,BU009,Branch Manager,Employee
E003742,BU006,Operations Analyst,Employee
E003743,BU005,Operations Analyst,Employee
E003744,BU001,Software Engineer,Contractor
E003745,BU001,Data Engineer,Contractor
E003746,BU001,Operations Analyst,Employee
E003747,BU004,Financial Advisor,Employee
E003748,BU001,Customer Service Rep,Employee
E003749,BU001,Financial Advisor,Contractor
E003750,BU008,Data Engineer,Employee
E003751,BU009,Network Engineer,Employee
E003752,BU009,Customer Service Rep,Employee
E003753,BU001,Network Engineer,Employee
E003754,BU004,Systems Administrator,Employee
E003755,BU001,Network Engineer,Employee
E003756,BU001,Network Engineer,Employee
E003757,BU001,Risk Analyst,Employee
E003758,BU001,Network Engineer,Employee
E003759,BU002,Systems Administrator,Employee
E003760,BU007,Operations Analyst,Employee
E003761,BU001,Security Analyst,Employee
E003762,BU004,Network Engineer,Employee
E003763,BU002,Systems Administrator,Employee
E003764,BU001,Software Engineer,Employee
E003765,BU002,Network Engineer,Contractor
E003766,BU001,Security Analyst,Employee
E003767,BU003,Security Analyst,Employee
E003768,BU002,Software Engineer,Employee
E003769,BU001,Operations Analyst,Employee
E003770,BU001,Risk Analyst,Employee
E003771,BU003,Financial Advisor,Employee
E003772,BU009,Risk Analyst,Contractor
E003773,BU001,Financial Advisor,Contractor
E003774,BU004,Network Engineer,Employee
E003775,BU003,Software Engineer,Employee
E003776,BU009,Data Engineer,Employee
E003777,BU007,Financial Advisor,Employee
E003778,BU003,Customer Service Rep,Employee
E003779,BU003,Security Analyst,Employee
E003780,BU009,Network Engineer,Contractor
E003781,BU001,Network Engineer,Employee
E003782,BU001,Security Analyst,Employee
E003783,BU001,Branch Manager,Employee
E003784,BU007,Security Analyst,Employee
E003785,BU006,Operations Analyst,Employee
E003786,BU001,Data Engineer,Employee
E003787,BU003,Security Analyst,Employee
E003788,BU002,Risk Analyst,Employee
E003789,BU001,Customer Service Rep,Employee
E003790,BU010,Financial Advisor,Employee
E003791,BU001,Systems Administrator,Employee
E003792,BU001,Risk Analyst,Employee
E003793,BU003,Operations Analyst,Contractor
E003794,BU004,Operations Analyst,Employee
E003795,BU001,Security Analyst,Contractor
E003796,BU003,Systems Administrator,Employee
E003797,BU002,Data Engineer,Employee
E003798,BU001,Financial Advisor,Employee
E003799,BU001,Software Engineer,Employee
E003800,BU003,Network Engineer,Employee
E003801,BU001,Network Engineer,Employee
E003802,BU009,Financial Advisor,Employee
E003803,BU006,Software Engineer,Employee
E003804,BU010,Financial Advisor,Employee
E003805,BU001,Customer Service Rep,Employee
E003806,BU010,Systems Administrator,Employee
E003807,BU002,Network Engineer,Employee
E003808,BU001,Software Engineer,Employee
E003809,BU001,Data Engineer,Contractor
E003810,BU001,Security Analyst,Employee
E003811,BU004,Risk Analyst,Employee
E003812,BU002,Network Engineer,Employee
E003813,BU001,Operations Analyst,Employee
E003814,BU003,Branch Manager,Employee
E003815,BU001,Financial Advisor,Employee
E003816,BU003,Data Engineer,Employee
E003817,BU001,Financial Advisor,Employee
E003818,BU007,Branch Manager,Contractor
E003819,BU007,Customer Service Rep,Contractor
E003820,BU002,Security Analyst,Employee
E003821,BU001,Network Engineer,Employee
E003822,BU001,Operations Analyst,Employee
E003823,BU006,Financial Advisor,Employee
E003824,BU001,Software Engineer,Employee
E003825,BU001,Financial Advisor,Employee
E003826,BU001,Software Engineer,Employee
E003827,BU002,Security Analyst,Employee
E003828,BU002,Risk Analyst,Employee
E003829,BU007,Network Engineer,Employee
E003830,BU001,Risk Analyst,Employee
E003831,BU001,Risk Analyst,Employee
E003832,BU006,Network Engineer,Employee
E003833,BU007,Network Engineer,Employee
E003834,BU001,Security Analyst,Employee
E003835,BU002,Operations Analyst,Employee
E003836,BU001,Financial Advisor,Employee
E003837,BU009,Security Analyst,Employee
E003838,BU001,Branch Manager,Employee
E003839,BU009,Systems Administrator,Employee
E003840,BU004,Customer Service Rep,Employee
E003841,BU002,Network Engineer,Employee
E003842,BU001,Financial Advisor,Contractor
E003843,BU002,Operations Analyst,Employee
E003844,BU001,Data Engineer,Contractor
E003845,BU001,Operations Analyst,Employee
E003846,BU003,Customer Service Rep,Employee
E003847,BU010,Branch Manager,Employee
E003848,BU003,Data Engineer,Employee
E003849,BU004,Risk Analyst,Employee
E003850,BU001,Risk Analyst,Employee
E003851,BU001,Network Engineer,Employee
E003852,BU001,Risk Analyst,Employee
E003853,BU003,Software Engineer,Employee
E003854,BU009,Financial Advisor,Employee
E003855,BU004,Software Engineer,Employee
E003856,BU001,Network Engineer,Employee
E003857,BU001,Security Analyst,Employee
E003858,BU003,Customer Service Rep,Employee
E003859,BU001,Data Engineer,Employee
E003860,BU007,Data Engineer,Employee
E003861,BU006,Risk Analyst,Employee
E003862,BU003,Financial Advisor,Employee
E003863,BU001,Systems Administrator,Employee
E003864,BU001,Operations Analyst,Employee
E003865,BU001,Data Engineer,Employee
E003866,BU001,Customer Service Rep,Employee
E003867,BU001,Customer Service Rep,Employee
E003868,BU004,Software Engineer,Employee
E003869,BU003,Software Engineer,Employee
E003870,BU001,Network Engineer,Employee
E003871,BU001,Branch Manager,Employee
E003872,BU001,Systems Administrator,Employee
E003873,BU001,Risk Analyst,Employee
E003874,BU007,Customer Service Rep,Employee
E003875,BU001,Data Engineer,Employee
E003876,BU001,Operations Analyst,Employee
E003877,BU001,Operations Analyst,Employee
E003878,BU008,Software Engineer,Employee
E003879,BU003,Software Engineer,Employee
E003880,BU001,Security Analyst,Contractor
E003881,BU002,Systems Administrator,Employee
E003882,BU004,Network Engineer,Employee
E003883,BU009,Risk Analyst,Employee
E003884,BU001,Financial Advisor,Contractor
E003885,BU008,Customer Service Rep,Employee
E003886,BU009,Financial Advisor,Employee
E003887,BU009,Security Analyst,Employee
E003888,BU003,Risk Analyst,Employee
E003889,BU003,Operations Analyst,Employee
E003890,BU001,Data Engineer,Employee
E003891,BU005,Security Analyst,Employee
E003892,BU002,Network Engineer,Employee
E003893,BU004,Risk Analyst,Contractor
E003894,BU002,Software Engineer,Employee
E003895,BU004,Operations Analyst,Employee
E003896,BU007,Financial Advisor,Employee
E003897,BU001,Risk Analyst,Employee
E003898,BU007,Security Analyst,Employee
E003899,BU003,Network Engineer,Employee
E003900,BU007,Branch Manager,Employee
E003901,BU002,Customer Service Rep,Employee
E003902,BU001,Risk Analyst,Employee
E003903,BU009,Data Engineer,Employee
E003904,BU001,Branch Manager,Employee
E003905,BU007,Risk Analyst,Employee
E003906,BU002,Branch Manager,Employee
E003907,BU002,Security Analyst,Employee
E003908,BU001,Data Engineer,Employee
E003909,BU003,Systems Administrator,Employee
E003910,BU001,Branch Manager,Employee
E003911,BU001,Customer Service Rep,Employee
E003912,BU001,Network Engineer,Employee
E003913,BU001,Customer Service Rep,Employee
E003914,BU010,Data Engineer,Employee
E003915,BU010,Risk Analyst,Employee
E003916,BU001,Data Engineer,Contractor
E003917,BU004,Financial Advisor,Employee
E003918,BU001,Systems Administrator,Employee
E003919,BU004,Network Engineer,Employee
E003920,BU006,Operations Analyst,Employee
E003921,BU009,Operations Analyst,Employee
E003922,BU001,Security Analyst,Employee
E003923,BU006,Financial Advisor,Employee
E003924,BU001,Software Engineer,Employee
E003925,BU010,Operations Analyst,Employee
E003926,BU001,Software Engineer,Employee
E003927,BU003,Customer Service Rep,Employee
E003928,BU003,Network Engineer,Employee
E003929,BU004,Software Engineer,Employee
E003930,BU001,Software Engineer,Employee
E003931,BU009,Security Analyst,Employee
E003932,BU001,Systems Administrator,Employee
E003933,BU003,Systems Administrator,Employee
E003934,BU001,Risk Analyst,Employee
E003935,BU001,Software Engineer,Employee
E003936,BU003,Risk Analyst,Employee
E003937,BU001,Branch Manager,Employee
E003938,BU001,Risk Analyst,Employee
E003939,BU001,Branch Manager,Employee
E003940,BU001,Network Engineer,Employee
E003941,BU005,Systems Administrator,Employee
E003942,BU009,Network Engineer,Employee
E003943,BU001,Risk Analyst,Employee
E003944,BU001,Operations Analyst,Employee
E003945,BU001,Software Engineer,Employee
E003946,BU001,Risk Analyst,Employee
E003947,BU004,Financial Advisor,Employee
E003948,BU003,Operations Analyst,Employee
E003949,BU001,Risk Analyst,Employee
E003950,BU001,Branch Manager,Employee
E003951,BU001,Data Engineer,Employee
E003952,BU007,Operations Analyst,Employee
E003953,BU010,Data Engineer,Employee
E003954,BU001,Branch Manager,Employee
E003955,BU001,Branch Manager,Employee
E003956,BU008,Financial Advisor,Employee
E003957,BU009,Risk Analyst,Employee
E003958,BU001,Network Engineer,Employee
E003959,BU001,Systems Administrator,Contractor
E003960,BU001,Risk Analyst,Employee
E003961,BU003,Software Engineer,Employee
E003962,BU001,Software Engineer,Employee
E003963,BU001,Financial Advisor,Employee
E003964,BU003,Data Engineer,Employee
E003965,BU001,Data Engineer,Employee
E003966,BU006,Operations Analyst,Contractor
E003967,BU001,Network Engineer,Employee
E003968,BU001,Network Engineer,Employee
E003969,BU003,Systems Administrator,Employee
E003970,BU001,Software Engineer,Employee
E003971,BU010,Network Engineer,Employee
E003972,BU003,Customer Service Rep,Employee
E003973,BU001,Risk Analyst,Employee
E003974,BU004,Network Engineer,Employee
E003975,BU001,Customer Service Rep,Contractor
E003976,BU009,Operations Analyst,Employee
E003977,BU001,Customer Service Rep,Employee
E003978,BU003,Systems Administrator,Employee
E003979,BU001,Network Engineer,Employee
E003980,BU002,Risk Analyst,Employee
E003981,BU007,Software Engineer,Employee
E003982,BU006,Security Analyst,Employee
E003983,BU001,Operations Analyst,Employee
E003984,BU001,Customer Service Rep,Contractor
E003985,BU006,Systems Administrator,Employee
E003986,BU009,Software Engineer,Employee
E003987,BU001,Security Analyst,Employee
E003988,BU002,Risk Analyst,Employee
E003989,BU001,Customer Service Rep,Employee
E003990,BU008,Network Engineer,Employee
E003991,BU001,Network Engineer,Employee
E003992,BU001,Security Analyst,Employee
E003993,BU005,Data Engineer,Employee
E003994,BU001,Financial Advisor,Employee
E003995,BU002,Branch Manager,Employee
E003996,BU002,Software Engineer,Contractor
E003997,BU001,Financial Advisor,Employee
E003998,BU001,Customer Service Rep,Employee
E003999,BU002,Systems Administrator,Contractor
E004000,BU001,Network Engineer,Employee
E004001,BU003,Operations Analyst,Employee
E004002,BU006,Network Engineer,Contractor
E004003,BU005,Security Analyst,Employee
E004004,BU001,Customer Service Rep,Employee
E004005,BU001,Operations Analyst,Contractor
E004006,BU001,Systems Administrator,Employee
E004007,BU001,Systems Administrator,Employee
E004008,BU001,Operations Analyst,Employee
E004009,BU004,Branch Manager,Employee
E004010,BU001,Customer Service Rep,Contractor
E004011,BU001,Risk Analyst,Employee
E004012,BU001,Security Analyst,Employee
E004013,BU004,Software Engineer,Employee
E004014,BU001,Systems Administrator,Employee
E004015,BU003,Customer Service Rep,Contractor
E004016,BU001,Data Engineer,Employee
E004017,BU008,Customer Service Rep,Contractor
E004018,BU009,Data Engineer,Employee
E004019,BU001,Network Engineer,Employee
E004020,BU001,Network Engineer,Employee
E004021,BU001,Risk Analyst,Contractor
E004022,BU001,Financial Advisor,Employee
E004023,BU004,Software Engineer,Employee
E004024,BU007,Risk Analyst,Employee
E004025,BU004,Security Analyst,Contractor
E004026,BU007,Network Engineer,Employee
E004027,BU001,Security Analyst,Employee
E004028,BU001,Risk Analyst,Employee
E004029,BU004,Software Engineer,Employee
E004030,BU001,Data Engineer,Employee
E004031,BU004,Risk Analyst,Employee
E004032,BU001,Network Engineer,Employee
E004033,BU001,Software Engineer,Employee
E004034,BU010,Systems Administrator,Employee
E004035,BU001,Branch Manager,Employee
E004036,BU010,Branch Manager,Employee
E004037,BU010,Risk Analyst,Employee
E004038,BU006,Security Analyst,Employee
E004039,BU003,Branch Manager,Employee
E004040,BU003,Customer Service Rep,Employee
E004041,BU008,Software Engineer,Employee
E004042,BU001,Branch Manager,Employee
E004043,BU002,Customer Service Rep,Employee
E004044,BU003,Data Engineer,Employee
E004045,BU001,Security Analyst,Employee
E004046,BU002,Systems Administrator,Employee
E004047,BU001,Systems Administrator,Contractor
E004048,BU003,Software Engineer,Employee
E004049,BU007,Customer Service Rep,Employee
E004050,BU001,Financial Advisor,Contractor
E004051,BU009,Systems Administrator,Employee
E004052,BU004,Systems Administrator,Employee
E004053,BU007,Data Engineer,Employee
E004054,BU003,Systems Administrator,Employee
E004055,BU005,Systems Administrator,Employee
E004056,BU001,Branch Manager,Employee
E004057,BU006,Systems Administrator,Employee
E004058,BU001,Data Engineer,Employee
E004059,BU008,Security Analyst,Employee
E004060,BU010,Risk Analyst,Employee
E004061,BU001,Systems Administrator,Employee
E004062,BU001,Operations Analyst,Employee
E004063,BU005,Software Engineer,Employee
E004064,BU001,Financial Advisor,Employee
E004065,BU008,Operations Analyst,Contractor
E004066,BU001,Branch Manager,Employee
E004067,BU001,Network Engineer,Employee
E004068,BU010,Data Engineer,Employee
E004069,BU004,Software Engineer,Employee
E004070,BU007,Risk Analyst,Employee
E004071,BU001,Network Engineer,Employee
E004072,BU004,Operations Analyst,Employee
E004073,BU003,Security Analyst,Employee
E004074,BU003,Software Engineer,Employee
E004075,BU004,Operations Analyst,Employee
E004076,BU003,Operations Analyst,Employee
E004077,BU002,Security Analyst,Employee
E004078,BU001,Software Engineer,Employee
E004079,BU005,Branch Manager,Employee
E004080,BU001,Security Analyst,Employee
E004081,BU004,Branch Manager,Employee
E004082,BU001,Financial Advisor,Employee
E004083,BU003,Network Engineer,Employee
E004084,BU005,Financial Advisor,Employee
E004085,BU001,Security Analyst,Employee
E004086,BU001,Data Engineer,Employee
E004087,BU001,Financial Advisor,Employee
E004088,BU003,Data Engineer,Employee
E004089,BU007,Data Engineer,Employee
E004090,BU001,Security Analyst,Employee
E004091,BU004,Risk Analyst,Employee
E004092,BU001,Systems Administrator,Employee
E004093,BU002,Operations Analyst,Employee
E004094,BU009,Financial Advisor,Employee
E004095,BU001,Customer Service Rep,Employee
E004096,BU002,Financial Advisor,Employee
E004097,BU001,Risk Analyst,Employee
E004098,BU001,Network Engineer,Employee
E004099,BU001,Risk Analyst,Employee
E004100,BU001,Systems Administrator,Contractor
E004101,BU003,Security Analyst,Employee
E004102,BU002,Operations Analyst,Employee
E004103,BU003,Risk Analyst,Employee
E004104,BU001,Financial Advisor,Employee
E004105,BU001,Network Engineer,Employee
E004106,BU004,Risk Analyst,Employee
E004107,BU010,Customer Service Rep,Employee
E004108,BU001,Network Engineer,Employee
E004109,BU009,Data Engineer,Employee
E004110,BU003,Security Analyst,Employee
E004111,BU003,Software Engineer,Employee
E004112,BU002,Branch Manager,Employee
E004113,BU001,Operations Analyst,Employee
E004114,BU001,Security Analyst,Contractor
E004115,BU003,Systems Administrator,Employee
E004116,BU001,Security Analyst,Employee
E004117,BU009,Financial Advisor,Employee
E004118,BU001,Security Analyst,Employee
E004119,BU001,Security Analyst,Employee
E004120,BU004,Branch Manager,Employee
E004121,BU001,Software Engineer,Employee
E004122,BU002,Network Engineer,Employee
E004123,BU004,Branch Manager,Employee
E004124,BU009,Financial Advisor,Employee
E004125,BU006,Financial Advisor,Contractor
E004126,BU004,Systems Administrator,Contractor
E004127,BU004,Data Engineer,Employee
E004128,BU009,Network Engineer,Employee
E004129,BU001,Financial Advisor,Employee
E004130,BU001,Branch Manager,Employee
E004131,BU001,Financial Advisor,Employee
E004132,BU001,Security Analyst,Employee
E004133,BU004,Data Engineer,Employee
E004134,BU003,Financial Advisor,Employee
E004135,BU003,Security Analyst,Contractor
E004136,BU001,Systems Administrator,Contractor
E004137,BU004,Financial Advisor,Employee
E004138,BU001,Data Engineer,Employee
E004139,BU004,Branch Manager,Employee
E004140,BU003,Systems Administrator,Employee
E004141,BU001,Risk Analyst,Employee
E004142,BU001,Network Engineer,Employee
E004143,BU001,Security Analyst,Employee
E004144,BU007,Systems Administrator,Contractor
E004145,BU009,Data Engineer,Employee
E004146,BU003,Systems Administrator,Employee
E004147,BU001,Network Engineer,Employee
E004148,BU001,Risk Analyst,Employee
E004149,BU004,Security Analyst,Employee
E004150,BU005,Data Engineer,Employee
E004151,BU001,Network Engineer,Employee
E004152,BU001,Security Analyst,Contractor
E004153,BU004,Branch Manager,Contractor
E004154,BU001,Security Analyst,Employee
E004155,BU001,Network Engineer,Employee
E004156,BU001,Customer Service Rep,Employee
E004157,BU003,Customer Service Rep,Employee
E004158,BU007,Systems Administrator,Employee
E004159,BU009,Financial Advisor,Employee
E004160,BU003,Branch Manager,Employee
E004161,BU002,Security Analyst,Employee
E004162,BU001,Network Engineer,Employee
E004163,BU003,Software Engineer,Employee
E004164,BU001,Branch Manager,Employee
E004165,BU003,Customer Service Rep,Employee
E004166,BU001,Risk Analyst,Employee
E004167,BU001,Software Engineer,Employee
E004168,BU001,Financial Advisor,Employee
E004169,BU001,Security Analyst,Contractor
E004170,BU001,Software Engineer,Employee
E004171,BU001,Network Engineer,Employee
E004172,BU010,Data Engineer,Employee
E004173,BU002,Data Engineer,Employee
E004174,BU002,Systems Administrator,Employee
E004175,BU008,Software Engineer,Employee
E004176,BU010,Customer Service Rep,Employee
E004177,BU003,Systems Administrator,Employee
E004178,BU006,Data Engineer,Employee
E004179,BU001,Financial Advisor,Employee
E004180,BU001,Software Engineer,Employee
E004181,BU001,Financial Advisor,Employee
E004182,BU004,Financial Advisor,Contractor
E004183,BU004,Software Engineer,Employee
E004184,BU001,Customer Service Rep,Contractor
E004185,BU001,Software Engineer,Employee
E004186,BU003,Operations Analyst,Employee
E004187,BU001,Customer Service Rep,Employee
E004188,BU003,Operations Analyst,Employee
E004189,BU004,Security Analyst,Employee
E004190,BU004,Operations Analyst,Employee
E004191,BU005,Data Engineer,Employee
E004192,BU008,Network Engineer,Employee
E004193,BU002,Software Engineer,Employee
E004194,BU004,Operations Analyst,Employee
E004195,BU003,Systems Administrator,Employee
E004196,BU001,Operations Analyst,Employee
E004197,BU001,Software Engineer,Employee
E004198,BU001,Systems Administrator,Employee
E004199,BU002,Branch Manager,Employee
E004200,BU003,Systems Administrator,Employee
E004201,BU007,Systems Administrator,Employee
E004202,BU001,Customer Service Rep,Employee
E004203,BU001,Operations Analyst,Contractor
E004204,BU010,Operations Analyst,Employee
E004205,BU001,Risk Analyst,Contractor
E004206,BU002,Systems Administrator,Employee
E004207,BU003,Network Engineer,Employee
E004208,BU003,Customer Service Rep,Employee
E004209,BU001,Customer Service Rep,Employee
E004210,BU001,Customer Service Rep,Employee
E004211,BU001,Operations Analyst,Employee
E004212,BU003,Risk Analyst,Employee
E004213,BU003,Financial Advisor,Employee
E004214,BU001,Software Engineer,Employee
E004215,BU003,Branch Manager,Employee
E004216,BU007,Branch Manager,Employee
E004217,BU001,Software Engineer,Employee
E004218,BU002,Customer Service Rep,Contractor
E004219,BU004,Security Analyst,Employee
E004220,BU001,Software Engineer,Employee
E004221,BU001,Financial Advisor,Employee
E004222,BU003,Financial Advisor,Employee
E004223,BU009,Systems Administrator,Employee
E004224,BU006,Systems Administrator,Employee
E004225,BU003,Systems Administrator,Employee
E004226,BU004,Systems Administrator,Employee
E004227,BU001,Security Analyst,Contractor
E004228,BU003,Security Analyst,Contractor
E004229,BU002,Risk Analyst,Employee
E004230,BU001,Branch Manager,Employee
E004231,BU004,Operations Analyst,Employee
E004232,BU003,Security Analyst,Employee
E004233,BU001,Data Engineer,Employee
E004234,BU009,Financial Advisor,Contractor
E004235,BU001,Operations Analyst,Employee
E004236,BU001,Financial Advisor,Contractor
E004237,BU001,Systems Administrator,Employee
E004238,BU005,Security Analyst,Employee
E004239,BU004,Operations Analyst,Employee
E004240,BU001,Customer Service Rep,Employee
E004241,BU004,Risk Analyst,Employee
E004242,BU001,Data Engineer,Employee
E004243,BU005,Data Engineer,Employee
E004244,BU002,Branch Manager,Employee
E004245,BU001,Systems Administrator,Employee
E004246,BU009,Data Engineer,Employee
E004247,BU001,Network Engineer,Employee
E004248,BU001,Network Engineer,Employee
E004249,BU003,Software Engineer,Contractor
E004250,BU010,Data Engineer,Employee
E004251,BU001,Operations Analyst,Employee
E004252,BU001,Security Analyst,Contractor
E004253,BU001,Customer Service Rep,Employee
E004254,BU002,Branch Manager,Employee
E004255,BU001,Systems Administrator,Employee
E004256,BU003,Software Engineer,Contractor
E004257,BU010,Operations Analyst,Employee
E004258,BU002,Financial Advisor,Employee
E004259,BU001,Network Engineer,Employee
E004260,BU001,Security Analyst,Employee
E004261,BU001,Software Engineer,Employee
E004262,BU008,Operations Analyst,Employee
E004263,BU001,Systems Administrator,Employee
E004264,BU001,Customer Service Rep,Contractor
E004265,BU003,Security Analyst,Contractor
E004266,BU002,Systems Administrator,Employee
E004267,BU003,Risk Analyst,Employee
E004268,BU001,Systems Administrator,Employee
E004269,BU006,Systems Administrator,Employee
E004270,BU009,Customer Service Rep,Contractor
E004271,BU003,Data Engineer,Employee
E004272,BU009,Risk Analyst,Employee
E004273,BU001,Branch Manager,Employee
E004274,BU002,Software Engineer,Employee
E004275,BU003,Operations Analyst,Employee
E004276,BU003,Operations Analyst,Employee
E004277,BU001,Financial Advisor,Employee
E004278,BU001,Branch Manager,Employee
E004279,BU001,Branch Manager,Contractor
E004280,BU001,Branch Manager,Contractor
E004281,BU001,Branch Manager,Employee
E004282,BU004,Customer Service Rep,Employee
E004283,BU001,Data Engineer,Employee
E004284,BU001,Customer Service Rep,Employee
E004285,BU003,Software Engineer,Employee
E004286,BU003,Risk Analyst,Employee
E004287,BU008,Financial Advisor,Employee
E004288,BU003,Customer Service Rep,Employee
E004289,BU001,Software Engineer,Contractor
E004290,BU006,Risk Analyst,Employee
E004291,BU003,Software Engineer,Employee
E004292,BU001,Data Engineer,Employee
E004293,BU003,Software Engineer,Employee
E004294,BU009,Security Analyst,Employee
E004295,BU001,Software Engineer,Employee
E004296,BU001,Customer Service Rep,Employee
E004297,BU001,Software Engineer,Employee
E004298,BU001,Customer Service Rep,Employee
E004299,BU002,Risk Analyst,Employee
E004300,BU003,Security Analyst,Employee
E004301,BU001,Risk Analyst,Employee
E004302,BU009,Software Engineer,Employee
E004303,BU005,Branch Manager,Employee
E004304,BU003,Financial Advisor,Employee
E004305,BU007,Network Engineer,Employee
E004306,BU001,Branch Manager,Employee
E004307,BU002,Security Analyst,Employee
E004308,BU003,Risk Analyst,Employee
E004309,BU007,Security Analyst,Employee
E004310,BU006,Data Engineer,Employee
E004311,BU001,Risk Analyst,Employee
E004312,BU009,Software Engineer,Employee
E004313,BU001,Risk Analyst,Contractor
E004314,BU008,Branch Manager,Employee
E004315,BU010,Financial Advisor,Employee
E004316,BU001,Software Engineer,Contractor
E004317,BU004,Operations Analyst,Employee
E004318,BU001,Branch Manager,Employee
E004319,BU001,Systems Administrator,Employee
E004320,BU002,Software Engineer,Employee
E004321,BU003,Software Engineer,Employee
E004322,BU009,Branch Manager,Contractor
E004323,BU004,Data Engineer,Contractor
E004324,BU002,Risk Analyst,Employee
E004325,BU006,Systems Administrator,Contractor
E004326,BU009,Security Analyst,Employee
E004327,BU001,Software Engineer,Employee
E004328,BU010,Risk Analyst,Employee
E004329,BU001,Network Engineer,Contractor
E004330,BU006,Network Engineer,Employee
E004331,BU001,Security Analyst,Contractor
E004332,BU001,Customer Service Rep,Contractor
E004333,BU002,Systems Administrator,Contractor
E004334,BU003,Network Engineer,Employee
E004335,BU001,Financial Advisor,Employee
E004336,BU001,Security Analyst,Employee
E004337,BU003,Branch Manager,Employee
E004338,BU009,Branch Manager,Contractor
E004339,BU001,Operations Analyst,Employee
E004340,BU001,Financial Advisor,Employee
E004341,BU002,Systems Administrator,Employee
E004342,BU001,Network Engineer,Employee
E004343,BU007,Customer Service Rep,Employee
E004344,BU007,Systems Administrator,Contractor
E004345,BU003,Data Engineer,Contractor
E004346,BU001,Systems Administrator,Employee
E004347,BU006,Branch Manager,Employee
E004348,BU003,Operations Analyst,Employee
E004349,BU007,Network Engineer,Employee
E004350,BU003,Security Analyst,Contractor
E004351,BU006,Network Engineer,Employee
E004352,BU003,Risk Analyst,Employee
E004353,BU001,Branch Manager,Contractor
E004354,BU009,Operations Analyst,Employee
E004355,BU003,Risk Analyst,Employee
E004356,BU003,Financial Advisor,Employee
E004357,BU001,Customer Service Rep,Employee
E004358,BU003,Systems Administrator,Employee
E004359,BU003,Data Engineer,Employee
E004360,BU001,Software Engineer,Employee
E004361,BU001,Software Engineer,Employee
E004362,BU003,Security Analyst,Employee
E004363,BU005,Operations Analyst,Employee
E004364,BU002,Financial Advisor,Employee
E004365,BU001,Branch Manager,Employee
E004366,BU004,Data Engineer,Employee
E004367,BU001,Security Analyst,Employee
E004368,BU002,Financial Advisor,Employee
E004369,BU001,Customer Service Rep,Employee
E004370,BU001,Branch Manager,Employee
E004371,BU001,Software Engineer,Employee
E004372,BU001,Customer Service Rep,Contractor
E004373,BU001,Security Analyst,Employee
E004374,BU001,Operations Analyst,Employee
E004375,BU002,Risk Analyst,Employee
E004376,BU002,Operations Analyst,Employee
E004377,BU001,Branch Manager,Employee
E004378,BU007,Customer Service Rep,Employee
E004379,BU001,Systems Administrator,Employee
E004380,BU002,Operations Analyst,Employee
E004381,BU001,Network Engineer,Employee
E004382,BU001,Customer Service Rep,Employee
E004383,BU003,Security Analyst,Employee
E004384,BU003,Operations Analyst,Employee
E004385,BU008,Risk Analyst,Employee
E004386,BU003,Security Analyst,Employee
E004387,BU009,Risk Analyst,Employee
E004388,BU001,Systems Administrator,Employee
E004389,BU001,Network Engineer,Contractor
E004390,BU001,Systems Administrator,Employee
E004391,BU001,Network Engineer,Employee
E004392,BU003,Financial Advisor,Employee
E004393,BU003,Software Engineer,Employee
E004394,BU001,Risk Analyst,Employee
E004395,BU009,Financial Advisor,Employee
E004396,BU007,Customer Service Rep,Employee
E004397,BU001,Network Engineer,Employee
E004398,BU001,Systems Administrator,Employee
E004399,BU001,Financial Advisor,Employee
E004400,BU001,Systems Administrator,Employee
E004401,BU001,Network Engineer,Employee
E004402,BU002,Systems Administrator,Contractor
E004403,BU001,Branch Manager,Employee
E004404,BU001,Branch Manager,Employee
E004405,BU010,Risk Analyst,Employee
E004406,BU004,Systems Administrator,Contractor
E004407,BU009,Customer Service Rep,Employee
E004408,BU001,Branch Manager,Employee
E004409,BU001,Customer Service Rep,Employee
E004410,BU003,Security Analyst,Employee
E004411,BU001,Data Engineer,Employee
E004412,BU001,Network Engineer,Employee
E004413,BU004,Network Engineer,Employee
E004414,BU003,Customer Service Rep,Employee
E004415,BU001,Software Engineer,Employee
E004416,BU002,Customer Service Rep,Contractor
E004417,BU001,Network Engineer,Employee
E004418,BU001,Data Engineer,Employee
E004419,BU001,Branch Manager,Employee
E004420,BU001,Customer Service Rep,Employee
E004421,BU001,Systems Administrator,Employee
E004422,BU009,Software Engineer,Employee
E004423,BU003,Network Engineer,Employee
E004424,BU004,Customer Service Rep,Employee
E004425,BU001,Customer Service Rep,Employee
E004426,BU001,Systems Administrator,Employee
E004427,BU001,Security Analyst,Employee
E004428,BU001,Branch Manager,Employee
E004429,BU001,Data Engineer,Employee
E004430,BU006,Branch Manager,Contractor
E004431,BU004,Systems Administrator,Contractor
E004432,BU003,Network Engineer,Employee
E004433,BU002,Systems Administrator,Employee
E004434,BU009,Risk Analyst,Employee
E004435,BU001,Financial Advisor,Employee
E004436,BU001,Security Analyst,Contractor
E004437,BU001,Financial Advisor,Contractor
E004438,BU006,Network Engineer,Employee
E004439,BU010,Data Engineer,Employee
E004440,BU001,Branch Manager,Employee
E004441,BU008,Software Engineer,Employee
E004442,BU007,Risk Analyst,Employee
E004443,BU001,Security Analyst,Employee
E004444,BU001,Financial Advisor,Employee
E004445,BU001,Customer Service Rep,Employee
E004446,BU010,Risk Analyst,Employee
E004447,BU001,Branch Manager,Employee
E004448,BU006,Risk Analyst,Employee
E004449,BU001,Network Engineer,Employee
E004450,BU004,Customer Service Rep,Employee
E004451,BU002,Data Engineer,Contractor
E004452,BU003,Customer Service Rep,Employee
E004453,BU007,Data Engineer,Employee
E004454,BU006,Network Engineer,Employee
E004455,BU008,Data Engineer,Employee
E004456,BU001,Customer Service Rep,Employee
E004457,BU004,Data Engineer,Employee
E004458,BU001,Operations Analyst,Employee
E004459,BU001,Systems Administrator,Employee
E004460,BU003,Data Engineer,Employee
E004461,BU001,Customer Service Rep,Employee
E004462,BU002,Systems Administrator,Employee
E004463,BU010,Systems Administrator,Employee
E004464,BU001,Customer Service Rep,Employee
E004465,BU004,Software Engineer,Employee
E004466,BU001,Network Engineer,Employee
E004467,BU001,Branch Manager,Employee
E004468,BU001,Branch Manager,Employee
E004469,BU009,Systems Administrator,Employee
E004470,BU008,Network Engineer,Employee
E004471,BU009,Data Engineer,Employee
E004472,BU010,Operations Analyst,Employee
E004473,BU001,Security Analyst,Employee
E004474,BU001,Software Engineer,Employee
E004475,BU004,Financial Advisor,Contractor
E004476,BU002,Network Engineer,Employee
E004477,BU001,Software Engineer,Employee
E004478,BU001,Branch Manager,Employee
E004479,BU003,Security Analyst,Employee
E004480,BU003,Data Engineer,Employee
E004481,BU001,Security Analyst,Employee
E004482,BU002,Security Analyst,Employee
E004483,BU003,Data Engineer,Employee
E004484,BU003,Security Analyst,Employee
E004485,BU001,Network Engineer,Employee
E004486,BU005,Financial Advisor,Employee
E004487,BU001,Software Engineer,Employee
E004488,BU001,Network Engineer,Employee
E004489,BU006,Software Engineer,Employee
E004490,BU003,Systems Administrator,Employee
E004491,BU001,Customer Service Rep,Employee
E004492,BU004,Customer Service Rep,Employee
E004493,BU003,Financial Advisor,Contractor
E004494,BU006,Operations Analyst,Employee
E004495,BU004,Network Engineer,Employee
E004496,BU003,Financial Advisor,Employee
E004497,BU002,Financial Advisor,Contractor
E004498,BU001,Software Engineer,Employee
E004499,BU001,Operations Analyst,Employee
E004500,BU001,Systems Administrator,Employee
E004501,BU003,Branch Manager,Employee
E004502,BU002,Systems Administrator,Employee
E004503,BU001,Security Analyst,Employee
E004504,BU001,Security Analyst,Employee
E004505,BU002,Systems Administrator,Contractor
E004506,BU001,Systems Administrator,Employee
E004507,BU004,Financial Advisor,Employee
E004508,BU001,Customer Service Rep,Employee
E004509,BU003,Network Engineer,Contractor
E004510,BU009,Security Analyst,Employee
E004511,BU001,Operations Analyst,Employee
E004512,BU002,Systems Administrator,Employee
E004513,BU001,Data Engineer,Employee
E004514,BU003,Software Engineer,Employee
E004515,BU003,Branch Manager,Contractor
E004516,BU001,Risk Analyst,Employee
E004517,BU002,Operations Analyst,Employee
E004518,BU009,Software Engineer,Contractor
E004519,BU001,Customer Service Rep,Employee
E004520,BU001,Software Engineer,Employee
E004521,BU008,Data Engineer,Employee
E004522,BU003,Customer Service Rep,Employee
E004523,BU009,Network Engineer,Employee
E004524,BU003,Financial Advisor,Employee
E004525,BU006,Security Analyst,Employee
E004526,BU002,Software Engineer,Employee
E004527,BU005,Data Engineer,Employee
E004528,BU009,Financial Advisor,Employee
E004529,BU003,Data Engineer,Employee
E004530,BU001,Risk Analyst,Employee
E004531,BU001,Customer Service Rep,Employee
E004532,BU001,Network Engineer,Employee
E004533,BU001,Operations Analyst,Contractor
E004534,BU001,Security Analyst,Employee
E004535,BU003,Financial Advisor,Employee
E004536,BU003,Software Engineer,Employee
E004537,BU002,Operations Analyst,Employee
E004538,BU003,Customer Service Rep,Contractor
E004539,BU001,Operations Analyst,Employee
E004540,BU001,Risk Analyst,Employee
E004541,BU001,Financial Advisor,Employee
E004542,BU002,Risk Analyst,Employee
E004543,BU001,Network Engineer,Employee
E004544,BU001,Systems Administrator,Contractor
E004545,BU001,Financial Advisor,Contractor
E004546,BU006,Network Engineer,Employee
E004547,BU001,Financial Advisor,Employee
E004548,BU003,Systems Administrator,Employee
E004549,BU004,Security Analyst,Employee
E004550,BU006,Data Engineer,Employee
E004551,BU009,Financial Advisor,Contractor
E004552,BU001,Systems Administrator,Employee
E004553,BU001,Security Analyst,Employee
E004554,BU008,Operations Analyst,Employee
E004555,BU002,Financial Advisor,Contractor
E004556,BU003,Data Engineer,Employee
E004557,BU004,Risk Analyst,Employee
E004558,BU004,Operations Analyst,Employee
E004559,BU009,Operations Analyst,Contractor
E004560,BU010,Financial Advisor,Employee
E004561,BU004,Customer Service Rep,Employee
E004562,BU001,Security Analyst,Employee
E004563,BU008,Network Engineer,Employee
E004564,BU001,Risk Analyst,Employee
E004565,BU001,Software Engineer,Employee
E004566,BU009,Financial Advisor,Employee
E004567,BU001,Operations Analyst,Contractor
E004568,BU001,Data Engineer,Employee
E004569,BU001,Branch Manager,Employee
E004570,BU007,Data Engineer,Employee
E004571,BU002,Financial Advisor,Employee
E004572,BU004,Branch Manager,Employee
E004573,BU001,Financial Advisor,Employee
E004574,BU005,Data Engineer,Employee
E004575,BU005,Data Engineer,Employee
E004576,BU001,Operations Analyst,Employee
E004577,BU001,Security Analyst,Employee
E004578,BU001,Branch Manager,Employee
E004579,BU010,Network Engineer,Contractor
E004580,BU003,Data Engineer,Employee
E004581,BU009,Financial Advisor,Employee
E004582,BU001,Software Engineer,Employee
E004583,BU006,Financial Advisor,Contractor
E004584,BU005,Security Analyst,Employee
E004585,BU004,Software Engineer,Employee
E004586,BU010,Financial Advisor,Employee
E004587,BU001,Customer Service Rep,Employee
E004588,BU001,Financial Advisor,Contractor
E004589,BU004,Network Engineer,Employee
E004590,BU004,Systems Administrator,Employee
E004591,BU003,Operations Analyst,Employee
E004592,BU001,Data Engineer,Contractor
E004593,BU002,Security Analyst,Employee
E004594,BU001,Branch Manager,Employee
E004595,BU002,Financial Advisor,Employee
E004596,BU003,Customer Service Rep,Employee
E004597,BU005,Customer Service Rep,Contractor
E004598,BU001,Branch Manager,Employee
E004599,BU001,Data Engineer,Employee
E004600,BU001,Data Engineer,Contractor
E004601,BU001,Financial Advisor,Contractor
E004602,BU006,Risk Analyst,Employee
E004603,BU009,Systems Administrator,Employee
E004604,BU001,Operations Analyst,Employee
E004605,BU005,Systems Administrator,Employee
E004606,BU009,Operations Analyst,Employee
E004607,BU007,Systems Administrator,Employee
E004608,BU001,Customer Service Rep,Employee
E004609,BU009,Operations Analyst,Contractor
E004610,BU001,Operations Analyst,Employee
E004611,BU001,Security Analyst,Employee
E004612,BU001,Systems Administrator,Employee
E004613,BU002,Financial Advisor,Contractor
E004614,BU001,Operations Analyst,Employee
E004615,BU001,Risk Analyst,Employee
E004616,BU001,Customer Service Rep,Employee
E004617,BU006,Network Engineer,Employee
E004618,BU008,Financial Advisor,Employee
E004619,BU001,Systems Administrator,Employee
E004620,BU007,Data Engineer,Employee
E004621,BU007,Systems Administrator,Employee
E004622,BU005,Security Analyst,Employee
E004623,BU001,Financial Advisor,Employee
E004624,BU004,Customer Service Rep,Employee
E004625,BU009,Security Analyst,Employee
E004626,BU004,Branch Manager,Employee
E004627,BU001,Customer Service Rep,Employee
E004628,BU002,Operations Analyst,Employee
E004629,BU003,Branch Manager,Employee
E004630,BU002,Data Engineer,Employee
E004631,BU001,Security Analyst,Contractor
E004632,BU001,Customer Service Rep,Employee
E004633,BU006,Software Engineer,Employee
E004634,BU008,Software Engineer,Contractor
E004635,BU001,Network Engineer,Employee
E004636,BU009,Branch Manager,Employee
E004637,BU001,Risk Analyst,Employee
E004638,BU004,Financial Advisor,Employee
E004639,BU005,Systems Administrator,Employee
E004640,BU006,Operations Analyst,Employee
E004641,BU009,Data Engineer,Employee
E004642,BU001,Software Engineer,Contractor
E004643,BU007,Risk Analyst,Employee
E004644,BU001,Risk Analyst,Employee
E004645,BU004,Branch Manager,Employee
E004646,BU005,Network Engineer,Employee
E004647,BU004,Operations Analyst,Employee
E004648,BU001,Risk Analyst,Employee
E004649,BU008,Data Engineer,Employee
E004650,BU001,Branch Manager,Employee
E004651,BU001,Security Analyst,Employee
E004652,BU004,Data Engineer,Employee
E004653,BU002,Systems Administrator,Employee
E004654,BU007,Network Engineer,Employee
E004655,BU001,Operations Analyst,Employee
E004656,BU001,Network Engineer,Employee
E004657,BU007,Network Engineer,Employee
E004658,BU003,Branch Manager,Employee
E004659,BU001,Network Engineer,Employee
E004660,BU004,Financial Advisor,Contractor
E004661,BU002,Data Engineer,Employee
E004662,BU003,Operations Analyst,Employee
E004663,BU002,Data Engineer,Contractor
E004664,BU007,Security Analyst,Employee
E004665,BU007,Network Engineer,Employee
E004666,BU004,Network Engineer,Contractor
E004667,BU001,Systems Administrator,Contractor
E004668,BU007,Network Engineer,Employee
E004669,BU004,Network Engineer,Employee
E004670,BU004,Data Engineer,Employee
E004671,BU001,Data Engineer,Employee
E004672,BU008,Software Engineer,Employee
E004673,BU004,Software Engineer,Employee
E004674,BU001,Data Engineer,Employee
E004675,BU001,Operations Analyst,Employee
E004676,BU008,Risk Analyst,Employee
E004677,BU001,Systems Administrator,Employee
E004678,BU010,Security Analyst,Employee
E004679,BU004,Risk Analyst,Employee
E004680,BU003,Software Engineer,Employee
E004681,BU001,Network Engineer,Employee
E004682,BU001,Data Engineer,Employee
E004683,BU009,Software Engineer,Employee
E004684,BU001,Network Engineer,Employee
E004685,BU005,Financial Advisor,Employee
E004686,BU001,Branch Manager,Employee
E004687,BU001,Network Engineer,Employee
E004688,BU001,Risk Analyst,Employee
E004689,BU003,Customer Service Rep,Employee
E004690,BU010,Network Engineer,Employee
E004691,BU001,Operations Analyst,Employee
E004692,BU001,Customer Service Rep,Employee
E004693,BU001,Financial Advisor,Employee
E004694,BU002,Operations Analyst,Employee
E004695,BU002,Operations Analyst,Employee
E004696,BU008,Financial Advisor,Employee
E004697,BU002,Software Engineer,Employee
E004698,BU002,Systems Administrator,Employee
E004699,BU001,Financial Advisor,Employee
E004700,BU010,Risk Analyst,Employee
E004701,BU001,Customer Service Rep,Employee
E004702,BU001,Network Engineer,Employee
E004703,BU004,Systems Administrator,Employee
E004704,BU003,Customer Service Rep,Contractor
E004705,BU001,Financial Advisor,Employee
E004706,BU002,Systems Administrator,Employee
E004707,BU006,Operations Analyst,Employee
E004708,BU001,Software Engineer,Employee
E004709,BU007,Branch Manager,Employee
E004710,BU003,Branch Manager,Employee
E004711,BU001,Financial Advisor,Employee
E004712,BU002,Security Analyst,Employee
E004713,BU001,Software Engineer,Employee
E004714,BU005,Branch Manager,Employee
E004715,BU002,Security Analyst,Employee
E004716,BU001,Operations Analyst,Employee
E004717,BU003,Systems Administrator,Employee
E004718,BU010,Branch Manager,Employee
E004719,BU002,Operations Analyst,Employee
E004720,BU009,Operations Analyst,Employee
E004721,BU001,Systems Administrator,Employee
E004722,BU001,Branch Manager,Employee
E004723,BU001,Operations Analyst,Employee
E004724,BU001,Operations Analyst,Employee
E004725,BU001,Financial Advisor,Employee
E004726,BU001,Customer Service Rep,Employee
E004727,BU009,Software Engineer,Employee
E004728,BU007,Customer Service Rep,Employee
E004729,BU005,Data Engineer,Employee
E004730,BU001,Software Engineer,Employee
E004731,BU001,Systems Administrator,Employee
E004732,BU001,Network Engineer,Contractor
E004733,BU004,Customer Service Rep,Employee
E004734,BU009,Customer Service Rep,Employee
E004735,BU002,Security Analyst,Employee
E004736,BU001,Risk Analyst,Employee
E004737,BU002,Data Engineer,Employee
E004738,BU001,Network Engineer,Employee
E004739,BU001,Risk Analyst,Employee
E004740,BU003,Branch Manager,Employee
E004741,BU004,Security Analyst,Employee
E004742,BU001,Operations Analyst,Employee
E004743,BU001,Operations Analyst,Employee
E004744,BU010,Risk Analyst,Contractor
E004745,BU001,Risk Analyst,Employee
E004746,BU001,Operations Analyst,Employee
E004747,BU001,Network Engineer,Employee
E004748,BU001,Operations Analyst,Employee
E004749,BU001,Financial Advisor,Employee
E004750,BU006,Data Engineer,Employee
E004751,BU001,Customer Service Rep,Employee
E004752,BU002,Operations Analyst,Employee
E004753,BU004,Financial Advisor,Employee
E004754,BU002,Operations Analyst,Employee
E004755,BU008,Network Engineer,Employee
E004756,BU008,Branch Manager,Employee
E004757,BU001,Financial Advisor,Contractor
E004758,BU005,Data Engineer,Contractor
E004759,BU002,Software Engineer,Employee
E004760,BU010,Financial Advisor,Employee
E004761,BU002,Systems Administrator,Employee
E004762,BU010,Systems Administrator,Employee
E004763,BU005,Software Engineer,Employee
E004764,BU001,Risk Analyst,Employee
E004765,BU002,Systems Administrator,Employee
E004766,BU010,Risk Analyst,Employee
E004767,BU007,Operations Analyst,Employee
E004768,BU001,Operations Analyst,Employee
E004769,BU004,Customer Service Rep,Employee
E004770,BU001,Systems Administrator,Employee
E004771,BU001,Software Engineer,Contractor
E004772,BU001,Customer Service Rep,Employee
E004773,BU001,Data Engineer,Employee
E004774,BU006,Financial Advisor,Employee
E004775,BU001,Systems Administrator,Employee
E004776,BU007,Security Analyst,Employee
E004777,BU001,Software Engineer,Employee
E004778,BU001,Software Engineer,Employee
E004779,BU001,Data Engineer,Employee
E004780,BU001,Systems Administrator,Contractor
E004781,BU001,Network Engineer,Employee
E004782,BU001,Systems Administrator,Employee
E004783,BU003,Network Engineer,Employee
E004784,BU001,Risk Analyst,Employee
E004785,BU001,Software Engineer,Employee
E004786,BU001,Operations Analyst,Employee
E004787,BU008,Branch Manager,Employee
E004788,BU009,Risk Analyst,Employee
E004789,BU002,Network Engineer,Employee
E004790,BU001,Software Engineer,Contractor
E004791,BU001,Operations Analyst,Employee
E004792,BU009,Security Analyst,Employee
E004793,BU001,Network Engineer,Employee
E004794,BU001,Customer Service Rep,Employee
E004795,BU001,Branch Manager,Employee
E004796,BU001,Risk Analyst,Employee
E004797,BU001,Network Engineer,Employee
E004798,BU006,Operations Analyst,Employee
E004799,BU001,Branch Manager,Employee
E004800,BU003,Software Engineer,Employee
E004801,BU001,Data Engineer,Contractor
E004802,BU001,Data Engineer,Employee
E004803,BU009,Data Engineer,Employee
E004804,BU001,Financial Advisor,Employee
E004805,BU007,Data Engineer,Employee
E004806,BU003,Software Engineer,Employee
E004807,BU001,Data Engineer,Employee
E004808,BU009,Network Engineer,Employee
E004809,BU001,Data Engineer,Employee
E004810,BU007,Security Analyst,Employee
E004811,BU001,Security Analyst,Contractor
E004812,BU007,Financial Advisor,Employee
E004813,BU001,Data Engineer,Employee
E004814,BU002,Software Engineer,Employee
E004815,BU005,Data Engineer,Employee
E004816,BU009,Security Analyst,Employee
E004817,BU009,Software Engineer,Employee
E004818,BU006,Data Engineer,Employee
E004819,BU008,Network Engineer,Employee
E004820,BU001,Financial Advisor,Employee
E004821,BU001,Systems Administrator,Employee
E004822,BU001,Risk Analyst,Employee
E004823,BU001,Software Engineer,Employee
E004824,BU001,Software Engineer,Employee
E004825,BU003,Systems Administrator,Contractor
E004826,BU001,Systems Administrator,Contractor
E004827,BU004,Financial Advisor,Contractor
E004828,BU001,Branch Manager,Contractor
E004829,BU001,Financial Advisor,Employee
E004830,BU002,Security Analyst,Employee
E004831,BU006,Security Analyst,Employee
E004832,BU004,Systems Administrator,Employee
E004833,BU003,Network Engineer,Employee
E004834,BU001,Customer Service Rep,Employee
E004835,BU003,Risk Analyst,Employee
E004836,BU001,Financial Advisor,Contractor
E004837,BU001,Customer Service Rep,Employee
E004838,BU001,Data Engineer,Employee
E004839,BU001,Branch Manager,Employee
E004840,BU001,Data Engineer,Employee
E004841,BU009,Operations Analyst,Employee
E004842,BU009,Software Engineer,Employee
E004843,BU001,Systems Administrator,Employee
E004844,BU001,Data Engineer,Employee
E004845,BU001,Risk Analyst,Contractor
E004846,BU001,Data Engineer,Employee
E004847,BU009,Security Analyst,Employee
E004848,BU001,Customer Service Rep,Employee
E004849,BU005,Financial Advisor,Employee
E004850,BU001,Financial Advisor,Employee
E004851,BU010,Financial Advisor,Employee
E004852,BU001,Systems Administrator,Employee
E004853,BU005,Network Engineer,Employee
E004854,BU001,Network Engineer,Employee
E004855,BU003,Network Engineer,Employee
E004856,BU001,Financial Advisor,Employee
E004857,BU001,Branch Manager,Employee
E004858,BU009,Systems Administrator,Contractor
E004859,BU009,Financial Advisor,Employee
E004860,BU008,Financial Advisor,Employee
E004861,BU003,Financial Advisor,Employee
E004862,BU006,Risk Analyst,Employee
E004863,BU001,Software Engineer,Employee
E004864,BU001,Data Engineer,Employee
E004865,BU001,Financial Advisor,Employee
E004866,BU003,Operations Analyst,Employee
E004867,BU001,Branch Manager,Employee
E004868,BU001,Software Engineer,Employee
E004869,BU003,Branch Manager,Employee
E004870,BU006,Network Engineer,Employee
E004871,BU001,Network Engineer,Employee
E004872,BU001,Software Engineer,Employee
E004873,BU001,Data Engineer,Employee
E004874,BU001,Operations Analyst,Employee
E004875,BU001,Network Engineer,Employee
E004876,BU003,Systems Administrator,Employee
E004877,BU003,Software Engineer,Employee
E004878,BU004,Software Engineer,Employee
E004879,BU001,Customer Service Rep,Employee
E004880,BU007,Operations Analyst,Employee
E004881,BU001,Customer Service Rep,Employee
E004882,BU002,Software Engineer,Employee
E004883,BU006,Data Engineer,Employee
E004884,BU001,Software Engineer,Employee
E004885,BU001,Financial Advisor,Employee
E004886,BU008,Customer Service Rep,Employee
E004887,BU001,Software Engineer,Employee
E004888,BU004,Data Engineer,Employee
E004889,BU001,Branch Manager,Employee
E004890,BU004,Branch Manager,Employee
E004891,BU001,Systems Administrator,Employee
E004892,BU001,Data Engineer,Employee
E004893,BU003,Software Engineer,Contractor
E004894,BU001,Branch Manager,Contractor
E004895,BU001,Network Engineer,Employee
E004896,BU001,Software Engineer,Employee
E004897,BU001,Financial Advisor,Contractor
E004898,BU001,Network Engineer,Employee
E004899,BU001,Customer Service Rep,Employee
E004900,BU009,Operations Analyst,Employee
E004901,BU001,Branch Manager,Employee
E004902,BU002,Software Engineer,Employee
E004903,BU001,Security Analyst,Employee
E004904,BU001,Systems Administrator,Employee
E004905,BU009,Risk Analyst,Employee
E004906,BU001,Branch Manager,Employee
E004907,BU010,Branch Manager,Employee
E004908,BU001,Data Engineer,Employee
E004909,BU005,Systems Administrator,Employee
E004910,BU003,Security Analyst,Employee
E004911,BU008,Financial Advisor,Employee
E004912,BU003,Systems Administrator,Employee
E004913,BU002,Financial Advisor,Employee
E004914,BU001,Security Analyst,Employee
E004915,BU001,Software Engineer,Employee
E004916,BU009,Customer Service Rep,Employee
E004917,BU001,Risk Analyst,Employee
E004918,BU001,Operations Analyst,Employee
E004919,BU005,Security Analyst,Contractor
E004920,BU001,Systems Administrator,Employee
E004921,BU009,Financial Advisor,Employee
E004922,BU004,Customer Service Rep,Employee
E004923,BU003,Software Engineer,Employee
E004924,BU008,Software Engineer,Employee
E004925,BU001,Branch Manager,Employee
E004926,BU001,Risk Analyst,Employee
E004927,BU002,Operations Analyst,Employee
E004928,BU001,Security Analyst,Employee
E004929,BU005,Network Engineer,Employee
E004930,BU009,Systems Administrator,Employee
E004931,BU002,Financial Advisor,Employee
E004932,BU001,Software Engineer,Employee
E004933,BU010,Customer Service Rep,Employee
E004934,BU002,Network Engineer,Employee
E004935,BU002,Customer Service Rep,Employee
E004936,BU001,Operations Analyst,Employee
E004937,BU009,Branch Manager,Employee
E004938,BU003,Systems Administrator,Employee
E004939,BU005,Software Engineer,Employee
E004940,BU006,Security Analyst,Employee
E004941,BU001,Branch Manager,Employee
E004942,BU002,Risk Analyst,Employee
E004943,BU007,Systems Administrator,Employee
E004944,BU001,Customer Service Rep,Employee
E004945,BU006,Security Analyst,Contractor
E004946,BU009,Data Engineer,Employee
E004947,BU003,Data Engineer,Employee
E004948,BU005,Data Engineer,Employee
E004949,BU006,Network Engineer,Employee
E004950,BU007,Network Engineer,Employee
E004951,BU001,Operations Analyst,Employee
E004952,BU001,Network Engineer,Employee
E004953,BU001,Operations Analyst,Employee
E004954,BU004,Customer Service Rep,Employee
E004955,BU002,Security Analyst,Employee
E004956,BU005,Branch Manager,Employee
E004957,BU001,Customer Service Rep,Employee
E004958,BU003,Network Engineer,Employee
E004959,BU001,Software Engineer,Employee
E004960,BU005,Operations Analyst,Contractor
E004961,BU003,Operations Analyst,Employee
E004962,BU001,Risk Analyst,Employee
E004963,BU001,Risk Analyst,Employee
E004964,BU005,Financial Advisor,Employee
E004965,BU002,Financial Advisor,Contractor
E004966,BU001,Risk Analyst,Employee
E004967,BU010,Operations Analyst,Employee
E004968,BU004,Security Analyst,Employee
E004969,BU009,Branch Manager,Employee
E004970,BU002,Systems Administrator,Employee
E004971,BU002,Network Engineer,Employee
E004972,BU009,Security Analyst,Employee
E004973,BU002,Customer Service Rep,Employee
E004974,BU004,Branch Manager,Employee
E004975,BU001,Software Engineer,Employee
E004976,BU002,Branch Manager,Employee
E004977,BU001,Customer Service Rep,Employee
E004978,BU001,Financial Advisor,Contractor
E004979,BU001,Software Engineer,Employee
E004980,BU001,Systems Administrator,Employee
E004981,BU010,Security Analyst,Employee
E004982,BU001,Risk Analyst,Employee
E004983,BU004,Software Engineer,Employee
E004984,BU007,Branch Manager,Employee
E004985,BU003,Data Engineer,Contractor
E004986,BU001,Data Engineer,Employee
E004987,BU004,Risk Analyst,Employee
E004988,BU003,Systems Administrator,Contractor
E004989,BU004,Data Engineer,Contractor
E004990,BU005,Operations Analyst,Employee
E004991,BU010,Operations Analyst,Employee
E004992,BU003,Data Engineer,Employee
E004993,BU001,Security Analyst,Contractor
E004994,BU003,Branch Manager,Employee
E004995,BU001,Data Engineer,Employee
E004996,BU009,Branch Manager,Employee
E004997,BU001,Network Engineer,Contractor
E004998,BU001,Network Engineer,Employee
E004999,BU006,Operations Analyst,Employee
E005000,BU003,Security Analyst,Employee
E005001,BU001,Network Engineer,Employee
E005002,BU002,Risk Analyst,Employee
E005003,BU007,Security Analyst,Employee
E005004,BU001,Security Analyst,Employee
E005005,BU008,Financial Advisor,Employee
E005006,BU001,Operations Analyst,Contractor
E005007,BU005,Software Engineer,Employee
E005008,BU007,Software Engineer,Employee
E005009,BU001,Branch Manager,Employee
E005010,BU002,Systems Administrator,Employee
E005011,BU001,Customer Service Rep,Employee
E005012,BU004,Risk Analyst,Employee
E005013,BU002,Branch Manager,Employee
E005014,BU003,Branch Manager,Employee
E005015,BU001,Operations Analyst,Employee
E005016,BU001,Systems Administrator,Employee
E005017,BU001,Branch Manager,Employee
E005018,BU001,Financial Advisor,Employee
E005019,BU003,Operations Analyst,Employee
E005020,BU007,Customer Service Rep,Employee
E005021,BU004,Risk Analyst,Employee
E005022,BU002,Data Engineer,Employee
E005023,BU009,Systems Administrator,Employee
E005024,BU004,Customer Service Rep,Employee
E005025,BU009,Security Analyst,Employee
E005026,BU002,Systems Administrator,Employee
E005027,BU001,Security Analyst,Employee
E005028,BU001,Security Analyst,Employee
E005029,BU004,Branch Manager,Employee
E005030,BU001,Network Engineer,Employee
E005031,BU001,Customer Service Rep,Employee
E005032,BU002,Security Analyst,Employee
E005033,BU003,Customer Service Rep,Employee
E005034,BU003,Software Engineer,Contractor
E005035,BU001,Customer Service Rep,Employee
E005036,BU001,Network Engineer,Contractor
E005037,BU003,Data Engineer,Employee
E005038,BU010,Risk Analyst,Employee
E005039,BU004,Data Engineer,Employee
E005040,BU009,Security Analyst,Employee
E005041,BU005,Customer Service Rep,Employee
E005042,BU003,Financial Advisor,Employee
E005043,BU001,Systems Administrator,Employee
E005044,BU004,Network Engineer,Contractor
E005045,BU003,Operations Analyst,Contractor
E005046,BU003,Security Analyst,Employee
E005047,BU002,Financial Advisor,Employee
E005048,BU002,Network Engineer,Employee
E005049,BU001,Security Analyst,Employee
E005050,BU002,Operations Analyst,Contractor
E005051,BU001,Systems Administrator,Contractor
E005052,BU006,Software Engineer,Employee
E005053,BU001,Systems Administrator,Employee
E005054,BU001,Risk Analyst,Employee
E005055,BU002,Financial Advisor,Employee
E005056,BU003,Customer Service Rep,Contractor
E005057,BU002,Data Engineer,Employee
E005058,BU001,Network Engineer,Employee
E005059,BU003,Financial Advisor,Employee
E005060,BU001,Data Engineer,Employee
E005061,BU009,Software Engineer,Employee
E005062,BU009,Network Engineer,Employee
E005063,BU002,Customer Service Rep,Employee
E005064,BU001,Network Engineer,Employee
E005065,BU004,Customer Service Rep,Contractor
E005066,BU001,Financial Advisor,Employee
E005067,BU002,Data Engineer,Employee
E005068,BU001,Network Engineer,Employee
E005069,BU009,Systems Administrator,Employee
E005070,BU001,Network Engineer,Employee
E005071,BU003,Systems Administrator,Employee
E005072,BU005,Branch Manager,Employee
E005073,BU002,Data Engineer,Employee
E005074,BU001,Branch Manager,Employee
E005075,BU010,Network Engineer,Employee
E005076,BU002,Software Engineer,Employee
E005077,BU003,Data Engineer,Employee
E005078,BU001,Branch Manager,Employee
E005079,BU002,Security Analyst,Employee
E005080,BU002,Software Engineer,Employee
E005081,BU001,Financial Advisor,Contractor
E005082,BU001,Branch Manager,Employee
E005083,BU007,Software Engineer,Employee
E005084,BU001,Financial Advisor,Employee
E005085,BU001,Security Analyst,Employee
E005086,BU002,Risk Analyst,Employee
E005087,BU005,Data Engineer,Employee
E005088,BU001,Risk Analyst,Employee
E005089,BU003,Branch Manager,Employee
E005090,BU001,Network Engineer,Employee
E005091,BU001,Network Engineer,Employee
E005092,BU001,Systems Administrator,Contractor
E005093,BU007,Software Engineer,Employee
E005094,BU001,Risk Analyst,Employee
E005095,BU001,Financial Advisor,Employee
E005096,BU002,Branch Manager,Employee
E005097,BU007,Customer Service Rep,Contractor
E005098,BU001,Financial Advisor,Employee
E005099,BU002,Customer Service Rep,Employee
E005100,BU001,Systems Administrator,Employee
E005101,BU002,Network Engineer,Employee
E005102,BU003,Data Engineer,Employee
E005103,BU003,Data Engineer,Employee
E005104,BU001,Network Engineer,Employee
E005105,BU001,Systems Administrator,Employee
E005106,BU001,Security Analyst,Employee
E005107,BU001,Risk Analyst,Employee
E005108,BU001,Customer Service Rep,Contractor
E005109,BU005,Customer Service Rep,Employee
E005110,BU010,Branch Manager,Employee
E005111,BU010,Network Engineer,Contractor
E005112,BU008,Software Engineer,Employee
E005113,BU003,Risk Analyst,Employee
E005114,BU004,Systems Administrator,Employee
E005115,BU001,Network Engineer,Employee
E005116,BU003,Network Engineer,Contractor
E005117,BU002,Security Analyst,Employee
E005118,BU002,Software Engineer,Employee
E005119,BU005,Financial Advisor,Employee
E005120,BU001,Financial Advisor,Employee
E005121,BU001,Operations Analyst,Employee
E005122,BU009,Security Analyst,Employee
E005123,BU001,Financial Advisor,Employee
E005124,BU002,Security Analyst,Contractor
E005125,BU009,Customer Service Rep,Employee
E005126,BU003,Data Engineer,Employee
E005127,BU003,Data Engineer,Employee
E005128,BU001,Network Engineer,Employee
E005129,BU001,Data Engineer,Employee
E005130,BU007,Risk Analyst,Employee
E005131,BU003,Financial Advisor,Contractor
E005132,BU002,Risk Analyst,Employee
E005133,BU001,Branch Manager,Employee
E005134,BU001,Financial Advisor,Employee
E005135,BU010,Software Engineer,Employee
E005136,BU001,Systems Administrator,Employee
E005137,BU003,Operations Analyst,Employee
E005138,BU001,Security Analyst,Employee
E005139,BU004,Network Engineer,Employee
E005140,BU009,Security Analyst,Employee
E005141,BU003,Systems Administrator,Employee
E005142,BU001,Systems Administrator,Employee
E005143,BU003,Systems Administrator,Employee
E005144,BU005,Financial Advisor,Employee
E005145,BU001,Operations Analyst,Employee
E005146,BU008,Software Engineer,Employee
E005147,BU003,Systems Administrator,Employee
E005148,BU009,Network Engineer,Employee
E005149,BU003,Financial Advisor,Employee
E005150,BU001,Software Engineer,Employee
E005151,BU001,Systems Administrator,Contractor
E005152,BU001,Branch Manager,Employee
E005153,BU009,Network Engineer,Employee
E005154,BU005,Branch Manager,Employee
E005155,BU004,Operations Analyst,Employee
E005156,BU001,Risk Analyst,Employee
E005157,BU001,Operations Analyst,Employee
E005158,BU005,Risk Analyst,Employee
E005159,BU002,Risk Analyst,Employee
E005160,BU001,Software Engineer,Employee
E005161,BU003,Customer Service Rep,Employee
E005162,BU001,Network Engineer,Employee
E005163,BU001,Software Engineer,Employee
E005164,BU002,Data Engineer,Employee
E005165,BU001,Branch Manager,Employee
E005166,BU010,Operations Analyst,Employee
E005167,BU001,Systems Administrator,Employee
E005168,BU001,Network Engineer,Contractor
E005169,BU001,Financial Advisor,Employee
E005170,BU005,Operations Analyst,Employee
E005171,BU002,Customer Service Rep,Employee
E005172,BU003,Operations Analyst,Employee
E005173,BU001,Network Engineer,Contractor
E005174,BU001,Branch Manager,Contractor
E005175,BU002,Customer Service Rep,Employee
E005176,BU006,Financial Advisor,Employee
E005177,BU008,Software Engineer,Employee
E005178,BU001,Data Engineer,Employee
E005179,BU002,Software Engineer,Employee
E005180,BU009,Operations Analyst,Employee
E005181,BU001,Financial Advisor,Contractor
E005182,BU007,Branch Manager,Employee
E005183,BU001,Network Engineer,Employee
E005184,BU009,Operations Analyst,Employee
E005185,BU005,Systems Administrator,Contractor
E005186,BU009,Customer Service Rep,Employee
E005187,BU004,Customer Service Rep,Employee
E005188,BU001,Financial Advisor,Employee
E005189,BU009,Security Analyst,Employee
E005190,BU001,Security Analyst,Employee
E005191,BU001,Operations Analyst,Employee
E005192,BU004,Operations Analyst,Employee
E005193,BU005,Operations Analyst,Employee
E005194,BU009,Operations Analyst,Employee
E005195,BU001,Security Analyst,Employee
E005196,BU006,Network Engineer,Employee
E005197,BU004,Customer Service Rep,Employee
E005198,BU001,Branch Manager,Employee
E005199,BU001,Systems Administrator,Employee
E005200,BU001,Security Analyst,Employee
E005201,BU001,Branch Manager,Employee
E005202,BU010,Financial Advisor,Contractor
E005203,BU003,Branch Manager,Employee
E005204,BU004,Operations Analyst,Employee
E005205,BU010,Risk Analyst,Contractor
E005206,BU001,Network Engineer,Employee
E005207,BU006,Security Analyst,Employee
E005208,BU002,Risk Analyst,Employee
E005209,BU008,Financial Advisor,Employee
E005210,BU001,Operations Analyst,Employee
E005211,BU009,Customer Service Rep,Employee
E005212,BU001,Systems Administrator,Employee
E005213,BU001,Data Engineer,Employee
E005214,BU005,Software Engineer,Employee
E005215,BU001,Systems Administrator,Employee
E005216,BU003,Systems Administrator,Contractor
E005217,BU002,Financial Advisor,Contractor
E005218,BU005,Customer Service Rep,Employee
E005219,BU001,Risk Analyst,Employee
E005220,BU001,Security Analyst,Employee
E005221,BU001,Software Engineer,Employee
E005222,BU002,Systems Administrator,Employee
E005223,BU001,Financial Advisor,Employee
E005224,BU001,Security Analyst,Employee
E005225,BU001,Financial Advisor,Employee
E005226,BU001,Customer Service Rep,Employee
E005227,BU003,Network Engineer,Contractor
E005228,BU008,Financial Advisor,Employee
E005229,BU001,Risk Analyst,Employee
E005230,BU003,Financial Advisor,Employee
E005231,BU004,Security Analyst,Employee
E005232,BU001,Customer Service Rep,Employee
E005233,BU004,Risk Analyst,Employee
E005234,BU001,Branch Manager,Employee
E005235,BU002,Financial Advisor,Employee
E005236,BU001,Customer Service Rep,Employee
E005237,BU004,Network Engineer,Employee
E005238,BU004,Data Engineer,Employee
E005239,BU001,Security Analyst,Employee
E005240,BU001,Customer Service Rep,Contractor
E005241,BU010,Security Analyst,Employee
E005242,BU002,Network Engineer,Employee
E005243,BU002,Data Engineer,Employee
E005244,BU009,Customer Service Rep,Employee
E005245,BU004,Operations Analyst,Employee
E005246,BU003,Network Engineer,Employee
E005247,BU006,Operations Analyst,Employee
E005248,BU008,Software Engineer,Employee
E005249,BU002,Software Engineer,Employee
E005250,BU002,Security Analyst,Contractor
E005251,BU001,Systems Administrator,Contractor
E005252,BU010,Risk Analyst,Employee
E005253,BU004,Customer Service Rep,Contractor
E005254,BU001,Data Engineer,Employee
E005255,BU008,Systems Administrator,Employee
E005256,BU002,Security Analyst,Employee
E005257,BU001,Software Engineer,Employee
E005258,BU003,Network Engineer,Employee
E005259,BU001,Network Engineer,Employee
E005260,BU008,Software Engineer,Employee
E005261,BU001,Branch Manager,Employee
E005262,BU007,Financial Advisor,Employee
E005263,BU003,Customer Service Rep,Employee
E005264,BU001,Financial Advisor,Employee
E005265,BU010,Data Engineer,Employee
E005266,BU002,Branch Manager,Employee
E005267,BU001,Data Engineer,Employee
E005268,BU002,Customer Service Rep,Contractor
E005269,BU007,Software Engineer,Employee
E005270,BU001,Systems Administrator,Employee
E005271,BU001,Risk Analyst,Employee
E005272,BU001,Operations Analyst,Employee
E005273,BU001,Systems Administrator,Employee
E005274,BU006,Operations Analyst,Employee
E005275,BU002,Customer Service Rep,Employee
E005276,BU001,Security Analyst,Employee
E005277,BU001,Data Engineer,Employee
E005278,BU001,Risk Analyst,Employee
E005279,BU009,Operations Analyst,Employee
E005280,BU001,Risk Analyst,Employee
E005281,BU010,Software Engineer,Employee
E005282,BU002,Branch Manager,Employee
E005283,BU001,Risk Analyst,Employee
E005284,BU009,Risk Analyst,Employee
E005285,BU002,Security Analyst,Employee
E005286,BU004,Data Engineer,Employee
E005287,BU010,Data Engineer,Employee
E005288,BU001,Operations Analyst,Employee
E005289,BU001,Systems Administrator,Employee
E005290,BU004,Branch Manager,Employee
E005291,BU001,Risk Analyst,Employee
E005292,BU001,Data Engineer,Employee
E005293,BU001,Network Engineer,Employee
E005294,BU001,Security Analyst,Employee
E005295,BU005,Data Engineer,Employee
E005296,BU001,Financial Advisor,Employee
E005297,BU002,Systems Administrator,Employee
E005298,BU003,Network Engineer,Employee
E005299,BU002,Software Engineer,Employee
E005300,BU001,Risk Analyst,Employee
E005301,BU006,Software Engineer,Employee
E005302,BU001,Operations Analyst,Employee
E005303,BU005,Customer Service Rep,Employee
E005304,BU009,Risk Analyst,Employee
E005305,BU002,Software Engineer,Employee
E005306,BU002,Software Engineer,Employee
E005307,BU002,Operations Analyst,Employee
E005308,BU001,Branch Manager,Employee
E005309,BU008,Customer Service Rep,Employee
E005310,BU009,Financial Advisor,Employee
E005311,BU001,Network Engineer,Employee
E005312,BU003,Risk Analyst,Employee
E005313,BU009,Data Engineer,Employee
E005314,BU010,Software Engineer,Employee
E005315,BU002,Customer Service Rep,Employee
E005316,BU002,Network Engineer,Employee
E005317,BU001,Systems Administrator,Contractor
E005318,BU009,Network Engineer,Employee
E005319,BU001,Security Analyst,Employee
E005320,BU003,Risk Analyst,Contractor
E005321,BU001,Operations Analyst,Employee
E005322,BU001,Data Engineer,Employee
E005323,BU001,Data Engineer,Employee
E005324,BU010,Software Engineer,Employee
E005325,BU001,Financial Advisor,Employee
E005326,BU003,Network Engineer,Employee
E005327,BU001,Data Engineer,Employee
E005328,BU001,Network Engineer,Employee
E005329,BU002,Customer Service Rep,Employee
E005330,BU002,Risk Analyst,Contractor
E005331,BU001,Risk Analyst,Employee
E005332,BU001,Risk Analyst,Employee
E005333,BU001,Data Engineer,Employee
E005334,BU001,Operations Analyst,Contractor
E005335,BU010,Risk Analyst,Employee
E005336,BU009,Branch Manager,Employee
E005337,BU001,Customer Service Rep,Employee
E005338,BU003,Operations Analyst,Employee
E005339,BU009,Data Engineer,Employee
E005340,BU001,Data Engineer,Employee
E005341,BU006,Systems Administrator,Employee
E005342,BU009,Security Analyst,Employee
E005343,BU001,Branch Manager,Contractor
E005344,BU001,Operations Analyst,Employee
E005345,BU010,Risk Analyst,Employee
E005346,BU002,Software Engineer,Employee
E005347,BU001,Security Analyst,Employee
E005348,BU001,Data Engineer,Employee
E005349,BU002,Branch Manager,Employee
E005350,BU004,Risk Analyst,Employee
E005351,BU004,Security Analyst,Employee
E005352,BU010,Data Engineer,Employee
E005353,BU001,Software Engineer,Employee
E005354,BU002,Security Analyst,Employee
E005355,BU002,Risk Analyst,Employee
E005356,BU001,Network Engineer,Employee
E005357,BU001,Software Engineer,Employee
E005358,BU010,Network Engineer,Employee
E005359,BU007,Systems Administrator,Employee
E005360,BU002,Financial Advisor,Employee
E005361,BU003,Operations Analyst,Contractor
E005362,BU001,Financial Advisor,Employee
E005363,BU003,Branch Manager,Employee
E005364,BU004,Data Engineer,Employee
E005365,BU002,Security Analyst,Employee
E005366,BU010,Systems Administrator,Employee
E005367,BU003,Security Analyst,Employee
E005368,BU001,Network Engineer,Employee
E005369,BU005,Customer Service Rep,Employee
E005370,BU001,Security Analyst,Employee
E005371,BU001,Software Engineer,Employee
E005372,BU001,Data Engineer,Contractor
E005373,BU002,Security Analyst,Employee
E005374,BU006,Data Engineer,Employee
E005375,BU002,Data Engineer,Employee
E005376,BU006,Systems Administrator,Employee
E005377,BU003,Network Engineer,Employee
E005378,BU001,Risk Analyst,Employee
E005379,BU006,Network Engineer,Employee
E005380,BU001,Systems Administrator,Employee
E005381,BU001,Operations Analyst,Employee
E005382,BU002,Software Engineer,Employee
E005383,BU001,Operations Analyst,Employee
E005384,BU001,Customer Service Rep,Employee
E005385,BU003,Risk Analyst,Contractor
E005386,BU002,Operations Analyst,Employee
E005387,BU002,Data Engineer,Employee
E005388,BU010,Data Engineer,Employee
E005389,BU003,Financial Advisor,Employee
E005390,BU008,Financial Advisor,Employee
E005391,BU001,Branch Manager,Employee
E005392,BU003,Data Engineer,Employee
E005393,BU008,Financial Advisor,Employee
E005394,BU003,Customer Service Rep,Employee
E005395,BU004,Risk Analyst,Employee
E005396,BU001,Operations Analyst,Employee
E005397,BU001,Systems Administrator,Employee
E005398,BU002,Financial Advisor,Contractor
E005399,BU001,Network Engineer,Employee
E005400,BU008,Risk Analyst,Employee
E005401,BU001,Risk Analyst,Employee
E005402,BU010,Branch Manager,Employee
E005403,BU009,Customer Service Rep,Employee
E005404,BU001,Security Analyst,Employee
E005405,BU001,Branch Manager,Employee
E005406,BU009,Financial Advisor,Employee
E005407,BU010,Network Engineer,Employee
E005408,BU002,Security Analyst,Employee
E005409,BU001,Data Engineer,Employee
E005410,BU002,Customer Service Rep,Employee
E005411,BU004,Financial Advisor,Employee
E005412,BU001,Risk Analyst,Employee
E005413,BU004,Operations Analyst,Employee
E005414,BU001,Network Engineer,Employee
E005415,BU001,Branch Manager,Employee
E005416,BU001,Financial Advisor,Employee
E005417,BU001,Risk Analyst,Employee
E005418,BU001,Network Engineer,Employee
E005419,BU002,Customer Service Rep,Employee
E005420,BU001,Systems Administrator,Employee
E005421,BU001,Risk Analyst,Employee
E005422,BU001,Software Engineer,Employee
E005423,BU010,Operations Analyst,Employee
E005424,BU001,Customer Service Rep,Contractor
E005425,BU002,Financial Advisor,Employee
E005426,BU003,Network Engineer,Contractor
E005427,BU010,Software Engineer,Employee
E005428,BU001,Network Engineer,Employee
E005429,BU004,Data Engineer,Employee
E005430,BU004,Security Analyst,Employee
E005431,BU003,Security Analyst,Contractor
E005432,BU001,Data Engineer,Contractor
E005433,BU004,Network Engineer,Employee
E005434,BU001,Systems Administrator,Employee
E005435,BU003,Security Analyst,Employee
E005436,BU004,Risk Analyst,Employee
E005437,BU001,Data Engineer,Contractor
E005438,BU007,Network Engineer,Contractor
E005439,BU001,Branch Manager,Employee
E005440,BU007,Security Analyst,Employee
E005441,BU002,Financial Advisor,Employee
E005442,BU001,Branch Manager,Employee
E005443,BU001,Systems Administrator,Contractor
E005444,BU009,Security Analyst,Employee
E005445,BU001,Financial Advisor,Employee
E005446,BU001,Branch Manager,Employee
E005447,BU001,Financial Advisor,Contractor
E005448,BU003,Data Engineer,Employee
E005449,BU003,Security Analyst,Employee
E005450,BU001,Risk Analyst,Employee
E005451,BU001,Risk Analyst,Employee
E005452,BU001,Software Engineer,Employee
E005453,BU001,Security Analyst,Employee
E005454,BU001,Data Engineer,Employee
E005455,BU004,Financial Advisor,Employee
E005456,BU001,Data Engineer,Employee
E005457,BU001,Customer Service Rep,Employee
E005458,BU001,Systems Administrator,Employee
E005459,BU010,Branch Manager,Employee
E005460,BU009,Systems Administrator,Employee
E005461,BU006,Data Engineer,Employee
E005462,BU001,Risk Analyst,Employee
E005463,BU001,Network Engineer,Employee
E005464,BU001,Systems Administrator,Employee
E005465,BU001,Network Engineer,Employee
E005466,BU002,Operations Analyst,Employee
E005467,BU005,Data Engineer,Contractor
E005468,BU007,Branch Manager,Employee
E005469,BU007,Risk Analyst,Contractor
E005470,BU001,Data Engineer,Contractor
E005471,BU004,Software Engineer,Employee
E005472,BU001,Systems Administrator,Employee
E005473,BU001,Data Engineer,Employee
E005474,BU004,Branch Manager,Employee
E005475,BU001,Customer Service Rep,Employee
E005476,BU001,Software Engineer,Contractor
E005477,BU001,Security Analyst,Contractor
E005478,BU004,Data Engineer,Employee
E005479,BU005,Network Engineer,Employee
E005480,BU001,Customer Service Rep,Employee
E005481,BU006,Security Analyst,Employee
E005482,BU001,Data Engineer,Employee
E005483,BU002,Software Engineer,Employee
E005484,BU004,Risk Analyst,Employee
E005485,BU004,Systems Administrator,Employee
E005486,BU010,Software Engineer,Employee
E005487,BU001,Security Analyst,Employee
E005488,BU004,Financial Advisor,Employee
E005489,BU003,Operations Analyst,Contractor
E005490,BU009,Customer Service Rep,Contractor
E005491,BU001,Network Engineer,Employee
E005492,BU005,Software Engineer,Employee
E005493,BU003,Software Engineer,Employee
E005494,BU001,Operations Analyst,Employee
E005495,BU002,Risk Analyst,Employee
E005496,BU001,Customer Service Rep,Employee
E005497,BU003,Branch Manager,Contractor
E005498,BU008,Network Engineer,Employee
E005499,BU003,Security Analyst,Employee
E005500,BU003,Financial Advisor,Employee
E005501,BU002,Customer Service Rep,Employee
E005502,BU001,Software Engineer,Employee
E005503,BU001,Customer Service Rep,Employee
E005504,BU002,Customer Service Rep,Employee
E005505,BU001,Data Engineer,Employee
E005506,BU001,Operations Analyst,Employee
E005507,BU002,Data Engineer,Employee
E005508,BU001,Security Analyst,Employee
E005509,BU001,Risk Analyst,Employee
E005510,BU002,Customer Service Rep,Employee
E005511,BU001,Branch Manager,Employee
E005512,BU009,Financial Advisor,Employee
E005513,BU008,Systems Administrator,Employee
E005514,BU004,Data Engineer,Employee
E005515,BU001,Security Analyst,Employee
E005516,BU005,Security Analyst,Employee
E005517,BU006,Customer Service Rep,Employee
E005518,BU005,Risk Analyst,Employee
E005519,BU001,Software Engineer,Employee
E005520,BU003,Branch Manager,Employee
E005521,BU007,Customer Service Rep,Employee
E005522,BU003,Systems Administrator,Contractor
E005523,BU003,Data Engineer,Employee
E005524,BU002,Network Engineer,Employee
E005525,BU002,Risk Analyst,Contractor
E005526,BU001,Systems Administrator,Employee
E005527,BU003,Systems Administrator,Employee
E005528,BU001,Customer Service Rep,Employee
E005529,BU002,Network Engineer,Contractor
E005530,BU001,Customer Service Rep,Employee
E005531,BU003,Network Engineer,Contractor
E005532,BU001,Security Analyst,Employee
E005533,BU004,Branch Manager,Employee
E005534,BU006,Risk Analyst,Employee
E005535,BU001,Security Analyst,Employee
E005536,BU001,Risk Analyst,Employee
E005537,BU001,Data Engineer,Employee
E005538,BU008,Software Engineer,Employee
E005539,BU002,Branch Manager,Employee
E005540,BU002,Risk Analyst,Contractor
E005541,BU001,Software Engineer,Employee
E005542,BU003,Software Engineer,Employee
E005543,BU008,Software Engineer,Employee
E005544,BU007,Customer Service Rep,Employee
E005545,BU003,Software Engineer,Employee
E005546,BU001,Customer Service Rep,Employee
E005547,BU001,Security Analyst,Employee
E005548,BU001,Network Engineer,Employee
E005549,BU001,Operations Analyst,Contractor
E005550,BU001,Customer Service Rep,Employee
E005551,BU001,Customer Service Rep,Employee
E005552,BU001,Customer Service Rep,Employee
E005553,BU009,Branch Manager,Employee
E005554,BU003,Systems Administrator,Employee
E005555,BU007,Systems Administrator,Employee
E005556,BU004,Branch Manager,Employee
E005557,BU001,Branch Manager,Employee
E005558,BU004,Systems Administrator,Employee
E005559,BU001,Systems Administrator,Employee
E005560,BU003,Software Engineer,Employee
E005561,BU001,Financial Advisor,Employee
E005562,BU010,Risk Analyst,Employee
E005563,BU001,Systems Administrator,Employee
E005564,BU001,Branch Manager,Employee
E005565,BU009,Financial Advisor,Employee
E005566,BU001,Branch Manager,Contractor
E005567,BU004,Financial Advisor,Employee
E005568,BU004,Customer Service Rep,Employee
E005569,BU007,Data Engineer,Employee
E005570,BU010,Financial Advisor,Employee
E005571,BU010,Network Engineer,Employee
E005572,BU001,Security Analyst,Employee
E005573,BU007,Network Engineer,Employee
E005574,BU003,Customer Service Rep,Employee
E005575,BU003,Operations Analyst,Employee
E005576,BU001,Operations Analyst,Employee
E005577,BU003,Network Engineer,Contractor
E005578,BU010,Operations Analyst,Employee
E005579,BU009,Financial Advisor,Employee
E005580,BU002,Network Engineer,Employee
E005581,BU001,Branch Manager,Employee
E005582,BU001,Customer Service Rep,Employee
E005583,BU007,Operations Analyst,Employee
E005584,BU004,Branch Manager,Employee
E005585,BU002,Risk Analyst,Employee
E005586,BU001,Customer Service Rep,Employee
E005587,BU002,Customer Service Rep,Employee
E005588,BU002,Systems Administrator,Employee
E005589,BU009,Network Engineer,Employee
E005590,BU003,Customer Service Rep,Employee
E005591,BU001,Software Engineer,Employee
E005592,BU002,Financial Advisor,Employee
E005593,BU001,Data Engineer,Contractor
E005594,BU010,Risk Analyst,Employee
E005595,BU001,Customer Service Rep,Employee
E005596,BU002,Data Engineer,Employee
E005597,BU001,Security Analyst,Employee
E005598,BU004,Systems Administrator,Employee
E005599,BU004,Software Engineer,Employee
E005600,BU004,Operations Analyst,Employee
E005601,BU001,Security Analyst,Employee
E005602,BU001,Financial Advisor,Employee
E005603,BU001,Software Engineer,Employee
E005604,BU003,Risk Analyst,Employee
E005605,BU001,Data Engineer,Employee
E005606,BU003,Systems Administrator,Contractor
E005607,BU008,Customer Service Rep,Employee
E005608,BU009,Risk Analyst,Employee
E005609,BU002,Security Analyst,Employee
E005610,BU002,Network Engineer,Employee
E005611,BU001,Risk Analyst,Employee
E005612,BU004,Data Engineer,Employee
E005613,BU007,Data Engineer,Contractor
E005614,BU001,Risk Analyst,Employee
E005615,BU002,Data Engineer,Employee
E005616,BU007,Risk Analyst,Employee
E005617,BU008,Branch Manager,Employee
E005618,BU001,Operations Analyst,Employee
E005619,BU003,Operations Analyst,Employee
E005620,BU001,Security Analyst,Employee
E005621,BU001,Financial Advisor,Employee
E005622,BU009,Security Analyst,Employee
E005623,BU007,Data Engineer,Employee
E005624,BU005,Customer Service Rep,Employee
E005625,BU001,Risk Analyst,Employee
E005626,BU007,Software Engineer,Employee
E005627,BU002,Network Engineer,Employee
E005628,BU001,Security Analyst,Employee
E005629,BU003,Network Engineer,Employee
E005630,BU001,Systems Administrator,Employee
E005631,BU005,Network Engineer,Employee
E005632,BU003,Software Engineer,Employee
E005633,BU001,Operations Analyst,Employee
E005634,BU001,Branch Manager,Contractor
E005635,BU001,Data Engineer,Employee
E005636,BU001,Security Analyst,Contractor
E005637,BU003,Operations Analyst,Employee
E005638,BU007,Systems Administrator,Employee
E005639,BU001,Data Engineer,Employee
E005640,BU001,Customer Service Rep,Employee
E005641,BU003,Operations Analyst,Employee
E005642,BU006,Data Engineer,Contractor
E005643,BU001,Operations Analyst,Employee
E005644,BU001,Financial Advisor,Employee
E005645,BU003,Customer Service Rep,Employee
E005646,BU001,Financial Advisor,Employee
E005647,BU001,Software Engineer,Employee
E005648,BU004,Customer Service Rep,Employee
E005649,BU003,Software Engineer,Employee
E005650,BU003,Software Engineer,Contractor
E005651,BU005,Systems Administrator,Employee
E005652,BU004,Data Engineer,Employee
E005653,BU001,Network Engineer,Employee
E005654,BU001,Network Engineer,Employee
E005655,BU001,Financial Advisor,Employee
E005656,BU001,Risk Analyst,Employee
E005657,BU004,Network Engineer,Employee
E005658,BU007,Network Engineer,Employee
E005659,BU010,Customer Service Rep,Employee
E005660,BU003,Operations Analyst,Employee
E005661,BU001,Financial Advisor,Contractor
E005662,BU001,Financial Advisor,Employee
E005663,BU006,Systems Administrator,Employee
E005664,BU003,Software Engineer,Employee
E005665,BU003,Software Engineer,Employee
E005666,BU006,Branch Manager,Employee
E005667,BU004,Systems Administrator,Employee
E005668,BU007,Security Analyst,Employee
E005669,BU001,Security Analyst,Employee
E005670,BU005,Security Analyst,Employee
E005671,BU007,Data Engineer,Employee
E005672,BU001,Operations Analyst,Employee
E005673,BU003,Systems Administrator,Employee
E005674,BU001,Data Engineer,Employee
E005675,BU009,Software Engineer,Employee
E005676,BU001,Software Engineer,Contractor
E005677,BU003,Software Engineer,Employee
E005678,BU001,Software Engineer,Employee
E005679,BU004,Systems Administrator,Employee
E005680,BU001,Systems Administrator,Employee
E005681,BU001,Data Engineer,Employee
E005682,BU002,Risk Analyst,Employee
E005683,BU009,Security Analyst,Contractor
E005684,BU001,Operations Analyst,Employee
E005685,BU001,Systems Administrator,Employee
E005686,BU005,Risk Analyst,Employee
E005687,BU002,Data Engineer,Employee
E005688,BU009,Operations Analyst,Employee
E005689,BU001,Software Engineer,Employee
E005690,BU003,Systems Administrator,Employee
E005691,BU001,Software Engineer,Employee
E005692,BU001,Security Analyst,Employee
E005693,BU004,Network Engineer,Employee
E005694,BU003,Data Engineer,Employee
E005695,BU005,Operations Analyst,Employee
E005696,BU001,Systems Administrator,Contractor
E005697,BU002,Network Engineer,Employee
E005698,BU001,Customer Service Rep,Employee
E005699,BU010,Risk Analyst,Employee
E005700,BU001,Network Engineer,Employee
E005701,BU001,Security Analyst,Employee
E005702,BU001,Data Engineer,Employee
E005703,BU003,Financial Advisor,Employee
E005704,BU001,Customer Service Rep,Employee
E005705,BU009,Customer Service Rep,Employee
E005706,BU001,Financial Advisor,Employee
E005707,BU009,Branch Manager,Contractor
E005708,BU001,Branch Manager,Employee
E005709,BU003,Network Engineer,Employee
E005710,BU009,Operations Analyst,Employee
E005711,BU001,Security Analyst,Employee
E005712,BU010,Systems Administrator,Contractor
E005713,BU002,Network Engineer,Employee
E005714,BU009,Branch Manager,Employee
E005715,BU004,Branch Manager,Contractor
E005716,BU001,Risk Analyst,Employee
E005717,BU001,Data Engineer,Employee
E005718,BU001,Network Engineer,Employee
E005719,BU001,Systems Administrator,Employee
E005720,BU001,Software Engineer,Employee
E005721,BU001,Branch Manager,Employee
E005722,BU002,Software Engineer,Employee
E005723,BU006,Operations Analyst,Employee
E005724,BU001,Operations Analyst,Employee
E005725,BU001,Security Analyst,Employee
E005726,BU003,Branch Manager,Employee
E005727,BU001,Customer Service Rep,Employee
E005728,BU001,Security Analyst,Employee
E005729,BU001,Customer Service Rep,Contractor
E005730,BU009,Operations Analyst,Contractor
E005731,BU007,Risk Analyst,Employee
E005732,BU001,Financial Advisor,Employee
E005733,BU003,Financial Advisor,Employee
E005734,BU002,Systems Administrator,Employee
E005735,BU004,Financial Advisor,Employee
E005736,BU004,Risk Analyst,Employee
E005737,BU003,Security Analyst,Contractor
E005738,BU001,Software Engineer,Employee
E005739,BU001,Systems Administrator,Employee
E005740,BU002,Security Analyst,Employee
E005741,BU009,Software Engineer,Employee
E005742,BU003,Data Engineer,Employee
E005743,BU007,Network Engineer,Employee
E005744,BU010,Security Analyst,Employee
E005745,BU001,Network Engineer,Employee
E005746,BU004,Security Analyst,Employee
E005747,BU004,Software Engineer,Employee
E005748,BU010,Branch Manager,Employee
E005749,BU010,Systems Administrator,Employee
E005750,BU004,Data Engineer,Employee
E005751,BU001,Software Engineer,Employee
E005752,BU006,Customer Service Rep,Employee
E005753,BU001,Branch Manager,Employee
E005754,BU006,Risk Analyst,Employee
E005755,BU009,Customer Service Rep,Employee
E005756,BU001,Risk Analyst,Employee
E005757,BU003,Systems Administrator,Employee
E005758,BU002,Systems Administrator,Contractor
E005759,BU002,Customer Service Rep,Employee
E005760,BU001,Systems Administrator,Employee
E005761,BU005,Financial Advisor,Employee
E005762,BU009,Network Engineer,Employee
E005763,BU009,Operations Analyst,Employee
E005764,BU001,Software Engineer,Employee
E005765,BU008,Risk Analyst,Employee
E005766,BU004,Data Engineer,Contractor
E005767,BU001,Operations Analyst,Employee
E005768,BU001,Financial Advisor,Employee
E005769,BU001,Branch Manager,Employee
E005770,BU009,Branch Manager,Employee
E005771,BU003,Software Engineer,Employee
E005772,BU004,Operations Analyst,Employee
E005773,BU001,Operations Analyst,Employee
E005774,BU004,Software Engineer,Employee
E005775,BU001,Risk Analyst,Employee
E005776,BU001,Security Analyst,Employee
E005777,BU003,Software Engineer,Employee
E005778,BU001,Systems Administrator,Employee
E005779,BU007,Network Engineer,Employee
E005780,BU001,Operations Analyst,Employee
E005781,BU003,Security Analyst,Employee
E005782,BU001,Software Engineer,Employee
E005783,BU003,Branch Manager,Employee
E005784,BU001,Data Engineer,Contractor
E005785,BU001,Branch Manager,Employee
E005786,BU009,Software Engineer,Employee
E005787,BU001,Network Engineer,Employee
E005788,BU006,Network Engineer,Employee
E005789,BU010,Branch Manager,Employee
E005790,BU001,Risk Analyst,Employee
E005791,BU001,Customer Service Rep,Employee
E005792,BU004,Data Engineer,Employee
E005793,BU010,Systems Administrator,Employee
E005794,BU009,Branch Manager,Employee
E005795,BU002,Customer Service Rep,Employee
E005796,BU006,Network Engineer,Employee
E005797,BU001,Systems Administrator,Employee
E005798,BU010,Systems Administrator,Employee
E005799,BU010,Systems Administrator,Employee
E005800,BU001,Network Engineer,Employee
E005801,BU001,Operations Analyst,Employee
E005802,BU001,Risk Analyst,Employee
E005803,BU001,Risk Analyst,Employee
E005804,BU006,Customer Service Rep,Employee
E005805,BU001,Customer Service Rep,Employee
E005806,BU001,Data Engineer,Contractor
E005807,BU001,Operations Analyst,Employee
E005808,BU010,Network Engineer,Employee
E005809,BU003,Financial Advisor,Employee
E005810,BU001,Financial Advisor,Employee
E005811,BU001,Software Engineer,Contractor
E005812,BU010,Financial Advisor,Contractor
E005813,BU007,Financial Advisor,Employee
E005814,BU001,Security Analyst,Contractor
E005815,BU001,Network Engineer,Employee
E005816,BU001,Network Engineer,Employee
E005817,BU001,Operations Analyst,Employee
E005818,BU003,Customer Service Rep,Employee
E005819,BU009,Risk Analyst,Employee
E005820,BU002,Systems Administrator,Employee
E005821,BU007,Financial Advisor,Employee
E005822,BU002,Risk Analyst,Employee
E005823,BU004,Risk Analyst,Employee
E005824,BU004,Systems Administrator,Employee
E005825,BU001,Operations Analyst,Employee
E005826,BU001,Systems Administrator,Employee
E005827,BU003,Security Analyst,Contractor
E005828,BU001,Security Analyst,Employee
E005829,BU001,Systems Administrator,Employee
E005830,BU002,Network Engineer,Employee
E005831,BU010,Software Engineer,Employee
E005832,BU002,Branch Manager,Employee
E005833,BU006,Software Engineer,Employee
E005834,BU002,Security Analyst,Employee
E005835,BU006,Security Analyst,Employee
E005836,BU003,Customer Service Rep,Employee
E005837,BU008,Network Engineer,Employee
E005838,BU001,Branch Manager,Employee
E005839,BU003,Customer Service Rep,Employee
E005840,BU003,Security Analyst,Employee
E005841,BU001,Operations Analyst,Employee
E005842,BU001,Software Engineer,Employee
E005843,BU001,Financial Advisor,Employee
E005844,BU001,Customer Service Rep,Employee
E005845,BU008,Systems Administrator,Employee
E005846,BU001,Software Engineer,Employee
E005847,BU001,Financial Advisor,Employee
E005848,BU004,Financial Advisor,Employee
E005849,BU001,Operations Analyst,Employee
E005850,BU002,Financial Advisor,Contractor
E005851,BU001,Security Analyst,Employee
E005852,BU009,Risk Analyst,Employee
E005853,BU007,Risk Analyst,Employee
E005854,BU008,Data Engineer,Employee
E005855,BU001,Branch Manager,Employee
E005856,BU005,Operations Analyst,Contractor
E005857,BU001,Data Engineer,Contractor
E005858,BU001,Branch Manager,Employee
E005859,BU001,Risk Analyst,Employee
E005860,BU003,Operations Analyst,Employee
E005861,BU002,Security Analyst,Employee
E005862,BU002,Network Engineer,Employee
E005863,BU001,Customer Service Rep,Employee
E005864,BU002,Customer Service Rep,Employee
E005865,BU004,Software Engineer,Employee
E005866,BU002,Risk Analyst,Employee
E005867,BU004,Risk Analyst,Employee
E005868,BU001,Security Analyst,Employee
E005869,BU006,Data Engineer,Employee
E005870,BU003,Network Engineer,Employee
E005871,BU001,Risk Analyst,Contractor
E005872,BU001,Financial Advisor,Employee
E005873,BU003,Software Engineer,Employee
E005874,BU007,Customer Service Rep,Employee
E005875,BU001,Risk Analyst,Employee
E005876,BU001,Network Engineer,Employee
E005877,BU008,Systems Administrator,Employee
E005878,BU004,Data Engineer,Employee
E005879,BU002,Network Engineer,Employee
E005880,BU002,Financial Advisor,Employee
E005881,BU001,Data Engineer,Employee
E005882,BU003,Customer Service Rep,Employee
E005883,BU001,Data Engineer,Contractor
E005884,BU010,Network Engineer,Employee
E005885,BU002,Operations Analyst,Employee
E005886,BU002,Network Engineer,Employee
E005887,BU003,Risk Analyst,Employee
E005888,BU009,Financial Advisor,Employee
E005889,BU006,Security Analyst,Employee
E005890,BU002,Data Engineer,Employee
E005891,BU004,Network Engineer,Employee
E005892,BU003,Branch Manager,Employee
E005893,BU002,Branch Manager,Employee
E005894,BU001,Software Engineer,Employee
E005895,BU002,Data Engineer,Employee
E005896,BU001,Operations Analyst,Employee
E005897,BU009,Financial Advisor,Employee
E005898,BU001,Systems Administrator,Employee
E005899,BU009,Financial Advisor,Employee
E005900,BU002,Data Engineer,Contractor
E005901,BU003,Branch Manager,Employee
E005902,BU003,Financial Advisor,Contractor
E005903,BU001,Network Engineer,Employee
E005904,BU001,Financial Advisor,Employee
E005905,BU001,Data Engineer,Employee
E005906,BU003,Network Engineer,Employee
E005907,BU002,Customer Service Rep,Employee
E005908,BU005,Financial Advisor,Employee
E005909,BU001,Software Engineer,Contractor
E005910,BU001,Data Engineer,Employee
E005911,BU001,Risk Analyst,Employee
E005912,BU009,Risk Analyst,Employee
E005913,BU004,Software Engineer,Employee
E005914,BU001,Risk Analyst,Contractor
E005915,BU002,Software Engineer,Employee
E005916,BU001,Customer Service Rep,Employee
E005917,BU010,Operations Analyst,Employee
E005918,BU004,Branch Manager,Employee
E005919,BU001,Network Engineer,Employee
E005920,BU003,Software Engineer,Employee
E005921,BU001,Security Analyst,Employee
E005922,BU010,Security Analyst,Employee
E005923,BU001,Security Analyst,Employee
E005924,BU003,Systems Administrator,Employee
E005925,BU001,Risk Analyst,Employee
E005926,BU004,Software Engineer,Contractor
E005927,BU005,Data Engineer,Employee
E005928,BU004,Software Engineer,Employee
E005929,BU003,Data Engineer,Employee
E005930,BU009,Customer Service Rep,Employee
E005931,BU001,Data Engineer,Employee
E005932,BU001,Operations Analyst,Employee
E005933,BU001,Security Analyst,Employee
E005934,BU010,Risk Analyst,Employee
E005935,BU001,Network Engineer,Employee
E005936,BU004,Network Engineer,Employee
E005937,BU004,Systems Administrator,Employee
E005938,BU001,Customer Service Rep,Employee
E005939,BU001,Operations Analyst,Employee
E005940,BU001,Operations Analyst,Employee
E005941,BU001,Risk Analyst,Employee
E005942,BU001,Data Engineer,Employee
E005943,BU001,Systems Administrator,Employee
E005944,BU008,Branch Manager,Employee
E005945,BU010,Data Engineer,Employee
E005946,BU001,Systems Administrator,Employee
E005947,BU001,Operations Analyst,Employee
E005948,BU001,Customer Service Rep,Employee
E005949,BU004,Network Engineer,Employee
E005950,BU007,Software Engineer,Employee
E005951,BU001,Data Engineer,Employee
E005952,BU001,Financial Advisor,Employee
E005953,BU006,Data Engineer,Employee
E005954,BU003,Software Engineer,Employee
E005955,BU001,Operations Analyst,Contractor
E005956,BU003,Systems Administrator,Employee
E005957,BU001,Customer Service Rep,Employee
E005958,BU001,Financial Advisor,Employee
E005959,BU005,Operations Analyst,Employee
E005960,BU006,Branch Manager,Employee
E005961,BU001,Network Engineer,Employee
E005962,BU009,Risk Analyst,Employee
E005963,BU001,Customer Service Rep,Employee
E005964,BU005,Network Engineer,Employee
E005965,BU002,Financial Advisor,Employee
E005966,BU009,Data Engineer,Employee
E005967,BU009,Systems Administrator,Employee
E005968,BU001,Security Analyst,Employee
E005969,BU009,Software Engineer,Employee
E005970,BU007,Customer Service Rep,Employee
E005971,BU006,Financial Advisor,Employee
E005972,BU001,Security Analyst,Employee
E005973,BU006,Network Engineer,Employee
E005974,BU007,Systems Administrator,Employee
E005975,BU001,Data Engineer,Employee
E005976,BU009,Data Engineer,Employee
E005977,BU001,Branch Manager,Employee
E005978,BU001,Systems Administrator,Employee
E005979,BU002,Risk Analyst,Employee
E005980,BU003,Security Analyst,Employee
E005981,BU003,Operations Analyst,Employee
E005982,BU001,Branch Manager,Employee
E005983,BU010,Systems Administrator,Employee
E005984,BU001,Financial Advisor,Employee
E005985,BU001,Systems Administrator,Employee
E005986,BU001,Risk Analyst,Employee
E005987,BU003,Systems Administrator,Employee
E005988,BU009,Security Analyst,Employee
E005989,BU004,Systems Administrator,Contractor
E005990,BU007,Systems Administrator,Employee
E005991,BU001,Network Engineer,Employee
E005992,BU003,Operations Analyst,Employee
E005993,BU002,Software Engineer,Employee
E005994,BU002,Security Analyst,Employee
E005995,BU001,Software Engineer,Employee
E005996,BU004,Network Engineer,Contractor
E005997,BU002,Branch Manager,Employee
E005998,BU005,Risk Analyst,Employee
E005999,BU002,Operations Analyst,Employee
E006000,BU001,Risk Analyst,Employee
E006001,BU003,Network Engineer,Employee
E006002,BU001,Security Analyst,Contractor
E006003,BU008,Customer Service Rep,Employee
E006004,BU003,Operations Analyst,Employee
E006005,BU001,Operations Analyst,Employee
E006006,BU010,Network Engineer,Employee
E006007,BU002,Branch Manager,Contractor
E006008,BU001,Financial Advisor,Employee
E006009,BU003,Systems Administrator,Employee
E006010,BU001,Data Engineer,Employee
E006011,BU006,Data Engineer,Contractor
E006012,BU006,Risk Analyst,Employee
E006013,BU010,Systems Administrator,Employee
E006014,BU002,Financial Advisor,Employee
E006015,BU002,Customer Service Rep,Employee
E006016,BU005,Risk Analyst,Employee
E006017,BU001,Operations Analyst,Employee
E006018,BU003,Software Engineer,Employee
E006019,BU003,Data Engineer,Employee
E006020,BU001,Risk Analyst,Employee
E006021,BU001,Data Engineer,Contractor
E006022,BU007,Network Engineer,Employee
E006023,BU007,Customer Service Rep,Employee
E006024,BU001,Customer Service Rep,Employee
E006025,BU001,Software Engineer,Contractor
E006026,BU001,Security Analyst,Employee
E006027,BU008,Customer Service Rep,Employee
E006028,BU001,Operations Analyst,Employee
E006029,BU004,Network Engineer,Employee
E006030,BU001,Branch Manager,Employee
E006031,BU003,Risk Analyst,Employee
E006032,BU001,Operations Analyst,Employee
E006033,BU006,Systems Administrator,Employee
E006034,BU001,Branch Manager,Employee
E006035,BU003,Operations Analyst,Employee
E006036,BU001,Systems Administrator,Employee
E006037,BU004,Data Engineer,Employee
E006038,BU008,Data Engineer,Employee
E006039,BU001,Data Engineer,Employee
E006040,BU008,Software Engineer,Employee
E006041,BU003,Network Engineer,Employee
E006042,BU001,Risk Analyst,Employee
E006043,BU002,Software Engineer,Employee
E006044,BU001,Customer Service Rep,Employee
E006045,BU004,Customer Service Rep,Employee
E006046,BU005,Customer Service Rep,Employee
E006047,BU001,Network Engineer,Employee
E006048,BU002,Software Engineer,Employee
E006049,BU006,Software Engineer,Employee
E006050,BU009,Branch Manager,Contractor
E006051,BU002,Software Engineer,Employee
E006052,BU009,Systems Administrator,Employee
E006053,BU002,Customer Service Rep,Employee
E006054,BU001,Software Engineer,Employee
E006055,BU007,Network Engineer,Contractor
E006056,BU002,Risk Analyst,Employee
E006057,BU002,Customer Service Rep,Employee
E006058,BU002,Security Analyst,Employee
E006059,BU007,Systems Administrator,Employee
E006060,BU007,Security Analyst,Employee
E006061,BU001,Customer Service Rep,Employee
E006062,BU001,Branch Manager,Employee
E006063,BU002,Network Engineer,Contractor
E006064,BU003,Risk Analyst,Employee
E006065,BU001,Risk Analyst,Employee
E006066,BU006,Customer Service Rep,Employee
E006067,BU002,Software Engineer,Contractor
E006068,BU001,Branch Manager,Employee
E006069,BU001,Network Engineer,Employee
E006070,BU001,Customer Service Rep,Contractor
E006071,BU009,Software Engineer,Employee
E006072,BU001,Customer Service Rep,Employee
E006073,BU001,Branch Manager,Contractor
E006074,BU002,Network Engineer,Employee
E006075,BU001,Systems Administrator,Employee
E006076,BU001,Customer Service Rep,Employee
E006077,BU001,Software Engineer,Employee
E006078,BU003,Financial Advisor,Employee
E006079,BU003,Financial Advisor,Employee
E006080,BU001,Financial Advisor,Employee
E006081,BU002,Software Engineer,Employee
E006082,BU010,Branch Manager,Contractor
E006083,BU001,Branch Manager,Employee
E006084,BU001,Network Engineer,Employee
E006085,BU001,Data Engineer,Contractor
E006086,BU002,Financial Advisor,Employee
E006087,BU005,Risk Analyst,Employee
E006088,BU001,Data Engineer,Contractor
E006089,BU004,Operations Analyst,Employee
E006090,BU001,Financial Advisor,Employee
E006091,BU001,Risk Analyst,Employee
E006092,BU005,Branch Manager,Contractor
E006093,BU001,Risk Analyst,Employee
E006094,BU003,Data Engineer,Employee
E006095,BU001,Systems Administrator,Employee
E006096,BU005,Customer Service Rep,Employee
E006097,BU001,Security Analyst,Employee
E006098,BU007,Financial Advisor,Employee
E006099,BU001,Branch Manager,Contractor
E006100,BU008,Network Engineer,Employee
E006101,BU001,Financial Advisor,Employee
E006102,BU004,Software Engineer,Employee
E006103,BU001,Data Engineer,Employee
E006104,BU009,Branch Manager,Employee
E006105,BU001,Risk Analyst,Employee
E006106,BU001,Network Engineer,Employee
E006107,BU002,Customer Service Rep,Employee
E006108,BU001,Branch Manager,Employee
E006109,BU001,Customer Service Rep,Employee
E006110,BU009,Financial Advisor,Employee
E006111,BU010,Financial Advisor,Contractor
E006112,BU001,Security Analyst,Employee
E006113,BU009,Data Engineer,Employee
E006114,BU003,Risk Analyst,Employee
E006115,BU001,Financial Advisor,Employee
E006116,BU004,Systems Administrator,Employee
E006117,BU003,Software Engineer,Employee
E006118,BU010,Security Analyst,Contractor
E006119,BU001,Branch Manager,Employee
E006120,BU004,Software Engineer,Employee
E006121,BU001,Network Engineer,Employee
E006122,BU001,Risk Analyst,Employee
E006123,BU001,Branch Manager,Employee
E006124,BU010,Security Analyst,Employee
E006125,BU006,Customer Service Rep,Contractor
E006126,BU006,Software Engineer,Employee
E006127,BU002,Software Engineer,Contractor
E006128,BU001,Security Analyst,Employee
E006129,BU001,Customer Service Rep,Employee
E006130,BU001,Network Engineer,Employee
E006131,BU001,Financial Advisor,Employee
E006132,BU005,Risk Analyst,Employee
E006133,BU002,Data Engineer,Employee
E006134,BU001,Security Analyst,Employee
E006135,BU001,Data Engineer,Employee
E006136,BU001,Branch Manager,Employee
E006137,BU001,Risk Analyst,Employee
E006138,BU009,Operations Analyst,Employee
E006139,BU003,Network Engineer,Employee
E006140,BU006,Software Engineer,Employee
E006141,BU002,Network Engineer,Employee
E006142,BU001,Data Engineer,Contractor
E006143,BU001,Operations Analyst,Employee
E006144,BU008,Risk Analyst,Employee
E006145,BU006,Customer Service Rep,Employee
E006146,BU001,Software Engineer,Employee
E006147,BU002,Systems Administrator,Employee
E006148,BU002,Data Engineer,Employee
E006149,BU003,Branch Manager,Employee
E006150,BU009,Risk Analyst,Employee
E006151,BU003,Risk Analyst,Employee
E006152,BU003,Financial Advisor,Employee
E006153,BU001,Software Engineer,Employee
E006154,BU001,Software Engineer,Employee
E006155,BU001,Operations Analyst,Employee
E006156,BU001,Security Analyst,Employee
E006157,BU005,Systems Administrator,Employee
E006158,BU004,Customer Service Rep,Employee
E006159,BU001,Software Engineer,Employee
E006160,BU007,Branch Manager,Employee
E006161,BU001,Financial Advisor,Employee
E006162,BU001,Software Engineer,Employee
E006163,BU001,Security Analyst,Employee
E006164,BU001,Financial Advisor,Employee
E006165,BU001,Data Engineer,Contractor
E006166,BU002,Branch Manager,Employee
E006167,BU001,Software Engineer,Employee
E006168,BU010,Customer Service Rep,Employee
E006169,BU001,Software Engineer,Contractor
E006170,BU001,Data Engineer,Employee
E006171,BU001,Financial Advisor,Employee
E006172,BU003,Systems Administrator,Employee
E006173,BU001,Customer Service Rep,Employee
E006174,BU007,Data Engineer,Employee
E006175,BU002,Software Engineer,Employee
E006176,BU002,Data Engineer,Employee
E006177,BU003,Risk Analyst,Employee
E006178,BU001,Systems Administrator,Employee
E006179,BU001,Network Engineer,Employee
E006180,BU001,Security Analyst,Employee
E006181,BU003,Risk Analyst,Employee
E006182,BU001,Data Engineer,Contractor
E006183,BU001,Security Analyst,Employee
E006184,BU010,Customer Service Rep,Employee
E006185,BU001,Operations Analyst,Contractor
E006186,BU006,Risk Analyst,Contractor
E006187,BU006,Customer Service Rep,Employee
E006188,BU001,Data Engineer,Employee
E006189,BU001,Systems Administrator,Employee
E006190,BU001,Software Engineer,Contractor
E006191,BU004,Security Analyst,Employee
E006192,BU003,Operations Analyst,Employee
E006193,BU006,Financial Advisor,Employee
E006194,BU009,Data Engineer,Employee
E006195,BU004,Customer Service Rep,Employee
E006196,BU001,Financial Advisor,Employee
E006197,BU001,Security Analyst,Employee
E006198,BU007,Data Engineer,Employee
E006199,BU001,Financial Advisor,Employee
E006200,BU001,Data Engineer,Contractor
E006201,BU004,Risk Analyst,Employee
E006202,BU001,Financial Advisor,Employee
E006203,BU009,Operations Analyst,Employee
E006204,BU003,Network Engineer,Employee
E006205,BU001,Security Analyst,Employee
E006206,BU009,Data Engineer,Employee
E006207,BU001,Financial Advisor,Employee
E006208,BU001,Systems Administrator,Employee
E006209,BU001,Financial Advisor,Employee
E006210,BU001,Risk Analyst,Employee
E006211,BU002,Customer Service Rep,Employee
E006212,BU001,Financial Advisor,Contractor
E006213,BU001,Network Engineer,Employee
E006214,BU001,Operations Analyst,Employee
E006215,BU005,Security Analyst,Employee
E006216,BU006,Data Engineer,Employee
E006217,BU001,Data Engineer,Employee
E006218,BU001,Data Engineer,Employee
E006219,BU001,Software Engineer,Employee
E006220,BU001,Risk Analyst,Employee
E006221,BU006,Systems Administrator,Employee
E006222,BU004,Security Analyst,Contractor
E006223,BU001,Security Analyst,Employee
E006224,BU001,Data Engineer,Employee
E006225,BU001,Risk Analyst,Employee
E006226,BU003,Customer Service Rep,Contractor
E006227,BU001,Security Analyst,Employee
E006228,BU010,Financial Advisor,Contractor
E006229,BU006,Network Engineer,Employee
E006230,BU001,Risk Analyst,Employee
E006231,BU003,Data Engineer,Contractor
E006232,BU009,Security Analyst,Employee
E006233,BU003,Software Engineer,Employee
E006234,BU001,Branch Manager,Employee
E006235,BU001,Branch Manager,Employee
E006236,BU007,Systems Administrator,Employee
E006237,BU003,Security Analyst,Employee
E006238,BU003,Operations Analyst,Employee
E006239,BU008,Customer Service Rep,Employee
E006240,BU009,Software Engineer,Employee
E006241,BU009,Financial Advisor,Employee
E006242,BU001,Risk Analyst,Employee
E006243,BU003,Financial Advisor,Contractor
E006244,BU005,Security Analyst,Employee
E006245,BU005,Network Engineer,Employee
E006246,BU003,Branch Manager,Employee
E006247,BU001,Security Analyst,Employee
E006248,BU006,Risk Analyst,Employee
E006249,BU004,Security Analyst,Employee
E006250,BU001,Operations Analyst,Employee
E006251,BU002,Operations Analyst,Contractor
E006252,BU001,Branch Manager,Employee
E006253,BU001,Network Engineer,Contractor
E006254,BU001,Risk Analyst,Employee
E006255,BU001,Data Engineer,Employee
E006256,BU003,Customer Service Rep,Employee
E006257,BU003,Security Analyst,Employee
E006258,BU004,Risk Analyst,Employee
E006259,BU007,Network Engineer,Employee
E006260,BU001,Data Engineer,Contractor
E006261,BU001,Security Analyst,Employee
E006262,BU007,Systems Administrator,Employee
E006263,BU001,Software Engineer,Employee
E006264,BU010,Branch Manager,Employee
E006265,BU007,Systems Administrator,Employee
E006266,BU002,Security Analyst,Employee
E006267,BU010,Financial Advisor,Employee
E006268,BU001,Network Engineer,Employee
E006269,BU001,Network Engineer,Employee
E006270,BU003,Risk Analyst,Employee
E006271,BU001,Branch Manager,Employee
E006272,BU009,Data Engineer,Employee
E006273,BU001,Security Analyst,Employee
E006274,BU003,Financial Advisor,Employee
E006275,BU003,Data Engineer,Employee
E006276,BU003,Branch Manager,Employee
E006277,BU001,Risk Analyst,Employee
E006278,BU001,Software Engineer,Contractor
E006279,BU007,Data Engineer,Contractor
E006280,BU001,Financial Advisor,Employee
E006281,BU007,Customer Service Rep,Employee
E006282,BU003,Network Engineer,Employee
E006283,BU005,Data Engineer,Employee
E006284,BU004,Operations Analyst,Employee
E006285,BU001,Financial Advisor,Employee
E006286,BU003,Customer Service Rep,Employee
E006287,BU008,Operations Analyst,Employee
E006288,BU002,Systems Administrator,Contractor
E006289,BU010,Operations Analyst,Employee
E006290,BU002,Systems Administrator,Employee
E006291,BU001,Financial Advisor,Employee
E006292,BU001,Risk Analyst,Employee
E006293,BU009,Branch Manager,Employee
E006294,BU001,Financial Advisor,Employee
E006295,BU008,Branch Manager,Contractor
E006296,BU008,Network Engineer,Employee
E006297,BU001,Customer Service Rep,Employee
E006298,BU001,Software Engineer,Contractor
E006299,BU004,Software Engineer,Employee
E006300,BU001,Security Analyst,Employee
E006301,BU006,Software Engineer,Employee
E006302,BU002,Financial Advisor,Employee
E006303,BU002,Operations Analyst,Employee
E006304,BU005,Financial Advisor,Employee
E006305,BU001,Data Engineer,Employee
E006306,BU002,Systems Administrator,Employee
E006307,BU001,Network Engineer,Employee
E006308,BU001,Data Engineer,Employee
E006309,BU002,Network Engineer,Contractor
E006310,BU006,Software Engineer,Employee
E006311,BU001,Data Engineer,Employee
E006312,BU002,Systems Administrator,Employee
E006313,BU004,Risk Analyst,Employee
E006314,BU001,Systems Administrator,Employee
E006315,BU001,Operations Analyst,Employee
E006316,BU009,Branch Manager,Employee
E006317,BU004,Network Engineer,Employee
E006318,BU003,Financial Advisor,Employee
E006319,BU003,Systems Administrator,Employee
E006320,BU001,Customer Service Rep,Employee
E006321,BU003,Network Engineer,Employee
E006322,BU002,Branch Manager,Employee
E006323,BU003,Customer Service Rep,Contractor
E006324,BU001,Risk Analyst,Employee
E006325,BU001,Risk Analyst,Employee
E006326,BU001,Network Engineer,Employee
E006327,BU009,Customer Service Rep,Employee
E006328,BU001,Data Engineer,Employee
E006329,BU002,Software Engineer,Employee
E006330,BU001,Customer Service Rep,Employee
E006331,BU001,Customer Service Rep,Employee
E006332,BU004,Operations Analyst,Contractor
E006333,BU002,Security Analyst,Employee
E006334,BU002,Data Engineer,Employee
E006335,BU001,Security Analyst,Employee
E006336,BU005,Customer Service Rep,Employee
E006337,BU001,Customer Service Rep,Employee
E006338,BU001,Financial Advisor,Employee
E006339,BU002,Operations Analyst,Employee
E006340,BU001,Security Analyst,Employee
E006341,BU001,Security Analyst,Employee
E006342,BU003,Financial Advisor,Employee
E006343,BU003,Branch Manager,Contractor
E006344,BU007,Network Engineer,Employee
E006345,BU001,Software Engineer,Employee
E006346,BU001,Financial Advisor,Employee
E006347,BU001,Data Engineer,Contractor
E006348,BU010,Systems Administrator,Employee
E006349,BU003,Branch Manager,Employee
E006350,BU004,Risk Analyst,Employee
E006351,BU001,Systems Administrator,Employee
E006352,BU002,Financial Advisor,Employee
E006353,BU001,Branch Manager,Employee
E006354,BU003,Risk Analyst,Employee
E006355,BU009,Customer Service Rep,Employee
E006356,BU010,Operations Analyst,Employee
E006357,BU003,Systems Administrator,Employee
E006358,BU002,Systems Administrator,Employee
E006359,BU009,Financial Advisor,Employee
E006360,BU004,Systems Administrator,Employee
E006361,BU001,Customer Service Rep,Employee
E006362,BU002,Security Analyst,Employee
E006363,BU001,Branch Manager,Employee
E006364,BU002,Systems Administrator,Employee
E006365,BU002,Branch Manager,Employee
E006366,BU003,Risk Analyst,Employee
E006367,BU001,Risk Analyst,Employee
E006368,BU001,Systems Administrator,Contractor
E006369,BU002,Systems Administrator,Employee
E006370,BU007,Risk Analyst,Contractor
E006371,BU004,Data Engineer,Contractor
E006372,BU001,Risk Analyst,Employee
E006373,BU009,Data Engineer,Employee
E006374,BU009,Software Engineer,Employee
E006375,BU001,Customer Service Rep,Employee
E006376,BU001,Customer Service Rep,Contractor
E006377,BU005,Branch Manager,Employee
E006378,BU007,Operations Analyst,Employee
E006379,BU010,Financial Advisor,Employee
E006380,BU008,Branch Manager,Contractor
E006381,BU003,Systems Administrator,Employee
E006382,BU002,Network Engineer,Employee
E006383,BU001,Risk Analyst,Employee
E006384,BU001,Network Engineer,Employee
E006385,BU002,Software Engineer,Contractor
E006386,BU003,Software Engineer,Employee
E006387,BU003,Security Analyst,Employee
E006388,BU005,Software Engineer,Employee
E006389,BU001,Branch Manager,Employee
E006390,BU003,Risk Analyst,Contractor
E006391,BU001,Financial Advisor,Employee
E006392,BU001,Branch Manager,Employee
E006393,BU005,Risk Analyst,Employee
E006394,BU004,Operations Analyst,Employee
E006395,BU010,Operations Analyst,Employee
E006396,BU001,Data Engineer,Employee
E006397,BU002,Risk Analyst,Employee
E006398,BU001,Financial Advisor,Employee
E006399,BU002,Systems Administrator,Employee
E006400,BU007,Network Engineer,Contractor
E006401,BU004,Data Engineer,Employee
E006402,BU008,Security Analyst,Employee
E006403,BU001,Operations Analyst,Employee
E006404,BU008,Systems Administrator,Employee
E006405,BU001,Systems Administrator,Employee
E006406,BU008,Network Engineer,Employee
E006407,BU001,Security Analyst,Employee
E006408,BU001,Customer Service Rep,Employee
E006409,BU002,Network Engineer,Contractor
E006410,BU009,Risk Analyst,Employee
E006411,BU001,Branch Manager,Employee
E006412,BU001,Branch Manager,Employee
E006413,BU007,Network Engineer,Employee
E006414,BU001,Data Engineer,Employee
E006415,BU001,Branch Manager,Employee
E006416,BU002,Branch Manager,Employee
E006417,BU001,Customer Service Rep,Employee
E006418,BU009,Operations Analyst,Employee
E006419,BU005,Risk Analyst,Employee
E006420,BU002,Financial Advisor,Employee
E006421,BU010,Risk Analyst,Employee
E006422,BU002,Systems Administrator,Contractor
E006423,BU001,Operations Analyst,Employee
E006424,BU001,Systems Administrator,Employee
E006425,BU002,Network Engineer,Employee
E006426,BU001,Operations Analyst,Employee
E006427,BU009,Security Analyst,Employee
E006428,BU005,Financial Advisor,Employee
E006429,BU001,Security Analyst,Employee
E006430,BU003,Systems Administrator,Employee
E006431,BU004,Systems Administrator,Employee
E006432,BU009,Financial Advisor,Employee
E006433,BU008,Systems Administrator,Employee
E006434,BU002,Security Analyst,Contractor
E006435,BU005,Network Engineer,Contractor
E006436,BU003,Operations Analyst,Employee
E006437,BU003,Operations Analyst,Employee
E006438,BU001,Network Engineer,Employee
E006439,BU001,Financial Advisor,Contractor
E006440,BU002,Operations Analyst,Employee
E006441,BU001,Financial Advisor,Employee
E006442,BU001,Data Engineer,Employee
E006443,BU004,Data Engineer,Employee
E006444,BU001,Risk Analyst,Employee
E006445,BU003,Risk Analyst,Employee
E006446,BU002,Operations Analyst,Employee
E006447,BU010,Data Engineer,Employee
E006448,BU002,Data Engineer,Employee
E006449,BU001,Systems Administrator,Employee
E006450,BU003,Security Analyst,Contractor
E006451,BU007,Systems Administrator,Employee
E006452,BU010,Systems Administrator,Employee
E006453,BU002,Risk Analyst,Employee
E006454,BU001,Branch Manager,Employee
E006455,BU009,Software Engineer,Contractor
E006456,BU001,Operations Analyst,Employee
E006457,BU003,Operations Analyst,Employee
E006458,BU001,Customer Service Rep,Employee
E006459,BU001,Risk Analyst,Employee
E006460,BU001,Financial Advisor,Employee
E006461,BU001,Operations Analyst,Employee
E006462,BU004,Customer Service Rep,Employee
E006463,BU009,Security Analyst,Employee
E006464,BU001,Software Engineer,Contractor
E006465,BU006,Customer Service Rep,Employee
E006466,BU001,Software Engineer,Employee
E006467,BU002,Network Engineer,Employee
E006468,BU001,Network Engineer,Employee
E006469,BU009,Branch Manager,Contractor
E006470,BU005,Branch Manager,Employee
E006471,BU003,Financial Advisor,Employee
E006472,BU007,Customer Service Rep,Employee
E006473,BU003,Financial Advisor,Employee
E006474,BU010,Software Engineer,Employee
E006475,BU004,Network Engineer,Employee
E006476,BU009,Customer Service Rep,Contractor
E006477,BU002,Network Engineer,Employee
E006478,BU001,Data Engineer,Contractor
E006479,BU002,Security Analyst,Employee
E006480,BU001,Security Analyst,Employee
E006481,BU003,Data Engineer,Contractor
E006482,BU002,Operations Analyst,Contractor
E006483,BU003,Security Analyst,Employee
E006484,BU001,Risk Analyst,Employee
E006485,BU001,Network Engineer,Employee
E006486,BU002,Systems Administrator,Employee
E006487,BU009,Network Engineer,Contractor
E006488,BU001,Network Engineer,Employee
E006489,BU002,Financial Advisor,Contractor
E006490,BU004,Systems Administrator,Employee
E006491,BU003,Systems Administrator,Employee
E006492,BU001,Risk Analyst,Employee
E006493,BU001,Branch Manager,Employee
E006494,BU001,Network Engineer,Employee
E006495,BU010,Branch Manager,Employee
E006496,BU001,Operations Analyst,Employee
E006497,BU001,Software Engineer,Employee
E006498,BU001,Network Engineer,Employee
E006499,BU001,Systems Administrator,Contractor
E006500,BU006,Systems Administrator,Employee
E006501,BU001,Data Engineer,Employee
E006502,BU001,Network Engineer,Contractor
E006503,BU002,Risk Analyst,Employee
E006504,BU001,Systems Administrator,Employee
E006505,BU001,Operations Analyst,Employee
E006506,BU006,Network Engineer,Employee
E006507,BU005,Risk Analyst,Employee
E006508,BU009,Network Engineer,Employee
E006509,BU007,Systems Administrator,Employee
E006510,BU004,Financial Advisor,Employee
E006511,BU001,Branch Manager,Employee
E006512,BU006,Operations Analyst,Employee
E006513,BU007,Risk Analyst,Employee
E006514,BU006,Network Engineer,Employee
E006515,BU002,Financial Advisor,Employee
E006516,BU001,Operations Analyst,Employee
E006517,BU007,Risk Analyst,Employee
E006518,BU004,Financial Advisor,Employee
E006519,BU010,Financial Advisor,Employee
E006520,BU001,Network Engineer,Employee
E006521,BU001,Customer Service Rep,Employee
E006522,BU001,Operations Analyst,Employee
E006523,BU006,Network Engineer,Employee
E006524,BU001,Network Engineer,Employee
E006525,BU001,Branch Manager,Employee
E006526,BU010,Operations Analyst,Employee
E006527,BU001,Customer Service Rep,Employee
E006528,BU007,Data Engineer,Employee
E006529,BU001,Software Engineer,Employee
E006530,BU007,Financial Advisor,Employee
E006531,BU003,Operations Analyst,Employee
E006532,BU009,Security Analyst,Contractor
E006533,BU009,Network Engineer,Employee
E006534,BU001,Risk Analyst,Contractor
E006535,BU001,Financial Advisor,Employee
E006536,BU001,Operations Analyst,Employee
E006537,BU004,Branch Manager,Employee
E006538,BU008,Risk Analyst,Employee
E006539,BU002,Risk Analyst,Employee
E006540,BU003,Branch Manager,Employee
E006541,BU001,Security Analyst,Employee
E006542,BU006,Operations Analyst,Employee
E006543,BU010,Branch Manager,Employee
E006544,BU001,Systems Administrator,Employee
E006545,BU002,Risk Analyst,Employee
E006546,BU001,Financial Advisor,Employee
E006547,BU003,Systems Administrator,Employee
E006548,BU002,Financial Advisor,Employee
E006549,BU001,Data Engineer,Employee
E006550,BU002,Network Engineer,Employee
E006551,BU001,Operations Analyst,Employee
E006552,BU002,Software Engineer,Contractor
E006553,BU003,Software Engineer,Employee
E006554,BU001,Network Engineer,Contractor
E006555,BU005,Data Engineer,Employee
E006556,BU004,Branch Manager,Employee
E006557,BU001,Operations Analyst,Employee
E006558,BU001,Customer Service Rep,Employee
E006559,BU005,Systems Administrator,Employee
E006560,BU009,Risk Analyst,Contractor
E006561,BU001,Network Engineer,Employee
E006562,BU001,Software Engineer,Employee
E006563,BU001,Customer Service Rep,Employee
E006564,BU003,Software Engineer,Employee
E006565,BU001,Data Engineer,Employee
E006566,BU001,Customer Service Rep,Employee
E006567,BU004,Branch Manager,Employee
E006568,BU003,Software Engineer,Employee
E006569,BU001,Systems Administrator,Employee
E006570,BU002,Branch Manager,Employee
E006571,BU003,Branch Manager,Employee
E006572,BU001,Risk Analyst,Employee
E006573,BU001,Data Engineer,Employee
E006574,BU008,Customer Service Rep,Employee
E006575,BU001,Customer Service Rep,Employee
E006576,BU004,Software Engineer,Employee
E006577,BU009,Customer Service Rep,Employee
E006578,BU001,Software Engineer,Employee
E006579,BU001,Systems Administrator,Employee
E006580,BU003,Network Engineer,Employee
E006581,BU008,Systems Administrator,Contractor
E006582,BU009,Software Engineer,Contractor
E006583,BU004,Operations Analyst,Employee
E006584,BU001,Financial Advisor,Employee
E006585,BU004,Software Engineer,Employee
E006586,BU001,Data Engineer,Employee
E006587,BU002,Software Engineer,Employee
E006588,BU001,Financial Advisor,Employee
E006589,BU001,Branch Manager,Employee
E006590,BU006,Financial Advisor,Contractor
E006591,BU002,Data Engineer,Contractor
E006592,BU001,Systems Administrator,Employee
E006593,BU001,Software Engineer,Employee
E006594,BU007,Branch Manager,Employee
E006595,BU005,Operations Analyst,Contractor
E006596,BU001,Network Engineer,Employee
E006597,BU001,Risk Analyst,Employee
E006598,BU001,Systems Administrator,Employee
E006599,BU009,Systems Administrator,Employee
E006600,BU003,Risk Analyst,Employee
E006601,BU002,Software Engineer,Contractor
E006602,BU003,Data Engineer,Employee
E006603,BU001,Data Engineer,Employee
E006604,BU006,Data Engineer,Employee
E006605,BU002,Security Analyst,Employee
E006606,BU001,Branch Manager,Contractor
E006607,BU001,Operations Analyst,Employee
E006608,BU002,Operations Analyst,Contractor
E006609,BU009,Financial Advisor,Employee
E006610,BU001,Security Analyst,Contractor
E006611,BU008,Risk Analyst,Employee
E006612,BU005,Customer Service Rep,Employee
E006613,BU001,Software Engineer,Employee
E006614,BU001,Security Analyst,Employee
E006615,BU001,Data Engineer,Employee
E006616,BU004,Branch Manager,Employee
E006617,BU001,Systems Administrator,Employee
E006618,BU001,Risk Analyst,Contractor
E006619,BU002,Risk Analyst,Employee
E006620,BU004,Branch Manager,Contractor
E006621,BU001,Software Engineer,Employee
E006622,BU001,Branch Manager,Employee
E006623,BU002,Network Engineer,Employee
E006624,BU003,Financial Advisor,Employee
E006625,BU006,Customer Service Rep,Employee
E006626,BU001,Security Analyst,Employee
E006627,BU006,Risk Analyst,Employee
E006628,BU004,Network Engineer,Employee
E006629,BU003,Systems Administrator,Employee
E006630,BU004,Operations Analyst,Employee
E006631,BU001,Systems Administrator,Employee
E006632,BU001,Risk Analyst,Employee
E006633,BU004,Data Engineer,Employee
E006634,BU002,Data Engineer,Employee
E006635,BU003,Customer Service Rep,Employee
E006636,BU001,Systems Administrator,Contractor
E006637,BU009,Systems Administrator,Employee
E006638,BU003,Systems Administrator,Employee
E006639,BU001,Software Engineer,Employee
E006640,BU002,Network Engineer,Employee
E006641,BU005,Risk Analyst,Employee
E006642,BU006,Branch Manager,Employee
E006643,BU002,Financial Advisor,Employee
E006644,BU009,Operations Analyst,Employee
E006645,BU001,Risk Analyst,Contractor
E006646,BU001,Data Engineer,Employee
E006647,BU009,Systems Administrator,Employee
E006648,BU009,Security Analyst,Employee
E006649,BU004,Risk Analyst,Employee
E006650,BU007,Security Analyst,Employee
E006651,BU001,Financial Advisor,Employee
E006652,BU008,Operations Analyst,Employee
E006653,BU001,Branch Manager,Employee
E006654,BU001,Data Engineer,Employee
E006655,BU001,Network Engineer,Employee
E006656,BU001,Customer Service Rep,Employee
E006657,BU001,Branch Manager,Employee
E006658,BU001,Software Engineer,Employee
E006659,BU001,Financial Advisor,Employee
E006660,BU001,Software Engineer,Employee
E006661,BU003,Branch Manager,Employee
E006662,BU002,Customer Service Rep,Employee
E006663,BU001,Branch Manager,Employee
E006664,BU005,Financial Advisor,Employee
E006665,BU009,Software Engineer,Contractor
E006666,BU005,Branch Manager,Employee
E006667,BU001,Systems Administrator,Employee
E006668,BU005,Customer Service Rep,Employee
E006669,BU001,Operations Analyst,Contractor
E006670,BU001,Data Engineer,Employee
E006671,BU001,Security Analyst,Employee
E006672,BU006,Software Engineer,Employee
E006673,BU001,Data Engineer,Employee
E006674,BU001,Risk Analyst,Contractor
E006675,BU001,Customer Service Rep,Employee
E006676,BU007,Customer Service Rep,Employee
E006677,BU003,Systems Administrator,Employee
E006678,BU001,Systems Administrator,Employee
E006679,BU003,Financial Advisor,Employee
E006680,BU002,Risk Analyst,Employee
E006681,BU003,Branch Manager,Employee
E006682,BU001,Financial Advisor,Contractor
E006683,BU008,Security Analyst,Employee
E006684,BU001,Security Analyst,Contractor
E006685,BU004,Software Engineer,Employee
E006686,BU001,Security Analyst,Employee
E006687,BU001,Operations Analyst,Employee
E006688,BU001,Security Analyst,Contractor
E006689,BU003,Branch Manager,Employee
E006690,BU001,Financial Advisor,Employee
E006691,BU006,Branch Manager,Employee
E006692,BU001,Customer Service Rep,Contractor
E006693,BU004,Software Engineer,Employee
E006694,BU006,Financial Advisor,Employee
E006695,BU003,Systems Administrator,Employee
E006696,BU005,Data Engineer,Employee
E006697,BU004,Data Engineer,Employee
E006698,BU001,Operations Analyst,Employee
E006699,BU006,Network Engineer,Employee
E006700,BU001,Network Engineer,Employee
E006701,BU003,Risk Analyst,Employee
E006702,BU005,Security Analyst,Contractor
E006703,BU001,Financial Advisor,Employee
E006704,BU001,Customer Service Rep,Employee
E006705,BU002,Branch Manager,Employee
E006706,BU006,Operations Analyst,Employee
E006707,BU009,Systems Administrator,Employee
E006708,BU003,Software Engineer,Employee
E006709,BU004,Financial Advisor,Employee
E006710,BU009,Customer Service Rep,Employee
E006711,BU001,Customer Service Rep,Employee
E006712,BU001,Software Engineer,Employee
E006713,BU004,Branch Manager,Employee
E006714,BU007,Systems Administrator,Employee
E006715,BU007,Operations Analyst,Employee
E006716,BU001,Data Engineer,Employee
E006717,BU001,Operations Analyst,Employee
E006718,BU002,Risk Analyst,Employee
E006719,BU001,Customer Service Rep,Contractor
E006720,BU001,Risk Analyst,Employee
E006721,BU005,Risk Analyst,Employee
E006722,BU001,Operations Analyst,Employee
E006723,BU007,Risk Analyst,Employee
E006724,BU002,Operations Analyst,Employee
E006725,BU003,Operations Analyst,Employee
E006726,BU001,Software Engineer,Employee
E006727,BU001,Data Engineer,Employee
E006728,BU001,Security Analyst,Employee
E006729,BU010,Security Analyst,Employee
E006730,BU006,Branch Manager,Employee
E006731,BU002,Operations Analyst,Employee
E006732,BU001,Branch Manager,Employee
E006733,BU009,Operations Analyst,Employee
E006734,BU001,Systems Administrator,Employee
E006735,BU001,Network Engineer,Employee
E006736,BU003,Customer Service Rep,Employee
E006737,BU009,Customer Service Rep,Employee
E006738,BU001,Data Engineer,Employee
E006739,BU001,Risk Analyst,Employee
E006740,BU009,Data Engineer,Contractor
E006741,BU001,Security Analyst,Contractor
E006742,BU001,Security Analyst,Contractor
E006743,BU003,Data Engineer,Employee
E006744,BU008,Security Analyst,Employee
E006745,BU002,Security Analyst,Employee
E006746,BU010,Data Engineer,Employee
E006747,BU004,Data Engineer,Employee
E006748,BU001,Software Engineer,Employee
E006749,BU010,Branch Manager,Employee
E006750,BU001,Risk Analyst,Employee
E006751,BU001,Customer Service Rep,Employee
E006752,BU003,Branch Manager,Employee
E006753,BU001,Systems Administrator,Employee
E006754,BU001,Data Engineer,Employee
E006755,BU001,Branch Manager,Employee
E006756,BU002,Network Engineer,Employee
E006757,BU007,Network Engineer,Contractor
E006758,BU003,Financial Advisor,Employee
E006759,BU010,Security Analyst,Employee
E006760,BU001,Systems Administrator,Employee
E006761,BU001,Software Engineer,Contractor
E006762,BU001,Operations Analyst,Employee
E006763,BU001,Operations Analyst,Employee
E006764,BU001,Operations Analyst,Employee
E006765,BU006,Financial Advisor,Employee
E006766,BU009,Branch Manager,Contractor
E006767,BU010,Customer Service Rep,Employee
E006768,BU001,Customer Service Rep,Employee
E006769,BU008,Data Engineer,Employee
E006770,BU001,Software Engineer,Employee
E006771,BU001,Customer Service Rep,Employee
E006772,BU008,Risk Analyst,Employee
E006773,BU003,Network Engineer,Employee
E006774,BU001,Security Analyst,Contractor
E006775,BU002,Security Analyst,Employee
E006776,BU001,Customer Service Rep,Employee
E006777,BU004,Data Engineer,Employee
E006778,BU002,Financial Advisor,Employee
E006779,BU010,Operations Analyst,Employee
E006780,BU001,Risk Analyst,Employee
E006781,BU001,Risk Analyst,Employee
E006782,BU002,Systems Administrator,Employee
E006783,BU002,Software Engineer,Employee
E006784,BU001,Security Analyst,Employee
E006785,BU004,Data Engineer,Employee
E006786,BU008,Financial Advisor,Employee
E006787,BU009,Security Analyst,Employee
E006788,BU006,Systems Administrator,Employee
E006789,BU007,Data Engineer,Employee
E006790,BU003,Branch Manager,Employee
E006791,BU007,Financial Advisor,Employee
E006792,BU001,Network Engineer,Employee
E006793,BU001,Financial Advisor,Employee
E006794,BU001,Branch Manager,Employee
E006795,BU002,Security Analyst,Employee
E006796,BU001,Network Engineer,Employee
E006797,BU010,Data Engineer,Employee
E006798,BU001,Operations Analyst,Employee
E006799,BU001,Data Engineer,Employee
E006800,BU002,Systems Administrator,Employee
E006801,BU001,Network Engineer,Employee
E006802,BU001,Financial Advisor,Contractor
E006803,BU001,Software Engineer,Employee
E006804,BU002,Branch Manager,Employee
E006805,BU002,Network Engineer,Employee
E006806,BU006,Operations Analyst,Employee
E006807,BU004,Customer Service Rep,Employee
E006808,BU002,Network Engineer,Employee
E006809,BU001,Systems Administrator,Employee
E006810,BU001,Software Engineer,Employee
E006811,BU005,Customer Service Rep,Employee
E006812,BU001,Network Engineer,Employee
E006813,BU001,Network Engineer,Contractor
E006814,BU006,Data Engineer,Employee
E006815,BU002,Risk Analyst,Employee
E006816,BU001,Financial Advisor,Employee
E006817,BU001,Risk Analyst,Employee
E006818,BU009,Data Engineer,Employee
E006819,BU007,Customer Service Rep,Employee
E006820,BU004,Risk Analyst,Employee
E006821,BU002,Branch Manager,Employee
E006822,BU002,Branch Manager,Employee
E006823,BU010,Network Engineer,Employee
E006824,BU010,Financial Advisor,Employee
E006825,BU001,Security Analyst,Employee
E006826,BU006,Network Engineer,Employee
E006827,BU001,Network Engineer,Employee
E006828,BU001,Branch Manager,Contractor
E006829,BU004,Branch Manager,Employee
E006830,BU001,Customer Service Rep,Employee
E006831,BU009,Customer Service Rep,Employee
E006832,BU001,Data Engineer,Employee
E006833,BU002,Risk Analyst,Employee
E006834,BU009,Network Engineer,Employee
E006835,BU009,Customer Service Rep,Employee
E006836,BU001,Data Engineer,Employee
E006837,BU001,Data Engineer,Employee
E006838,BU003,Security Analyst,Employee
E006839,BU001,Risk Analyst,Employee
E006840,BU010,Security Analyst,Employee
E006841,BU009,Customer Service Rep,Contractor
E006842,BU001,Software Engineer,Employee
E006843,BU001,Customer Service Rep,Employee
E006844,BU001,Systems Administrator,Employee
E006845,BU009,Software Engineer,Employee
E006846,BU001,Network Engineer,Employee
E006847,BU001,Customer Service Rep,Employee
E006848,BU002,Risk Analyst,Employee
E006849,BU003,Data Engineer,Employee
E006850,BU001,Branch Manager,Employee
E006851,BU001,Financial Advisor,Employee
E006852,BU009,Software Engineer,Employee
E006853,BU009,Financial Advisor,Employee
E006854,BU006,Systems Administrator,Employee
E006855,BU001,Systems Administrator,Contractor
E006856,BU001,Operations Analyst,Employee
E006857,BU003,Network Engineer,Employee
E006858,BU001,Risk Analyst,Employee
E006859,BU009,Operations Analyst,Employee
E006860,BU003,Risk Analyst,Employee
E006861,BU001,Network Engineer,Contractor
E006862,BU009,Branch Manager,Employee
E006863,BU009,Financial Advisor,Employee
E006864,BU001,Data Engineer,Employee
E006865,BU002,Operations Analyst,Employee
E006866,BU001,Systems Administrator,Contractor
E006867,BU001,Systems Administrator,Employee
E006868,BU001,Data Engineer,Contractor
E006869,BU003,Systems Administrator,Employee
E006870,BU009,Risk Analyst,Employee
E006871,BU002,Branch Manager,Employee
E006872,BU001,Branch Manager,Employee
E006873,BU003,Risk Analyst,Employee
E006874,BU001,Security Analyst,Employee
E006875,BU007,Risk Analyst,Employee
E006876,BU002,Network Engineer,Employee
E006877,BU001,Operations Analyst,Employee
E006878,BU001,Systems Administrator,Employee
E006879,BU005,Risk Analyst,Employee
E006880,BU001,Customer Service Rep,Employee
E006881,BU005,Software Engineer,Employee
E006882,BU001,Customer Service Rep,Employee
E006883,BU001,Systems Administrator,Employee
E006884,BU002,Branch Manager,Employee
E006885,BU009,Network Engineer,Employee
E006886,BU009,Network Engineer,Employee
E006887,BU001,Network Engineer,Employee
E006888,BU001,Software Engineer,Employee
E006889,BU001,Security Analyst,Employee
E006890,BU002,Data Engineer,Employee
E006891,BU002,Customer Service Rep,Employee
E006892,BU009,Data Engineer,Employee
E006893,BU009,Operations Analyst,Contractor
E006894,BU001,Risk Analyst,Employee
E006895,BU002,Operations Analyst,Contractor
E006896,BU009,Branch Manager,Contractor
E006897,BU006,Customer Service Rep,Employee
E006898,BU001,Operations Analyst,Employee
E006899,BU001,Security Analyst,Contractor
E006900,BU002,Data Engineer,Employee
E006901,BU001,Risk Analyst,Employee
E006902,BU001,Systems Administrator,Employee
E006903,BU001,Security Analyst,Employee
E006904,BU003,Branch Manager,Employee
E006905,BU001,Risk Analyst,Employee
E006906,BU001,Risk Analyst,Employee
E006907,BU001,Financial Advisor,Employee
E006908,BU006,Branch Manager,Employee
E006909,BU007,Security Analyst,Employee
E006910,BU002,Security Analyst,Employee
E006911,BU001,Risk Analyst,Contractor
E006912,BU010,Systems Administrator,Employee
E006913,BU001,Risk Analyst,Employee
E006914,BU001,Operations Analyst,Employee
E006915,BU001,Risk Analyst,Contractor
E006916,BU001,Software Engineer,Employee
E006917,BU001,Data Engineer,Employee
E006918,BU009,Systems Administrator,Employee
E006919,BU003,Systems Administrator,Employee
E006920,BU001,Operations Analyst,Employee
E006921,BU009,Customer Service Rep,Employee
E006922,BU001,Software Engineer,Employee
E006923,BU001,Risk Analyst,Employee
E006924,BU003,Network Engineer,Employee
E006925,BU003,Risk Analyst,Employee
E006926,BU001,Systems Administrator,Employee
E006927,BU001,Network Engineer,Employee
E006928,BU003,Risk Analyst,Employee
E006929,BU004,Software Engineer,Employee
E006930,BU003,Risk Analyst,Employee
E006931,BU001,Financial Advisor,Employee
E006932,BU001,Security Analyst,Employee
E006933,BU002,Financial Advisor,Employee
E006934,BU001,Financial Advisor,Employee
E006935,BU009,Financial Advisor,Contractor
E006936,BU002,Risk Analyst,Employee
E006937,BU001,Operations Analyst,Employee
E006938,BU005,Financial Advisor,Contractor
E006939,BU002,Systems Administrator,Employee
E006940,BU001,Software Engineer,Employee
E006941,BU006,Customer Service Rep,Employee
E006942,BU008,Financial Advisor,Employee
E006943,BU004,Data Engineer,Employee
E006944,BU001,Operations Analyst,Employee
E006945,BU003,Software Engineer,Employee
E006946,BU005,Data Engineer,Employee
E006947,BU001,Branch Manager,Employee
E006948,BU001,Software Engineer,Employee
E006949,BU008,Operations Analyst,Contractor
E006950,BU001,Financial Advisor,Employee
E006951,BU005,Customer Service Rep,Contractor
E006952,BU002,Network Engineer,Employee
E006953,BU002,Operations Analyst,Employee
E006954,BU001,Risk Analyst,Employee
E006955,BU006,Branch Manager,Employee
E006956,BU001,Network Engineer,Employee
E006957,BU003,Branch Manager,Employee
E006958,BU004,Data Engineer,Employee
E006959,BU004,Branch Manager,Employee
E006960,BU009,Financial Advisor,Employee
E006961,BU002,Security Analyst,Employee
E006962,BU001,Software Engineer,Employee
E006963,BU009,Branch Manager,Employee
E006964,BU003,Branch Manager,Employee
E006965,BU001,Security Analyst,Employee
E006966,BU001,Security Analyst,Employee
E006967,BU007,Software Engineer,Employee
E006968,BU001,Software Engineer,Employee
E006969,BU004,Operations Analyst,Employee
E006970,BU002,Customer Service Rep,Employee
E006971,BU001,Customer Service Rep,Employee
E006972,BU003,Systems Administrator,Employee
E006973,BU001,Security Analyst,Employee
E006974,BU001,Network Engineer,Employee
E006975,BU003,Network Engineer,Employee
E006976,BU002,Financial Advisor,Employee
E006977,BU005,Customer Service Rep,Contractor
E006978,BU007,Operations Analyst,Employee
E006979,BU005,Network Engineer,Employee
E006980,BU001,Software Engineer,Employee
E006981,BU001,Branch Manager,Employee
E006982,BU002,Branch Manager,Employee
E006983,BU009,Software Engineer,Employee
E006984,BU007,Data Engineer,Employee
E006985,BU007,Data Engineer,Contractor
E006986,BU001,Branch Manager,Employee
E006987,BU002,Financial Advisor,Employee
E006988,BU002,Systems Administrator,Employee
E006989,BU001,Operations Analyst,Employee
E006990,BU001,Network Engineer,Employee
E006991,BU009,Branch Manager,Employee
E006992,BU001,Security Analyst,Contractor
E006993,BU001,Software Engineer,Employee
E006994,BU001,Risk Analyst,Employee
E006995,BU009,Systems Administrator,Employee
E006996,BU003,Branch Manager,Employee
E006997,BU004,Customer Service Rep,Employee
E006998,BU009,Financial Advisor,Employee
E006999,BU001,Customer Service Rep,Employee
E007000,BU003,Operations Analyst,Employee
E007001,BU001,Network Engineer,Employee
E007002,BU001,Branch Manager,Employee
E007003,BU007,Risk Analyst,Employee
E007004,BU005,Customer Service Rep,Employee
E007005,BU001,Software Engineer,Contractor
E007006,BU001,Security Analyst,Employee
E007007,BU002,Financial Advisor,Employee
E007008,BU001,Risk Analyst,Employee
E007009,BU001,Network Engineer,Employee
E007010,BU001,Operations Analyst,Employee
E007011,BU001,Financial Advisor,Employee
E007012,BU006,Financial Advisor,Employee
E007013,BU001,Data Engineer,Contractor
E007014,BU001,Data Engineer,Employee
E007015,BU002,Operations Analyst,Contractor
E007016,BU008,Data Engineer,Contractor
E007017,BU001,Risk Analyst,Employee
E007018,BU001,Risk Analyst,Employee
E007019,BU001,Systems Administrator,Employee
E007020,BU005,Network Engineer,Employee
E007021,BU003,Operations Analyst,Employee
E007022,BU006,Security Analyst,Employee
E007023,BU009,Risk Analyst,Employee
E007024,BU006,Systems Administrator,Employee
E007025,BU003,Security Analyst,Employee
E007026,BU002,Customer Service Rep,Employee
E007027,BU001,Operations Analyst,Employee
E007028,BU010,Security Analyst,Employee
E007029,BU001,Customer Service Rep,Employee
E007030,BU001,Security Analyst,Employee
E007031,BU004,Customer Service Rep,Employee
E007032,BU001,Financial Advisor,Employee
E007033,BU003,Network Engineer,Employee
E007034,BU003,Risk Analyst,Employee
E007035,BU002,Financial Advisor,Employee
E007036,BU007,Data Engineer,Employee
E007037,BU001,Risk Analyst,Employee
E007038,BU002,Network Engineer,Employee
E007039,BU002,Customer Service Rep,Employee
E007040,BU004,Data Engineer,Employee
E007041,BU006,Data Engineer,Employee
E007042,BU001,Risk Analyst,Employee
E007043,BU003,Customer Service Rep,Employee
E007044,BU001,Branch Manager,Employee
E007045,BU009,Software Engineer,Employee
E007046,BU001,Software Engineer,Employee
E007047,BU004,Branch Manager,Employee
E007048,BU001,Operations Analyst,Employee
E007049,BU001,Network Engineer,Employee
E007050,BU002,Customer Service Rep,Employee
E007051,BU008,Risk Analyst,Employee
E007052,BU002,Network Engineer,Contractor
E007053,BU009,Network Engineer,Employee
E007054,BU002,Branch Manager,Employee
E007055,BU002,Risk Analyst,Employee
E007056,BU001,Operations Analyst,Employee
E007057,BU006,Risk Analyst,Employee
E007058,BU001,Customer Service Rep,Employee
E007059,BU009,Operations Analyst,Employee
E007060,BU009,Risk Analyst,Employee
E007061,BU009,Customer Service Rep,Employee
E007062,BU002,Customer Service Rep,Contractor
E007063,BU004,Security Analyst,Employee
E007064,BU005,Financial Advisor,Employee
E007065,BU001,Financial Advisor,Employee
E007066,BU003,Network Engineer,Employee
E007067,BU001,Operations Analyst,Employee
E007068,BU002,Systems Administrator,Employee
E007069,BU001,Network Engineer,Employee
E007070,BU001,Systems Administrator,Employee
E007071,BU001,Risk Analyst,Employee
E007072,BU002,Customer Service Rep,Contractor
E007073,BU003,Security Analyst,Employee
E007074,BU001,Systems Administrator,Employee
E007075,BU002,Software Engineer,Employee
E007076,BU001,Systems Administrator,Employee
E007077,BU003,Systems Administrator,Employee
E007078,BU003,Operations Analyst,Employee
E007079,BU003,Financial Advisor,Employee
E007080,BU004,Security Analyst,Employee
E007081,BU001,Data Engineer,Employee
E007082,BU005,Operations Analyst,Employee
E007083,BU002,Software Engineer,Employee
E007084,BU002,Customer Service Rep,Employee
E007085,BU003,Operations Analyst,Employee
E007086,BU001,Branch Manager,Employee
E007087,BU003,Network Engineer,Employee
E007088,BU003,Operations Analyst,Employee
E007089,BU001,Financial Advisor,Employee
E007090,BU001,Financial Advisor,Employee
E007091,BU001,Financial Advisor,Employee
E007092,BU009,Operations Analyst,Employee
E007093,BU004,Financial Advisor,Employee
E007094,BU001,Customer Service Rep,Employee
E007095,BU001,Systems Administrator,Employee
E007096,BU003,Operations Analyst,Employee
E007097,BU007,Financial Advisor,Employee
E007098,BU001,Branch Manager,Employee
E007099,BU001,Operations Analyst,Employee
E007100,BU008,Risk Analyst,Employee
E007101,BU001,Systems Administrator,Employee
E007102,BU001,Systems Administrator,Employee
E007103,BU009,Operations Analyst,Employee
E007104,BU003,Risk Analyst,Employee
E007105,BU001,Customer Service Rep,Employee
E007106,BU001,Operations Analyst,Employee
E007107,BU001,Risk Analyst,Employee
E007108,BU001,Financial Advisor,Contractor
E007109,BU008,Financial Advisor,Employee
E007110,BU001,Financial Advisor,Contractor
E007111,BU004,Branch Manager,Employee
E007112,BU009,Operations Analyst,Employee
E007113,BU001,Network Engineer,Employee
E007114,BU001,Operations Analyst,Employee
E007115,BU002,Network Engineer,Employee
E007116,BU009,Customer Service Rep,Employee
E007117,BU006,Systems Administrator,Employee
E007118,BU001,Software Engineer,Employee
E007119,BU004,Network Engineer,Contractor
E007120,BU003,Network Engineer,Employee
E007121,BU009,Software Engineer,Employee
E007122,BU001,Financial Advisor,Employee
E007123,BU002,Network Engineer,Employee
E007124,BU008,Risk Analyst,Employee
E007125,BU001,Software Engineer,Employee
E007126,BU002,Systems Administrator,Employee
E007127,BU001,Network Engineer,Employee
E007128,BU001,Operations Analyst,Employee
E007129,BU001,Financial Advisor,Contractor
E007130,BU009,Data Engineer,Employee
E007131,BU001,Branch Manager,Contractor
E007132,BU002,Systems Administrator,Employee
E007133,BU004,Data Engineer,Employee
E007134,BU001,Network Engineer,Employee
E007135,BU002,Risk Analyst,Employee
E007136,BU004,Software Engineer,Contractor
E007137,BU008,Risk Analyst,Contractor
E007138,BU003,Systems Administrator,Employee
E007139,BU004,Data Engineer,Employee
E007140,BU001,Customer Service Rep,Employee
E007141,BU009,Branch Manager,Employee
E007142,BU001,Security Analyst,Employee
E007143,BU005,Systems Administrator,Employee
E007144,BU001,Network Engineer,Employee
E007145,BU009,Systems Administrator,Employee
E007146,BU004,Operations Analyst,Employee
E007147,BU005,Network Engineer,Employee
E007148,BU001,Risk Analyst,Employee
E007149,BU002,Data Engineer,Contractor
E007150,BU003,Branch Manager,Employee
E007151,BU005,Branch Manager,Employee
E007152,BU001,Risk Analyst,Employee
E007153,BU010,Data Engineer,Employee
E007154,BU009,Customer Service Rep,Employee
E007155,BU001,Financial Advisor,Employee
E007156,BU007,Branch Manager,Employee
E007157,BU002,Systems Administrator,Employee
E007158,BU002,Systems Administrator,Employee
E007159,BU001,Financial Advisor,Employee
E007160,BU003,Financial Advisor,Contractor
E007161,BU004,Network Engineer,Contractor
E007162,BU001,Branch Manager,Employee
E007163,BU003,Data Engineer,Employee
E007164,BU004,Financial Advisor,Employee
E007165,BU004,Data Engineer,Employee
E007166,BU001,Software Engineer,Employee
E007167,BU007,Systems Administrator,Employee
E007168,BU002,Risk Analyst,Employee
E007169,BU001,Customer Service Rep,Employee
E007170,BU001,Operations Analyst,Employee
E007171,BU002,Security Analyst,Employee
E007172,BU008,Customer Service Rep,Contractor
E007173,BU001,Software Engineer,Employee
E007174,BU005,Risk Analyst,Employee
E007175,BU001,Software Engineer,Employee
E007176,BU002,Network Engineer,Contractor
E007177,BU010,Data Engineer,Employee
E007178,BU005,Customer Service Rep,Employee
E007179,BU001,Security Analyst,Employee
E007180,BU002,Operations Analyst,Employee
E007181,BU001,Operations Analyst,Employee
E007182,BU001,Customer Service Rep,Employee
E007183,BU006,Financial Advisor,Employee
E007184,BU005,Operations Analyst,Employee
E007185,BU001,Network Engineer,Employee
E007186,BU009,Data Engineer,Employee
E007187,BU003,Operations Analyst,Employee
E007188,BU001,Financial Advisor,Employee
E007189,BU002,Customer Service Rep,Employee
E007190,BU003,Systems Administrator,Employee
E007191,BU003,Operations Analyst,Employee
E007192,BU002,Branch Manager,Contractor
E007193,BU002,Security Analyst,Employee
E007194,BU001,Data Engineer,Employee
E007195,BU006,Data Engineer,Employee
E007196,BU003,Customer Service Rep,Employee
E007197,BU001,Network Engineer,Contractor
E007198,BU005,Data Engineer,Employee
E007199,BU009,Security Analyst,Employee
E007200,BU009,Data Engineer,Employee
E007201,BU001,Risk Analyst,Employee
E007202,BU001,Data Engineer,Employee
E007203,BU002,Financial Advisor,Employee
E007204,BU001,Customer Service Rep,Employee
E007205,BU009,Data Engineer,Employee
E007206,BU001,Operations Analyst,Employee
E007207,BU001,Operations Analyst,Employee
E007208,BU001,Data Engineer,Employee
E007209,BU001,Systems Administrator,Employee
E007210,BU006,Customer Service Rep,Employee
E007211,BU002,Data Engineer,Employee
E007212,BU001,Branch Manager,Contractor
E007213,BU001,Financial Advisor,Employee
E007214,BU002,Financial Advisor,Contractor
E007215,BU001,Financial Advisor,Employee
E007216,BU003,Financial Advisor,Employee
E007217,BU003,Security Analyst,Employee
E007218,BU004,Branch Manager,Employee
E007219,BU009,Systems Administrator,Employee
E007220,BU009,Systems Administrator,Employee
E007221,BU009,Branch Manager,Employee
E007222,BU001,Branch Manager,Employee
E007223,BU001,Financial Advisor,Employee
E007224,BU001,Security Analyst,Employee
E007225,BU009,Systems Administrator,Employee
E007226,BU010,Software Engineer,Employee
E007227,BU007,Data Engineer,Employee
E007228,BU001,Operations Analyst,Employee
E007229,BU009,Financial Advisor,Employee
E007230,BU002,Systems Administrator,Employee
E007231,BU001,Systems Administrator,Employee
E007232,BU002,Systems Administrator,Employee
E007233,BU001,Risk Analyst,Employee
E007234,BU003,Operations Analyst,Employee
E007235,BU001,Security Analyst,Employee
E007236,BU002,Systems Administrator,Employee
E007237,BU003,Customer Service Rep,Employee
E007238,BU008,Software Engineer,Employee
E007239,BU004,Systems Administrator,Employee
E007240,BU002,Risk Analyst,Employee
E007241,BU006,Customer Service Rep,Employee
E007242,BU009,Systems Administrator,Employee
E007243,BU001,Operations Analyst,Contractor
E007244,BU002,Operations Analyst,Employee
E007245,BU001,Operations Analyst,Employee
E007246,BU001,Network Engineer,Employee
E007247,BU004,Security Analyst,Employee
E007248,BU008,Risk Analyst,Employee
E007249,BU001,Data Engineer,Employee
E007250,BU006,Risk Analyst,Contractor
E007251,BU007,Risk Analyst,Employee
E007252,BU009,Network Engineer,Employee
E007253,BU001,Customer Service Rep,Employee
E007254,BU009,Security Analyst,Employee
E007255,BU001,Data Engineer,Employee
E007256,BU003,Security Analyst,Contractor
E007257,BU001,Customer Service Rep,Employee
E007258,BU001,Network Engineer,Employee
E007259,BU004,Data Engineer,Employee
E007260,BU002,Software Engineer,Employee
E007261,BU001,Operations Analyst,Employee
E007262,BU001,Systems Administrator,Employee
E007263,BU004,Data Engineer,Employee
E007264,BU001,Systems Administrator,Employee
E007265,BU006,Risk Analyst,Employee
E007266,BU001,Branch Manager,Employee
E007267,BU001,Branch Manager,Contractor
E007268,BU001,Systems Administrator,Employee
E007269,BU002,Customer Service Rep,Employee
E007270,BU001,Security Analyst,Employee
E007271,BU001,Network Engineer,Employee
E007272,BU010,Systems Administrator,Employee
E007273,BU003,Software Engineer,Employee
E007274,BU001,Risk Analyst,Employee
E007275,BU002,Network Engineer,Employee
E007276,BU008,Network Engineer,Employee
E007277,BU001,Data Engineer,Employee
E007278,BU001,Branch Manager,Employee
E007279,BU005,Customer Service Rep,Employee
E007280,BU003,Security Analyst,Employee
E007281,BU003,Data Engineer,Employee
E007282,BU001,Customer Service Rep,Contractor
E007283,BU001,Data Engineer,Employee
E007284,BU003,Security Analyst,Employee
E007285,BU001,Software Engineer,Employee
E007286,BU002,Financial Advisor,Employee
E007287,BU003,Data Engineer,Employee
E007288,BU001,Network Engineer,Employee
E007289,BU009,Customer Service Rep,Contractor
E007290,BU007,Branch Manager,Employee
E007291,BU004,Data Engineer,Employee
E007292,BU001,Network Engineer,Employee
E007293,BU001,Security Analyst,Employee
E007294,BU002,Security Analyst,Contractor
E007295,BU001,Operations Analyst,Employee
E007296,BU010,Risk Analyst,Employee
E007297,BU001,Branch Manager,Employee
E007298,BU002,Network Engineer,Employee
E007299,BU001,Operations Analyst,Employee
E007300,BU003,Security Analyst,Employee
E007301,BU001,Systems Administrator,Contractor
E007302,BU002,Operations Analyst,Employee
E007303,BU001,Software Engineer,Employee
E007304,BU008,Network Engineer,Employee
E007305,BU001,Financial Advisor,Contractor
E007306,BU009,Customer Service Rep,Employee
E007307,BU007,Systems Administrator,Employee
E007308,BU001,Customer Service Rep,Employee
E007309,BU006,Systems Administrator,Contractor
E007310,BU001,Operations Analyst,Employee
E007311,BU010,Financial Advisor,Employee
E007312,BU002,Customer Service Rep,Employee
E007313,BU001,Security Analyst,Contractor
E007314,BU001,Software Engineer,Contractor
E007315,BU001,Software Engineer,Employee
E007316,BU010,Network Engineer,Contractor
E007317,BU001,Security Analyst,Employee
E007318,BU003,Risk Analyst,Employee
E007319,BU002,Operations Analyst,Employee
E007320,BU009,Security Analyst,Contractor
E007321,BU001,Software Engineer,Employee
E007322,BU002,Customer Service Rep,Employee
E007323,BU002,Operations Analyst,Employee
E007324,BU004,Data Engineer,Employee
E007325,BU001,Network Engineer,Employee
E007326,BU001,Customer Service Rep,Employee
E007327,BU001,Software Engineer,Employee
E007328,BU004,Systems Administrator,Employee
E007329,BU001,Security Analyst,Contractor
E007330,BU003,Operations Analyst,Employee
E007331,BU001,Systems Administrator,Employee
E007332,BU008,Systems Administrator,Employee
E007333,BU009,Systems Administrator,Employee
E007334,BU002,Software Engineer,Employee
E007335,BU001,Financial Advisor,Employee
E007336,BU001,Branch Manager,Contractor
E007337,BU001,Customer Service Rep,Employee
E007338,BU001,Customer Service Rep,Employee
E007339,BU003,Operations Analyst,Contractor
E007340,BU002,Network Engineer,Contractor
E007341,BU009,Systems Administrator,Employee
E007342,BU001,Security Analyst,Employee
E007343,BU004,Risk Analyst,Employee
E007344,BU002,Data Engineer,Employee
E007345,BU002,Financial Advisor,Employee
E007346,BU001,Software Engineer,Employee
E007347,BU002,Security Analyst,Employee
E007348,BU002,Financial Advisor,Employee
E007349,BU004,Customer Service Rep,Employee
E007350,BU009,Network Engineer,Employee
E007351,BU001,Software Engineer,Employee
E007352,BU001,Security Analyst,Employee
E007353,BU002,Branch Manager,Employee
E007354,BU003,Security Analyst,Employee
E007355,BU001,Data Engineer,Employee
E007356,BU005,Customer Service Rep,Employee
E007357,BU010,Branch Manager,Employee
E007358,BU009,Systems Administrator,Employee
E007359,BU001,Risk Analyst,Employee
E007360,BU008,Risk Analyst,Employee
E007361,BU004,Risk Analyst,Employee
E007362,BU002,Software Engineer,Employee
E007363,BU003,Systems Administrator,Employee
E007364,BU007,Operations Analyst,Employee
E007365,BU002,Systems Administrator,Employee
E007366,BU001,Data Engineer,Employee
E007367,BU002,Customer Service Rep,Employee
E007368,BU003,Network Engineer,Employee
E007369,BU001,Branch Manager,Employee
E007370,BU009,Systems Administrator,Contractor
E007371,BU004,Data Engineer,Contractor
E007372,BU003,Data Engineer,Employee
E007373,BU001,Security Analyst,Employee
E007374,BU003,Risk Analyst,Employee
E007375,BU001,Network Engineer,Employee
E007376,BU001,Operations Analyst,Employee
E007377,BU002,Security Analyst,Employee
E007378,BU001,Customer Service Rep,Contractor
E007379,BU003,Customer Service Rep,Employee
E007380,BU001,Security Analyst,Employee
E007381,BU002,Systems Administrator,Employee
E007382,BU001,Security Analyst,Employee
E007383,BU010,Risk Analyst,Employee
E007384,BU003,Risk Analyst,Employee
E007385,BU004,Systems Administrator,Employee
E007386,BU001,Security Analyst,Employee
E007387,BU001,Customer Service Rep,Employee
E007388,BU010,Security Analyst,Employee
E007389,BU001,Financial Advisor,Contractor
E007390,BU002,Branch Manager,Employee
E007391,BU003,Network Engineer,Employee
E007392,BU001,Branch Manager,Contractor
E007393,BU006,Branch Manager,Employee
E007394,BU002,Branch Manager,Employee
E007395,BU001,Software Engineer,Employee
E007396,BU001,Software Engineer,Employee
E007397,BU001,Operations Analyst,Employee
E007398,BU009,Systems Administrator,Employee
E007399,BU004,Operations Analyst,Employee
E007400,BU001,Financial Advisor,Employee
E007401,BU001,Operations Analyst,Employee
E007402,BU004,Systems Administrator,Employee
E007403,BU003,Network Engineer,Contractor
E007404,BU001,Branch Manager,Employee
E007405,BU001,Systems Administrator,Employee
E007406,BU001,Operations Analyst,Employee
E007407,BU004,Branch Manager,Employee
E007408,BU010,Network Engineer,Contractor
E007409,BU001,Operations Analyst,Contractor
E007410,BU003,Data Engineer,Employee
E007411,BU002,Operations Analyst,Employee
E007412,BU002,Software Engineer,Employee
E007413,BU001,Branch Manager,Contractor
E007414,BU007,Risk Analyst,Employee
E007415,BU002,Network Engineer,Employee
E007416,BU003,Customer Service Rep,Employee
E007417,BU001,Software Engineer,Employee
E007418,BU001,Software Engineer,Employee
E007419,BU001,Security Analyst,Employee
E007420,BU004,Customer Service Rep,Contractor
E007421,BU001,Data Engineer,Contractor
E007422,BU004,Operations Analyst,Employee
E007423,BU001,Security Analyst,Contractor
E007424,BU001,Systems Administrator,Employee
E007425,BU002,Software Engineer,Employee
E007426,BU001,Data Engineer,Employee
E007427,BU001,Customer Service Rep,Employee
E007428,BU001,Data Engineer,Employee
E007429,BU004,Financial Advisor,Employee
E007430,BU004,Financial Advisor,Contractor
E007431,BU001,Network Engineer,Employee
E007432,BU002,Financial Advisor,Employee
E007433,BU001,Software Engineer,Employee
E007434,BU001,Network Engineer,Employee
E007435,BU001,Financial Advisor,Employee
E007436,BU009,Operations Analyst,Employee
E007437,BU001,Operations Analyst,Contractor
E007438,BU001,Customer Service Rep,Employee
E007439,BU001,Operations Analyst,Employee
E007440,BU001,Network Engineer,Employee
E007441,BU003,Data Engineer,Employee
E007442,BU001,Branch Manager,Contractor
E007443,BU001,Operations Analyst,Employee
E007444,BU003,Security Analyst,Employee
E007445,BU001,Financial Advisor,Employee
E007446,BU004,Network Engineer,Contractor
E007447,BU003,Systems Administrator,Employee
E007448,BU001,Operations Analyst,Employee
E007449,BU003,Systems Administrator,Employee
E007450,BU001,Security Analyst,Contractor
E007451,BU002,Software Engineer,Employee
E007452,BU002,Software Engineer,Contractor
E007453,BU001,Financial Advisor,Employee
E007454,BU003,Branch Manager,Employee
E007455,BU008,Operations Analyst,Employee
E007456,BU010,Financial Advisor,Employee
E007457,BU003,Branch Manager,Employee
E007458,BU001,Systems Administrator,Employee
E007459,BU001,Security Analyst,Employee
E007460,BU001,Financial Advisor,Employee
E007461,BU002,Software Engineer,Employee
E007462,BU001,Data Engineer,Employee
E007463,BU009,Network Engineer,Contractor
E007464,BU001,Systems Administrator,Employee
E007465,BU001,Customer Service Rep,Employee
E007466,BU001,Network Engineer,Employee
E007467,BU007,Security Analyst,Employee
E007468,BU003,Branch Manager,Employee
E007469,BU003,Systems Administrator,Employee
E007470,BU001,Risk Analyst,Contractor
E007471,BU006,Network Engineer,Employee
E007472,BU001,Data Engineer,Employee
E007473,BU008,Operations Analyst,Employee
E007474,BU002,Operations Analyst,Employee
E007475,BU001,Risk Analyst,Employee
E007476,BU002,Customer Service Rep,Employee
E007477,BU004,Network Engineer,Employee
E007478,BU001,Risk Analyst,Employee
E007479,BU008,Customer Service Rep,Employee
E007480,BU002,Operations Analyst,Employee
E007481,BU001,Systems Administrator,Employee
E007482,BU001,Risk Analyst,Employee
E007483,BU002,Financial Advisor,Employee
E007484,BU002,Security Analyst,Employee
E007485,BU001,Data Engineer,Employee
E007486,BU004,Network Engineer,Employee
E007487,BU002,Financial Advisor,Employee
E007488,BU010,Security Analyst,Employee
E007489,BU003,Customer Service Rep,Employee
E007490,BU006,Security Analyst,Contractor
E007491,BU001,Customer Service Rep,Employee
E007492,BU001,Network Engineer,Employee
E007493,BU001,Customer Service Rep,Employee
E007494,BU003,Network Engineer,Employee
E007495,BU008,Branch Manager,Employee
E007496,BU001,Systems Administrator,Employee
E007497,BU001,Operations Analyst,Employee
E007498,BU007,Network Engineer,Employee
E007499,BU001,Software Engineer,Contractor
E007500,BU004,Branch Manager,Employee
E007501,BU003,Systems Administrator,Employee
E007502,BU007,Software Engineer,Contractor
E007503,BU001,Financial Advisor,Contractor
E007504,BU001,Software Engineer,Employee
E007505,BU003,Systems Administrator,Employee
E007506,BU009,Data Engineer,Contractor
E007507,BU001,Customer Service Rep,Employee
E007508,BU001,Customer Service Rep,Employee
E007509,BU003,Financial Advisor,Employee
E007510,BU009,Systems Administrator,Employee
E007511,BU007,Branch Manager,Employee
E007512,BU010,Network Engineer,Employee
E007513,BU001,Security Analyst,Employee
E007514,BU001,Network Engineer,Employee
E007515,BU003,Financial Advisor,Employee
E007516,BU007,Systems Administrator,Employee
E007517,BU001,Software Engineer,Employee
E007518,BU001,Data Engineer,Employee
E007519,BU006,Financial Advisor,Contractor
E007520,BU001,Data Engineer,Employee
E007521,BU001,Systems Administrator,Employee
E007522,BU002,Security Analyst,Employee
E007523,BU003,Systems Administrator,Employee
E007524,BU004,Risk Analyst,Employee
E007525,BU001,Operations Analyst,Contractor
E007526,BU003,Operations Analyst,Employee
E007527,BU003,Operations Analyst,Employee
E007528,BU003,Operations Analyst,Employee
E007529,BU003,Software Engineer,Employee
E007530,BU001,Customer Service Rep,Employee
E007531,BU001,Risk Analyst,Employee
E007532,BU001,Financial Advisor,Contractor
E007533,BU001,Network Engineer,Employee
E007534,BU002,Software Engineer,Employee
E007535,BU007,Branch Manager,Employee
E007536,BU004,Security Analyst,Employee
E007537,BU006,Software Engineer,Employee
E007538,BU001,Systems Administrator,Employee
E007539,BU001,Network Engineer,Employee
E007540,BU001,Security Analyst,Employee
E007541,BU001,Operations Analyst,Employee
E007542,BU001,Customer Service Rep,Employee
E007543,BU003,Risk Analyst,Employee
E007544,BU010,Operations Analyst,Employee
E007545,BU001,Financial Advisor,Employee
E007546,BU001,Branch Manager,Employee
E007547,BU005,Customer Service Rep,Employee
E007548,BU001,Security Analyst,Employee
E007549,BU007,Operations Analyst,Employee
E007550,BU004,Systems Administrator,Employee
E007551,BU009,Branch Manager,Employee
E007552,BU001,Risk Analyst,Employee
E007553,BU004,Network Engineer,Employee
E007554,BU002,Operations Analyst,Employee
E007555,BU003,Financial Advisor,Employee
E007556,BU002,Network Engineer,Employee
E007557,BU001,Systems Administrator,Employee
E007558,BU002,Financial Advisor,Employee
E007559,BU002,Security Analyst,Employee
E007560,BU006,Branch Manager,Employee
E007561,BU004,Data Engineer,Employee
E007562,BU004,Security Analyst,Contractor
E007563,BU001,Financial Advisor,Employee
E007564,BU004,Operations Analyst,Employee
E007565,BU002,Systems Administrator,Employee
E007566,BU009,Operations Analyst,Employee
E007567,BU009,Customer Service Rep,Contractor
E007568,BU001,Risk Analyst,Employee
E007569,BU007,Customer Service Rep,Employee
E007570,BU001,Data Engineer,Employee
E007571,BU001,Financial Advisor,Employee
E007572,BU003,Operations Analyst,Employee
E007573,BU001,Risk Analyst,Employee
E007574,BU005,Risk Analyst,Contractor
E007575,BU001,Network Engineer,Employee
E007576,BU001,Operations Analyst,Employee
E007577,BU003,Data Engineer,Employee
E007578,BU004,Risk Analyst,Employee
E007579,BU009,Network Engineer,Employee
E007580,BU004,Customer Service Rep,Employee
E007581,BU004,Operations Analyst,Contractor
E007582,BU001,Branch Manager,Employee
E007583,BU001,Operations Analyst,Employee
E007584,BU001,Operations Analyst,Employee
E007585,BU002,Software Engineer,Employee
E007586,BU004,Operations Analyst,Employee
E007587,BU001,Security Analyst,Contractor
E007588,BU004,Systems Administrator,Employee
E007589,BU002,Customer Service Rep,Employee
E007590,BU001,Data Engineer,Employee
E007591,BU001,Risk Analyst,Employee
E007592,BU007,Systems Administrator,Employee
E007593,BU004,Systems Administrator,Employee
E007594,BU009,Network Engineer,Employee
E007595,BU001,Data Engineer,Employee
E007596,BU010,Financial Advisor,Employee
E007597,BU001,Financial Advisor,Employee
E007598,BU001,Data Engineer,Contractor
E007599,BU010,Software Engineer,Employee
E007600,BU001,Data Engineer,Employee
E007601,BU004,Risk Analyst,Employee
E007602,BU001,Data Engineer,Contractor
E007603,BU003,Software Engineer,Employee
E007604,BU009,Software Engineer,Employee
E007605,BU001,Branch Manager,Employee
E007606,BU004,Operations Analyst,Employee
E007607,BU001,Software Engineer,Employee
E007608,BU003,Software Engineer,Employee
E007609,BU001,Risk Analyst,Employee
E007610,BU001,Software Engineer,Employee
E007611,BU001,Network Engineer,Employee
E007612,BU001,Branch Manager,Employee
E007613,BU009,Network Engineer,Employee
E007614,BU001,Customer Service Rep,Employee
E007615,BU001,Security Analyst,Employee
E007616,BU002,Branch Manager,Employee
E007617,BU001,Operations Analyst,Employee
E007618,BU005,Financial Advisor,Employee
E007619,BU010,Security Analyst,Employee
E007620,BU002,Operations Analyst,Employee
E007621,BU008,Security Analyst,Contractor
E007622,BU003,Data Engineer,Employee
E007623,BU001,Data Engineer,Employee
E007624,BU004,Security Analyst,Employee
E007625,BU002,Operations Analyst,Contractor
E007626,BU003,Data Engineer,Contractor
E007627,BU008,Risk Analyst,Employee
E007628,BU002,Branch Manager,Employee
E007629,BU009,Data Engineer,Employee
E007630,BU005,Financial Advisor,Employee
E007631,BU002,Financial Advisor,Employee
E007632,BU003,Customer Service Rep,Employee
E007633,BU001,Financial Advisor,Employee
E007634,BU010,Network Engineer,Contractor
E007635,BU004,Security Analyst,Employee
E007636,BU001,Security Analyst,Employee
E007637,BU001,Security Analyst,Employee
E007638,BU003,Branch Manager,Employee
E007639,BU001,Network Engineer,Employee
E007640,BU001,Customer Service Rep,Employee
E007641,BU002,Operations Analyst,Employee
E007642,BU001,Software Engineer,Contractor
E007643,BU002,Data Engineer,Employee
E007644,BU001,Branch Manager,Contractor
E007645,BU001,Software Engineer,Employee
E007646,BU004,Software Engineer,Employee
E007647,BU002,Risk Analyst,Employee
E007648,BU001,Risk Analyst,Employee
E007649,BU001,Operations Analyst,Employee
E007650,BU003,Branch Manager,Employee
E007651,BU001,Security Analyst,Employee
E007652,BU001,Software Engineer,Employee
E007653,BU001,Software Engineer,Employee
E007654,BU006,Data Engineer,Employee
E007655,BU005,Customer Service Rep,Employee
E007656,BU005,Branch Manager,Employee
E007657,BU004,Data Engineer,Employee
E007658,BU004,Network Engineer,Contractor
E007659,BU002,Operations Analyst,Employee
E007660,BU003,Risk Analyst,Employee
E007661,BU001,Customer Service Rep,Employee
E007662,BU003,Security Analyst,Employee
E007663,BU005,Network Engineer,Employee
E007664,BU002,Customer Service Rep,Employee
E007665,BU001,Data Engineer,Employee
E007666,BU001,Network Engineer,Employee
E007667,BU003,Financial Advisor,Employee
E007668,BU004,Customer Service Rep,Employee
E007669,BU008,Systems Administrator,Employee
E007670,BU001,Operations Analyst,Employee
E007671,BU005,Systems Administrator,Employee
E007672,BU003,Software Engineer,Employee
E007673,BU008,Branch Manager,Employee
E007674,BU002,Data Engineer,Employee
E007675,BU002,Branch Manager,Employee
E007676,BU003,Security Analyst,Employee
E007677,BU005,Customer Service Rep,Employee
E007678,BU010,Risk Analyst,Employee
E007679,BU001,Risk Analyst,Employee
E007680,BU001,Financial Advisor,Contractor
E007681,BU009,Systems Administrator,Employee
E007682,BU002,Risk Analyst,Employee
E007683,BU003,Network Engineer,Employee
E007684,BU002,Software Engineer,Employee
E007685,BU001,Financial Advisor,Employee
E007686,BU005,Customer Service Rep,Employee
E007687,BU005,Operations Analyst,Employee
E007688,BU001,Operations Analyst,Employee
E007689,BU001,Branch Manager,Employee
E007690,BU007,Operations Analyst,Employee
E007691,BU001,Branch Manager,Employee
E007692,BU008,Software Engineer,Employee
E007693,BU001,Software Engineer,Employee
E007694,BU003,Risk Analyst,Employee
E007695,BU009,Operations Analyst,Employee
E007696,BU004,Branch Manager,Employee
E007697,BU001,Software Engineer,Employee
E007698,BU004,Financial Advisor,Employee
E007699,BU001,Risk Analyst,Employee
E007700,BU001,Data Engineer,Employee
E007701,BU010,Risk Analyst,Employee
E007702,BU005,Operations Analyst,Employee
E007703,BU003,Systems Administrator,Employee
E007704,BU001,Risk Analyst,Employee
E007705,BU001,Branch Manager,Contractor
E007706,BU001,Software Engineer,Employee
E007707,BU003,Software Engineer,Employee
E007708,BU005,Operations Analyst,Employee
E007709,BU002,Operations Analyst,Employee
E007710,BU007,Systems Administrator,Employee
E007711,BU001,Operations Analyst,Employee
E007712,BU001,Branch Manager,Employee
E007713,BU001,Operations Analyst,Contractor
E007714,BU002,Data Engineer,Employee
E007715,BU001,Financial Advisor,Employee
E007716,BU009,Branch Manager,Employee
E007717,BU001,Systems Administrator,Employee
E007718,BU009,Financial Advisor,Employee
E007719,BU002,Software Engineer,Contractor
E007720,BU010,Risk Analyst,Employee
E007721,BU003,Customer Service Rep,Employee
E007722,BU009,Branch Manager,Employee
E007723,BU001,Operations Analyst,Employee
E007724,BU005,Systems Administrator,Employee
E007725,BU009,Branch Manager,Employee
E007726,BU001,Branch Manager,Employee
E007727,BU001,Network Engineer,Employee
E007728,BU002,Customer Service Rep,Employee
E007729,BU009,Software Engineer,Contractor
E007730,BU003,Software Engineer,Employee
E007731,BU002,Customer Service Rep,Employee
E007732,BU001,Systems Administrator,Employee
E007733,BU001,Operations Analyst,Employee
E007734,BU006,Customer Service Rep,Employee
E007735,BU001,Security Analyst,Employee
E007736,BU003,Software Engineer,Employee
E007737,BU009,Branch Manager,Employee
E007738,BU001,Network Engineer,Employee
E007739,BU004,Systems Administrator,Employee
E007740,BU001,Systems Administrator,Employee
E007741,BU003,Financial Advisor,Contractor
E007742,BU001,Operations Analyst,Employee
E007743,BU004,Network Engineer,Employee
E007744,BU001,Systems Administrator,Employee
E007745,BU002,Operations Analyst,Employee
E007746,BU003,Operations Analyst,Employee
E007747,BU001,Risk Analyst,Employee
E007748,BU005,Financial Advisor,Employee
E007749,BU001,Financial Advisor,Employee
E007750,BU004,Software Engineer,Contractor
E007751,BU001,Financial Advisor,Employee
E007752,BU004,Software Engineer,Contractor
E007753,BU001,Systems Administrator,Employee
E007754,BU002,Branch Manager,Employee
E007755,BU001,Customer Service Rep,Employee
E007756,BU005,Operations Analyst,Employee
E007757,BU001,Systems Administrator,Employee
E007758,BU008,Systems Administrator,Employee
E007759,BU009,Branch Manager,Employee
E007760,BU001,Systems Administrator,Contractor
E007761,BU003,Risk Analyst,Employee
E007762,BU001,Security Analyst,Employee
E007763,BU001,Operations Analyst,Employee
E007764,BU004,Data Engineer,Employee
E007765,BU003,Software Engineer,Employee
E007766,BU003,Systems Administrator,Contractor
E007767,BU001,Data Engineer,Employee
E007768,BU001,Systems Administrator,Employee
E007769,BU001,Operations Analyst,Employee
E007770,BU004,Financial Advisor,Employee
E007771,BU002,Network Engineer,Employee
E007772,BU004,Security Analyst,Employee
E007773,BU001,Data Engineer,Employee
E007774,BU001,Data Engineer,Employee
E007775,BU001,Software Engineer,Employee
E007776,BU001,Operations Analyst,Employee
E007777,BU001,Data Engineer,Employee
E007778,BU006,Operations Analyst,Employee
E007779,BU009,Security Analyst,Employee
E007780,BU002,Data Engineer,Employee
E007781,BU002,Risk Analyst,Employee
E007782,BU001,Branch Manager,Employee
E007783,BU008,Network Engineer,Employee
E007784,BU001,Data Engineer,Employee
E007785,BU009,Software Engineer,Employee
E007786,BU002,Financial Advisor,Employee
E007787,BU001,Operations Analyst,Employee
E007788,BU009,Network Engineer,Contractor
E007789,BU001,Customer Service Rep,Employee
E007790,BU003,Data Engineer,Employee
E007791,BU003,Customer Service Rep,Employee
E007792,BU001,Network Engineer,Employee
E007793,BU002,Systems Administrator,Employee
E007794,BU003,Operations Analyst,Employee
E007795,BU004,Network Engineer,Employee
E007796,BU001,Risk Analyst,Employee
E007797,BU009,Customer Service Rep,Employee
E007798,BU001,Risk Analyst,Employee
E007799,BU001,Network Engineer,Employee
E007800,BU001,Customer Service Rep,Employee
E007801,BU001,Operations Analyst,Employee
E007802,BU001,Customer Service Rep,Employee
E007803,BU010,Software Engineer,Employee
E007804,BU001,Customer Service Rep,Employee
E007805,BU001,Branch Manager,Employee
E007806,BU001,Systems Administrator,Employee
E007807,BU004,Operations Analyst,Employee
E007808,BU007,Data Engineer,Employee
E007809,BU001,Financial Advisor,Employee
E007810,BU001,Branch Manager,Contractor
E007811,BU001,Risk Analyst,Employee
E007812,BU001,Security Analyst,Employee
E007813,BU001,Systems Administrator,Employee
E007814,BU002,Systems Administrator,Employee
E007815,BU001,Software Engineer,Employee
E007816,BU002,Customer Service Rep,Employee
E007817,BU001,Software Engineer,Contractor
E007818,BU009,Customer Service Rep,Employee
E007819,BU009,Network Engineer,Employee
E007820,BU003,Risk Analyst,Employee
E007821,BU001,Customer Service Rep,Employee
E007822,BU001,Risk Analyst,Employee
E007823,BU001,Risk Analyst,Contractor
E007824,BU004,Security Analyst,Employee
E007825,BU002,Branch Manager,Employee
E007826,BU007,Data Engineer,Contractor
E007827,BU009,Operations Analyst,Employee
E007828,BU001,Software Engineer,Employee
E007829,BU003,Network Engineer,Employee
E007830,BU001,Security Analyst,Employee
E007831,BU001,Operations Analyst,Employee
E007832,BU001,Security Analyst,Employee
E007833,BU001,Customer Service Rep,Employee
E007834,BU008,Financial Advisor,Employee
E007835,BU001,Operations Analyst,Employee
E007836,BU002,Operations Analyst,Employee
E007837,BU003,Network Engineer,Employee
E007838,BU004,Software Engineer,Employee
E007839,BU001,Systems Administrator,Employee
E007840,BU008,Security Analyst,Employee
E007841,BU003,Security Analyst,Employee
E007842,BU002,Network Engineer,Employee
E007843,BU001,Customer Service Rep,Employee
E007844,BU002,Customer Service Rep,Employee
E007845,BU007,Financial Advisor,Employee
E007846,BU003,Software Engineer,Employee
E007847,BU007,Branch Manager,Contractor
E007848,BU002,Data Engineer,Employee
E007849,BU001,Network Engineer,Employee
E007850,BU001,Operations Analyst,Employee
E007851,BU001,Data Engineer,Employee
E007852,BU004,Network Engineer,Employee
E007853,BU006,Data Engineer,Employee
E007854,BU001,Operations Analyst,Employee
E007855,BU002,Security Analyst,Employee
E007856,BU002,Network Engineer,Employee
E007857,BU001,Branch Manager,Employee
E007858,BU001,Branch Manager,Employee
E007859,BU001,Data Engineer,Employee
E007860,BU001,Customer Service Rep,Employee
E007861,BU001,Risk Analyst,Employee
E007862,BU001,Customer Service Rep,Employee
E007863,BU001,Risk Analyst,Employee
E007864,BU003,Operations Analyst,Employee
E007865,BU001,Customer Service Rep,Employee
E007866,BU010,Software Engineer,Contractor
E007867,BU001,Financial Advisor,Employee
E007868,BU001,Systems Administrator,Employee
E007869,BU001,Software Engineer,Employee
E007870,BU001,Risk Analyst,Employee
E007871,BU007,Risk Analyst,Contractor
E007872,BU001,Operations Analyst,Employee
E007873,BU009,Risk Analyst,Employee
E007874,BU009,Financial Advisor,Employee
E007875,BU002,Financial Advisor,Employee
E007876,BU003,Software Engineer,Employee
E007877,BU003,Risk Analyst,Employee
E007878,BU001,Systems Administrator,Employee
E007879,BU003,Risk Analyst,Employee
E007880,BU001,Security Analyst,Employee
E007881,BU001,Network Engineer,Employee
E007882,BU002,Data Engineer,Employee
E007883,BU003,Risk Analyst,Employee
E007884,BU008,Software Engineer,Contractor
E007885,BU001,Software Engineer,Contractor
E007886,BU007,Security Analyst,Employee
E007887,BU001,Software Engineer,Employee
E007888,BU001,Network Engineer,Employee
E007889,BU001,Software Engineer,Employee
E007890,BU001,Branch Manager,Employee
E007891,BU001,Operations Analyst,Employee
E007892,BU002,Risk Analyst,Employee
E007893,BU006,Software Engineer,Employee
E007894,BU002,Financial Advisor,Employee
E007895,BU002,Financial Advisor,Employee
E007896,BU007,Risk Analyst,Employee
E007897,BU004,Security Analyst,Employee
E007898,BU002,Operations Analyst,Employee
E007899,BU001,Network Engineer,Employee
E007900,BU008,Network Engineer,Employee
E007901,BU003,Software Engineer,Employee
E007902,BU001,Financial Advisor,Employee
E007903,BU001,Software Engineer,Employee
E007904,BU006,Systems Administrator,Employee
E007905,BU001,Software Engineer,Employee
E007906,BU010,Software Engineer,Employee
E007907,BU001,Customer Service Rep,Employee
E007908,BU006,Network Engineer,Employee
E007909,BU001,Systems Administrator,Employee
E007910,BU002,Customer Service Rep,Employee
E007911,BU008,Data Engineer,Employee
E007912,BU001,Systems Administrator,Employee
E007913,BU002,Data Engineer,Employee
E007914,BU001,Software Engineer,Employee
E007915,BU001,Risk Analyst,Employee
E007916,BU001,Financial Advisor,Employee
E007917,BU004,Customer Service Rep,Employee
E007918,BU001,Risk Analyst,Contractor
E007919,BU001,Security Analyst,Employee
E007920,BU001,Risk Analyst,Employee
E007921,BU003,Operations Analyst,Contractor
E007922,BU004,Financial Advisor,Employee
E007923,BU001,Branch Manager,Employee
E007924,BU001,Branch Manager,Employee
E007925,BU009,Financial Advisor,Employee
E007926,BU001,Software Engineer,Employee
E007927,BU007,Customer Service Rep,Contractor
E007928,BU008,Security Analyst,Employee
E007929,BU005,Financial Advisor,Employee
E007930,BU001,Software Engineer,Contractor
E007931,BU007,Systems Administrator,Employee
E007932,BU005,Operations Analyst,Employee
E007933,BU003,Systems Administrator,Employee
E007934,BU001,Customer Service Rep,Employee
E007935,BU001,Systems Administrator,Employee
E007936,BU001,Software Engineer,Employee
E007937,BU002,Data Engineer,Employee
E007938,BU003,Network Engineer,Employee
E007939,BU001,Network Engineer,Contractor
E007940,BU002,Systems Administrator,Employee
E007941,BU001,Operations Analyst,Employee
E007942,BU003,Systems Administrator,Employee
E007943,BU009,Systems Administrator,Employee
E007944,BU001,Software Engineer,Employee
E007945,BU001,Financial Advisor,Employee
E007946,BU001,Branch Manager,Employee
E007947,BU003,Financial Advisor,Employee
E007948,BU004,Financial Advisor,Employee
E007949,BU009,Risk Analyst,Employee
E007950,BU001,Financial Advisor,Employee
E007951,BU009,Security Analyst,Employee
E007952,BU001,Security Analyst,Employee
E007953,BU003,Financial Advisor,Employee
E007954,BU001,Operations Analyst,Contractor
E007955,BU009,Operations Analyst,Employee
E007956,BU002,Systems Administrator,Employee
E007957,BU004,Security Analyst,Employee
E007958,BU007,Security Analyst,Employee
E007959,BU001,Operations Analyst,Employee
E007960,BU001,Operations Analyst,Employee
E007961,BU008,Risk Analyst,Employee
E007962,BU001,Risk Analyst,Employee
E007963,BU001,Security Analyst,Employee
E007964,BU002,Network Engineer,Employee
E007965,BU003,Operations Analyst,Employee
E007966,BU001,Financial Advisor,Employee
E007967,BU001,Network Engineer,Employee
E007968,BU001,Software Engineer,Employee
E007969,BU002,Customer Service Rep,Employee
E007970,BU009,Security Analyst,Employee
E007971,BU010,Customer Service Rep,Employee
E007972,BU003,Branch Manager,Employee
E007973,BU001,Data Engineer,Employee
E007974,BU009,Operations Analyst,Employee
E007975,BU002,Risk Analyst,Employee
E007976,BU001,Data Engineer,Employee
E007977,BU009,Customer Service Rep,Employee
E007978,BU005,Operations Analyst,Employee
E007979,BU004,Software Engineer,Employee
E007980,BU004,Security Analyst,Employee
E007981,BU001,Network Engineer,Employee
E007982,BU001,Data Engineer,Employee
E007983,BU004,Software Engineer,Employee
E007984,BU001,Data Engineer,Employee
E007985,BU002,Network Engineer,Employee
E007986,BU006,Data Engineer,Contractor
E007987,BU006,Security Analyst,Employee
E007988,BU002,Network Engineer,Employee
E007989,BU006,Network Engineer,Employee
E007990,BU007,Risk Analyst,Employee
E007991,BU003,Security Analyst,Employee
E007992,BU001,Security Analyst,Contractor
E007993,BU001,Systems Administrator,Employee
E007994,BU001,Network Engineer,Contractor
E007995,BU001,Security Analyst,Employee
E007996,BU001,Data Engineer,Employee
E007997,BU001,Operations Analyst,Employee
E007998,BU002,Customer Service Rep,Employee
E007999,BU009,Network Engineer,Employee
E008000,BU001,Operations Analyst,Employee
E008001,BU004,Financial Advisor,Employee
E008002,BU004,Operations Analyst,Employee
E008003,BU001,Security Analyst,Employee
E008004,BU009,Systems Administrator,Employee
E008005,BU003,Software Engineer,Contractor
E008006,BU001,Customer Service Rep,Employee
E008007,BU005,Network Engineer,Employee
E008008,BU001,Branch Manager,Employee
E008009,BU004,Network Engineer,Employee
E008010,BU001,Operations Analyst,Employee
E008011,BU007,Operations Analyst,Employee
E008012,BU002,Network Engineer,Employee
E008013,BU003,Operations Analyst,Employee
E008014,BU001,Financial Advisor,Contractor
E008015,BU004,Software Engineer,Contractor
E008016,BU005,Software Engineer,Employee
E008017,BU002,Software Engineer,Employee
E008018,BU003,Risk Analyst,Contractor
E008019,BU002,Systems Administrator,Employee
E008020,BU009,Operations Analyst,Contractor
E008021,BU002,Risk Analyst,Employee
E008022,BU007,Software Engineer,Employee
E008023,BU006,Network Engineer,Employee
E008024,BU001,Operations Analyst,Employee
E008025,BU001,Risk Analyst,Contractor
E008026,BU001,Operations Analyst,Employee
E008027,BU007,Financial Advisor,Employee
E008028,BU001,Financial Advisor,Employee
E008029,BU002,Systems Administrator,Employee
E008030,BU006,Security Analyst,Employee
E008031,BU001,Branch Manager,Employee
E008032,BU003,Software Engineer,Employee
E008033,BU001,Security Analyst,Employee
E008034,BU001,Systems Administrator,Employee
E008035,BU006,Customer Service Rep,Employee
E008036,BU001,Security Analyst,Employee
E008037,BU001,Branch Manager,Employee
E008038,BU007,Branch Manager,Employee
E008039,BU001,Network Engineer,Employee
E008040,BU010,Operations Analyst,Employee
E008041,BU010,Financial Advisor,Employee
E008042,BU001,Security Analyst,Employee
E008043,BU001,Risk Analyst,Employee
E008044,BU004,Security Analyst,Employee
E008045,BU002,Branch Manager,Employee
E008046,BU001,Branch Manager,Employee
E008047,BU004,Systems Administrator,Employee
E008048,BU001,Branch Manager,Employee
E008049,BU008,Security Analyst,Employee
E008050,BU001,Systems Administrator,Employee
E008051,BU001,Data Engineer,Employee
E008052,BU001,Systems Administrator,Employee
E008053,BU010,Software Engineer,Employee
E008054,BU004,Branch Manager,Employee
E008055,BU006,Network Engineer,Employee
E008056,BU001,Operations Analyst,Employee
E008057,BU001,Risk Analyst,Employee
E008058,BU001,Software Engineer,Employee
E008059,BU002,Software Engineer,Employee
E008060,BU003,Risk Analyst,Employee
E008061,BU003,Software Engineer,Employee
E008062,BU001,Operations Analyst,Employee
E008063,BU009,Software Engineer,Employee
E008064,BU001,Security Analyst,Employee
E008065,BU010,Software Engineer,Employee
E008066,BU001,Risk Analyst,Employee
E008067,BU002,Security Analyst,Employee
E008068,BU001,Data Engineer,Employee
E008069,BU002,Risk Analyst,Employee
E008070,BU003,Security Analyst,Contractor
E008071,BU002,Operations Analyst,Employee
E008072,BU001,Software Engineer,Employee
E008073,BU004,Software Engineer,Employee
E008074,BU004,Branch Manager,Contractor
E008075,BU007,Software Engineer,Employee
E008076,BU001,Security Analyst,Employee
E008077,BU003,Data Engineer,Employee
E008078,BU003,Systems Administrator,Employee
E008079,BU001,Software Engineer,Employee
E008080,BU002,Data Engineer,Employee
E008081,BU001,Operations Analyst,Employee
E008082,BU001,Security Analyst,Employee
E008083,BU001,Risk Analyst,Employee
E008084,BU001,Financial Advisor,Employee
E008085,BU004,Operations Analyst,Employee
E008086,BU004,Software Engineer,Contractor
E008087,BU009,Branch Manager,Employee
E008088,BU004,Data Engineer,Employee
E008089,BU001,Software Engineer,Employee
E008090,BU008,Systems Administrator,Employee
E008091,BU008,Systems Administrator,Employee
E008092,BU002,Operations Analyst,Employee
E008093,BU003,Systems Administrator,Employee
E008094,BU010,Financial Advisor,Employee
E008095,BU002,Network Engineer,Employee
E008096,BU009,Financial Advisor,Contractor
E008097,BU001,Systems Administrator,Employee
E008098,BU001,Operations Analyst,Employee
E008099,BU002,Branch Manager,Employee
E008100,BU003,Security Analyst,Employee
E008101,BU006,Network Engineer,Employee
E008102,BU010,Risk Analyst,Employee
E008103,BU001,Financial Advisor,Employee
E008104,BU001,Security Analyst,Employee
E008105,BU006,Customer Service Rep,Contractor
E008106,BU003,Risk Analyst,Employee
E008107,BU001,Branch Manager,Employee
E008108,BU002,Operations Analyst,Employee
E008109,BU005,Network Engineer,Employee
E008110,BU005,Operations Analyst,Employee
E008111,BU002,Branch Manager,Employee
E008112,BU001,Systems Administrator,Employee
E008113,BU010,Branch Manager,Employee
E008114,BU004,Software Engineer,Employee
E008115,BU001,Network Engineer,Employee
E008116,BU001,Customer Service Rep,Contractor
E008117,BU004,Financial Advisor,Employee
E008118,BU001,Software Engineer,Employee
E008119,BU001,Systems Administrator,Employee
E008120,BU002,Risk Analyst,Employee
E008121,BU001,Software Engineer,Employee
E008122,BU003,Systems Administrator,Employee
E008123,BU001,Network Engineer,Employee
E008124,BU003,Software Engineer,Employee
E008125,BU001,Systems Administrator,Contractor
E008126,BU001,Financial Advisor,Employee
E008127,BU001,Data Engineer,Employee
E008128,BU009,Operations Analyst,Employee
E008129,BU008,Software Engineer,Employee
E008130,BU001,Network Engineer,Employee
E008131,BU005,Systems Administrator,Employee
E008132,BU003,Network Engineer,Employee
E008133,BU010,Systems Administrator,Employee
E008134,BU001,Customer Service Rep,Employee
E008135,BU004,Network Engineer,Employee
E008136,BU001,Security Analyst,Employee
E008137,BU001,Network Engineer,Employee
E008138,BU010,Software Engineer,Contractor
E008139,BU002,Software Engineer,Employee
E008140,BU001,Data Engineer,Employee
E008141,BU001,Risk Analyst,Employee
E008142,BU004,Data Engineer,Employee
E008143,BU003,Customer Service Rep,Employee
E008144,BU001,Data Engineer,Employee
E008145,BU009,Financial Advisor,Employee
E008146,BU001,Operations Analyst,Employee
E008147,BU001,Security Analyst,Employee
E008148,BU009,Operations Analyst,Employee
E008149,BU001,Operations Analyst,Employee
E008150,BU001,Customer Service Rep,Employee
E008151,BU002,Software Engineer,Employee
E008152,BU007,Data Engineer,Employee
E008153,BU001,Software Engineer,Employee
E008154,BU009,Data Engineer,Employee
E008155,BU006,Operations Analyst,Employee
E008156,BU001,Software Engineer,Employee
E008157,BU004,Financial Advisor,Contractor
E008158,BU001,Branch Manager,Employee
E008159,BU001,Software Engineer,Employee
E008160,BU006,Risk Analyst,Employee
E008161,BU010,Branch Manager,Employee
E008162,BU001,Network Engineer,Employee
E008163,BU002,Financial Advisor,Contractor
E008164,BU002,Security Analyst,Contractor
E008165,BU001,Systems Administrator,Employee
E008166,BU001,Branch Manager,Employee
E008167,BU001,Operations Analyst,Employee
E008168,BU004,Data Engineer,Employee
E008169,BU002,Security Analyst,Employee
E008170,BU001,Financial Advisor,Employee
E008171,BU006,Software Engineer,Employee
E008172,BU006,Network Engineer,Contractor
E008173,BU002,Systems Administrator,Employee
E008174,BU001,Network Engineer,Employee
E008175,BU003,Risk Analyst,Employee
E008176,BU001,Risk Analyst,Employee
E008177,BU001,Customer Service Rep,Employee
E008178,BU004,Financial Advisor,Employee
E008179,BU001,Software Engineer,Employee
E008180,BU001,Systems Administrator,Employee
E008181,BU001,Data Engineer,Employee
E008182,BU001,Systems Administrator,Employee
E008183,BU001,Security Analyst,Employee
E008184,BU010,Customer Service Rep,Employee
E008185,BU001,Systems Administrator,Employee
E008186,BU001,Risk Analyst,Employee
E008187,BU001,Data Engineer,Employee
E008188,BU009,Branch Manager,Employee
E008189,BU002,Security Analyst,Employee
E008190,BU001,Software Engineer,Employee
E008191,BU008,Security Analyst,Employee
E008192,BU001,Software Engineer,Employee
E008193,BU001,Security Analyst,Employee
E008194,BU001,Risk Analyst,Employee
E008195,BU001,Data Engineer,Contractor
E008196,BU001,Data Engineer,Contractor
E008197,BU004,Customer Service Rep,Employee
E008198,BU001,Risk Analyst,Employee
E008199,BU003,Software Engineer,Employee
E008200,BU001,Financial Advisor,Employee
E008201,BU001,Customer Service Rep,Employee
E008202,BU001,Financial Advisor,Employee
E008203,BU009,Software Engineer,Employee
E008204,BU001,Risk Analyst,Employee
E008205,BU004,Systems Administrator,Employee
E008206,BU001,Operations Analyst,Employee
E008207,BU001,Data Engineer,Employee
E008208,BU001,Risk Analyst,Employee
E008209,BU001,Security Analyst,Employee
E008210,BU001,Systems Administrator,Employee
E008211,BU001,Financial Advisor,Contractor
E008212,BU005,Network Engineer,Employee
E008213,BU001,Operations Analyst,Employee
E008214,BU003,Systems Administrator,Employee
E008215,BU001,Security Analyst,Contractor
E008216,BU002,Systems Administrator,Employee
E008217,BU003,Operations Analyst,Employee
E008218,BU001,Software Engineer,Employee
E008219,BU001,Operations Analyst,Employee
E008220,BU004,Network Engineer,Employee
E008221,BU008,Network Engineer,Employee
E008222,BU001,Security Analyst,Employee
E008223,BU001,Customer Service Rep,Employee
E008224,BU009,Systems Administrator,Employee
E008225,BU001,Financial Advisor,Employee
E008226,BU003,Security Analyst,Employee
E008227,BU001,Software Engineer,Employee
E008228,BU001,Software Engineer,Employee
E008229,BU003,Customer Service Rep,Employee
E008230,BU002,Systems Administrator,Employee
E008231,BU001,Systems Administrator,Employee
E008232,BU002,Branch Manager,Employee
E008233,BU006,Security Analyst,Employee
E008234,BU003,Financial Advisor,Employee
E008235,BU001,Branch Manager,Employee
E008236,BU003,Operations Analyst,Employee
E008237,BU004,Branch Manager,Employee
E008238,BU006,Branch Manager,Employee
E008239,BU003,Data Engineer,Employee
E008240,BU001,Data Engineer,Employee
E008241,BU004,Branch Manager,Employee
E008242,BU004,Data Engineer,Employee
E008243,BU001,Network Engineer,Employee
E008244,BU001,Data Engineer,Contractor
E008245,BU001,Risk Analyst,Contractor
E008246,BU004,Software Engineer,Contractor
E008247,BU001,Risk Analyst,Employee
E008248,BU003,Security Analyst,Employee
E008249,BU009,Branch Manager,Employee
E008250,BU006,Software Engineer,Contractor
E008251,BU009,Network Engineer,Employee
E008252,BU010,Branch Manager,Employee
E008253,BU001,Security Analyst,Employee
E008254,BU003,Customer Service Rep,Employee
E008255,BU001,Security Analyst,Employee
E008256,BU007,Software Engineer,Employee
E008257,BU001,Security Analyst,Employee
E008258,BU010,Branch Manager,Employee
E008259,BU003,Data Engineer,Employee
E008260,BU006,Risk Analyst,Employee
E008261,BU001,Network Engineer,Employee
E008262,BU001,Financial Advisor,Employee
E008263,BU005,Software Engineer,Employee
E008264,BU001,Operations Analyst,Contractor
E008265,BU006,Network Engineer,Employee
E008266,BU001,Systems Administrator,Employee
E008267,BU003,Software Engineer,Employee
E008268,BU001,Financial Advisor,Employee
E008269,BU003,Customer Service Rep,Employee
E008270,BU004,Operations Analyst,Employee
E008271,BU001,Risk Analyst,Employee
E008272,BU001,Financial Advisor,Employee
E008273,BU001,Network Engineer,Employee
E008274,BU003,Branch Manager,Employee
E008275,BU002,Security Analyst,Employee
E008276,BU005,Branch Manager,Employee
E008277,BU002,Customer Service Rep,Employee
E008278,BU002,Branch Manager,Employee
E008279,BU001,Software Engineer,Employee
E008280,BU001,Customer Service Rep,Employee
E008281,BU001,Branch Manager,Employee
E008282,BU010,Branch Manager,Employee
E008283,BU008,Customer Service Rep,Employee
E008284,BU001,Systems Administrator,Employee
E008285,BU003,Customer Service Rep,Employee
E008286,BU007,Customer Service Rep,Employee
E008287,BU002,Security Analyst,Employee
E008288,BU001,Data Engineer,Employee
E008289,BU001,Security Analyst,Employee
E008290,BU002,Security Analyst,Employee
E008291,BU010,Customer Service Rep,Employee
E008292,BU004,Network Engineer,Employee
E008293,BU001,Risk Analyst,Employee
E008294,BU001,Security Analyst,Employee
E008295,BU005,Risk Analyst,Employee
E008296,BU007,Security Analyst,Employee
E008297,BU003,Software Engineer,Employee
E008298,BU003,Operations Analyst,Employee
E008299,BU001,Network Engineer,Employee
E008300,BU007,Risk Analyst,Employee
E008301,BU006,Risk Analyst,Employee
E008302,BU001,Software Engineer,Employee
E008303,BU004,Network Engineer,Employee
E008304,BU001,Systems Administrator,Employee
E008305,BU001,Financial Advisor,Contractor
E008306,BU001,Operations Analyst,Employee
E008307,BU001,Systems Administrator,Employee
E008308,BU001,Security Analyst,Employee
E008309,BU001,Customer Service Rep,Employee
E008310,BU002,Financial Advisor,Employee
E008311,BU002,Security Analyst,Employee
E008312,BU001,Software Engineer,Employee
E008313,BU001,Software Engineer,Employee
E008314,BU003,Customer Service Rep,Contractor
E008315,BU001,Operations Analyst,Employee
E008316,BU001,Branch Manager,Employee
E008317,BU008,Network Engineer,Employee
E008318,BU005,Software Engineer,Employee
E008319,BU007,Systems Administrator,Employee
E008320,BU002,Security Analyst,Employee
E008321,BU001,Network Engineer,Employee
E008322,BU004,Network Engineer,Employee
E008323,BU001,Systems Administrator,Employee
E008324,BU002,Software Engineer,Contractor
E008325,BU001,Software Engineer,Employee
E008326,BU007,Risk Analyst,Employee
E008327,BU001,Data Engineer,Employee
E008328,BU009,Risk Analyst,Employee
E008329,BU008,Risk Analyst,Employee
E008330,BU002,Software Engineer,Employee
E008331,BU005,Customer Service Rep,Employee
E008332,BU003,Customer Service Rep,Employee
E008333,BU006,Risk Analyst,Employee
E008334,BU002,Risk Analyst,Employee
E008335,BU006,Financial Advisor,Employee
E008336,BU002,Data Engineer,Employee
E008337,BU009,Data Engineer,Employee
E008338,BU002,Customer Service Rep,Employee
E008339,BU002,Customer Service Rep,Employee
E008340,BU006,Operations Analyst,Employee
E008341,BU007,Branch Manager,Employee
E008342,BU003,Customer Service Rep,Employee
E008343,BU001,Network Engineer,Contractor
E008344,BU002,Branch Manager,Contractor
E008345,BU010,Branch Manager,Employee
E008346,BU005,Risk Analyst,Employee
E008347,BU006,Customer Service Rep,Employee
E008348,BU001,Software Engineer,Employee
E008349,BU002,Financial Advisor,Employee
E008350,BU003,Software Engineer,Employee
E008351,BU007,Network Engineer,Employee
E008352,BU001,Operations Analyst,Employee
E008353,BU007,Customer Service Rep,Employee
E008354,BU003,Customer Service Rep,Employee
E008355,BU001,Risk Analyst,Contractor
E008356,BU001,Systems Administrator,Employee
E008357,BU001,Network Engineer,Contractor
E008358,BU002,Data Engineer,Employee
E008359,BU001,Data Engineer,Contractor
E008360,BU001,Software Engineer,Employee
E008361,BU006,Security Analyst,Employee
E008362,BU001,Network Engineer,Employee
E008363,BU001,Operations Analyst,Employee
E008364,BU002,Customer Service Rep,Employee
E008365,BU002,Customer Service Rep,Employee
E008366,BU005,Systems Administrator,Employee
E008367,BU002,Branch Manager,Contractor
E008368,BU006,Network Engineer,Employee
E008369,BU003,Security Analyst,Contractor
E008370,BU001,Operations Analyst,Employee
E008371,BU001,Security Analyst,Employee
E008372,BU002,Financial Advisor,Employee
E008373,BU001,Network Engineer,Employee
E008374,BU005,Branch Manager,Employee
E008375,BU003,Financial Advisor,Employee
E008376,BU001,Systems Administrator,Employee
E008377,BU001,Risk Analyst,Employee
E008378,BU001,Data Engineer,Contractor
E008379,BU003,Data Engineer,Employee
E008380,BU002,Risk Analyst,Employee
E008381,BU002,Risk Analyst,Employee
E008382,BU001,Systems Administrator,Contractor
E008383,BU004,Data Engineer,Employee
E008384,BU007,Operations Analyst,Employee
E008385,BU001,Customer Service Rep,Employee
E008386,BU002,Security Analyst,Employee
E008387,BU010,Security Analyst,Employee
E008388,BU001,Network Engineer,Contractor
E008389,BU003,Security Analyst,Employee
E008390,BU001,Financial Advisor,Employee
E008391,BU003,Financial Advisor,Employee
E008392,BU001,Customer Service Rep,Employee
E008393,BU009,Branch Manager,Employee
E008394,BU004,Financial Advisor,Employee
E008395,BU006,Financial Advisor,Employee
E008396,BU004,Network Engineer,Employee
E008397,BU003,Operations Analyst,Employee
E008398,BU002,Risk Analyst,Employee
E008399,BU007,Branch Manager,Employee
E008400,BU009,Security Analyst,Employee
E008401,BU002,Branch Manager,Employee
E008402,BU009,Financial Advisor,Employee
E008403,BU003,Software Engineer,Employee
E008404,BU002,Security Analyst,Employee
E008405,BU002,Branch Manager,Employee
E008406,BU001,Customer Service Rep,Employee
E008407,BU001,Data Engineer,Contractor
E008408,BU001,Systems Administrator,Employee
E008409,BU002,Data Engineer,Contractor
E008410,BU001,Financial Advisor,Employee
E008411,BU002,Operations Analyst,Employee
E008412,BU010,Network Engineer,Employee
E008413,BU001,Branch Manager,Employee
E008414,BU002,Customer Service Rep,Employee
E008415,BU001,Risk Analyst,Employee
E008416,BU001,Software Engineer,Employee
E008417,BU005,Security Analyst,Contractor
E008418,BU003,Risk Analyst,Employee
E008419,BU005,Network Engineer,Employee
E008420,BU001,Branch Manager,Employee
E008421,BU003,Data Engineer,Employee
E008422,BU001,Systems Administrator,Employee
E008423,BU001,Security Analyst,Employee
E008424,BU001,Operations Analyst,Employee
E008425,BU001,Security Analyst,Employee
E008426,BU001,Risk Analyst,Employee
E008427,BU001,Risk Analyst,Employee
E008428,BU010,Software Engineer,Employee
E008429,BU001,Systems Administrator,Employee
E008430,BU001,Financial Advisor,Employee
E008431,BU001,Branch Manager,Employee
E008432,BU003,Systems Administrator,Employee
E008433,BU001,Branch Manager,Employee
E008434,BU008,Risk Analyst,Contractor
E008435,BU010,Systems Administrator,Employee
E008436,BU001,Branch Manager,Employee
E008437,BU002,Financial Advisor,Employee
E008438,BU001,Branch Manager,Employee
E008439,BU003,Customer Service Rep,Contractor
E008440,BU001,Systems Administrator,Employee
E008441,BU001,Network Engineer,Employee
E008442,BU001,Branch Manager,Employee
E008443,BU003,Operations Analyst,Employee
E008444,BU001,Data Engineer,Employee
E008445,BU001,Systems Administrator,Employee
E008446,BU004,Software Engineer,Employee
E008447,BU003,Systems Administrator,Employee
E008448,BU007,Data Engineer,Employee
E008449,BU001,Network Engineer,Employee
E008450,BU006,Software Engineer,Contractor
E008451,BU004,Branch Manager,Employee
E008452,BU001,Customer Service Rep,Employee
E008453,BU004,Systems Administrator,Employee
E008454,BU002,Operations Analyst,Employee
E008455,BU009,Customer Service Rep,Employee
E008456,BU001,Data Engineer,Contractor
E008457,BU003,Software Engineer,Contractor
E008458,BU001,Network Engineer,Contractor
E008459,BU009,Software Engineer,Employee
E008460,BU001,Network Engineer,Employee
E008461,BU010,Security Analyst,Employee
E008462,BU009,Network Engineer,Employee
E008463,BU001,Customer Service Rep,Employee
E008464,BU006,Branch Manager,Employee
E008465,BU010,Data Engineer,Employee
E008466,BU001,Network Engineer,Contractor
E008467,BU002,Branch Manager,Employee
E008468,BU002,Security Analyst,Employee
E008469,BU001,Financial Advisor,Employee
E008470,BU001,Network Engineer,Contractor
E008471,BU001,Financial Advisor,Employee
E008472,BU001,Software Engineer,Employee
E008473,BU002,Security Analyst,Employee
E008474,BU001,Customer Service Rep,Employee
E008475,BU008,Systems Administrator,Employee
E008476,BU004,Operations Analyst,Employee
E008477,BU001,Risk Analyst,Employee
E008478,BU003,Operations Analyst,Employee
E008479,BU003,Risk Analyst,Employee
E008480,BU009,Data Engineer,Employee
E008481,BU001,Financial Advisor,Employee
E008482,BU001,Systems Administrator,Employee
E008483,BU009,Risk Analyst,Employee
E008484,BU009,Systems Administrator,Employee
E008485,BU004,Software Engineer,Employee
E008486,BU005,Data Engineer,Employee
E008487,BU001,Network Engineer,Employee
E008488,BU002,Operations Analyst,Employee
E008489,BU001,Financial Advisor,Employee
E008490,BU001,Risk Analyst,Employee
E008491,BU006,Branch Manager,Contractor
E008492,BU001,Security Analyst,Employee
E008493,BU002,Data Engineer,Employee
E008494,BU009,Operations Analyst,Employee
E008495,BU001,Risk Analyst,Employee
E008496,BU010,Customer Service Rep,Employee
E008497,BU010,Branch Manager,Employee
E008498,BU003,Operations Analyst,Employee
E008499,BU001,Network Engineer,Employee
E008500,BU001,Operations Analyst,Employee
E008501,BU002,Risk Analyst,Employee
E008502,BU001,Data Engineer,Employee
E008503,BU001,Software Engineer,Employee
E008504,BU010,Software Engineer,Employee
E008505,BU001,Security Analyst,Employee
E008506,BU004,Branch Manager,Employee
E008507,BU001,Branch Manager,Employee
E008508,BU003,Security Analyst,Employee
E008509,BU009,Customer Service Rep,Employee
E008510,BU001,Operations Analyst,Employee
E008511,BU001,Systems Administrator,Employee
E008512,BU003,Customer Service Rep,Employee
E008513,BU004,Data Engineer,Employee
E008514,BU004,Financial Advisor,Employee
E008515,BU001,Network Engineer,Employee
E008516,BU001,Risk Analyst,Employee
E008517,BU009,Customer Service Rep,Employee
E008518,BU009,Network Engineer,Contractor
E008519,BU002,Security Analyst,Contractor
E008520,BU007,Operations Analyst,Employee
E008521,BU002,Security Analyst,Employee
E008522,BU002,Network Engineer,Employee
E008523,BU001,Software Engineer,Employee
E008524,BU002,Software Engineer,Employee
E008525,BU002,Operations Analyst,Employee
E008526,BU001,Risk Analyst,Employee
E008527,BU002,Operations Analyst,Employee
E008528,BU006,Risk Analyst,Employee
E008529,BU004,Data Engineer,Employee
E008530,BU003,Network Engineer,Employee
E008531,BU009,Network Engineer,Employee
E008532,BU001,Risk Analyst,Contractor
E008533,BU003,Network Engineer,Employee
E008534,BU006,Security Analyst,Employee
E008535,BU003,Network Engineer,Contractor
E008536,BU001,Software Engineer,Employee
E008537,BU001,Customer Service Rep,Employee
E008538,BU008,Financial Advisor,Employee
E008539,BU002,Network Engineer,Employee
E008540,BU008,Risk Analyst,Employee
E008541,BU003,Customer Service Rep,Employee
E008542,BU004,Network Engineer,Employee
E008543,BU006,Software Engineer,Contractor
E008544,BU003,Network Engineer,Employee
E008545,BU001,Data Engineer,Employee
E008546,BU002,Network Engineer,Employee
E008547,BU006,Systems Administrator,Employee
E008548,BU001,Customer Service Rep,Employee
E008549,BU001,Network Engineer,Contractor
E008550,BU001,Data Engineer,Employee
E008551,BU009,Risk Analyst,Employee
E008552,BU001,Branch Manager,Employee
E008553,BU003,Branch Manager,Employee
E008554,BU001,Customer Service Rep,Employee
E008555,BU001,Security Analyst,Employee
E008556,BU004,Risk Analyst,Employee
E008557,BU001,Network Engineer,Employee
E008558,BU003,Branch Manager,Employee
E008559,BU005,Network Engineer,Employee
E008560,BU007,Security Analyst,Contractor
E008561,BU001,Network Engineer,Employee
E008562,BU009,Data Engineer,Employee
E008563,BU003,Network Engineer,Employee
E008564,BU008,Operations Analyst,Employee
E008565,BU002,Customer Service Rep,Employee
E008566,BU003,Risk Analyst,Employee
E008567,BU009,Customer Service Rep,Contractor
E008568,BU009,Customer Service Rep,Contractor
E008569,BU002,Data Engineer,Employee
E008570,BU001,Security Analyst,Employee
E008571,BU001,Systems Administrator,Employee
E008572,BU001,Risk Analyst,Employee
E008573,BU001,Systems Administrator,Employee
E008574,BU001,Data Engineer,Employee
E008575,BU008,Branch Manager,Employee
E008576,BU001,Security Analyst,Contractor
E008577,BU004,Financial Advisor,Employee
E008578,BU001,Customer Service Rep,Employee
E008579,BU001,Network Engineer,Employee
E008580,BU001,Customer Service Rep,Contractor
E008581,BU001,Branch Manager,Employee
E008582,BU005,Customer Service Rep,Contractor
E008583,BU008,Systems Administrator,Contractor
E008584,BU001,Customer Service Rep,Employee
E008585,BU002,Branch Manager,Employee
E008586,BU002,Branch Manager,Employee
E008587,BU008,Software Engineer,Contractor
E008588,BU005,Security Analyst,Contractor
E008589,BU002,Systems Administrator,Employee
E008590,BU004,Software Engineer,Employee
E008591,BU007,Systems Administrator,Employee
E008592,BU001,Systems Administrator,Employee
E008593,BU001,Risk Analyst,Employee
E008594,BU009,Software Engineer,Employee
E008595,BU005,Systems Administrator,Employee
E008596,BU003,Operations Analyst,Employee
E008597,BU002,Branch Manager,Contractor
E008598,BU001,Network Engineer,Employee
E008599,BU002,Network Engineer,Employee
E008600,BU003,Branch Manager,Employee
E008601,BU001,Security Analyst,Contractor
E008602,BU004,Data Engineer,Employee
E008603,BU008,Risk Analyst,Employee
E008604,BU001,Security Analyst,Employee
E008605,BU002,Financial Advisor,Employee
E008606,BU001,Branch Manager,Contractor
E008607,BU004,Financial Advisor,Employee
E008608,BU001,Customer Service Rep,Employee
E008609,BU003,Customer Service Rep,Employee
E008610,BU008,Software Engineer,Employee
E008611,BU001,Customer Service Rep,Contractor
E008612,BU009,Security Analyst,Employee
E008613,BU010,Data Engineer,Employee
E008614,BU001,Branch Manager,Contractor
E008615,BU001,Systems Administrator,Employee
E008616,BU009,Network Engineer,Employee
E008617,BU009,Branch Manager,Employee
E008618,BU001,Financial Advisor,Employee
E008619,BU001,Risk Analyst,Employee
E008620,BU001,Network Engineer,Employee
E008621,BU010,Software Engineer,Employee
E008622,BU001,Systems Administrator,Employee
E008623,BU002,Systems Administrator,Employee
E008624,BU007,Financial Advisor,Employee
E008625,BU001,Customer Service Rep,Contractor
E008626,BU003,Data Engineer,Employee
E008627,BU001,Security Analyst,Employee
E008628,BU008,Financial Advisor,Employee
E008629,BU001,Data Engineer,Employee
E008630,BU004,Financial Advisor,Employee
E008631,BU004,Network Engineer,Employee
E008632,BU001,Systems Administrator,Employee
E008633,BU001,Systems Administrator,Employee
E008634,BU001,Branch Manager,Employee
E008635,BU001,Customer Service Rep,Employee
E008636,BU006,Systems Administrator,Employee
E008637,BU006,Security Analyst,Employee
E008638,BU002,Data Engineer,Employee
E008639,BU003,Customer Service Rep,Employee
E008640,BU003,Data Engineer,Employee
E008641,BU007,Risk Analyst,Employee
E008642,BU002,Systems Administrator,Employee
E008643,BU001,Data Engineer,Employee
E008644,BU001,Operations Analyst,Employee
E008645,BU002,Systems Administrator,Employee
E008646,BU002,Risk Analyst,Employee
E008647,BU002,Network Engineer,Employee
E008648,BU001,Operations Analyst,Employee
E008649,BU004,Financial Advisor,Contractor
E008650,BU001,Operations Analyst,Employee
E008651,BU001,Operations Analyst,Employee
E008652,BU001,Data Engineer,Employee
E008653,BU001,Software Engineer,Employee
E008654,BU003,Data Engineer,Employee
E008655,BU001,Security Analyst,Employee
E008656,BU002,Systems Administrator,Employee
E008657,BU002,Software Engineer,Employee
E008658,BU001,Data Engineer,Employee
E008659,BU001,Network Engineer,Employee
E008660,BU008,Security Analyst,Employee
E008661,BU002,Data Engineer,Employee
E008662,BU001,Customer Service Rep,Employee
E008663,BU001,Systems Administrator,Employee
E008664,BU002,Risk Analyst,Employee
E008665,BU003,Financial Advisor,Employee
E008666,BU003,Network Engineer,Employee
E008667,BU004,Security Analyst,Employee
E008668,BU001,Systems Administrator,Employee
E008669,BU001,Financial Advisor,Employee
E008670,BU006,Branch Manager,Employee
E008671,BU009,Financial Advisor,Employee
E008672,BU001,Systems Administrator,Contractor
E008673,BU002,Software Engineer,Employee
E008674,BU001,Branch Manager,Employee
E008675,BU001,Systems Administrator,Employee
E008676,BU001,Branch Manager,Employee
E008677,BU001,Security Analyst,Employee
E008678,BU004,Financial Advisor,Employee
E008679,BU002,Financial Advisor,Employee
E008680,BU001,Branch Manager,Employee
E008681,BU001,Financial Advisor,Contractor
E008682,BU006,Network Engineer,Employee
E008683,BU001,Operations Analyst,Employee
E008684,BU003,Security Analyst,Employee
E008685,BU001,Security Analyst,Contractor
E008686,BU003,Financial Advisor,Employee
E008687,BU001,Data Engineer,Employee
E008688,BU001,Branch Manager,Employee
E008689,BU001,Risk Analyst,Employee
E008690,BU001,Security Analyst,Employee
E008691,BU002,Operations Analyst,Employee
E008692,BU003,Customer Service Rep,Employee
E008693,BU001,Operations Analyst,Employee
E008694,BU001,Branch Manager,Employee
E008695,BU002,Software Engineer,Employee
E008696,BU003,Risk Analyst,Employee
E008697,BU010,Security Analyst,Employee
E008698,BU003,Financial Advisor,Contractor
E008699,BU002,Operations Analyst,Contractor
E008700,BU003,Systems Administrator,Employee
E008701,BU009,Risk Analyst,Employee
E008702,BU007,Operations Analyst,Contractor
E008703,BU001,Security Analyst,Employee
E008704,BU001,Operations Analyst,Contractor
E008705,BU001,Data Engineer,Contractor
E008706,BU002,Risk Analyst,Employee
E008707,BU005,Risk Analyst,Employee
E008708,BU002,Financial Advisor,Employee
E008709,BU001,Security Analyst,Employee
E008710,BU004,Software Engineer,Employee
E008711,BU006,Operations Analyst,Contractor
E008712,BU001,Network Engineer,Employee
E008713,BU004,Operations Analyst,Employee
E008714,BU002,Security Analyst,Employee
E008715,BU008,Network Engineer,Employee
E008716,BU007,Data Engineer,Employee
E008717,BU002,Branch Manager,Employee
E008718,BU004,Security Analyst,Employee
E008719,BU008,Data Engineer,Contractor
E008720,BU002,Financial Advisor,Employee
E008721,BU001,Customer Service Rep,Employee
E008722,BU005,Financial Advisor,Employee
E008723,BU001,Risk Analyst,Employee
E008724,BU001,Customer Service Rep,Employee
E008725,BU008,Operations Analyst,Employee
E008726,BU004,Branch Manager,Employee
E008727,BU001,Customer Service Rep,Employee
E008728,BU001,Customer Service Rep,Employee
E008729,BU001,Data Engineer,Employee
E008730,BU001,Branch Manager,Employee
E008731,BU001,Operations Analyst,Employee
E008732,BU005,Security Analyst,Employee
E008733,BU001,Customer Service Rep,Employee
E008734,BU002,Systems Administrator,Contractor
E008735,BU001,Data Engineer,Employee
E008736,BU010,Customer Service Rep,Employee
E008737,BU001,Operations Analyst,Employee
E008738,BU001,Branch Manager,Employee
E008739,BU001,Systems Administrator,Employee
E008740,BU003,Systems Administrator,Employee
E008741,BU003,Financial Advisor,Employee
E008742,BU001,Security Analyst,Employee
E008743,BU002,Risk Analyst,Employee
E008744,BU001,Financial Advisor,Employee
E008745,BU002,Risk Analyst,Employee
E008746,BU002,Security Analyst,Employee
E008747,BU001,Data Engineer,Employee
E008748,BU001,Systems Administrator,Employee
E008749,BU001,Branch Manager,Employee
E008750,BU001,Data Engineer,Employee
E008751,BU003,Operations Analyst,Employee
E008752,BU001,Operations Analyst,Employee
E008753,BU001,Network Engineer,Employee
E008754,BU001,Branch Manager,Employee
E008755,BU009,Operations Analyst,Employee
E008756,BU007,Risk Analyst,Employee
E008757,BU001,Network Engineer,Employee
E008758,BU001,Software Engineer,Contractor
E008759,BU001,Software Engineer,Employee
E008760,BU002,Operations Analyst,Employee
E008761,BU001,Network Engineer,Employee
E008762,BU004,Systems Administrator,Employee
E008763,BU002,Financial Advisor,Employee
E008764,BU009,Risk Analyst,Employee
E008765,BU001,Systems Administrator,Employee
E008766,BU006,Customer Service Rep,Employee
E008767,BU006,Operations Analyst,Employee
E008768,BU001,Customer Service Rep,Employee
E008769,BU001,Branch Manager,Employee
E008770,BU001,Data Engineer,Employee
E008771,BU001,Operations Analyst,Employee
E008772,BU001,Systems Administrator,Contractor
E008773,BU003,Financial Advisor,Employee
E008774,BU001,Software Engineer,Employee
E008775,BU009,Data Engineer,Employee
E008776,BU001,Software Engineer,Contractor
E008777,BU010,Risk Analyst,Employee
E008778,BU001,Financial Advisor,Employee
E008779,BU005,Data Engineer,Employee
E008780,BU001,Network Engineer,Employee
E008781,BU001,Network Engineer,Employee
E008782,BU007,Systems Administrator,Employee
E008783,BU001,Risk Analyst,Employee
E008784,BU003,Network Engineer,Employee
E008785,BU003,Software Engineer,Employee
E008786,BU002,Operations Analyst,Employee
E008787,BU002,Risk Analyst,Employee
E008788,BU004,Systems Administrator,Employee
E008789,BU001,Branch Manager,Employee
E008790,BU004,Risk Analyst,Employee
E008791,BU009,Network Engineer,Employee
E008792,BU001,Systems Administrator,Employee
E008793,BU001,Systems Administrator,Contractor
E008794,BU004,Software Engineer,Employee
E008795,BU002,Software Engineer,Employee
E008796,BU001,Financial Advisor,Employee
E008797,BU001,Security Analyst,Employee
E008798,BU002,Security Analyst,Employee
E008799,BU001,Customer Service Rep,Employee
E008800,BU002,Data Engineer,Contractor
E008801,BU005,Risk Analyst,Employee
E008802,BU001,Risk Analyst,Contractor
E008803,BU002,Network Engineer,Employee
E008804,BU010,Software Engineer,Employee
E008805,BU004,Software Engineer,Employee
E008806,BU007,Operations Analyst,Employee
E008807,BU001,Network Engineer,Employee
E008808,BU005,Financial Advisor,Employee
E008809,BU001,Financial Advisor,Contractor
E008810,BU001,Data Engineer,Employee
E008811,BU001,Systems Administrator,Employee
E008812,BU001,Security Analyst,Contractor
E008813,BU007,Branch Manager,Employee
E008814,BU001,Network Engineer,Employee
E008815,BU003,Security Analyst,Employee
E008816,BU004,Data Engineer,Employee
E008817,BU003,Operations Analyst,Employee
E008818,BU001,Customer Service Rep,Employee
E008819,BU003,Software Engineer,Employee
E008820,BU001,Systems Administrator,Employee
E008821,BU001,Risk Analyst,Employee
E008822,BU010,Customer Service Rep,Contractor
E008823,BU001,Software Engineer,Contractor
E008824,BU001,Operations Analyst,Employee
E008825,BU008,Data Engineer,Employee
E008826,BU001,Security Analyst,Contractor
E008827,BU003,Security Analyst,Employee
E008828,BU001,Customer Service Rep,Employee
E008829,BU001,Systems Administrator,Employee
E008830,BU001,Systems Administrator,Employee
E008831,BU001,Data Engineer,Employee
E008832,BU001,Security Analyst,Employee
E008833,BU004,Operations Analyst,Employee
E008834,BU002,Customer Service Rep,Employee
E008835,BU009,Customer Service Rep,Employee
E008836,BU001,Network Engineer,Employee
E008837,BU002,Risk Analyst,Employee
E008838,BU003,Financial Advisor,Employee
E008839,BU009,Network Engineer,Contractor
E008840,BU001,Financial Advisor,Employee
E008841,BU003,Systems Administrator,Employee
E008842,BU007,Financial Advisor,Employee
E008843,BU001,Branch Manager,Employee
E008844,BU008,Systems Administrator,Employee
E008845,BU001,Financial Advisor,Employee
E008846,BU004,Branch Manager,Employee
E008847,BU009,Data Engineer,Employee
E008848,BU003,Security Analyst,Contractor
E008849,BU002,Security Analyst,Employee
E008850,BU001,Security Analyst,Employee
E008851,BU009,Financial Advisor,Employee
E008852,BU002,Security Analyst,Employee
E008853,BU001,Software Engineer,Employee
E008854,BU004,Security Analyst,Employee
E008855,BU002,Financial Advisor,Contractor
E008856,BU001,Financial Advisor,Employee
E008857,BU001,Branch Manager,Employee
E008858,BU001,Security Analyst,Employee
E008859,BU003,Security Analyst,Employee
E008860,BU003,Risk Analyst,Employee
E008861,BU002,Systems Administrator,Employee
E008862,BU006,Customer Service Rep,Employee
E008863,BU008,Branch Manager,Employee
E008864,BU003,Security Analyst,Employee
E008865,BU001,Operations Analyst,Contractor
E008866,BU004,Software Engineer,Employee
E008867,BU001,Network Engineer,Employee
E008868,BU003,Operations Analyst,Contractor
E008869,BU003,Software Engineer,Employee
E008870,BU001,Branch Manager,Employee
E008871,BU009,Security Analyst,Employee
E008872,BU001,Operations Analyst,Employee
E008873,BU004,Risk Analyst,Employee
E008874,BU001,Operations Analyst,Employee
E008875,BU009,Risk Analyst,Employee
E008876,BU001,Risk Analyst,Employee
E008877,BU001,Software Engineer,Employee
E008878,BU001,Risk Analyst,Employee
E008879,BU001,Software Engineer,Employee
E008880,BU001,Customer Service Rep,Employee
E008881,BU003,Operations Analyst,Employee
E008882,BU002,Financial Advisor,Employee
E008883,BU001,Customer Service Rep,Employee
E008884,BU001,Branch Manager,Employee
E008885,BU006,Systems Administrator,Employee
E008886,BU004,Software Engineer,Employee
E008887,BU004,Network Engineer,Employee
E008888,BU004,Network Engineer,Contractor
E008889,BU001,Operations Analyst,Employee
E008890,BU001,Branch Manager,Employee
E008891,BU001,Risk Analyst,Contractor
E008892,BU007,Security Analyst,Employee
E008893,BU010,Operations Analyst,Employee
E008894,BU002,Branch Manager,Employee
E008895,BU001,Security Analyst,Employee
E008896,BU001,Data Engineer,Employee
E008897,BU001,Branch Manager,Employee
E008898,BU003,Software Engineer,Employee
E008899,BU001,Network Engineer,Employee
E008900,BU009,Data Engineer,Employee
E008901,BU001,Financial Advisor,Contractor
E008902,BU009,Software Engineer,Employee
E008903,BU006,Customer Service Rep,Employee
E008904,BU005,Security Analyst,Employee
E008905,BU003,Customer Service Rep,Employee
E008906,BU003,Systems Administrator,Employee
E008907,BU003,Network Engineer,Contractor
E008908,BU003,Network Engineer,Employee
E008909,BU003,Branch Manager,Employee
E008910,BU010,Security Analyst,Employee
E008911,BU004,Risk Analyst,Employee
E008912,BU005,Network Engineer,Employee
E008913,BU008,Security Analyst,Employee
E008914,BU001,Software Engineer,Contractor
E008915,BU001,Security Analyst,Employee
E008916,BU002,Financial Advisor,Employee
E008917,BU002,Branch Manager,Employee
E008918,BU007,Security Analyst,Employee
E008919,BU002,Systems Administrator,Employee
E008920,BU003,Risk Analyst,Employee
E008921,BU002,Financial Advisor,Employee
E008922,BU001,Security Analyst,Employee
E008923,BU003,Risk Analyst,Employee
E008924,BU007,Risk Analyst,Employee
E008925,BU001,Network Engineer,Employee
E008926,BU003,Operations Analyst,Employee
E008927,BU003,Financial Advisor,Employee
E008928,BU001,Financial Advisor,Employee
E008929,BU001,Customer Service Rep,Employee
E008930,BU010,Branch Manager,Employee
E008931,BU001,Customer Service Rep,Employee
E008932,BU001,Data Engineer,Employee
E008933,BU001,Branch Manager,Employee
E008934,BU004,Operations Analyst,Employee
E008935,BU003,Software Engineer,Employee
E008936,BU003,Operations Analyst,Employee
E008937,BU001,Operations Analyst,Employee
E008938,BU009,Branch Manager,Employee
E008939,BU001,Operations Analyst,Employee
E008940,BU001,Security Analyst,Employee
E008941,BU002,Data Engineer,Employee
E008942,BU001,Operations Analyst,Employee
E008943,BU008,Software Engineer,Employee
E008944,BU009,Financial Advisor,Employee
E008945,BU001,Risk Analyst,Employee
E008946,BU008,Systems Administrator,Contractor
E008947,BU006,Branch Manager,Employee
E008948,BU009,Security Analyst,Employee
E008949,BU001,Operations Analyst,Employee
E008950,BU003,Customer Service Rep,Employee
E008951,BU001,Risk Analyst,Employee
E008952,BU007,Network Engineer,Employee
E008953,BU001,Financial Advisor,Employee
E008954,BU003,Software Engineer,Employee
E008955,BU001,Financial Advisor,Employee
E008956,BU001,Systems Administrator,Employee
E008957,BU003,Risk Analyst,Employee
E008958,BU007,Operations Analyst,Employee
E008959,BU003,Risk Analyst,Employee
E008960,BU007,Branch Manager,Contractor
E008961,BU001,Operations Analyst,Employee
E008962,BU002,Systems Administrator,Employee
E008963,BU002,Branch Manager,Employee
E008964,BU001,Software Engineer,Employee
E008965,BU003,Network Engineer,Employee
E008966,BU004,Software Engineer,Contractor
E008967,BU003,Risk Analyst,Employee
E008968,BU004,Operations Analyst,Contractor
E008969,BU003,Data Engineer,Employee
E008970,BU001,Risk Analyst,Employee
E008971,BU001,Branch Manager,Employee
E008972,BU003,Software Engineer,Employee
E008973,BU001,Network Engineer,Employee
E008974,BU001,Customer Service Rep,Employee
E008975,BU002,Risk Analyst,Employee
E008976,BU003,Financial Advisor,Employee
E008977,BU001,Software Engineer,Employee
E008978,BU004,Software Engineer,Employee
E008979,BU003,Security Analyst,Contractor
E008980,BU001,Customer Service Rep,Employee
E008981,BU005,Data Engineer,Employee
E008982,BU003,Customer Service Rep,Employee
E008983,BU003,Systems Administrator,Employee
E008984,BU003,Risk Analyst,Employee
E008985,BU001,Risk Analyst,Employee
E008986,BU004,Branch Manager,Employee
E008987,BU001,Software Engineer,Employee
E008988,BU009,Software Engineer,Contractor
E008989,BU006,Branch Manager,Employee
E008990,BU003,Operations Analyst,Employee
E008991,BU001,Customer Service Rep,Employee
E008992,BU001,Systems Administrator,Employee
E008993,BU001,Operations Analyst,Employee
E008994,BU002,Financial Advisor,Employee
E008995,BU001,Risk Analyst,Employee
E008996,BU002,Financial Advisor,Employee
E008997,BU001,Financial Advisor,Employee
E008998,BU010,Risk Analyst,Employee
E008999,BU001,Financial Advisor,Employee
E009000,BU009,Systems Administrator,Employee
E009001,BU009,Systems Administrator,Employee
E009002,BU002,Branch Manager,Employee
E009003,BU004,Network Engineer,Employee
E009004,BU002,Risk Analyst,Employee
E009005,BU003,Risk Analyst,Employee
E009006,BU001,Risk Analyst,Employee
E009007,BU001,Customer Service Rep,Employee
E009008,BU003,Branch Manager,Employee
E009009,BU002,Systems Administrator,Employee
E009010,BU003,Systems Administrator,Employee
E009011,BU001,Software Engineer,Contractor
E009012,BU001,Security Analyst,Employee
E009013,BU001,Data Engineer,Contractor
E009014,BU001,Network Engineer,Employee
E009015,BU001,Risk Analyst,Employee
E009016,BU001,Branch Manager,Employee
E009017,BU001,Risk Analyst,Employee
E009018,BU006,Software Engineer,Employee
E009019,BU001,Network Engineer,Employee
E009020,BU003,Software Engineer,Employee
E009021,BU001,Software Engineer,Employee
E009022,BU008,Software Engineer,Contractor
E009023,BU002,Systems Administrator,Contractor
E009024,BU001,Data Engineer,Employee
E009025,BU002,Customer Service Rep,Employee
E009026,BU001,Risk Analyst,Employee
E009027,BU003,Systems Administrator,Employee
E009028,BU001,Operations Analyst,Employee
E009029,BU010,Systems Administrator,Employee
E009030,BU002,Risk Analyst,Employee
E009031,BU001,Branch Manager,Employee
E009032,BU004,Network Engineer,Contractor
E009033,BU001,Financial Advisor,Contractor
E009034,BU007,Software Engineer,Employee
E009035,BU002,Branch Manager,Employee
E009036,BU004,Financial Advisor,Employee
E009037,BU001,Network Engineer,Employee
E009038,BU007,Systems Administrator,Employee
E009039,BU004,Branch Manager,Contractor
E009040,BU001,Risk Analyst,Employee
E009041,BU001,Software Engineer,Contractor
E009042,BU001,Network Engineer,Employee
E009043,BU010,Software Engineer,Contractor
E009044,BU001,Network Engineer,Employee
E009045,BU002,Data Engineer,Employee
E009046,BU001,Branch Manager,Employee
E009047,BU001,Software Engineer,Employee
E009048,BU003,Financial Advisor,Employee
E009049,BU009,Systems Administrator,Employee
E009050,BU002,Systems Administrator,Employee
E009051,BU006,Branch Manager,Contractor
E009052,BU003,Customer Service Rep,Employee
E009053,BU001,Customer Service Rep,Employee
E009054,BU001,Operations Analyst,Employee
E009055,BU003,Software Engineer,Employee
E009056,BU009,Risk Analyst,Employee
E009057,BU007,Customer Service Rep,Employee
E009058,BU001,Security Analyst,Employee
E009059,BU001,Branch Manager,Employee
E009060,BU001,Security Analyst,Employee
E009061,BU009,Financial Advisor,Contractor
E009062,BU007,Data Engineer,Employee
E009063,BU005,Branch Manager,Employee
E009064,BU001,Branch Manager,Employee
E009065,BU002,Systems Administrator,Employee
E009066,BU002,Financial Advisor,Employee
E009067,BU001,Security Analyst,Employee
E009068,BU002,Software Engineer,Employee
E009069,BU001,Systems Administrator,Employee
E009070,BU001,Operations Analyst,Contractor
E009071,BU008,Risk Analyst,Employee
E009072,BU005,Security Analyst,Employee
E009073,BU002,Software Engineer,Employee
E009074,BU002,Operations Analyst,Employee
E009075,BU001,Security Analyst,Employee
E009076,BU005,Network Engineer,Employee
E009077,BU006,Data Engineer,Employee
E009078,BU005,Network Engineer,Employee
E009079,BU004,Network Engineer,Employee
E009080,BU001,Operations Analyst,Employee
E009081,BU001,Customer Service Rep,Employee
E009082,BU002,Network Engineer,Contractor
E009083,BU001,Financial Advisor,Employee
E009084,BU005,Security Analyst,Employee
E009085,BU001,Security Analyst,Employee
E009086,BU001,Risk Analyst,Contractor
E009087,BU001,Software Engineer,Employee
E009088,BU010,Operations Analyst,Employee
E009089,BU001,Financial Advisor,Employee
E009090,BU003,Risk Analyst,Employee
E009091,BU002,Risk Analyst,Employee
E009092,BU001,Customer Service Rep,Employee
E009093,BU002,Systems Administrator,Employee
E009094,BU004,Financial Advisor,Employee
E009095,BU002,Data Engineer,Employee
E009096,BU008,Customer Service Rep,Employee
E009097,BU001,Software Engineer,Employee
E009098,BU001,Financial Advisor,Employee
E009099,BU009,Customer Service Rep,Employee
E009100,BU001,Systems Administrator,Employee
E009101,BU003,Financial Advisor,Employee
E009102,BU006,Software Engineer,Employee
E009103,BU001,Systems Administrator,Employee
E009104,BU004,Data Engineer,Contractor
E009105,BU001,Software Engineer,Contractor
E009106,BU001,Software Engineer,Employee
E009107,BU001,Customer Service Rep,Employee
E009108,BU006,Operations Analyst,Employee
E009109,BU001,Software Engineer,Employee
E009110,BU004,Security Analyst,Employee
E009111,BU009,Data Engineer,Employee
E009112,BU002,Operations Analyst,Employee
E009113,BU003,Operations Analyst,Employee
E009114,BU002,Security Analyst,Employee
E009115,BU001,Systems Administrator,Employee
E009116,BU002,Operations Analyst,Employee
E009117,BU003,Data Engineer,Employee
E009118,BU010,Software Engineer,Employee
E009119,BU009,Operations Analyst,Employee
E009120,BU008,Risk Analyst,Employee
E009121,BU008,Operations Analyst,Employee
E009122,BU002,Data Engineer,Contractor
E009123,BU003,Operations Analyst,Employee
E009124,BU009,Systems Administrator,Employee
E009125,BU001,Network Engineer,Employee
E009126,BU010,Branch Manager,Employee
E009127,BU001,Risk Analyst,Employee
E009128,BU003,Security Analyst,Employee
E009129,BU004,Data Engineer,Employee
E009130,BU009,Financial Advisor,Employee
E009131,BU001,Data Engineer,Contractor
E009132,BU005,Data Engineer,Employee
E009133,BU002,Risk Analyst,Employee
E009134,BU001,Network Engineer,Employee
E009135,BU005,Customer Service Rep,Contractor
E009136,BU003,Data Engineer,Employee
E009137,BU004,Risk Analyst,Employee
E009138,BU001,Customer Service Rep,Employee
E009139,BU002,Security Analyst,Contractor
E009140,BU003,Financial Advisor,Employee
E009141,BU001,Software Engineer,Employee
E009142,BU001,Customer Service Rep,Employee
E009143,BU010,Risk Analyst,Contractor
E009144,BU002,Systems Administrator,Employee
E009145,BU004,Risk Analyst,Employee
E009146,BU001,Security Analyst,Contractor
E009147,BU001,Risk Analyst,Employee
E009148,BU001,Data Engineer,Employee
E009149,BU001,Systems Administrator,Employee
E009150,BU003,Network Engineer,Employee
E009151,BU003,Data Engineer,Employee
E009152,BU002,Branch Manager,Employee
E009153,BU001,Risk Analyst,Employee
E009154,BU002,Customer Service Rep,Employee
E009155,BU001,Network Engineer,Employee
E009156,BU001,Security Analyst,Employee
E009157,BU009,Security Analyst,Contractor
E009158,BU003,Branch Manager,Employee
E009159,BU003,Operations Analyst,Employee
E009160,BU001,Network Engineer,Contractor
E009161,BU009,Risk Analyst,Employee
E009162,BU003,Financial Advisor,Employee
E009163,BU005,Security Analyst,Employee
E009164,BU001,Security Analyst,Employee
E009165,BU010,Risk Analyst,Employee
E009166,BU007,Security Analyst,Employee
E009167,BU007,Data Engineer,Employee
E009168,BU001,Data Engineer,Employee
E009169,BU001,Financial Advisor,Employee
E009170,BU001,Systems Administrator,Employee
E009171,BU001,Operations Analyst,Contractor
E009172,BU007,Financial Advisor,Employee
E009173,BU001,Customer Service Rep,Employee
E009174,BU001,Network Engineer,Employee
E009175,BU001,Operations Analyst,Employee
E009176,BU001,Financial Advisor,Employee
E009177,BU001,Software Engineer,Employee
E009178,BU006,Operations Analyst,Employee
E009179,BU003,Security Analyst,Employee
E009180,BU001,Branch Manager,Employee
E009181,BU002,Risk Analyst,Employee
E009182,BU001,Systems Administrator,Employee
E009183,BU001,Customer Service Rep,Employee
E009184,BU004,Financial Advisor,Employee
E009185,BU004,Data Engineer,Employee
E009186,BU004,Systems Administrator,Employee
E009187,BU004,Risk Analyst,Employee
E009188,BU001,Customer Service Rep,Contractor
E009189,BU009,Data Engineer,Contractor
E009190,BU006,Network Engineer,Employee
E009191,BU009,Network Engineer,Employee
E009192,BU001,Software Engineer,Employee
E009193,BU009,Financial Advisor,Employee
E009194,BU006,Security Analyst,Employee
E009195,BU007,Customer Service Rep,Employee
E009196,BU001,Data Engineer,Employee
E009197,BU004,Operations Analyst,Employee
E009198,BU009,Data Engineer,Employee
E009199,BU004,Branch Manager,Employee
E009200,BU003,Network Engineer,Contractor
E009201,BU009,Software Engineer,Employee
E009202,BU002,Operations Analyst,Employee
E009203,BU003,Customer Service Rep,Employee
E009204,BU002,Security Analyst,Employee
E009205,BU009,Software Engineer,Employee
E009206,BU001,Branch Manager,Contractor
E009207,BU002,Security Analyst,Employee
E009208,BU004,Network Engineer,Employee
E009209,BU006,Financial Advisor,Employee
E009210,BU003,Financial Advisor,Employee
E009211,BU009,Network Engineer,Employee
E009212,BU009,Customer Service Rep,Employee
E009213,BU001,Data Engineer,Employee
E009214,BU001,Network Engineer,Contractor
E009215,BU001,Systems Administrator,Employee
E009216,BU001,Operations Analyst,Employee
E009217,BU002,Network Engineer,Employee
E009218,BU009,Customer Service Rep,Employee
E009219,BU007,Network Engineer,Contractor
E009220,BU001,Customer Service Rep,Employee
E009221,BU001,Network Engineer,Employee
E009222,BU003,Security Analyst,Employee
E009223,BU002,Operations Analyst,Employee
E009224,BU001,Security Analyst,Employee
E009225,BU009,Data Engineer,Employee
E009226,BU009,Network Engineer,Employee
E009227,BU001,Security Analyst,Contractor
E009228,BU009,Software Engineer,Employee
E009229,BU001,Customer Service Rep,Employee
E009230,BU004,Network Engineer,Employee
E009231,BU002,Branch Manager,Employee
E009232,BU001,Customer Service Rep,Employee
E009233,BU009,Operations Analyst,Employee
E009234,BU002,Network Engineer,Employee
E009235,BU004,Operations Analyst,Employee
E009236,BU001,Branch Manager,Employee
E009237,BU001,Network Engineer,Employee
E009238,BU001,Data Engineer,Employee
E009239,BU002,Financial Advisor,Employee
E009240,BU004,Customer Service Rep,Employee
E009241,BU001,Network Engineer,Employee
E009242,BU004,Risk Analyst,Employee
E009243,BU004,Risk Analyst,Employee
E009244,BU004,Operations Analyst,Employee
E009245,BU002,Operations Analyst,Employee
E009246,BU009,Security Analyst,Employee
E009247,BU002,Customer Service Rep,Contractor
E009248,BU002,Branch Manager,Employee
E009249,BU001,Security Analyst,Employee
E009250,BU001,Customer Service Rep,Employee
E009251,BU001,Software Engineer,Employee
E009252,BU003,Software Engineer,Employee
E009253,BU001,Customer Service Rep,Employee
E009254,BU001,Software Engineer,Employee
E009255,BU005,Network Engineer,Employee
E009256,BU001,Systems Administrator,Employee
E009257,BU001,Operations Analyst,Employee
E009258,BU001,Systems Administrator,Employee
E009259,BU005,Software Engineer,Employee
E009260,BU001,Customer Service Rep,Employee
E009261,BU002,Data Engineer,Employee
E009262,BU002,Financial Advisor,Contractor
E009263,BU004,Financial Advisor,Contractor
E009264,BU003,Software Engineer,Employee
E009265,BU006,Data Engineer,Employee
E009266,BU001,Customer Service Rep,Employee
E009267,BU001,Systems Administrator,Employee
E009268,BU001,Systems Administrator,Employee
E009269,BU001,Security Analyst,Employee
E009270,BU001,Customer Service Rep,Contractor
E009271,BU001,Security Analyst,Employee
E009272,BU002,Security Analyst,Employee
E009273,BU004,Software Engineer,Employee
E009274,BU001,Network Engineer,Employee
E009275,BU004,Network Engineer,Employee
E009276,BU001,Branch Manager,Employee
E009277,BU001,Branch Manager,Employee
E009278,BU003,Security Analyst,Contractor
E009279,BU001,Branch Manager,Employee
E009280,BU001,Financial Advisor,Employee
E009281,BU001,Systems Administrator,Employee
E009282,BU009,Security Analyst,Employee
E009283,BU004,Data Engineer,Contractor
E009284,BU001,Data Engineer,Employee
E009285,BU007,Software Engineer,Employee
E009286,BU004,Software Engineer,Employee
E009287,BU003,Network Engineer,Employee
E009288,BU007,Systems Administrator,Employee
E009289,BU001,Security Analyst,Employee
E009290,BU001,Systems Administrator,Employee
E009291,BU002,Operations Analyst,Contractor
E009292,BU003,Network Engineer,Employee
E009293,BU002,Operations Analyst,Employee
E009294,BU003,Operations Analyst,Employee
E009295,BU009,Data Engineer,Contractor
E009296,BU009,Systems Administrator,Employee
E009297,BU008,Branch Manager,Employee
E009298,BU006,Financial Advisor,Employee
E009299,BU009,Security Analyst,Employee
E009300,BU001,Financial Advisor,Employee
E009301,BU001,Branch Manager,Employee
E009302,BU002,Financial Advisor,Contractor
E009303,BU007,Software Engineer,Employee
E009304,BU002,Security Analyst,Employee
E009305,BU005,Risk Analyst,Employee
E009306,BU001,Software Engineer,Employee
E009307,BU001,Network Engineer,Employee
E009308,BU004,Branch Manager,Contractor
E009309,BU001,Risk Analyst,Employee
E009310,BU001,Software Engineer,Employee
E009311,BU001,Risk Analyst,Employee
E009312,BU001,Financial Advisor,Employee
E009313,BU004,Data Engineer,Employee
E009314,BU001,Branch Manager,Employee
E009315,BU003,Financial Advisor,Employee
E009316,BU001,Data Engineer,Employee
E009317,BU006,Systems Administrator,Contractor
E009318,BU001,Security Analyst,Employee
E009319,BU003,Branch Manager,Employee
E009320,BU004,Financial Advisor,Employee
E009321,BU001,Branch Manager,Employee
E009322,BU008,Data Engineer,Employee
E009323,BU003,Security Analyst,Employee
E009324,BU002,Software Engineer,Contractor
E009325,BU001,Risk Analyst,Contractor
E009326,BU009,Systems Administrator,Employee
E009327,BU005,Systems Administrator,Employee
E009328,BU001,Data Engineer,Employee
E009329,BU001,Operations Analyst,Employee
E009330,BU006,Data Engineer,Employee
E009331,BU004,Network Engineer,Employee
E009332,BU005,Security Analyst,Employee
E009333,BU002,Network Engineer,Employee
E009334,BU004,Branch Manager,Employee
E009335,BU001,Branch Manager,Employee
E009336,BU001,Operations Analyst,Employee
E009337,BU003,Systems Administrator,Employee
E009338,BU010,Financial Advisor,Employee
E009339,BU001,Risk Analyst,Employee
E009340,BU002,Network Engineer,Employee
E009341,BU004,Customer Service Rep,Contractor
E009342,BU003,Financial Advisor,Employee
E009343,BU007,Security Analyst,Employee
E009344,BU005,Branch Manager,Employee
E009345,BU001,Data Engineer,Contractor
E009346,BU010,Operations Analyst,Employee
E009347,BU005,Branch Manager,Employee
E009348,BU008,Risk Analyst,Employee
E009349,BU003,Network Engineer,Employee
E009350,BU007,Data Engineer,Employee
E009351,BU001,Systems Administrator,Employee
E009352,BU001,Financial Advisor,Employee
E009353,BU008,Financial Advisor,Employee
E009354,BU001,Network Engineer,Employee
E009355,BU001,Network Engineer,Employee
E009356,BU006,Network Engineer,Employee
E009357,BU007,Customer Service Rep,Employee
E009358,BU001,Customer Service Rep,Employee
E009359,BU007,Data Engineer,Employee
E009360,BU004,Software Engineer,Employee
E009361,BU002,Network Engineer,Employee
E009362,BU007,Financial Advisor,Employee
E009363,BU001,Data Engineer,Employee
E009364,BU001,Customer Service Rep,Employee
E009365,BU001,Branch Manager,Employee
E009366,BU002,Risk Analyst,Employee
E009367,BU002,Software Engineer,Employee
E009368,BU006,Security Analyst,Employee
E009369,BU006,Network Engineer,Employee
E009370,BU003,Branch Manager,Employee
E009371,BU006,Operations Analyst,Employee
E009372,BU001,Network Engineer,Employee
E009373,BU001,Customer Service Rep,Employee
E009374,BU008,Financial Advisor,Employee
E009375,BU001,Branch Manager,Employee
E009376,BU001,Network Engineer,Contractor
E009377,BU004,Financial Advisor,Employee
E009378,BU001,Systems Administrator,Employee
E009379,BU008,Network Engineer,Employee
E009380,BU001,Financial Advisor,Employee
E009381,BU001,Customer Service Rep,Employee
E009382,BU001,Risk Analyst,Employee
E009383,BU003,Risk Analyst,Employee
E009384,BU001,Network Engineer,Employee
E009385,BU002,Data Engineer,Employee
E009386,BU008,Software Engineer,Employee
E009387,BU009,Software Engineer,Employee
E009388,BU001,Branch Manager,Employee
E009389,BU002,Software Engineer,Employee
E009390,BU003,Network Engineer,Contractor
E009391,BU009,Data Engineer,Employee
E009392,BU010,Risk Analyst,Employee
E009393,BU001,Software Engineer,Employee
E009394,BU004,Financial Advisor,Employee
E009395,BU001,Systems Administrator,Employee
E009396,BU001,Software Engineer,Employee
E009397,BU001,Customer Service Rep,Employee
E009398,BU002,Data Engineer,Employee
E009399,BU002,Software Engineer,Employee
E009400,BU001,Data Engineer,Employee
E009401,BU004,Risk Analyst,Employee
E009402,BU001,Software Engineer,Employee
E009403,BU003,Systems Administrator,Employee
E009404,BU001,Software Engineer,Employee
E009405,BU001,Branch Manager,Contractor
E009406,BU001,Customer Service Rep,Contractor
E009407,BU001,Systems Administrator,Employee
E009408,BU002,Security Analyst,Employee
E009409,BU001,Risk Analyst,Employee
E009410,BU002,Software Engineer,Employee
E009411,BU001,Systems Administrator,Employee
E009412,BU004,Financial Advisor,Employee
E009413,BU005,Risk Analyst,Employee
E009414,BU001,Security Analyst,Employee
E009415,BU002,Branch Manager,Employee
E009416,BU001,Customer Service Rep,Employee
E009417,BU003,Operations Analyst,Employee
E009418,BU001,Risk Analyst,Employee
E009419,BU002,Operations Analyst,Employee
E009420,BU002,Financial Advisor,Employee
E009421,BU009,Financial Advisor,Employee
E009422,BU003,Operations Analyst,Employee
E009423,BU003,Risk Analyst,Employee
E009424,BU001,Financial Advisor,Employee
E009425,BU009,Operations Analyst,Employee
E009426,BU005,Data Engineer,Employee
E009427,BU001,Systems Administrator,Contractor
E009428,BU007,Financial Advisor,Employee
E009429,BU002,Operations Analyst,Employee
E009430,BU007,Security Analyst,Employee
E009431,BU007,Customer Service Rep,Contractor
E009432,BU001,Systems Administrator,Employee
E009433,BU004,Customer Service Rep,Employee
E009434,BU001,Risk Analyst,Employee
E009435,BU001,Systems Administrator,Employee
E009436,BU001,Risk Analyst,Employee
E009437,BU004,Software Engineer,Employee
E009438,BU001,Financial Advisor,Employee
E009439,BU001,Customer Service Rep,Employee
E009440,BU004,Security Analyst,Employee
E009441,BU001,Software Engineer,Employee
E009442,BU001,Customer Service Rep,Employee
E009443,BU001,Risk Analyst,Employee
E009444,BU001,Security Analyst,Employee
E009445,BU002,Data Engineer,Employee
E009446,BU001,Security Analyst,Employee
E009447,BU010,Data Engineer,Employee
E009448,BU004,Network Engineer,Employee
E009449,BU001,Data Engineer,Employee
E009450,BU001,Data Engineer,Contractor
E009451,BU002,Software Engineer,Employee
E009452,BU003,Data Engineer,Employee
E009453,BU001,Network Engineer,Contractor
E009454,BU001,Financial Advisor,Contractor
E009455,BU007,Software Engineer,Employee
E009456,BU001,Security Analyst,Employee
E009457,BU001,Systems Administrator,Employee
E009458,BU008,Security Analyst,Employee
E009459,BU004,Customer Service Rep,Employee
E009460,BU001,Risk Analyst,Employee
E009461,BU004,Network Engineer,Employee
E009462,BU001,Data Engineer,Employee
E009463,BU004,Network Engineer,Employee
E009464,BU002,Customer Service Rep,Employee
E009465,BU006,Software Engineer,Employee
E009466,BU009,Network Engineer,Employee
E009467,BU009,Customer Service Rep,Employee
E009468,BU009,Security Analyst,Contractor
E009469,BU002,Operations Analyst,Employee
E009470,BU001,Operations Analyst,Employee
E009471,BU002,Data Engineer,Contractor
E009472,BU004,Data Engineer,Employee
E009473,BU008,Security Analyst,Contractor
E009474,BU001,Branch Manager,Employee
E009475,BU009,Systems Administrator,Employee
E009476,BU006,Customer Service Rep,Employee
E009477,BU010,Branch Manager,Employee
E009478,BU008,Network Engineer,Employee
E009479,BU001,Software Engineer,Employee
E009480,BU001,Branch Manager,Employee
E009481,BU001,Operations Analyst,Employee
E009482,BU001,Systems Administrator,Employee
E009483,BU003,Operations Analyst,Employee
E009484,BU006,Systems Administrator,Employee
E009485,BU009,Financial Advisor,Employee
E009486,BU003,Systems Administrator,Employee
E009487,BU001,Operations Analyst,Employee
E009488,BU001,Risk Analyst,Employee
E009489,BU001,Systems Administrator,Employee
E009490,BU001,Branch Manager,Employee
E009491,BU002,Operations Analyst,Employee
E009492,BU001,Systems Administrator,Contractor
E009493,BU001,Security Analyst,Contractor
E009494,BU001,Network Engineer,Employee
E009495,BU003,Security Analyst,Contractor
E009496,BU002,Security Analyst,Employee
E009497,BU002,Risk Analyst,Employee
E009498,BU002,Financial Advisor,Employee
E009499,BU009,Network Engineer,Employee
E009500,BU001,Systems Administrator,Employee
E009501,BU002,Customer Service Rep,Employee
E009502,BU004,Data Engineer,Employee
E009503,BU003,Financial Advisor,Employee
E009504,BU009,Data Engineer,Employee
E009505,BU001,Risk Analyst,Employee
E009506,BU002,Security Analyst,Contractor
E009507,BU001,Risk Analyst,Employee
E009508,BU003,Risk Analyst,Contractor
E009509,BU001,Security Analyst,Employee
E009510,BU001,Security Analyst,Employee
E009511,BU003,Systems Administrator,Contractor
E009512,BU002,Systems Administrator,Employee
E009513,BU001,Systems Administrator,Employee
E009514,BU004,Operations Analyst,Employee
E009515,BU003,Systems Administrator,Employee
E009516,BU001,Risk Analyst,Employee
E009517,BU002,Operations Analyst,Employee
E009518,BU004,Branch Manager,Employee
E009519,BU002,Operations Analyst,Employee
E009520,BU001,Systems Administrator,Contractor
E009521,BU001,Security Analyst,Employee
E009522,BU003,Branch Manager,Employee
E009523,BU009,Systems Administrator,Employee
E009524,BU004,Risk Analyst,Employee
E009525,BU001,Systems Administrator,Employee
E009526,BU002,Customer Service Rep,Employee
E009527,BU009,Branch Manager,Employee
E009528,BU001,Software Engineer,Employee
E009529,BU010,Systems Administrator,Employee
E009530,BU009,Operations Analyst,Employee
E009531,BU001,Operations Analyst,Employee
E009532,BU009,Risk Analyst,Employee
E009533,BU001,Data Engineer,Employee
E009534,BU007,Network Engineer,Employee
E009535,BU001,Systems Administrator,Employee
E009536,BU002,Systems Administrator,Employee
E009537,BU003,Risk Analyst,Employee
E009538,BU005,Data Engineer,Employee
E009539,BU001,Customer Service Rep,Employee
E009540,BU003,Security Analyst,Employee
E009541,BU001,Financial Advisor,Employee
E009542,BU001,Risk Analyst,Employee
E009543,BU001,Data Engineer,Employee
E009544,BU002,Branch Manager,Contractor
E009545,BU001,Software Engineer,Employee
E009546,BU001,Risk Analyst,Employee
E009547,BU001,Branch Manager,Employee
E009548,BU001,Security Analyst,Employee
E009549,BU002,Security Analyst,Contractor
E009550,BU009,Risk Analyst,Employee
E009551,BU001,Risk Analyst,Employee
E009552,BU009,Systems Administrator,Employee
E009553,BU004,Data Engineer,Employee
E009554,BU003,Network Engineer,Employee
E009555,BU003,Risk Analyst,Employee
E009556,BU007,Data Engineer,Employee
E009557,BU001,Financial Advisor,Employee
E009558,BU002,Risk Analyst,Employee
E009559,BU004,Operations Analyst,Employee
E009560,BU003,Branch Manager,Employee
E009561,BU007,Branch Manager,Employee
E009562,BU001,Operations Analyst,Employee
E009563,BU004,Software Engineer,Contractor
E009564,BU002,Customer Service Rep,Employee
E009565,BU001,Network Engineer,Employee
E009566,BU001,Customer Service Rep,Employee
E009567,BU003,Network Engineer,Employee
E009568,BU009,Security Analyst,Employee
E009569,BU002,Security Analyst,Employee
E009570,BU007,Financial Advisor,Employee
E009571,BU001,Risk Analyst,Employee
E009572,BU001,Operations Analyst,Employee
E009573,BU001,Operations Analyst,Contractor
E009574,BU001,Operations Analyst,Employee
E009575,BU001,Systems Administrator,Employee
E009576,BU001,Software Engineer,Employee
E009577,BU004,Security Analyst,Employee
E009578,BU005,Software Engineer,Employee
E009579,BU001,Software Engineer,Employee
E009580,BU001,Security Analyst,Employee
E009581,BU001,Software Engineer,Employee
E009582,BU003,Branch Manager,Employee
E009583,BU001,Systems Administrator,Employee
E009584,BU001,Security Analyst,Employee
E009585,BU009,Financial Advisor,Employee
E009586,BU006,Customer Service Rep,Employee
E009587,BU001,Systems Administrator,Employee
E009588,BU001,Branch Manager,Employee
E009589,BU001,Data Engineer,Employee
E009590,BU006,Systems Administrator,Employee
E009591,BU002,Security Analyst,Employee
E009592,BU001,Network Engineer,Contractor
E009593,BU004,Systems Administrator,Employee
E009594,BU001,Customer Service Rep,Contractor
E009595,BU001,Security Analyst,Employee
E009596,BU001,Security Analyst,Contractor
E009597,BU002,Data Engineer,Contractor
E009598,BU001,Financial Advisor,Employee
E009599,BU001,Security Analyst,Employee
E009600,BU001,Data Engineer,Employee
E009601,BU001,Financial Advisor,Employee
E009602,BU005,Risk Analyst,Employee
E009603,BU001,Risk Analyst,Employee
E009604,BU001,Network Engineer,Employee
E009605,BU003,Security Analyst,Employee
E009606,BU005,Data Engineer,Employee
E009607,BU006,Data Engineer,Employee
E009608,BU002,Data Engineer,Employee
E009609,BU001,Customer Service Rep,Employee
E009610,BU004,Financial Advisor,Employee
E009611,BU004,Security Analyst,Contractor
E009612,BU001,Systems Administrator,Contractor
E009613,BU009,Risk Analyst,Employee
E009614,BU001,Network Engineer,Employee
E009615,BU010,Systems Administrator,Employee
E009616,BU008,Software Engineer,Employee
E009617,BU004,Network Engineer,Employee
E009618,BU009,Software Engineer,Employee
E009619,BU004,Network Engineer,Employee
E009620,BU001,Data Engineer,Employee
E009621,BU002,Customer Service Rep,Employee
E009622,BU001,Network Engineer,Employee
E009623,BU001,Security Analyst,Employee
E009624,BU005,Operations Analyst,Employee
E009625,BU001,Customer Service Rep,Contractor
E009626,BU001,Systems Administrator,Employee
E009627,BU003,Software Engineer,Employee
E009628,BU008,Data Engineer,Employee
E009629,BU001,Branch Manager,Employee
E009630,BU001,Systems Administrator,Employee
E009631,BU001,Security Analyst,Contractor
E009632,BU004,Customer Service Rep,Employee
E009633,BU001,Branch Manager,Employee
E009634,BU004,Risk Analyst,Contractor
E009635,BU001,Customer Service Rep,Employee
E009636,BU001,Security Analyst,Employee
E009637,BU009,Data Engineer,Employee
E009638,BU001,Customer Service Rep,Employee
E009639,BU002,Data Engineer,Employee
E009640,BU001,Risk Analyst,Employee
E009641,BU002,Systems Administrator,Employee
E009642,BU002,Financial Advisor,Employee
E009643,BU001,Security Analyst,Employee
E009644,BU001,Branch Manager,Employee
E009645,BU001,Risk Analyst,Contractor
E009646,BU004,Risk Analyst,Employee
E009647,BU006,Software Engineer,Employee
E009648,BU002,Security Analyst,Employee
E009649,BU003,Financial Advisor,Contractor
E009650,BU001,Systems Administrator,Employee
E009651,BU001,Operations Analyst,Employee
E009652,BU001,Operations Analyst,Contractor
E009653,BU001,Security Analyst,Employee
E009654,BU001,Risk Analyst,Employee
E009655,BU002,Security Analyst,Employee
E009656,BU003,Risk Analyst,Employee
E009657,BU009,Software Engineer,Employee
E009658,BU001,Operations Analyst,Contractor
E009659,BU003,Branch Manager,Employee
E009660,BU006,Network Engineer,Employee
E009661,BU003,Operations Analyst,Employee
E009662,BU001,Software Engineer,Contractor
E009663,BU001,Branch Manager,Employee
E009664,BU001,Financial Advisor,Employee
E009665,BU001,Network Engineer,Employee
E009666,BU005,Financial Advisor,Employee
E009667,BU001,Branch Manager,Employee
E009668,BU001,Network Engineer,Employee
E009669,BU004,Security Analyst,Employee
E009670,BU006,Data Engineer,Employee
E009671,BU002,Systems Administrator,Employee
E009672,BU004,Financial Advisor,Employee
E009673,BU001,Data Engineer,Employee
E009674,BU001,Financial Advisor,Employee
E009675,BU001,Customer Service Rep,Employee
E009676,BU003,Network Engineer,Employee
E009677,BU009,Operations Analyst,Contractor
E009678,BU001,Network Engineer,Employee
E009679,BU002,Security Analyst,Employee
E009680,BU001,Branch Manager,Employee
E009681,BU002,Customer Service Rep,Employee
E009682,BU001,Customer Service Rep,Employee
E009683,BU001,Financial Advisor,Employee
E009684,BU006,Network Engineer,Employee
E009685,BU003,Network Engineer,Employee
E009686,BU002,Network Engineer,Employee
E009687,BU001,Branch Manager,Employee
E009688,BU001,Customer Service Rep,Employee
E009689,BU001,Security Analyst,Employee
E009690,BU007,Risk Analyst,Contractor
E009691,BU010,Operations Analyst,Employee
E009692,BU002,Network Engineer,Contractor
E009693,BU001,Branch Manager,Employee
E009694,BU007,Software Engineer,Employee
E009695,BU002,Operations Analyst,Employee
E009696,BU003,Security Analyst,Employee
E009697,BU001,Data Engineer,Employee
E009698,BU005,Branch Manager,Employee
E009699,BU002,Network Engineer,Contractor
E009700,BU006,Systems Administrator,Employee
E009701,BU006,Risk Analyst,Employee
E009702,BU001,Software Engineer,Employee
E009703,BU004,Software Engineer,Employee
E009704,BU006,Security Analyst,Employee
E009705,BU001,Software Engineer,Employee
E009706,BU001,Financial Advisor,Employee
E009707,BU001,Network Engineer,Employee
E009708,BU002,Data Engineer,Contractor
E009709,BU001,Risk Analyst,Employee
E009710,BU003,Data Engineer,Employee
E009711,BU001,Risk Analyst,Contractor
E009712,BU007,Systems Administrator,Employee
E009713,BU001,Systems Administrator,Employee
E009714,BU001,Systems Administrator,Employee
E009715,BU002,Network Engineer,Employee
E009716,BU002,Software Engineer,Employee
E009717,BU001,Software Engineer,Employee
E009718,BU001,Risk Analyst,Employee
E009719,BU001,Network Engineer,Employee
E009720,BU004,Operations Analyst,Employee
E009721,BU005,Systems Administrator,Employee
E009722,BU002,Branch Manager,Employee
E009723,BU004,Network Engineer,Employee
E009724,BU004,Systems Administrator,Employee
E009725,BU001,Software Engineer,Employee
E009726,BU010,Security Analyst,Employee
E009727,BU007,Network Engineer,Contractor
E009728,BU001,Security Analyst,Employee
E009729,BU001,Risk Analyst,Contractor
E009730,BU001,Branch Manager,Employee
E009731,BU001,Financial Advisor,Contractor
E009732,BU005,Customer Service Rep,Employee
E009733,BU002,Financial Advisor,Employee
E009734,BU006,Customer Service Rep,Employee
E009735,BU005,Systems Administrator,Employee
E009736,BU003,Risk Analyst,Employee
E009737,BU004,Customer Service Rep,Employee
E009738,BU001,Software Engineer,Employee
E009739,BU001,Data Engineer,Employee
E009740,BU003,Data Engineer,Employee
E009741,BU001,Branch Manager,Employee
E009742,BU001,Systems Administrator,Contractor
E009743,BU007,Data Engineer,Employee
E009744,BU004,Systems Administrator,Employee
E009745,BU001,Software Engineer,Employee
E009746,BU004,Systems Administrator,Employee
E009747,BU006,Risk Analyst,Employee
E009748,BU001,Branch Manager,Employee
E009749,BU001,Systems Administrator,Employee
E009750,BU009,Branch Manager,Employee
E009751,BU001,Network Engineer,Employee
E009752,BU001,Software Engineer,Employee
E009753,BU002,Systems Administrator,Employee
E009754,BU005,Network Engineer,Employee
E009755,BU001,Data Engineer,Employee
E009756,BU001,Risk Analyst,Contractor
E009757,BU001,Security Analyst,Employee
E009758,BU010,Financial Advisor,Employee
E009759,BU001,Branch Manager,Employee
E009760,BU003,Operations Analyst,Employee
E009761,BU009,Security Analyst,Employee
E009762,BU001,Software Engineer,Employee
E009763,BU010,Network Engineer,Employee
E009764,BU009,Software Engineer,Employee
E009765,BU008,Network Engineer,Employee
E009766,BU001,Branch Manager,Employee
E009767,BU003,Branch Manager,Employee
E009768,BU005,Customer Service Rep,Contractor
E009769,BU010,Data Engineer,Employee
E009770,BU001,Operations Analyst,Employee
E009771,BU005,Systems Administrator,Employee
E009772,BU001,Customer Service Rep,Employee
E009773,BU001,Branch Manager,Employee
E009774,BU002,Risk Analyst,Contractor
E009775,BU006,Network Engineer,Employee
E009776,BU002,Security Analyst,Employee
E009777,BU002,Systems Administrator,Employee
E009778,BU010,Risk Analyst,Employee
E009779,BU001,Security Analyst,Employee
E009780,BU003,Software Engineer,Employee
E009781,BU001,Data Engineer,Employee
E009782,BU001,Customer Service Rep,Employee
E009783,BU004,Branch Manager,Employee
E009784,BU009,Systems Administrator,Employee
E009785,BU003,Financial Advisor,Employee
E009786,BU005,Software Engineer,Employee
E009787,BU001,Branch Manager,Employee
E009788,BU001,Systems Administrator,Employee
E009789,BU002,Security Analyst,Employee
E009790,BU001,Operations Analyst,Employee
E009791,BU001,Software Engineer,Employee
E009792,BU002,Operations Analyst,Employee
E009793,BU001,Security Analyst,Employee
E009794,BU001,Operations Analyst,Employee
E009795,BU002,Financial Advisor,Employee
E009796,BU003,Network Engineer,Employee
E009797,BU009,Financial Advisor,Employee
E009798,BU003,Systems Administrator,Contractor
E009799,BU001,Software Engineer,Employee
E009800,BU009,Systems Administrator,Employee
E009801,BU006,Network Engineer,Employee
E009802,BU001,Security Analyst,Contractor
E009803,BU001,Systems Administrator,Employee
E009804,BU004,Software Engineer,Employee
E009805,BU003,Risk Analyst,Contractor
E009806,BU006,Network Engineer,Employee
E009807,BU004,Risk Analyst,Employee
E009808,BU003,Financial Advisor,Contractor
E009809,BU010,Data Engineer,Employee
E009810,BU002,Branch Manager,Employee
E009811,BU001,Security Analyst,Contractor
E009812,BU007,Branch Manager,Employee
E009813,BU001,Branch Manager,Employee
E009814,BU005,Network Engineer,Employee
E009815,BU009,Security Analyst,Employee
E009816,BU004,Financial Advisor,Employee
E009817,BU003,Customer Service Rep,Employee
E009818,BU002,Network Engineer,Employee
E009819,BU001,Operations Analyst,Employee
E009820,BU001,Data Engineer,Employee
E009821,BU003,Branch Manager,Employee
E009822,BU005,Customer Service Rep,Employee
E009823,BU004,Financial Advisor,Contractor
E009824,BU001,Systems Administrator,Employee
E009825,BU002,Branch Manager,Employee
E009826,BU006,Security Analyst,Employee
E009827,BU002,Customer Service Rep,Employee
E009828,BU002,Data Engineer,Employee
E009829,BU005,Security Analyst,Contractor
E009830,BU004,Data Engineer,Employee
E009831,BU001,Security Analyst,Employee
E009832,BU009,Systems Administrator,Employee
E009833,BU001,Network Engineer,Employee
E009834,BU010,Security Analyst,Employee
E009835,BU001,Financial Advisor,Employee
E009836,BU001,Data Engineer,Employee
E009837,BU009,Operations Analyst,Employee
E009838,BU001,Network Engineer,Employee
E009839,BU004,Risk Analyst,Contractor
E009840,BU006,Systems Administrator,Employee
E009841,BU007,Operations Analyst,Employee
E009842,BU010,Branch Manager,Employee
E009843,BU001,Security Analyst,Employee
E009844,BU004,Systems Administrator,Employee
E009845,BU001,Branch Manager,Employee
E009846,BU001,Software Engineer,Employee
E009847,BU007,Systems Administrator,Employee
E009848,BU001,Operations Analyst,Employee
E009849,BU003,Branch Manager,Employee
E009850,BU002,Operations Analyst,Contractor
E009851,BU003,Data Engineer,Employee
E009852,BU010,Financial Advisor,Employee
E009853,BU001,Network Engineer,Contractor
E009854,BU003,Security Analyst,Contractor
E009855,BU008,Financial Advisor,Contractor
E009856,BU002,Operations Analyst,Employee
E009857,BU001,Financial Advisor,Employee
E009858,BU003,Financial Advisor,Employee
E009859,BU001,Systems Administrator,Employee
E009860,BU001,Systems Administrator,Employee
E009861,BU007,Financial Advisor,Employee
E009862,BU002,Systems Administrator,Employee
E009863,BU009,Risk Analyst,Employee
E009864,BU006,Security Analyst,Employee
E009865,BU004,Network Engineer,Employee
E009866,BU001,Network Engineer,Contractor
E009867,BU002,Security Analyst,Employee
E009868,BU001,Network Engineer,Employee
E009869,BU009,Financial Advisor,Employee
E009870,BU001,Security Analyst,Employee
E009871,BU001,Security Analyst,Employee
E009872,BU002,Branch Manager,Employee
E009873,BU001,Operations Analyst,Employee
E009874,BU001,Data Engineer,Employee
E009875,BU003,Data Engineer,Employee
E009876,BU001,Branch Manager,Employee
E009877,BU001,Systems Administrator,Employee
E009878,BU001,Systems Administrator,Employee
E009879,BU004,Software Engineer,Employee
E009880,BU003,Systems Administrator,Employee
E009881,BU002,Systems Administrator,Employee
E009882,BU003,Branch Manager,Employee
E009883,BU001,Data Engineer,Employee
E009884,BU009,Customer Service Rep,Contractor
E009885,BU001,Network Engineer,Employee
E009886,BU004,Risk Analyst,Employee
E009887,BU009,Risk Analyst,Employee
E009888,BU006,Risk Analyst,Employee
E009889,BU001,Network Engineer,Contractor
E009890,BU001,Network Engineer,Employee
E009891,BU004,Branch Manager,Employee
E009892,BU001,Systems Administrator,Employee
E009893,BU006,Data Engineer,Employee
E009894,BU004,Security Analyst,Employee
E009895,BU004,Security Analyst,Employee
E009896,BU001,Software Engineer,Employee
E009897,BU004,Branch Manager,Employee
E009898,BU004,Systems Administrator,Contractor
E009899,BU007,Operations Analyst,Employee
E009900,BU001,Branch Manager,Employee
E009901,BU001,Data Engineer,Contractor
E009902,BU001,Data Engineer,Employee
E009903,BU001,Financial Advisor,Employee
E009904,BU003,Data Engineer,Employee
E009905,BU009,Systems Administrator,Employee
E009906,BU001,Data Engineer,Employee
E009907,BU007,Branch Manager,Employee
E009908,BU001,Network Engineer,Contractor
E009909,BU001,Financial Advisor,Employee
E009910,BU001,Network Engineer,Employee
E009911,BU001,Data Engineer,Employee
E009912,BU009,Financial Advisor,Employee
E009913,BU001,Systems Administrator,Employee
E009914,BU003,Branch Manager,Employee
E009915,BU002,Systems Administrator,Employee
E009916,BU009,Software Engineer,Employee
E009917,BU001,Software Engineer,Employee
E009918,BU001,Data Engineer,Employee
E009919,BU001,Risk Analyst,Employee
E009920,BU002,Branch Manager,Employee
E009921,BU001,Financial Advisor,Employee
E009922,BU008,Software Engineer,Employee
E009923,BU003,Customer Service Rep,Contractor
E009924,BU003,Risk Analyst,Employee
E009925,BU002,Network Engineer,Contractor
E009926,BU001,Branch Manager,Employee
E009927,BU002,Risk Analyst,Employee
E009928,BU010,Systems Administrator,Employee
E009929,BU007,Customer Service Rep,Employee
E009930,BU009,Branch Manager,Employee
E009931,BU007,Systems Administrator,Employee
E009932,BU001,Network Engineer,Employee
E009933,BU001,Operations Analyst,Contractor
E009934,BU001,Systems Administrator,Employee
E009935,BU001,Network Engineer,Employee
E009936,BU001,Systems Administrator,Employee
E009937,BU002,Security Analyst,Employee
E009938,BU004,Customer Service Rep,Employee
E009939,BU008,Risk Analyst,Employee
E009940,BU005,Risk Analyst,Employee
E009941,BU009,Risk Analyst,Employee
E009942,BU001,Network Engineer,Employee
E009943,BU001,Risk Analyst,Employee
E009944,BU004,Branch Manager,Employee
E009945,BU001,Financial Advisor,Employee
E009946,BU001,Customer Service Rep,Employee
E009947,BU001,Branch Manager,Contractor
E009948,BU001,Data Engineer,Employee
E009949,BU002,Branch Manager,Employee
E009950,BU002,Financial Advisor,Employee
E009951,BU002,Systems Administrator,Employee
E009952,BU004,Systems Administrator,Contractor
E009953,BU001,Financial Advisor,Employee
E009954,BU001,Software Engineer,Employee
E009955,BU001,Network Engineer,Employee
E009956,BU001,Systems Administrator,Employee
E009957,BU005,Customer Service Rep,Employee
E009958,BU005,Risk Analyst,Employee
E009959,BU004,Systems Administrator,Employee
E009960,BU001,Customer Service Rep,Employee
E009961,BU003,Network Engineer,Employee
E009962,BU003,Operations Analyst,Employee
E009963,BU002,Operations Analyst,Employee
E009964,BU003,Software Engineer,Contractor
E009965,BU002,Branch Manager,Employee
E009966,BU003,Operations Analyst,Employee
E009967,BU004,Risk Analyst,Employee
E009968,BU001,Operations Analyst,Employee
E009969,BU005,Security Analyst,Employee
E009970,BU001,Data Engineer,Employee
E009971,BU001,Financial Advisor,Contractor
E009972,BU010,Software Engineer,Contractor
E009973,BU009,Financial Advisor,Employee
E009974,BU001,Operations Analyst,Employee
E009975,BU002,Security Analyst,Employee
E009976,BU001,Data Engineer,Employee
E009977,BU002,Security Analyst,Employee
E009978,BU007,Branch Manager,Employee
E009979,BU009,Risk Analyst,Employee
E009980,BU003,Operations Analyst,Employee
E009981,BU001,Financial Advisor,Contractor
E009982,BU003,Branch Manager,Employee
E009983,BU001,Financial Advisor,Employee
E009984,BU009,Customer Service Rep,Employee
E009985,BU008,Network Engineer,Employee
E009986,BU003,Operations Analyst,Employee
E009987,BU001,Software Engineer,Employee
E009988,BU001,Network Engineer,Employee
E009989,BU001,Financial Advisor,Employee
E009990,BU006,Systems Administrator,Employee
E009991,BU002,Network Engineer,Employee
E009992,BU001,Network Engineer,Employee
E009993,BU002,Data Engineer,Employee
E009994,BU006,Systems Administrator,Employee
E009995,BU001,Financial Advisor,Employee
E009996,BU007,Software Engineer,Employee
E009997,BU009,Systems Administrator,Employee
E009998,BU009,Financial Advisor,Contractor
E009999,BU001,Network Engineer,Employee
E010000,BU001,Financial Advisor,Employee
E010001,BU001,Risk Analyst,Employee
E010002,BU001,Software Engineer,Employee
E010003,BU001,Customer Service Rep,Contractor
E010004,BU003,Systems Administrator,Employee
E010005,BU002,Risk Analyst,Employee
E010006,BU008,Operations Analyst,Employee
E010007,BU001,Operations Analyst,Employee
E010008,BU003,Customer Service Rep,Employee
E010009,BU005,Software Engineer,Employee
E010010,BU005,Data Engineer,Employee
E010011,BU008,Risk Analyst,Employee
E010012,BU004,Network Engineer,Contractor
E010013,BU009,Data Engineer,Employee
E010014,BU001,Systems Administrator,Employee
E010015,BU002,Risk Analyst,Employee
E010016,BU001,Software Engineer,Employee
E010017,BU001,Customer Service Rep,Employee
E010018,BU001,Data Engineer,Employee
E010019,BU001,Network Engineer,Employee
E010020,BU001,Software Engineer,Employee
E010021,BU001,Branch Manager,Contractor
E010022,BU001,Security Analyst,Employee
E010023,BU009,Data Engineer,Employee
E010024,BU001,Operations Analyst,Employee
E010025,BU004,Customer Service Rep,Employee
E010026,BU001,Financial Advisor,Employee
E010027,BU009,Operations Analyst,Employee
E010028,BU009,Operations Analyst,Employee
E010029,BU003,Data Engineer,Employee
E010030,BU004,Software Engineer,Employee
E010031,BU001,Risk Analyst,Employee
E010032,BU010,Risk Analyst,Employee
E010033,BU008,Security Analyst,Employee
E010034,BU009,Customer Service Rep,Employee
E010035,BU003,Data Engineer,Employee
E010036,BU001,Security Analyst,Employee
E010037,BU009,Security Analyst,Employee
E010038,BU001,Network Engineer,Employee
E010039,BU003,Software Engineer,Employee
E010040,BU001,Financial Advisor,Contractor
E010041,BU009,Security Analyst,Employee
E010042,BU001,Security Analyst,Employee
E010043,BU001,Operations Analyst,Employee
E010044,BU003,Data Engineer,Employee
E010045,BU005,Financial Advisor,Employee
E010046,BU003,Data Engineer,Employee
E010047,BU001,Software Engineer,Employee
E010048,BU001,Security Analyst,Contractor
E010049,BU005,Customer Service Rep,Employee
E010050,BU010,Security Analyst,Employee
E010051,BU006,Operations Analyst,Employee
E010052,BU002,Systems Administrator,Employee
E010053,BU009,Software Engineer,Employee
E010054,BU001,Financial Advisor,Employee
E010055,BU002,Operations Analyst,Contractor
E010056,BU002,Data Engineer,Employee
E010057,BU002,Systems Administrator,Employee
E010058,BU005,Branch Manager,Employee
E010059,BU002,Branch Manager,Employee
E010060,BU001,Operations Analyst,Employee
E010061,BU001,Financial Advisor,Employee
E010062,BU001,Customer Service Rep,Employee
E010063,BU003,Branch Manager,Employee
E010064,BU001,Security Analyst,Employee
E010065,BU001,Branch Manager,Contractor
E010066,BU003,Operations Analyst,Employee
E010067,BU004,Security Analyst,Employee
E010068,BU005,Data Engineer,Employee
E010069,BU002,Software Engineer,Employee
E010070,BU009,Security Analyst,Employee
E010071,BU009,Security Analyst,Employee
E010072,BU006,Security Analyst,Employee
E010073,BU003,Financial Advisor,Employee
E010074,BU001,Security Analyst,Employee
E010075,BU010,Branch Manager,Employee
E010076,BU001,Software Engineer,Employee
E010077,BU001,Data Engineer,Employee
E010078,BU002,Systems Administrator,Employee
E010079,BU001,Data Engineer,Employee
E010080,BU010,Data Engineer,Contractor
E010081,BU003,Data Engineer,Employee
E010082,BU003,Risk Analyst,Employee
E010083,BU003,Operations Analyst,Employee
E010084,BU002,Operations Analyst,Employee
E010085,BU001,Financial Advisor,Employee
E010086,BU003,Customer Service Rep,Employee
E010087,BU004,Operations Analyst,Employee
E010088,BU001,Customer Service Rep,Employee
E010089,BU005,Security Analyst,Employee
E010090,BU001,Data Engineer,Employee
E010091,BU001,Data Engineer,Employee
E010092,BU001,Systems Administrator,Employee
E010093,BU001,Risk Analyst,Contractor
E010094,BU007,Network Engineer,Contractor
E010095,BU007,Data Engineer,Employee
E010096,BU001,Data Engineer,Employee
E010097,BU003,Operations Analyst,Employee
E010098,BU004,Risk Analyst,Employee
E010099,BU001,Risk Analyst,Employee
E010100,BU001,Customer Service Rep,Employee
E010101,BU010,Network Engineer,Employee
E010102,BU003,Operations Analyst,Employee
E010103,BU010,Branch Manager,Employee
E010104,BU001,Software Engineer,Employee
E010105,BU004,Customer Service Rep,Contractor
E010106,BU001,Operations Analyst,Employee
E010107,BU001,Risk Analyst,Employee
E010108,BU002,Systems Administrator,Employee
E010109,BU001,Software Engineer,Employee
E010110,BU001,Financial Advisor,Employee
E010111,BU001,Software Engineer,Employee
E010112,BU001,Customer Service Rep,Employee
E010113,BU004,Data Engineer,Employee
E010114,BU002,Risk Analyst,Contractor
E010115,BU001,Systems Administrator,Employee
E010116,BU001,Customer Service Rep,Employee
E010117,BU001,Systems Administrator,Employee
E010118,BU003,Risk Analyst,Employee
E010119,BU001,Software Engineer,Employee
E010120,BU005,Branch Manager,Employee
E010121,BU001,Customer Service Rep,Employee
E010122,BU001,Data Engineer,Employee
E010123,BU009,Operations Analyst,Employee
E010124,BU004,Network Engineer,Employee
E010125,BU001,Security Analyst,Employee
E010126,BU007,Financial Advisor,Contractor
E010127,BU002,Risk Analyst,Contractor
E010128,BU007,Customer Service Rep,Employee
E010129,BU003,Software Engineer,Employee
E010130,BU004,Software Engineer,Employee
E010131,BU010,Systems Administrator,Employee
E010132,BU001,Operations Analyst,Employee
E010133,BU003,Systems Administrator,Employee
E010134,BU002,Financial Advisor,Employee
E010135,BU001,Risk Analyst,Employee
E010136,BU001,Data Engineer,Employee
E010137,BU001,Customer Service Rep,Employee
E010138,BU003,Systems Administrator,Employee
E010139,BU003,Financial Advisor,Employee
E010140,BU003,Security Analyst,Employee
E010141,BU001,Financial Advisor,Employee
E010142,BU002,Data Engineer,Employee
E010143,BU009,Software Engineer,Employee
E010144,BU001,Software Engineer,Employee
E010145,BU003,Customer Service Rep,Employee
E010146,BU005,Security Analyst,Contractor
E010147,BU006,Financial Advisor,Employee
E010148,BU002,Software Engineer,Employee
E010149,BU007,Systems Administrator,Employee
E010150,BU001,Risk Analyst,Employee
E010151,BU008,Software Engineer,Employee
E010152,BU001,Financial Advisor,Employee
E010153,BU001,Data Engineer,Employee
E010154,BU001,Risk Analyst,Employee
E010155,BU006,Branch Manager,Employee
E010156,BU001,Data Engineer,Employee
E010157,BU001,Software Engineer,Employee
E010158,BU001,Data Engineer,Employee
E010159,BU009,Network Engineer,Employee
E010160,BU007,Network Engineer,Employee
E010161,BU003,Network Engineer,Employee
E010162,BU003,Branch Manager,Employee
E010163,BU002,Risk Analyst,Contractor
E010164,BU001,Network Engineer,Employee
E010165,BU009,Software Engineer,Employee
E010166,BU001,Software Engineer,Employee
E010167,BU001,Customer Service Rep,Employee
E010168,BU001,Systems Administrator,Employee
E010169,BU002,Operations Analyst,Employee
E010170,BU002,Financial Advisor,Employee
E010171,BU002,Branch Manager,Employee
E010172,BU001,Data Engineer,Contractor
E010173,BU002,Systems Administrator,Contractor
E010174,BU001,Data Engineer,Employee
E010175,BU001,Data Engineer,Employee
E010176,BU001,Operations Analyst,Employee
E010177,BU005,Security Analyst,Employee
E010178,BU002,Operations Analyst,Employee
E010179,BU003,Branch Manager,Contractor
E010180,BU004,Security Analyst,Employee
E010181,BU004,Network Engineer,Employee
E010182,BU002,Branch Manager,Employee
E010183,BU001,Risk Analyst,Employee
E010184,BU001,Software Engineer,Employee
E010185,BU003,Network Engineer,Employee
E010186,BU002,Financial Advisor,Employee
E010187,BU007,Security Analyst,Employee
E010188,BU008,Software Engineer,Employee
E010189,BU001,Customer Service Rep,Employee
E010190,BU001,Customer Service Rep,Employee
E010191,BU003,Security Analyst,Employee
E010192,BU001,Security Analyst,Employee
E010193,BU001,Branch Manager,Employee
E010194,BU008,Systems Administrator,Employee
E010195,BU001,Risk Analyst,Employee
E010196,BU009,Risk Analyst,Employee
E010197,BU004,Customer Service Rep,Contractor
E010198,BU005,Security Analyst,Employee
E010199,BU001,Security Analyst,Employee
E010200,BU001,Software Engineer,Employee
E010201,BU002,Software Engineer,Employee
E010202,BU001,Data Engineer,Employee
E010203,BU001,Operations Analyst,Employee
E010204,BU001,Network Engineer,Employee
E010205,BU001,Branch Manager,Employee
E010206,BU001,Risk Analyst,Employee
E010207,BU006,Financial Advisor,Contractor
E010208,BU001,Software Engineer,Employee
E010209,BU001,Network Engineer,Employee
E010210,BU003,Data Engineer,Employee
E010211,BU010,Data Engineer,Contractor
E010212,BU001,Branch Manager,Employee
E010213,BU001,Customer Service Rep,Employee
E010214,BU003,Data Engineer,Employee
E010215,BU009,Customer Service Rep,Employee
E010216,BU006,Branch Manager,Employee
E010217,BU003,Operations Analyst,Employee
E010218,BU001,Financial Advisor,Employee
E010219,BU003,Branch Manager,Employee
E010220,BU001,Operations Analyst,Employee
E010221,BU004,Security Analyst,Contractor
E010222,BU004,Security Analyst,Contractor
E010223,BU010,Security Analyst,Employee
E010224,BU001,Network Engineer,Employee
E010225,BU001,Network Engineer,Employee
E010226,BU003,Customer Service Rep,Employee
E010227,BU004,Risk Analyst,Employee
E010228,BU006,Network Engineer,Employee
E010229,BU001,Data Engineer,Employee
E010230,BU001,Software Engineer,Employee
E010231,BU002,Security Analyst,Employee
E010232,BU001,Data Engineer,Contractor
E010233,BU008,Systems Administrator,Employee
E010234,BU002,Software Engineer,Employee
E010235,BU006,Customer Service Rep,Employee
E010236,BU003,Network Engineer,Employee
E010237,BU005,Customer Service Rep,Employee
E010238,BU001,Network Engineer,Employee
E010239,BU007,Network Engineer,Employee
E010240,BU001,Branch Manager,Employee
E010241,BU003,Operations Analyst,Employee
E010242,BU001,Operations Analyst,Employee
E010243,BU002,Financial Advisor,Employee
E010244,BU001,Financial Advisor,Employee
E010245,BU001,Systems Administrator,Employee
E010246,BU010,Financial Advisor,Employee
E010247,BU001,Risk Analyst,Employee
E010248,BU006,Data Engineer,Employee
E010249,BU010,Systems Administrator,Contractor
E010250,BU001,Systems Administrator,Employee
E010251,BU004,Security Analyst,Employee
E010252,BU001,Operations Analyst,Contractor
E010253,BU001,Financial Advisor,Employee
E010254,BU001,Risk Analyst,Employee
E010255,BU009,Network Engineer,Contractor
E010256,BU001,Systems Administrator,Employee
E010257,BU003,Branch Manager,Employee
E010258,BU002,Software Engineer,Employee
E010259,BU008,Data Engineer,Employee
E010260,BU001,Customer Service Rep,Employee
E010261,BU004,Branch Manager,Employee
E010262,BU004,Customer Service Rep,Employee
E010263,BU004,Security Analyst,Employee
E010264,BU009,Operations Analyst,Employee
E010265,BU007,Systems Administrator,Employee
E010266,BU001,Operations Analyst,Employee
E010267,BU002,Customer Service Rep,Employee
E010268,BU001,Risk Analyst,Employee
E010269,BU001,Security Analyst,Employee
E010270,BU002,Software Engineer,Employee
E010271,BU001,Operations Analyst,Employee
E010272,BU002,Network Engineer,Employee
E010273,BU010,Financial Advisor,Employee
E010274,BU001,Systems Administrator,Contractor
E010275,BU009,Financial Advisor,Employee
E010276,BU002,Operations Analyst,Contractor
E010277,BU003,Financial Advisor,Employee
E010278,BU007,Risk Analyst,Employee
E010279,BU001,Systems Administrator,Employee
E010280,BU002,Security Analyst,Employee
E010281,BU001,Software Engineer,Employee
E010282,BU001,Software Engineer,Employee
E010283,BU009,Security Analyst,Employee
E010284,BU007,Network Engineer,Employee
E010285,BU001,Data Engineer,Employee
E010286,BU001,Customer Service Rep,Contractor
E010287,BU002,Systems Administrator,Employee
E010288,BU001,Branch Manager,Employee
E010289,BU003,Network Engineer,Employee
E010290,BU001,Risk Analyst,Employee
E010291,BU002,Data Engineer,Contractor
E010292,BU001,Data Engineer,Contractor
E010293,BU001,Network Engineer,Contractor
E010294,BU004,Data Engineer,Employee
E010295,BU002,Operations Analyst,Employee
E010296,BU010,Software Engineer,Employee
E010297,BU008,Branch Manager,Employee
E010298,BU001,Systems Administrator,Contractor
E010299,BU001,Risk Analyst,Employee
E010300,BU007,Software Engineer,Employee
E010301,BU009,Operations Analyst,Employee
E010302,BU007,Software Engineer,Employee
E010303,BU001,Data Engineer,Employee
E010304,BU010,Systems Administrator,Employee
E010305,BU001,Financial Advisor,Employee
E010306,BU004,Risk Analyst,Employee
E010307,BU009,Branch Manager,Employee
E010308,BU001,Systems Administrator,Employee
E010309,BU009,Systems Administrator,Employee
E010310,BU001,Security Analyst,Employee
E010311,BU010,Data Engineer,Employee
E010312,BU001,Risk Analyst,Contractor
E010313,BU009,Risk Analyst,Employee
E010314,BU001,Customer Service Rep,Employee
E010315,BU004,Data Engineer,Contractor
E010316,BU002,Network Engineer,Employee
E010317,BU002,Customer Service Rep,Employee
E010318,BU001,Network Engineer,Employee
E010319,BU004,Risk Analyst,Employee
E010320,BU001,Security Analyst,Employee
E010321,BU003,Operations Analyst,Employee
E010322,BU001,Risk Analyst,Contractor
E010323,BU009,Software Engineer,Employee
E010324,BU001,Security Analyst,Contractor
E010325,BU001,Risk Analyst,Employee
E010326,BU001,Operations Analyst,Employee
E010327,BU001,Customer Service Rep,Employee
E010328,BU001,Operations Analyst,Contractor
E010329,BU002,Financial Advisor,Employee
E010330,BU008,Branch Manager,Employee
E010331,BU004,Branch Manager,Employee
E010332,BU003,Operations Analyst,Employee
E010333,BU001,Systems Administrator,Employee
E010334,BU004,Branch Manager,Employee
E010335,BU001,Data Engineer,Employee
E010336,BU006,Systems Administrator,Employee
E010337,BU001,Risk Analyst,Contractor
E010338,BU001,Systems Administrator,Employee
E010339,BU001,Software Engineer,Employee
E010340,BU007,Branch Manager,Employee
E010341,BU001,Systems Administrator,Contractor
E010342,BU003,Network Engineer,Employee
E010343,BU001,Data Engineer,Employee
E010344,BU004,Systems Administrator,Employee
E010345,BU009,Operations Analyst,Employee
E010346,BU002,Security Analyst,Employee
E010347,BU002,Branch Manager,Employee
E010348,BU009,Security Analyst,Employee
E010349,BU002,Customer Service Rep,Employee
E010350,BU002,Customer Service Rep,Employee
E010351,BU003,Security Analyst,Employee
E010352,BU004,Customer Service Rep,Employee
E010353,BU001,Security Analyst,Employee
E010354,BU007,Data Engineer,Contractor
E010355,BU002,Risk Analyst,Employee
E010356,BU001,Risk Analyst,Employee
E010357,BU006,Security Analyst,Employee
E010358,BU001,Risk Analyst,Employee
E010359,BU001,Network Engineer,Employee
E010360,BU003,Security Analyst,Employee
E010361,BU008,Systems Administrator,Employee
E010362,BU008,Risk Analyst,Employee
E010363,BU009,Customer Service Rep,Employee
E010364,BU008,Financial Advisor,Employee
E010365,BU001,Customer Service Rep,Employee
E010366,BU001,Systems Administrator,Employee
E010367,BU006,Financial Advisor,Employee
E010368,BU001,Branch Manager,Employee
E010369,BU003,Software Engineer,Employee
E010370,BU003,Data Engineer,Employee
E010371,BU001,Software Engineer,Employee
E010372,BU009,Systems Administrator,Employee
E010373,BU002,Financial Advisor,Contractor
E010374,BU002,Operations Analyst,Employee
E010375,BU010,Systems Administrator,Employee
E010376,BU002,Operations Analyst,Employee
E010377,BU001,Branch Manager,Contractor
E010378,BU002,Systems Administrator,Employee
E010379,BU006,Security Analyst,Employee
E010380,BU005,Operations Analyst,Employee
E010381,BU006,Security Analyst,Employee
E010382,BU004,Branch Manager,Contractor
E010383,BU001,Network Engineer,Employee
E010384,BU008,Operations Analyst,Employee
E010385,BU009,Operations Analyst,Employee
E010386,BU001,Software Engineer,Employee
E010387,BU001,Systems Administrator,Employee
E010388,BU010,Systems Administrator,Employee
E010389,BU008,Data Engineer,Employee
E010390,BU009,Operations Analyst,Employee
E010391,BU008,Risk Analyst,Employee
E010392,BU003,Operations Analyst,Employee
E010393,BU003,Security Analyst,Employee
E010394,BU003,Systems Administrator,Employee
E010395,BU001,Software Engineer,Employee
E010396,BU005,Software Engineer,Employee
E010397,BU002,Risk Analyst,Employee
E010398,BU003,Software Engineer,Employee
E010399,BU002,Network Engineer,Employee
E010400,BU002,Systems Administrator,Employee
E010401,BU001,Customer Service Rep,Employee
E010402,BU001,Data Engineer,Employee
E010403,BU001,Financial Advisor,Employee
E010404,BU001,Risk Analyst,Employee
E010405,BU010,Operations Analyst,Employee
E010406,BU001,Branch Manager,Employee
E010407,BU001,Operations Analyst,Employee
E010408,BU003,Software Engineer,Employee
E010409,BU003,Software Engineer,Employee
E010410,BU001,Risk Analyst,Employee
E010411,BU006,Branch Manager,Employee
E010412,BU006,Customer Service Rep,Employee
E010413,BU001,Branch Manager,Employee
E010414,BU001,Branch Manager,Employee
E010415,BU009,Branch Manager,Employee
E010416,BU007,Financial Advisor,Employee
E010417,BU004,Software Engineer,Employee
E010418,BU001,Operations Analyst,Employee
E010419,BU001,Customer Service Rep,Employee
E010420,BU003,Branch Manager,Employee
E010421,BU001,Data Engineer,Employee
E010422,BU002,Systems Administrator,Employee
E010423,BU003,Customer Service Rep,Employee
E010424,BU001,Financial Advisor,Employee
E010425,BU006,Operations Analyst,Employee
E010426,BU007,Financial Advisor,Employee
E010427,BU001,Customer Service Rep,Employee
E010428,BU007,Software Engineer,Employee
E010429,BU001,Data Engineer,Employee
E010430,BU007,Security Analyst,Employee
E010431,BU001,Systems Administrator,Employee
E010432,BU001,Risk Analyst,Employee
E010433,BU003,Financial Advisor,Employee
E010434,BU002,Operations Analyst,Contractor
E010435,BU009,Risk Analyst,Employee
E010436,BU001,Software Engineer,Employee
E010437,BU001,Security Analyst,Employee
E010438,BU002,Operations Analyst,Employee
E010439,BU002,Network Engineer,Contractor
E010440,BU001,Network Engineer,Contractor
E010441,BU004,Risk Analyst,Employee
E010442,BU005,Operations Analyst,Employee
E010443,BU007,Customer Service Rep,Employee
E010444,BU010,Data Engineer,Employee
E010445,BU001,Financial Advisor,Employee
E010446,BU004,Network Engineer,Employee
E010447,BU001,Financial Advisor,Employee
E010448,BU004,Data Engineer,Employee
E010449,BU002,Data Engineer,Employee
E010450,BU010,Customer Service Rep,Employee
E010451,BU004,Branch Manager,Employee
E010452,BU009,Systems Administrator,Employee
E010453,BU007,Branch Manager,Employee
E010454,BU009,Risk Analyst,Employee
E010455,BU006,Operations Analyst,Employee
E010456,BU002,Data Engineer,Contractor
E010457,BU001,Branch Manager,Contractor
E010458,BU001,Security Analyst,Contractor
E010459,BU001,Branch Manager,Employee
E010460,BU002,Software Engineer,Employee
E010461,BU002,Network Engineer,Employee
E010462,BU002,Software Engineer,Employee
E010463,BU010,Data Engineer,Contractor
E010464,BU009,Network Engineer,Employee
E010465,BU001,Software Engineer,Employee
E010466,BU001,Data Engineer,Employee
E010467,BU002,Network Engineer,Employee
E010468,BU001,Branch Manager,Contractor
E010469,BU006,Financial Advisor,Employee
E010470,BU002,Branch Manager,Employee
E010471,BU003,Financial Advisor,Employee
E010472,BU007,Customer Service Rep,Employee
E010473,BU006,Data Engineer,Employee
E010474,BU001,Operations Analyst,Contractor
E010475,BU004,Data Engineer,Employee
E010476,BU002,Operations Analyst,Employee
E010477,BU001,Risk Analyst,Employee
E010478,BU001,Security Analyst,Employee
E010479,BU002,Financial Advisor,Employee
E010480,BU001,Branch Manager,Contractor
E010481,BU001,Data Engineer,Employee
E010482,BU004,Financial Advisor,Employee
E010483,BU005,Data Engineer,Employee
E010484,BU001,Risk Analyst,Employee
E010485,BU001,Branch Manager,Employee
E010486,BU007,Branch Manager,Contractor
E010487,BU001,Risk Analyst,Employee
E010488,BU009,Financial Advisor,Employee
E010489,BU003,Operations Analyst,Employee
E010490,BU001,Data Engineer,Contractor
E010491,BU001,Risk Analyst,Employee
E010492,BU001,Data Engineer,Employee
E010493,BU001,Financial Advisor,Contractor
E010494,BU001,Risk Analyst,Employee
E010495,BU003,Network Engineer,Employee
E010496,BU001,Network Engineer,Employee
E010497,BU002,Security Analyst,Employee
E010498,BU003,Data Engineer,Employee
E010499,BU001,Customer Service Rep,Employee
E010500,BU001,Risk Analyst,Employee
E010501,BU001,Financial Advisor,Employee
E010502,BU001,Customer Service Rep,Employee
E010503,BU004,Operations Analyst,Employee
E010504,BU001,Operations Analyst,Employee
E010505,BU006,Data Engineer,Employee
E010506,BU002,Security Analyst,Employee
E010507,BU002,Financial Advisor,Employee
E010508,BU002,Systems Administrator,Employee
E010509,BU004,Risk Analyst,Employee
E010510,BU001,Customer Service Rep,Contractor
E010511,BU001,Security Analyst,Employee
E010512,BU003,Operations Analyst,Contractor
E010513,BU001,Network Engineer,Employee
E010514,BU002,Financial Advisor,Employee
E010515,BU003,Branch Manager,Employee
E010516,BU002,Systems Administrator,Employee
E010517,BU003,Customer Service Rep,Employee
E010518,BU003,Financial Advisor,Employee
E010519,BU004,Data Engineer,Employee
E010520,BU004,Security Analyst,Employee
E010521,BU002,Customer Service Rep,Employee
E010522,BU004,Systems Administrator,Employee
E010523,BU008,Branch Manager,Employee
E010524,BU002,Network Engineer,Employee
E010525,BU001,Software Engineer,Employee
E010526,BU005,Branch Manager,Employee
E010527,BU003,Risk Analyst,Employee
E010528,BU001,Risk Analyst,Employee
E010529,BU009,Financial Advisor,Employee
E010530,BU001,Systems Administrator,Employee
E010531,BU005,Network Engineer,Contractor
E010532,BU005,Software Engineer,Employee
E010533,BU009,Systems Administrator,Employee
E010534,BU001,Risk Analyst,Employee
E010535,BU003,Operations Analyst,Employee
E010536,BU002,Systems Administrator,Employee
E010537,BU001,Network Engineer,Employee
E010538,BU001,Systems Administrator,Contractor
E010539,BU003,Network Engineer,Employee
E010540,BU002,Branch Manager,Employee
E010541,BU001,Systems Administrator,Contractor
E010542,BU003,Risk Analyst,Contractor
E010543,BU004,Financial Advisor,Employee
E010544,BU005,Systems Administrator,Employee
E010545,BU009,Software Engineer,Employee
E010546,BU001,Network Engineer,Employee
E010547,BU009,Network Engineer,Employee
E010548,BU008,Risk Analyst,Employee
E010549,BU001,Software Engineer,Employee
E010550,BU001,Security Analyst,Employee
E010551,BU002,Security Analyst,Employee
E010552,BU001,Security Analyst,Employee
E010553,BU003,Security Analyst,Employee
E010554,BU003,Systems Administrator,Employee
E010555,BU005,Security Analyst,Employee
E010556,BU002,Systems Administrator,Employee
E010557,BU001,Operations Analyst,Employee
E010558,BU007,Customer Service Rep,Employee
E010559,BU001,Financial Advisor,Contractor
E010560,BU010,Systems Administrator,Employee
E010561,BU001,Network Engineer,Employee
E010562,BU009,Software Engineer,Employee
E010563,BU001,Branch Manager,Employee
E010564,BU001,Software Engineer,Employee
E010565,BU001,Systems Administrator,Employee
E010566,BU004,Security Analyst,Employee
E010567,BU007,Software Engineer,Employee
E010568,BU002,Operations Analyst,Employee
E010569,BU009,Branch Manager,Employee
E010570,BU003,Data Engineer,Employee
E010571,BU003,Network Engineer,Employee
E010572,BU007,Systems Administrator,Employee
E010573,BU001,Financial Advisor,Employee
E010574,BU001,Network Engineer,Employee
E010575,BU009,Software Engineer,Employee
E010576,BU009,Data Engineer,Employee
E010577,BU010,Network Engineer,Employee
E010578,BU009,Customer Service Rep,Employee
E010579,BU001,Software Engineer,Contractor
E010580,BU007,Software Engineer,Employee
E010581,BU001,Systems Administrator,Employee
E010582,BU010,Network Engineer,Employee
E010583,BU002,Software Engineer,Employee
E010584,BU003,Operations Analyst,Contractor
E010585,BU002,Branch Manager,Contractor
E010586,BU001,Branch Manager,Employee
E010587,BU001,Data Engineer,Employee
E010588,BU009,Branch Manager,Contractor
E010589,BU006,Financial Advisor,Employee
E010590,BU001,Risk Analyst,Employee
E010591,BU005,Financial Advisor,Contractor
E010592,BU003,Financial Advisor,Employee
E010593,BU001,Risk Analyst,Employee
E010594,BU001,Data Engineer,Employee
E010595,BU007,Security Analyst,Employee
E010596,BU004,Operations Analyst,Employee
E010597,BU003,Risk Analyst,Employee
E010598,BU003,Systems Administrator,Employee
E010599,BU001,Network Engineer,Employee
E010600,BU002,Network Engineer,Employee
E010601,BU001,Network Engineer,Employee
E010602,BU001,Software Engineer,Employee
E010603,BU004,Customer Service Rep,Employee
E010604,BU009,Customer Service Rep,Contractor
E010605,BU001,Network Engineer,Employee
E010606,BU001,Operations Analyst,Employee
E010607,BU003,Network Engineer,Employee
E010608,BU008,Operations Analyst,Contractor
E010609,BU005,Network Engineer,Employee
E010610,BU008,Security Analyst,Employee
E010611,BU002,Financial Advisor,Employee
E010612,BU005,Data Engineer,Employee
E010613,BU001,Systems Administrator,Employee
E010614,BU001,Security Analyst,Employee
E010615,BU001,Security Analyst,Employee
E010616,BU002,Operations Analyst,Employee
E010617,BU009,Financial Advisor,Employee
E010618,BU008,Software Engineer,Employee
E010619,BU001,Systems Administrator,Employee
E010620,BU001,Software Engineer,Employee
E010621,BU001,Operations Analyst,Employee
E010622,BU001,Software Engineer,Contractor
E010623,BU003,Data Engineer,Employee
E010624,BU009,Operations Analyst,Employee
E010625,BU010,Network Engineer,Employee
E010626,BU003,Customer Service Rep,Employee
E010627,BU007,Customer Service Rep,Employee
E010628,BU002,Operations Analyst,Employee
E010629,BU001,Risk Analyst,Employee
E010630,BU002,Software Engineer,Employee
E010631,BU003,Data Engineer,Employee
E010632,BU005,Financial Advisor,Employee
E010633,BU001,Customer Service Rep,Employee
E010634,BU001,Operations Analyst,Employee
E010635,BU001,Security Analyst,Contractor
E010636,BU009,Software Engineer,Employee
E010637,BU002,Branch Manager,Employee
E010638,BU005,Systems Administrator,Employee
E010639,BU005,Systems Administrator,Contractor
E010640,BU001,Customer Service Rep,Employee
E010641,BU003,Customer Service Rep,Contractor
E010642,BU009,Security Analyst,Employee
E010643,BU002,Network Engineer,Employee
E010644,BU009,Customer Service Rep,Employee
E010645,BU001,Operations Analyst,Employee
E010646,BU001,Branch Manager,Employee
E010647,BU009,Security Analyst,Employee
E010648,BU007,Operations Analyst,Employee
E010649,BU010,Customer Service Rep,Employee
E010650,BU004,Data Engineer,Employee
E010651,BU009,Systems Administrator,Employee
E010652,BU007,Operations Analyst,Employee
E010653,BU007,Branch Manager,Employee
E010654,BU003,Customer Service Rep,Contractor
E010655,BU001,Operations Analyst,Employee
E010656,BU009,Software Engineer,Contractor
E010657,BU002,Customer Service Rep,Employee
E010658,BU002,Systems Administrator,Employee
E010659,BU002,Software Engineer,Contractor
E010660,BU003,Financial Advisor,Employee
E010661,BU002,Systems Administrator,Contractor
E010662,BU001,Risk Analyst,Employee
E010663,BU008,Security Analyst,Employee
E010664,BU002,Customer Service Rep,Contractor
E010665,BU003,Financial Advisor,Employee
E010666,BU001,Customer Service Rep,Contractor
E010667,BU001,Operations Analyst,Employee
E010668,BU001,Network Engineer,Employee
E010669,BU004,Risk Analyst,Employee
E010670,BU001,Branch Manager,Employee
E010671,BU009,Financial Advisor,Employee
E010672,BU001,Systems Administrator,Employee
E010673,BU001,Software Engineer,Employee
E010674,BU001,Operations Analyst,Employee
E010675,BU001,Operations Analyst,Employee
E010676,BU005,Branch Manager,Employee
E010677,BU008,Risk Analyst,Employee
E010678,BU003,Network Engineer,Employee
E010679,BU001,Network Engineer,Employee
E010680,BU001,Branch Manager,Employee
E010681,BU002,Risk Analyst,Employee
E010682,BU009,Security Analyst,Employee
E010683,BU001,Operations Analyst,Employee
E010684,BU004,Data Engineer,Employee
E010685,BU002,Software Engineer,Employee
E010686,BU001,Branch Manager,Employee
E010687,BU002,Risk Analyst,Employee
E010688,BU001,Security Analyst,Employee
E010689,BU006,Customer Service Rep,Employee
E010690,BU001,Software Engineer,Employee
E010691,BU004,Software Engineer,Employee
E010692,BU001,Network Engineer,Employee
E010693,BU009,Financial Advisor,Employee
E010694,BU001,Security Analyst,Employee
E010695,BU008,Network Engineer,Contractor
E010696,BU006,Operations Analyst,Employee
E010697,BU010,Software Engineer,Employee
E010698,BU002,Risk Analyst,Employee
E010699,BU004,Systems Administrator,Employee
E010700,BU001,Financial Advisor,Employee
E010701,BU001,Network Engineer,Employee
E010702,BU002,Systems Administrator,Employee
E010703,BU001,Security Analyst,Employee
E010704,BU010,Data Engineer,Contractor
E010705,BU001,Systems Administrator,Employee
E010706,BU003,Branch Manager,Contractor
E010707,BU003,Security Analyst,Employee
E010708,BU002,Branch Manager,Employee
E010709,BU004,Financial Advisor,Employee
E010710,BU001,Customer Service Rep,Employee
E010711,BU003,Systems Administrator,Employee
E010712,BU001,Security Analyst,Employee
E010713,BU009,Security Analyst,Employee
E010714,BU005,Network Engineer,Employee
E010715,BU010,Network Engineer,Employee
E010716,BU001,Security Analyst,Employee
E010717,BU001,Data Engineer,Employee
E010718,BU001,Financial Advisor,Employee
E010719,BU001,Customer Service Rep,Employee
E010720,BU001,Financial Advisor,Employee
E010721,BU004,Financial Advisor,Employee
E010722,BU001,Network Engineer,Employee
E010723,BU002,Branch Manager,Employee
E010724,BU008,Network Engineer,Employee
E010725,BU004,Systems Administrator,Employee
E010726,BU001,Operations Analyst,Employee
E010727,BU001,Customer Service Rep,Employee
E010728,BU002,Operations Analyst,Employee
E010729,BU001,Branch Manager,Employee
E010730,BU003,Risk Analyst,Employee
E010731,BU001,Customer Service Rep,Employee
E010732,BU007,Software Engineer,Employee
E010733,BU005,Risk Analyst,Employee
E010734,BU003,Risk Analyst,Employee
E010735,BU001,Branch Manager,Employee
E010736,BU001,Customer Service Rep,Employee
E010737,BU005,Customer Service Rep,Employee
E010738,BU002,Customer Service Rep,Employee
E010739,BU001,Security Analyst,Employee
E010740,BU001,Security Analyst,Contractor
E010741,BU001,Operations Analyst,Employee
E010742,BU005,Security Analyst,Employee
E010743,BU001,Software Engineer,Employee
E010744,BU002,Security Analyst,Employee
E010745,BU002,Network Engineer,Employee
E010746,BU003,Security Analyst,Employee
E010747,BU008,Branch Manager,Employee
E010748,BU008,Financial Advisor,Employee
E010749,BU002,Operations Analyst,Employee
E010750,BU001,Systems Administrator,Employee
E010751,BU002,Branch Manager,Employee
E010752,BU003,Software Engineer,Employee
E010753,BU003,Risk Analyst,Employee
E010754,BU003,Network Engineer,Employee
E010755,BU001,Branch Manager,Employee
E010756,BU003,Systems Administrator,Employee
E010757,BU001,Systems Administrator,Contractor
E010758,BU005,Customer Service Rep,Employee
E010759,BU001,Systems Administrator,Employee
E010760,BU004,Operations Analyst,Employee
E010761,BU001,Customer Service Rep,Employee
E010762,BU001,Security Analyst,Contractor
E010763,BU004,Network Engineer,Employee
E010764,BU001,Systems Administrator,Contractor
E010765,BU006,Operations Analyst,Employee
E010766,BU003,Systems Administrator,Contractor
E010767,BU003,Risk Analyst,Employee
E010768,BU001,Risk Analyst,Employee
E010769,BU002,Operations Analyst,Employee
E010770,BU003,Operations Analyst,Employee
E010771,BU002,Customer Service Rep,Employee
E010772,BU004,Financial Advisor,Employee
E010773,BU002,Operations Analyst,Employee
E010774,BU001,Network Engineer,Contractor
E010775,BU001,Operations Analyst,Employee
E010776,BU001,Risk Analyst,Employee
E010777,BU001,Systems Administrator,Employee
E010778,BU005,Branch Manager,Employee
E010779,BU006,Network Engineer,Employee
E010780,BU001,Branch Manager,Employee
E010781,BU009,Data Engineer,Employee
E010782,BU002,Risk Analyst,Employee
E010783,BU009,Operations Analyst,Employee
E010784,BU004,Operations Analyst,Employee
E010785,BU004,Risk Analyst,Employee
E010786,BU001,Branch Manager,Employee
E010787,BU001,Systems Administrator,Employee
E010788,BU001,Financial Advisor,Employee
E010789,BU004,Risk Analyst,Employee
E010790,BU001,Financial Advisor,Employee
E010791,BU006,Customer Service Rep,Contractor
E010792,BU001,Security Analyst,Employee
E010793,BU006,Financial Advisor,Employee
E010794,BU001,Data Engineer,Employee
E010795,BU001,Systems Administrator,Employee
E010796,BU001,Operations Analyst,Employee
E010797,BU001,Operations Analyst,Employee
E010798,BU001,Branch Manager,Employee
E010799,BU005,Network Engineer,Contractor
E010800,BU001,Network Engineer,Employee
E010801,BU001,Data Engineer,Employee
E010802,BU007,Risk Analyst,Employee
E010803,BU001,Customer Service Rep,Employee
E010804,BU009,Data Engineer,Employee
E010805,BU010,Customer Service Rep,Employee
E010806,BU001,Customer Service Rep,Employee
E010807,BU001,Risk Analyst,Employee
E010808,BU001,Network Engineer,Contractor
E010809,BU005,Software Engineer,Employee
E010810,BU003,Security Analyst,Employee
E010811,BU003,Software Engineer,Contractor
E010812,BU005,Branch Manager,Employee
E010813,BU001,Operations Analyst,Employee
E010814,BU007,Financial Advisor,Employee
E010815,BU004,Operations Analyst,Employee
E010816,BU003,Branch Manager,Contractor
E010817,BU008,Customer Service Rep,Employee
E010818,BU004,Customer Service Rep,Employee
E010819,BU001,Network Engineer,Employee
E010820,BU002,Software Engineer,Employee
E010821,BU002,Operations Analyst,Employee
E010822,BU001,Risk Analyst,Contractor
E010823,BU009,Customer Service Rep,Employee
E010824,BU001,Risk Analyst,Employee
E010825,BU004,Systems Administrator,Employee
E010826,BU002,Operations Analyst,Employee
E010827,BU001,Security Analyst,Employee
E010828,BU009,Network Engineer,Employee
E010829,BU007,Security Analyst,Employee
E010830,BU002,Risk Analyst,Employee
E010831,BU001,Security Analyst,Employee
E010832,BU001,Systems Administrator,Employee
E010833,BU001,Security Analyst,Employee
E010834,BU001,Security Analyst,Employee
E010835,BU002,Customer Service Rep,Employee
E010836,BU010,Customer Service Rep,Employee
E010837,BU003,Branch Manager,Employee
E010838,BU008,Operations Analyst,Employee
E010839,BU003,Customer Service Rep,Contractor
E010840,BU002,Network Engineer,Employee
E010841,BU007,Financial Advisor,Employee
E010842,BU002,Software Engineer,Employee
E010843,BU008,Software Engineer,Employee
E010844,BU001,Software Engineer,Employee
E010845,BU001,Customer Service Rep,Employee
E010846,BU007,Systems Administrator,Employee
E010847,BU003,Branch Manager,Employee
E010848,BU008,Data Engineer,Employee
E010849,BU009,Customer Service Rep,Employee
E010850,BU001,Risk Analyst,Employee
E010851,BU002,Customer Service Rep,Employee
E010852,BU001,Systems Administrator,Employee
E010853,BU003,Software Engineer,Employee
E010854,BU006,Systems Administrator,Employee
E010855,BU001,Customer Service Rep,Employee
E010856,BU003,Customer Service Rep,Employee
E010857,BU004,Network Engineer,Employee
E010858,BU001,Financial Advisor,Contractor
E010859,BU006,Financial Advisor,Employee
E010860,BU003,Network Engineer,Employee
E010861,BU009,Security Analyst,Employee
E010862,BU001,Network Engineer,Employee
E010863,BU001,Financial Advisor,Contractor
E010864,BU002,Financial Advisor,Employee
E010865,BU001,Network Engineer,Employee
E010866,BU010,Financial Advisor,Employee
E010867,BU001,Customer Service Rep,Employee
E010868,BU005,Network Engineer,Employee
E010869,BU002,Financial Advisor,Employee
E010870,BU001,Data Engineer,Employee
E010871,BU001,Network Engineer,Employee
E010872,BU003,Customer Service Rep,Employee
E010873,BU003,Security Analyst,Employee
E010874,BU001,Customer Service Rep,Employee
E010875,BU009,Software Engineer,Employee
E010876,BU001,Software Engineer,Employee
E010877,BU002,Security Analyst,Employee
E010878,BU003,Branch Manager,Employee
E010879,BU001,Risk Analyst,Contractor
E010880,BU009,Systems Administrator,Contractor
E010881,BU001,Software Engineer,Employee
E010882,BU001,Systems Administrator,Employee
E010883,BU001,Systems Administrator,Contractor
E010884,BU003,Risk Analyst,Employee
E010885,BU002,Software Engineer,Employee
E010886,BU004,Security Analyst,Employee
E010887,BU001,Branch Manager,Employee
E010888,BU001,Systems Administrator,Contractor
E010889,BU006,Data Engineer,Employee
E010890,BU001,Financial Advisor,Contractor
E010891,BU007,Software Engineer,Employee
E010892,BU001,Security Analyst,Employee
E010893,BU007,Operations Analyst,Employee
E010894,BU001,Customer Service Rep,Contractor
E010895,BU003,Security Analyst,Employee
E010896,BU001,Network Engineer,Contractor
E010897,BU001,Branch Manager,Contractor
E010898,BU001,Customer Service Rep,Employee
E010899,BU001,Network Engineer,Employee
E010900,BU001,Financial Advisor,Employee
E010901,BU002,Customer Service Rep,Employee
E010902,BU003,Branch Manager,Contractor
E010903,BU006,Network Engineer,Employee
E010904,BU003,Financial Advisor,Employee
E010905,BU003,Systems Administrator,Employee
E010906,BU001,Operations Analyst,Employee
E010907,BU002,Security Analyst,Employee
E010908,BU001,Systems Administrator,Employee
E010909,BU007,Network Engineer,Employee
E010910,BU001,Systems Administrator,Employee
E010911,BU001,Network Engineer,Employee
E010912,BU003,Data Engineer,Employee
E010913,BU001,Risk Analyst,Employee
E010914,BU009,Financial Advisor,Employee
E010915,BU007,Systems Administrator,Employee
E010916,BU001,Risk Analyst,Employee
E010917,BU001,Branch Manager,Employee
E010918,BU002,Data Engineer,Employee
E010919,BU003,Software Engineer,Employee
E010920,BU001,Risk Analyst,Employee
E010921,BU004,Branch Manager,Employee
E010922,BU003,Software Engineer,Employee
E010923,BU001,Branch Manager,Employee
E010924,BU001,Financial Advisor,Employee
E010925,BU005,Software Engineer,Employee
E010926,BU001,Branch Manager,Contractor
E010927,BU007,Data Engineer,Employee
E010928,BU002,Systems Administrator,Employee
E010929,BU003,Branch Manager,Employee
E010930,BU008,Operations Analyst,Employee
E010931,BU008,Operations Analyst,Employee
E010932,BU001,Software Engineer,Employee
E010933,BU001,Software Engineer,Employee
E010934,BU005,Branch Manager,Employee
E010935,BU002,Customer Service Rep,Employee
E010936,BU001,Operations Analyst,Employee
E010937,BU009,Data Engineer,Employee
E010938,BU001,Customer Service Rep,Employee
E010939,BU001,Financial Advisor,Employee
E010940,BU001,Risk Analyst,Employee
E010941,BU003,Data Engineer,Employee
E010942,BU004,Branch Manager,Employee
E010943,BU001,Data Engineer,Employee
E010944,BU001,Financial Advisor,Employee
E010945,BU001,Branch Manager,Employee
E010946,BU004,Financial Advisor,Employee
E010947,BU001,Systems Administrator,Employee
E010948,BU009,Operations Analyst,Employee
E010949,BU001,Data Engineer,Employee
E010950,BU010,Branch Manager,Employee
E010951,BU001,Customer Service Rep,Employee
E010952,BU005,Data Engineer,Employee
E010953,BU001,Risk Analyst,Employee
E010954,BU001,Data Engineer,Employee
E010955,BU008,Data Engineer,Employee
E010956,BU007,Branch Manager,Employee
E010957,BU001,Data Engineer,Employee
E010958,BU004,Security Analyst,Employee
E010959,BU003,Risk Analyst,Employee
E010960,BU007,Operations Analyst,Employee
E010961,BU001,Financial Advisor,Employee
E010962,BU002,Software Engineer,Employee
E010963,BU002,Network Engineer,Employee
E010964,BU001,Network Engineer,Employee
E010965,BU009,Branch Manager,Employee
E010966,BU001,Systems Administrator,Contractor
E010967,BU001,Risk Analyst,Employee
E010968,BU003,Data Engineer,Employee
E010969,BU003,Security Analyst,Employee
E010970,BU001,Operations Analyst,Contractor
E010971,BU001,Risk Analyst,Employee
E010972,BU009,Operations Analyst,Contractor
E010973,BU001,Operations Analyst,Employee
E010974,BU004,Financial Advisor,Employee
E010975,BU005,Branch Manager,Employee
E010976,BU002,Customer Service Rep,Employee
E010977,BU009,Data Engineer,Employee
E010978,BU004,Operations Analyst,Employee
E010979,BU002,Network Engineer,Contractor
E010980,BU003,Systems Administrator,Employee
E010981,BU004,Software Engineer,Contractor
E010982,BU003,Risk Analyst,Employee
E010983,BU008,Software Engineer,Employee
E010984,BU001,Financial Advisor,Employee
E010985,BU001,Data Engineer,Employee
E010986,BU001,Software Engineer,Employee
E010987,BU001,Customer Service Rep,Employee
E010988,BU001,Financial Advisor,Employee
E010989,BU008,Network Engineer,Contractor
E010990,BU004,Customer Service Rep,Employee
E010991,BU004,Branch Manager,Contractor
E010992,BU003,Customer Service Rep,Employee
E010993,BU007,Security Analyst,Employee
E010994,BU002,Security Analyst,Employee
E010995,BU008,Operations Analyst,Employee
E010996,BU001,Customer Service Rep,Employee
E010997,BU009,Systems Administrator,Employee
E010998,BU004,Network Engineer,Employee
E010999,BU001,Branch Manager,Employee
E011000,BU003,Network Engineer,Employee
E011001,BU002,Security Analyst,Employee
E011002,BU001,Risk Analyst,Employee
E011003,BU003,Security Analyst,Employee
E011004,BU001,Financial Advisor,Employee
E011005,BU001,Security Analyst,Employee
E011006,BU009,Financial Advisor,Employee
E011007,BU003,Systems Administrator,Employee
E011008,BU008,Software Engineer,Employee
E011009,BU004,Network Engineer,Employee
E011010,BU001,Security Analyst,Employee
E011011,BU002,Operations Analyst,Employee
E011012,BU004,Systems Administrator,Employee
E011013,BU010,Operations Analyst,Employee
E011014,BU001,Software Engineer,Employee
E011015,BU008,Security Analyst,Employee
E011016,BU009,Network Engineer,Contractor
E011017,BU004,Operations Analyst,Employee
E011018,BU009,Security Analyst,Employee
E011019,BU001,Operations Analyst,Employee
E011020,BU009,Network Engineer,Employee
E011021,BU004,Financial Advisor,Employee
E011022,BU001,Financial Advisor,Employee
E011023,BU009,Risk Analyst,Employee
E011024,BU002,Network Engineer,Employee
E011025,BU002,Branch Manager,Employee
E011026,BU003,Financial Advisor,Employee
E011027,BU001,Branch Manager,Employee
E011028,BU002,Systems Administrator,Employee
E011029,BU007,Customer Service Rep,Employee
E011030,BU001,Network Engineer,Employee
E011031,BU001,Security Analyst,Employee
E011032,BU001,Systems Administrator,Employee
E011033,BU001,Data Engineer,Employee
E011034,BU004,Operations Analyst,Employee
E011035,BU006,Software Engineer,Employee
E011036,BU009,Risk Analyst,Employee
E011037,BU003,Security Analyst,Employee
E011038,BU001,Data Engineer,Employee
E011039,BU009,Branch Manager,Employee
E011040,BU005,Security Analyst,Employee
E011041,BU003,Security Analyst,Employee
E011042,BU004,Network Engineer,Employee
E011043,BU009,Network Engineer,Employee
E011044,BU004,Security Analyst,Contractor
E011045,BU001,Branch Manager,Employee
E011046,BU004,Financial Advisor,Contractor
E011047,BU001,Software Engineer,Employee
E011048,BU001,Systems Administrator,Employee
E011049,BU001,Operations Analyst,Employee
E011050,BU001,Operations Analyst,Employee
E011051,BU001,Risk Analyst,Employee
E011052,BU001,Software Engineer,Employee
E011053,BU003,Systems Administrator,Employee
E011054,BU006,Risk Analyst,Contractor
E011055,BU010,Risk Analyst,Employee
E011056,BU001,Systems Administrator,Employee
E011057,BU003,Data Engineer,Employee
E011058,BU009,Financial Advisor,Employee
E011059,BU001,Data Engineer,Employee
E011060,BU004,Financial Advisor,Employee
E011061,BU005,Data Engineer,Employee
E011062,BU001,Operations Analyst,Employee
E011063,BU008,Operations Analyst,Employee
E011064,BU006,Branch Manager,Contractor
E011065,BU001,Systems Administrator,Employee
E011066,BU001,Network Engineer,Employee
E011067,BU001,Customer Service Rep,Employee
E011068,BU001,Financial Advisor,Employee
E011069,BU002,Operations Analyst,Employee
E011070,BU002,Risk Analyst,Contractor
E011071,BU001,Security Analyst,Contractor
E011072,BU009,Software Engineer,Contractor
E011073,BU001,Security Analyst,Employee
E011074,BU001,Security Analyst,Employee
E011075,BU001,Systems Administrator,Employee
E011076,BU002,Branch Manager,Employee
E011077,BU001,Customer Service Rep,Employee
E011078,BU001,Software Engineer,Employee
E011079,BU001,Software Engineer,Employee
E011080,BU006,Customer Service Rep,Employee
E011081,BU010,Risk Analyst,Employee
E011082,BU001,Customer Service Rep,Employee
E011083,BU001,Systems Administrator,Contractor
E011084,BU003,Data Engineer,Employee
E011085,BU004,Software Engineer,Employee
E011086,BU001,Systems Administrator,Employee
E011087,BU009,Software Engineer,Employee
E011088,BU003,Risk Analyst,Employee
E011089,BU002,Operations Analyst,Employee
E011090,BU003,Network Engineer,Employee
E011091,BU009,Financial Advisor,Employee
E011092,BU006,Operations Analyst,Employee
E011093,BU001,Software Engineer,Employee
E011094,BU001,Branch Manager,Employee
E011095,BU002,Systems Administrator,Employee
E011096,BU001,Customer Service Rep,Employee
E011097,BU004,Software Engineer,Employee
E011098,BU007,Data Engineer,Contractor
E011099,BU004,Security Analyst,Employee
E011100,BU010,Financial Advisor,Contractor
E011101,BU001,Systems Administrator,Employee
E011102,BU008,Branch Manager,Employee
E011103,BU005,Risk Analyst,Employee
E011104,BU001,Branch Manager,Employee
E011105,BU004,Customer Service Rep,Employee
E011106,BU001,Branch Manager,Employee
E011107,BU006,Security Analyst,Employee
E011108,BU002,Software Engineer,Employee
E011109,BU001,Customer Service Rep,Employee
E011110,BU003,Network Engineer,Employee
E011111,BU003,Security Analyst,Employee
E011112,BU001,Risk Analyst,Contractor
E011113,BU001,Data Engineer,Employee
E011114,BU002,Financial Advisor,Employee
E011115,BU003,Branch Manager,Employee
E011116,BU008,Security Analyst,Employee
E011117,BU009,Systems Administrator,Employee
E011118,BU002,Data Engineer,Employee
E011119,BU005,Network Engineer,Employee
E011120,BU002,Data Engineer,Contractor
E011121,BU005,Software Engineer,Employee
E011122,BU001,Data Engineer,Employee
E011123,BU001,Network Engineer,Contractor
E011124,BU003,Systems Administrator,Employee
E011125,BU001,Operations Analyst,Employee
E011126,BU004,Operations Analyst,Employee
E011127,BU007,Risk Analyst,Employee
E011128,BU001,Operations Analyst,Employee
E011129,BU002,Customer Service Rep,Employee
E011130,BU007,Network Engineer,Employee
E011131,BU005,Branch Manager,Employee
E011132,BU001,Security Analyst,Employee
E011133,BU001,Software Engineer,Employee
E011134,BU004,Security Analyst,Employee
E011135,BU003,Security Analyst,Contractor
E011136,BU001,Software Engineer,Employee
E011137,BU001,Software Engineer,Employee
E011138,BU009,Data Engineer,Employee
E011139,BU004,Network Engineer,Employee
E011140,BU010,Systems Administrator,Employee
E011141,BU005,Branch Manager,Employee
E011142,BU009,Systems Administrator,Contractor
E011143,BU001,Financial Advisor,Employee
E011144,BU005,Risk Analyst,Contractor
E011145,BU001,Financial Advisor,Employee
E011146,BU004,Risk Analyst,Employee
E011147,BU002,Data Engineer,Employee
E011148,BU001,Operations Analyst,Employee
E011149,BU008,Security Analyst,Employee
E011150,BU007,Risk Analyst,Employee
E011151,BU001,Risk Analyst,Employee
E011152,BU003,Network Engineer,Employee
E011153,BU001,Operations Analyst,Employee
E011154,BU001,Branch Manager,Employee
E011155,BU007,Security Analyst,Employee
E011156,BU001,Network Engineer,Contractor
E011157,BU009,Software Engineer,Employee
E011158,BU001,Systems Administrator,Employee
E011159,BU004,Operations Analyst,Contractor
E011160,BU004,Customer Service Rep,Employee
E011161,BU001,Software Engineer,Employee
E011162,BU001,Security Analyst,Employee
E011163,BU007,Software Engineer,Contractor
E011164,BU005,Operations Analyst,Employee
E011165,BU001,Software Engineer,Employee
E011166,BU002,Software Engineer,Employee
E011167,BU001,Operations Analyst,Employee
E011168,BU001,Risk Analyst,Employee
E011169,BU002,Customer Service Rep,Employee
E011170,BU001,Network Engineer,Employee
E011171,BU007,Financial Advisor,Employee
E011172,BU004,Software Engineer,Employee
E011173,BU009,Branch Manager,Employee
E011174,BU004,Financial Advisor,Contractor
E011175,BU009,Customer Service Rep,Employee
E011176,BU003,Operations Analyst,Employee
E011177,BU003,Network Engineer,Employee
E011178,BU010,Systems Administrator,Employee
E011179,BU003,Branch Manager,Employee
E011180,BU001,Security Analyst,Contractor
E011181,BU004,Risk Analyst,Employee
E011182,BU009,Branch Manager,Employee
E011183,BU006,Data Engineer,Employee
E011184,BU003,Network Engineer,Employee
E011185,BU004,Customer Service Rep,Employee
E011186,BU010,Systems Administrator,Employee
E011187,BU001,Security Analyst,Employee
E011188,BU004,Security Analyst,Contractor
E011189,BU001,Operations Analyst,Employee
E011190,BU003,Operations Analyst,Employee
E011191,BU003,Security Analyst,Employee
E011192,BU001,Systems Administrator,Employee
E011193,BU001,Systems Administrator,Employee
E011194,BU003,Financial Advisor,Employee
E011195,BU001,Customer Service Rep,Contractor
E011196,BU001,Data Engineer,Employee
E011197,BU007,Risk Analyst,Employee
E011198,BU001,Software Engineer,Contractor
E011199,BU002,Data Engineer,Employee
E011200,BU009,Systems Administrator,Employee
E011201,BU001,Systems Administrator,Employee
E011202,BU001,Software Engineer,Contractor
E011203,BU003,Software Engineer,Contractor
E011204,BU005,Security Analyst,Employee
E011205,BU009,Data Engineer,Employee
E011206,BU009,Data Engineer,Employee
E011207,BU005,Risk Analyst,Employee
E011208,BU001,Software Engineer,Employee
E011209,BU001,Network Engineer,Employee
E011210,BU001,Data Engineer,Employee
E011211,BU001,Risk Analyst,Employee
E011212,BU004,Security Analyst,Employee
E011213,BU004,Security Analyst,Employee
E011214,BU001,Operations Analyst,Employee
E011215,BU007,Operations Analyst,Employee
E011216,BU001,Financial Advisor,Employee
E011217,BU002,Risk Analyst,Employee
E011218,BU004,Security Analyst,Employee
E011219,BU002,Financial Advisor,Employee
E011220,BU002,Operations Analyst,Employee
E011221,BU001,Branch Manager,Employee
E011222,BU001,Data Engineer,Employee
E011223,BU005,Software Engineer,Contractor
E011224,BU009,Security Analyst,Employee
E011225,BU001,Systems Administrator,Employee
E011226,BU002,Operations Analyst,Employee
E011227,BU004,Data Engineer,Employee
E011228,BU009,Risk Analyst,Employee
E011229,BU001,Systems Administrator,Employee
E011230,BU002,Financial Advisor,Employee
E011231,BU006,Systems Administrator,Employee
E011232,BU003,Software Engineer,Employee
E011233,BU001,Data Engineer,Employee
E011234,BU003,Systems Administrator,Employee
E011235,BU001,Risk Analyst,Employee
E011236,BU002,Financial Advisor,Employee
E011237,BU002,Branch Manager,Employee
E011238,BU008,Customer Service Rep,Employee
E011239,BU002,Security Analyst,Contractor
E011240,BU001,Software Engineer,Employee
E011241,BU001,Network Engineer,Employee
E011242,BU008,Customer Service Rep,Employee
E011243,BU001,Operations Analyst,Contractor
E011244,BU002,Security Analyst,Employee
E011245,BU001,Operations Analyst,Contractor
E011246,BU005,Risk Analyst,Employee
E011247,BU002,Network Engineer,Contractor
E011248,BU001,Operations Analyst,Employee
E011249,BU001,Branch Manager,Employee
E011250,BU007,Customer Service Rep,Employee
E011251,BU003,Risk Analyst,Employee
E011252,BU004,Operations Analyst,Contractor
E011253,BU009,Network Engineer,Employee
E011254,BU009,Financial Advisor,Employee
E011255,BU001,Data Engineer,Employee
E011256,BU009,Branch Manager,Employee
E011257,BU001,Operations Analyst,Employee
E011258,BU001,Financial Advisor,Employee
E011259,BU009,Software Engineer,Employee
E011260,BU001,Software Engineer,Employee
E011261,BU001,Network Engineer,Employee
E011262,BU001,Data Engineer,Contractor
E011263,BU003,Risk Analyst,Employee
E011264,BU002,Network Engineer,Employee
E011265,BU004,Customer Service Rep,Employee
E011266,BU009,Security Analyst,Employee
E011267,BU004,Customer Service Rep,Employee
E011268,BU001,Network Engineer,Employee
E011269,BU009,Data Engineer,Employee
E011270,BU001,Operations Analyst,Employee
E011271,BU001,Systems Administrator,Employee
E011272,BU001,Software Engineer,Employee
E011273,BU003,Data Engineer,Employee
E011274,BU001,Data Engineer,Employee
E011275,BU001,Network Engineer,Employee
E011276,BU001,Software Engineer,Employee
E011277,BU001,Data Engineer,Employee
E011278,BU003,Software Engineer,Employee
E011279,BU006,Software Engineer,Employee
E011280,BU005,Security Analyst,Employee
E011281,BU001,Data Engineer,Contractor
E011282,BU001,Risk Analyst,Employee
E011283,BU010,Data Engineer,Employee
E011284,BU001,Security Analyst,Employee
E011285,BU008,Financial Advisor,Employee
E011286,BU001,Network Engineer,Contractor
E011287,BU009,Branch Manager,Employee
E011288,BU001,Data Engineer,Employee
E011289,BU002,Customer Service Rep,Employee
E011290,BU004,Security Analyst,Employee
E011291,BU003,Systems Administrator,Employee
E011292,BU001,Data Engineer,Employee
E011293,BU003,Financial Advisor,Employee
E011294,BU004,Branch Manager,Employee
E011295,BU001,Operations Analyst,Contractor
E011296,BU001,Operations Analyst,Employee
E011297,BU002,Operations Analyst,Employee
E011298,BU001,Operations Analyst,Employee
E011299,BU004,Security Analyst,Employee
E011300,BU001,Data Engineer,Employee
E011301,BU002,Risk Analyst,Employee
E011302,BU001,Network Engineer,Employee
E011303,BU003,Branch Manager,Employee
E011304,BU001,Branch Manager,Contractor
E011305,BU001,Network Engineer,Employee
E011306,BU001,Network Engineer,Contractor
E011307,BU009,Risk Analyst,Employee
E011308,BU001,Customer Service Rep,Employee
E011309,BU004,Network Engineer,Employee
E011310,BU001,Customer Service Rep,Employee
E011311,BU001,Operations Analyst,Employee
E011312,BU002,Operations Analyst,Employee
E011313,BU002,Customer Service Rep,Employee
E011314,BU009,Data Engineer,Employee
E011315,BU009,Risk Analyst,Employee
E011316,BU005,Risk Analyst,Employee
E011317,BU003,Operations Analyst,Employee
E011318,BU002,Branch Manager,Employee
E011319,BU001,Network Engineer,Employee
E011320,BU009,Operations Analyst,Employee
E011321,BU003,Operations Analyst,Employee
E011322,BU003,Financial Advisor,Contractor
E011323,BU001,Operations Analyst,Employee
E011324,BU001,Operations Analyst,Employee
E011325,BU009,Branch Manager,Employee
E011326,BU001,Customer Service Rep,Employee
E011327,BU002,Systems Administrator,Employee
E011328,BU001,Operations Analyst,Employee
E011329,BU007,Customer Service Rep,Contractor
E011330,BU001,Customer Service Rep,Employee
E011331,BU007,Software Engineer,Employee
E011332,BU001,Financial Advisor,Employee
E011333,BU008,Security Analyst,Employee
E011334,BU004,Security Analyst,Employee
E011335,BU001,Systems Administrator,Employee
E011336,BU003,Software Engineer,Employee
E011337,BU001,Network Engineer,Contractor
E011338,BU001,Risk Analyst,Employee
E011339,BU007,Customer Service Rep,Employee
E011340,BU001,Systems Administrator,Employee
E011341,BU001,Network Engineer,Employee
E011342,BU001,Branch Manager,Employee
E011343,BU001,Systems Administrator,Employee
E011344,BU008,Security Analyst,Employee
E011345,BU001,Network Engineer,Employee
E011346,BU009,Customer Service Rep,Contractor
E011347,BU009,Customer Service Rep,Employee
E011348,BU001,Software Engineer,Employee
E011349,BU001,Data Engineer,Employee
E011350,BU008,Data Engineer,Employee
E011351,BU001,Customer Service Rep,Employee
E011352,BU001,Network Engineer,Contractor
E011353,BU001,Security Analyst,Employee
E011354,BU003,Customer Service Rep,Contractor
E011355,BU006,Software Engineer,Employee
E011356,BU001,Financial Advisor,Employee
E011357,BU001,Software Engineer,Employee
E011358,BU009,Data Engineer,Employee
E011359,BU005,Systems Administrator,Employee
E011360,BU003,Customer Service Rep,Employee
E011361,BU005,Operations Analyst,Employee
E011362,BU002,Systems Administrator,Employee
E011363,BU005,Risk Analyst,Employee
E011364,BU001,Security Analyst,Contractor
E011365,BU001,Branch Manager,Employee
E011366,BU004,Risk Analyst,Employee
E011367,BU001,Operations Analyst,Employee
E011368,BU010,Customer Service Rep,Employee
E011369,BU001,Branch Manager,Employee
E011370,BU009,Systems Administrator,Employee
E011371,BU009,Branch Manager,Employee
E011372,BU001,Systems Administrator,Employee
E011373,BU006,Customer Service Rep,Employee
E011374,BU002,Network Engineer,Employee
E011375,BU009,Network Engineer,Employee
E011376,BU002,Software Engineer,Employee
E011377,BU005,Customer Service Rep,Employee
E011378,BU002,Network Engineer,Contractor
E011379,BU001,Branch Manager,Employee
E011380,BU001,Customer Service Rep,Employee
E011381,BU002,Customer Service Rep,Employee
E011382,BU005,Branch Manager,Employee
E011383,BU003,Risk Analyst,Employee
E011384,BU004,Systems Administrator,Employee
E011385,BU001,Financial Advisor,Employee
E011386,BU002,Systems Administrator,Employee
E011387,BU001,Network Engineer,Employee
E011388,BU006,Financial Advisor,Employee
E011389,BU010,Software Engineer,Employee
E011390,BU001,Operations Analyst,Contractor
E011391,BU001,Branch Manager,Contractor
E011392,BU001,Systems Administrator,Employee
E011393,BU003,Systems Administrator,Employee
E011394,BU003,Risk Analyst,Employee
E011395,BU006,Customer Service Rep,Contractor
E011396,BU001,Data Engineer,Employee
E011397,BU005,Data Engineer,Employee
E011398,BU004,Network Engineer,Employee
E011399,BU001,Data Engineer,Contractor
E011400,BU003,Operations Analyst,Contractor
E011401,BU001,Software Engineer,Employee
E011402,BU002,Operations Analyst,Employee
E011403,BU008,Customer Service Rep,Employee
E011404,BU002,Security Analyst,Employee
E011405,BU007,Data Engineer,Employee
E011406,BU003,Software Engineer,Employee
E011407,BU001,Risk Analyst,Employee
E011408,BU003,Customer Service Rep,Employee
E011409,BU002,Financial Advisor,Employee
E011410,BU001,Security Analyst,Employee
E011411,BU001,Software Engineer,Employee
E011412,BU001,Risk Analyst,Employee
E011413,BU001,Operations Analyst,Employee
E011414,BU001,Operations Analyst,Employee
E011415,BU001,Operations Analyst,Employee
E011416,BU001,Operations Analyst,Employee
E011417,BU009,Risk Analyst,Employee
E011418,BU001,Operations Analyst,Employee
E011419,BU005,Risk Analyst,Employee
E011420,BU002,Branch Manager,Contractor
E011421,BU004,Systems Administrator,Employee
E011422,BU001,Operations Analyst,Employee
E011423,BU009,Systems Administrator,Employee
E011424,BU002,Security Analyst,Employee
E011425,BU007,Network Engineer,Employee
E011426,BU001,Network Engineer,Employee
E011427,BU001,Customer Service Rep,Contractor
E011428,BU004,Software Engineer,Contractor
E011429,BU001,Branch Manager,Contractor
E011430,BU002,Network Engineer,Employee
E011431,BU001,Software Engineer,Employee
E011432,BU003,Risk Analyst,Employee
E011433,BU010,Systems Administrator,Employee
E011434,BU002,Systems Administrator,Employee
E011435,BU006,Risk Analyst,Employee
E011436,BU002,Security Analyst,Employee
E011437,BU002,Systems Administrator,Employee
E011438,BU009,Systems Administrator,Employee
E011439,BU008,Systems Administrator,Employee
E011440,BU006,Software Engineer,Employee
E011441,BU001,Data Engineer,Employee
E011442,BU003,Financial Advisor,Employee
E011443,BU001,Risk Analyst,Employee
E011444,BU002,Customer Service Rep,Employee
E011445,BU002,Network Engineer,Employee
E011446,BU007,Branch Manager,Employee
E011447,BU009,Operations Analyst,Employee
E011448,BU001,Network Engineer,Employee
E011449,BU001,Customer Service Rep,Employee
E011450,BU008,Data Engineer,Employee
E011451,BU001,Branch Manager,Employee
E011452,BU003,Data Engineer,Employee
E011453,BU001,Software Engineer,Employee
E011454,BU001,Branch Manager,Employee
E011455,BU010,Branch Manager,Employee
E011456,BU001,Network Engineer,Employee
E011457,BU002,Financial Advisor,Employee
E011458,BU001,Operations Analyst,Employee
E011459,BU009,Risk Analyst,Employee
E011460,BU008,Risk Analyst,Employee
E011461,BU001,Operations Analyst,Employee
E011462,BU001,Risk Analyst,Employee
E011463,BU003,Branch Manager,Employee
E011464,BU001,Software Engineer,Employee
E011465,BU004,Branch Manager,Employee
E011466,BU001,Branch Manager,Employee
E011467,BU001,Risk Analyst,Employee
E011468,BU004,Data Engineer,Employee
E011469,BU001,Branch Manager,Employee
E011470,BU007,Financial Advisor,Employee
E011471,BU001,Network Engineer,Employee
E011472,BU001,Customer Service Rep,Employee
E011473,BU010,Software Engineer,Employee
E011474,BU002,Customer Service Rep,Employee
E011475,BU004,Risk Analyst,Employee
E011476,BU001,Risk Analyst,Employee
E011477,BU003,Network Engineer,Employee
E011478,BU004,Network Engineer,Employee
E011479,BU001,Customer Service Rep,Employee
E011480,BU007,Operations Analyst,Employee
E011481,BU003,Security Analyst,Employee
E011482,BU001,Branch Manager,Employee
E011483,BU003,Security Analyst,Employee
E011484,BU003,Data Engineer,Contractor
E011485,BU001,Software Engineer,Employee
E011486,BU001,Operations Analyst,Employee
E011487,BU001,Customer Service Rep,Employee
E011488,BU001,Financial Advisor,Employee
E011489,BU005,Operations Analyst,Contractor
E011490,BU002,Customer Service Rep,Employee
E011491,BU009,Software Engineer,Employee
E011492,BU001,Financial Advisor,Employee
E011493,BU001,Data Engineer,Employee
E011494,BU006,Network Engineer,Employee
E011495,BU003,Risk Analyst,Employee
E011496,BU003,Data Engineer,Employee
E011497,BU001,Security Analyst,Contractor
E011498,BU001,Customer Service Rep,Employee
E011499,BU001,Systems Administrator,Employee
E011500,BU010,Security Analyst,Contractor
E011501,BU001,Risk Analyst,Employee
E011502,BU008,Software Engineer,Contractor
E011503,BU004,Software Engineer,Employee
E011504,BU001,Network Engineer,Employee
E011505,BU003,Software Engineer,Employee
E011506,BU007,Data Engineer,Employee
E011507,BU008,Customer Service Rep,Employee
E011508,BU001,Customer Service Rep,Employee
E011509,BU001,Operations Analyst,Employee
E011510,BU001,Data Engineer,Employee
E011511,BU001,Operations Analyst,Employee
E011512,BU003,Operations Analyst,Employee
E011513,BU007,Customer Service Rep,Employee
E011514,BU001,Systems Administrator,Employee
E011515,BU005,Systems Administrator,Employee
E011516,BU003,Security Analyst,Contractor
E011517,BU001,Branch Manager,Employee
E011518,BU001,Network Engineer,Employee
E011519,BU004,Network Engineer,Employee
E011520,BU007,Risk Analyst,Employee
E011521,BU004,Software Engineer,Contractor
E011522,BU001,Network Engineer,Employee
E011523,BU001,Systems Administrator,Employee
E011524,BU001,Software Engineer,Contractor
E011525,BU003,Operations Analyst,Employee
E011526,BU005,Security Analyst,Employee
E011527,BU001,Financial Advisor,Employee
E011528,BU007,Security Analyst,Employee
E011529,BU003,Data Engineer,Employee
E011530,BU004,Software Engineer,Employee
E011531,BU010,Financial Advisor,Employee
E011532,BU001,Operations Analyst,Employee
E011533,BU009,Network Engineer,Contractor
E011534,BU001,Network Engineer,Employee
E011535,BU001,Systems Administrator,Employee
E011536,BU007,Financial Advisor,Contractor
E011537,BU009,Risk Analyst,Employee
E011538,BU002,Customer Service Rep,Employee
E011539,BU003,Financial Advisor,Employee
E011540,BU004,Branch Manager,Employee
E011541,BU007,Network Engineer,Employee
E011542,BU001,Customer Service Rep,Employee
E011543,BU006,Operations Analyst,Contractor
E011544,BU002,Security Analyst,Contractor
E011545,BU002,Risk Analyst,Employee
E011546,BU002,Customer Service Rep,Employee
E011547,BU002,Systems Administrator,Employee
E011548,BU009,Branch Manager,Employee
E011549,BU003,Security Analyst,Employee
E011550,BU009,Data Engineer,Contractor
E011551,BU001,Risk Analyst,Employee
E011552,BU004,Financial Advisor,Employee
E011553,BU006,Customer Service Rep,Employee
E011554,BU004,Network Engineer,Employee
E011555,BU003,Network Engineer,Employee
E011556,BU003,Operations Analyst,Contractor
E011557,BU008,Data Engineer,Employee
E011558,BU007,Network Engineer,Employee
E011559,BU001,Systems Administrator,Employee
E011560,BU007,Risk Analyst,Employee
E011561,BU001,Financial Advisor,Employee
E011562,BU001,Software Engineer,Contractor
E011563,BU008,Risk Analyst,Employee
E011564,BU002,Operations Analyst,Employee
E011565,BU006,Security Analyst,Employee
E011566,BU001,Operations Analyst,Contractor
E011567,BU001,Systems Administrator,Contractor
E011568,BU002,Financial Advisor,Employee
E011569,BU001,Risk Analyst,Employee
E011570,BU005,Risk Analyst,Employee
E011571,BU001,Systems Administrator,Employee
E011572,BU002,Customer Service Rep,Employee
E011573,BU001,Network Engineer,Employee
E011574,BU001,Risk Analyst,Employee
E011575,BU006,Risk Analyst,Employee
E011576,BU001,Financial Advisor,Employee
E011577,BU003,Customer Service Rep,Contractor
E011578,BU009,Data Engineer,Employee
E011579,BU004,Operations Analyst,Employee
E011580,BU006,Network Engineer,Employee
E011581,BU001,Financial Advisor,Employee
E011582,BU001,Software Engineer,Employee
E011583,BU009,Operations Analyst,Employee
E011584,BU004,Customer Service Rep,Employee
E011585,BU003,Operations Analyst,Employee
E011586,BU004,Customer Service Rep,Employee
E011587,BU001,Network Engineer,Employee
E011588,BU001,Customer Service Rep,Contractor
E011589,BU006,Branch Manager,Employee
E011590,BU004,Software Engineer,Employee
E011591,BU002,Systems Administrator,Employee
E011592,BU009,Operations Analyst,Employee
E011593,BU001,Operations Analyst,Employee
E011594,BU001,Software Engineer,Employee
E011595,BU008,Branch Manager,Employee
E011596,BU006,Branch Manager,Employee
E011597,BU002,Risk Analyst,Employee
E011598,BU001,Branch Manager,Employee
E011599,BU001,Network Engineer,Employee
E011600,BU003,Network Engineer,Employee
E011601,BU001,Branch Manager,Employee
E011602,BU007,Branch Manager,Employee
E011603,BU009,Systems Administrator,Contractor
E011604,BU006,Security Analyst,Employee
E011605,BU001,Network Engineer,Employee
E011606,BU006,Systems Administrator,Employee
E011607,BU001,Operations Analyst,Contractor
E011608,BU001,Financial Advisor,Contractor
E011609,BU001,Network Engineer,Employee
E011610,BU001,Systems Administrator,Employee
E011611,BU009,Security Analyst,Employee
E011612,BU001,Software Engineer,Employee
E011613,BU001,Risk Analyst,Employee
E011614,BU010,Branch Manager,Employee
E011615,BU001,Network Engineer,Employee
E011616,BU006,Risk Analyst,Employee
E011617,BU001,Operations Analyst,Employee
E011618,BU001,Branch Manager,Employee
E011619,BU009,Operations Analyst,Employee
E011620,BU001,Financial Advisor,Employee
E011621,BU003,Network Engineer,Employee
E011622,BU001,Risk Analyst,Employee
E011623,BU001,Branch Manager,Employee
E011624,BU001,Systems Administrator,Employee
E011625,BU001,Customer Service Rep,Employee
E011626,BU001,Data Engineer,Employee
E011627,BU005,Network Engineer,Employee
E011628,BU002,Network Engineer,Contractor
E011629,BU001,Operations Analyst,Employee
E011630,BU001,Network Engineer,Employee
E011631,BU009,Software Engineer,Employee
E011632,BU009,Systems Administrator,Employee
E011633,BU004,Operations Analyst,Employee
E011634,BU008,Systems Administrator,Employee
E011635,BU001,Network Engineer,Employee
E011636,BU001,Risk Analyst,Employee
E011637,BU003,Systems Administrator,Employee
E011638,BU003,Operations Analyst,Employee
E011639,BU002,Branch Manager,Employee
E011640,BU001,Security Analyst,Employee
E011641,BU010,Customer Service Rep,Employee
E011642,BU007,Financial Advisor,Employee
E011643,BU002,Data Engineer,Employee
E011644,BU004,Systems Administrator,Employee
E011645,BU001,Network Engineer,Employee
E011646,BU001,Software Engineer,Employee
E011647,BU001,Financial Advisor,Employee
E011648,BU001,Risk Analyst,Employee
E011649,BU001,Software Engineer,Contractor
E011650,BU006,Risk Analyst,Employee
E011651,BU001,Risk Analyst,Employee
E011652,BU003,Financial Advisor,Employee
E011653,BU001,Financial Advisor,Employee
E011654,BU001,Security Analyst,Employee
E011655,BU008,Branch Manager,Employee
E011656,BU003,Systems Administrator,Employee
E011657,BU009,Systems Administrator,Employee
E011658,BU010,Risk Analyst,Employee
E011659,BU001,Customer Service Rep,Employee
E011660,BU001,Security Analyst,Employee
E011661,BU007,Network Engineer,Employee
E011662,BU010,Customer Service Rep,Employee
E011663,BU003,Branch Manager,Employee
E011664,BU006,Software Engineer,Employee
E011665,BU006,Customer Service Rep,Employee
E011666,BU001,Financial Advisor,Employee
E011667,BU003,Customer Service Rep,Employee
E011668,BU007,Risk Analyst,Employee
E011669,BU004,Software Engineer,Employee
E011670,BU001,Branch Manager,Employee
E011671,BU001,Security Analyst,Employee
E011672,BU001,Software Engineer,Employee
E011673,BU001,Operations Analyst,Contractor
E011674,BU009,Security Analyst,Employee
E011675,BU001,Security Analyst,Contractor
E011676,BU001,Risk Analyst,Employee
E011677,BU001,Operations Analyst,Employee
E011678,BU003,Network Engineer,Employee
E011679,BU002,Software Engineer,Employee
E011680,BU001,Customer Service Rep,Employee
E011681,BU001,Systems Administrator,Employee
E011682,BU001,Software Engineer,Employee
E011683,BU002,Systems Administrator,Employee
E011684,BU001,Security Analyst,Employee
E011685,BU009,Financial Advisor,Employee
E011686,BU002,Branch Manager,Employee
E011687,BU001,Data Engineer,Employee
E011688,BU004,Financial Advisor,Employee
E011689,BU001,Systems Administrator,Employee
E011690,BU003,Financial Advisor,Employee
E011691,BU001,Branch Manager,Employee
E011692,BU003,Risk Analyst,Employee
E011693,BU005,Data Engineer,Contractor
E011694,BU009,Customer Service Rep,Employee
E011695,BU001,Customer Service Rep,Employee
E011696,BU001,Risk Analyst,Employee
E011697,BU002,Branch Manager,Employee
E011698,BU009,Operations Analyst,Employee
E011699,BU009,Financial Advisor,Employee
E011700,BU001,Operations Analyst,Employee
E011701,BU001,Network Engineer,Employee
E011702,BU002,Branch Manager,Employee
E011703,BU001,Customer Service Rep,Contractor
E011704,BU001,Systems Administrator,Employee
E011705,BU001,Risk Analyst,Employee
E011706,BU003,Risk Analyst,Employee
E011707,BU009,Security Analyst,Contractor
E011708,BU010,Financial Advisor,Employee
E011709,BU001,Customer Service Rep,Employee
E011710,BU003,Branch Manager,Employee
E011711,BU007,Risk Analyst,Employee
E011712,BU001,Data Engineer,Employee
E011713,BU004,Financial Advisor,Employee
E011714,BU001,Operations Analyst,Employee
E011715,BU001,Operations Analyst,Employee
E011716,BU001,Data Engineer,Employee
E011717,BU001,Financial Advisor,Employee
E011718,BU004,Risk Analyst,Employee
E011719,BU001,Branch Manager,Employee
E011720,BU001,Branch Manager,Employee
E011721,BU001,Financial Advisor,Employee
E011722,BU008,Systems Administrator,Employee
E011723,BU002,Customer Service Rep,Employee
E011724,BU003,Branch Manager,Employee
E011725,BU003,Security Analyst,Contractor
E011726,BU001,Operations Analyst,Employee
E011727,BU001,Risk Analyst,Employee
E011728,BU005,Operations Analyst,Employee
E011729,BU001,Branch Manager,Employee
E011730,BU001,Financial Advisor,Employee
E011731,BU004,Data Engineer,Employee
E011732,BU001,Network Engineer,Employee
E011733,BU001,Operations Analyst,Employee
E011734,BU002,Software Engineer,Employee
E011735,BU002,Systems Administrator,Employee
E011736,BU004,Branch Manager,Employee
E011737,BU003,Software Engineer,Employee
E011738,BU003,Security Analyst,Employee
E011739,BU004,Data Engineer,Contractor
E011740,BU001,Security Analyst,Contractor
E011741,BU001,Branch Manager,Employee
E011742,BU002,Operations Analyst,Employee
E011743,BU001,Risk Analyst,Employee
E011744,BU010,Software Engineer,Employee
E011745,BU006,Risk Analyst,Employee
E011746,BU001,Security Analyst,Employee
E011747,BU001,Security Analyst,Employee
E011748,BU001,Customer Service Rep,Employee
E011749,BU001,Financial Advisor,Employee
E011750,BU001,Operations Analyst,Employee
E011751,BU002,Risk Analyst,Employee
E011752,BU007,Financial Advisor,Employee
E011753,BU004,Security Analyst,Employee
E011754,BU001,Data Engineer,Employee
E011755,BU001,Network Engineer,Employee
E011756,BU002,Software Engineer,Employee
E011757,BU006,Security Analyst,Employee
E011758,BU007,Software Engineer,Employee
E011759,BU009,Data Engineer,Employee
E011760,BU002,Branch Manager,Employee
E011761,BU004,Operations Analyst,Contractor
E011762,BU001,Security Analyst,Contractor
E011763,BU003,Network Engineer,Employee
E011764,BU001,Data Engineer,Contractor
E011765,BU002,Systems Administrator,Employee
E011766,BU003,Branch Manager,Employee
E011767,BU001,Security Analyst,Employee
E011768,BU001,Risk Analyst,Employee
E011769,BU001,Data Engineer,Employee
E011770,BU001,Operations Analyst,Employee
E011771,BU001,Network Engineer,Employee
E011772,BU001,Operations Analyst,Employee
E011773,BU001,Software Engineer,Employee
E011774,BU001,Systems Administrator,Employee
E011775,BU010,Customer Service Rep,Employee
E011776,BU001,Software Engineer,Employee
E011777,BU001,Data Engineer,Employee
E011778,BU003,Risk Analyst,Employee
E011779,BU007,Risk Analyst,Employee
E011780,BU004,Security Analyst,Employee
E011781,BU001,Software Engineer,Employee
E011782,BU003,Systems Administrator,Employee
E011783,BU004,Network Engineer,Employee
E011784,BU004,Branch Manager,Employee
E011785,BU004,Branch Manager,Employee
E011786,BU008,Software Engineer,Employee
E011787,BU008,Financial Advisor,Employee
E011788,BU003,Operations Analyst,Employee
E011789,BU002,Software Engineer,Employee
E011790,BU003,Risk Analyst,Employee
E011791,BU006,Customer Service Rep,Employee
E011792,BU001,Software Engineer,Employee
E011793,BU010,Network Engineer,Employee
E011794,BU001,Customer Service Rep,Employee
E011795,BU002,Security Analyst,Employee
E011796,BU008,Operations Analyst,Employee
E011797,BU001,Software Engineer,Employee
E011798,BU002,Risk Analyst,Employee
E011799,BU001,Branch Manager,Employee
E011800,BU001,Network Engineer,Employee
E011801,BU001,Branch Manager,Employee
E011802,BU001,Operations Analyst,Employee
E011803,BU001,Risk Analyst,Employee
E011804,BU010,Operations Analyst,Employee
E011805,BU010,Operations Analyst,Employee
E011806,BU001,Branch Manager,Employee
E011807,BU004,Financial Advisor,Employee
E011808,BU001,Network Engineer,Employee
E011809,BU001,Branch Manager,Contractor
E011810,BU001,Data Engineer,Employee
E011811,BU010,Systems Administrator,Employee
E011812,BU009,Financial Advisor,Employee
E011813,BU001,Systems Administrator,Contractor
E011814,BU001,Software Engineer,Employee
E011815,BU001,Systems Administrator,Contractor
E011816,BU002,Systems Administrator,Employee
E011817,BU003,Software Engineer,Employee
E011818,BU001,Branch Manager,Contractor
E011819,BU005,Financial Advisor,Contractor
E011820,BU001,Operations Analyst,Employee
E011821,BU009,Network Engineer,Employee
E011822,BU003,Customer Service Rep,Employee
E011823,BU002,Software Engineer,Employee
E011824,BU006,Systems Administrator,Employee
E011825,BU006,Data Engineer,Employee
E011826,BU001,Systems Administrator,Employee
E011827,BU001,Data Engineer,Employee
E011828,BU009,Risk Analyst,Employee
E011829,BU001,Customer Service Rep,Employee
E011830,BU001,Software Engineer,Employee
E011831,BU002,Branch Manager,Employee
E011832,BU006,Network Engineer,Employee
E011833,BU005,Branch Manager,Employee
E011834,BU009,Systems Administrator,Employee
E011835,BU002,Operations Analyst,Employee
E011836,BU001,Operations Analyst,Employee
E011837,BU003,Risk Analyst,Employee
E011838,BU005,Customer Service Rep,Contractor
E011839,BU001,Branch Manager,Employee
E011840,BU001,Operations Analyst,Employee
E011841,BU001,Financial Advisor,Employee
E011842,BU003,Systems Administrator,Employee
E011843,BU008,Network Engineer,Employee
E011844,BU004,Security Analyst,Employee
E011845,BU010,Software Engineer,Contractor
E011846,BU001,Security Analyst,Employee
E011847,BU009,Network Engineer,Employee
E011848,BU006,Security Analyst,Contractor
E011849,BU001,Data Engineer,Employee
E011850,BU010,Operations Analyst,Employee
E011851,BU001,Network Engineer,Employee
E011852,BU008,Software Engineer,Employee
E011853,BU008,Branch Manager,Employee
E011854,BU005,Financial Advisor,Employee
E011855,BU003,Operations Analyst,Employee
E011856,BU001,Risk Analyst,Contractor
E011857,BU002,Software Engineer,Employee
E011858,BU001,Data Engineer,Employee
E011859,BU006,Financial Advisor,Employee
E011860,BU005,Systems Administrator,Employee
E011861,BU009,Software Engineer,Employee
E011862,BU001,Data Engineer,Employee
E011863,BU006,Network Engineer,Employee
E011864,BU009,Network Engineer,Employee
E011865,BU006,Risk Analyst,Employee
E011866,BU001,Customer Service Rep,Employee
E011867,BU001,Software Engineer,Employee
E011868,BU001,Security Analyst,Employee
E011869,BU003,Software Engineer,Employee
E011870,BU003,Financial Advisor,Employee
E011871,BU010,Operations Analyst,Employee
E011872,BU001,Systems Administrator,Employee
E011873,BU001,Financial Advisor,Contractor
E011874,BU003,Customer Service Rep,Employee
E011875,BU007,Risk Analyst,Employee
E011876,BU009,Financial Advisor,Employee
E011877,BU006,Branch Manager,Employee
E011878,BU002,Risk Analyst,Contractor
E011879,BU003,Data Engineer,Employee
E011880,BU007,Network Engineer,Employee
E011881,BU002,Customer Service Rep,Employee
E011882,BU001,Branch Manager,Employee
E011883,BU001,Systems Administrator,Employee
E011884,BU001,Data Engineer,Employee
E011885,BU004,Operations Analyst,Employee
E011886,BU001,Systems Administrator,Employee
E011887,BU001,Customer Service Rep,Employee
E011888,BU001,Network Engineer,Employee
E011889,BU003,Branch Manager,Contractor
E011890,BU001,Security Analyst,Employee
E011891,BU004,Network Engineer,Employee
E011892,BU001,Network Engineer,Employee
E011893,BU001,Systems Administrator,Employee
E011894,BU002,Operations Analyst,Employee
E011895,BU001,Data Engineer,Employee
E011896,BU001,Risk Analyst,Employee
E011897,BU001,Financial Advisor,Employee
E011898,BU009,Risk Analyst,Employee
E011899,BU004,Data Engineer,Employee
E011900,BU001,Security Analyst,Employee
E011901,BU001,Financial Advisor,Employee
E011902,BU010,Network Engineer,Employee
E011903,BU004,Operations Analyst,Employee
E011904,BU001,Software Engineer,Employee
E011905,BU004,Data Engineer,Employee
E011906,BU005,Software Engineer,Employee
E011907,BU005,Risk Analyst,Contractor
E011908,BU002,Network Engineer,Employee
E011909,BU002,Systems Administrator,Employee
E011910,BU001,Systems Administrator,Employee
E011911,BU009,Operations Analyst,Contractor
E011912,BU003,Network Engineer,Employee
E011913,BU001,Data Engineer,Employee
E011914,BU009,Operations Analyst,Employee
E011915,BU009,Financial Advisor,Contractor
E011916,BU010,Financial Advisor,Employee
E011917,BU008,Network Engineer,Contractor
E011918,BU010,Operations Analyst,Employee
E011919,BU001,Branch Manager,Employee
E011920,BU007,Software Engineer,Employee
E011921,BU007,Operations Analyst,Employee
E011922,BU001,Security Analyst,Employee
E011923,BU001,Software Engineer,Employee
E011924,BU010,Branch Manager,Employee
E011925,BU001,Data Engineer,Employee
E011926,BU008,Branch Manager,Employee
E011927,BU001,Risk Analyst,Employee
E011928,BU001,Security Analyst,Employee
E011929,BU002,Network Engineer,Employee
E011930,BU001,Data Engineer,Employee
E011931,BU004,Software Engineer,Employee
E011932,BU003,Network Engineer,Employee
E011933,BU001,Financial Advisor,Contractor
E011934,BU001,Security Analyst,Employee
E011935,BU001,Data Engineer,Employee
E011936,BU001,Data Engineer,Employee
E011937,BU006,Branch Manager,Employee
E011938,BU001,Operations Analyst,Employee
E011939,BU001,Security Analyst,Contractor
E011940,BU002,Network Engineer,Employee
E011941,BU001,Branch Manager,Employee
E011942,BU001,Software Engineer,Contractor
E011943,BU001,Software Engineer,Employee
E011944,BU007,Risk Analyst,Employee
E011945,BU009,Operations Analyst,Contractor
E011946,BU007,Customer Service Rep,Employee
E011947,BU001,Software Engineer,Employee
E011948,BU001,Operations Analyst,Contractor
E011949,BU003,Financial Advisor,Employee
E011950,BU004,Operations Analyst,Employee
E011951,BU010,Data Engineer,Employee
E011952,BU001,Network Engineer,Employee
E011953,BU001,Data Engineer,Employee
E011954,BU004,Data Engineer,Employee
E011955,BU007,Software Engineer,Contractor
E011956,BU007,Risk Analyst,Contractor
E011957,BU004,Systems Administrator,Employee
E011958,BU009,Operations Analyst,Employee
E011959,BU002,Systems Administrator,Employee
E011960,BU009,Systems Administrator,Employee
E011961,BU010,Systems Administrator,Employee
E011962,BU007,Branch Manager,Employee
E011963,BU001,Systems Administrator,Contractor
E011964,BU001,Software Engineer,Employee
E011965,BU003,Customer Service Rep,Employee
E011966,BU002,Systems Administrator,Employee
E011967,BU008,Branch Manager,Employee
E011968,BU001,Branch Manager,Contractor
E011969,BU001,Data Engineer,Contractor
E011970,BU005,Systems Administrator,Employee
E011971,BU001,Customer Service Rep,Employee
E011972,BU001,Operations Analyst,Employee
E011973,BU001,Security Analyst,Employee
E011974,BU003,Software Engineer,Employee
E011975,BU001,Software Engineer,Contractor
E011976,BU008,Operations Analyst,Employee
E011977,BU002,Data Engineer,Employee
E011978,BU009,Operations Analyst,Contractor
E011979,BU002,Software Engineer,Contractor
E011980,BU001,Data Engineer,Contractor
E011981,BU001,Operations Analyst,Employee
E011982,BU001,Financial Advisor,Employee
E011983,BU002,Security Analyst,Employee
E011984,BU001,Systems Administrator,Employee
E011985,BU001,Security Analyst,Employee
E011986,BU003,Data Engineer,Employee
E011987,BU001,Network Engineer,Contractor
E011988,BU001,Operations Analyst,Contractor
E011989,BU005,Network Engineer,Employee
E011990,BU009,Systems Administrator,Employee
E011991,BU001,Operations Analyst,Employee
E011992,BU001,Software Engineer,Employee
E011993,BU010,Systems Administrator,Employee
E011994,BU001,Risk Analyst,Employee
E011995,BU010,Software Engineer,Contractor
E011996,BU001,Systems Administrator,Contractor
E011997,BU008,Systems Administrator,Employee
E011998,BU001,Financial Advisor,Employee
E011999,BU009,Software Engineer,Employee
E012000,BU001,Financial Advisor,Employee
E012001,BU003,Financial Advisor,Employee
E012002,BU001,Operations Analyst,Employee
E012003,BU001,Software Engineer,Employee
E012004,BU005,Software Engineer,Employee
E012005,BU002,Systems Administrator,Employee
E012006,BU009,Software Engineer,Employee
E012007,BU002,Systems Administrator,Employee
E012008,BU008,Customer Service Rep,Employee
E012009,BU002,Software Engineer,Employee
E012010,BU010,Customer Service Rep,Employee
E012011,BU009,Security Analyst,Employee
E012012,BU001,Risk Analyst,Employee
E012013,BU008,Network Engineer,Employee
E012014,BU007,Systems Administrator,Employee
E012015,BU001,Security Analyst,Employee
E012016,BU003,Software Engineer,Employee
E012017,BU001,Operations Analyst,Employee
E012018,BU007,Customer Service Rep,Employee
E012019,BU001,Software Engineer,Employee
E012020,BU001,Data Engineer,Employee
E012021,BU001,Risk Analyst,Employee
E012022,BU003,Data Engineer,Employee
E012023,BU007,Risk Analyst,Employee
E012024,BU010,Risk Analyst,Employee
E012025,BU002,Security Analyst,Employee
E012026,BU001,Data Engineer,Contractor
E012027,BU005,Customer Service Rep,Employee
E012028,BU003,Data Engineer,Contractor
E012029,BU002,Branch Manager,Contractor
E012030,BU001,Security Analyst,Employee
E012031,BU002,Customer Service Rep,Employee
E012032,BU001,Network Engineer,Employee
E012033,BU005,Customer Service Rep,Employee
E012034,BU003,Data Engineer,Contractor
E012035,BU008,Operations Analyst,Employee
E012036,BU003,Network Engineer,Employee
E012037,BU001,Systems Administrator,Employee
E012038,BU007,Data Engineer,Contractor
E012039,BU003,Systems Administrator,Employee
E012040,BU001,Customer Service Rep,Employee
E012041,BU003,Operations Analyst,Contractor
E012042,BU001,Branch Manager,Contractor
E012043,BU007,Branch Manager,Employee
E012044,BU002,Security Analyst,Employee
E012045,BU004,Financial Advisor,Employee
E012046,BU001,Financial Advisor,Employee
E012047,BU001,Risk Analyst,Employee
E012048,BU010,Systems Administrator,Contractor
E012049,BU006,Software Engineer,Employee
E012050,BU001,Software Engineer,Employee
E012051,BU001,Network Engineer,Employee
E012052,BU001,Systems Administrator,Employee
E012053,BU003,Customer Service Rep,Employee
E012054,BU005,Risk Analyst,Employee
E012055,BU005,Customer Service Rep,Employee
E012056,BU002,Security Analyst,Employee
E012057,BU006,Software Engineer,Employee
E012058,BU002,Operations Analyst,Employee
E012059,BU001,Branch Manager,Contractor
E012060,BU003,Branch Manager,Employee
E012061,BU009,Risk Analyst,Employee
E012062,BU006,Software Engineer,Contractor
E012063,BU003,Branch Manager,Employee
E012064,BU003,Financial Advisor,Employee
E012065,BU009,Financial Advisor,Contractor
E012066,BU002,Network Engineer,Employee
E012067,BU001,Systems Administrator,Employee
E012068,BU010,Security Analyst,Employee
E012069,BU008,Network Engineer,Contractor
E012070,BU001,Branch Manager,Employee
E012071,BU002,Financial Advisor,Employee
E012072,BU001,Risk Analyst,Employee
E012073,BU001,Software Engineer,Employee
E012074,BU009,Financial Advisor,Employee
E012075,BU001,Data Engineer,Employee
E012076,BU008,Security Analyst,Employee
E012077,BU001,Branch Manager,Employee
E012078,BU003,Customer Service Rep,Employee
E012079,BU001,Network Engineer,Employee
E012080,BU005,Branch Manager,Employee
E012081,BU003,Data Engineer,Employee
E012082,BU003,Operations Analyst,Employee
E012083,BU001,Security Analyst,Employee
E012084,BU001,Systems Administrator,Employee
E012085,BU001,Financial Advisor,Employee
E012086,BU001,Network Engineer,Employee
E012087,BU003,Financial Advisor,Employee
E012088,BU003,Data Engineer,Employee
E012089,BU003,Network Engineer,Employee
E012090,BU003,Customer Service Rep,Employee
E012091,BU001,Operations Analyst,Contractor
E012092,BU001,Software Engineer,Employee
E012093,BU001,Customer Service Rep,Employee
E012094,BU007,Network Engineer,Employee
E012095,BU003,Financial Advisor,Employee
E012096,BU001,Risk Analyst,Employee
E012097,BU001,Systems Administrator,Contractor
E012098,BU008,Branch Manager,Employee
E012099,BU005,Operations Analyst,Employee
E012100,BU003,Security Analyst,Employee
E012101,BU001,Network Engineer,Employee
E012102,BU001,Branch Manager,Employee
E012103,BU010,Financial Advisor,Employee
E012104,BU006,Financial Advisor,Employee
E012105,BU001,Financial Advisor,Employee
E012106,BU007,Network Engineer,Employee
E012107,BU005,Systems Administrator,Employee
E012108,BU001,Customer Service Rep,Employee
E012109,BU002,Data Engineer,Contractor
E012110,BU001,Systems Administrator,Employee
E012111,BU001,Customer Service Rep,Employee
E012112,BU004,Branch Manager,Employee
E012113,BU001,Software Engineer,Employee
E012114,BU007,Software Engineer,Employee
E012115,BU010,Software Engineer,Employee
E012116,BU001,Branch Manager,Employee
E012117,BU002,Financial Advisor,Employee
E012118,BU006,Network Engineer,Employee
E012119,BU006,Software Engineer,Employee
E012120,BU005,Customer Service Rep,Employee
E012121,BU001,Security Analyst,Employee
E012122,BU002,Branch Manager,Contractor
E012123,BU003,Risk Analyst,Employee
E012124,BU010,Data Engineer,Contractor
E012125,BU001,Customer Service Rep,Employee
E012126,BU009,Software Engineer,Contractor
E012127,BU001,Financial Advisor,Employee
E012128,BU010,Network Engineer,Employee
E012129,BU004,Systems Administrator,Employee
E012130,BU002,Risk Analyst,Employee
E012131,BU003,Software Engineer,Employee
E012132,BU001,Financial Advisor,Employee
E012133,BU001,Network Engineer,Employee
E012134,BU001,Systems Administrator,Employee
E012135,BU001,Data Engineer,Employee
E012136,BU001,Operations Analyst,Employee
E012137,BU005,Network Engineer,Employee
E012138,BU003,Data Engineer,Employee
E012139,BU001,Risk Analyst,Employee
E012140,BU007,Software Engineer,Employee
E012141,BU003,Branch Manager,Employee
E012142,BU010,Operations Analyst,Employee
E012143,BU004,Data Engineer,Employee
E012144,BU001,Branch Manager,Employee
E012145,BU002,Branch Manager,Employee
E012146,BU003,Branch Manager,Employee
E012147,BU001,Branch Manager,Employee
E012148,BU001,Security Analyst,Employee
E012149,BU001,Customer Service Rep,Contractor
E012150,BU001,Risk Analyst,Employee
E012151,BU002,Network Engineer,Employee
E012152,BU002,Financial Advisor,Employee
E012153,BU001,Risk Analyst,Employee
E012154,BU004,Software Engineer,Employee
E012155,BU003,Network Engineer,Employee
E012156,BU001,Financial Advisor,Employee
E012157,BU001,Data Engineer,Employee
E012158,BU001,Software Engineer,Contractor
E012159,BU001,Systems Administrator,Contractor
E012160,BU001,Risk Analyst,Employee
E012161,BU001,Data Engineer,Employee
E012162,BU003,Branch Manager,Contractor
E012163,BU003,Data Engineer,Employee
E012164,BU001,Data Engineer,Contractor
E012165,BU001,Risk Analyst,Employee
E012166,BU003,Security Analyst,Employee
E012167,BU008,Data Engineer,Employee
E012168,BU005,Data Engineer,Employee
E012169,BU003,Customer Service Rep,Employee
E012170,BU001,Risk Analyst,Employee
E012171,BU001,Software Engineer,Employee
E012172,BU008,Network Engineer,Employee
E012173,BU001,Operations Analyst,Employee
E012174,BU010,Systems Administrator,Employee
E012175,BU004,Data Engineer,Employee
E012176,BU004,Data Engineer,Employee
E012177,BU001,Network Engineer,Contractor
E012178,BU003,Customer Service Rep,Employee
E012179,BU002,Risk Analyst,Employee
E012180,BU001,Customer Service Rep,Employee
E012181,BU001,Risk Analyst,Employee
E012182,BU009,Software Engineer,Employee
E012183,BU003,Operations Analyst,Employee
E012184,BU001,Operations Analyst,Employee
E012185,BU001,Systems Administrator,Contractor
E012186,BU004,Branch Manager,Employee
E012187,BU004,Data Engineer,Employee
E012188,BU003,Systems Administrator,Employee
E012189,BU002,Risk Analyst,Employee
E012190,BU002,Risk Analyst,Employee
E012191,BU003,Risk Analyst,Employee
E012192,BU001,Financial Advisor,Employee
E012193,BU009,Software Engineer,Contractor
E012194,BU003,Security Analyst,Employee
E012195,BU001,Security Analyst,Employee
E012196,BU002,Customer Service Rep,Employee
E012197,BU006,Security Analyst,Contractor
E012198,BU001,Network Engineer,Employee
E012199,BU001,Risk Analyst,Employee
E012200,BU004,Data Engineer,Employee
E012201,BU001,Customer Service Rep,Employee
E012202,BU006,Data Engineer,Employee
E012203,BU001,Customer Service Rep,Employee
E012204,BU005,Data Engineer,Employee
E012205,BU001,Risk Analyst,Employee
E012206,BU001,Network Engineer,Employee
E012207,BU009,Network Engineer,Contractor
E012208,BU003,Branch Manager,Employee
E012209,BU001,Risk Analyst,Employee
E012210,BU001,Systems Administrator,Employee
E012211,BU003,Network Engineer,Employee
E012212,BU002,Customer Service Rep,Employee
E012213,BU010,Branch Manager,Employee
E012214,BU010,Software Engineer,Employee
E012215,BU003,Risk Analyst,Employee
E012216,BU002,Risk Analyst,Employee
E012217,BU002,Financial Advisor,Employee
E012218,BU004,Branch Manager,Employee
E012219,BU001,Customer Service Rep,Employee
E012220,BU001,Risk Analyst,Contractor
E012221,BU001,Risk Analyst,Employee
E012222,BU001,Branch Manager,Employee
E012223,BU001,Risk Analyst,Employee
E012224,BU002,Branch Manager,Employee
E012225,BU006,Operations Analyst,Employee
E012226,BU002,Software Engineer,Employee
E012227,BU001,Data Engineer,Contractor
E012228,BU001,Security Analyst,Employee
E012229,BU003,Data Engineer,Employee
E012230,BU001,Data Engineer,Employee
E012231,BU003,Software Engineer,Employee
E012232,BU010,Risk Analyst,Employee
E012233,BU001,Security Analyst,Employee
E012234,BU001,Risk Analyst,Employee
E012235,BU002,Network Engineer,Employee
E012236,BU010,Network Engineer,Employee
E012237,BU005,Data Engineer,Employee
E012238,BU009,Operations Analyst,Employee
E012239,BU001,Branch Manager,Employee
E012240,BU010,Systems Administrator,Employee
E012241,BU001,Operations Analyst,Employee
E012242,BU001,Systems Administrator,Employee
E012243,BU007,Operations Analyst,Employee
E012244,BU009,Software Engineer,Employee
E012245,BU001,Customer Service Rep,Employee
E012246,BU001,Branch Manager,Employee
E012247,BU001,Financial Advisor,Employee
E012248,BU001,Risk Analyst,Employee
E012249,BU001,Branch Manager,Contractor
E012250,BU010,Data Engineer,Employee
E012251,BU004,Operations Analyst,Employee
E012252,BU005,Systems Administrator,Employee
E012253,BU005,Risk Analyst,Contractor
E012254,BU002,Branch Manager,Contractor
E012255,BU006,Data Engineer,Employee
E012256,BU003,Branch Manager,Contractor
E012257,BU001,Customer Service Rep,Employee
E012258,BU003,Customer Service Rep,Contractor
E012259,BU002,Data Engineer,Employee
E012260,BU007,Operations Analyst,Employee
E012261,BU010,Software Engineer,Employee
E012262,BU001,Systems Administrator,Employee
E012263,BU005,Data Engineer,Employee
E012264,BU001,Customer Service Rep,Employee
E012265,BU005,Risk Analyst,Employee
E012266,BU001,Operations Analyst,Contractor
E012267,BU001,Security Analyst,Employee
E012268,BU001,Risk Analyst,Employee
E012269,BU003,Systems Administrator,Contractor
E012270,BU001,Data Engineer,Employee
E012271,BU009,Data Engineer,Employee
E012272,BU001,Customer Service Rep,Employee
E012273,BU009,Software Engineer,Employee
E012274,BU004,Customer Service Rep,Employee
E012275,BU001,Customer Service Rep,Contractor
E012276,BU001,Security Analyst,Contractor
E012277,BU005,Software Engineer,Employee
E012278,BU003,Software Engineer,Employee
E012279,BU004,Network Engineer,Employee
E012280,BU001,Software Engineer,Employee
E012281,BU002,Risk Analyst,Employee
E012282,BU010,Risk Analyst,Employee
E012283,BU001,Financial Advisor,Employee
E012284,BU001,Systems Administrator,Contractor
E012285,BU001,Network Engineer,Employee
E012286,BU005,Financial Advisor,Employee
E012287,BU005,Software Engineer,Employee
E012288,BU001,Branch Manager,Employee
E012289,BU001,Risk Analyst,Employee
E012290,BU001,Network Engineer,Employee
E012291,BU002,Operations Analyst,Employee
E012292,BU001,Network Engineer,Employee
E012293,BU010,Risk Analyst,Employee
E012294,BU002,Systems Administrator,Employee
E012295,BU001,Security Analyst,Employee
E012296,BU009,Data Engineer,Employee
E012297,BU002,Security Analyst,Employee
E012298,BU003,Operations Analyst,Employee
E012299,BU001,Branch Manager,Employee
E012300,BU001,Financial Advisor,Employee
E012301,BU009,Software Engineer,Employee
E012302,BU003,Risk Analyst,Employee
E012303,BU001,Security Analyst,Employee
E012304,BU003,Security Analyst,Employee
E012305,BU009,Customer Service Rep,Employee
E012306,BU001,Network Engineer,Employee
E012307,BU002,Financial Advisor,Employee
E012308,BU009,Systems Administrator,Employee
E012309,BU001,Software Engineer,Employee
E012310,BU004,Systems Administrator,Employee
E012311,BU003,Software Engineer,Employee
E012312,BU004,Financial Advisor,Employee
E012313,BU001,Customer Service Rep,Employee
E012314,BU001,Software Engineer,Employee
E012315,BU004,Operations Analyst,Employee
E012316,BU001,Customer Service Rep,Employee
E012317,BU001,Network Engineer,Employee
E012318,BU001,Branch Manager,Contractor
E012319,BU001,Branch Manager,Employee
E012320,BU010,Data Engineer,Employee
E012321,BU002,Network Engineer,Employee
E012322,BU010,Branch Manager,Employee
E012323,BU001,Software Engineer,Employee
E012324,BU003,Data Engineer,Employee
E012325,BU001,Customer Service Rep,Contractor
E012326,BU006,Network Engineer,Employee
E012327,BU006,Software Engineer,Employee
E012328,BU001,Security Analyst,Employee
E012329,BU009,Branch Manager,Employee
E012330,BU001,Operations Analyst,Employee
E012331,BU003,Branch Manager,Employee
E012332,BU010,Branch Manager,Contractor
E012333,BU008,Software Engineer,Employee
E012334,BU009,Branch Manager,Employee
E012335,BU001,Data Engineer,Employee
E012336,BU001,Systems Administrator,Employee
E012337,BU001,Network Engineer,Employee
E012338,BU002,Security Analyst,Employee
E012339,BU006,Security Analyst,Employee
E012340,BU001,Customer Service Rep,Employee
E012341,BU003,Software Engineer,Employee
E012342,BU001,Network Engineer,Employee
E012343,BU001,Risk Analyst,Employee
E012344,BU004,Risk Analyst,Employee
E012345,BU002,Financial Advisor,Employee
E012346,BU006,Network Engineer,Employee
E012347,BU001,Software Engineer,Employee
E012348,BU006,Risk Analyst,Employee
E012349,BU001,Network Engineer,Employee
E012350,BU001,Systems Administrator,Employee
E012351,BU003,Risk Analyst,Employee
E012352,BU007,Network Engineer,Employee
E012353,BU001,Security Analyst,Employee
E012354,BU001,Data Engineer,Employee
E012355,BU002,Software Engineer,Contractor
E012356,BU001,Branch Manager,Employee
E012357,BU006,Security Analyst,Employee
E012358,BU005,Systems Administrator,Employee
E012359,BU001,Software Engineer,Employee
E012360,BU002,Financial Advisor,Employee
E012361,BU005,Data Engineer,Contractor
E012362,BU001,Software Engineer,Employee
E012363,BU003,Network Engineer,Employee
E012364,BU001,Systems Administrator,Employee
E012365,BU003,Financial Advisor,Employee
E012366,BU001,Operations Analyst,Employee
E012367,BU007,Branch Manager,Employee
E012368,BU001,Network Engineer,Contractor
E012369,BU001,Data Engineer,Contractor
E012370,BU007,Branch Manager,Employee
E012371,BU001,Branch Manager,Employee
E012372,BU001,Systems Administrator,Employee
E012373,BU001,Software Engineer,Employee
E012374,BU001,Security Analyst,Employee
E012375,BU009,Customer Service Rep,Employee
E012376,BU005,Software Engineer,Employee
E012377,BU001,Security Analyst,Employee
E012378,BU004,Security Analyst,Employee
E012379,BU002,Data Engineer,Employee
E012380,BU009,Financial Advisor,Employee
E012381,BU001,Software Engineer,Employee
E012382,BU003,Financial Advisor,Employee
E012383,BU002,Customer Service Rep,Employee
E012384,BU002,Software Engineer,Employee
E012385,BU002,Risk Analyst,Employee
E012386,BU001,Systems Administrator,Employee
E012387,BU005,Software Engineer,Employee
E012388,BU002,Branch Manager,Contractor
E012389,BU009,Network Engineer,Employee
E012390,BU001,Customer Service Rep,Contractor
E012391,BU004,Systems Administrator,Employee
E012392,BU009,Operations Analyst,Employee
E012393,BU004,Branch Manager,Employee
E012394,BU008,Network Engineer,Employee
E012395,BU007,Software Engineer,Employee
E012396,BU001,Financial Advisor,Employee
E012397,BU003,Operations Analyst,Employee
E012398,BU001,Network Engineer,Employee
E012399,BU002,Financial Advisor,Employee
E012400,BU001,Security Analyst,Contractor
E012401,BU005,Software Engineer,Employee
E012402,BU002,Financial Advisor,Employee
E012403,BU001,Network Engineer,Employee
E012404,BU001,Network Engineer,Employee
E012405,BU010,Risk Analyst,Employee
E012406,BU001,Operations Analyst,Employee
E012407,BU001,Network Engineer,Employee
E012408,BU001,Systems Administrator,Employee
E012409,BU010,Financial Advisor,Contractor
E012410,BU010,Software Engineer,Employee
E012411,BU003,Security Analyst,Contractor
E012412,BU008,Systems Administrator,Employee
E012413,BU001,Risk Analyst,Contractor
E012414,BU010,Security Analyst,Employee
E012415,BU001,Security Analyst,Employee
E012416,BU001,Operations Analyst,Employee
E012417,BU001,Operations Analyst,Employee
E012418,BU003,Network Engineer,Employee
E012419,BU006,Operations Analyst,Employee
E012420,BU001,Branch Manager,Employee
E012421,BU010,Data Engineer,Employee
E012422,BU002,Network Engineer,Employee
E012423,BU001,Operations Analyst,Employee
E012424,BU002,Risk Analyst,Employee
E012425,BU004,Software Engineer,Employee
E012426,BU007,Security Analyst,Employee
E012427,BU002,Branch Manager,Employee
E012428,BU003,Software Engineer,Employee
E012429,BU001,Software Engineer,Employee
E012430,BU003,Customer Service Rep,Employee
E012431,BU010,Financial Advisor,Employee
E012432,BU001,Financial Advisor,Employee
E012433,BU008,Risk Analyst,Employee
E012434,BU003,Network Engineer,Employee
E012435,BU001,Customer Service Rep,Employee
E012436,BU009,Risk Analyst,Employee
E012437,BU002,Security Analyst,Contractor
E012438,BU001,Systems Administrator,Employee
E012439,BU001,Systems Administrator,Contractor
E012440,BU001,Customer Service Rep,Contractor
E012441,BU007,Financial Advisor,Employee
E012442,BU003,Systems Administrator,Employee
E012443,BU009,Financial Advisor,Employee
E012444,BU001,Network Engineer,Employee
E012445,BU001,Data Engineer,Employee
E012446,BU001,Software Engineer,Employee
E012447,BU002,Security Analyst,Employee
E012448,BU010,Customer Service Rep,Employee
E012449,BU004,Financial Advisor,Employee
E012450,BU001,Operations Analyst,Employee
E012451,BU008,Software Engineer,Employee
E012452,BU006,Operations Analyst,Employee
E012453,BU001,Systems Administrator,Contractor
E012454,BU006,Data Engineer,Employee
E012455,BU001,Data Engineer,Employee
E012456,BU001,Network Engineer,Employee
E012457,BU001,Security Analyst,Employee
E012458,BU002,Systems Administrator,Employee
E012459,BU002,Financial Advisor,Employee
E012460,BU001,Software Engineer,Employee
E012461,BU001,Branch Manager,Employee
E012462,BU005,Data Engineer,Employee
E012463,BU010,Operations Analyst,Contractor
E012464,BU005,Security Analyst,Employee
E012465,BU001,Financial Advisor,Employee
E012466,BU001,Operations Analyst,Employee
E012467,BU001,Software Engineer,Contractor
E012468,BU001,Software Engineer,Employee
E012469,BU003,Systems Administrator,Contractor
E012470,BU003,Risk Analyst,Employee
E012471,BU004,Operations Analyst,Employee
E012472,BU004,Financial Advisor,Employee
E012473,BU001,Software Engineer,Employee
E012474,BU001,Systems Administrator,Employee
E012475,BU004,Systems Administrator,Employee
E012476,BU001,Network Engineer,Employee
E012477,BU001,Branch Manager,Employee
E012478,BU001,Risk Analyst,Employee
E012479,BU001,Customer Service Rep,Employee
E012480,BU001,Software Engineer,Contractor
E012481,BU007,Financial Advisor,Employee
E012482,BU007,Financial Advisor,Employee
E012483,BU001,Data Engineer,Employee
E012484,BU001,Network Engineer,Employee
E012485,BU004,Network Engineer,Employee
E012486,BU001,Network Engineer,Employee
E012487,BU001,Financial Advisor,Employee
E012488,BU001,Risk Analyst,Employee
E012489,BU001,Systems Administrator,Employee
E012490,BU006,Operations Analyst,Employee
E012491,BU006,Security Analyst,Employee
E012492,BU001,Branch Manager,Employee
E012493,BU001,Software Engineer,Employee
E012494,BU001,Network Engineer,Employee
E012495,BU001,Risk Analyst,Employee
E012496,BU010,Financial Advisor,Employee
E012497,BU003,Systems Administrator,Employee
E012498,BU003,Security Analyst,Employee
E012499,BU005,Financial Advisor,Employee
E012500,BU007,Systems Administrator,Employee
E012501,BU006,Risk Analyst,Employee
E012502,BU001,Risk Analyst,Contractor
E012503,BU001,Systems Administrator,Employee
E012504,BU003,Data Engineer,Employee
E012505,BU001,Branch Manager,Contractor
E012506,BU010,Financial Advisor,Employee
E012507,BU004,Financial Advisor,Employee
E012508,BU009,Software Engineer,Employee
E012509,BU001,Data Engineer,Employee
E012510,BU008,Security Analyst,Employee
E012511,BU001,Risk Analyst,Employee
E012512,BU010,Network Engineer,Employee
E012513,BU001,Operations Analyst,Employee
E012514,BU002,Systems Administrator,Employee
E012515,BU006,Financial Advisor,Employee
E012516,BU002,Risk Analyst,Employee
E012517,BU002,Operations Analyst,Employee
E012518,BU010,Branch Manager,Employee
E012519,BU002,Risk Analyst,Employee
E012520,BU003,Financial Advisor,Employee
E012521,BU001,Risk Analyst,Employee
E012522,BU007,Operations Analyst,Contractor
E012523,BU003,Branch Manager,Employee
E012524,BU001,Security Analyst,Employee
E012525,BU001,Systems Administrator,Employee
E012526,BU003,Risk Analyst,Employee
E012527,BU001,Software Engineer,Contractor
E012528,BU001,Data Engineer,Employee
E012529,BU003,Systems Administrator,Employee
E012530,BU001,Risk Analyst,Employee
E012531,BU001,Systems Administrator,Employee
E012532,BU003,Risk Analyst,Employee
E012533,BU001,Customer Service Rep,Employee
E012534,BU001,Software Engineer,Employee
E012535,BU001,Financial Advisor,Contractor
E012536,BU003,Software Engineer,Employee
E012537,BU004,Branch Manager,Employee
E012538,BU004,Customer Service Rep,Contractor
E012539,BU001,Software Engineer,Employee
E012540,BU001,Operations Analyst,Employee
E012541,BU001,Software Engineer,Employee
E012542,BU002,Data Engineer,Employee
E012543,BU009,Risk Analyst,Employee
E012544,BU001,Branch Manager,Employee
E012545,BU001,Security Analyst,Employee
E012546,BU001,Financial Advisor,Employee
E012547,BU003,Risk Analyst,Employee
E012548,BU004,Security Analyst,Employee
E012549,BU003,Security Analyst,Employee
E012550,BU008,Risk Analyst,Contractor
E012551,BU002,Software Engineer,Employee
E012552,BU001,Data Engineer,Employee
E012553,BU001,Network Engineer,Employee
E012554,BU004,Customer Service Rep,Employee
E012555,BU003,Network Engineer,Employee
E012556,BU002,Financial Advisor,Employee
E012557,BU004,Systems Administrator,Contractor
E012558,BU003,Systems Administrator,Employee
E012559,BU008,Systems Administrator,Employee
E012560,BU003,Operations Analyst,Employee
E012561,BU005,Customer Service Rep,Employee
E012562,BU001,Risk Analyst,Employee
E012563,BU004,Security Analyst,Employee
E012564,BU009,Network Engineer,Employee
E012565,BU001,Risk Analyst,Employee
E012566,BU005,Software Engineer,Employee
E012567,BU004,Customer Service Rep,Employee
E012568,BU001,Software Engineer,Employee
E012569,BU003,Operations Analyst,Employee
E012570,BU001,Financial Advisor,Employee
E012571,BU010,Customer Service Rep,Employee
E012572,BU006,Customer Service Rep,Contractor
E012573,BU001,Security Analyst,Employee
E012574,BU001,Data Engineer,Contractor
E012575,BU003,Systems Administrator,Contractor
E012576,BU001,Security Analyst,Employee
E012577,BU001,Network Engineer,Employee
E012578,BU003,Network Engineer,Employee
E012579,BU001,Network Engineer,Contractor
E012580,BU001,Network Engineer,Employee
E012581,BU006,Security Analyst,Employee
E012582,BU009,Branch Manager,Employee
E012583,BU005,Financial Advisor,Employee
E012584,BU007,Branch Manager,Employee
E012585,BU001,Security Analyst,Employee
E012586,BU001,Customer Service Rep,Employee
E012587,BU001,Network Engineer,Employee
E012588,BU005,Systems Administrator,Employee
E012589,BU009,Branch Manager,Employee
E012590,BU004,Systems Administrator,Employee
E012591,BU008,Risk Analyst,Employee
E012592,BU003,Financial Advisor,Employee
E012593,BU001,Network Engineer,Employee
E012594,BU002,Software Engineer,Employee
E012595,BU001,Branch Manager,Employee
E012596,BU001,Network Engineer,Employee
E012597,BU004,Branch Manager,Employee
E012598,BU002,Software Engineer,Employee
E012599,BU003,Risk Analyst,Employee
E012600,BU003,Data Engineer,Employee
E012601,BU001,Network Engineer,Employee
E012602,BU002,Network Engineer,Employee
E012603,BU002,Financial Advisor,Employee
E012604,BU001,Security Analyst,Employee
E012605,BU007,Branch Manager,Employee
E012606,BU002,Software Engineer,Employee
E012607,BU003,Operations Analyst,Employee
E012608,BU009,Software Engineer,Employee
E012609,BU008,Customer Service Rep,Employee
E012610,BU009,Systems Administrator,Employee
E012611,BU001,Branch Manager,Employee
E012612,BU001,Financial Advisor,Employee
E012613,BU001,Risk Analyst,Employee
E012614,BU001,Operations Analyst,Employee
E012615,BU009,Systems Administrator,Employee
E012616,BU003,Customer Service Rep,Employee
E012617,BU001,Risk Analyst,Employee
E012618,BU001,Customer Service Rep,Employee
E012619,BU001,Network Engineer,Employee
E012620,BU003,Branch Manager,Employee
E012621,BU004,Data Engineer,Employee
E012622,BU007,Network Engineer,Employee
E012623,BU009,Financial Advisor,Employee
E012624,BU001,Software Engineer,Employee
E012625,BU001,Data Engineer,Employee
E012626,BU001,Financial Advisor,Employee
E012627,BU001,Systems Administrator,Employee
E012628,BU009,Financial Advisor,Employee
E012629,BU003,Security Analyst,Employee
E012630,BU004,Network Engineer,Employee
E012631,BU002,Branch Manager,Employee
E012632,BU001,Customer Service Rep,Employee
E012633,BU001,Software Engineer,Employee
E012634,BU002,Data Engineer,Employee
E012635,BU004,Operations Analyst,Employee
E012636,BU001,Software Engineer,Employee
E012637,BU004,Software Engineer,Contractor
E012638,BU006,Risk Analyst,Contractor
E012639,BU001,Software Engineer,Employee
E012640,BU005,Software Engineer,Contractor
E012641,BU001,Software Engineer,Employee
E012642,BU004,Customer Service Rep,Contractor
E012643,BU005,Security Analyst,Employee
E012644,BU010,Software Engineer,Employee
E012645,BU001,Data Engineer,Employee
E012646,BU001,Security Analyst,Employee
E012647,BU001,Software Engineer,Employee
E012648,BU001,Data Engineer,Employee
E012649,BU004,Data Engineer,Employee
E012650,BU009,Systems Administrator,Contractor
E012651,BU001,Network Engineer,Employee
E012652,BU001,Financial Advisor,Employee
E012653,BU001,Operations Analyst,Employee
E012654,BU002,Financial Advisor,Employee
E012655,BU001,Risk Analyst,Employee
E012656,BU001,Branch Manager,Employee
E012657,BU004,Operations Analyst,Employee
E012658,BU001,Security Analyst,Employee
E012659,BU002,Operations Analyst,Employee
E012660,BU006,Financial Advisor,Employee
E012661,BU001,Data Engineer,Employee
E012662,BU003,Financial Advisor,Employee
E012663,BU004,Operations Analyst,Employee
E012664,BU003,Branch Manager,Employee
E012665,BU002,Operations Analyst,Employee
E012666,BU001,Data Engineer,Employee
E012667,BU007,Security Analyst,Employee
E012668,BU005,Data Engineer,Contractor
E012669,BU001,Software Engineer,Employee
E012670,BU001,Risk Analyst,Employee
E012671,BU001,Branch Manager,Employee
E012672,BU001,Data Engineer,Employee
E012673,BU003,Branch Manager,Contractor
E012674,BU001,Systems Administrator,Employee
E012675,BU001,Operations Analyst,Employee
E012676,BU005,Risk Analyst,Employee
E012677,BU001,Customer Service Rep,Employee
E012678,BU005,Software Engineer,Employee
E012679,BU005,Security Analyst,Employee
E012680,BU001,Financial Advisor,Employee
E012681,BU004,Network Engineer,Employee
E012682,BU005,Network Engineer,Employee
E012683,BU001,Customer Service Rep,Contractor
E012684,BU001,Operations Analyst,Contractor
E012685,BU002,Software Engineer,Employee
E012686,BU009,Branch Manager,Employee
E012687,BU003,Security Analyst,Employee
E012688,BU001,Operations Analyst,Employee
E012689,BU004,Operations Analyst,Employee
E012690,BU002,Risk Analyst,Employee
E012691,BU003,Branch Manager,Contractor
E012692,BU004,Network Engineer,Employee
E012693,BU002,Branch Manager,Employee
E012694,BU006,Branch Manager,Employee
E012695,BU004,Risk Analyst,Employee
E012696,BU003,Operations Analyst,Employee
E012697,BU001,Operations Analyst,Employee
E012698,BU007,Systems Administrator,Employee
E012699,BU009,Branch Manager,Employee
E012700,BU001,Network Engineer,Contractor
E012701,BU002,Financial Advisor,Employee
E012702,BU001,Operations Analyst,Employee
E012703,BU005,Software Engineer,Employee
E012704,BU004,Software Engineer,Employee
E012705,BU001,Security Analyst,Employee
E012706,BU008,Branch Manager,Employee
E012707,BU001,Security Analyst,Employee
E012708,BU006,Risk Analyst,Employee
E012709,BU002,Network Engineer,Employee
E012710,BU001,Branch Manager,Contractor
E012711,BU001,Network Engineer,Employee
E012712,BU001,Systems Administrator,Employee
E012713,BU004,Data Engineer,Contractor
E012714,BU003,Data Engineer,Contractor
E012715,BU001,Branch Manager,Employee
E012716,BU001,Systems Administrator,Employee
E012717,BU001,Software Engineer,Contractor
E012718,BU005,Branch Manager,Employee
E012719,BU004,Security Analyst,Employee
E012720,BU001,Security Analyst,Employee
E012721,BU003,Software Engineer,Employee
E012722,BU001,Network Engineer,Employee
E012723,BU009,Financial Advisor,Employee
E012724,BU009,Security Analyst,Employee
E012725,BU004,Network Engineer,Employee
E012726,BU009,Data Engineer,Employee
E012727,BU006,Data Engineer,Employee
E012728,BU007,Risk Analyst,Employee
E012729,BU003,Systems Administrator,Contractor
E012730,BU001,Systems Administrator,Employee
E012731,BU001,Customer Service Rep,Contractor
E012732,BU001,Data Engineer,Employee
E012733,BU003,Software Engineer,Contractor
E012734,BU001,Operations Analyst,Employee
E012735,BU001,Financial Advisor,Contractor
E012736,BU002,Risk Analyst,Employee
E012737,BU001,Network Engineer,Employee
E012738,BU003,Software Engineer,Employee
E012739,BU009,Risk Analyst,Contractor
E012740,BU005,Risk Analyst,Employee
E012741,BU004,Network Engineer,Contractor
E012742,BU003,Data Engineer,Employee
E012743,BU002,Risk Analyst,Employee
E012744,BU001,Network Engineer,Employee
E012745,BU009,Risk Analyst,Employee
E012746,BU001,Financial Advisor,Employee
E012747,BU001,Risk Analyst,Employee
E012748,BU005,Branch Manager,Employee
E012749,BU001,Data Engineer,Employee
E012750,BU001,Customer Service Rep,Employee
E012751,BU001,Branch Manager,Employee
E012752,BU001,Financial Advisor,Employee
E012753,BU001,Network Engineer,Contractor
E012754,BU001,Financial Advisor,Employee
E012755,BU003,Operations Analyst,Employee
E012756,BU007,Operations Analyst,Employee
E012757,BU001,Risk Analyst,Employee
E012758,BU008,Financial Advisor,Employee
E012759,BU001,Systems Administrator,Contractor
E012760,BU001,Customer Service Rep,Employee
E012761,BU001,Security Analyst,Employee
E012762,BU003,Operations Analyst,Employee
E012763,BU001,Data Engineer,Contractor
E012764,BU003,Customer Service Rep,Employee
E012765,BU005,Network Engineer,Employee
E012766,BU003,Financial Advisor,Employee
E012767,BU003,Data Engineer,Employee
E012768,BU009,Risk Analyst,Employee
E012769,BU001,Branch Manager,Employee
E012770,BU001,Customer Service Rep,Employee
E012771,BU004,Data Engineer,Employee
E012772,BU003,Software Engineer,Contractor
E012773,BU001,Branch Manager,Employee
E012774,BU001,Network Engineer,Employee
E012775,BU002,Risk Analyst,Employee
E012776,BU001,Branch Manager,Employee
E012777,BU001,Security Analyst,Employee
E012778,BU009,Risk Analyst,Contractor
E012779,BU005,Customer Service Rep,Contractor
E012780,BU002,Branch Manager,Employee
E012781,BU004,Systems Administrator,Contractor
E012782,BU009,Network Engineer,Employee
E012783,BU001,Customer Service Rep,Employee
E012784,BU001,Data Engineer,Employee
E012785,BU003,Data Engineer,Employee
E012786,BU006,Network Engineer,Employee
E012787,BU001,Branch Manager,Employee
E012788,BU010,Operations Analyst,Employee
E012789,BU002,Security Analyst,Employee
E012790,BU001,Data Engineer,Employee
E012791,BU001,Financial Advisor,Employee
E012792,BU001,Risk Analyst,Contractor
E012793,BU006,Financial Advisor,Employee
E012794,BU009,Network Engineer,Employee
E012795,BU001,Operations Analyst,Employee
E012796,BU009,Network Engineer,Employee
E012797,BU007,Operations Analyst,Employee
E012798,BU002,Security Analyst,Employee
E012799,BU004,Operations Analyst,Contractor
E012800,BU002,Security Analyst,Employee
E012801,BU003,Software Engineer,Contractor
E012802,BU001,Branch Manager,Employee
E012803,BU004,Software Engineer,Employee
E012804,BU001,Systems Administrator,Contractor
E012805,BU006,Operations Analyst,Employee
E012806,BU007,Systems Administrator,Contractor
E012807,BU001,Systems Administrator,Employee
E012808,BU001,Network Engineer,Contractor
E012809,BU002,Branch Manager,Employee
E012810,BU003,Operations Analyst,Employee
E012811,BU001,Branch Manager,Employee
E012812,BU003,Network Engineer,Employee
E012813,BU001,Software Engineer,Employee
E012814,BU001,Systems Administrator,Employee
E012815,BU001,Systems Administrator,Employee
E012816,BU001,Risk Analyst,Employee
E012817,BU006,Customer Service Rep,Employee
E012818,BU010,Software Engineer,Contractor
E012819,BU002,Software Engineer,Employee
E012820,BU002,Network Engineer,Employee
E012821,BU001,Branch Manager,Employee
E012822,BU003,Data Engineer,Employee
E012823,BU001,Software Engineer,Employee
E012824,BU003,Customer Service Rep,Employee
E012825,BU009,Data Engineer,Employee
E012826,BU001,Risk Analyst,Employee
E012827,BU005,Security Analyst,Employee
E012828,BU001,Risk Analyst,Employee
E012829,BU001,Network Engineer,Contractor
E012830,BU001,Operations Analyst,Employee
E012831,BU001,Network Engineer,Employee
E012832,BU001,Customer Service Rep,Employee
E012833,BU001,Financial Advisor,Employee
E012834,BU001,Operations Analyst,Employee
E012835,BU001,Security Analyst,Employee
E012836,BU003,Customer Service Rep,Employee
E012837,BU009,Network Engineer,Contractor
E012838,BU001,Systems Administrator,Employee
E012839,BU001,Operations Analyst,Employee
E012840,BU001,Software Engineer,Employee
E012841,BU007,Software Engineer,Employee
E012842,BU003,Financial Advisor,Employee
E012843,BU002,Systems Administrator,Employee
E012844,BU001,Financial Advisor,Employee
E012845,BU002,Risk Analyst,Employee
E012846,BU001,Software Engineer,Contractor
E012847,BU009,Software Engineer,Contractor
E012848,BU008,Customer Service Rep,Employee
E012849,BU001,Customer Service Rep,Employee
E012850,BU002,Network Engineer,Employee
E012851,BU001,Data Engineer,Employee
E012852,BU001,Financial Advisor,Employee
E012853,BU008,Systems Administrator,Employee
E012854,BU002,Systems Administrator,Contractor
E012855,BU001,Branch Manager,Employee
E012856,BU001,Financial Advisor,Employee
E012857,BU006,Data Engineer,Employee
E012858,BU003,Network Engineer,Employee
E012859,BU002,Software Engineer,Employee
E012860,BU001,Security Analyst,Contractor
E012861,BU001,Financial Advisor,Employee
E012862,BU009,Systems Administrator,Employee
E012863,BU002,Systems Administrator,Employee
E012864,BU001,Risk Analyst,Employee
E012865,BU002,Software Engineer,Contractor
E012866,BU005,Network Engineer,Employee
E012867,BU001,Operations Analyst,Employee
E012868,BU001,Branch Manager,Employee
E012869,BU003,Branch Manager,Employee
E012870,BU004,Customer Service Rep,Employee
E012871,BU004,Software Engineer,Employee
E012872,BU008,Systems Administrator,Employee
E012873,BU001,Software Engineer,Employee
E012874,BU001,Systems Administrator,Employee
E012875,BU009,Customer Service Rep,Contractor
E012876,BU002,Risk Analyst,Employee
E012877,BU003,Financial Advisor,Employee
E012878,BU004,Network Engineer,Employee
E012879,BU003,Branch Manager,Employee
E012880,BU001,Security Analyst,Employee
E012881,BU005,Software Engineer,Employee
E012882,BU006,Data Engineer,Employee
E012883,BU003,Network Engineer,Employee
E012884,BU002,Financial Advisor,Employee
E012885,BU001,Risk Analyst,Employee
E012886,BU001,Risk Analyst,Employee
E012887,BU001,Security Analyst,Employee
E012888,BU001,Branch Manager,Contractor
E012889,BU009,Customer Service Rep,Employee
E012890,BU006,Customer Service Rep,Employee
E012891,BU003,Financial Advisor,Employee
E012892,BU002,Customer Service Rep,Employee
E012893,BU001,Branch Manager,Contractor
E012894,BU010,Data Engineer,Employee
E012895,BU001,Systems Administrator,Employee
E012896,BU001,Network Engineer,Employee
E012897,BU002,Operations Analyst,Employee
E012898,BU008,Network Engineer,Employee
E012899,BU008,Customer Service Rep,Contractor
E012900,BU001,Network Engineer,Contractor
E012901,BU008,Customer Service Rep,Employee
E012902,BU001,Customer Service Rep,Employee
E012903,BU001,Systems Administrator,Employee
E012904,BU007,Systems Administrator,Contractor
E012905,BU008,Security Analyst,Employee
E012906,BU003,Data Engineer,Employee
E012907,BU003,Data Engineer,Employee
E012908,BU006,Operations Analyst,Employee
E012909,BU006,Branch Manager,Employee
E012910,BU009,Software Engineer,Employee
E012911,BU003,Branch Manager,Employee
E012912,BU010,Operations Analyst,Employee
E012913,BU010,Data Engineer,Employee
E012914,BU001,Security Analyst,Employee
E012915,BU007,Branch Manager,Employee
E012916,BU002,Financial Advisor,Employee
E012917,BU001,Branch Manager,Contractor
E012918,BU003,Systems Administrator,Employee
E012919,BU001,Operations Analyst,Employee
E012920,BU002,Branch Manager,Employee
E012921,BU008,Operations Analyst,Employee
E012922,BU001,Financial Advisor,Employee
E012923,BU002,Data Engineer,Employee
E012924,BU009,Data Engineer,Employee
E012925,BU002,Customer Service Rep,Employee
E012926,BU001,Financial Advisor,Employee
E012927,BU002,Risk Analyst,Contractor
E012928,BU002,Branch Manager,Employee
E012929,BU003,Branch Manager,Employee
E012930,BU006,Customer Service Rep,Employee
E012931,BU002,Security Analyst,Contractor
E012932,BU006,Systems Administrator,Employee
E012933,BU002,Software Engineer,Employee
E012934,BU001,Network Engineer,Employee
E012935,BU003,Systems Administrator,Employee
E012936,BU004,Risk Analyst,Employee
E012937,BU003,Systems Administrator,Employee
E012938,BU001,Customer Service Rep,Contractor
E012939,BU001,Financial Advisor,Employee
E012940,BU001,Risk Analyst,Employee
E012941,BU001,Network Engineer,Employee
E012942,BU004,Systems Administrator,Employee
E012943,BU001,Data Engineer,Employee
E012944,BU005,Financial Advisor,Employee
E012945,BU001,Software Engineer,Employee
E012946,BU001,Branch Manager,Employee
E012947,BU002,Data Engineer,Employee
E012948,BU001,Network Engineer,Employee
E012949,BU008,Customer Service Rep,Employee
E012950,BU001,Security Analyst,Employee
E012951,BU002,Operations Analyst,Employee
E012952,BU007,Systems Administrator,Employee
E012953,BU003,Operations Analyst,Employee
E012954,BU001,Financial Advisor,Employee
E012955,BU002,Customer Service Rep,Employee
E012956,BU004,Security Analyst,Employee
E012957,BU010,Software Engineer,Employee
E012958,BU009,Network Engineer,Employee
E012959,BU001,Network Engineer,Employee
E012960,BU010,Operations Analyst,Contractor
E012961,BU001,Risk Analyst,Employee
E012962,BU001,Operations Analyst,Employee
E012963,BU007,Security Analyst,Employee
E012964,BU001,Security Analyst,Employee
E012965,BU001,Network Engineer,Employee
E012966,BU001,Operations Analyst,Employee
E012967,BU002,Data Engineer,Employee
E012968,BU004,Risk Analyst,Employee
E012969,BU003,Network Engineer,Employee
E012970,BU001,Financial Advisor,Employee
E012971,BU002,Systems Administrator,Employee
E012972,BU009,Financial Advisor,Contractor
E012973,BU006,Systems Administrator,Employee
E012974,BU001,Security Analyst,Employee
E012975,BU010,Risk Analyst,Employee
E012976,BU004,Customer Service Rep,Contractor
E012977,BU001,Systems Administrator,Employee
E012978,BU001,Financial Advisor,Employee
E012979,BU001,Network Engineer,Contractor
E012980,BU004,Software Engineer,Employee
E012981,BU001,Data Engineer,Contractor
E012982,BU002,Operations Analyst,Employee
E012983,BU001,Systems Administrator,Employee
E012984,BU009,Security Analyst,Employee
E012985,BU001,Customer Service Rep,Contractor
E012986,BU009,Software Engineer,Employee
E012987,BU009,Software Engineer,Employee
E012988,BU001,Systems Administrator,Employee
E012989,BU002,Software Engineer,Employee
E012990,BU001,Data Engineer,Employee
E012991,BU009,Data Engineer,Employee
E012992,BU002,Security Analyst,Employee
E012993,BU001,Software Engineer,Employee
E012994,BU001,Systems Administrator,Employee
E012995,BU001,Network Engineer,Employee
E012996,BU009,Security Analyst,Employee
E012997,BU004,Risk Analyst,Employee
E012998,BU008,Operations Analyst,Employee
E012999,BU001,Security Analyst,Employee
E013000,BU001,Software Engineer,Employee
E013001,BU010,Software Engineer,Employee
E013002,BU001,Operations Analyst,Employee
E013003,BU009,Data Engineer,Employee
E013004,BU001,Financial Advisor,Employee
E013005,BU001,Customer Service Rep,Employee
E013006,BU004,Customer Service Rep,Employee
E013007,BU010,Risk Analyst,Employee
E013008,BU010,Security Analyst,Employee
E013009,BU001,Systems Administrator,Employee
E013010,BU001,Risk Analyst,Contractor
E013011,BU003,Data Engineer,Employee
E013012,BU003,Operations Analyst,Employee
E013013,BU004,Branch Manager,Contractor
E013014,BU001,Security Analyst,Employee
E013015,BU009,Financial Advisor,Contractor
E013016,BU003,Risk Analyst,Employee
E013017,BU007,Branch Manager,Employee
E013018,BU003,Financial Advisor,Employee
E013019,BU001,Branch Manager,Contractor
E013020,BU010,Branch Manager,Employee
E013021,BU003,Systems Administrator,Employee
E013022,BU008,Software Engineer,Employee
E013023,BU009,Operations Analyst,Employee
E013024,BU004,Software Engineer,Contractor
E013025,BU003,Data Engineer,Employee
E013026,BU001,Financial Advisor,Employee
E013027,BU001,Customer Service Rep,Contractor
E013028,BU001,Operations Analyst,Employee
E013029,BU001,Security Analyst,Employee
E013030,BU001,Network Engineer,Employee
E013031,BU001,Operations Analyst,Employee
E013032,BU001,Software Engineer,Employee
E013033,BU002,Customer Service Rep,Employee
E013034,BU001,Risk Analyst,Employee
E013035,BU001,Security Analyst,Employee
E013036,BU004,Software Engineer,Employee
E013037,BU002,Data Engineer,Employee
E013038,BU002,Operations Analyst,Employee
E013039,BU003,Systems Administrator,Employee
E013040,BU007,Software Engineer,Employee
E013041,BU002,Customer Service Rep,Employee
E013042,BU003,Data Engineer,Employee
E013043,BU009,Branch Manager,Employee
E013044,BU007,Network Engineer,Employee
E013045,BU002,Risk Analyst,Employee
E013046,BU003,Financial Advisor,Employee
E013047,BU001,Systems Administrator,Employee
E013048,BU003,Risk Analyst,Employee
E013049,BU010,Software Engineer,Contractor
E013050,BU002,Systems Administrator,Employee
E013051,BU009,Financial Advisor,Employee
E013052,BU001,Risk Analyst,Employee
E013053,BU010,Network Engineer,Employee
E013054,BU003,Network Engineer,Employee
E013055,BU001,Software Engineer,Employee
E013056,BU003,Systems Administrator,Employee
E013057,BU001,Security Analyst,Employee
E013058,BU001,Systems Administrator,Employee
E013059,BU007,Systems Administrator,Employee
E013060,BU001,Software Engineer,Employee
E013061,BU006,Security Analyst,Employee
E013062,BU001,Operations Analyst,Employee
E013063,BU001,Security Analyst,Employee
E013064,BU010,Risk Analyst,Employee
E013065,BU001,Systems Administrator,Employee
E013066,BU003,Customer Service Rep,Employee
E013067,BU003,Software Engineer,Employee
E013068,BU003,Software Engineer,Employee
E013069,BU009,Security Analyst,Employee
E013070,BU004,Data Engineer,Employee
E013071,BU001,Software Engineer,Employee
E013072,BU008,Security Analyst,Contractor
E013073,BU001,Financial Advisor,Employee
E013074,BU003,Customer Service Rep,Employee
E013075,BU009,Software Engineer,Employee
E013076,BU003,Branch Manager,Employee
E013077,BU006,Branch Manager,Employee
E013078,BU003,Data Engineer,Contractor
E013079,BU007,Branch Manager,Employee
E013080,BU009,Software Engineer,Contractor
E013081,BU001,Security Analyst,Employee
E013082,BU001,Security Analyst,Employee
E013083,BU002,Customer Service Rep,Employee
E013084,BU004,Financial Advisor,Employee
E013085,BU001,Financial Advisor,Employee
E013086,BU001,Branch Manager,Employee
E013087,BU001,Financial Advisor,Employee
E013088,BU010,Security Analyst,Employee
E013089,BU004,Systems Administrator,Contractor
E013090,BU001,Data Engineer,Contractor
E013091,BU001,Operations Analyst,Employee
E013092,BU001,Risk Analyst,Employee
E013093,BU001,Network Engineer,Employee
E013094,BU001,Systems Administrator,Employee
E013095,BU009,Data Engineer,Employee
E013096,BU010,Data Engineer,Employee
E013097,BU001,Operations Analyst,Employee
E013098,BU001,Risk Analyst,Employee
E013099,BU001,Operations Analyst,Employee
E013100,BU002,Systems Administrator,Employee
E013101,BU001,Software Engineer,Employee
E013102,BU001,Software Engineer,Employee
E013103,BU001,Software Engineer,Employee
E013104,BU005,Systems Administrator,Employee
E013105,BU004,Branch Manager,Employee
E013106,BU003,Risk Analyst,Employee
E013107,BU001,Customer Service Rep,Employee
E013108,BU009,Customer Service Rep,Contractor
E013109,BU010,Data Engineer,Employee
E013110,BU001,Software Engineer,Employee
E013111,BU001,Financial Advisor,Employee
E013112,BU002,Data Engineer,Employee
E013113,BU001,Network Engineer,Employee
E013114,BU002,Operations Analyst,Employee
E013115,BU003,Customer Service Rep,Employee
E013116,BU002,Systems Administrator,Employee
E013117,BU001,Software Engineer,Employee
E013118,BU003,Customer Service Rep,Employee
E013119,BU009,Branch Manager,Employee
E013120,BU001,Security Analyst,Employee
E013121,BU003,Data Engineer,Employee
E013122,BU001,Operations Analyst,Employee
E013123,BU001,Customer Service Rep,Employee
E013124,BU003,Security Analyst,Employee
E013125,BU001,Financial Advisor,Employee
E013126,BU001,Network Engineer,Employee
E013127,BU001,Customer Service Rep,Employee
E013128,BU003,Network Engineer,Employee
E013129,BU004,Software Engineer,Employee
E013130,BU001,Operations Analyst,Employee
E013131,BU004,Branch Manager,Employee
E013132,BU001,Data Engineer,Employee
E013133,BU003,Software Engineer,Contractor
E013134,BU001,Security Analyst,Employee
E013135,BU003,Branch Manager,Employee
E013136,BU010,Customer Service Rep,Employee
E013137,BU009,Data Engineer,Employee
E013138,BU001,Operations Analyst,Employee
E013139,BU008,Operations Analyst,Employee
E013140,BU001,Customer Service Rep,Employee
E013141,BU009,Branch Manager,Employee
E013142,BU001,Systems Administrator,Employee
E013143,BU001,Operations Analyst,Contractor
E013144,BU001,Software Engineer,Employee
E013145,BU001,Data Engineer,Employee
E013146,BU004,Financial Advisor,Employee
E013147,BU009,Operations Analyst,Employee
E013148,BU003,Systems Administrator,Employee
E013149,BU004,Software Engineer,Employee
E013150,BU005,Systems Administrator,Employee
E013151,BU001,Data Engineer,Employee
E013152,BU001,Customer Service Rep,Contractor
E013153,BU001,Software Engineer,Employee
E013154,BU001,Customer Service Rep,Employee
E013155,BU001,Data Engineer,Employee
E013156,BU001,Financial Advisor,Employee
E013157,BU001,Systems Administrator,Employee
E013158,BU001,Data Engineer,Contractor
E013159,BU009,Customer Service Rep,Employee
E013160,BU001,Operations Analyst,Employee
E013161,BU002,Security Analyst,Employee
E013162,BU003,Systems Administrator,Employee
E013163,BU003,Risk Analyst,Employee
E013164,BU001,Financial Advisor,Contractor
E013165,BU001,Software Engineer,Employee
E013166,BU001,Security Analyst,Employee
E013167,BU001,Network Engineer,Employee
E013168,BU001,Security Analyst,Employee
E013169,BU003,Risk Analyst,Employee
E013170,BU004,Security Analyst,Contractor
E013171,BU002,Security Analyst,Employee
E013172,BU002,Systems Administrator,Employee
E013173,BU001,Customer Service Rep,Employee
E013174,BU007,Network Engineer,Employee
E013175,BU001,Software Engineer,Employee
E013176,BU004,Financial Advisor,Employee
E013177,BU005,Software Engineer,Employee
E013178,BU001,Software Engineer,Employee
E013179,BU001,Financial Advisor,Employee
E013180,BU002,Risk Analyst,Employee
E013181,BU001,Financial Advisor,Employee
E013182,BU001,Customer Service Rep,Employee
E013183,BU001,Branch Manager,Contractor
E013184,BU001,Branch Manager,Employee
E013185,BU002,Data Engineer,Employee
E013186,BU007,Data Engineer,Employee
E013187,BU001,Risk Analyst,Employee
E013188,BU009,Software Engineer,Contractor
E013189,BU009,Data Engineer,Employee
E013190,BU009,Systems Administrator,Employee
E013191,BU007,Operations Analyst,Employee
E013192,BU001,Network Engineer,Employee
E013193,BU001,Risk Analyst,Employee
E013194,BU003,Systems Administrator,Employee
E013195,BU003,Branch Manager,Employee
E013196,BU007,Security Analyst,Employee
E013197,BU010,Customer Service Rep,Employee
E013198,BU002,Risk Analyst,Employee
E013199,BU001,Network Engineer,Employee
E013200,BU001,Network Engineer,Employee
E013201,BU001,Operations Analyst,Employee
E013202,BU002,Operations Analyst,Employee
E013203,BU003,Data Engineer,Contractor
E013204,BU007,Security Analyst,Contractor
E013205,BU002,Operations Analyst,Contractor
E013206,BU009,Branch Manager,Employee
E013207,BU003,Financial Advisor,Employee
E013208,BU007,Risk Analyst,Employee
E013209,BU001,Branch Manager,Employee
E013210,BU007,Security Analyst,Employee
E013211,BU004,Systems Administrator,Employee
E013212,BU001,Operations Analyst,Employee
E013213,BU001,Data Engineer,Employee
E013214,BU009,Systems Administrator,Employee
E013215,BU001,Data Engineer,Employee
E013216,BU002,Risk Analyst,Employee
E013217,BU001,Customer Service Rep,Employee
E013218,BU004,Operations Analyst,Employee
E013219,BU007,Systems Administrator,Employee
E013220,BU001,Software Engineer,Employee
E013221,BU002,Financial Advisor,Employee
E013222,BU010,Data Engineer,Employee
E013223,BU006,Customer Service Rep,Employee
E013224,BU009,Financial Advisor,Employee
E013225,BU002,Network Engineer,Employee
E013226,BU001,Branch Manager,Employee
E013227,BU001,Customer Service Rep,Employee
E013228,BU004,Financial Advisor,Employee
E013229,BU001,Operations Analyst,Employee
E013230,BU001,Network Engineer,Contractor
E013231,BU001,Software Engineer,Employee
E013232,BU002,Security Analyst,Employee
E013233,BU007,Security Analyst,Contractor
E013234,BU001,Branch Manager,Employee
E013235,BU004,Data Engineer,Employee
E013236,BU009,Branch Manager,Employee
E013237,BU001,Network Engineer,Employee
E013238,BU004,Software Engineer,Contractor
E013239,BU010,Security Analyst,Employee
E013240,BU010,Security Analyst,Employee
E013241,BU001,Risk Analyst,Employee
E013242,BU001,Systems Administrator,Employee
E013243,BU001,Network Engineer,Employee
E013244,BU004,Network Engineer,Employee
E013245,BU004,Data Engineer,Employee
E013246,BU004,Network Engineer,Employee
E013247,BU001,Risk Analyst,Employee
E013248,BU001,Software Engineer,Employee
E013249,BU003,Customer Service Rep,Employee
E013250,BU002,Security Analyst,Employee
E013251,BU004,Network Engineer,Employee
E013252,BU002,Systems Administrator,Employee
E013253,BU001,Network Engineer,Employee
E013254,BU001,Financial Advisor,Contractor
E013255,BU001,Systems Administrator,Employee
E013256,BU001,Operations Analyst,Employee
E013257,BU001,Network Engineer,Contractor
E013258,BU001,Network Engineer,Employee
E013259,BU001,Data Engineer,Employee
E013260,BU001,Financial Advisor,Employee
E013261,BU005,Customer Service Rep,Employee
E013262,BU001,Network Engineer,Employee
E013263,BU004,Software Engineer,Employee
E013264,BU004,Customer Service Rep,Employee
E013265,BU003,Security Analyst,Employee
E013266,BU009,Customer Service Rep,Contractor
E013267,BU001,Systems Administrator,Employee
E013268,BU004,Software Engineer,Employee
E013269,BU009,Risk Analyst,Employee
E013270,BU008,Data Engineer,Employee
E013271,BU001,Software Engineer,Employee
E013272,BU001,Security Analyst,Contractor
E013273,BU001,Financial Advisor,Contractor
E013274,BU003,Risk Analyst,Employee
E013275,BU004,Security Analyst,Employee
E013276,BU001,Security Analyst,Employee
E013277,BU002,Operations Analyst,Employee
E013278,BU004,Data Engineer,Employee
E013279,BU002,Branch Manager,Employee
E013280,BU007,Operations Analyst,Employee
E013281,BU005,Risk Analyst,Employee
E013282,BU001,Customer Service Rep,Employee
E013283,BU003,Branch Manager,Contractor
E013284,BU001,Systems Administrator,Employee
E013285,BU003,Branch Manager,Employee
E013286,BU009,Operations Analyst,Employee
E013287,BU008,Operations Analyst,Employee
E013288,BU001,Operations Analyst,Employee
E013289,BU001,Network Engineer,Employee
E013290,BU001,Network Engineer,Employee
E013291,BU002,Branch Manager,Employee
E013292,BU001,Operations Analyst,Employee
E013293,BU003,Data Engineer,Employee
E013294,BU001,Financial Advisor,Contractor
E013295,BU001,Customer Service Rep,Employee
E013296,BU001,Data Engineer,Employee
E013297,BU010,Data Engineer,Employee
E013298,BU004,Customer Service Rep,Employee
E013299,BU001,Systems Administrator,Employee
E013300,BU001,Network Engineer,Employee
E013301,BU002,Branch Manager,Employee
E013302,BU001,Financial Advisor,Employee
E013303,BU002,Software Engineer,Employee
E013304,BU007,Customer Service Rep,Employee
E013305,BU003,Operations Analyst,Employee
E013306,BU003,Data Engineer,Contractor
E013307,BU003,Software Engineer,Employee
E013308,BU009,Customer Service Rep,Employee
E013309,BU009,Branch Manager,Employee
E013310,BU002,Security Analyst,Employee
E013311,BU001,Customer Service Rep,Employee
E013312,BU002,Software Engineer,Contractor
E013313,BU001,Operations Analyst,Employee
E013314,BU003,Data Engineer,Contractor
E013315,BU002,Customer Service Rep,Employee
E013316,BU001,Operations Analyst,Employee
E013317,BU001,Risk Analyst,Contractor
E013318,BU002,Customer Service Rep,Employee
E013319,BU008,Systems Administrator,Employee
E013320,BU003,Network Engineer,Contractor
E013321,BU004,Systems Administrator,Employee
E013322,BU001,Software Engineer,Employee
E013323,BU003,Branch Manager,Employee
E013324,BU002,Customer Service Rep,Employee
E013325,BU003,Operations Analyst,Employee
E013326,BU001,Operations Analyst,Contractor
E013327,BU002,Systems Administrator,Employee
E013328,BU001,Security Analyst,Employee
E013329,BU001,Financial Advisor,Contractor
E013330,BU010,Network Engineer,Employee
E013331,BU001,Risk Analyst,Employee
E013332,BU001,Software Engineer,Employee
E013333,BU002,Network Engineer,Employee
E013334,BU008,Network Engineer,Employee
E013335,BU001,Operations Analyst,Employee
E013336,BU005,Risk Analyst,Employee
E013337,BU007,Financial Advisor,Employee
E013338,BU001,Branch Manager,Employee
E013339,BU001,Security Analyst,Employee
E013340,BU001,Software Engineer,Employee
E013341,BU007,Customer Service Rep,Employee
E013342,BU001,Data Engineer,Employee
E013343,BU001,Software Engineer,Employee
E013344,BU004,Branch Manager,Employee
E013345,BU003,Network Engineer,Employee
E013346,BU002,Software Engineer,Employee
E013347,BU002,Security Analyst,Employee
E013348,BU001,Risk Analyst,Employee
E013349,BU002,Security Analyst,Employee
E013350,BU002,Branch Manager,Employee
E013351,BU009,Security Analyst,Employee
E013352,BU001,Data Engineer,Employee
E013353,BU008,Branch Manager,Contractor
E013354,BU003,Risk Analyst,Employee
E013355,BU001,Risk Analyst,Contractor
E013356,BU004,Network Engineer,Employee
E013357,BU001,Network Engineer,Employee
E013358,BU010,Branch Manager,Employee
E013359,BU008,Risk Analyst,Employee
E013360,BU001,Branch Manager,Employee
E013361,BU001,Network Engineer,Employee
E013362,BU001,Risk Analyst,Employee
E013363,BU001,Risk Analyst,Employee
E013364,BU001,Data Engineer,Employee
E013365,BU001,Systems Administrator,Employee
E013366,BU003,Customer Service Rep,Employee
E013367,BU001,Customer Service Rep,Employee
E013368,BU007,Operations Analyst,Employee
E013369,BU006,Risk Analyst,Contractor
E013370,BU002,Branch Manager,Employee
E013371,BU007,Operations Analyst,Employee
E013372,BU001,Data Engineer,Employee
E013373,BU001,Network Engineer,Employee
E013374,BU003,Operations Analyst,Contractor
E013375,BU002,Systems Administrator,Employee
E013376,BU003,Systems Administrator,Employee
E013377,BU009,Systems Administrator,Employee
E013378,BU010,Security Analyst,Employee
E013379,BU003,Network Engineer,Employee
E013380,BU005,Data Engineer,Employee
E013381,BU001,Operations Analyst,Employee
E013382,BU001,Customer Service Rep,Contractor
E013383,BU004,Operations Analyst,Employee
E013384,BU002,Systems Administrator,Employee
E013385,BU002,Operations Analyst,Employee
E013386,BU001,Data Engineer,Employee
E013387,BU003,Software Engineer,Employee
E013388,BU001,Operations Analyst,Employee
E013389,BU003,Data Engineer,Employee
E013390,BU001,Risk Analyst,Employee
E013391,BU001,Customer Service Rep,Employee
E013392,BU001,Systems Administrator,Employee
E013393,BU001,Risk Analyst,Employee
E013394,BU008,Operations Analyst,Contractor
E013395,BU001,Data Engineer,Employee
E013396,BU001,Systems Administrator,Employee
E013397,BU003,Operations Analyst,Employee
E013398,BU002,Software Engineer,Employee
E013399,BU001,Data Engineer,Employee
E013400,BU001,Security Analyst,Contractor
E013401,BU010,Branch Manager,Employee
E013402,BU003,Branch Manager,Employee
E013403,BU001,Operations Analyst,Employee
E013404,BU002,Software Engineer,Employee
E013405,BU001,Operations Analyst,Employee
E013406,BU001,Financial Advisor,Contractor
E013407,BU003,Data Engineer,Employee
E013408,BU008,Operations Analyst,Employee
E013409,BU001,Security Analyst,Employee
E013410,BU007,Branch Manager,Employee
E013411,BU001,Data Engineer,Employee
E013412,BU001,Data Engineer,Employee
E013413,BU001,Customer Service Rep,Employee
E013414,BU001,Data Engineer,Employee
E013415,BU009,Security Analyst,Employee
E013416,BU002,Operations Analyst,Employee
E013417,BU001,Network Engineer,Employee
E013418,BU009,Customer Service Rep,Employee
E013419,BU008,Systems Administrator,Employee
E013420,BU005,Operations Analyst,Contractor
E013421,BU009,Branch Manager,Employee
E013422,BU001,Operations Analyst,Contractor
E013423,BU007,Operations Analyst,Employee
E013424,BU004,Financial Advisor,Employee
E013425,BU008,Systems Administrator,Employee
E013426,BU006,Risk Analyst,Employee
E013427,BU001,Branch Manager,Employee
E013428,BU005,Systems Administrator,Employee
E013429,BU001,Customer Service Rep,Employee
E013430,BU001,Risk Analyst,Employee
E013431,BU001,Customer Service Rep,Employee
E013432,BU009,Financial Advisor,Employee
E013433,BU001,Customer Service Rep,Employee
E013434,BU002,Software Engineer,Employee
E013435,BU001,Software Engineer,Employee
E013436,BU009,Operations Analyst,Employee
E013437,BU001,Branch Manager,Employee
E013438,BU005,Security Analyst,Employee
E013439,BU007,Data Engineer,Contractor
E013440,BU002,Security Analyst,Employee
E013441,BU001,Systems Administrator,Employee
E013442,BU005,Customer Service Rep,Employee
E013443,BU009,Network Engineer,Employee
E013444,BU005,Operations Analyst,Employee
E013445,BU001,Risk Analyst,Contractor
E013446,BU008,Network Engineer,Employee
E013447,BU001,Data Engineer,Employee
E013448,BU003,Software Engineer,Employee
E013449,BU007,Security Analyst,Employee
E013450,BU001,Systems Administrator,Employee
E013451,BU006,Data Engineer,Employee
E013452,BU003,Network Engineer,Employee
E013453,BU009,Financial Advisor,Employee
E013454,BU001,Risk Analyst,Employee
E013455,BU002,Software Engineer,Employee
E013456,BU007,Software Engineer,Employee
E013457,BU001,Security Analyst,Employee
E013458,BU001,Systems Administrator,Employee
E013459,BU010,Branch Manager,Employee
E013460,BU001,Customer Service Rep,Employee
E013461,BU010,Risk Analyst,Employee
E013462,BU001,Systems Administrator,Contractor
E013463,BU001,Network Engineer,Employee
E013464,BU005,Risk Analyst,Employee
E013465,BU003,Financial Advisor,Employee
E013466,BU003,Data Engineer,Employee
E013467,BU002,Data Engineer,Employee
E013468,BU007,Operations Analyst,Employee
E013469,BU001,Network Engineer,Contractor
E013470,BU002,Customer Service Rep,Employee
E013471,BU001,Software Engineer,Employee
E013472,BU003,Software Engineer,Employee
E013473,BU001,Security Analyst,Employee
E013474,BU001,Operations Analyst,Employee
E013475,BU002,Financial Advisor,Employee
E013476,BU001,Customer Service Rep,Employee
E013477,BU001,Risk Analyst,Employee
E013478,BU004,Software Engineer,Employee
E013479,BU002,Risk Analyst,Employee
E013480,BU008,Systems Administrator,Employee
E013481,BU004,Branch Manager,Contractor
E013482,BU001,Financial Advisor,Employee
E013483,BU003,Network Engineer,Employee
E013484,BU001,Risk Analyst,Employee
E013485,BU006,Security Analyst,Employee
E013486,BU010,Data Engineer,Contractor
E013487,BU002,Security Analyst,Employee
E013488,BU004,Customer Service Rep,Contractor
E013489,BU001,Financial Advisor,Employee
E013490,BU002,Security Analyst,Employee
E013491,BU007,Risk Analyst,Employee
E013492,BU001,Operations Analyst,Contractor
E013493,BU001,Security Analyst,Employee
E013494,BU002,Software Engineer,Employee
E013495,BU004,Systems Administrator,Employee
E013496,BU001,Data Engineer,Employee
E013497,BU009,Software Engineer,Employee
E013498,BU001,Risk Analyst,Employee
E013499,BU001,Operations Analyst,Employee
E013500,BU004,Financial Advisor,Employee
E013501,BU001,Branch Manager,Employee
E013502,BU003,Network Engineer,Employee
E013503,BU001,Operations Analyst,Employee
E013504,BU001,Security Analyst,Employee
E013505,BU001,Financial Advisor,Contractor
E013506,BU009,Financial Advisor,Employee
E013507,BU003,Systems Administrator,Employee
E013508,BU006,Customer Service Rep,Employee
E013509,BU001,Systems Administrator,Employee
E013510,BU003,Data Engineer,Contractor
E013511,BU002,Network Engineer,Employee
E013512,BU009,Risk Analyst,Employee
E013513,BU005,Risk Analyst,Employee
E013514,BU004,Branch Manager,Employee
E013515,BU001,Network Engineer,Employee
E013516,BU003,Financial Advisor,Employee
E013517,BU002,Software Engineer,Employee
E013518,BU009,Customer Service Rep,Employee
E013519,BU001,Branch Manager,Employee
E013520,BU001,Operations Analyst,Employee
E013521,BU001,Financial Advisor,Employee
E013522,BU001,Operations Analyst,Employee
E013523,BU001,Risk Analyst,Employee
E013524,BU007,Branch Manager,Employee
E013525,BU003,Financial Advisor,Employee
E013526,BU008,Data Engineer,Employee
E013527,BU007,Financial Advisor,Employee
E013528,BU001,Software Engineer,Employee
E013529,BU003,Software Engineer,Contractor
E013530,BU001,Branch Manager,Employee
E013531,BU009,Systems Administrator,Employee
E013532,BU001,Network Engineer,Employee
E013533,BU001,Network Engineer,Contractor
E013534,BU001,Systems Administrator,Employee
E013535,BU002,Network Engineer,Employee
E013536,BU001,Financial Advisor,Contractor
E013537,BU001,Data Engineer,Employee
E013538,BU006,Network Engineer,Employee
E013539,BU007,Operations Analyst,Contractor
E013540,BU001,Data Engineer,Employee
E013541,BU002,Operations Analyst,Employee
E013542,BU008,Customer Service Rep,Employee
E013543,BU001,Systems Administrator,Employee
E013544,BU008,Network Engineer,Employee
E013545,BU001,Customer Service Rep,Employee
E013546,BU004,Operations Analyst,Employee
E013547,BU003,Security Analyst,Employee
E013548,BU003,Data Engineer,Employee
E013549,BU007,Security Analyst,Employee
E013550,BU001,Financial Advisor,Contractor
E013551,BU001,Customer Service Rep,Employee
E013552,BU002,Network Engineer,Employee
E013553,BU006,Data Engineer,Employee
E013554,BU001,Data Engineer,Employee
E013555,BU006,Security Analyst,Employee
E013556,BU001,Risk Analyst,Employee
E013557,BU001,Security Analyst,Employee
E013558,BU005,Operations Analyst,Employee
E013559,BU001,Customer Service Rep,Employee
E013560,BU002,Operations Analyst,Employee
E013561,BU001,Network Engineer,Employee
E013562,BU001,Data Engineer,Employee
E013563,BU003,Network Engineer,Employee
E013564,BU003,Financial Advisor,Employee
E013565,BU001,Software Engineer,Employee
E013566,BU002,Network Engineer,Employee
E013567,BU001,Customer Service Rep,Employee
E013568,BU002,Customer Service Rep,Employee
E013569,BU009,Branch Manager,Employee
E013570,BU007,Branch Manager,Employee
E013571,BU001,Branch Manager,Contractor
E013572,BU001,Systems Administrator,Employee
E013573,BU009,Data Engineer,Employee
E013574,BU002,Operations Analyst,Employee
E013575,BU002,Security Analyst,Employee
E013576,BU006,Data Engineer,Employee
E013577,BU001,Branch Manager,Employee
E013578,BU002,Security Analyst,Employee
E013579,BU010,Systems Administrator,Employee
E013580,BU004,Security Analyst,Employee
E013581,BU001,Customer Service Rep,Employee
E013582,BU001,Operations Analyst,Employee
E013583,BU001,Security Analyst,Employee
E013584,BU005,Systems Administrator,Employee
E013585,BU001,Branch Manager,Employee
E013586,BU001,Branch Manager,Employee
E013587,BU009,Operations Analyst,Employee
E013588,BU001,Data Engineer,Employee
E013589,BU001,Network Engineer,Employee
E013590,BU001,Software Engineer,Employee
E013591,BU001,Operations Analyst,Employee
E013592,BU002,Data Engineer,Employee
E013593,BU009,Operations Analyst,Employee
E013594,BU008,Financial Advisor,Employee
E013595,BU002,Customer Service Rep,Employee
E013596,BU001,Customer Service Rep,Employee
E013597,BU003,Data Engineer,Employee
E013598,BU001,Software Engineer,Contractor
E013599,BU001,Customer Service Rep,Employee
E013600,BU009,Data Engineer,Employee
E013601,BU001,Operations Analyst,Employee
E013602,BU001,Risk Analyst,Employee
E013603,BU002,Security Analyst,Contractor
E013604,BU002,Risk Analyst,Employee
E013605,BU001,Risk Analyst,Employee
E013606,BU001,Security Analyst,Employee
E013607,BU001,Risk Analyst,Employee
E013608,BU004,Software Engineer,Employee
E013609,BU001,Security Analyst,Employee
E013610,BU002,Customer Service Rep,Employee
E013611,BU003,Risk Analyst,Employee
E013612,BU008,Risk Analyst,Employee
E013613,BU001,Financial Advisor,Contractor
E013614,BU001,Systems Administrator,Contractor
E013615,BU002,Network Engineer,Employee
E013616,BU005,Financial Advisor,Employee
E013617,BU001,Data Engineer,Employee
E013618,BU002,Branch Manager,Employee
E013619,BU001,Financial Advisor,Employee
E013620,BU001,Security Analyst,Employee
E013621,BU002,Financial Advisor,Employee
E013622,BU001,Security Analyst,Employee
E013623,BU007,Risk Analyst,Employee
E013624,BU003,Systems Administrator,Employee
E013625,BU002,Network Engineer,Employee
E013626,BU001,Systems Administrator,Employee
E013627,BU002,Security Analyst,Employee
E013628,BU001,Network Engineer,Contractor
E013629,BU009,Operations Analyst,Employee
E013630,BU010,Branch Manager,Employee
E013631,BU001,Financial Advisor,Employee
E013632,BU001,Financial Advisor,Employee
E013633,BU001,Financial Advisor,Employee
E013634,BU004,Software Engineer,Employee
E013635,BU004,Branch Manager,Employee
E013636,BU007,Customer Service Rep,Employee
E013637,BU005,Data Engineer,Employee
E013638,BU002,Systems Administrator,Employee
E013639,BU003,Risk Analyst,Employee
E013640,BU004,Customer Service Rep,Employee
E013641,BU002,Risk Analyst,Employee
E013642,BU002,Network Engineer,Employee
E013643,BU003,Risk Analyst,Employee
E013644,BU003,Software Engineer,Employee
E013645,BU003,Network Engineer,Employee
E013646,BU003,Branch Manager,Employee
E013647,BU004,Security Analyst,Employee
E013648,BU003,Network Engineer,Employee
E013649,BU002,Network Engineer,Employee
E013650,BU004,Customer Service Rep,Employee
E013651,BU002,Operations Analyst,Employee
E013652,BU001,Risk Analyst,Contractor
E013653,BU001,Security Analyst,Employee
E013654,BU003,Branch Manager,Employee
E013655,BU003,Branch Manager,Employee
E013656,BU010,Data Engineer,Contractor
E013657,BU001,Customer Service Rep,Employee
E013658,BU001,Branch Manager,Employee
E013659,BU001,Operations Analyst,Employee
E013660,BU001,Security Analyst,Employee
E013661,BU005,Software Engineer,Employee
E013662,BU001,Customer Service Rep,Employee
E013663,BU003,Data Engineer,Employee
E013664,BU004,Systems Administrator,Employee
E013665,BU002,Security Analyst,Employee
E013666,BU008,Network Engineer,Employee
E013667,BU002,Network Engineer,Employee
E013668,BU001,Branch Manager,Employee
E013669,BU009,Financial Advisor,Contractor
E013670,BU008,Financial Advisor,Employee
E013671,BU001,Network Engineer,Employee
E013672,BU001,Customer Service Rep,Contractor
E013673,BU001,Operations Analyst,Employee
E013674,BU001,Network Engineer,Contractor
E013675,BU010,Risk Analyst,Employee
E013676,BU003,Branch Manager,Employee
E013677,BU001,Customer Service Rep,Contractor
E013678,BU008,Systems Administrator,Employee
E013679,BU002,Customer Service Rep,Employee
E013680,BU001,Customer Service Rep,Contractor
E013681,BU009,Data Engineer,Employee
E013682,BU007,Network Engineer,Employee
E013683,BU007,Software Engineer,Employee
E013684,BU002,Systems Administrator,Employee
E013685,BU006,Financial Advisor,Employee
E013686,BU001,Software Engineer,Employee
E013687,BU003,Software Engineer,Employee
E013688,BU010,Software Engineer,Employee
E013689,BU001,Branch Manager,Employee
E013690,BU006,Software Engineer,Employee
E013691,BU002,Software Engineer,Employee
E013692,BU001,Systems Administrator,Employee
E013693,BU005,Risk Analyst,Employee
E013694,BU001,Operations Analyst,Employee
E013695,BU003,Systems Administrator,Employee
E013696,BU001,Systems Administrator,Employee
E013697,BU009,Network Engineer,Employee
E013698,BU001,Network Engineer,Employee
E013699,BU001,Branch Manager,Employee
E013700,BU001,Security Analyst,Employee
E013701,BU009,Branch Manager,Contractor
E013702,BU004,Risk Analyst,Employee
E013703,BU005,Software Engineer,Employee
E013704,BU002,Risk Analyst,Employee
E013705,BU002,Security Analyst,Employee
E013706,BU001,Risk Analyst,Employee
E013707,BU003,Systems Administrator,Employee
E013708,BU001,Risk Analyst,Employee
E013709,BU010,Software Engineer,Employee
E013710,BU006,Financial Advisor,Employee
E013711,BU001,Financial Advisor,Employee
E013712,BU001,Security Analyst,Employee
E013713,BU006,Customer Service Rep,Employee
E013714,BU001,Systems Administrator,Employee
E013715,BU001,Risk Analyst,Employee
E013716,BU001,Risk Analyst,Employee
E013717,BU003,Security Analyst,Employee
E013718,BU006,Security Analyst,Employee
E013719,BU001,Branch Manager,Employee
E013720,BU001,Network Engineer,Employee
E013721,BU002,Branch Manager,Employee
E013722,BU005,Risk Analyst,Employee
E013723,BU001,Financial Advisor,Employee
E013724,BU001,Branch Manager,Employee
E013725,BU009,Security Analyst,Employee
E013726,BU009,Network Engineer,Employee
E013727,BU010,Customer Service Rep,Employee
E013728,BU006,Network Engineer,Employee
E013729,BU001,Data Engineer,Employee
E013730,BU001,Network Engineer,Employee
E013731,BU001,Operations Analyst,Contractor
E013732,BU001,Network Engineer,Employee
E013733,BU009,Customer Service Rep,Employee
E013734,BU006,Customer Service Rep,Employee
E013735,BU004,Network Engineer,Employee
E013736,BU001,Financial Advisor,Employee
E013737,BU009,Software Engineer,Employee
E013738,BU007,Network Engineer,Employee
E013739,BU001,Customer Service Rep,Employee
E013740,BU008,Customer Service Rep,Employee
E013741,BU001,Risk Analyst,Employee
E013742,BU001,Branch Manager,Employee
E013743,BU003,Financial Advisor,Employee
E013744,BU003,Operations Analyst,Employee
E013745,BU001,Software Engineer,Employee
E013746,BU001,Data Engineer,Contractor
E013747,BU010,Financial Advisor,Employee
E013748,BU004,Risk Analyst,Employee
E013749,BU004,Data Engineer,Contractor
E013750,BU001,Network Engineer,Employee
E013751,BU001,Network Engineer,Employee
E013752,BU001,Risk Analyst,Employee
E013753,BU001,Customer Service Rep,Employee
E013754,BU001,Financial Advisor,Employee
E013755,BU001,Software Engineer,Employee
E013756,BU003,Security Analyst,Employee
E013757,BU001,Branch Manager,Employee
E013758,BU007,Risk Analyst,Employee
E013759,BU001,Data Engineer,Contractor
E013760,BU002,Software Engineer,Employee
E013761,BU001,Security Analyst,Employee
E013762,BU002,Risk Analyst,Employee
E013763,BU001,Financial Advisor,Employee
E013764,BU010,Software Engineer,Employee
E013765,BU006,Branch Manager,Employee
E013766,BU002,Financial Advisor,Employee
E013767,BU001,Operations Analyst,Employee
E013768,BU003,Data Engineer,Employee
E013769,BU005,Security Analyst,Employee
E013770,BU001,Branch Manager,Employee
E013771,BU003,Branch Manager,Employee
E013772,BU006,Financial Advisor,Employee
E013773,BU005,Risk Analyst,Employee
E013774,BU006,Risk Analyst,Employee
E013775,BU008,Branch Manager,Employee
E013776,BU009,Software Engineer,Employee
E013777,BU001,Security Analyst,Employee
E013778,BU003,Customer Service Rep,Employee
E013779,BU006,Software Engineer,Employee
E013780,BU004,Network Engineer,Employee
E013781,BU010,Network Engineer,Employee
E013782,BU001,Data Engineer,Employee
E013783,BU001,Network Engineer,Employee
E013784,BU001,Systems Administrator,Employee
E013785,BU001,Customer Service Rep,Employee
E013786,BU001,Risk Analyst,Employee
E013787,BU004,Data Engineer,Employee
E013788,BU001,Customer Service Rep,Employee
E013789,BU005,Systems Administrator,Employee
E013790,BU004,Operations Analyst,Employee
E013791,BU001,Data Engineer,Employee
E013792,BU001,Customer Service Rep,Employee
E013793,BU003,Operations Analyst,Employee
E013794,BU005,Operations Analyst,Employee
E013795,BU008,Network Engineer,Contractor
E013796,BU007,Operations Analyst,Employee
E013797,BU010,Customer Service Rep,Employee
E013798,BU003,Network Engineer,Employee
E013799,BU009,Systems Administrator,Employee
E013800,BU006,Software Engineer,Employee
E013801,BU009,Software Engineer,Employee
E013802,BU001,Systems Administrator,Employee
E013803,BU010,Risk Analyst,Employee
E013804,BU002,Operations Analyst,Employee
E013805,BU006,Systems Administrator,Employee
E013806,BU001,Systems Administrator,Employee
E013807,BU001,Branch Manager,Employee
E013808,BU001,Data Engineer,Employee
E013809,BU001,Branch Manager,Contractor
E013810,BU001,Risk Analyst,Employee
E013811,BU006,Operations Analyst,Employee
E013812,BU001,Software Engineer,Employee
E013813,BU001,Customer Service Rep,Employee
E013814,BU001,Risk Analyst,Employee
E013815,BU003,Systems Administrator,Employee
E013816,BU001,Operations Analyst,Employee
E013817,BU001,Financial Advisor,Contractor
E013818,BU002,Customer Service Rep,Contractor
E013819,BU003,Systems Administrator,Employee
E013820,BU001,Operations Analyst,Employee
E013821,BU001,Systems Administrator,Employee
E013822,BU001,Risk Analyst,Employee
E013823,BU010,Data Engineer,Employee
E013824,BU001,Risk Analyst,Employee
E013825,BU003,Data Engineer,Employee
E013826,BU001,Customer Service Rep,Employee
E013827,BU002,Branch Manager,Employee
E013828,BU001,Risk Analyst,Employee
E013829,BU001,Operations Analyst,Employee
E013830,BU002,Network Engineer,Employee
E013831,BU001,Financial Advisor,Employee
E013832,BU001,Systems Administrator,Employee
E013833,BU004,Operations Analyst,Employee
E013834,BU010,Software Engineer,Employee
E013835,BU001,Risk Analyst,Employee
E013836,BU003,Customer Service Rep,Employee
E013837,BU010,Software Engineer,Employee
E013838,BU007,Branch Manager,Employee
E013839,BU002,Network Engineer,Employee
E013840,BU004,Software Engineer,Employee
E013841,BU001,Data Engineer,Employee
E013842,BU002,Branch Manager,Employee
E013843,BU001,Customer Service Rep,Contractor
E013844,BU001,Software Engineer,Employee
E013845,BU002,Customer Service Rep,Contractor
E013846,BU001,Branch Manager,Employee
E013847,BU004,Operations Analyst,Employee
E013848,BU002,Branch Manager,Employee
E013849,BU002,Systems Administrator,Employee
E013850,BU001,Customer Service Rep,Employee
E013851,BU001,Financial Advisor,Employee
E013852,BU003,Data Engineer,Employee
E013853,BU010,Financial Advisor,Employee
E013854,BU001,Systems Administrator,Contractor
E013855,BU001,Network Engineer,Contractor
E013856,BU008,Operations Analyst,Employee
E013857,BU001,Systems Administrator,Employee
E013858,BU008,Customer Service Rep,Employee
E013859,BU002,Risk Analyst,Employee
E013860,BU001,Customer Service Rep,Employee
E013861,BU001,Systems Administrator,Employee
E013862,BU001,Risk Analyst,Employee
E013863,BU001,Risk Analyst,Contractor
E013864,BU008,Customer Service Rep,Employee
E013865,BU004,Risk Analyst,Contractor
E013866,BU004,Security Analyst,Contractor
E013867,BU006,Network Engineer,Employee
E013868,BU001,Security Analyst,Employee
E013869,BU003,Operations Analyst,Employee
E013870,BU002,Security Analyst,Employee
E013871,BU006,Branch Manager,Employee
E013872,BU001,Risk Analyst,Employee
E013873,BU003,Systems Administrator,Employee
E013874,BU008,Branch Manager,Employee
E013875,BU001,Branch Manager,Employee
E013876,BU001,Network Engineer,Employee
E013877,BU002,Operations Analyst,Employee
E013878,BU001,Customer Service Rep,Employee
E013879,BU004,Systems Administrator,Contractor
E013880,BU009,Data Engineer,Contractor
E013881,BU002,Data Engineer,Employee
E013882,BU002,Operations Analyst,Employee
E013883,BU003,Systems Administrator,Employee
E013884,BU001,Security Analyst,Employee
E013885,BU001,Data Engineer,Employee
E013886,BU009,Security Analyst,Employee
E013887,BU004,Data Engineer,Employee
E013888,BU001,Operations Analyst,Employee
E013889,BU001,Systems Administrator,Employee
E013890,BU004,Security Analyst,Employee
E013891,BU005,Customer Service Rep,Contractor
E013892,BU007,Network Engineer,Employee
E013893,BU001,Financial Advisor,Employee
E013894,BU009,Risk Analyst,Employee
E013895,BU003,Operations Analyst,Employee
E013896,BU004,Network Engineer,Employee
E013897,BU003,Financial Advisor,Employee
E013898,BU001,Security Analyst,Employee
E013899,BU010,Operations Analyst,Employee
E013900,BU001,Customer Service Rep,Employee
E013901,BU001,Operations Analyst,Employee
E013902,BU006,Security Analyst,Employee
E013903,BU003,Network Engineer,Employee
E013904,BU007,Data Engineer,Employee
E013905,BU002,Software Engineer,Employee
E013906,BU001,Operations Analyst,Employee
E013907,BU009,Operations Analyst,Employee
E013908,BU001,Branch Manager,Contractor
E013909,BU007,Software Engineer,Employee
E013910,BU001,Systems Administrator,Employee
E013911,BU007,Systems Administrator,Employee
E013912,BU001,Customer Service Rep,Contractor
E013913,BU003,Risk Analyst,Employee
E013914,BU008,Branch Manager,Employee
E013915,BU002,Software Engineer,Contractor
E013916,BU005,Software Engineer,Employee
E013917,BU006,Customer Service Rep,Contractor
E013918,BU004,Security Analyst,Employee
E013919,BU009,Customer Service Rep,Employee
E013920,BU002,Customer Service Rep,Employee
E013921,BU001,Customer Service Rep,Employee
E013922,BU001,Branch Manager,Employee
E013923,BU001,Data Engineer,Employee
E013924,BU001,Software Engineer,Employee
E013925,BU003,Customer Service Rep,Employee
E013926,BU001,Branch Manager,Employee
E013927,BU001,Branch Manager,Contractor
E013928,BU001,Customer Service Rep,Employee
E013929,BU007,Branch Manager,Employee
E013930,BU003,Risk Analyst,Employee
E013931,BU001,Customer Service Rep,Employee
E013932,BU009,Financial Advisor,Employee
E013933,BU001,Risk Analyst,Employee
E013934,BU010,Data Engineer,Employee
E013935,BU003,Security Analyst,Employee
E013936,BU001,Network Engineer,Employee
E013937,BU004,Systems Administrator,Employee
E013938,BU005,Customer Service Rep,Employee
E013939,BU002,Software Engineer,Employee
E013940,BU008,Risk Analyst,Employee
E013941,BU001,Network Engineer,Contractor
E013942,BU001,Financial Advisor,Contractor
E013943,BU001,Systems Administrator,Contractor
E013944,BU001,Security Analyst,Employee
E013945,BU001,Security Analyst,Employee
E013946,BU009,Security Analyst,Contractor
E013947,BU001,Security Analyst,Employee
E013948,BU002,Operations Analyst,Employee
E013949,BU002,Systems Administrator,Employee
E013950,BU009,Operations Analyst,Employee
E013951,BU010,Financial Advisor,Employee
E013952,BU005,Risk Analyst,Employee
E013953,BU010,Financial Advisor,Employee
E013954,BU006,Software Engineer,Employee
E013955,BU010,Operations Analyst,Employee
E013956,BU004,Branch Manager,Contractor
E013957,BU001,Customer Service Rep,Employee
E013958,BU001,Systems Administrator,Employee
E013959,BU003,Branch Manager,Employee
E013960,BU001,Risk Analyst,Employee
E013961,BU001,Security Analyst,Employee
E013962,BU003,Customer Service Rep,Contractor
E013963,BU009,Customer Service Rep,Employee
E013964,BU001,Security Analyst,Employee
E013965,BU005,Security Analyst,Employee
E013966,BU004,Branch Manager,Employee
E013967,BU010,Data Engineer,Employee
E013968,BU009,Customer Service Rep,Employee
E013969,BU005,Branch Manager,Contractor
E013970,BU002,Financial Advisor,Employee
E013971,BU001,Financial Advisor,Employee
E013972,BU003,Operations Analyst,Employee
E013973,BU005,Risk Analyst,Employee
E013974,BU009,Operations Analyst,Employee
E013975,BU006,Branch Manager,Employee
E013976,BU001,Customer Service Rep,Employee
E013977,BU003,Risk Analyst,Employee
E013978,BU001,Data Engineer,Contractor
E013979,BU001,Risk Analyst,Employee
E013980,BU001,Systems Administrator,Employee
E013981,BU001,Operations Analyst,Employee
E013982,BU007,Operations Analyst,Employee
E013983,BU001,Financial Advisor,Employee
E013984,BU001,Security Analyst,Employee
E013985,BU009,Risk Analyst,Contractor
E013986,BU001,Customer Service Rep,Employee
E013987,BU001,Risk Analyst,Employee
E013988,BU001,Software Engineer,Employee
E013989,BU001,Security Analyst,Employee
E013990,BU001,Data Engineer,Employee
E013991,BU001,Systems Administrator,Employee
E013992,BU003,Software Engineer,Employee
E013993,BU001,Data Engineer,Employee
E013994,BU001,Branch Manager,Contractor
E013995,BU008,Financial Advisor,Contractor
E013996,BU002,Software Engineer,Employee
E013997,BU009,Branch Manager,Employee
E013998,BU002,Financial Advisor,Employee
E013999,BU001,Software Engineer,Employee
E014000,BU005,Risk Analyst,Employee
E014001,BU001,Financial Advisor,Employee
E014002,BU001,Financial Advisor,Employee
E014003,BU003,Software Engineer,Employee
E014004,BU002,Risk Analyst,Employee
E014005,BU006,Risk Analyst,Employee
E014006,BU009,Branch Manager,Employee
E014007,BU001,Security Analyst,Employee
E014008,BU003,Operations Analyst,Employee
E014009,BU002,Branch Manager,Contractor
E014010,BU010,Customer Service Rep,Employee
E014011,BU007,Operations Analyst,Employee
E014012,BU009,Data Engineer,Employee
E014013,BU001,Systems Administrator,Contractor
E014014,BU005,Customer Service Rep,Employee
E014015,BU001,Operations Analyst,Employee
E014016,BU001,Data Engineer,Employee
E014017,BU009,Financial Advisor,Employee
E014018,BU001,Network Engineer,Employee
E014019,BU010,Branch Manager,Employee
E014020,BU001,Data Engineer,Employee
E014021,BU006,Financial Advisor,Employee
E014022,BU001,Customer Service Rep,Employee
E014023,BU001,Financial Advisor,Employee
E014024,BU001,Operations Analyst,Employee
E014025,BU003,Software Engineer,Employee
E014026,BU001,Customer Service Rep,Employee
E014027,BU003,Customer Service Rep,Employee
E014028,BU001,Financial Advisor,Employee
E014029,BU001,Customer Service Rep,Contractor
E014030,BU001,Systems Administrator,Employee
E014031,BU001,Customer Service Rep,Employee
E014032,BU006,Branch Manager,Contractor
E014033,BU008,Security Analyst,Employee
E014034,BU001,Operations Analyst,Employee
E014035,BU003,Software Engineer,Employee
E014036,BU005,Customer Service Rep,Contractor
E014037,BU001,Software Engineer,Employee
E014038,BU001,Customer Service Rep,Employee
E014039,BU002,Data Engineer,Employee
E014040,BU001,Network Engineer,Employee
E014041,BU001,Systems Administrator,Employee
E014042,BU001,Customer Service Rep,Contractor
E014043,BU003,Software Engineer,Employee
E014044,BU001,Security Analyst,Employee
E014045,BU001,Network Engineer,Employee
E014046,BU001,Network Engineer,Employee
E014047,BU001,Software Engineer,Employee
E014048,BU001,Branch Manager,Employee
E014049,BU009,Network Engineer,Employee
E014050,BU001,Systems Administrator,Employee
E014051,BU003,Security Analyst,Employee
E014052,BU001,Data Engineer,Employee
E014053,BU004,Security Analyst,Employee
E014054,BU003,Operations Analyst,Contractor
E014055,BU001,Security Analyst,Employee
E014056,BU007,Risk Analyst,Employee
E014057,BU002,Branch Manager,Contractor
E014058,BU007,Financial Advisor,Employee
E014059,BU001,Systems Administrator,Employee
E014060,BU010,Software Engineer,Employee
E014061,BU005,Security Analyst,Employee
E014062,BU010,Operations Analyst,Employee
E014063,BU002,Branch Manager,Employee
E014064,BU002,Data Engineer,Employee
E014065,BU005,Software Engineer,Employee
E014066,BU008,Branch Manager,Employee
E014067,BU010,Operations Analyst,Employee
E014068,BU001,Systems Administrator,Employee
E014069,BU006,Operations Analyst,Employee
E014070,BU001,Financial Advisor,Employee
E014071,BU003,Data Engineer,Employee
E014072,BU001,Systems Administrator,Employee
E014073,BU001,Software Engineer,Employee
E014074,BU009,Operations Analyst,Contractor
E014075,BU001,Operations Analyst,Employee
E014076,BU003,Systems Administrator,Employee
E014077,BU003,Network Engineer,Employee
E014078,BU001,Customer Service Rep,Employee
E014079,BU001,Network Engineer,Employee
E014080,BU003,Network Engineer,Employee
E014081,BU001,Customer Service Rep,Employee
E014082,BU006,Financial Advisor,Employee
E014083,BU010,Financial Advisor,Employee
E014084,BU001,Branch Manager,Employee
E014085,BU001,Branch Manager,Contractor
E014086,BU002,Operations Analyst,Employee
E014087,BU005,Systems Administrator,Employee
E014088,BU001,Risk Analyst,Employee
E014089,BU001,Risk Analyst,Employee
E014090,BU003,Branch Manager,Employee
E014091,BU009,Network Engineer,Employee
E014092,BU001,Systems Administrator,Employee
E014093,BU002,Software Engineer,Employee
E014094,BU010,Financial Advisor,Employee
E014095,BU004,Risk Analyst,Employee
E014096,BU004,Operations Analyst,Employee
E014097,BU003,Data Engineer,Employee
E014098,BU010,Security Analyst,Employee
E014099,BU004,Software Engineer,Employee
E014100,BU009,Software Engineer,Employee
E014101,BU004,Systems Administrator,Employee
E014102,BU004,Systems Administrator,Employee
E014103,BU001,Financial Advisor,Employee
E014104,BU001,Customer Service Rep,Employee
E014105,BU006,Risk Analyst,Employee
E014106,BU001,Customer Service Rep,Contractor
E014107,BU003,Risk Analyst,Employee
E014108,BU001,Security Analyst,Employee
E014109,BU006,Operations Analyst,Employee
E014110,BU001,Network Engineer,Employee
E014111,BU007,Data Engineer,Employee
E014112,BU003,Financial Advisor,Employee
E014113,BU001,Customer Service Rep,Employee
E014114,BU003,Security Analyst,Employee
E014115,BU001,Customer Service Rep,Employee
E014116,BU001,Security Analyst,Employee
E014117,BU001,Data Engineer,Employee
E014118,BU001,Risk Analyst,Employee
E014119,BU010,Software Engineer,Employee
E014120,BU001,Security Analyst,Employee
E014121,BU004,Network Engineer,Employee
E014122,BU001,Security Analyst,Employee
E014123,BU003,Data Engineer,Employee
E014124,BU001,Customer Service Rep,Contractor
E014125,BU004,Network Engineer,Employee
E014126,BU004,Financial Advisor,Employee
E014127,BU004,Operations Analyst,Contractor
E014128,BU001,Operations Analyst,Employee
E014129,BU003,Operations Analyst,Contractor
E014130,BU001,Operations Analyst,Employee
E014131,BU001,Customer Service Rep,Employee
E014132,BU001,Financial Advisor,Employee
E014133,BU002,Software Engineer,Employee
E014134,BU002,Operations Analyst,Contractor
E014135,BU004,Network Engineer,Employee
E014136,BU001,Operations Analyst,Contractor
E014137,BU001,Branch Manager,Employee
E014138,BU001,Systems Administrator,Employee
E014139,BU004,Systems Administrator,Employee
E014140,BU003,Security Analyst,Employee
E014141,BU001,Customer Service Rep,Employee
E014142,BU004,Customer Service Rep,Employee
E014143,BU002,Branch Manager,Employee
E014144,BU002,Financial Advisor,Employee
E014145,BU002,Network Engineer,Employee
E014146,BU003,Security Analyst,Employee
E014147,BU004,Network Engineer,Employee
E014148,BU001,Risk Analyst,Employee
E014149,BU001,Security Analyst,Employee
E014150,BU001,Security Analyst,Employee
E014151,BU003,Customer Service Rep,Employee
E014152,BU008,Branch Manager,Employee
E014153,BU001,Systems Administrator,Employee
E014154,BU001,Network Engineer,Employee
E014155,BU005,Systems Administrator,Employee
E014156,BU007,Network Engineer,Employee
E014157,BU008,Security Analyst,Employee
E014158,BU003,Customer Service Rep,Employee
E014159,BU008,Branch Manager,Employee
E014160,BU001,Operations Analyst,Employee
E014161,BU001,Security Analyst,Employee
E014162,BU001,Security Analyst,Employee
E014163,BU004,Security Analyst,Employee
E014164,BU001,Operations Analyst,Employee
E014165,BU002,Network Engineer,Contractor
E014166,BU002,Customer Service Rep,Employee
E014167,BU001,Software Engineer,Employee
E014168,BU008,Risk Analyst,Employee
E014169,BU001,Security Analyst,Employee
E014170,BU001,Software Engineer,Employee
E014171,BU005,Security Analyst,Employee
E014172,BU001,Operations Analyst,Employee
E014173,BU004,Systems Administrator,Contractor
E014174,BU006,Risk Analyst,Contractor
E014175,BU009,Branch Manager,Employee
E014176,BU008,Systems Administrator,Employee
E014177,BU001,Software Engineer,Contractor
E014178,BU003,Financial Advisor,Employee
E014179,BU001,Data Engineer,Employee
E014180,BU001,Operations Analyst,Employee
E014181,BU001,Security Analyst,Employee
E014182,BU001,Operations Analyst,Employee
E014183,BU008,Systems Administrator,Contractor
E014184,BU001,Branch Manager,Employee
E014185,BU003,Systems Administrator,Employee
E014186,BU002,Network Engineer,Employee
E014187,BU002,Systems Administrator,Employee
E014188,BU010,Financial Advisor,Employee
E014189,BU001,Risk Analyst,Contractor
E014190,BU003,Operations Analyst,Employee
E014191,BU002,Operations Analyst,Contractor
E014192,BU001,Software Engineer,Employee
E014193,BU002,Data Engineer,Employee
E014194,BU006,Data Engineer,Employee
E014195,BU001,Financial Advisor,Employee
E014196,BU001,Customer Service Rep,Employee
E014197,BU001,Security Analyst,Employee
E014198,BU005,Network Engineer,Employee
E014199,BU004,Data Engineer,Employee
E014200,BU003,Branch Manager,Employee
E014201,BU002,Operations Analyst,Employee
E014202,BU008,Branch Manager,Employee
E014203,BU005,Security Analyst,Employee
E014204,BU006,Software Engineer,Employee
E014205,BU006,Software Engineer,Employee
E014206,BU003,Risk Analyst,Employee
E014207,BU002,Customer Service Rep,Employee
E014208,BU008,Data Engineer,Employee
E014209,BU009,Systems Administrator,Employee
E014210,BU001,Systems Administrator,Employee
E014211,BU001,Operations Analyst,Employee
E014212,BU009,Financial Advisor,Employee
E014213,BU001,Operations Analyst,Employee
E014214,BU008,Systems Administrator,Employee
E014215,BU001,Operations Analyst,Employee
E014216,BU001,Operations Analyst,Employee
E014217,BU001,Data Engineer,Employee
E014218,BU001,Security Analyst,Employee
E014219,BU001,Software Engineer,Employee
E014220,BU002,Operations Analyst,Employee
E014221,BU004,Operations Analyst,Employee
E014222,BU010,Financial Advisor,Employee
E014223,BU002,Systems Administrator,Employee
E014224,BU002,Operations Analyst,Employee
E014225,BU002,Risk Analyst,Employee
E014226,BU002,Security Analyst,Employee
E014227,BU002,Operations Analyst,Employee
E014228,BU001,Security Analyst,Employee
E014229,BU001,Financial Advisor,Employee
E014230,BU001,Branch Manager,Employee
E014231,BU001,Financial Advisor,Employee
E014232,BU004,Financial Advisor,Employee
E014233,BU001,Systems Administrator,Employee
E014234,BU009,Financial Advisor,Employee
E014235,BU009,Customer Service Rep,Employee
E014236,BU010,Risk Analyst,Employee
E014237,BU009,Systems Administrator,Employee
E014238,BU001,Data Engineer,Employee
E014239,BU002,Financial Advisor,Employee
E014240,BU001,Network Engineer,Employee
E014241,BU006,Network Engineer,Employee
E014242,BU008,Software Engineer,Employee
E014243,BU007,Operations Analyst,Employee
E014244,BU002,Customer Service Rep,Employee
E014245,BU005,Customer Service Rep,Employee
E014246,BU001,Security Analyst,Employee
E014247,BU001,Software Engineer,Employee
E014248,BU005,Network Engineer,Employee
E014249,BU002,Financial Advisor,Employee
E014250,BU010,Risk Analyst,Employee
E014251,BU001,Operations Analyst,Employee
E014252,BU007,Risk Analyst,Employee
E014253,BU002,Network Engineer,Employee
E014254,BU007,Network Engineer,Employee
E014255,BU006,Branch Manager,Employee
E014256,BU009,Operations Analyst,Employee
E014257,BU001,Security Analyst,Employee
E014258,BU009,Customer Service Rep,Employee
E014259,BU001,Security Analyst,Employee
E014260,BU001,Customer Service Rep,Employee
E014261,BU002,Branch Manager,Employee
E014262,BU007,Security Analyst,Employee
E014263,BU002,Software Engineer,Employee
E014264,BU007,Operations Analyst,Employee
E014265,BU004,Systems Administrator,Employee
E014266,BU001,Operations Analyst,Employee
E014267,BU009,Operations Analyst,Employee
E014268,BU001,Branch Manager,Employee
E014269,BU009,Risk Analyst,Employee
E014270,BU001,Network Engineer,Employee
E014271,BU002,Data Engineer,Employee
E014272,BU002,Systems Administrator,Employee
E014273,BU001,Financial Advisor,Employee
E014274,BU001,Risk Analyst,Employee
E014275,BU001,Customer Service Rep,Employee
E014276,BU001,Operations Analyst,Employee
E014277,BU001,Branch Manager,Employee
E014278,BU002,Branch Manager,Employee
E014279,BU006,Operations Analyst,Employee
E014280,BU003,Customer Service Rep,Employee
E014281,BU009,Systems Administrator,Employee
E014282,BU003,Systems Administrator,Employee
E014283,BU004,Risk Analyst,Employee
E014284,BU004,Operations Analyst,Employee
E014285,BU002,Software Engineer,Employee
E014286,BU004,Security Analyst,Employee
E014287,BU001,Software Engineer,Contractor
E014288,BU007,Financial Advisor,Employee
E014289,BU005,Software Engineer,Employee
E014290,BU001,Branch Manager,Employee
E014291,BU005,Risk Analyst,Employee
E014292,BU001,Data Engineer,Employee
E014293,BU001,Network Engineer,Employee
E014294,BU001,Financial Advisor,Employee
E014295,BU006,Data Engineer,Employee
E014296,BU005,Operations Analyst,Employee
E014297,BU006,Software Engineer,Employee
E014298,BU001,Network Engineer,Contractor
E014299,BU002,Data Engineer,Employee
E014300,BU004,Customer Service Rep,Contractor
E014301,BU001,Financial Advisor,Contractor
E014302,BU003,Security Analyst,Employee
E014303,BU001,Financial Advisor,Employee
E014304,BU001,Network Engineer,Contractor
E014305,BU002,Data Engineer,Employee
E014306,BU003,Network Engineer,Employee
E014307,BU001,Operations Analyst,Employee
E014308,BU001,Risk Analyst,Employee
E014309,BU001,Network Engineer,Employee
E014310,BU001,Systems Administrator,Employee
E014311,BU001,Branch Manager,Employee
E014312,BU001,Software Engineer,Employee
E014313,BU003,Security Analyst,Employee
E014314,BU002,Branch Manager,Employee
E014315,BU005,Systems Administrator,Employee
E014316,BU004,Customer Service Rep,Employee
E014317,BU001,Risk Analyst,Employee
E014318,BU001,Security Analyst,Employee
E014319,BU008,Risk Analyst,Employee
E014320,BU001,Risk Analyst,Employee
E014321,BU001,Customer Service Rep,Employee
E014322,BU001,Customer Service Rep,Employee
E014323,BU003,Risk Analyst,Employee
E014324,BU003,Customer Service Rep,Contractor
E014325,BU010,Software Engineer,Employee
E014326,BU008,Customer Service Rep,Employee
E014327,BU001,Branch Manager,Employee
E014328,BU001,Operations Analyst,Employee
E014329,BU001,Network Engineer,Employee
E014330,BU001,Data Engineer,Employee
E014331,BU001,Financial Advisor,Employee
E014332,BU001,Security Analyst,Employee
E014333,BU001,Data Engineer,Employee
E014334,BU001,Branch Manager,Employee
E014335,BU001,Risk Analyst,Employee
E014336,BU010,Data Engineer,Employee
E014337,BU003,Financial Advisor,Employee
E014338,BU010,Systems Administrator,Employee
E014339,BU001,Security Analyst,Employee
E014340,BU002,Customer Service Rep,Employee
E014341,BU001,Financial Advisor,Employee
E014342,BU001,Network Engineer,Employee
E014343,BU001,Customer Service Rep,Employee
E014344,BU009,Data Engineer,Employee
E014345,BU010,Risk Analyst,Employee
E014346,BU001,Network Engineer,Employee
E014347,BU001,Financial Advisor,Employee
E014348,BU002,Customer Service Rep,Employee
E014349,BU001,Operations Analyst,Contractor
E014350,BU001,Risk Analyst,Employee
E014351,BU001,Risk Analyst,Employee
E014352,BU002,Risk Analyst,Employee
E014353,BU001,Operations Analyst,Employee
E014354,BU001,Financial Advisor,Employee
E014355,BU001,Branch Manager,Employee
E014356,BU002,Risk Analyst,Employee
E014357,BU010,Network Engineer,Employee
E014358,BU001,Customer Service Rep,Contractor
E014359,BU008,Systems Administrator,Employee
E014360,BU007,Risk Analyst,Contractor
E014361,BU009,Security Analyst,Employee
E014362,BU006,Systems Administrator,Employee
E014363,BU003,Systems Administrator,Employee
E014364,BU007,Security Analyst,Employee
E014365,BU001,Risk Analyst,Employee
E014366,BU002,Security Analyst,Employee
E014367,BU010,Branch Manager,Employee
E014368,BU005,Customer Service Rep,Employee
E014369,BU010,Systems Administrator,Employee
E014370,BU005,Security Analyst,Employee
E014371,BU008,Software Engineer,Employee
E014372,BU004,Software Engineer,Employee
E014373,BU005,Customer Service Rep,Employee
E014374,BU002,Operations Analyst,Employee
E014375,BU009,Branch Manager,Employee
E014376,BU007,Operations Analyst,Employee
E014377,BU007,Risk Analyst,Employee
E014378,BU004,Network Engineer,Contractor
E014379,BU001,Risk Analyst,Employee
E014380,BU001,Customer Service Rep,Employee
E014381,BU009,Operations Analyst,Employee
E014382,BU003,Data Engineer,Contractor
E014383,BU001,Customer Service Rep,Employee
E014384,BU001,Operations Analyst,Employee
E014385,BU007,Network Engineer,Employee
E014386,BU007,Risk Analyst,Employee
E014387,BU006,Financial Advisor,Employee
E014388,BU003,Branch Manager,Employee
E014389,BU001,Software Engineer,Employee
E014390,BU001,Software Engineer,Employee
E014391,BU001,Systems Administrator,Employee
E014392,BU007,Data Engineer,Employee
E014393,BU001,Data Engineer,Employee
E014394,BU003,Risk Analyst,Employee
E014395,BU002,Branch Manager,Employee
E014396,BU002,Security Analyst,Employee
E014397,BU009,Security Analyst,Employee
E014398,BU001,Security Analyst,Employee
E014399,BU005,Financial Advisor,Employee
E014400,BU001,Operations Analyst,Employee
E014401,BU001,Security Analyst,Employee
E014402,BU002,Customer Service Rep,Employee
E014403,BU001,Security Analyst,Employee
E014404,BU006,Security Analyst,Employee
E014405,BU002,Financial Advisor,Employee
E014406,BU001,Software Engineer,Employee
E014407,BU001,Risk Analyst,Employee
E014408,BU003,Risk Analyst,Employee
E014409,BU006,Operations Analyst,Employee
E014410,BU002,Risk Analyst,Employee
E014411,BU003,Operations Analyst,Employee
E014412,BU006,Systems Administrator,Employee
E014413,BU003,Branch Manager,Contractor
E014414,BU001,Security Analyst,Employee
E014415,BU003,Risk Analyst,Employee
E014416,BU003,Security Analyst,Employee
E014417,BU004,Branch Manager,Employee
E014418,BU003,Systems Administrator,Employee
E014419,BU010,Risk Analyst,Employee
E014420,BU001,Risk Analyst,Employee
E014421,BU009,Network Engineer,Contractor
E014422,BU002,Network Engineer,Contractor
E014423,BU004,Software Engineer,Contractor
E014424,BU001,Network Engineer,Employee
E014425,BU001,Operations Analyst,Employee
E014426,BU005,Data Engineer,Employee
E014427,BU004,Operations Analyst,Employee
E014428,BU001,Data Engineer,Employee
E014429,BU003,Branch Manager,Contractor
E014430,BU001,Customer Service Rep,Employee
E014431,BU010,Risk Analyst,Employee
E014432,BU009,Customer Service Rep,Employee
E014433,BU001,Operations Analyst,Employee
E014434,BU007,Customer Service Rep,Employee
E014435,BU009,Risk Analyst,Employee
E014436,BU001,Financial Advisor,Employee
E014437,BU004,Customer Service Rep,Employee
E014438,BU002,Network Engineer,Employee
E014439,BU003,Risk Analyst,Employee
E014440,BU001,Systems Administrator,Employee
E014441,BU001,Network Engineer,Employee
E014442,BU002,Financial Advisor,Contractor
E014443,BU001,Financial Advisor,Employee
E014444,BU007,Security Analyst,Employee
E014445,BU001,Network Engineer,Employee
E014446,BU001,Data Engineer,Employee
E014447,BU009,Systems Administrator,Contractor
E014448,BU002,Risk Analyst,Employee
E014449,BU003,Financial Advisor,Employee
E014450,BU009,Financial Advisor,Employee
E014451,BU008,Systems Administrator,Employee
E014452,BU001,Security Analyst,Employee
E014453,BU002,Data Engineer,Employee
E014454,BU010,Branch Manager,Employee
E014455,BU001,Financial Advisor,Employee
E014456,BU001,Security Analyst,Employee
E014457,BU001,Software Engineer,Employee
E014458,BU001,Risk Analyst,Employee
E014459,BU005,Systems Administrator,Employee
E014460,BU005,Operations Analyst,Employee
E014461,BU010,Software Engineer,Employee
E014462,BU005,Software Engineer,Employee
E014463,BU001,Operations Analyst,Employee
E014464,BU001,Data Engineer,Employee
E014465,BU010,Network Engineer,Employee
E014466,BU001,Network Engineer,Employee
E014467,BU001,Operations Analyst,Employee
E014468,BU009,Network Engineer,Employee
E014469,BU003,Data Engineer,Employee
E014470,BU001,Risk Analyst,Employee
E014471,BU008,Customer Service Rep,Contractor
E014472,BU010,Security Analyst,Employee
E014473,BU001,Operations Analyst,Employee
E014474,BU008,Security Analyst,Employee
E014475,BU001,Financial Advisor,Employee
E014476,BU002,Data Engineer,Contractor
E014477,BU009,Security Analyst,Employee
E014478,BU010,Operations Analyst,Contractor
E014479,BU001,Risk Analyst,Employee
E014480,BU001,Network Engineer,Contractor
E014481,BU001,Software Engineer,Employee
E014482,BU003,Software Engineer,Contractor
E014483,BU001,Financial Advisor,Contractor
E014484,BU001,Security Analyst,Employee
E014485,BU001,Systems Administrator,Employee
E014486,BU001,Operations Analyst,Employee
E014487,BU001,Systems Administrator,Employee
E014488,BU007,Operations Analyst,Employee
E014489,BU001,Operations Analyst,Employee
E014490,BU001,Risk Analyst,Employee
E014491,BU008,Financial Advisor,Employee
E014492,BU005,Software Engineer,Employee
E014493,BU001,Financial Advisor,Employee
E014494,BU001,Financial Advisor,Employee
E014495,BU004,Branch Manager,Employee
E014496,BU001,Operations Analyst,Employee
E014497,BU005,Systems Administrator,Employee
E014498,BU002,Risk Analyst,Contractor
E014499,BU001,Data Engineer,Employee
E014500,BU002,Operations Analyst,Employee
E014501,BU005,Customer Service Rep,Employee
E014502,BU009,Operations Analyst,Employee
E014503,BU001,Software Engineer,Employee
E014504,BU002,Systems Administrator,Employee
E014505,BU001,Network Engineer,Employee
E014506,BU002,Network Engineer,Employee
E014507,BU008,Software Engineer,Employee
E014508,BU001,Operations Analyst,Employee
E014509,BU009,Operations Analyst,Employee
E014510,BU003,Data Engineer,Employee
E014511,BU009,Software Engineer,Employee
E014512,BU005,Operations Analyst,Employee
E014513,BU001,Systems Administrator,Employee
E014514,BU001,Network Engineer,Employee
E014515,BU001,Customer Service Rep,Contractor
E014516,BU001,Operations Analyst,Employee
E014517,BU002,Financial Advisor,Employee
E014518,BU002,Security Analyst,Employee
E014519,BU009,Network Engineer,Employee
E014520,BU002,Branch Manager,Employee
E014521,BU006,Software Engineer,Employee
E014522,BU009,Data Engineer,Employee
E014523,BU008,Financial Advisor,Employee
E014524,BU001,Software Engineer,Employee
E014525,BU002,Operations Analyst,Employee
E014526,BU001,Operations Analyst,Employee
E014527,BU001,Operations Analyst,Employee
E014528,BU001,Network Engineer,Employee
E014529,BU007,Security Analyst,Employee
E014530,BU002,Risk Analyst,Employee
E014531,BU002,Customer Service Rep,Employee
E014532,BU010,Software Engineer,Employee
E014533,BU001,Branch Manager,Contractor
E014534,BU002,Financial Advisor,Employee
E014535,BU005,Security Analyst,Employee
E014536,BU001,Network Engineer,Employee
E014537,BU003,Security Analyst,Employee
E014538,BU001,Systems Administrator,Employee
E014539,BU008,Data Engineer,Employee
E014540,BU001,Operations Analyst,Employee
E014541,BU001,Risk Analyst,Employee
E014542,BU003,Data Engineer,Employee
E014543,BU001,Risk Analyst,Employee
E014544,BU001,Software Engineer,Contractor
E014545,BU001,Data Engineer,Employee
E014546,BU001,Branch Manager,Employee
E014547,BU002,Systems Administrator,Employee
E014548,BU003,Financial Advisor,Employee
E014549,BU003,Operations Analyst,Employee
E014550,BU003,Customer Service Rep,Employee
E014551,BU001,Systems Administrator,Contractor
E014552,BU001,Branch Manager,Employee
E014553,BU005,Risk Analyst,Employee
E014554,BU007,Data Engineer,Employee
E014555,BU001,Network Engineer,Employee
E014556,BU001,Operations Analyst,Employee
E014557,BU002,Risk Analyst,Contractor
E014558,BU002,Risk Analyst,Employee
E014559,BU003,Network Engineer,Employee
E014560,BU001,Software Engineer,Employee
E014561,BU004,Software Engineer,Employee
E014562,BU001,Network Engineer,Employee
E014563,BU002,Security Analyst,Employee
E014564,BU007,Network Engineer,Employee
E014565,BU002,Operations Analyst,Employee
E014566,BU001,Software Engineer,Employee
E014567,BU010,Software Engineer,Employee
E014568,BU008,Security Analyst,Employee
E014569,BU005,Risk Analyst,Employee
E014570,BU001,Network Engineer,Contractor
E014571,BU001,Financial Advisor,Employee
E014572,BU009,Operations Analyst,Employee
E014573,BU002,Branch Manager,Employee
E014574,BU007,Data Engineer,Employee
E014575,BU001,Systems Administrator,Contractor
E014576,BU001,Risk Analyst,Employee
E014577,BU010,Data Engineer,Employee
E014578,BU002,Branch Manager,Employee
E014579,BU001,Software Engineer,Employee
E014580,BU001,Customer Service Rep,Employee
E014581,BU002,Software Engineer,Employee
E014582,BU001,Network Engineer,Employee
E014583,BU002,Risk Analyst,Employee
E014584,BU001,Financial Advisor,Employee
E014585,BU005,Financial Advisor,Employee
E014586,BU001,Software Engineer,Employee
E014587,BU010,Network Engineer,Contractor
E014588,BU001,Systems Administrator,Employee
E014589,BU003,Data Engineer,Employee
E014590,BU001,Software Engineer,Employee
E014591,BU004,Security Analyst,Employee
E014592,BU010,Software Engineer,Employee
E014593,BU006,Financial Advisor,Employee
E014594,BU003,Network Engineer,Employee
E014595,BU002,Customer Service Rep,Employee
E014596,BU007,Software Engineer,Employee
E014597,BU009,Security Analyst,Employee
E014598,BU010,Software Engineer,Employee
E014599,BU001,Operations Analyst,Employee
E014600,BU010,Network Engineer,Employee
E014601,BU001,Customer Service Rep,Employee
E014602,BU001,Data Engineer,Employee
E014603,BU001,Software Engineer,Employee
E014604,BU001,Risk Analyst,Employee
E014605,BU005,Network Engineer,Contractor
E014606,BU007,Risk Analyst,Employee
E014607,BU005,Operations Analyst,Contractor
E014608,BU003,Network Engineer,Employee
E014609,BU002,Customer Service Rep,Employee
E014610,BU004,Customer Service Rep,Employee
E014611,BU001,Customer Service Rep,Contractor
E014612,BU007,Data Engineer,Employee
E014613,BU004,Branch Manager,Employee
E014614,BU004,Network Engineer,Employee
E014615,BU002,Customer Service Rep,Employee
E014616,BU008,Software Engineer,Employee
E014617,BU001,Risk Analyst,Employee
E014618,BU001,Security Analyst,Employee
E014619,BU005,Operations Analyst,Employee
E014620,BU002,Customer Service Rep,Employee
E014621,BU008,Software Engineer,Contractor
E014622,BU001,Software Engineer,Employee
E014623,BU001,Customer Service Rep,Employee
E014624,BU008,Customer Service Rep,Employee
E014625,BU002,Data Engineer,Employee
E014626,BU002,Software Engineer,Employee
E014627,BU001,Security Analyst,Employee
E014628,BU001,Software Engineer,Employee
E014629,BU003,Security Analyst,Employee
E014630,BU001,Data Engineer,Employee
E014631,BU008,Branch Manager,Employee
E014632,BU005,Risk Analyst,Contractor
E014633,BU001,Security Analyst,Contractor
E014634,BU004,Branch Manager,Employee
E014635,BU003,Financial Advisor,Employee
E014636,BU001,Financial Advisor,Employee
E014637,BU001,Data Engineer,Employee
E014638,BU001,Network Engineer,Contractor
E014639,BU004,Branch Manager,Employee
E014640,BU003,Branch Manager,Employee
E014641,BU002,Operations Analyst,Contractor
E014642,BU005,Systems Administrator,Employee
E014643,BU005,Data Engineer,Employee
E014644,BU003,Financial Advisor,Employee
E014645,BU006,Financial Advisor,Contractor
E014646,BU001,Software Engineer,Contractor
E014647,BU008,Operations Analyst,Employee
E014648,BU003,Customer Service Rep,Employee
E014649,BU007,Risk Analyst,Employee
E014650,BU003,Software Engineer,Employee
E014651,BU001,Operations Analyst,Employee
E014652,BU003,Financial Advisor,Employee
E014653,BU001,Operations Analyst,Employee
E014654,BU004,Network Engineer,Employee
E014655,BU002,Risk Analyst,Employee
E014656,BU007,Customer Service Rep,Contractor
E014657,BU004,Systems Administrator,Employee
E014658,BU004,Data Engineer,Employee
E014659,BU001,Branch Manager,Employee
E014660,BU010,Network Engineer,Employee
E014661,BU007,Branch Manager,Employee
E014662,BU006,Operations Analyst,Employee
E014663,BU001,Risk Analyst,Contractor
E014664,BU002,Software Engineer,Contractor
E014665,BU001,Security Analyst,Employee
E014666,BU002,Branch Manager,Employee
E014667,BU001,Data Engineer,Contractor
E014668,BU003,Financial Advisor,Employee
E014669,BU003,Software Engineer,Contractor
E014670,BU001,Software Engineer,Employee
E014671,BU002,Security Analyst,Employee
E014672,BU008,Operations Analyst,Employee
E014673,BU001,Operations Analyst,Employee
E014674,BU006,Financial Advisor,Employee
E014675,BU001,Branch Manager,Employee
E014676,BU001,Data Engineer,Employee
E014677,BU001,Customer Service Rep,Employee
E014678,BU005,Systems Administrator,Employee
E014679,BU001,Software Engineer,Employee
E014680,BU008,Risk Analyst,Employee
E014681,BU002,Network Engineer,Employee
E014682,BU001,Customer Service Rep,Employee
E014683,BU004,Network Engineer,Employee
E014684,BU001,Operations Analyst,Employee
E014685,BU006,Security Analyst,Employee
E014686,BU001,Financial Advisor,Employee
E014687,BU001,Financial Advisor,Contractor
E014688,BU005,Customer Service Rep,Employee
E014689,BU009,Branch Manager,Employee
E014690,BU001,Financial Advisor,Employee
E014691,BU007,Operations Analyst,Contractor
E014692,BU001,Network Engineer,Employee
E014693,BU006,Risk Analyst,Employee
E014694,BU003,Risk Analyst,Employee
E014695,BU001,Systems Administrator,Employee
E014696,BU001,Systems Administrator,Employee
E014697,BU001,Data Engineer,Employee
E014698,BU001,Customer Service Rep,Employee
E014699,BU001,Network Engineer,Employee
E014700,BU003,Branch Manager,Employee
E014701,BU010,Systems Administrator,Employee
E014702,BU001,Software Engineer,Employee
E014703,BU003,Financial Advisor,Employee
E014704,BU003,Branch Manager,Employee
E014705,BU009,Systems Administrator,Employee
E014706,BU002,Network Engineer,Contractor
E014707,BU003,Branch Manager,Employee
E014708,BU002,Branch Manager,Employee
E014709,BU001,Network Engineer,Employee
E014710,BU001,Systems Administrator,Employee
E014711,BU001,Network Engineer,Employee
E014712,BU001,Security Analyst,Employee
E014713,BU003,Security Analyst,Employee
E014714,BU001,Risk Analyst,Employee
E014715,BU002,Risk Analyst,Employee
E014716,BU001,Network Engineer,Employee
E014717,BU009,Risk Analyst,Employee
E014718,BU009,Systems Administrator,Contractor
E014719,BU001,Risk Analyst,Contractor
E014720,BU001,Customer Service Rep,Employee
E014721,BU003,Customer Service Rep,Employee
E014722,BU001,Systems Administrator,Employee
E014723,BU001,Financial Advisor,Employee
E014724,BU001,Customer Service Rep,Employee
E014725,BU009,Security Analyst,Contractor
E014726,BU007,Network Engineer,Contractor
E014727,BU003,Security Analyst,Employee
E014728,BU002,Systems Administrator,Employee
E014729,BU009,Risk Analyst,Employee
E014730,BU009,Risk Analyst,Employee
E014731,BU010,Customer Service Rep,Employee
E014732,BU001,Operations Analyst,Employee
E014733,BU001,Data Engineer,Employee
E014734,BU004,Risk Analyst,Contractor
E014735,BU003,Financial Advisor,Employee
E014736,BU001,Data Engineer,Contractor
E014737,BU001,Security Analyst,Employee
E014738,BU008,Customer Service Rep,Employee
E014739,BU008,Systems Administrator,Employee
E014740,BU001,Software Engineer,Employee
E014741,BU009,Systems Administrator,Employee
E014742,BU003,Financial Advisor,Contractor
E014743,BU006,Systems Administrator,Employee
E014744,BU002,Network Engineer,Employee
E014745,BU001,Operations Analyst,Employee
E014746,BU002,Financial Advisor,Employee
E014747,BU002,Data Engineer,Employee
E014748,BU003,Security Analyst,Employee
E014749,BU001,Customer Service Rep,Employee
E014750,BU010,Network Engineer,Employee
E014751,BU001,Branch Manager,Employee
E014752,BU001,Network Engineer,Employee
E014753,BU002,Branch Manager,Employee
E014754,BU002,Software Engineer,Employee
E014755,BU002,Software Engineer,Employee
E014756,BU005,Data Engineer,Employee
E014757,BU002,Customer Service Rep,Employee
E014758,BU003,Systems Administrator,Employee
E014759,BU004,Systems Administrator,Employee
E014760,BU001,Security Analyst,Employee
E014761,BU003,Operations Analyst,Employee
E014762,BU008,Branch Manager,Employee
E014763,BU001,Software Engineer,Employee
E014764,BU001,Customer Service Rep,Employee
E014765,BU009,Security Analyst,Employee
E014766,BU001,Software Engineer,Employee
E014767,BU002,Security Analyst,Employee
E014768,BU010,Customer Service Rep,Employee
E014769,BU001,Software Engineer,Employee
E014770,BU001,Risk Analyst,Contractor
E014771,BU007,Data Engineer,Employee
E014772,BU008,Systems Administrator,Employee
E014773,BU002,Operations Analyst,Employee
E014774,BU002,Risk Analyst,Contractor
E014775,BU007,Risk Analyst,Contractor
E014776,BU004,Network Engineer,Employee
E014777,BU001,Customer Service Rep,Employee
E014778,BU001,Network Engineer,Employee
E014779,BU002,Risk Analyst,Employee
E014780,BU007,Customer Service Rep,Employee
E014781,BU009,Network Engineer,Employee
E014782,BU009,Network Engineer,Employee
E014783,BU008,Financial Advisor,Employee
E014784,BU003,Systems Administrator,Contractor
E014785,BU002,Security Analyst,Employee
E014786,BU005,Operations Analyst,Employee
E014787,BU004,Security Analyst,Employee
E014788,BU002,Financial Advisor,Employee
E014789,BU001,Systems Administrator,Employee
E014790,BU009,Customer Service Rep,Employee
E014791,BU002,Customer Service Rep,Employee
E014792,BU001,Security Analyst,Employee
E014793,BU003,Operations Analyst,Employee
E014794,BU004,Data Engineer,Employee
E014795,BU001,Data Engineer,Employee
E014796,BU007,Software Engineer,Employee
E014797,BU001,Operations Analyst,Employee
E014798,BU001,Software Engineer,Contractor
E014799,BU001,Security Analyst,Employee
E014800,BU004,Financial Advisor,Employee
E014801,BU010,Financial Advisor,Employee
E014802,BU006,Security Analyst,Employee
E014803,BU009,Financial Advisor,Employee
E014804,BU001,Customer Service Rep,Employee
E014805,BU001,Data Engineer,Employee
E014806,BU003,Financial Advisor,Employee
E014807,BU001,Systems Administrator,Employee
E014808,BU007,Network Engineer,Employee
E014809,BU004,Financial Advisor,Employee
E014810,BU010,Risk Analyst,Contractor
E014811,BU001,Operations Analyst,Employee
E014812,BU002,Branch Manager,Employee
E014813,BU002,Network Engineer,Employee
E014814,BU001,Software Engineer,Employee
E014815,BU003,Network Engineer,Employee
E014816,BU002,Risk Analyst,Employee
E014817,BU002,Risk Analyst,Employee
E014818,BU001,Branch Manager,Employee
E014819,BU001,Operations Analyst,Employee
E014820,BU002,Software Engineer,Employee
E014821,BU001,Network Engineer,Employee
E014822,BU001,Operations Analyst,Employee
E014823,BU001,Systems Administrator,Employee
E014824,BU001,Risk Analyst,Employee
E014825,BU001,Network Engineer,Contractor
E014826,BU001,Financial Advisor,Employee
E014827,BU002,Network Engineer,Employee
E014828,BU004,Operations Analyst,Employee
E014829,BU003,Data Engineer,Employee
E014830,BU006,Customer Service Rep,Employee
E014831,BU002,Operations Analyst,Employee
E014832,BU002,Financial Advisor,Employee
E014833,BU006,Systems Administrator,Employee
E014834,BU002,Systems Administrator,Employee
E014835,BU004,Network Engineer,Employee
E014836,BU002,Systems Administrator,Employee
E014837,BU001,Risk Analyst,Employee
E014838,BU005,Data Engineer,Employee
E014839,BU001,Data Engineer,Employee
E014840,BU001,Security Analyst,Employee
E014841,BU001,Security Analyst,Employee
E014842,BU001,Branch Manager,Employee
E014843,BU001,Financial Advisor,Employee
E014844,BU003,Systems Administrator,Employee
E014845,BU006,Systems Administrator,Employee
E014846,BU006,Branch Manager,Employee
E014847,BU001,Customer Service Rep,Employee
E014848,BU010,Operations Analyst,Employee
E014849,BU003,Network Engineer,Employee
E014850,BU001,Branch Manager,Employee
E014851,BU007,Operations Analyst,Employee
E014852,BU004,Data Engineer,Employee
E014853,BU005,Branch Manager,Employee
E014854,BU001,Systems Administrator,Employee
E014855,BU002,Network Engineer,Employee
E014856,BU008,Security Analyst,Employee
E014857,BU002,Financial Advisor,Employee
E014858,BU004,Financial Advisor,Contractor
E014859,BU003,Branch Manager,Employee
E014860,BU007,Financial Advisor,Employee
E014861,BU001,Data Engineer,Employee
E014862,BU003,Systems Administrator,Employee
E014863,BU001,Financial Advisor,Employee
E014864,BU004,Software Engineer,Employee
E014865,BU004,Data Engineer,Employee
E014866,BU001,Data Engineer,Contractor
E014867,BU004,Risk Analyst,Contractor
E014868,BU001,Security Analyst,Employee
E014869,BU001,Branch Manager,Employee
E014870,BU001,Customer Service Rep,Contractor
E014871,BU001,Data Engineer,Employee
E014872,BU001,Financial Advisor,Employee
E014873,BU001,Network Engineer,Employee
E014874,BU004,Systems Administrator,Employee
E014875,BU005,Customer Service Rep,Contractor
E014876,BU003,Security Analyst,Contractor
E014877,BU001,Data Engineer,Contractor
E014878,BU009,Systems Administrator,Employee
E014879,BU004,Security Analyst,Employee
E014880,BU001,Systems Administrator,Employee
E014881,BU006,Operations Analyst,Employee
E014882,BU001,Financial Advisor,Employee
E014883,BU003,Network Engineer,Contractor
E014884,BU002,Software Engineer,Contractor
E014885,BU001,Systems Administrator,Employee
E014886,BU008,Systems Administrator,Employee
E014887,BU002,Data Engineer,Contractor
E014888,BU001,Branch Manager,Employee
E014889,BU009,Security Analyst,Employee
E014890,BU009,Operations Analyst,Employee
E014891,BU004,Customer Service Rep,Employee
E014892,BU002,Software Engineer,Employee
E014893,BU001,Financial Advisor,Employee
E014894,BU006,Systems Administrator,Employee
E014895,BU001,Branch Manager,Employee
E014896,BU001,Risk Analyst,Contractor
E014897,BU002,Data Engineer,Contractor
E014898,BU001,Data Engineer,Employee
E014899,BU001,Software Engineer,Employee
E014900,BU002,Software Engineer,Employee
E014901,BU001,Branch Manager,Employee
E014902,BU001,Risk Analyst,Employee
E014903,BU001,Risk Analyst,Contractor
E014904,BU001,Software Engineer,Employee
E014905,BU004,Operations Analyst,Employee
E014906,BU006,Operations Analyst,Employee
E014907,BU002,Software Engineer,Employee
E014908,BU002,Network Engineer,Employee
E014909,BU001,Software Engineer,Employee
E014910,BU001,Branch Manager,Employee
E014911,BU001,Risk Analyst,Employee
E014912,BU003,Customer Service Rep,Employee
E014913,BU004,Data Engineer,Employee
E014914,BU003,Software Engineer,Employee
E014915,BU001,Security Analyst,Employee
E014916,BU001,Systems Administrator,Employee
E014917,BU006,Network Engineer,Employee
E014918,BU001,Customer Service Rep,Employee
E014919,BU004,Software Engineer,Employee
E014920,BU002,Software Engineer,Employee
E014921,BU004,Customer Service Rep,Employee
E014922,BU009,Operations Analyst,Employee
E014923,BU009,Software Engineer,Employee
E014924,BU002,Risk Analyst,Employee
E014925,BU002,Security Analyst,Employee
E014926,BU001,Branch Manager,Employee
E014927,BU009,Security Analyst,Employee
E014928,BU002,Risk Analyst,Employee
E014929,BU001,Security Analyst,Employee
E014930,BU002,Operations Analyst,Employee
E014931,BU001,Branch Manager,Employee
E014932,BU002,Security Analyst,Employee
E014933,BU003,Data Engineer,Employee
E014934,BU001,Risk Analyst,Employee
E014935,BU001,Risk Analyst,Employee
E014936,BU009,Systems Administrator,Employee
E014937,BU005,Financial Advisor,Employee
E014938,BU007,Network Engineer,Employee
E014939,BU001,Financial Advisor,Contractor
E014940,BU005,Network Engineer,Employee
E014941,BU002,Security Analyst,Employee
E014942,BU001,Data Engineer,Employee
E014943,BU001,Data Engineer,Employee
E014944,BU001,Software Engineer,Employee
E014945,BU001,Financial Advisor,Employee
E014946,BU010,Security Analyst,Contractor
E014947,BU001,Systems Administrator,Employee
E014948,BU002,Systems Administrator,Employee
E014949,BU002,Customer Service Rep,Employee
E014950,BU001,Software Engineer,Employee
E014951,BU003,Data Engineer,Employee
E014952,BU001,Operations Analyst,Employee
E014953,BU006,Data Engineer,Employee
E014954,BU001,Financial Advisor,Contractor
E014955,BU003,Operations Analyst,Employee
E014956,BU004,Data Engineer,Employee
E014957,BU008,Data Engineer,Employee
E014958,BU007,Customer Service Rep,Employee
E014959,BU003,Data Engineer,Employee
E014960,BU001,Financial Advisor,Employee
E014961,BU002,Financial Advisor,Employee
E014962,BU005,Data Engineer,Employee
E014963,BU008,Risk Analyst,Contractor
E014964,BU001,Customer Service Rep,Employee
E014965,BU001,Risk Analyst,Employee
E014966,BU005,Financial Advisor,Employee
E014967,BU002,Network Engineer,Employee
E014968,BU001,Branch Manager,Employee
E014969,BU001,Branch Manager,Employee
E014970,BU003,Security Analyst,Employee
E014971,BU010,Risk Analyst,Employee
E014972,BU002,Financial Advisor,Contractor
E014973,BU001,Systems Administrator,Employee
E014974,BU001,Financial Advisor,Contractor
E014975,BU001,Systems Administrator,Contractor
E014976,BU003,Network Engineer,Employee
E014977,BU003,Data Engineer,Employee
E014978,BU001,Financial Advisor,Employee
E014979,BU004,Security Analyst,Employee
E014980,BU005,Data Engineer,Employee
E014981,BU001,Branch Manager,Employee
E014982,BU001,Risk Analyst,Employee
E014983,BU010,Financial Advisor,Employee
E014984,BU001,Customer Service Rep,Employee
E014985,BU005,Financial Advisor,Employee
E014986,BU002,Network Engineer,Employee
E014987,BU006,Operations Analyst,Employee
E014988,BU005,Security Analyst,Employee
E014989,BU004,Customer Service Rep,Employee
E014990,BU007,Network Engineer,Employee
E014991,BU009,Data Engineer,Employee
E014992,BU003,Risk Analyst,Employee
E014993,BU001,Network Engineer,Employee
E014994,BU001,Branch Manager,Employee
E014995,BU005,Branch Manager,Employee
E014996,BU003,Systems Administrator,Employee
E014997,BU001,Risk Analyst,Employee
E014998,BU001,Branch Manager,Employee
E014999,BU004,Financial Advisor,Employee
E015000,BU001,Data Engineer,Employee
E015001,BU002,Software Engineer,Contractor
E015002,BU005,Branch Manager,Employee
E015003,BU003,Operations Analyst,Employee
E015004,BU001,Software Engineer,Employee
E015005,BU001,Software Engineer,Employee
E015006,BU001,Operations Analyst,Employee
E015007,BU001,Software Engineer,Employee
E015008,BU003,Financial Advisor,Employee
E015009,BU002,Network Engineer,Employee
E015010,BU001,Branch Manager,Employee
E015011,BU001,Customer Service Rep,Employee
E015012,BU001,Branch Manager,Employee
E015013,BU010,Software Engineer,Contractor
E015014,BU002,Data Engineer,Employee
E015015,BU008,Operations Analyst,Employee
E015016,BU007,Data Engineer,Employee
E015017,BU002,Customer Service Rep,Contractor
E015018,BU004,Financial Advisor,Employee
E015019,BU001,Software Engineer,Employee
E015020,BU004,Operations Analyst,Employee
E015021,BU001,Systems Administrator,Employee
E015022,BU007,Systems Administrator,Employee
E015023,BU001,Customer Service Rep,Employee
E015024,BU005,Customer Service Rep,Employee
E015025,BU001,Risk Analyst,Employee
E015026,BU008,Customer Service Rep,Employee
E015027,BU001,Customer Service Rep,Employee
E015028,BU003,Financial Advisor,Employee
E015029,BU002,Risk Analyst,Employee
E015030,BU001,Systems Administrator,Employee
E015031,BU003,Systems Administrator,Contractor
E015032,BU009,Operations Analyst,Employee
E015033,BU001,Data Engineer,Employee
E015034,BU009,Network Engineer,Employee
E015035,BU003,Software Engineer,Employee
E015036,BU006,Operations Analyst,Employee
E015037,BU001,Operations Analyst,Employee
E015038,BU002,Financial Advisor,Employee
E015039,BU008,Network Engineer,Employee
E015040,BU001,Operations Analyst,Employee
E015041,BU002,Branch Manager,Employee
E015042,BU001,Systems Administrator,Employee
E015043,BU001,Customer Service Rep,Contractor
E015044,BU003,Customer Service Rep,Employee
E015045,BU004,Security Analyst,Employee
E015046,BU003,Financial Advisor,Employee
E015047,BU001,Risk Analyst,Employee
E015048,BU002,Software Engineer,Employee
E015049,BU001,Systems Administrator,Employee
E015050,BU002,Branch Manager,Employee
E015051,BU008,Operations Analyst,Employee
E015052,BU005,Operations Analyst,Employee
E015053,BU001,Financial Advisor,Employee
E015054,BU009,Software Engineer,Contractor
E015055,BU002,Data Engineer,Employee
E015056,BU005,Branch Manager,Employee
E015057,BU001,Software Engineer,Contractor
E015058,BU004,Data Engineer,Contractor
E015059,BU001,Software Engineer,Employee
E015060,BU002,Operations Analyst,Contractor
E015061,BU001,Operations Analyst,Employee
E015062,BU001,Network Engineer,Contractor
E015063,BU001,Security Analyst,Employee
E015064,BU001,Security Analyst,Employee
E015065,BU001,Financial Advisor,Employee
E015066,BU004,Data Engineer,Contractor
E015067,BU001,Operations Analyst,Employee
E015068,BU003,Security Analyst,Employee
E015069,BU001,Network Engineer,Employee
E015070,BU009,Risk Analyst,Employee
E015071,BU009,Operations Analyst,Employee
E015072,BU001,Network Engineer,Employee
E015073,BU003,Customer Service Rep,Employee
E015074,BU001,Software Engineer,Contractor
E015075,BU009,Security Analyst,Employee
E015076,BU002,Risk Analyst,Employee
E015077,BU001,Network Engineer,Employee
E015078,BU001,Data Engineer,Employee
E015079,BU001,Branch Manager,Employee
E015080,BU001,Risk Analyst,Contractor
E015081,BU004,Systems Administrator,Employee
E015082,BU002,Customer Service Rep,Employee
E015083,BU001,Operations Analyst,Contractor
E015084,BU001,Operations Analyst,Employee
E015085,BU001,Customer Service Rep,Employee
E015086,BU001,Operations Analyst,Employee
E015087,BU006,Branch Manager,Employee
E015088,BU001,Software Engineer,Employee
E015089,BU003,Operations Analyst,Employee
E015090,BU001,Customer Service Rep,Employee
E015091,BU001,Operations Analyst,Contractor
E015092,BU003,Risk Analyst,Contractor
E015093,BU002,Customer Service Rep,Contractor
E015094,BU001,Risk Analyst,Employee
E015095,BU003,Branch Manager,Employee
E015096,BU002,Network Engineer,Employee
E015097,BU001,Systems Administrator,Employee
E015098,BU003,Systems Administrator,Employee
E015099,BU004,Customer Service Rep,Employee
E015100,BU001,Branch Manager,Employee
E015101,BU002,Operations Analyst,Employee
E015102,BU001,Security Analyst,Employee
E015103,BU001,Security Analyst,Employee
E015104,BU003,Customer Service Rep,Contractor
E015105,BU008,Software Engineer,Employee
E015106,BU008,Software Engineer,Employee
E015107,BU001,Customer Service Rep,Contractor
E015108,BU001,Risk Analyst,Employee
E015109,BU003,Software Engineer,Employee
E015110,BU001,Software Engineer,Employee
E015111,BU005,Software Engineer,Contractor
E015112,BU005,Data Engineer,Employee
E015113,BU009,Operations Analyst,Employee
E015114,BU001,Security Analyst,Employee
E015115,BU001,Software Engineer,Employee
E015116,BU007,Financial Advisor,Employee
E015117,BU004,Branch Manager,Employee
E015118,BU009,Customer Service Rep,Employee
E015119,BU001,Software Engineer,Employee
E015120,BU003,Risk Analyst,Employee
E015121,BU003,Branch Manager,Employee
E015122,BU001,Systems Administrator,Employee
E015123,BU002,Systems Administrator,Employee
E015124,BU003,Operations Analyst,Employee
E015125,BU001,Financial Advisor,Employee
E015126,BU001,Operations Analyst,Employee
E015127,BU003,Risk Analyst,Employee
E015128,BU002,Operations Analyst,Employee
E015129,BU007,Financial Advisor,Employee
E015130,BU001,Branch Manager,Employee
E015131,BU001,Customer Service Rep,Employee
E015132,BU010,Software Engineer,Employee
E015133,BU009,Software Engineer,Employee
E015134,BU001,Customer Service Rep,Employee
E015135,BU005,Operations Analyst,Employee
E015136,BU001,Systems Administrator,Employee
E015137,BU001,Systems Administrator,Employee
E015138,BU001,Financial Advisor,Employee
E015139,BU001,Branch Manager,Employee
E015140,BU006,Operations Analyst,Employee
E015141,BU004,Risk Analyst,Employee
E015142,BU010,Software Engineer,Employee
E015143,BU004,Risk Analyst,Employee
E015144,BU001,Data Engineer,Employee
E015145,BU004,Network Engineer,Employee
E015146,BU010,Financial Advisor,Employee
E015147,BU004,Financial Advisor,Employee
E015148,BU005,Security Analyst,Employee
E015149,BU009,Branch Manager,Employee
E015150,BU001,Security Analyst,Contractor
E015151,BU004,Security Analyst,Employee
E015152,BU007,Financial Advisor,Employee
E015153,BU009,Branch Manager,Employee
E015154,BU001,Risk Analyst,Contractor
E015155,BU002,Software Engineer,Employee
E015156,BU004,Network Engineer,Employee
E015157,BU001,Risk Analyst,Employee
E015158,BU003,Financial Advisor,Employee
E015159,BU001,Data Engineer,Employee
E015160,BU001,Operations Analyst,Employee
E015161,BU002,Financial Advisor,Employee
E015162,BU002,Data Engineer,Employee
E015163,BU002,Customer Service Rep,Employee
E015164,BU002,Software Engineer,Employee
E015165,BU001,Customer Service Rep,Employee
E015166,BU001,Financial Advisor,Employee
E015167,BU001,Data Engineer,Employee
E015168,BU001,Risk Analyst,Employee
E015169,BU003,Financial Advisor,Contractor
E015170,BU006,Operations Analyst,Employee
E015171,BU001,Systems Administrator,Employee
E015172,BU001,Software Engineer,Employee
E015173,BU005,Software Engineer,Employee
E015174,BU001,Operations Analyst,Contractor
E015175,BU009,Operations Analyst,Employee
E015176,BU004,Data Engineer,Employee
E015177,BU001,Network Engineer,Employee
E015178,BU001,Software Engineer,Employee
E015179,BU002,Security Analyst,Contractor
E015180,BU001,Risk Analyst,Employee
E015181,BU001,Risk Analyst,Contractor
E015182,BU001,Risk Analyst,Employee
E015183,BU005,Customer Service Rep,Contractor
E015184,BU002,Financial Advisor,Employee
E015185,BU001,Data Engineer,Employee
E015186,BU004,Branch Manager,Employee
E015187,BU002,Software Engineer,Employee
E015188,BU002,Data Engineer,Employee
E015189,BU001,Risk Analyst,Employee
E015190,BU003,Security Analyst,Contractor
E015191,BU010,Branch Manager,Employee
E015192,BU001,Financial Advisor,Employee
E015193,BU001,Financial Advisor,Employee
E015194,BU001,Systems Administrator,Employee
E015195,BU001,Software Engineer,Employee
E015196,BU001,Software Engineer,Employee
E015197,BU006,Branch Manager,Employee
E015198,BU009,Operations Analyst,Employee
E015199,BU001,Software Engineer,Employee
E015200,BU003,Branch Manager,Employee
E015201,BU003,Data Engineer,Employee
E015202,BU002,Financial Advisor,Employee
E015203,BU002,Operations Analyst,Employee
E015204,BU001,Data Engineer,Employee
E015205,BU002,Financial Advisor,Employee
E015206,BU001,Data Engineer,Employee
E015207,BU006,Software Engineer,Employee
E015208,BU005,Risk Analyst,Employee
E015209,BU001,Systems Administrator,Employee
E015210,BU001,Operations Analyst,Employee
E015211,BU009,Customer Service Rep,Employee
E015212,BU002,Branch Manager,Employee
E015213,BU007,Branch Manager,Employee
E015214,BU001,Branch Manager,Employee
E015215,BU002,Risk Analyst,Employee
E015216,BU002,Data Engineer,Employee
E015217,BU008,Software Engineer,Contractor
E015218,BU001,Operations Analyst,Employee
E015219,BU001,Data Engineer,Employee
E015220,BU001,Risk Analyst,Employee
E015221,BU008,Financial Advisor,Contractor
E015222,BU009,Financial Advisor,Employee
E015223,BU010,Customer Service Rep,Employee
E015224,BU009,Security Analyst,Employee
E015225,BU001,Network Engineer,Employee
E015226,BU001,Customer Service Rep,Employee
E015227,BU001,Software Engineer,Contractor
E015228,BU001,Network Engineer,Employee
E015229,BU007,Branch Manager,Contractor
E015230,BU009,Branch Manager,Employee
E015231,BU001,Security Analyst,Employee
E015232,BU003,Systems Administrator,Employee
E015233,BU009,Customer Service Rep,Employee
E015234,BU002,Operations Analyst,Employee
E015235,BU001,Operations Analyst,Employee
E015236,BU002,Branch Manager,Employee
E015237,BU001,Financial Advisor,Employee
E015238,BU003,Software Engineer,Employee
E015239,BU002,Data Engineer,Contractor
E015240,BU001,Operations Analyst,Employee
E015241,BU010,Financial Advisor,Employee
E015242,BU003,Data Engineer,Employee
E015243,BU002,Network Engineer,Employee
E015244,BU009,Risk Analyst,Contractor
E015245,BU001,Data Engineer,Employee
E015246,BU001,Software Engineer,Employee
E015247,BU006,Operations Analyst,Employee
E015248,BU001,Risk Analyst,Employee
E015249,BU006,Security Analyst,Employee
E015250,BU001,Data Engineer,Employee
E015251,BU001,Risk Analyst,Employee
E015252,BU002,Risk Analyst,Contractor
E015253,BU001,Branch Manager,Employee
E015254,BU005,Systems Administrator,Employee
E015255,BU003,Data Engineer,Employee
E015256,BU009,Systems Administrator,Employee
E015257,BU006,Operations Analyst,Contractor
E015258,BU001,Financial Advisor,Employee
E015259,BU006,Financial Advisor,Employee
E015260,BU003,Operations Analyst,Employee
E015261,BU004,Data Engineer,Employee
E015262,BU007,Network Engineer,Employee
E015263,BU003,Software Engineer,Employee
E015264,BU002,Systems Administrator,Employee
E015265,BU003,Data Engineer,Employee
E015266,BU001,Customer Service Rep,Employee
E015267,BU001,Branch Manager,Employee
E015268,BU003,Systems Administrator,Employee
E015269,BU001,Data Engineer,Employee
E015270,BU001,Risk Analyst,Employee
E015271,BU001,Network Engineer,Employee
E015272,BU003,Branch Manager,Employee
E015273,BU001,Operations Analyst,Employee
E015274,BU005,Systems Administrator,Employee
E015275,BU001,Network Engineer,Employee
E015276,BU002,Financial Advisor,Employee
E015277,BU001,Risk Analyst,Employee
E015278,BU003,Customer Service Rep,Employee
E015279,BU001,Branch Manager,Employee
E015280,BU010,Operations Analyst,Employee
E015281,BU009,Operations Analyst,Employee
E015282,BU007,Risk Analyst,Employee
E015283,BU009,Network Engineer,Employee
E015284,BU002,Operations Analyst,Employee
E015285,BU002,Branch Manager,Employee
E015286,BU005,Software Engineer,Employee
E015287,BU004,Operations Analyst,Employee
E015288,BU009,Financial Advisor,Employee
E015289,BU004,Network Engineer,Contractor
E015290,BU010,Data Engineer,Employee
E015291,BU001,Risk Analyst,Employee
E015292,BU007,Financial Advisor,Employee
E015293,BU004,Systems Administrator,Employee
E015294,BU004,Operations Analyst,Employee
E015295,BU001,Customer Service Rep,Employee
E015296,BU006,Financial Advisor,Employee
E015297,BU009,Software Engineer,Employee
E015298,BU001,Systems Administrator,Employee
E015299,BU003,Branch Manager,Employee
E015300,BU001,Systems Administrator,Employee
E015301,BU010,Software Engineer,Employee
E015302,BU002,Security Analyst,Employee
E015303,BU001,Risk Analyst,Employee
E015304,BU001,Security Analyst,Employee
E015305,BU003,Security Analyst,Employee
E015306,BU001,Customer Service Rep,Employee
E015307,BU003,Operations Analyst,Employee
E015308,BU009,Customer Service Rep,Employee
E015309,BU007,Systems Administrator,Employee
E015310,BU001,Data Engineer,Employee
E015311,BU010,Systems Administrator,Contractor
E015312,BU004,Risk Analyst,Employee
E015313,BU001,Operations Analyst,Employee
E015314,BU001,Network Engineer,Employee
E015315,BU001,Data Engineer,Contractor
E015316,BU007,Operations Analyst,Employee
E015317,BU001,Network Engineer,Employee
E015318,BU001,Security Analyst,Employee
E015319,BU005,Branch Manager,Employee
E015320,BU003,Operations Analyst,Employee
E015321,BU006,Network Engineer,Contractor
E015322,BU005,Software Engineer,Contractor
E015323,BU001,Data Engineer,Employee
E015324,BU009,Customer Service Rep,Employee
E015325,BU001,Operations Analyst,Employee
E015326,BU003,Data Engineer,Employee
E015327,BU003,Risk Analyst,Employee
E015328,BU001,Branch Manager,Employee
E015329,BU010,Financial Advisor,Contractor
E015330,BU002,Software Engineer,Employee
E015331,BU001,Risk Analyst,Contractor
E015332,BU009,Customer Service Rep,Employee
E015333,BU003,Network Engineer,Employee
E015334,BU004,Risk Analyst,Contractor
E015335,BU002,Operations Analyst,Employee
E015336,BU007,Software Engineer,Contractor
E015337,BU001,Data Engineer,Employee
E015338,BU001,Operations Analyst,Employee
E015339,BU002,Software Engineer,Employee
E015340,BU001,Network Engineer,Employee
E015341,BU004,Security Analyst,Employee
E015342,BU001,Security Analyst,Employee
E015343,BU001,Financial Advisor,Contractor
E015344,BU001,Customer Service Rep,Employee
E015345,BU004,Systems Administrator,Employee
E015346,BU007,Branch Manager,Contractor
E015347,BU001,Risk Analyst,Employee
E015348,BU003,Network Engineer,Employee
E015349,BU001,Security Analyst,Employee
E015350,BU003,Network Engineer,Employee
E015351,BU001,Data Engineer,Employee
E015352,BU002,Data Engineer,Employee
E015353,BU003,Network Engineer,Employee
E015354,BU009,Network Engineer,Employee
E015355,BU001,Customer Service Rep,Employee
E015356,BU005,Customer Service Rep,Employee
E015357,BU003,Network Engineer,Employee
E015358,BU009,Data Engineer,Employee
E015359,BU001,Customer Service Rep,Employee
E015360,BU001,Branch Manager,Employee
E015361,BU008,Risk Analyst,Contractor
E015362,BU001,Security Analyst,Employee
E015363,BU001,Customer Service Rep,Employee
E015364,BU001,Customer Service Rep,Employee
E015365,BU007,Financial Advisor,Employee
E015366,BU001,Software Engineer,Employee
E015367,BU008,Risk Analyst,Employee
E015368,BU002,Systems Administrator,Employee
E015369,BU001,Financial Advisor,Employee
E015370,BU001,Security Analyst,Employee
E015371,BU001,Systems Administrator,Employee
E015372,BU003,Security Analyst,Employee
E015373,BU004,Operations Analyst,Employee
E015374,BU002,Customer Service Rep,Employee
E015375,BU001,Security Analyst,Contractor
E015376,BU003,Data Engineer,Employee
E015377,BU007,Operations Analyst,Employee
E015378,BU004,Software Engineer,Employee
E015379,BU007,Financial Advisor,Employee
E015380,BU001,Risk Analyst,Employee
E015381,BU008,Operations Analyst,Contractor
E015382,BU001,Network Engineer,Employee
E015383,BU001,Network Engineer,Employee
E015384,BU007,Systems Administrator,Contractor
E015385,BU009,Risk Analyst,Employee
E015386,BU003,Financial Advisor,Employee
E015387,BU001,Branch Manager,Employee
E015388,BU001,Network Engineer,Contractor
E015389,BU002,Risk Analyst,Employee
E015390,BU009,Systems Administrator,Employee
E015391,BU001,Operations Analyst,Employee
E015392,BU007,Customer Service Rep,Employee
E015393,BU001,Security Analyst,Employee
E015394,BU006,Risk Analyst,Employee
E015395,BU009,Operations Analyst,Employee
E015396,BU002,Security Analyst,Contractor
E015397,BU001,Risk Analyst,Employee
E015398,BU006,Branch Manager,Employee
E015399,BU002,Financial Advisor,Employee
E015400,BU004,Financial Advisor,Employee
E015401,BU003,Risk Analyst,Contractor
E015402,BU001,Financial Advisor,Employee
E015403,BU007,Operations Analyst,Employee
E015404,BU001,Branch Manager,Employee
E015405,BU009,Financial Advisor,Employee
E015406,BU001,Customer Service Rep,Employee
E015407,BU004,Risk Analyst,Contractor
E015408,BU001,Branch Manager,Employee
E015409,BU001,Customer Service Rep,Contractor
E015410,BU001,Branch Manager,Employee
E015411,BU005,Risk Analyst,Employee
E015412,BU003,Network Engineer,Employee
E015413,BU008,Branch Manager,Employee
E015414,BU001,Operations Analyst,Contractor
E015415,BU004,Systems Administrator,Employee
E015416,BU005,Data Engineer,Employee
E015417,BU001,Operations Analyst,Employee
E015418,BU001,Data Engineer,Employee
E015419,BU002,Software Engineer,Employee
E015420,BU001,Financial Advisor,Employee
E015421,BU001,Security Analyst,Employee
E015422,BU004,Network Engineer,Employee
E015423,BU001,Data Engineer,Employee
E015424,BU004,Risk Analyst,Employee
E015425,BU009,Network Engineer,Employee
E015426,BU003,Operations Analyst,Employee
E015427,BU003,Customer Service Rep,Employee
E015428,BU001,Network Engineer,Employee
E015429,BU008,Network Engineer,Employee
E015430,BU001,Software Engineer,Employee
E015431,BU003,Security Analyst,Employee
E015432,BU010,Software Engineer,Employee
E015433,BU003,Network Engineer,Contractor
E015434,BU004,Software Engineer,Employee
E015435,BU002,Security Analyst,Employee
E015436,BU001,Financial Advisor,Employee
E015437,BU006,Customer Service Rep,Employee
E015438,BU001,Operations Analyst,Employee
E015439,BU004,Systems Administrator,Employee
E015440,BU001,Network Engineer,Employee
E015441,BU008,Network Engineer,Employee
E015442,BU001,Systems Administrator,Employee
E015443,BU002,Security Analyst,Employee
E015444,BU003,Systems Administrator,Employee
E015445,BU002,Systems Administrator,Employee
E015446,BU001,Financial Advisor,Employee
E015447,BU002,Customer Service Rep,Employee
E015448,BU001,Network Engineer,Employee
E015449,BU002,Systems Administrator,Contractor
E015450,BU001,Branch Manager,Employee
E015451,BU003,Customer Service Rep,Contractor
E015452,BU001,Customer Service Rep,Employee
E015453,BU010,Branch Manager,Employee
E015454,BU002,Financial Advisor,Employee
E015455,BU001,Data Engineer,Employee
E015456,BU002,Software Engineer,Employee
E015457,BU008,Customer Service Rep,Employee
E015458,BU001,Security Analyst,Contractor
E015459,BU004,Risk Analyst,Employee
E015460,BU003,Security Analyst,Employee
E015461,BU001,Network Engineer,Employee
E015462,BU006,Operations Analyst,Contractor
E015463,BU001,Customer Service Rep,Employee
E015464,BU001,Systems Administrator,Contractor
E015465,BU007,Software Engineer,Employee
E015466,BU003,Data Engineer,Employee
E015467,BU009,Risk Analyst,Employee
E015468,BU003,Risk Analyst,Employee
E015469,BU005,Software Engineer,Employee
E015470,BU007,Security Analyst,Employee
E015471,BU001,Data Engineer,Employee
E015472,BU005,Risk Analyst,Contractor
E015473,BU003,Customer Service Rep,Employee
E015474,BU001,Software Engineer,Employee
E015475,BU002,Financial Advisor,Employee
E015476,BU001,Network Engineer,Contractor
E015477,BU004,Customer Service Rep,Employee
E015478,BU003,Financial Advisor,Employee
E015479,BU009,Risk Analyst,Employee
E015480,BU001,Security Analyst,Employee
E015481,BU003,Customer Service Rep,Employee
E015482,BU001,Systems Administrator,Employee
E015483,BU003,Financial Advisor,Employee
E015484,BU004,Systems Administrator,Employee
E015485,BU004,Data Engineer,Employee
E015486,BU006,Operations Analyst,Employee
E015487,BU007,Software Engineer,Employee
E015488,BU001,Network Engineer,Employee
E015489,BU001,Operations Analyst,Employee
E015490,BU004,Network Engineer,Employee
E015491,BU002,Software Engineer,Employee
E015492,BU001,Financial Advisor,Employee
E015493,BU003,Software Engineer,Employee
E015494,BU001,Customer Service Rep,Employee
E015495,BU001,Software Engineer,Employee
E015496,BU006,Software Engineer,Employee
E015497,BU001,Data Engineer,Employee
E015498,BU001,Branch Manager,Employee
E015499,BU001,Customer Service Rep,Employee
E015500,BU007,Security Analyst,Employee
E015501,BU010,Security Analyst,Employee
E015502,BU004,Security Analyst,Employee
E015503,BU001,Data Engineer,Employee
E015504,BU009,Security Analyst,Employee
E015505,BU004,Risk Analyst,Employee
E015506,BU007,Software Engineer,Employee
E015507,BU005,Software Engineer,Employee
E015508,BU001,Network Engineer,Contractor
E015509,BU002,Data Engineer,Employee
E015510,BU001,Operations Analyst,Employee
E015511,BU001,Branch Manager,Contractor
E015512,BU005,Security Analyst,Employee
E015513,BU009,Software Engineer,Employee
E015514,BU004,Security Analyst,Employee
E015515,BU002,Customer Service Rep,Employee
E015516,BU001,Software Engineer,Employee
E015517,BU001,Customer Service Rep,Employee
E015518,BU001,Data Engineer,Employee
E015519,BU002,Operations Analyst,Employee
E015520,BU003,Operations Analyst,Employee
E015521,BU001,Security Analyst,Employee
E015522,BU010,Network Engineer,Employee
E015523,BU001,Data Engineer,Employee
E015524,BU007,Network Engineer,Employee
E015525,BU002,Data Engineer,Employee
E015526,BU001,Network Engineer,Employee
E015527,BU006,Software Engineer,Employee
E015528,BU004,Software Engineer,Employee
E015529,BU002,Operations Analyst,Employee
E015530,BU002,Software Engineer,Employee
E015531,BU001,Security Analyst,Employee
E015532,BU003,Branch Manager,Employee
E015533,BU009,Operations Analyst,Employee
E015534,BU001,Data Engineer,Employee
E015535,BU001,Operations Analyst,Employee
E015536,BU009,Customer Service Rep,Employee
E015537,BU001,Operations Analyst,Employee
E015538,BU003,Software Engineer,Employee
E015539,BU002,Data Engineer,Employee
E015540,BU003,Security Analyst,Employee
E015541,BU001,Customer Service Rep,Employee
E015542,BU001,Customer Service Rep,Employee
E015543,BU001,Customer Service Rep,Employee
E015544,BU005,Security Analyst,Employee
E015545,BU005,Financial Advisor,Employee
E015546,BU004,Data Engineer,Employee
E015547,BU003,Customer Service Rep,Employee
E015548,BU001,Systems Administrator,Employee
E015549,BU001,Operations Analyst,Contractor
E015550,BU006,Systems Administrator,Employee
E015551,BU002,Customer Service Rep,Employee
E015552,BU001,Software Engineer,Employee
E015553,BU001,Customer Service Rep,Employee
E015554,BU001,Operations Analyst,Employee
E015555,BU001,Software Engineer,Employee
E015556,BU006,Network Engineer,Employee
E015557,BU009,Data Engineer,Employee
E015558,BU009,Operations Analyst,Employee
E015559,BU009,Software Engineer,Employee
E015560,BU009,Operations Analyst,Employee
E015561,BU002,Operations Analyst,Employee
E015562,BU001,Financial Advisor,Employee
E015563,BU006,Systems Administrator,Employee
E015564,BU001,Customer Service Rep,Employee
E015565,BU001,Software Engineer,Employee
E015566,BU001,Security Analyst,Contractor
E015567,BU002,Customer Service Rep,Employee
E015568,BU001,Risk Analyst,Employee
E015569,BU001,Customer Service Rep,Employee
E015570,BU002,Security Analyst,Employee
E015571,BU008,Security Analyst,Employee
E015572,BU003,Network Engineer,Employee
E015573,BU008,Operations Analyst,Employee
E015574,BU001,Systems Administrator,Employee
E015575,BU001,Branch Manager,Employee
E015576,BU003,Customer Service Rep,Employee
E015577,BU002,Network Engineer,Employee
E015578,BU004,Software Engineer,Employee
E015579,BU006,Risk Analyst,Employee
E015580,BU005,Financial Advisor,Employee
E015581,BU009,Software Engineer,Employee
E015582,BU001,Financial Advisor,Employee
E015583,BU001,Network Engineer,Employee
E015584,BU003,Customer Service Rep,Employee
E015585,BU001,Operations Analyst,Contractor
E015586,BU001,Customer Service Rep,Employee
E015587,BU001,Customer Service Rep,Employee
E015588,BU001,Software Engineer,Employee
E015589,BU001,Security Analyst,Contractor
E015590,BU001,Security Analyst,Contractor
E015591,BU003,Security Analyst,Employee
E015592,BU003,Security Analyst,Employee
E015593,BU004,Network Engineer,Employee
E015594,BU004,Systems Administrator,Employee
E015595,BU001,Network Engineer,Employee
E015596,BU001,Data Engineer,Employee
E015597,BU001,Security Analyst,Employee
E015598,BU007,Customer Service Rep,Contractor
E015599,BU005,Data Engineer,Employee
E015600,BU001,Network Engineer,Employee
E015601,BU001,Risk Analyst,Employee
E015602,BU010,Operations Analyst,Employee
E015603,BU003,Branch Manager,Employee
E015604,BU006,Risk Analyst,Employee
E015605,BU001,Financial Advisor,Employee
E015606,BU001,Branch Manager,Employee
E015607,BU006,Network Engineer,Employee
E015608,BU004,Financial Advisor,Employee
E015609,BU004,Security Analyst,Contractor
E015610,BU003,Customer Service Rep,Contractor
E015611,BU003,Software Engineer,Employee
E015612,BU004,Customer Service Rep,Employee
E015613,BU001,Software Engineer,Contractor
E015614,BU001,Branch Manager,Employee
E015615,BU008,Operations Analyst,Employee
E015616,BU001,Data Engineer,Employee
E015617,BU003,Financial Advisor,Employee
E015618,BU004,Risk Analyst,Contractor
E015619,BU010,Software Engineer,Employee
E015620,BU002,Systems Administrator,Employee
E015621,BU002,Risk Analyst,Contractor
E015622,BU007,Customer Service Rep,Employee
E015623,BU006,Network Engineer,Employee
E015624,BU004,Financial Advisor,Employee
E015625,BU002,Branch Manager,Employee
E015626,BU001,Risk Analyst,Employee
E015627,BU003,Risk Analyst,Employee
E015628,BU008,Software Engineer,Employee
E015629,BU008,Risk Analyst,Contractor
E015630,BU001,Network Engineer,Employee
E015631,BU002,Software Engineer,Employee
E015632,BU002,Customer Service Rep,Employee
E015633,BU010,Data Engineer,Employee
E015634,BU004,Security Analyst,Employee
E015635,BU001,Operations Analyst,Contractor
E015636,BU001,Operations Analyst,Employee
E015637,BU003,Systems Administrator,Employee
E015638,BU001,Data Engineer,Employee
E015639,BU007,Software Engineer,Employee
E015640,BU005,Systems Administrator,Employee
E015641,BU002,Financial Advisor,Employee
E015642,BU002,Customer Service Rep,Employee
E015643,BU009,Branch Manager,Employee
E015644,BU001,Risk Analyst,Employee
E015645,BU001,Branch Manager,Employee
E015646,BU009,Software Engineer,Contractor
E015647,BU006,Systems Administrator,Employee
E015648,BU007,Risk Analyst,Employee
E015649,BU001,Software Engineer,Employee
E015650,BU001,Network Engineer,Employee
E015651,BU001,Network Engineer,Employee
E015652,BU001,Systems Administrator,Employee
E015653,BU005,Risk Analyst,Employee
E015654,BU001,Operations Analyst,Contractor
E015655,BU004,Network Engineer,Employee
E015656,BU001,Financial Advisor,Employee
E015657,BU001,Systems Administrator,Employee
E015658,BU010,Network Engineer,Employee
E015659,BU001,Network Engineer,Employee
E015660,BU001,Systems Administrator,Contractor
E015661,BU001,Financial Advisor,Employee
E015662,BU001,Systems Administrator,Employee
E015663,BU002,Customer Service Rep,Employee
E015664,BU001,Operations Analyst,Employee
E015665,BU004,Branch Manager,Employee
E015666,BU006,Security Analyst,Contractor
E015667,BU003,Financial Advisor,Employee
E015668,BU001,Security Analyst,Employee
E015669,BU003,Financial Advisor,Employee
E015670,BU001,Customer Service Rep,Employee
E015671,BU003,Security Analyst,Employee
E015672,BU004,Financial Advisor,Employee
E015673,BU001,Security Analyst,Employee
E015674,BU006,Customer Service Rep,Employee
E015675,BU009,Software Engineer,Employee
E015676,BU006,Risk Analyst,Employee
E015677,BU001,Branch Manager,Employee
E015678,BU003,Customer Service Rep,Employee
E015679,BU009,Customer Service Rep,Employee
E015680,BU001,Risk Analyst,Employee
E015681,BU007,Operations Analyst,Employee
E015682,BU001,Data Engineer,Employee
E015683,BU001,Software Engineer,Employee
E015684,BU005,Operations Analyst,Employee
E015685,BU005,Operations Analyst,Employee
E015686,BU006,Software Engineer,Employee
E015687,BU009,Network Engineer,Employee
E015688,BU001,Financial Advisor,Employee
E015689,BU001,Risk Analyst,Employee
E015690,BU009,Data Engineer,Employee
E015691,BU001,Risk Analyst,Contractor
E015692,BU004,Branch Manager,Employee
E015693,BU002,Operations Analyst,Employee
E015694,BU001,Security Analyst,Employee
E015695,BU001,Customer Service Rep,Employee
E015696,BU002,Security Analyst,Employee
E015697,BU007,Software Engineer,Employee
E015698,BU004,Customer Service Rep,Contractor
E015699,BU003,Customer Service Rep,Employee
E015700,BU002,Systems Administrator,Employee
E015701,BU001,Financial Advisor,Employee
E015702,BU001,Operations Analyst,Employee
E015703,BU001,Financial Advisor,Employee
E015704,BU001,Risk Analyst,Employee
E015705,BU001,Data Engineer,Employee
E015706,BU002,Network Engineer,Employee
E015707,BU001,Data Engineer,Employee
E015708,BU001,Customer Service Rep,Employee
E015709,BU003,Security Analyst,Employee
E015710,BU003,Risk Analyst,Employee
E015711,BU001,Customer Service Rep,Employee
E015712,BU009,Customer Service Rep,Employee
E015713,BU001,Software Engineer,Employee
E015714,BU007,Security Analyst,Employee
E015715,BU001,Data Engineer,Employee
E015716,BU008,Data Engineer,Employee
E015717,BU001,Network Engineer,Employee
E015718,BU005,Software Engineer,Employee
E015719,BU001,Risk Analyst,Employee
E015720,BU004,Software Engineer,Employee
E015721,BU001,Security Analyst,Contractor
E015722,BU001,Financial Advisor,Employee
E015723,BU005,Systems Administrator,Employee
E015724,BU001,Branch Manager,Employee
E015725,BU009,Network Engineer,Employee
E015726,BU001,Network Engineer,Employee
E015727,BU002,Customer Service Rep,Contractor
E015728,BU004,Data Engineer,Employee
E015729,BU001,Software Engineer,Employee
E015730,BU001,Operations Analyst,Employee
E015731,BU005,Risk Analyst,Employee
E015732,BU006,Customer Service Rep,Employee
E015733,BU009,Financial Advisor,Contractor
E015734,BU001,Branch Manager,Employee
E015735,BU002,Operations Analyst,Contractor
E015736,BU001,Data Engineer,Employee
E015737,BU001,Financial Advisor,Employee
E015738,BU005,Software Engineer,Employee
E015739,BU001,Software Engineer,Contractor
E015740,BU002,Systems Administrator,Employee
E015741,BU001,Operations Analyst,Employee
E015742,BU004,Network Engineer,Employee
E015743,BU009,Network Engineer,Employee
E015744,BU004,Security Analyst,Employee
E015745,BU002,Financial Advisor,Employee
E015746,BU005,Data Engineer,Employee
E015747,BU003,Operations Analyst,Employee
E015748,BU001,Systems Administrator,Employee
E015749,BU001,Systems Administrator,Employee
E015750,BU001,Security Analyst,Employee
E015751,BU002,Data Engineer,Employee
E015752,BU007,Data Engineer,Employee
E015753,BU001,Branch Manager,Employee
E015754,BU001,Branch Manager,Employee
E015755,BU009,Systems Administrator,Employee
E015756,BU007,Operations Analyst,Employee
E015757,BU004,Operations Analyst,Contractor
E015758,BU001,Data Engineer,Employee
E015759,BU001,Operations Analyst,Employee
E015760,BU001,Systems Administrator,Employee
E015761,BU001,Risk Analyst,Employee
E015762,BU001,Security Analyst,Employee
E015763,BU003,Network Engineer,Employee
E015764,BU001,Network Engineer,Employee
E015765,BU001,Systems Administrator,Employee
E015766,BU001,Systems Administrator,Employee
E015767,BU003,Branch Manager,Employee
E015768,BU003,Network Engineer,Employee
E015769,BU003,Data Engineer,Employee
E015770,BU001,Network Engineer,Employee
E015771,BU001,Systems Administrator,Employee
E015772,BU001,Security Analyst,Employee
E015773,BU001,Financial Advisor,Employee
E015774,BU009,Security Analyst,Contractor
E015775,BU010,Network Engineer,Employee
E015776,BU003,Branch Manager,Employee
E015777,BU009,Financial Advisor,Employee
E015778,BU003,Operations Analyst,Employee
E015779,BU001,Software Engineer,Employee
E015780,BU010,Risk Analyst,Contractor
E015781,BU001,Systems Administrator,Employee
E015782,BU004,Network Engineer,Employee
E015783,BU001,Data Engineer,Contractor
E015784,BU001,Financial Advisor,Employee
E015785,BU003,Data Engineer,Employee
E015786,BU002,Network Engineer,Contractor
E015787,BU001,Risk Analyst,Employee
E015788,BU001,Risk Analyst,Employee
E015789,BU001,Security Analyst,Employee
E015790,BU009,Data Engineer,Employee
E015791,BU006,Network Engineer,Employee
E015792,BU002,Software Engineer,Employee
E015793,BU001,Operations Analyst,Employee
E015794,BU006,Data Engineer,Employee
E015795,BU001,Software Engineer,Employee
E015796,BU001,Financial Advisor,Employee
E015797,BU001,Branch Manager,Contractor
E015798,BU008,Data Engineer,Employee
E015799,BU001,Customer Service Rep,Contractor
E015800,BU001,Systems Administrator,Employee
E015801,BU002,Data Engineer,Employee
E015802,BU001,Customer Service Rep,Employee
E015803,BU003,Security Analyst,Employee
E015804,BU002,Data Engineer,Employee
E015805,BU002,Customer Service Rep,Employee
E015806,BU001,Branch Manager,Contractor
E015807,BU001,Customer Service Rep,Employee
E015808,BU007,Branch Manager,Employee
E015809,BU008,Operations Analyst,Employee
E015810,BU001,Operations Analyst,Contractor
E015811,BU001,Financial Advisor,Employee
E015812,BU001,Financial Advisor,Employee
E015813,BU003,Operations Analyst,Employee
E015814,BU004,Branch Manager,Employee
E015815,BU001,Network Engineer,Employee
E015816,BU004,Operations Analyst,Employee
E015817,BU004,Network Engineer,Employee
E015818,BU009,Risk Analyst,Contractor
E015819,BU001,Data Engineer,Employee
E015820,BU001,Software Engineer,Employee
E015821,BU001,Data Engineer,Employee
E015822,BU008,Security Analyst,Contractor
E015823,BU006,Security Analyst,Employee
E015824,BU003,Software Engineer,Employee
E015825,BU001,Security Analyst,Employee
E015826,BU001,Software Engineer,Employee
E015827,BU001,Software Engineer,Employee
E015828,BU003,Security Analyst,Employee
E015829,BU001,Customer Service Rep,Employee
E015830,BU001,Software Engineer,Employee
E015831,BU004,Branch Manager,Employee
E015832,BU001,Branch Manager,Employee
E015833,BU002,Security Analyst,Contractor
E015834,BU001,Software Engineer,Contractor
E015835,BU006,Systems Administrator,Employee
E015836,BU003,Data Engineer,Employee
E015837,BU009,Operations Analyst,Contractor
E015838,BU002,Systems Administrator,Employee
E015839,BU009,Software Engineer,Employee
E015840,BU009,Software Engineer,Employee
E015841,BU003,Network Engineer,Employee
E015842,BU009,Branch Manager,Employee
E015843,BU001,Risk Analyst,Employee
E015844,BU001,Operations Analyst,Employee
E015845,BU001,Financial Advisor,Employee
E015846,BU003,Software Engineer,Employee
E015847,BU004,Risk Analyst,Employee
E015848,BU005,Data Engineer,Employee
E015849,BU001,Software Engineer,Employee
E015850,BU002,Systems Administrator,Employee
E015851,BU001,Branch Manager,Employee
E015852,BU004,Operations Analyst,Contractor
E015853,BU001,Branch Manager,Employee
E015854,BU009,Data Engineer,Employee
E015855,BU001,Data Engineer,Employee
E015856,BU001,Risk Analyst,Employee
E015857,BU007,Branch Manager,Employee
E015858,BU002,Financial Advisor,Employee
E015859,BU001,Financial Advisor,Employee
E015860,BU002,Software Engineer,Employee
E015861,BU001,Network Engineer,Employee
E015862,BU010,Network Engineer,Employee
E015863,BU003,Operations Analyst,Contractor
E015864,BU001,Data Engineer,Employee
E015865,BU003,Risk Analyst,Employee
E015866,BU001,Network Engineer,Contractor
E015867,BU006,Customer Service Rep,Employee
E015868,BU009,Financial Advisor,Employee
E015869,BU008,Network Engineer,Employee
E015870,BU001,Data Engineer,Employee
E015871,BU001,Network Engineer,Contractor
E015872,BU001,Risk Analyst,Employee
E015873,BU003,Risk Analyst,Employee
E015874,BU002,Financial Advisor,Employee
E015875,BU002,Security Analyst,Employee
E015876,BU009,Systems Administrator,Employee
E015877,BU001,Software Engineer,Employee
E015878,BU001,Software Engineer,Employee
E015879,BU001,Software Engineer,Employee
E015880,BU001,Network Engineer,Employee
E015881,BU001,Systems Administrator,Employee
E015882,BU002,Customer Service Rep,Employee
E015883,BU001,Data Engineer,Employee
E015884,BU001,Data Engineer,Employee
E015885,BU005,Systems Administrator,Employee
E015886,BU001,Network Engineer,Employee
E015887,BU004,Security Analyst,Employee
E015888,BU001,Operations Analyst,Contractor
E015889,BU002,Security Analyst,Employee
E015890,BU009,Data Engineer,Employee
E015891,BU001,Customer Service Rep,Employee
E015892,BU002,Operations Analyst,Employee
E015893,BU007,Security Analyst,Employee
E015894,BU003,Systems Administrator,Employee
E015895,BU001,Financial Advisor,Employee
E015896,BU001,Software Engineer,Employee
E015897,BU004,Branch Manager,Employee
E015898,BU009,Financial Advisor,Employee
E015899,BU001,Software Engineer,Employee
E015900,BU001,Customer Service Rep,Employee
E015901,BU001,Systems Administrator,Employee
E015902,BU001,Security Analyst,Employee
E015903,BU001,Systems Administrator,Employee
E015904,BU001,Operations Analyst,Employee
E015905,BU001,Financial Advisor,Employee
E015906,BU001,Risk Analyst,Employee
E015907,BU009,Software Engineer,Employee
E015908,BU001,Systems Administrator,Employee
E015909,BU001,Software Engineer,Contractor
E015910,BU001,Software Engineer,Employee
E015911,BU009,Customer Service Rep,Employee
E015912,BU005,Operations Analyst,Employee
E015913,BU006,Customer Service Rep,Employee
E015914,BU001,Customer Service Rep,Employee
E015915,BU007,Customer Service Rep,Contractor
E015916,BU001,Security Analyst,Employee
E015917,BU001,Operations Analyst,Employee
E015918,BU003,Software Engineer,Employee
E015919,BU007,Software Engineer,Employee
E015920,BU005,Operations Analyst,Employee
E015921,BU008,Operations Analyst,Employee
E015922,BU009,Financial Advisor,Employee
E015923,BU001,Data Engineer,Employee
E015924,BU002,Software Engineer,Employee
E015925,BU001,Network Engineer,Employee
E015926,BU008,Operations Analyst,Employee
E015927,BU001,Network Engineer,Employee
E015928,BU008,Systems Administrator,Employee
E015929,BU001,Network Engineer,Employee
E015930,BU001,Network Engineer,Employee
E015931,BU001,Security Analyst,Employee
E015932,BU001,Branch Manager,Employee
E015933,BU008,Financial Advisor,Employee
E015934,BU001,Financial Advisor,Employee
E015935,BU001,Data Engineer,Employee
E015936,BU001,Operations Analyst,Employee
E015937,BU001,Network Engineer,Employee
E015938,BU001,Operations Analyst,Employee
E015939,BU001,Systems Administrator,Employee
E015940,BU008,Software Engineer,Employee
E015941,BU002,Systems Administrator,Employee
E015942,BU001,Network Engineer,Employee
E015943,BU003,Software Engineer,Employee
E015944,BU001,Security Analyst,Employee
E015945,BU001,Data Engineer,Employee
E015946,BU003,Financial Advisor,Employee
E015947,BU001,Customer Service Rep,Employee
E015948,BU004,Branch Manager,Employee
E015949,BU002,Software Engineer,Employee
E015950,BU005,Customer Service Rep,Employee
E015951,BU009,Financial Advisor,Contractor
E015952,BU001,Branch Manager,Employee
E015953,BU001,Systems Administrator,Employee
E015954,BU001,Software Engineer,Employee
E015955,BU001,Data Engineer,Employee
E015956,BU006,Security Analyst,Employee
E015957,BU005,Software Engineer,Contractor
E015958,BU002,Systems Administrator,Employee
E015959,BU002,Financial Advisor,Employee
E015960,BU001,Security Analyst,Employee
E015961,BU003,Financial Advisor,Employee
E015962,BU006,Network Engineer,Employee
E015963,BU003,Network Engineer,Contractor
E015964,BU001,Financial Advisor,Employee
E015965,BU004,Financial Advisor,Employee
E015966,BU001,Operations Analyst,Employee
E015967,BU003,Operations Analyst,Contractor
E015968,BU002,Security Analyst,Employee
E015969,BU001,Financial Advisor,Employee
E015970,BU004,Customer Service Rep,Employee
E015971,BU008,Data Engineer,Employee
E015972,BU001,Network Engineer,Employee
E015973,BU009,Security Analyst,Employee
E015974,BU002,Branch Manager,Employee
E015975,BU004,Customer Service Rep,Employee
E015976,BU007,Network Engineer,Employee
E015977,BU002,Risk Analyst,Employee
E015978,BU007,Financial Advisor,Employee
E015979,BU001,Security Analyst,Contractor
E015980,BU001,Operations Analyst,Employee
E015981,BU003,Financial Advisor,Employee
E015982,BU008,Software Engineer,Employee
E015983,BU009,Customer Service Rep,Contractor
E015984,BU003,Risk Analyst,Contractor
E015985,BU002,Data Engineer,Employee
E015986,BU001,Data Engineer,Employee
E015987,BU010,Software Engineer,Employee
E015988,BU001,Data Engineer,Employee
E015989,BU005,Branch Manager,Employee
E015990,BU002,Operations Analyst,Employee
E015991,BU003,Operations Analyst,Employee
E015992,BU001,Systems Administrator,Employee
E015993,BU010,Software Engineer,Employee
E015994,BU003,Software Engineer,Employee
E015995,BU009,Data Engineer,Contractor
E015996,BU001,Branch Manager,Employee
E015997,BU003,Software Engineer,Employee
E015998,BU004,Operations Analyst,Contractor
E015999,BU005,Financial Advisor,Employee
E016000,BU009,Data Engineer,Employee
E016001,BU001,Operations Analyst,Contractor
E016002,BU001,Data Engineer,Employee
E016003,BU002,Security Analyst,Employee
E016004,BU001,Branch Manager,Employee
E016005,BU010,Financial Advisor,Employee
E016006,BU001,Data Engineer,Employee
E016007,BU002,Financial Advisor,Employee
E016008,BU001,Systems Administrator,Employee
E016009,BU002,Operations Analyst,Employee
E016010,BU001,Financial Advisor,Employee
E016011,BU001,Systems Administrator,Contractor
E016012,BU001,Security Analyst,Employee
E016013,BU001,Software Engineer,Employee
E016014,BU010,Security Analyst,Employee
E016015,BU001,Network Engineer,Employee
E016016,BU003,Software Engineer,Employee
E016017,BU010,Financial Advisor,Contractor
E016018,BU006,Data Engineer,Employee
E016019,BU010,Data Engineer,Employee
E016020,BU010,Network Engineer,Employee
E016021,BU002,Branch Manager,Employee
E016022,BU004,Risk Analyst,Employee
E016023,BU001,Customer Service Rep,Employee
E016024,BU002,Risk Analyst,Employee
E016025,BU006,Risk Analyst,Employee
E016026,BU002,Financial Advisor,Employee
E016027,BU004,Network Engineer,Employee
E016028,BU005,Financial Advisor,Employee
E016029,BU001,Security Analyst,Employee
E016030,BU008,Security Analyst,Employee
E016031,BU002,Financial Advisor,Contractor
E016032,BU001,Data Engineer,Employee
E016033,BU008,Network Engineer,Employee
E016034,BU001,Branch Manager,Employee
E016035,BU005,Financial Advisor,Employee
E016036,BU003,Branch Manager,Contractor
E016037,BU001,Customer Service Rep,Contractor
E016038,BU006,Network Engineer,Employee
E016039,BU003,Network Engineer,Employee
E016040,BU001,Financial Advisor,Contractor
E016041,BU001,Systems Administrator,Contractor
E016042,BU009,Systems Administrator,Employee
E016043,BU001,Customer Service Rep,Contractor
E016044,BU008,Risk Analyst,Contractor
E016045,BU001,Security Analyst,Employee
E016046,BU003,Customer Service Rep,Employee
E016047,BU009,Software Engineer,Employee
E016048,BU001,Risk Analyst,Employee
E016049,BU003,Software Engineer,Employee
E016050,BU005,Network Engineer,Employee
E016051,BU005,Data Engineer,Employee
E016052,BU002,Operations Analyst,Employee
E016053,BU003,Systems Administrator,Contractor
E016054,BU005,Branch Manager,Employee
E016055,BU007,Software Engineer,Employee
E016056,BU005,Data Engineer,Employee
E016057,BU001,Systems Administrator,Contractor
E016058,BU010,Systems Administrator,Employee
E016059,BU002,Data Engineer,Employee
E016060,BU001,Financial Advisor,Employee
E016061,BU001,Customer Service Rep,Employee
E016062,BU001,Network Engineer,Contractor
E016063,BU001,Branch Manager,Employee
E016064,BU001,Data Engineer,Employee
E016065,BU001,Software Engineer,Employee
E016066,BU004,Network Engineer,Employee
E016067,BU001,Customer Service Rep,Employee
E016068,BU001,Security Analyst,Employee
E016069,BU001,Risk Analyst,Contractor
E016070,BU001,Operations Analyst,Employee
E016071,BU001,Branch Manager,Employee
E016072,BU003,Data Engineer,Employee
E016073,BU010,Software Engineer,Employee
E016074,BU008,Data Engineer,Employee
E016075,BU008,Risk Analyst,Employee
E016076,BU001,Financial Advisor,Employee
E016077,BU001,Branch Manager,Employee
E016078,BU001,Financial Advisor,Employee
E016079,BU005,Software Engineer,Employee
E016080,BU001,Customer Service Rep,Contractor
E016081,BU003,Branch Manager,Contractor
E016082,BU001,Branch Manager,Employee
E016083,BU001,Security Analyst,Employee
E016084,BU010,Software Engineer,Employee
E016085,BU005,Customer Service Rep,Employee
E016086,BU007,Operations Analyst,Employee
E016087,BU003,Financial Advisor,Employee
E016088,BU008,Security Analyst,Employee
E016089,BU003,Systems Administrator,Employee
E016090,BU009,Security Analyst,Employee
E016091,BU001,Operations Analyst,Employee
E016092,BU003,Data Engineer,Employee
E016093,BU004,Financial Advisor,Employee
E016094,BU001,Systems Administrator,Employee
E016095,BU008,Operations Analyst,Employee
E016096,BU010,Security Analyst,Employee
E016097,BU002,Data Engineer,Employee
E016098,BU001,Data Engineer,Employee
E016099,BU002,Financial Advisor,Contractor
E016100,BU007,Financial Advisor,Contractor
E016101,BU003,Security Analyst,Employee
E016102,BU001,Branch Manager,Employee
E016103,BU003,Software Engineer,Contractor
E016104,BU001,Risk Analyst,Employee
E016105,BU005,Systems Administrator,Employee
E016106,BU001,Systems Administrator,Employee
E016107,BU002,Operations Analyst,Employee
E016108,BU006,Network Engineer,Employee
E016109,BU001,Network Engineer,Employee
E016110,BU001,Systems Administrator,Contractor
E016111,BU001,Risk Analyst,Employee
E016112,BU001,Security Analyst,Employee
E016113,BU001,Security Analyst,Employee
E016114,BU010,Customer Service Rep,Employee
E016115,BU007,Network Engineer,Employee
E016116,BU008,Branch Manager,Employee
E016117,BU009,Operations Analyst,Employee
E016118,BU001,Security Analyst,Employee
E016119,BU001,Financial Advisor,Employee
E016120,BU001,Risk Analyst,Employee
E016121,BU007,Data Engineer,Employee
E016122,BU004,Network Engineer,Employee
E016123,BU001,Network Engineer,Employee
E016124,BU001,Risk Analyst,Employee
E016125,BU002,Customer Service Rep,Employee
E016126,BU002,Software Engineer,Employee
E016127,BU008,Security Analyst,Employee
E016128,BU001,Data Engineer,Employee
E016129,BU009,Data Engineer,Employee
E016130,BU002,Financial Advisor,Employee
E016131,BU005,Data Engineer,Contractor
E016132,BU009,Network Engineer,Employee
E016133,BU009,Software Engineer,Employee
E016134,BU001,Security Analyst,Contractor
E016135,BU001,Systems Administrator,Contractor
E016136,BU002,Systems Administrator,Employee
E016137,BU002,Systems Administrator,Employee
E016138,BU003,Software Engineer,Employee
E016139,BU009,Financial Advisor,Contractor
E016140,BU001,Operations Analyst,Contractor
E016141,BU002,Systems Administrator,Employee
E016142,BU001,Systems Administrator,Contractor
E016143,BU009,Customer Service Rep,Employee
E016144,BU010,Operations Analyst,Employee
E016145,BU002,Risk Analyst,Employee
E016146,BU001,Software Engineer,Employee
E016147,BU006,Software Engineer,Employee
E016148,BU004,Operations Analyst,Contractor
E016149,BU001,Security Analyst,Employee
E016150,BU008,Financial Advisor,Employee
E016151,BU010,Operations Analyst,Employee
E016152,BU003,Network Engineer,Employee
E016153,BU003,Network Engineer,Employee
E016154,BU001,Customer Service Rep,Employee
E016155,BU003,Financial Advisor,Employee
E016156,BU002,Software Engineer,Employee
E016157,BU001,Customer Service Rep,Employee
E016158,BU001,Risk Analyst,Employee
E016159,BU001,Operations Analyst,Employee
E016160,BU001,Systems Administrator,Employee
E016161,BU003,Branch Manager,Employee
E016162,BU003,Branch Manager,Employee
E016163,BU003,Security Analyst,Employee
E016164,BU001,Systems Administrator,Employee
E016165,BU002,Operations Analyst,Employee
E016166,BU007,Network Engineer,Contractor
E016167,BU002,Systems Administrator,Employee
E016168,BU010,Customer Service Rep,Employee
E016169,BU002,Financial Advisor,Employee
E016170,BU003,Security Analyst,Employee
E016171,BU001,Software Engineer,Employee
E016172,BU003,Security Analyst,Employee
E016173,BU007,Financial Advisor,Employee
E016174,BU009,Customer Service Rep,Employee
E016175,BU010,Network Engineer,Employee
E016176,BU001,Branch Manager,Employee
E016177,BU003,Financial Advisor,Employee
E016178,BU002,Customer Service Rep,Employee
E016179,BU003,Data Engineer,Employee
E016180,BU001,Customer Service Rep,Employee
E016181,BU007,Operations Analyst,Employee
E016182,BU009,Data Engineer,Contractor
E016183,BU002,Financial Advisor,Employee
E016184,BU001,Risk Analyst,Employee
E016185,BU001,Operations Analyst,Employee
E016186,BU004,Risk Analyst,Employee
E016187,BU001,Security Analyst,Employee
E016188,BU009,Data Engineer,Employee
E016189,BU004,Operations Analyst,Employee
E016190,BU003,Network Engineer,Employee
E016191,BU003,Customer Service Rep,Employee
E016192,BU001,Financial Advisor,Employee
E016193,BU009,Customer Service Rep,Employee
E016194,BU003,Operations Analyst,Employee
E016195,BU010,Branch Manager,Employee
E016196,BU002,Financial Advisor,Employee
E016197,BU004,Software Engineer,Employee
E016198,BU001,Risk Analyst,Employee
E016199,BU003,Customer Service Rep,Contractor
E016200,BU005,Risk Analyst,Employee
E016201,BU005,Branch Manager,Employee
E016202,BU005,Risk Analyst,Employee
E016203,BU001,Systems Administrator,Employee
E016204,BU010,Security Analyst,Employee
E016205,BU010,Financial Advisor,Contractor
E016206,BU001,Security Analyst,Contractor
E016207,BU009,Risk Analyst,Employee
E016208,BU001,Network Engineer,Employee
E016209,BU004,Software Engineer,Contractor
E016210,BU001,Systems Administrator,Employee
E016211,BU010,Systems Administrator,Employee
E016212,BU001,Customer Service Rep,Employee
E016213,BU002,Customer Service Rep,Employee
E016214,BU002,Data Engineer,Employee
E016215,BU001,Branch Manager,Contractor
E016216,BU003,Data Engineer,Employee
E016217,BU001,Operations Analyst,Employee
E016218,BU004,Financial Advisor,Employee
E016219,BU010,Financial Advisor,Employee
E016220,BU006,Security Analyst,Employee
E016221,BU008,Financial Advisor,Employee
E016222,BU001,Financial Advisor,Employee
E016223,BU001,Branch Manager,Employee
E016224,BU002,Security Analyst,Employee
E016225,BU001,Operations Analyst,Contractor
E016226,BU009,Operations Analyst,Contractor
E016227,BU001,Systems Administrator,Employee
E016228,BU009,Security Analyst,Employee
E016229,BU001,Financial Advisor,Employee
E016230,BU007,Systems Administrator,Employee
E016231,BU001,Customer Service Rep,Employee
E016232,BU001,Financial Advisor,Employee
E016233,BU004,Software Engineer,Contractor
E016234,BU001,Risk Analyst,Employee
E016235,BU004,Software Engineer,Employee
E016236,BU003,Network Engineer,Employee
E016237,BU001,Security Analyst,Contractor
E016238,BU009,Data Engineer,Employee
E016239,BU002,Customer Service Rep,Employee
E016240,BU004,Security Analyst,Employee
E016241,BU002,Data Engineer,Employee
E016242,BU003,Data Engineer,Contractor
E016243,BU001,Network Engineer,Employee
E016244,BU001,Systems Administrator,Employee
E016245,BU003,Financial Advisor,Employee
E016246,BU002,Network Engineer,Employee
E016247,BU001,Branch Manager,Employee
E016248,BU004,Software Engineer,Employee
E016249,BU004,Software Engineer,Employee
E016250,BU001,Systems Administrator,Contractor
E016251,BU001,Systems Administrator,Employee
E016252,BU001,Operations Analyst,Employee
E016253,BU001,Security Analyst,Contractor
E016254,BU001,Branch Manager,Employee
E016255,BU001,Network Engineer,Employee
E016256,BU010,Software Engineer,Employee
E016257,BU004,Systems Administrator,Contractor
E016258,BU001,Operations Analyst,Employee
E016259,BU001,Risk Analyst,Employee
E016260,BU004,Financial Advisor,Employee
E016261,BU002,Security Analyst,Contractor
E016262,BU006,Financial Advisor,Employee
E016263,BU009,Systems Administrator,Employee
E016264,BU003,Customer Service Rep,Employee
E016265,BU001,Risk Analyst,Employee
E016266,BU006,Customer Service Rep,Employee
E016267,BU009,Data Engineer,Employee
E016268,BU003,Systems Administrator,Employee
E016269,BU004,Software Engineer,Employee
E016270,BU001,Network Engineer,Employee
E016271,BU001,Network Engineer,Contractor
E016272,BU004,Network Engineer,Employee
E016273,BU009,Network Engineer,Employee
E016274,BU003,Operations Analyst,Employee
E016275,BU006,Operations Analyst,Employee
E016276,BU001,Risk Analyst,Employee
E016277,BU001,Customer Service Rep,Employee
E016278,BU002,Data Engineer,Contractor
E016279,BU001,Operations Analyst,Employee
E016280,BU003,Risk Analyst,Contractor
E016281,BU001,Customer Service Rep,Employee
E016282,BU006,Financial Advisor,Employee
E016283,BU006,Network Engineer,Employee
E016284,BU002,Risk Analyst,Employee
E016285,BU001,Financial Advisor,Employee
E016286,BU003,Operations Analyst,Employee
E016287,BU010,Security Analyst,Employee
E016288,BU003,Security Analyst,Employee
E016289,BU001,Software Engineer,Employee
E016290,BU001,Systems Administrator,Employee
E016291,BU001,Security Analyst,Employee
E016292,BU001,Risk Analyst,Employee
E016293,BU006,Customer Service Rep,Contractor
E016294,BU007,Branch Manager,Employee
E016295,BU001,Data Engineer,Employee
E016296,BU001,Operations Analyst,Employee
E016297,BU001,Financial Advisor,Employee
E016298,BU009,Systems Administrator,Contractor
E016299,BU002,Branch Manager,Employee
E016300,BU003,Software Engineer,Contractor
E016301,BU001,Systems Administrator,Employee
E016302,BU003,Customer Service Rep,Employee
E016303,BU001,Security Analyst,Employee
E016304,BU001,Software Engineer,Employee
E016305,BU003,Customer Service Rep,Employee
E016306,BU003,Branch Manager,Employee
E016307,BU001,Security Analyst,Employee
E016308,BU001,Operations Analyst,Employee
E016309,BU001,Branch Manager,Employee
E016310,BU001,Network Engineer,Employee
E016311,BU003,Network Engineer,Employee
E016312,BU009,Systems Administrator,Employee
E016313,BU001,Security Analyst,Employee
E016314,BU001,Operations Analyst,Employee
E016315,BU001,Branch Manager,Employee
E016316,BU002,Branch Manager,Employee
E016317,BU002,Branch Manager,Employee
E016318,BU004,Systems Administrator,Employee
E016319,BU001,Network Engineer,Employee
E016320,BU003,Operations Analyst,Contractor
E016321,BU008,Risk Analyst,Employee
E016322,BU009,Operations Analyst,Contractor
E016323,BU009,Data Engineer,Employee
E016324,BU005,Branch Manager,Contractor
E016325,BU009,Risk Analyst,Employee
E016326,BU001,Data Engineer,Employee
E016327,BU001,Systems Administrator,Contractor
E016328,BU001,Risk Analyst,Employee
E016329,BU004,Customer Service Rep,Contractor
E016330,BU009,Financial Advisor,Employee
E016331,BU001,Network Engineer,Employee
E016332,BU003,Financial Advisor,Employee
E016333,BU005,Customer Service Rep,Employee
E016334,BU009,Network Engineer,Contractor
E016335,BU003,Security Analyst,Contractor
E016336,BU010,Risk Analyst,Employee
E016337,BU001,Customer Service Rep,Employee
E016338,BU001,Customer Service Rep,Employee
E016339,BU003,Network Engineer,Employee
E016340,BU001,Software Engineer,Employee
E016341,BU001,Data Engineer,Employee
E016342,BU004,Branch Manager,Employee
E016343,BU005,Systems Administrator,Employee
E016344,BU005,Operations Analyst,Employee
E016345,BU001,Security Analyst,Employee
E016346,BU002,Branch Manager,Employee
E016347,BU001,Customer Service Rep,Employee
E016348,BU001,Network Engineer,Employee
E016349,BU003,Customer Service Rep,Contractor
E016350,BU001,Risk Analyst,Employee
E016351,BU001,Systems Administrator,Employee
E016352,BU005,Data Engineer,Employee
E016353,BU001,Network Engineer,Employee
E016354,BU009,Operations Analyst,Employee
E016355,BU002,Security Analyst,Contractor
E016356,BU010,Risk Analyst,Employee
E016357,BU001,Systems Administrator,Employee
E016358,BU003,Data Engineer,Contractor
E016359,BU001,Network Engineer,Employee
E016360,BU007,Customer Service Rep,Employee
E016361,BU001,Security Analyst,Contractor
E016362,BU001,Software Engineer,Employee
E016363,BU007,Branch Manager,Employee
E016364,BU001,Financial Advisor,Employee
E016365,BU001,Risk Analyst,Employee
E016366,BU001,Software Engineer,Employee
E016367,BU003,Operations Analyst,Employee
E016368,BU001,Operations Analyst,Employee
E016369,BU002,Financial Advisor,Employee
E016370,BU001,Software Engineer,Employee
E016371,BU003,Financial Advisor,Employee
E016372,BU005,Financial Advisor,Employee
E016373,BU001,Customer Service Rep,Employee
E016374,BU002,Systems Administrator,Employee
E016375,BU001,Operations Analyst,Employee
E016376,BU001,Systems Administrator,Employee
E016377,BU001,Operations Analyst,Employee
E016378,BU002,Software Engineer,Employee
E016379,BU002,Security Analyst,Employee
E016380,BU009,Systems Administrator,Employee
E016381,BU001,Security Analyst,Employee
E016382,BU003,Systems Administrator,Contractor
E016383,BU002,Risk Analyst,Employee
E016384,BU002,Financial Advisor,Employee
E016385,BU008,Financial Advisor,Employee
E016386,BU001,Customer Service Rep,Employee
E016387,BU001,Operations Analyst,Employee
E016388,BU004,Systems Administrator,Employee
E016389,BU001,Network Engineer,Contractor
E016390,BU001,Network Engineer,Employee
E016391,BU001,Data Engineer,Employee
E016392,BU001,Systems Administrator,Employee
E016393,BU003,Network Engineer,Employee
E016394,BU001,Customer Service Rep,Employee
E016395,BU001,Operations Analyst,Contractor
E016396,BU002,Network Engineer,Employee
E016397,BU002,Branch Manager,Contractor
E016398,BU010,Systems Administrator,Employee
E016399,BU001,Security Analyst,Employee
E016400,BU009,Branch Manager,Employee
E016401,BU003,Branch Manager,Employee
E016402,BU006,Systems Administrator,Contractor
E016403,BU002,Data Engineer,Employee
E016404,BU002,Financial Advisor,Employee
E016405,BU008,Operations Analyst,Employee
E016406,BU009,Operations Analyst,Contractor
E016407,BU001,Network Engineer,Contractor
E016408,BU001,Network Engineer,Employee
E016409,BU002,Network Engineer,Employee
E016410,BU009,Systems Administrator,Employee
E016411,BU001,Software Engineer,Employee
E016412,BU003,Risk Analyst,Employee
E016413,BU004,Risk Analyst,Employee
E016414,BU005,Network Engineer,Employee
E016415,BU003,Network Engineer,Employee
E016416,BU001,Security Analyst,Employee
E016417,BU010,Data Engineer,Employee
E016418,BU003,Risk Analyst,Employee
E016419,BU004,Systems Administrator,Employee
E016420,BU001,Network Engineer,Employee
E016421,BU004,Network Engineer,Employee
E016422,BU001,Risk Analyst,Employee
E016423,BU001,Network Engineer,Employee
E016424,BU004,Financial Advisor,Employee
E016425,BU002,Systems Administrator,Employee
E016426,BU004,Systems Administrator,Employee
E016427,BU001,Network Engineer,Employee
E016428,BU003,Systems Administrator,Employee
E016429,BU002,Software Engineer,Employee
E016430,BU003,Systems Administrator,Employee
E016431,BU001,Financial Advisor,Employee
E016432,BU004,Branch Manager,Employee
E016433,BU006,Branch Manager,Employee
E016434,BU001,Data Engineer,Employee
E016435,BU001,Security Analyst,Employee
E016436,BU004,Financial Advisor,Employee
E016437,BU004,Customer Service Rep,Employee
E016438,BU004,Security Analyst,Employee
E016439,BU004,Risk Analyst,Employee
E016440,BU001,Risk Analyst,Employee
E016441,BU001,Customer Service Rep,Employee
E016442,BU001,Security Analyst,Employee
E016443,BU001,Customer Service Rep,Employee
E016444,BU004,Network Engineer,Contractor
E016445,BU001,Security Analyst,Employee
E016446,BU009,Branch Manager,Employee
E016447,BU007,Security Analyst,Employee
E016448,BU007,Financial Advisor,Employee
E016449,BU009,Branch Manager,Contractor
E016450,BU001,Network Engineer,Employee
E016451,BU007,Operations Analyst,Employee
E016452,BU001,Financial Advisor,Employee
E016453,BU001,Security Analyst,Employee
E016454,BU006,Risk Analyst,Employee
E016455,BU001,Customer Service Rep,Employee
E016456,BU010,Branch Manager,Employee
E016457,BU004,Security Analyst,Contractor
E016458,BU005,Operations Analyst,Employee
E016459,BU001,Systems Administrator,Employee
E016460,BU004,Operations Analyst,Employee
E016461,BU001,Branch Manager,Employee
E016462,BU007,Financial Advisor,Contractor
E016463,BU001,Risk Analyst,Employee
E016464,BU004,Risk Analyst,Employee
E016465,BU001,Systems Administrator,Employee
E016466,BU001,Financial Advisor,Employee
E016467,BU002,Security Analyst,Contractor
E016468,BU001,Systems Administrator,Employee
E016469,BU004,Branch Manager,Employee
E016470,BU001,Systems Administrator,Employee
E016471,BU001,Data Engineer,Employee
E016472,BU003,Security Analyst,Employee
E016473,BU001,Customer Service Rep,Employee
E016474,BU001,Network Engineer,Contractor
E016475,BU006,Systems Administrator,Employee
E016476,BU001,Branch Manager,Employee
E016477,BU001,Security Analyst,Employee
E016478,BU001,Systems Administrator,Employee
E016479,BU002,Financial Advisor,Employee
E016480,BU003,Data Engineer,Employee
E016481,BU001,Network Engineer,Employee
E016482,BU006,Risk Analyst,Employee
E016483,BU001,Software Engineer,Employee
E016484,BU002,Customer Service Rep,Employee
E016485,BU001,Financial Advisor,Employee
E016486,BU003,Network Engineer,Employee
E016487,BU010,Security Analyst,Employee
E016488,BU002,Data Engineer,Employee
E016489,BU010,Financial Advisor,Employee
E016490,BU001,Branch Manager,Employee
E016491,BU001,Operations Analyst,Employee
E016492,BU001,Branch Manager,Employee
E016493,BU001,Customer Service Rep,Employee
E016494,BU001,Data Engineer,Contractor
E016495,BU001,Financial Advisor,Employee
E016496,BU002,Network Engineer,Employee
E016497,BU001,Customer Service Rep,Employee
E016498,BU001,Customer Service Rep,Employee
E016499,BU001,Financial Advisor,Employee
E016500,BU008,Branch Manager,Employee
E016501,BU001,Customer Service Rep,Employee
E016502,BU004,Data Engineer,Employee
E016503,BU003,Financial Advisor,Employee
E016504,BU002,Operations Analyst,Employee
E016505,BU001,Systems Administrator,Employee
E016506,BU001,Customer Service Rep,Employee
E016507,BU003,Security Analyst,Employee
E016508,BU001,Software Engineer,Employee
E016509,BU001,Financial Advisor,Employee
E016510,BU001,Data Engineer,Employee
E016511,BU008,Security Analyst,Employee
E016512,BU002,Risk Analyst,Employee
E016513,BU003,Branch Manager,Employee
E016514,BU002,Software Engineer,Employee
E016515,BU008,Systems Administrator,Employee
E016516,BU003,Systems Administrator,Employee
E016517,BU002,Risk Analyst,Employee
E016518,BU009,Branch Manager,Employee
E016519,BU004,Data Engineer,Employee
E016520,BU001,Operations Analyst,Employee
E016521,BU001,Branch Manager,Employee
E016522,BU006,Systems Administrator,Employee
E016523,BU007,Risk Analyst,Contractor
E016524,BU003,Software Engineer,Employee
E016525,BU003,Operations Analyst,Employee
E016526,BU003,Operations Analyst,Employee
E016527,BU002,Risk Analyst,Employee
E016528,BU004,Financial Advisor,Employee
E016529,BU001,Network Engineer,Employee
E016530,BU010,Data Engineer,Employee
E016531,BU005,Operations Analyst,Employee
E016532,BU003,Branch Manager,Contractor
E016533,BU001,Network Engineer,Employee
E016534,BU001,Security Analyst,Employee
E016535,BU001,Systems Administrator,Contractor
E016536,BU004,Branch Manager,Employee
E016537,BU003,Risk Analyst,Employee
E016538,BU001,Network Engineer,Employee
E016539,BU003,Systems Administrator,Employee
E016540,BU006,Software Engineer,Employee
E016541,BU001,Financial Advisor,Employee
E016542,BU002,Software Engineer,Contractor
E016543,BU005,Branch Manager,Employee
E016544,BU003,Risk Analyst,Employee
E016545,BU003,Customer Service Rep,Employee
E016546,BU002,Customer Service Rep,Employee
E016547,BU010,Financial Advisor,Employee
E016548,BU001,Branch Manager,Contractor
E016549,BU002,Operations Analyst,Employee
E016550,BU001,Financial Advisor,Employee
E016551,BU001,Software Engineer,Employee
E016552,BU001,Risk Analyst,Employee
E016553,BU001,Data Engineer,Employee
E016554,BU010,Systems Administrator,Employee
E016555,BU009,Branch Manager,Employee
E016556,BU001,Financial Advisor,Employee
E016557,BU003,Network Engineer,Employee
E016558,BU002,Network Engineer,Employee
E016559,BU006,Operations Analyst,Employee
E016560,BU003,Branch Manager,Contractor
E016561,BU001,Risk Analyst,Employee
E016562,BU005,Branch Manager,Employee
E016563,BU005,Network Engineer,Employee
E016564,BU002,Customer Service Rep,Employee
E016565,BU009,Risk Analyst,Employee
E016566,BU009,Risk Analyst,Employee
E016567,BU002,Risk Analyst,Employee
E016568,BU003,Software Engineer,Employee
E016569,BU010,Systems Administrator,Employee
E016570,BU001,Customer Service Rep,Employee
E016571,BU001,Financial Advisor,Employee
E016572,BU001,Systems Administrator,Employee
E016573,BU009,Branch Manager,Employee
E016574,BU005,Network Engineer,Employee
E016575,BU001,Customer Service Rep,Employee
E016576,BU010,Security Analyst,Employee
E016577,BU004,Data Engineer,Employee
E016578,BU007,Network Engineer,Employee
E016579,BU001,Security Analyst,Employee
E016580,BU002,Financial Advisor,Employee
E016581,BU004,Systems Administrator,Employee
E016582,BU003,Risk Analyst,Contractor
E016583,BU004,Software Engineer,Employee
E016584,BU006,Operations Analyst,Contractor
E016585,BU001,Network Engineer,Contractor
E016586,BU007,Branch Manager,Employee
E016587,BU001,Network Engineer,Employee
E016588,BU001,Risk Analyst,Employee
E016589,BU001,Operations Analyst,Employee
E016590,BU001,Security Analyst,Employee
E016591,BU001,Software Engineer,Employee
E016592,BU006,Financial Advisor,Contractor
E016593,BU003,Network Engineer,Contractor
E016594,BU002,Branch Manager,Employee
E016595,BU003,Security Analyst,Employee
E016596,BU001,Branch Manager,Employee
E016597,BU001,Network Engineer,Employee
E016598,BU003,Systems Administrator,Employee
E016599,BU003,Operations Analyst,Employee
E016600,BU005,Security Analyst,Employee
E016601,BU001,Systems Administrator,Employee
E016602,BU004,Data Engineer,Employee
E016603,BU004,Risk Analyst,Employee
E016604,BU010,Software Engineer,Employee
E016605,BU001,Network Engineer,Employee
E016606,BU003,Systems Administrator,Employee
E016607,BU003,Operations Analyst,Contractor
E016608,BU010,Systems Administrator,Employee
E016609,BU001,Data Engineer,Employee
E016610,BU002,Customer Service Rep,Employee
E016611,BU001,Software Engineer,Contractor
E016612,BU002,Branch Manager,Contractor
E016613,BU001,Risk Analyst,Employee
E016614,BU001,Risk Analyst,Contractor
E016615,BU003,Security Analyst,Employee
E016616,BU001,Software Engineer,Employee
E016617,BU001,Data Engineer,Employee
E016618,BU001,Branch Manager,Employee
E016619,BU001,Software Engineer,Employee
E016620,BU009,Software Engineer,Employee
E016621,BU003,Data Engineer,Contractor
E016622,BU006,Customer Service Rep,Employee
E016623,BU002,Customer Service Rep,Employee
E016624,BU009,Customer Service Rep,Employee
E016625,BU002,Security Analyst,Employee
E016626,BU003,Customer Service Rep,Contractor
E016627,BU002,Systems Administrator,Employee
E016628,BU004,Customer Service Rep,Employee
E016629,BU003,Security Analyst,Employee
E016630,BU001,Branch Manager,Employee
E016631,BU001,Customer Service Rep,Contractor
E016632,BU003,Data Engineer,Employee
E016633,BU002,Systems Administrator,Employee
E016634,BU001,Risk Analyst,Employee
E016635,BU001,Systems Administrator,Employee
E016636,BU002,Security Analyst,Employee
E016637,BU007,Network Engineer,Employee
E016638,BU001,Branch Manager,Employee
E016639,BU001,Customer Service Rep,Employee
E016640,BU007,Software Engineer,Employee
E016641,BU003,Branch Manager,Employee
E016642,BU001,Security Analyst,Employee
E016643,BU007,Software Engineer,Employee
E016644,BU002,Network Engineer,Employee
E016645,BU002,Network Engineer,Contractor
E016646,BU010,Security Analyst,Employee
E016647,BU009,Risk Analyst,Employee
E016648,BU001,Risk Analyst,Employee
E016649,BU001,Network Engineer,Employee
E016650,BU001,Risk Analyst,Employee
E016651,BU001,Data Engineer,Employee
E016652,BU001,Operations Analyst,Employee
E016653,BU001,Software Engineer,Employee
E016654,BU009,Financial Advisor,Employee
E016655,BU008,Systems Administrator,Employee
E016656,BU002,Operations Analyst,Employee
E016657,BU003,Risk Analyst,Employee
E016658,BU001,Software Engineer,Employee
E016659,BU001,Customer Service Rep,Employee
E016660,BU001,Financial Advisor,Employee
E016661,BU005,Financial Advisor,Employee
E016662,BU001,Customer Service Rep,Employee
E016663,BU008,Risk Analyst,Employee
E016664,BU003,Software Engineer,Employee
E016665,BU001,Financial Advisor,Contractor
E016666,BU001,Operations Analyst,Employee
E016667,BU003,Systems Administrator,Contractor
E016668,BU009,Security Analyst,Employee
E016669,BU004,Security Analyst,Contractor
E016670,BU001,Operations Analyst,Contractor
E016671,BU003,Systems Administrator,Employee
E016672,BU001,Data Engineer,Employee
E016673,BU010,Network Engineer,Employee
E016674,BU005,Financial Advisor,Employee
E016675,BU003,Operations Analyst,Employee
E016676,BU002,Customer Service Rep,Contractor
E016677,BU003,Security Analyst,Employee
E016678,BU001,Risk Analyst,Contractor
E016679,BU001,Systems Administrator,Employee
E016680,BU001,Software Engineer,Employee
E016681,BU009,Systems Administrator,Employee
E016682,BU003,Network Engineer,Employee
E016683,BU001,Security Analyst,Employee
E016684,BU008,Financial Advisor,Employee
E016685,BU001,Systems Administrator,Employee
E016686,BU001,Operations Analyst,Employee
E016687,BU001,Systems Administrator,Employee
E016688,BU003,Operations Analyst,Employee
E016689,BU003,Network Engineer,Employee
E016690,BU002,Software Engineer,Employee
E016691,BU004,Systems Administrator,Employee
E016692,BU001,Customer Service Rep,Employee
E016693,BU006,Security Analyst,Contractor
E016694,BU001,Financial Advisor,Employee
E016695,BU006,Risk Analyst,Employee
E016696,BU004,Security Analyst,Employee
E016697,BU004,Systems Administrator,Employee
E016698,BU002,Operations Analyst,Employee
E016699,BU004,Customer Service Rep,Employee
E016700,BU001,Security Analyst,Employee
E016701,BU007,Systems Administrator,Employee
E016702,BU001,Branch Manager,Contractor
E016703,BU001,Systems Administrator,Employee
E016704,BU003,Data Engineer,Employee
E016705,BU004,Systems Administrator,Employee
E016706,BU001,Branch Manager,Employee
E016707,BU009,Software Engineer,Employee
E016708,BU010,Network Engineer,Employee
E016709,BU003,Data Engineer,Contractor
E016710,BU002,Systems Administrator,Employee
E016711,BU005,Customer Service Rep,Employee
E016712,BU001,Security Analyst,Employee
E016713,BU002,Operations Analyst,Employee
E016714,BU009,Software Engineer,Employee
E016715,BU009,Systems Administrator,Employee
E016716,BU009,Financial Advisor,Employee
E016717,BU001,Risk Analyst,Employee
E016718,BU001,Security Analyst,Contractor
E016719,BU001,Systems Administrator,Employee
E016720,BU002,Risk Analyst,Employee
E016721,BU001,Operations Analyst,Employee
E016722,BU001,Risk Analyst,Employee
E016723,BU003,Customer Service Rep,Employee
E016724,BU005,Risk Analyst,Employee
E016725,BU004,Security Analyst,Employee
E016726,BU006,Customer Service Rep,Employee
E016727,BU001,Risk Analyst,Employee
E016728,BU001,Data Engineer,Employee
E016729,BU006,Risk Analyst,Employee
E016730,BU002,Financial Advisor,Employee
E016731,BU003,Software Engineer,Contractor
E016732,BU001,Branch Manager,Employee
E016733,BU001,Data Engineer,Employee
E016734,BU003,Network Engineer,Contractor
E016735,BU007,Network Engineer,Employee
E016736,BU009,Systems Administrator,Employee
E016737,BU002,Systems Administrator,Employee
E016738,BU003,Security Analyst,Employee
E016739,BU007,Operations Analyst,Employee
E016740,BU002,Risk Analyst,Employee
E016741,BU002,Software Engineer,Employee
E016742,BU009,Software Engineer,Employee
E016743,BU006,Security Analyst,Employee
E016744,BU009,Data Engineer,Employee
E016745,BU001,Operations Analyst,Employee
E016746,BU002,Risk Analyst,Employee
E016747,BU007,Systems Administrator,Employee
E016748,BU001,Risk Analyst,Employee
E016749,BU006,Software Engineer,Employee
E016750,BU001,Branch Manager,Employee
E016751,BU006,Software Engineer,Employee
E016752,BU003,Risk Analyst,Employee
E016753,BU001,Network Engineer,Contractor
E016754,BU002,Systems Administrator,Employee
E016755,BU004,Customer Service Rep,Contractor
E016756,BU003,Software Engineer,Employee
E016757,BU002,Branch Manager,Employee
E016758,BU009,Financial Advisor,Employee
E016759,BU002,Customer Service Rep,Employee
E016760,BU002,Software Engineer,Employee
E016761,BU001,Software Engineer,Employee
E016762,BU009,Risk Analyst,Contractor
E016763,BU001,Network Engineer,Employee
E016764,BU002,Financial Advisor,Employee
E016765,BU006,Network Engineer,Employee
E016766,BU001,Security Analyst,Employee
E016767,BU002,Network Engineer,Contractor
E016768,BU001,Security Analyst,Employee
E016769,BU005,Risk Analyst,Employee
E016770,BU003,Branch Manager,Employee
E016771,BU007,Operations Analyst,Employee
E016772,BU009,Systems Administrator,Employee
E016773,BU003,Software Engineer,Employee
E016774,BU004,Branch Manager,Employee
E016775,BU003,Customer Service Rep,Employee
E016776,BU001,Operations Analyst,Employee
E016777,BU003,Software Engineer,Employee
E016778,BU009,Branch Manager,Employee
E016779,BU001,Systems Administrator,Employee
E016780,BU001,Branch Manager,Employee
E016781,BU001,Risk Analyst,Employee
E016782,BU002,Operations Analyst,Employee
E016783,BU001,Financial Advisor,Employee
E016784,BU002,Branch Manager,Employee
E016785,BU002,Systems Administrator,Employee
E016786,BU003,Systems Administrator,Employee
E016787,BU001,Network Engineer,Employee
E016788,BU003,Network Engineer,Employee
E016789,BU008,Operations Analyst,Employee
E016790,BU009,Software Engineer,Employee
E016791,BU003,Data Engineer,Employee
E016792,BU001,Financial Advisor,Employee
E016793,BU010,Systems Administrator,Employee
E016794,BU004,Network Engineer,Employee
E016795,BU001,Risk Analyst,Employee
E016796,BU001,Risk Analyst,Employee
E016797,BU001,Data Engineer,Employee
E016798,BU001,Software Engineer,Employee
E016799,BU001,Network Engineer,Employee
E016800,BU009,Financial Advisor,Employee
E016801,BU003,Software Engineer,Employee
E016802,BU004,Risk Analyst,Employee
E016803,BU007,Data Engineer,Employee
E016804,BU006,Operations Analyst,Employee
E016805,BU008,Network Engineer,Employee
E016806,BU010,Customer Service Rep,Contractor
E016807,BU002,Risk Analyst,Employee
E016808,BU009,Data Engineer,Employee
E016809,BU004,Data Engineer,Employee
E016810,BU001,Software Engineer,Employee
E016811,BU004,Security Analyst,Employee
E016812,BU004,Software Engineer,Contractor
E016813,BU009,Customer Service Rep,Employee
E016814,BU001,Data Engineer,Employee
E016815,BU003,Financial Advisor,Employee
E016816,BU001,Software Engineer,Employee
E016817,BU001,Financial Advisor,Contractor
E016818,BU001,Network Engineer,Employee
E016819,BU002,Systems Administrator,Contractor
E016820,BU006,Customer Service Rep,Employee
E016821,BU001,Security Analyst,Employee
E016822,BU002,Data Engineer,Employee
E016823,BU001,Systems Administrator,Employee
E016824,BU001,Security Analyst,Employee
E016825,BU002,Network Engineer,Employee
E016826,BU001,Financial Advisor,Employee
E016827,BU003,Customer Service Rep,Contractor
E016828,BU001,Financial Advisor,Employee
E016829,BU001,Security Analyst,Employee
E016830,BU003,Software Engineer,Contractor
E016831,BU003,Security Analyst,Contractor
E016832,BU001,Software Engineer,Employee
E016833,BU003,Network Engineer,Employee
E016834,BU007,Systems Administrator,Employee
E016835,BU004,Operations Analyst,Employee
E016836,BU001,Branch Manager,Employee
E016837,BU003,Security Analyst,Employee
E016838,BU004,Systems Administrator,Employee
E016839,BU001,Customer Service Rep,Employee
E016840,BU007,Data Engineer,Contractor
E016841,BU009,Customer Service Rep,Employee
E016842,BU007,Operations Analyst,Employee
E016843,BU007,Network Engineer,Employee
E016844,BU005,Operations Analyst,Employee
E016845,BU003,Systems Administrator,Employee
E016846,BU004,Network Engineer,Employee
E016847,BU006,Systems Administrator,Employee
E016848,BU004,Operations Analyst,Employee
E016849,BU001,Branch Manager,Employee
E016850,BU001,Financial Advisor,Employee
E016851,BU009,Operations Analyst,Employee
E016852,BU001,Customer Service Rep,Contractor
E016853,BU004,Branch Manager,Employee
E016854,BU009,Branch Manager,Employee
E016855,BU004,Software Engineer,Employee
E016856,BU010,Branch Manager,Employee
E016857,BU004,Customer Service Rep,Employee
E016858,BU001,Branch Manager,Employee
E016859,BU007,Systems Administrator,Employee
E016860,BU001,Software Engineer,Employee
E016861,BU002,Security Analyst,Employee
E016862,BU001,Data Engineer,Employee
E016863,BU001,Operations Analyst,Employee
E016864,BU002,Data Engineer,Contractor
E016865,BU001,Security Analyst,Employee
E016866,BU003,Operations Analyst,Employee
E016867,BU006,Systems Administrator,Employee
E016868,BU001,Systems Administrator,Employee
E016869,BU001,Financial Advisor,Employee
E016870,BU004,Systems Administrator,Employee
E016871,BU004,Operations Analyst,Employee
E016872,BU009,Network Engineer,Employee
E016873,BU001,Customer Service Rep,Employee
E016874,BU007,Financial Advisor,Employee
E016875,BU002,Systems Administrator,Employee
E016876,BU003,Operations Analyst,Employee
E016877,BU001,Risk Analyst,Employee
E016878,BU002,Risk Analyst,Employee
E016879,BU001,Security Analyst,Contractor
E016880,BU001,Security Analyst,Employee
E016881,BU002,Risk Analyst,Employee
E016882,BU006,Risk Analyst,Employee
E016883,BU005,Operations Analyst,Employee
E016884,BU003,Risk Analyst,Employee
E016885,BU002,Data Engineer,Employee
E016886,BU002,Systems Administrator,Employee
E016887,BU010,Data Engineer,Employee
E016888,BU003,Branch Manager,Employee
E016889,BU001,Software Engineer,Employee
E016890,BU001,Branch Manager,Employee
E016891,BU003,Branch Manager,Contractor
E016892,BU002,Financial Advisor,Employee
E016893,BU001,Network Engineer,Employee
E016894,BU007,Branch Manager,Employee
E016895,BU004,Network Engineer,Employee
E016896,BU004,Operations Analyst,Employee
E016897,BU001,Operations Analyst,Employee
E016898,BU001,Branch Manager,Employee
E016899,BU009,Risk Analyst,Contractor
E016900,BU008,Data Engineer,Employee
E016901,BU001,Systems Administrator,Contractor
E016902,BU001,Risk Analyst,Employee
E016903,BU002,Financial Advisor,Employee
E016904,BU001,Financial Advisor,Employee
E016905,BU004,Data Engineer,Employee
E016906,BU010,Network Engineer,Employee
E016907,BU001,Financial Advisor,Employee
E016908,BU001,Software Engineer,Employee
E016909,BU009,Customer Service Rep,Employee
E016910,BU001,Risk Analyst,Employee
E016911,BU009,Operations Analyst,Contractor
E016912,BU004,Risk Analyst,Employee
E016913,BU009,Customer Service Rep,Employee
E016914,BU001,Data Engineer,Employee
E016915,BU001,Branch Manager,Employee
E016916,BU002,Security Analyst,Employee
E016917,BU002,Systems Administrator,Employee
E016918,BU001,Operations Analyst,Employee
E016919,BU009,Operations Analyst,Employee
E016920,BU007,Customer Service Rep,Employee
E016921,BU004,Customer Service Rep,Employee
E016922,BU001,Operations Analyst,Employee
E016923,BU004,Data Engineer,Employee
E016924,BU004,Network Engineer,Employee
E016925,BU002,Risk Analyst,Employee
E016926,BU009,Risk Analyst,Employee
E016927,BU001,Systems Administrator,Employee
E016928,BU001,Customer Service Rep,Employee
E016929,BU001,Systems Administrator,Employee
E016930,BU006,Branch Manager,Employee
E016931,BU003,Customer Service Rep,Employee
E016932,BU001,Financial Advisor,Employee
E016933,BU001,Data Engineer,Employee
E016934,BU001,Operations Analyst,Employee
E016935,BU001,Branch Manager,Employee
E016936,BU002,Operations Analyst,Employee
E016937,BU001,Data Engineer,Employee
E016938,BU001,Data Engineer,Employee
E016939,BU008,Software Engineer,Employee
E016940,BU002,Financial Advisor,Employee
E016941,BU004,Network Engineer,Contractor
E016942,BU001,Network Engineer,Employee
E016943,BU001,Branch Manager,Employee
E016944,BU002,Network Engineer,Employee
E016945,BU001,Financial Advisor,Employee
E016946,BU001,Financial Advisor,Contractor
E016947,BU008,Systems Administrator,Employee
E016948,BU009,Systems Administrator,Employee
E016949,BU001,Software Engineer,Employee
E016950,BU001,Data Engineer,Employee
E016951,BU009,Financial Advisor,Employee
E016952,BU001,Financial Advisor,Employee
E016953,BU003,Risk Analyst,Employee
E016954,BU010,Data Engineer,Employee
E016955,BU010,Branch Manager,Employee
E016956,BU002,Risk Analyst,Contractor
E016957,BU001,Operations Analyst,Employee
E016958,BU001,Systems Administrator,Employee
E016959,BU008,Risk Analyst,Employee
E016960,BU009,Network Engineer,Employee
E016961,BU003,Operations Analyst,Contractor
E016962,BU005,Operations Analyst,Employee
E016963,BU004,Network Engineer,Employee
E016964,BU004,Data Engineer,Employee
E016965,BU007,Network Engineer,Employee
E016966,BU004,Operations Analyst,Employee
E016967,BU002,Software Engineer,Employee
E016968,BU001,Systems Administrator,Employee
E016969,BU005,Customer Service Rep,Contractor
E016970,BU002,Operations Analyst,Employee
E016971,BU001,Financial Advisor,Employee
E016972,BU006,Customer Service Rep,Employee
E016973,BU004,Operations Analyst,Employee
E016974,BU009,Customer Service Rep,Employee
E016975,BU001,Network Engineer,Employee
E016976,BU003,Data Engineer,Employee
E016977,BU001,Systems Administrator,Contractor
E016978,BU009,Financial Advisor,Employee
E016979,BU001,Operations Analyst,Employee
E016980,BU003,Data Engineer,Employee
E016981,BU006,Data Engineer,Contractor
E016982,BU001,Software Engineer,Employee
E016983,BU009,Operations Analyst,Employee
E016984,BU007,Software Engineer,Employee
E016985,BU001,Security Analyst,Employee
E016986,BU001,Systems Administrator,Employee
E016987,BU001,Customer Service Rep,Employee
E016988,BU001,Customer Service Rep,Employee
E016989,BU008,Customer Service Rep,Employee
E016990,BU010,Systems Administrator,Employee
E016991,BU001,Branch Manager,Employee
E016992,BU002,Financial Advisor,Employee
E016993,BU003,Branch Manager,Employee
E016994,BU001,Software Engineer,Employee
E016995,BU001,Branch Manager,Contractor
E016996,BU001,Risk Analyst,Employee
E016997,BU002,Systems Administrator,Employee
E016998,BU004,Security Analyst,Employee
E016999,BU004,Customer Service Rep,Contractor
E017000,BU001,Systems Administrator,Employee
E017001,BU006,Software Engineer,Employee
E017002,BU004,Network Engineer,Employee
E017003,BU008,Security Analyst,Employee
E017004,BU002,Systems Administrator,Employee
E017005,BU009,Branch Manager,Employee
E017006,BU008,Security Analyst,Employee
E017007,BU002,Branch Manager,Contractor
E017008,BU001,Risk Analyst,Employee
E017009,BU009,Customer Service Rep,Employee
E017010,BU004,Operations Analyst,Employee
E017011,BU009,Systems Administrator,Contractor
E017012,BU006,Security Analyst,Employee
E017013,BU003,Data Engineer,Employee
E017014,BU001,Customer Service Rep,Employee
E017015,BU001,Data Engineer,Employee
E017016,BU010,Branch Manager,Contractor
E017017,BU001,Security Analyst,Employee
E017018,BU001,Security Analyst,Employee
E017019,BU004,Customer Service Rep,Employee
E017020,BU004,Systems Administrator,Contractor
E017021,BU001,Security Analyst,Employee
E017022,BU001,Operations Analyst,Employee
E017023,BU002,Security Analyst,Contractor
E017024,BU001,Network Engineer,Employee
E017025,BU006,Financial Advisor,Employee
E017026,BU001,Software Engineer,Employee
E017027,BU007,Branch Manager,Employee
E017028,BU006,Risk Analyst,Employee
E017029,BU004,Operations Analyst,Employee
E017030,BU001,Operations Analyst,Employee
E017031,BU002,Customer Service Rep,Employee
E017032,BU002,Operations Analyst,Employee
E017033,BU001,Network Engineer,Employee
E017034,BU007,Security Analyst,Employee
E017035,BU002,Software Engineer,Employee
E017036,BU007,Operations Analyst,Employee
E017037,BU001,Branch Manager,Employee
E017038,BU001,Data Engineer,Employee
E017039,BU010,Operations Analyst,Employee
E017040,BU003,Operations Analyst,Employee
E017041,BU002,Systems Administrator,Employee
E017042,BU002,Network Engineer,Employee
E017043,BU001,Branch Manager,Employee
E017044,BU004,Software Engineer,Employee
E017045,BU001,Data Engineer,Employee
E017046,BU003,Data Engineer,Employee
E017047,BU003,Network Engineer,Employee
E017048,BU009,Software Engineer,Employee
E017049,BU002,Operations Analyst,Contractor
E017050,BU001,Network Engineer,Contractor
E017051,BU003,Security Analyst,Employee
E017052,BU001,Customer Service Rep,Employee
E017053,BU001,Branch Manager,Employee
E017054,BU001,Operations Analyst,Employee
E017055,BU002,Operations Analyst,Employee
E017056,BU001,Branch Manager,Employee
E017057,BU002,Branch Manager,Employee
E017058,BU009,Risk Analyst,Employee
E017059,BU004,Software Engineer,Employee
E017060,BU001,Risk Analyst,Contractor
E017061,BU001,Network Engineer,Employee
E017062,BU004,Network Engineer,Employee
E017063,BU009,Customer Service Rep,Employee
E017064,BU001,Customer Service Rep,Employee
E017065,BU006,Data Engineer,Contractor
E017066,BU003,Operations Analyst,Employee
E017067,BU003,Branch Manager,Employee
E017068,BU009,Network Engineer,Employee
E017069,BU005,Network Engineer,Employee
E017070,BU007,Security Analyst,Contractor
E017071,BU001,Network Engineer,Employee
E017072,BU003,Security Analyst,Employee
E017073,BU003,Financial Advisor,Employee
E017074,BU001,Financial Advisor,Employee
E017075,BU003,Security Analyst,Employee
E017076,BU001,Risk Analyst,Employee
E017077,BU001,Operations Analyst,Employee
E017078,BU001,Software Engineer,Employee
E017079,BU004,Security Analyst,Contractor
E017080,BU009,Branch Manager,Employee
E017081,BU002,Customer Service Rep,Employee
E017082,BU003,Operations Analyst,Employee
E017083,BU001,Operations Analyst,Employee
E017084,BU009,Operations Analyst,Employee
E017085,BU003,Risk Analyst,Employee
E017086,BU006,Customer Service Rep,Employee
E017087,BU006,Customer Service Rep,Employee
E017088,BU001,Security Analyst,Employee
E017089,BU002,Data Engineer,Employee
E017090,BU010,Data Engineer,Employee
E017091,BU001,Systems Administrator,Employee
E017092,BU004,Security Analyst,Employee
E017093,BU010,Security Analyst,Employee
E017094,BU001,Risk Analyst,Employee
E017095,BU008,Operations Analyst,Contractor
E017096,BU009,Financial Advisor,Employee
E017097,BU005,Risk Analyst,Contractor
E017098,BU001,Financial Advisor,Employee
E017099,BU001,Branch Manager,Employee
E017100,BU001,Data Engineer,Employee
E017101,BU007,Network Engineer,Contractor
E017102,BU007,Financial Advisor,Employee
E017103,BU003,Risk Analyst,Employee
E017104,BU001,Branch Manager,Employee
E017105,BU001,Systems Administrator,Contractor
E017106,BU005,Systems Administrator,Contractor
E017107,BU004,Security Analyst,Employee
E017108,BU009,Financial Advisor,Employee
E017109,BU004,Data Engineer,Employee
E017110,BU007,Operations Analyst,Contractor
E017111,BU005,Data Engineer,Employee
E017112,BU003,Security Analyst,Contractor
E017113,BU002,Network Engineer,Employee
E017114,BU009,Financial Advisor,Employee
E017115,BU003,Network Engineer,Contractor
E017116,BU001,Operations Analyst,Contractor
E017117,BU001,Security Analyst,Employee
E017118,BU001,Data Engineer,Employee
E017119,BU003,Data Engineer,Employee
E017120,BU001,Branch Manager,Employee
E017121,BU001,Security Analyst,Employee
E017122,BU002,Systems Administrator,Employee
E017123,BU001,Systems Administrator,Employee
E017124,BU006,Data Engineer,Employee
E017125,BU002,Data Engineer,Employee
E017126,BU003,Financial Advisor,Employee
E017127,BU001,Financial Advisor,Employee
E017128,BU001,Customer Service Rep,Employee
E017129,BU001,Risk Analyst,Employee
E017130,BU006,Security Analyst,Employee
E017131,BU005,Financial Advisor,Employee
E017132,BU001,Data Engineer,Contractor
E017133,BU003,Operations Analyst,Contractor
E017134,BU001,Data Engineer,Employee
E017135,BU010,Security Analyst,Employee
E017136,BU009,Systems Administrator,Employee
E017137,BU003,Network Engineer,Employee
E017138,BU004,Data Engineer,Employee
E017139,BU006,Branch Manager,Employee
E017140,BU004,Security Analyst,Employee
E017141,BU004,Software Engineer,Employee
E017142,BU009,Data Engineer,Employee
E017143,BU003,Branch Manager,Employee
E017144,BU003,Financial Advisor,Employee
E017145,BU007,Customer Service Rep,Employee
E017146,BU004,Customer Service Rep,Employee
E017147,BU004,Branch Manager,Employee
E017148,BU001,Systems Administrator,Employee
E017149,BU001,Security Analyst,Employee
E017150,BU001,Financial Advisor,Employee
E017151,BU002,Branch Manager,Employee
E017152,BU002,Operations Analyst,Employee
E017153,BU010,Customer Service Rep,Employee
E017154,BU003,Financial Advisor,Employee
E017155,BU006,Systems Administrator,Employee
E017156,BU001,Financial Advisor,Employee
E017157,BU007,Risk Analyst,Employee
E017158,BU003,Branch Manager,Employee
E017159,BU004,Network Engineer,Employee
E017160,BU001,Operations Analyst,Employee
E017161,BU003,Security Analyst,Employee
E017162,BU003,Risk Analyst,Employee
E017163,BU003,Security Analyst,Employee
E017164,BU009,Data Engineer,Employee
E017165,BU009,Branch Manager,Contractor
E017166,BU010,Branch Manager,Employee
E017167,BU004,Security Analyst,Employee
E017168,BU010,Network Engineer,Employee
E017169,BU007,Data Engineer,Employee
E017170,BU001,Operations Analyst,Employee
E017171,BU002,Financial Advisor,Contractor
E017172,BU001,Risk Analyst,Employee
E017173,BU001,Software Engineer,Employee
E017174,BU001,Systems Administrator,Contractor
E017175,BU001,Software Engineer,Employee
E017176,BU004,Risk Analyst,Employee
E017177,BU002,Software Engineer,Employee
E017178,BU001,Security Analyst,Employee
E017179,BU005,Financial Advisor,Employee
E017180,BU007,Security Analyst,Contractor
E017181,BU010,Financial Advisor,Contractor
E017182,BU003,Data Engineer,Employee
E017183,BU002,Branch Manager,Employee
E017184,BU001,Systems Administrator,Employee
E017185,BU001,Customer Service Rep,Employee
E017186,BU001,Financial Advisor,Employee
E017187,BU001,Branch Manager,Employee
E017188,BU010,Systems Administrator,Employee
E017189,BU001,Data Engineer,Employee
E017190,BU001,Operations Analyst,Employee
E017191,BU001,Customer Service Rep,Contractor
E017192,BU004,Security Analyst,Employee
E017193,BU001,Risk Analyst,Employee
E017194,BU002,Financial Advisor,Employee
E017195,BU001,Systems Administrator,Employee
E017196,BU001,Systems Administrator,Employee
E017197,BU001,Operations Analyst,Contractor
E017198,BU002,Systems Administrator,Employee
E017199,BU001,Security Analyst,Employee
E017200,BU006,Data Engineer,Employee
E017201,BU003,Operations Analyst,Contractor
E017202,BU004,Operations Analyst,Employee
E017203,BU001,Security Analyst,Contractor
E017204,BU001,Financial Advisor,Contractor
E017205,BU001,Network Engineer,Employee
E017206,BU002,Branch Manager,Employee
E017207,BU002,Software Engineer,Employee
E017208,BU002,Data Engineer,Contractor
E017209,BU005,Network Engineer,Employee
E017210,BU007,Systems Administrator,Employee
E017211,BU005,Systems Administrator,Employee
E017212,BU001,Customer Service Rep,Employee
E017213,BU003,Customer Service Rep,Employee
E017214,BU001,Customer Service Rep,Contractor
E017215,BU004,Operations Analyst,Contractor
E017216,BU001,Security Analyst,Employee
E017217,BU001,Network Engineer,Employee
E017218,BU008,Branch Manager,Employee
E017219,BU003,Risk Analyst,Employee
E017220,BU001,Security Analyst,Employee
E017221,BU001,Risk Analyst,Employee
E017222,BU002,Software Engineer,Employee
E017223,BU009,Data Engineer,Employee
E017224,BU003,Data Engineer,Contractor
E017225,BU010,Risk Analyst,Employee
E017226,BU001,Security Analyst,Contractor
E017227,BU003,Operations Analyst,Employee
E017228,BU006,Systems Administrator,Employee
E017229,BU002,Operations Analyst,Employee
E017230,BU001,Operations Analyst,Employee
E017231,BU003,Branch Manager,Employee
E017232,BU003,Network Engineer,Employee
E017233,BU004,Risk Analyst,Employee
E017234,BU005,Software Engineer,Employee
E017235,BU005,Software Engineer,Employee
E017236,BU004,Data Engineer,Employee
E017237,BU001,Security Analyst,Employee
E017238,BU001,Data Engineer,Employee
E017239,BU005,Software Engineer,Employee
E017240,BU009,Security Analyst,Employee
E017241,BU001,Data Engineer,Employee
E017242,BU002,Security Analyst,Employee
E017243,BU001,Branch Manager,Employee
E017244,BU001,Financial Advisor,Contractor
E017245,BU002,Network Engineer,Employee
E017246,BU003,Branch Manager,Employee
E017247,BU001,Data Engineer,Employee
E017248,BU006,Systems Administrator,Employee
E017249,BU006,Branch Manager,Employee
E017250,BU010,Network Engineer,Contractor
E017251,BU001,Risk Analyst,Employee
E017252,BU003,Risk Analyst,Employee
E017253,BU002,Financial Advisor,Employee
E017254,BU001,Software Engineer,Employee
E017255,BU003,Branch Manager,Employee
E017256,BU006,Software Engineer,Employee
E017257,BU001,Data Engineer,Employee
E017258,BU010,Network Engineer,Employee
E017259,BU006,Data Engineer,Employee
E017260,BU005,Security Analyst,Employee
E017261,BU005,Network Engineer,Employee
E017262,BU001,Branch Manager,Employee
E017263,BU005,Customer Service Rep,Employee
E017264,BU001,Network Engineer,Employee
E017265,BU009,Financial Advisor,Employee
E017266,BU001,Customer Service Rep,Employee
E017267,BU001,Risk Analyst,Employee
E017268,BU003,Operations Analyst,Employee
E017269,BU001,Security Analyst,Employee
E017270,BU002,Security Analyst,Employee
E017271,BU002,Financial Advisor,Employee
E017272,BU007,Operations Analyst,Employee
E017273,BU002,Risk Analyst,Contractor
E017274,BU001,Security Analyst,Contractor
E017275,BU001,Customer Service Rep,Employee
E017276,BU001,Network Engineer,Employee
E017277,BU002,Security Analyst,Employee
E017278,BU005,Network Engineer,Employee
E017279,BU001,Risk Analyst,Employee
E017280,BU001,Network Engineer,Employee
E017281,BU001,Network Engineer,Employee
E017282,BU001,Branch Manager,Employee
E017283,BU001,Customer Service Rep,Employee
E017284,BU006,Data Engineer,Employee
E017285,BU001,Branch Manager,Employee
E017286,BU002,Operations Analyst,Contractor
E017287,BU003,Network Engineer,Contractor
E017288,BU001,Data Engineer,Contractor
E017289,BU004,Data Engineer,Employee
E017290,BU003,Security Analyst,Employee
E017291,BU002,Risk Analyst,Employee
E017292,BU006,Operations Analyst,Employee
E017293,BU001,Branch Manager,Contractor
E017294,BU008,Operations Analyst,Employee
E017295,BU003,Software Engineer,Employee
E017296,BU003,Customer Service Rep,Employee
E017297,BU008,Risk Analyst,Employee
E017298,BU006,Risk Analyst,Employee
E017299,BU003,Branch Manager,Employee
E017300,BU005,Financial Advisor,Employee
E017301,BU002,Operations Analyst,Employee
E017302,BU003,Security Analyst,Contractor
E017303,BU001,Customer Service Rep,Employee
E017304,BU001,Customer Service Rep,Employee
E017305,BU007,Customer Service Rep,Employee
E017306,BU001,Data Engineer,Employee
E017307,BU001,Risk Analyst,Employee
E017308,BU006,Network Engineer,Employee
E017309,BU001,Network Engineer,Employee
E017310,BU001,Customer Service Rep,Employee
E017311,BU003,Customer Service Rep,Employee
E017312,BU003,Data Engineer,Employee
E017313,BU005,Network Engineer,Employee
E017314,BU002,Network Engineer,Contractor
E017315,BU002,Risk Analyst,Contractor
E017316,BU004,Financial Advisor,Employee
E017317,BU002,Branch Manager,Employee
E017318,BU003,Risk Analyst,Contractor
E017319,BU009,Branch Manager,Employee
E017320,BU001,Security Analyst,Employee
E017321,BU001,Data Engineer,Employee
E017322,BU001,Security Analyst,Employee
E017323,BU003,Network Engineer,Employee
E017324,BU001,Risk Analyst,Employee
E017325,BU002,Customer Service Rep,Employee
E017326,BU006,Risk Analyst,Employee
E017327,BU003,Operations Analyst,Employee
E017328,BU001,Data Engineer,Employee
E017329,BU006,Data Engineer,Employee
E017330,BU001,Branch Manager,Employee
E017331,BU004,Systems Administrator,Employee
E017332,BU003,Operations Analyst,Employee
E017333,BU001,Operations Analyst,Employee
E017334,BU009,Operations Analyst,Contractor
E017335,BU001,Operations Analyst,Employee
E017336,BU010,Financial Advisor,Employee
E017337,BU001,Operations Analyst,Employee
E017338,BU001,Financial Advisor,Employee
E017339,BU001,Financial Advisor,Employee
E017340,BU001,Software Engineer,Employee
E017341,BU004,Risk Analyst,Employee
E017342,BU004,Security Analyst,Employee
E017343,BU006,Systems Administrator,Employee
E017344,BU001,Security Analyst,Employee
E017345,BU002,Security Analyst,Employee
E017346,BU003,Branch Manager,Employee
E017347,BU002,Risk Analyst,Employee
E017348,BU004,Branch Manager,Employee
E017349,BU003,Customer Service Rep,Employee
E017350,BU001,Risk Analyst,Contractor
E017351,BU006,Network Engineer,Employee
E017352,BU004,Operations Analyst,Employee
E017353,BU003,Branch Manager,Contractor
E017354,BU001,Financial Advisor,Employee
E017355,BU001,Branch Manager,Contractor
E017356,BU001,Data Engineer,Employee
E017357,BU001,Software Engineer,Employee
E017358,BU001,Security Analyst,Employee
E017359,BU006,Risk Analyst,Employee
E017360,BU003,Software Engineer,Employee
E017361,BU003,Financial Advisor,Employee
E017362,BU001,Software Engineer,Employee
E017363,BU009,Financial Advisor,Contractor
E017364,BU001,Systems Administrator,Employee
E017365,BU006,Branch Manager,Employee
E017366,BU010,Customer Service Rep,Employee
E017367,BU004,Security Analyst,Employee
E017368,BU010,Financial Advisor,Employee
E017369,BU003,Software Engineer,Employee
E017370,BU001,Branch Manager,Employee
E017371,BU001,Financial Advisor,Employee
E017372,BU001,Branch Manager,Employee
E017373,BU001,Operations Analyst,Employee
E017374,BU004,Data Engineer,Employee
E017375,BU001,Branch Manager,Employee
E017376,BU006,Risk Analyst,Contractor
E017377,BU001,Network Engineer,Employee
E017378,BU002,Security Analyst,Employee
E017379,BU010,Risk Analyst,Employee
E017380,BU001,Operations Analyst,Employee
E017381,BU004,Security Analyst,Employee
E017382,BU005,Financial Advisor,Employee
E017383,BU001,Network Engineer,Employee
E017384,BU002,Network Engineer,Employee
E017385,BU001,Network Engineer,Contractor
E017386,BU005,Security Analyst,Contractor
E017387,BU003,Software Engineer,Employee
E017388,BU002,Systems Administrator,Employee
E017389,BU005,Customer Service Rep,Employee
E017390,BU001,Network Engineer,Employee
E017391,BU005,Risk Analyst,Employee
E017392,BU008,Data Engineer,Employee
E017393,BU008,Software Engineer,Employee
E017394,BU006,Customer Service Rep,Employee
E017395,BU001,Network Engineer,Employee
E017396,BU010,Customer Service Rep,Employee
E017397,BU001,Customer Service Rep,Contractor
E017398,BU003,Risk Analyst,Employee
E017399,BU001,Customer Service Rep,Employee
E017400,BU010,Operations Analyst,Employee
E017401,BU004,Financial Advisor,Employee
E017402,BU005,Financial Advisor,Employee
E017403,BU001,Customer Service Rep,Employee
E017404,BU005,Operations Analyst,Employee
E017405,BU005,Financial Advisor,Employee
E017406,BU004,Risk Analyst,Employee
E017407,BU001,Financial Advisor,Contractor
E017408,BU002,Data Engineer,Employee
E017409,BU001,Network Engineer,Employee
E017410,BU002,Branch Manager,Employee
E017411,BU001,Branch Manager,Employee
E017412,BU001,Operations Analyst,Employee
E017413,BU001,Customer Service Rep,Employee
E017414,BU001,Branch Manager,Employee
E017415,BU001,Branch Manager,Employee
E017416,BU009,Operations Analyst,Employee
E017417,BU002,Software Engineer,Employee
E017418,BU001,Operations Analyst,Employee
E017419,BU002,Financial Advisor,Employee
E017420,BU003,Branch Manager,Employee
E017421,BU009,Financial Advisor,Employee
E017422,BU001,Branch Manager,Contractor
E017423,BU001,Financial Advisor,Employee
E017424,BU010,Software Engineer,Employee
E017425,BU001,Security Analyst,Employee
E017426,BU001,Financial Advisor,Employee
E017427,BU001,Financial Advisor,Employee
E017428,BU001,Risk Analyst,Employee
E017429,BU010,Risk Analyst,Employee
E017430,BU001,Systems Administrator,Employee
E017431,BU009,Operations Analyst,Employee
E017432,BU010,Software Engineer,Contractor
E017433,BU003,Operations Analyst,Employee
E017434,BU001,Data Engineer,Employee
E017435,BU001,Risk Analyst,Employee
E017436,BU002,Branch Manager,Contractor
E017437,BU001,Network Engineer,Employee
E017438,BU003,Network Engineer,Employee
E017439,BU002,Operations Analyst,Employee
E017440,BU009,Branch Manager,Employee
E017441,BU002,Branch Manager,Contractor
E017442,BU004,Risk Analyst,Employee
E017443,BU009,Network Engineer,Contractor
E017444,BU001,Software Engineer,Employee
E017445,BU001,Risk Analyst,Employee
E017446,BU001,Data Engineer,Employee
E017447,BU001,Financial Advisor,Employee
E017448,BU002,Customer Service Rep,Employee
E017449,BU001,Risk Analyst,Employee
E017450,BU002,Software Engineer,Employee
E017451,BU010,Network Engineer,Employee
E017452,BU001,Branch Manager,Employee
E017453,BU003,Risk Analyst,Employee
E017454,BU001,Risk Analyst,Contractor
E017455,BU001,Operations Analyst,Employee
E017456,BU002,Systems Administrator,Employee
E017457,BU009,Systems Administrator,Employee
E017458,BU001,Systems Administrator,Employee
E017459,BU001,Data Engineer,Employee
E017460,BU001,Branch Manager,Employee
E017461,BU001,Software Engineer,Employee
E017462,BU001,Operations Analyst,Employee
E017463,BU003,Branch Manager,Employee
E017464,BU001,Data Engineer,Employee
E017465,BU002,Software Engineer,Employee
E017466,BU003,Security Analyst,Employee
E017467,BU002,Branch Manager,Employee
E017468,BU001,Security Analyst,Employee
E017469,BU010,Security Analyst,Employee
E017470,BU001,Branch Manager,Employee
E017471,BU005,Risk Analyst,Contractor
E017472,BU001,Risk Analyst,Employee
E017473,BU002,Systems Administrator,Employee
E017474,BU001,Branch Manager,Contractor
E017475,BU001,Network Engineer,Employee
E017476,BU001,Network Engineer,Employee
E017477,BU001,Risk Analyst,Employee
E017478,BU008,Branch Manager,Employee
E017479,BU004,Security Analyst,Employee
E017480,BU001,Security Analyst,Employee
E017481,BU003,Network Engineer,Employee
E017482,BU009,Systems Administrator,Contractor
E017483,BU004,Branch Manager,Employee
E017484,BU001,Operations Analyst,Employee
E017485,BU008,Security Analyst,Employee
E017486,BU001,Data Engineer,Employee
E017487,BU002,Software Engineer,Contractor
E017488,BU002,Data Engineer,Employee
E017489,BU007,Data Engineer,Employee
E017490,BU009,Operations Analyst,Employee
E017491,BU009,Financial Advisor,Employee
E017492,BU001,Software Engineer,Employee
E017493,BU009,Software Engineer,Employee
E017494,BU001,Security Analyst,Employee
E017495,BU001,Data Engineer,Employee
E017496,BU002,Systems Administrator,Employee
E017497,BU002,Operations Analyst,Employee
E017498,BU003,Customer Service Rep,Employee
E017499,BU002,Risk Analyst,Employee
E017500,BU009,Security Analyst,Employee
E017501,BU001,Security Analyst,Employee
E017502,BU001,Operations Analyst,Employee
E017503,BU009,Data Engineer,Employee
E017504,BU001,Data Engineer,Employee
E017505,BU003,Financial Advisor,Contractor
E017506,BU004,Customer Service Rep,Employee
E017507,BU002,Risk Analyst,Employee
E017508,BU004,Systems Administrator,Employee
E017509,BU001,Security Analyst,Employee
E017510,BU007,Software Engineer,Employee
E017511,BU001,Data Engineer,Employee
E017512,BU001,Operations Analyst,Employee
E017513,BU001,Data Engineer,Employee
E017514,BU003,Operations Analyst,Employee
E017515,BU004,Software Engineer,Contractor
E017516,BU009,Customer Service Rep,Employee
E017517,BU004,Systems Administrator,Employee
E017518,BU003,Software Engineer,Employee
E017519,BU009,Software Engineer,Employee
E017520,BU002,Operations Analyst,Employee
E017521,BU003,Financial Advisor,Employee
E017522,BU003,Security Analyst,Employee
E017523,BU001,Systems Administrator,Employee
E017524,BU007,Risk Analyst,Employee
E017525,BU001,Data Engineer,Employee
E017526,BU003,Systems Administrator,Employee
E017527,BU004,Risk Analyst,Employee
E017528,BU009,Software Engineer,Employee
E017529,BU008,Operations Analyst,Employee
E017530,BU002,Network Engineer,Employee
E017531,BU003,Operations Analyst,Employee
E017532,BU001,Operations Analyst,Employee
E017533,BU002,Systems Administrator,Employee
E017534,BU009,Systems Administrator,Employee
E017535,BU009,Systems Administrator,Employee
E017536,BU009,Software Engineer,Employee
E017537,BU001,Operations Analyst,Employee
E017538,BU007,Systems Administrator,Employee
E017539,BU009,Network Engineer,Employee
E017540,BU001,Customer Service Rep,Employee
E017541,BU002,Risk Analyst,Employee
E017542,BU005,Network Engineer,Employee
E017543,BU003,Financial Advisor,Employee
E017544,BU010,Operations Analyst,Employee
E017545,BU002,Operations Analyst,Contractor
E017546,BU004,Network Engineer,Employee
E017547,BU006,Operations Analyst,Employee
E017548,BU002,Operations Analyst,Contractor
E017549,BU007,Data Engineer,Employee
E017550,BU003,Risk Analyst,Contractor
E017551,BU001,Systems Administrator,Employee
E017552,BU001,Network Engineer,Employee
E017553,BU001,Software Engineer,Employee
E017554,BU004,Customer Service Rep,Employee
E017555,BU009,Software Engineer,Contractor
E017556,BU001,Risk Analyst,Employee
E017557,BU001,Financial Advisor,Employee
E017558,BU001,Network Engineer,Contractor
E017559,BU004,Software Engineer,Employee
E017560,BU010,Financial Advisor,Employee
E017561,BU003,Data Engineer,Employee
E017562,BU003,Customer Service Rep,Employee
E017563,BU003,Operations Analyst,Employee
E017564,BU001,Software Engineer,Employee
E017565,BU004,Network Engineer,Contractor
E017566,BU003,Customer Service Rep,Employee
E017567,BU004,Operations Analyst,Contractor
E017568,BU009,Systems Administrator,Employee
E017569,BU006,Data Engineer,Employee
E017570,BU006,Financial Advisor,Employee
E017571,BU009,Data Engineer,Employee
E017572,BU010,Operations Analyst,Contractor
E017573,BU003,Network Engineer,Employee
E017574,BU001,Financial Advisor,Employee
E017575,BU002,Security Analyst,Employee
E017576,BU006,Network Engineer,Employee
E017577,BU001,Software Engineer,Employee
E017578,BU001,Data Engineer,Employee
E017579,BU001,Operations Analyst,Employee
E017580,BU004,Software Engineer,Employee
E017581,BU002,Customer Service Rep,Employee
E017582,BU001,Risk Analyst,Employee
E017583,BU001,Branch Manager,Employee
E017584,BU004,Security Analyst,Contractor
E017585,BU001,Software Engineer,Employee
E017586,BU001,Risk Analyst,Employee
E017587,BU003,Financial Advisor,Employee
E017588,BU003,Network Engineer,Employee
E017589,BU001,Financial Advisor,Employee
E017590,BU003,Operations Analyst,Employee
E017591,BU001,Network Engineer,Employee
E017592,BU006,Customer Service Rep,Contractor
E017593,BU001,Financial Advisor,Employee
E017594,BU001,Security Analyst,Employee
E017595,BU006,Network Engineer,Employee
E017596,BU004,Financial Advisor,Employee
E017597,BU001,Security Analyst,Employee
E017598,BU001,Risk Analyst,Employee
E017599,BU007,Customer Service Rep,Employee
E017600,BU005,Customer Service Rep,Contractor
E017601,BU001,Network Engineer,Employee
E017602,BU003,Security Analyst,Employee
E017603,BU001,Data Engineer,Employee
E017604,BU002,Customer Service Rep,Employee
E017605,BU001,Operations Analyst,Employee
E017606,BU001,Data Engineer,Employee
E017607,BU001,Financial Advisor,Employee
E017608,BU002,Risk Analyst,Employee
E017609,BU002,Customer Service Rep,Employee
E017610,BU002,Risk Analyst,Employee
E017611,BU001,Customer Service Rep,Employee
E017612,BU001,Branch Manager,Employee
E017613,BU005,Operations Analyst,Employee
E017614,BU001,Systems Administrator,Employee
E017615,BU004,Systems Administrator,Employee
E017616,BU001,Software Engineer,Contractor
E017617,BU002,Customer Service Rep,Employee
E017618,BU003,Operations Analyst,Employee
E017619,BU009,Financial Advisor,Employee
E017620,BU001,Systems Administrator,Employee
E017621,BU001,Software Engineer,Employee
E017622,BU003,Data Engineer,Contractor
E017623,BU009,Risk Analyst,Employee
E017624,BU010,Data Engineer,Employee
E017625,BU002,Operations Analyst,Employee
E017626,BU002,Security Analyst,Employee
E017627,BU003,Customer Service Rep,Employee
E017628,BU003,Systems Administrator,Employee
E017629,BU003,Systems Administrator,Employee
E017630,BU008,Data Engineer,Employee
E017631,BU005,Systems Administrator,Employee
E017632,BU002,Data Engineer,Employee
E017633,BU002,Customer Service Rep,Employee
E017634,BU003,Data Engineer,Employee
E017635,BU002,Branch Manager,Employee
E017636,BU002,Financial Advisor,Employee
E017637,BU001,Network Engineer,Employee
E017638,BU001,Software Engineer,Employee
E017639,BU002,Security Analyst,Employee
E017640,BU007,Financial Advisor,Employee
E017641,BU001,Network Engineer,Contractor
E017642,BU002,Customer Service Rep,Employee
E017643,BU001,Security Analyst,Employee
E017644,BU001,Financial Advisor,Employee
E017645,BU009,Systems Administrator,Employee
E017646,BU007,Customer Service Rep,Employee
E017647,BU001,Network Engineer,Employee
E017648,BU004,Software Engineer,Contractor
E017649,BU001,Systems Administrator,Employee
E017650,BU010,Customer Service Rep,Contractor
E017651,BU001,Financial Advisor,Employee
E017652,BU001,Financial Advisor,Employee
E017653,BU003,Software Engineer,Employee
E017654,BU007,Branch Manager,Employee
E017655,BU001,Systems Administrator,Employee
E017656,BU004,Systems Administrator,Employee
E017657,BU001,Software Engineer,Employee
E017658,BU009,Security Analyst,Employee
E017659,BU001,Data Engineer,Employee
E017660,BU009,Operations Analyst,Employee
E017661,BU002,Software Engineer,Employee
E017662,BU002,Network Engineer,Employee
E017663,BU010,Operations Analyst,Contractor
E017664,BU010,Operations Analyst,Employee
E017665,BU003,Security Analyst,Employee
E017666,BU001,Customer Service Rep,Employee
E017667,BU002,Branch Manager,Employee
E017668,BU002,Systems Administrator,Employee
E017669,BU002,Customer Service Rep,Contractor
E017670,BU003,Security Analyst,Employee
E017671,BU001,Data Engineer,Employee
E017672,BU004,Customer Service Rep,Employee
E017673,BU004,Data Engineer,Employee
E017674,BU001,Customer Service Rep,Employee
E017675,BU003,Systems Administrator,Employee
E017676,BU003,Security Analyst,Employee
E017677,BU004,Customer Service Rep,Contractor
E017678,BU001,Systems Administrator,Employee
E017679,BU003,Systems Administrator,Employee
E017680,BU001,Branch Manager,Employee
E017681,BU002,Risk Analyst,Employee
E017682,BU005,Security Analyst,Contractor
E017683,BU004,Software Engineer,Employee
E017684,BU001,Network Engineer,Employee
E017685,BU003,Software Engineer,Employee
E017686,BU010,Security Analyst,Employee
E017687,BU001,Operations Analyst,Employee
E017688,BU007,Customer Service Rep,Employee
E017689,BU004,Customer Service Rep,Contractor
E017690,BU005,Financial Advisor,Employee
E017691,BU001,Software Engineer,Employee
E017692,BU001,Systems Administrator,Employee
E017693,BU009,Data Engineer,Contractor
E017694,BU001,Operations Analyst,Employee
E017695,BU001,Operations Analyst,Employee
E017696,BU003,Network Engineer,Employee
E017697,BU001,Systems Administrator,Contractor
E017698,BU006,Software Engineer,Employee
E017699,BU003,Operations Analyst,Employee
E017700,BU008,Risk Analyst,Employee
E017701,BU006,Network Engineer,Contractor
E017702,BU001,Branch Manager,Employee
E017703,BU001,Security Analyst,Employee
E017704,BU005,Software Engineer,Employee
E017705,BU001,Network Engineer,Employee
E017706,BU010,Customer Service Rep,Employee
E017707,BU004,Financial Advisor,Contractor
E017708,BU001,Branch Manager,Employee
E017709,BU008,Customer Service Rep,Employee
E017710,BU001,Data Engineer,Employee
E017711,BU001,Customer Service Rep,Employee
E017712,BU004,Systems Administrator,Employee
E017713,BU008,Systems Administrator,Employee
E017714,BU002,Systems Administrator,Employee
E017715,BU001,Financial Advisor,Employee
E017716,BU001,Financial Advisor,Employee
E017717,BU001,Operations Analyst,Employee
E017718,BU001,Network Engineer,Employee
E017719,BU001,Software Engineer,Employee
E017720,BU003,Systems Administrator,Employee
E017721,BU009,Security Analyst,Employee
E017722,BU001,Financial Advisor,Contractor
E017723,BU001,Risk Analyst,Employee
E017724,BU007,Risk Analyst,Employee
E017725,BU005,Financial Advisor,Employee
E017726,BU009,Systems Administrator,Employee
E017727,BU001,Data Engineer,Employee
E017728,BU001,Software Engineer,Contractor
E017729,BU003,Security Analyst,Employee
E017730,BU003,Operations Analyst,Employee
E017731,BU002,Risk Analyst,Contractor
E017732,BU003,Risk Analyst,Employee
E017733,BU001,Data Engineer,Employee
E017734,BU002,Data Engineer,Employee
E017735,BU003,Financial Advisor,Employee
E017736,BU002,Risk Analyst,Employee
E017737,BU004,Branch Manager,Employee
E017738,BU002,Financial Advisor,Employee
E017739,BU001,Network Engineer,Contractor
E017740,BU001,Network Engineer,Employee
E017741,BU001,Data Engineer,Employee
E017742,BU001,Systems Administrator,Contractor
E017743,BU004,Software Engineer,Employee
E017744,BU007,Security Analyst,Employee
E017745,BU001,Software Engineer,Employee
E017746,BU001,Operations Analyst,Employee
E017747,BU010,Systems Administrator,Employee
E017748,BU001,Data Engineer,Employee
E017749,BU001,Operations Analyst,Employee
E017750,BU001,Systems Administrator,Employee
E017751,BU004,Financial Advisor,Employee
E017752,BU001,Financial Advisor,Employee
E017753,BU003,Operations Analyst,Employee
E017754,BU001,Network Engineer,Employee
E017755,BU001,Branch Manager,Employee
E017756,BU001,Branch Manager,Employee
E017757,BU004,Branch Manager,Employee
E017758,BU003,Systems Administrator,Employee
E017759,BU001,Software Engineer,Employee
E017760,BU001,Systems Administrator,Employee
E017761,BU003,Branch Manager,Contractor
E017762,BU006,Software Engineer,Employee
E017763,BU001,Software Engineer,Employee
E017764,BU003,Customer Service Rep,Employee
E017765,BU001,Branch Manager,Employee
E017766,BU001,Security Analyst,Employee
E017767,BU001,Systems Administrator,Employee
E017768,BU005,Software Engineer,Employee
E017769,BU001,Customer Service Rep,Employee
E017770,BU006,Data Engineer,Employee
E017771,BU004,Risk Analyst,Employee
E017772,BU007,Network Engineer,Employee
E017773,BU001,Software Engineer,Employee
E017774,BU001,Data Engineer,Employee
E017775,BU010,Security Analyst,Employee
E017776,BU004,Data Engineer,Employee
E017777,BU007,Systems Administrator,Employee
E017778,BU001,Operations Analyst,Employee
E017779,BU001,Systems Administrator,Contractor
E017780,BU005,Security Analyst,Employee
E017781,BU001,Data Engineer,Contractor
E017782,BU003,Branch Manager,Employee
E017783,BU002,Software Engineer,Contractor
E017784,BU001,Financial Advisor,Employee
E017785,BU001,Customer Service Rep,Employee
E017786,BU001,Network Engineer,Employee
E017787,BU001,Network Engineer,Employee
E017788,BU003,Security Analyst,Employee
E017789,BU001,Operations Analyst,Employee
E017790,BU001,Data Engineer,Employee
E017791,BU009,Branch Manager,Employee
E017792,BU002,Systems Administrator,Employee
E017793,BU001,Systems Administrator,Employee
E017794,BU004,Security Analyst,Employee
E017795,BU009,Operations Analyst,Employee
E017796,BU001,Customer Service Rep,Employee
E017797,BU002,Risk Analyst,Employee
E017798,BU003,Systems Administrator,Employee
E017799,BU001,Branch Manager,Employee
E017800,BU005,Risk Analyst,Employee
E017801,BU010,Security Analyst,Employee
E017802,BU009,Operations Analyst,Employee
E017803,BU001,Branch Manager,Employee
E017804,BU001,Security Analyst,Employee
E017805,BU009,Network Engineer,Employee
E017806,BU002,Data Engineer,Employee
E017807,BU001,Systems Administrator,Employee
E017808,BU004,Software Engineer,Employee
E017809,BU001,Risk Analyst,Employee
E017810,BU001,Risk Analyst,Employee
E017811,BU008,Operations Analyst,Employee
E017812,BU001,Branch Manager,Employee
E017813,BU001,Risk Analyst,Employee
E017814,BU001,Financial Advisor,Employee
E017815,BU003,Customer Service Rep,Employee
E017816,BU001,Software Engineer,Contractor
E017817,BU002,Software Engineer,Employee
E017818,BU003,Risk Analyst,Employee
E017819,BU007,Software Engineer,Employee
E017820,BU001,Data Engineer,Employee
E017821,BU006,Systems Administrator,Employee
E017822,BU001,Software Engineer,Employee
E017823,BU004,Branch Manager,Employee
E017824,BU002,Customer Service Rep,Employee
E017825,BU001,Financial Advisor,Employee
E017826,BU004,Software Engineer,Employee
E017827,BU001,Data Engineer,Employee
E017828,BU001,Operations Analyst,Employee
E017829,BU001,Operations Analyst,Employee
E017830,BU003,Financial Advisor,Employee
E017831,BU001,Branch Manager,Employee
E017832,BU001,Security Analyst,Employee
E017833,BU001,Security Analyst,Employee
E017834,BU002,Software Engineer,Employee
E017835,BU002,Network Engineer,Employee
E017836,BU001,Software Engineer,Employee
E017837,BU001,Financial Advisor,Employee
E017838,BU002,Network Engineer,Employee
E017839,BU006,Systems Administrator,Contractor
E017840,BU004,Branch Manager,Employee
E017841,BU008,Risk Analyst,Employee
E017842,BU001,Customer Service Rep,Employee
E017843,BU010,Financial Advisor,Contractor
E017844,BU001,Data Engineer,Employee
E017845,BU010,Financial Advisor,Employee
E017846,BU001,Financial Advisor,Employee
E017847,BU002,Security Analyst,Employee
E017848,BU001,Software Engineer,Employee
E017849,BU001,Operations Analyst,Employee
E017850,BU007,Customer Service Rep,Employee
E017851,BU005,Data Engineer,Contractor
E017852,BU010,Customer Service Rep,Employee
E017853,BU003,Operations Analyst,Employee
E017854,BU002,Security Analyst,Employee
E017855,BU001,Financial Advisor,Employee
E017856,BU010,Customer Service Rep,Employee
E017857,BU003,Financial Advisor,Employee
E017858,BU004,Financial Advisor,Employee
E017859,BU001,Branch Manager,Employee
E017860,BU003,Financial Advisor,Contractor
E017861,BU009,Financial Advisor,Employee
E017862,BU001,Software Engineer,Employee
E017863,BU001,Security Analyst,Employee
E017864,BU001,Risk Analyst,Contractor
E017865,BU006,Branch Manager,Contractor
E017866,BU001,Branch Manager,Employee
E017867,BU001,Systems Administrator,Employee
E017868,BU001,Branch Manager,Employee
E017869,BU002,Data Engineer,Employee
E017870,BU001,Branch Manager,Contractor
E017871,BU001,Security Analyst,Employee
E017872,BU009,Data Engineer,Employee
E017873,BU009,Systems Administrator,Employee
E017874,BU001,Software Engineer,Employee
E017875,BU004,Security Analyst,Employee
E017876,BU003,Risk Analyst,Employee
E017877,BU001,Risk Analyst,Employee
E017878,BU001,Branch Manager,Employee
E017879,BU002,Network Engineer,Contractor
E017880,BU001,Software Engineer,Employee
E017881,BU001,Operations Analyst,Employee
E017882,BU006,Security Analyst,Employee
E017883,BU002,Network Engineer,Employee
E017884,BU003,Branch Manager,Employee
E017885,BU001,Branch Manager,Employee
E017886,BU002,Branch Manager,Contractor
E017887,BU001,Customer Service Rep,Employee
E017888,BU002,Operations Analyst,Employee
E017889,BU006,Customer Service Rep,Employee
E017890,BU005,Risk Analyst,Employee
E017891,BU001,Data Engineer,Employee
E017892,BU004,Branch Manager,Employee
E017893,BU009,Network Engineer,Employee
E017894,BU003,Operations Analyst,Employee
E017895,BU001,Customer Service Rep,Employee
E017896,BU004,Financial Advisor,Employee
E017897,BU001,Software Engineer,Employee
E017898,BU008,Financial Advisor,Employee
E017899,BU002,Financial Advisor,Employee
E017900,BU001,Risk Analyst,Employee
E017901,BU001,Software Engineer,Employee
E017902,BU001,Security Analyst,Employee
E017903,BU009,Branch Manager,Employee
E017904,BU001,Systems Administrator,Employee
E017905,BU002,Branch Manager,Employee
E017906,BU009,Data Engineer,Employee
E017907,BU001,Network Engineer,Employee
E017908,BU002,Branch Manager,Employee
E017909,BU003,Risk Analyst,Employee
E017910,BU002,Risk Analyst,Employee
E017911,BU001,Systems Administrator,Employee
E017912,BU001,Customer Service Rep,Employee
E017913,BU003,Customer Service Rep,Contractor
E017914,BU009,Risk Analyst,Employee
E017915,BU001,Software Engineer,Contractor
E017916,BU001,Systems Administrator,Contractor
E017917,BU001,Operations Analyst,Contractor
E017918,BU006,Customer Service Rep,Employee
E017919,BU001,Software Engineer,Employee
E017920,BU008,Customer Service Rep,Employee
E017921,BU001,Financial Advisor,Employee
E017922,BU009,Customer Service Rep,Contractor
E017923,BU003,Security Analyst,Contractor
E017924,BU003,Data Engineer,Contractor
E017925,BU001,Data Engineer,Employee
E017926,BU006,Security Analyst,Employee
E017927,BU001,Security Analyst,Employee
E017928,BU001,Network Engineer,Employee
E017929,BU001,Data Engineer,Contractor
E017930,BU007,Network Engineer,Employee
E017931,BU005,Branch Manager,Contractor
E017932,BU002,Financial Advisor,Employee
E017933,BU003,Financial Advisor,Employee
E017934,BU001,Customer Service Rep,Employee
E017935,BU007,Systems Administrator,Employee
E017936,BU006,Financial Advisor,Contractor
E017937,BU003,Software Engineer,Employee
E017938,BU002,Financial Advisor,Employee
E017939,BU010,Network Engineer,Employee
E017940,BU008,Software Engineer,Employee
E017941,BU003,Data Engineer,Employee
E017942,BU001,Network Engineer,Employee
E017943,BU003,Software Engineer,Employee
E017944,BU003,Systems Administrator,Employee
E017945,BU001,Risk Analyst,Employee
E017946,BU001,Systems Administrator,Employee
E017947,BU001,Data Engineer,Employee
E017948,BU003,Branch Manager,Employee
E017949,BU002,Security Analyst,Employee
E017950,BU001,Data Engineer,Employee
E017951,BU005,Data Engineer,Employee
E017952,BU002,Financial Advisor,Employee
E017953,BU001,Operations Analyst,Employee
E017954,BU001,Customer Service Rep,Employee
E017955,BU008,Branch Manager,Employee
E017956,BU005,Risk Analyst,Employee
E017957,BU001,Data Engineer,Employee
E017958,BU009,Operations Analyst,Employee
E017959,BU001,Software Engineer,Employee
E017960,BU010,Network Engineer,Employee
E017961,BU001,Software Engineer,Employee
E017962,BU001,Customer Service Rep,Employee
E017963,BU002,Risk Analyst,Contractor
E017964,BU001,Security Analyst,Employee
E017965,BU002,Software Engineer,Employee
E017966,BU006,Security Analyst,Employee
E017967,BU007,Risk Analyst,Employee
E017968,BU001,Customer Service Rep,Employee
E017969,BU002,Software Engineer,Employee
E017970,BU001,Systems Administrator,Employee
E017971,BU001,Network Engineer,Employee
E017972,BU003,Data Engineer,Employee
E017973,BU001,Operations Analyst,Employee
E017974,BU004,Operations Analyst,Employee
E017975,BU002,Network Engineer,Employee
E017976,BU001,Software Engineer,Employee
E017977,BU002,Security Analyst,Employee
E017978,BU001,Financial Advisor,Employee
E017979,BU002,Financial Advisor,Employee
E017980,BU006,Data Engineer,Employee
E017981,BU002,Systems Administrator,Employee
E017982,BU001,Financial Advisor,Contractor
E017983,BU004,Operations Analyst,Employee
E017984,BU001,Customer Service Rep,Employee
E017985,BU004,Data Engineer,Employee
E017986,BU002,Operations Analyst,Employee
E017987,BU002,Systems Administrator,Employee
E017988,BU007,Financial Advisor,Employee
E017989,BU004,Network Engineer,Employee
E017990,BU001,Financial Advisor,Employee
E017991,BU001,Customer Service Rep,Employee
E017992,BU008,Operations Analyst,Employee
E017993,BU001,Software Engineer,Employee
E017994,BU003,Financial Advisor,Employee
E017995,BU004,Network Engineer,Employee
E017996,BU003,Security Analyst,Employee
E017997,BU005,Financial Advisor,Employee
E017998,BU004,Systems Administrator,Employee
E017999,BU004,Branch Manager,Employee
E018000,BU007,Data Engineer,Employee
E018001,BU003,Customer Service Rep,Employee
E018002,BU001,Branch Manager,Contractor
E018003,BU002,Network Engineer,Employee
E018004,BU004,Operations Analyst,Employee
E018005,BU008,Software Engineer,Employee
E018006,BU001,Data Engineer,Employee
E018007,BU001,Customer Service Rep,Employee
E018008,BU009,Security Analyst,Employee
E018009,BU003,Operations Analyst,Employee
E018010,BU001,Financial Advisor,Employee
E018011,BU004,Network Engineer,Employee
E018012,BU010,Branch Manager,Employee
E018013,BU007,Operations Analyst,Employee
E018014,BU005,Branch Manager,Employee
E018015,BU001,Network Engineer,Employee
E018016,BU008,Branch Manager,Employee
E018017,BU002,Risk Analyst,Contractor
E018018,BU008,Risk Analyst,Contractor
E018019,BU001,Security Analyst,Contractor
E018020,BU001,Security Analyst,Contractor
E018021,BU002,Software Engineer,Employee
E018022,BU001,Software Engineer,Employee
E018023,BU004,Data Engineer,Employee
E018024,BU009,Risk Analyst,Employee
E018025,BU004,Financial Advisor,Employee
E018026,BU008,Software Engineer,Employee
E018027,BU002,Operations Analyst,Contractor
E018028,BU005,Data Engineer,Employee
E018029,BU007,Network Engineer,Employee
E018030,BU004,Data Engineer,Employee
E018031,BU002,Risk Analyst,Employee
E018032,BU003,Systems Administrator,Employee
E018033,BU004,Financial Advisor,Employee
E018034,BU001,Systems Administrator,Contractor
E018035,BU006,Systems Administrator,Employee
E018036,BU009,Operations Analyst,Employee
E018037,BU002,Branch Manager,Employee
E018038,BU004,Network Engineer,Contractor
E018039,BU004,Financial Advisor,Employee
E018040,BU004,Branch Manager,Employee
E018041,BU003,Branch Manager,Employee
E018042,BU008,Data Engineer,Employee
E018043,BU002,Operations Analyst,Employee
E018044,BU001,Operations Analyst,Contractor
E018045,BU007,Customer Service Rep,Employee
E018046,BU004,Customer Service Rep,Employee
E018047,BU007,Software Engineer,Employee
E018048,BU001,Operations Analyst,Employee
E018049,BU001,Network Engineer,Employee
E018050,BU009,Security Analyst,Employee
E018051,BU001,Operations Analyst,Employee
E018052,BU006,Network Engineer,Employee
E018053,BU007,Risk Analyst,Employee
E018054,BU004,Network Engineer,Employee
E018055,BU001,Software Engineer,Employee
E018056,BU004,Risk Analyst,Employee
E018057,BU008,Risk Analyst,Employee
E018058,BU002,Financial Advisor,Contractor
E018059,BU001,Operations Analyst,Employee
E018060,BU002,Security Analyst,Employee
E018061,BU001,Branch Manager,Employee
E018062,BU009,Customer Service Rep,Employee
E018063,BU008,Security Analyst,Employee
E018064,BU010,Security Analyst,Employee
E018065,BU003,Systems Administrator,Employee
E018066,BU005,Security Analyst,Contractor
E018067,BU001,Security Analyst,Employee
E018068,BU004,Customer Service Rep,Employee
E018069,BU003,Financial Advisor,Employee
E018070,BU009,Network Engineer,Employee
E018071,BU007,Financial Advisor,Employee
E018072,BU009,Customer Service Rep,Employee
E018073,BU008,Systems Administrator,Employee
E018074,BU008,Customer Service Rep,Contractor
E018075,BU001,Customer Service Rep,Employee
E018076,BU007,Customer Service Rep,Contractor
E018077,BU003,Software Engineer,Employee
E018078,BU001,Network Engineer,Employee
E018079,BU001,Systems Administrator,Employee
E018080,BU004,Data Engineer,Employee
E018081,BU001,Software Engineer,Employee
E018082,BU002,Customer Service Rep,Employee
E018083,BU004,Security Analyst,Employee
E018084,BU009,Customer Service Rep,Employee
E018085,BU007,Security Analyst,Contractor
E018086,BU002,Operations Analyst,Employee
E018087,BU001,Software Engineer,Employee
E018088,BU001,Data Engineer,Employee
E018089,BU001,Branch Manager,Employee
E018090,BU001,Customer Service Rep,Contractor
E018091,BU010,Security Analyst,Contractor
E018092,BU003,Branch Manager,Employee
E018093,BU001,Financial Advisor,Contractor
E018094,BU001,Customer Service Rep,Employee
E018095,BU003,Operations Analyst,Employee
E018096,BU002,Data Engineer,Employee
E018097,BU001,Software Engineer,Employee
E018098,BU009,Software Engineer,Employee
E018099,BU001,Software Engineer,Employee
E018100,BU001,Software Engineer,Employee
E018101,BU001,Software Engineer,Contractor
E018102,BU003,Systems Administrator,Employee
E018103,BU001,Customer Service Rep,Employee
E018104,BU001,Software Engineer,Employee
E018105,BU001,Network Engineer,Employee
E018106,BU003,Network Engineer,Employee
E018107,BU001,Branch Manager,Employee
E018108,BU001,Operations Analyst,Employee
E018109,BU001,Risk Analyst,Employee
E018110,BU001,Network Engineer,Employee
E018111,BU002,Systems Administrator,Employee
E018112,BU001,Customer Service Rep,Employee
E018113,BU001,Systems Administrator,Employee
E018114,BU002,Data Engineer,Contractor
E018115,BU001,Risk Analyst,Employee
E018116,BU001,Branch Manager,Employee
E018117,BU002,Data Engineer,Contractor
E018118,BU009,Financial Advisor,Employee
E018119,BU004,Risk Analyst,Employee
E018120,BU006,Branch Manager,Contractor
E018121,BU008,Systems Administrator,Employee
E018122,BU010,Financial Advisor,Employee
E018123,BU005,Branch Manager,Employee
E018124,BU003,Financial Advisor,Employee
E018125,BU001,Customer Service Rep,Contractor
E018126,BU001,Operations Analyst,Employee
E018127,BU004,Security Analyst,Employee
E018128,BU010,Financial Advisor,Employee
E018129,BU002,Network Engineer,Employee
E018130,BU004,Operations Analyst,Contractor
E018131,BU002,Systems Administrator,Employee
E018132,BU002,Network Engineer,Employee
E018133,BU001,Network Engineer,Employee
E018134,BU002,Operations Analyst,Contractor
E018135,BU001,Branch Manager,Employee
E018136,BU005,Software Engineer,Employee
E018137,BU008,Software Engineer,Employee
E018138,BU008,Data Engineer,Employee
E018139,BU001,Operations Analyst,Contractor
E018140,BU009,Data Engineer,Contractor
E018141,BU001,Security Analyst,Contractor
E018142,BU001,Software Engineer,Employee
E018143,BU004,Branch Manager,Contractor
E018144,BU001,Data Engineer,Employee
E018145,BU001,Branch Manager,Employee
E018146,BU001,Financial Advisor,Employee
E018147,BU004,Security Analyst,Employee
E018148,BU001,Operations Analyst,Employee
E018149,BU003,Data Engineer,Contractor
E018150,BU004,Network Engineer,Contractor
E018151,BU004,Branch Manager,Employee
E018152,BU009,Systems Administrator,Employee
E018153,BU002,Security Analyst,Employee
E018154,BU001,Systems Administrator,Employee
E018155,BU001,Software Engineer,Contractor
E018156,BU002,Security Analyst,Employee
E018157,BU004,Security Analyst,Employee
E018158,BU001,Systems Administrator,Contractor
E018159,BU001,Security Analyst,Contractor
E018160,BU005,Systems Administrator,Contractor
E018161,BU004,Software Engineer,Employee
E018162,BU004,Systems Administrator,Employee
E018163,BU006,Risk Analyst,Employee
E018164,BU006,Security Analyst,Employee
E018165,BU004,Network Engineer,Contractor
E018166,BU002,Data Engineer,Contractor
E018167,BU010,Network Engineer,Employee
E018168,BU003,Branch Manager,Employee
E018169,BU001,Security Analyst,Contractor
E018170,BU001,Data Engineer,Employee
E018171,BU004,Network Engineer,Employee
E018172,BU009,Network Engineer,Employee
E018173,BU001,Security Analyst,Contractor
E018174,BU001,Network Engineer,Employee
E018175,BU008,Systems Administrator,Employee
E018176,BU009,Systems Administrator,Employee
E018177,BU001,Data Engineer,Employee
E018178,BU001,Data Engineer,Employee
E018179,BU004,Software Engineer,Employee
E018180,BU001,Network Engineer,Employee
E018181,BU008,Financial Advisor,Employee
E018182,BU001,Data Engineer,Employee
E018183,BU001,Financial Advisor,Employee
E018184,BU001,Security Analyst,Contractor
E018185,BU001,Data Engineer,Employee
E018186,BU001,Operations Analyst,Employee
E018187,BU001,Systems Administrator,Employee
E018188,BU005,Branch Manager,Employee
E018189,BU001,Software Engineer,Employee
E018190,BU009,Risk Analyst,Employee
E018191,BU001,Data Engineer,Employee
E018192,BU004,Branch Manager,Employee
E018193,BU001,Software Engineer,Employee
E018194,BU001,Systems Administrator,Employee
E018195,BU003,Network Engineer,Contractor
E018196,BU003,Network Engineer,Employee
E018197,BU005,Security Analyst,Employee
E018198,BU005,Data Engineer,Employee
E018199,BU004,Systems Administrator,Employee
E018200,BU002,Customer Service Rep,Employee
E018201,BU009,Operations Analyst,Contractor
E018202,BU003,Customer Service Rep,Employee
E018203,BU010,Financial Advisor,Contractor
E018204,BU006,Software Engineer,Employee
E018205,BU001,Systems Administrator,Employee
E018206,BU001,Systems Administrator,Employee
E018207,BU003,Financial Advisor,Employee
E018208,BU004,Branch Manager,Employee
E018209,BU003,Financial Advisor,Employee
E018210,BU006,Software Engineer,Employee
E018211,BU001,Risk Analyst,Employee
E018212,BU001,Operations Analyst,Employee
E018213,BU001,Security Analyst,Employee
E018214,BU003,Software Engineer,Employee
E018215,BU004,Network Engineer,Employee
E018216,BU001,Risk Analyst,Employee
E018217,BU003,Customer Service Rep,Employee
E018218,BU001,Financial Advisor,Employee
E018219,BU001,Branch Manager,Employee
E018220,BU004,Security Analyst,Contractor
E018221,BU001,Customer Service Rep,Employee
E018222,BU004,Network Engineer,Employee
E018223,BU007,Network Engineer,Employee
E018224,BU007,Financial Advisor,Employee
E018225,BU001,Customer Service Rep,Employee
E018226,BU002,Financial Advisor,Employee
E018227,BU004,Security Analyst,Employee
E018228,BU005,Risk Analyst,Employee
E018229,BU006,Security Analyst,Employee
E018230,BU001,Customer Service Rep,Employee
E018231,BU001,Risk Analyst,Employee
E018232,BU003,Systems Administrator,Contractor
E018233,BU005,Customer Service Rep,Employee
E018234,BU001,Risk Analyst,Employee
E018235,BU001,Data Engineer,Employee
E018236,BU004,Systems Administrator,Employee
E018237,BU001,Branch Manager,Contractor
E018238,BU001,Customer Service Rep,Employee
E018239,BU001,Branch Manager,Employee
E018240,BU001,Software Engineer,Employee
E018241,BU003,Customer Service Rep,Employee
E018242,BU001,Branch Manager,Employee
E018243,BU001,Financial Advisor,Employee
E018244,BU001,Software Engineer,Employee
E018245,BU001,Software Engineer,Employee
E018246,BU003,Financial Advisor,Employee
E018247,BU001,Customer Service Rep,Employee
E018248,BU003,Security Analyst,Employee
E018249,BU001,Operations Analyst,Employee
E018250,BU001,Customer Service Rep,Employee
E018251,BU001,Data Engineer,Employee
E018252,BU001,Network Engineer,Employee
E018253,BU004,Risk Analyst,Employee
E018254,BU002,Financial Advisor,Employee
E018255,BU007,Branch Manager,Employee
E018256,BU001,Risk Analyst,Employee
E018257,BU001,Branch Manager,Employee
E018258,BU001,Security Analyst,Employee
E018259,BU005,Customer Service Rep,Contractor
E018260,BU001,Network Engineer,Employee
E018261,BU001,Financial Advisor,Employee
E018262,BU001,Systems Administrator,Employee
E018263,BU001,Systems Administrator,Employee
E018264,BU009,Software Engineer,Employee
E018265,BU003,Security Analyst,Contractor
E018266,BU006,Data Engineer,Employee
E018267,BU003,Network Engineer,Employee
E018268,BU002,Data Engineer,Contractor
E018269,BU001,Software Engineer,Employee
E018270,BU003,Systems Administrator,Employee
E018271,BU001,Financial Advisor,Employee
E018272,BU001,Systems Administrator,Employee
E018273,BU003,Systems Administrator,Employee
E018274,BU006,Systems Administrator,Employee
E018275,BU004,Financial Advisor,Employee
E018276,BU004,Security Analyst,Contractor
E018277,BU001,Software Engineer,Employee
E018278,BU001,Customer Service Rep,Employee
E018279,BU001,Network Engineer,Contractor
E018280,BU004,Security Analyst,Employee
E018281,BU009,Software Engineer,Employee
E018282,BU001,Systems Administrator,Employee
E018283,BU001,Security Analyst,Employee
E018284,BU002,Data Engineer,Employee
E018285,BU007,Risk Analyst,Employee
E018286,BU003,Systems Administrator,Employee
E018287,BU001,Systems Administrator,Employee
E018288,BU010,Customer Service Rep,Employee
E018289,BU007,Network Engineer,Employee
E018290,BU001,Risk Analyst,Employee
E018291,BU009,Data Engineer,Employee
E018292,BU002,Data Engineer,Employee
E018293,BU001,Data Engineer,Employee
E018294,BU002,Branch Manager,Employee
E018295,BU007,Data Engineer,Employee
E018296,BU003,Operations Analyst,Employee
E018297,BU001,Security Analyst,Employee
E018298,BU009,Financial Advisor,Employee
E018299,BU001,Risk Analyst,Employee
E018300,BU005,Risk Analyst,Employee
E018301,BU003,Systems Administrator,Employee
E018302,BU001,Software Engineer,Employee
E018303,BU001,Software Engineer,Employee
E018304,BU008,Branch Manager,Employee
E018305,BU001,Operations Analyst,Employee
E018306,BU003,Data Engineer,Employee
E018307,BU002,Data Engineer,Employee
E018308,BU004,Data Engineer,Employee
E018309,BU002,Branch Manager,Employee
E018310,BU001,Branch Manager,Employee
E018311,BU001,Operations Analyst,Employee
E018312,BU007,Customer Service Rep,Employee
E018313,BU002,Branch Manager,Employee
E018314,BU001,Security Analyst,Employee
E018315,BU009,Software Engineer,Employee
E018316,BU006,Systems Administrator,Employee
E018317,BU001,Security Analyst,Employee
E018318,BU010,Data Engineer,Employee
E018319,BU004,Systems Administrator,Employee
E018320,BU001,Software Engineer,Employee
E018321,BU001,Systems Administrator,Contractor
E018322,BU004,Systems Administrator,Employee
E018323,BU005,Financial Advisor,Employee
E018324,BU001,Software Engineer,Contractor
E018325,BU001,Systems Administrator,Employee
E018326,BU001,Security Analyst,Employee
E018327,BU003,Network Engineer,Contractor
E018328,BU001,Software Engineer,Employee
E018329,BU001,Financial Advisor,Employee
E018330,BU004,Security Analyst,Employee
E018331,BU005,Systems Administrator,Employee
E018332,BU002,Security Analyst,Employee
E018333,BU001,Risk Analyst,Employee
E018334,BU002,Risk Analyst,Employee
E018335,BU001,Operations Analyst,Employee
E018336,BU009,Risk Analyst,Employee
E018337,BU005,Operations Analyst,Employee
E018338,BU001,Branch Manager,Contractor
E018339,BU001,Financial Advisor,Employee
E018340,BU003,Risk Analyst,Contractor
E018341,BU003,Software Engineer,Employee
E018342,BU002,Operations Analyst,Employee
E018343,BU006,Customer Service Rep,Employee
E018344,BU005,Branch Manager,Employee
E018345,BU002,Data Engineer,Contractor
E018346,BU007,Software Engineer,Contractor
E018347,BU005,Data Engineer,Employee
E018348,BU005,Data Engineer,Employee
E018349,BU009,Security Analyst,Contractor
E018350,BU001,Systems Administrator,Employee
E018351,BU001,Financial Advisor,Employee
E018352,BU008,Risk Analyst,Employee
E018353,BU005,Security Analyst,Employee
E018354,BU009,Risk Analyst,Employee
E018355,BU001,Software Engineer,Employee
E018356,BU003,Security Analyst,Employee
E018357,BU001,Financial Advisor,Employee
E018358,BU002,Data Engineer,Contractor
E018359,BU001,Network Engineer,Employee
E018360,BU001,Branch Manager,Employee
E018361,BU001,Branch Manager,Employee
E018362,BU003,Financial Advisor,Contractor
E018363,BU001,Software Engineer,Employee
E018364,BU001,Branch Manager,Employee
E018365,BU001,Security Analyst,Employee
E018366,BU001,Customer Service Rep,Employee
E018367,BU009,Data Engineer,Employee
E018368,BU001,Systems Administrator,Employee
E018369,BU001,Systems Administrator,Employee
E018370,BU007,Systems Administrator,Employee
E018371,BU003,Branch Manager,Employee
E018372,BU004,Financial Advisor,Contractor
E018373,BU003,Financial Advisor,Contractor
E018374,BU009,Security Analyst,Employee
E018375,BU001,Systems Administrator,Employee
E018376,BU010,Customer Service Rep,Employee
E018377,BU007,Branch Manager,Employee
E018378,BU003,Software Engineer,Employee
E018379,BU004,Branch Manager,Employee
E018380,BU003,Data Engineer,Employee
E018381,BU001,Security Analyst,Contractor
E018382,BU001,Operations Analyst,Employee
E018383,BU010,Customer Service Rep,Employee
E018384,BU002,Security Analyst,Employee
E018385,BU001,Security Analyst,Employee
E018386,BU005,Systems Administrator,Contractor
E018387,BU002,Security Analyst,Employee
E018388,BU001,Customer Service Rep,Employee
E018389,BU004,Network Engineer,Employee
E018390,BU004,Security Analyst,Employee
E018391,BU001,Software Engineer,Employee
E018392,BU009,Risk Analyst,Employee
E018393,BU001,Systems Administrator,Employee
E018394,BU002,Financial Advisor,Contractor
E018395,BU001,Software Engineer,Employee
E018396,BU003,Software Engineer,Employee
E018397,BU001,Branch Manager,Employee
E018398,BU001,Operations Analyst,Employee
E018399,BU007,Branch Manager,Employee
E018400,BU001,Branch Manager,Employee
E018401,BU006,Software Engineer,Employee
E018402,BU003,Branch Manager,Employee
E018403,BU010,Systems Administrator,Contractor
E018404,BU003,Customer Service Rep,Contractor
E018405,BU001,Branch Manager,Employee
E018406,BU001,Network Engineer,Employee
E018407,BU008,Systems Administrator,Employee
E018408,BU007,Branch Manager,Employee
E018409,BU001,Operations Analyst,Employee
E018410,BU003,Risk Analyst,Contractor
E018411,BU002,Systems Administrator,Employee
E018412,BU010,Customer Service Rep,Employee
E018413,BU009,Network Engineer,Employee
E018414,BU010,Financial Advisor,Employee
E018415,BU008,Network Engineer,Employee
E018416,BU009,Risk Analyst,Employee
E018417,BU001,Data Engineer,Employee
E018418,BU007,Branch Manager,Employee
E018419,BU004,Data Engineer,Employee
E018420,BU010,Security Analyst,Employee
E018421,BU003,Security Analyst,Employee
E018422,BU001,Financial Advisor,Employee
E018423,BU003,Software Engineer,Employee
E018424,BU004,Security Analyst,Employee
E018425,BU001,Security Analyst,Employee
E018426,BU001,Network Engineer,Employee
E018427,BU003,Systems Administrator,Employee
E018428,BU001,Software Engineer,Employee
E018429,BU001,Operations Analyst,Employee
E018430,BU001,Risk Analyst,Employee
E018431,BU009,Customer Service Rep,Contractor
E018432,BU005,Customer Service Rep,Employee
E018433,BU001,Branch Manager,Employee
E018434,BU005,Financial Advisor,Employee
E018435,BU004,Financial Advisor,Employee
E018436,BU001,Software Engineer,Employee
E018437,BU001,Financial Advisor,Employee
E018438,BU003,Operations Analyst,Employee
E018439,BU002,Systems Administrator,Employee
E018440,BU005,Risk Analyst,Employee
E018441,BU002,Security Analyst,Contractor
E018442,BU001,Systems Administrator,Employee
E018443,BU010,Security Analyst,Employee
E018444,BU001,Security Analyst,Employee
E018445,BU004,Operations Analyst,Employee
E018446,BU001,Systems Administrator,Employee
E018447,BU001,Customer Service Rep,Employee
E018448,BU002,Data Engineer,Employee
E018449,BU001,Software Engineer,Employee
E018450,BU002,Systems Administrator,Employee
E018451,BU001,Customer Service Rep,Employee
E018452,BU003,Software Engineer,Employee
E018453,BU004,Security Analyst,Employee
E018454,BU001,Branch Manager,Contractor
E018455,BU008,Financial Advisor,Employee
E018456,BU001,Software Engineer,Employee
E018457,BU001,Customer Service Rep,Contractor
E018458,BU004,Customer Service Rep,Contractor
E018459,BU002,Systems Administrator,Employee
E018460,BU002,Systems Administrator,Employee
E018461,BU001,Financial Advisor,Employee
E018462,BU006,Security Analyst,Employee
E018463,BU003,Financial Advisor,Employee
E018464,BU001,Customer Service Rep,Employee
E018465,BU001,Data Engineer,Employee
E018466,BU006,Network Engineer,Employee
E018467,BU003,Branch Manager,Employee
E018468,BU001,Customer Service Rep,Employee
E018469,BU001,Customer Service Rep,Employee
E018470,BU001,Security Analyst,Employee
E018471,BU002,Operations Analyst,Contractor
E018472,BU007,Systems Administrator,Employee
E018473,BU002,Software Engineer,Employee
E018474,BU002,Software Engineer,Employee
E018475,BU009,Data Engineer,Employee
E018476,BU003,Financial Advisor,Employee
E018477,BU003,Software Engineer,Employee
E018478,BU001,Software Engineer,Employee
E018479,BU003,Network Engineer,Employee
E018480,BU003,Network Engineer,Employee
E018481,BU001,Branch Manager,Employee
E018482,BU010,Financial Advisor,Contractor
E018483,BU008,Risk Analyst,Employee
E018484,BU005,Systems Administrator,Employee
E018485,BU002,Systems Administrator,Employee
E018486,BU002,Software Engineer,Employee
E018487,BU001,Operations Analyst,Employee
E018488,BU001,Risk Analyst,Employee
E018489,BU005,Financial Advisor,Employee
E018490,BU002,Security Analyst,Employee
E018491,BU008,Systems Administrator,Employee
E018492,BU001,Customer Service Rep,Employee
E018493,BU002,Financial Advisor,Employee
E018494,BU003,Branch Manager,Employee
E018495,BU002,Financial Advisor,Employee
E018496,BU008,Software Engineer,Employee
E018497,BU010,Systems Administrator,Contractor
E018498,BU001,Operations Analyst,Employee
E018499,BU001,Network Engineer,Employee
E018500,BU001,Financial Advisor,Employee
E018501,BU004,Network Engineer,Employee
E018502,BU001,Software Engineer,Employee
E018503,BU004,Branch Manager,Employee
E018504,BU001,Branch Manager,Employee
E018505,BU003,Security Analyst,Employee
E018506,BU005,Operations Analyst,Employee
E018507,BU003,Network Engineer,Employee
E018508,BU002,Software Engineer,Employee
E018509,BU001,Branch Manager,Employee
E018510,BU001,Systems Administrator,Employee
E018511,BU003,Operations Analyst,Contractor
E018512,BU002,Network Engineer,Employee
E018513,BU009,Systems Administrator,Employee
E018514,BU009,Systems Administrator,Employee
E018515,BU007,Security Analyst,Employee
E018516,BU001,Systems Administrator,Employee
E018517,BU004,Customer Service Rep,Employee
E018518,BU001,Network Engineer,Employee
E018519,BU001,Operations Analyst,Employee
E018520,BU001,Software Engineer,Employee
E018521,BU001,Financial Advisor,Employee
E018522,BU001,Security Analyst,Employee
E018523,BU002,Operations Analyst,Employee
E018524,BU009,Data Engineer,Contractor
E018525,BU001,Software Engineer,Employee
E018526,BU009,Software Engineer,Employee
E018527,BU001,Data Engineer,Employee
E018528,BU001,Software Engineer,Employee
E018529,BU002,Financial Advisor,Employee
E018530,BU004,Software Engineer,Employee
E018531,BU001,Operations Analyst,Employee
E018532,BU001,Data Engineer,Employee
E018533,BU002,Customer Service Rep,Employee
E018534,BU001,Network Engineer,Employee
E018535,BU004,Data Engineer,Employee
E018536,BU002,Risk Analyst,Employee
E018537,BU001,Systems Administrator,Employee
E018538,BU009,Branch Manager,Employee
E018539,BU001,Risk Analyst,Contractor
E018540,BU004,Data Engineer,Employee
E018541,BU005,Risk Analyst,Employee
E018542,BU010,Branch Manager,Employee
E018543,BU002,Customer Service Rep,Contractor
E018544,BU003,Financial Advisor,Employee
E018545,BU001,Data Engineer,Employee
E018546,BU004,Systems Administrator,Employee
E018547,BU002,Data Engineer,Employee
E018548,BU002,Branch Manager,Employee
E018549,BU007,Software Engineer,Employee
E018550,BU001,Systems Administrator,Employee
E018551,BU008,Software Engineer,Employee
E018552,BU007,Software Engineer,Employee
E018553,BU002,Data Engineer,Employee
E018554,BU002,Security Analyst,Employee
E018555,BU001,Data Engineer,Employee
E018556,BU010,Network Engineer,Employee
E018557,BU001,Security Analyst,Employee
E018558,BU003,Systems Administrator,Contractor
E018559,BU004,Systems Administrator,Contractor
E018560,BU009,Customer Service Rep,Employee
E018561,BU006,Operations Analyst,Employee
E018562,BU003,Data Engineer,Contractor
E018563,BU001,Branch Manager,Employee
E018564,BU001,Risk Analyst,Employee
E018565,BU001,Network Engineer,Employee
E018566,BU008,Customer Service Rep,Employee
E018567,BU005,Systems Administrator,Contractor
E018568,BU005,Operations Analyst,Employee
E018569,BU003,Risk Analyst,Employee
E018570,BU002,Data Engineer,Employee
E018571,BU001,Financial Advisor,Employee
E018572,BU001,Operations Analyst,Employee
E018573,BU001,Software Engineer,Employee
E018574,BU004,Financial Advisor,Employee
E018575,BU001,Branch Manager,Employee
E018576,BU004,Operations Analyst,Employee
E018577,BU004,Network Engineer,Employee
E018578,BU002,Security Analyst,Employee
E018579,BU001,Customer Service Rep,Employee
E018580,BU001,Security Analyst,Employee
E018581,BU001,Risk Analyst,Employee
E018582,BU004,Network Engineer,Contractor
E018583,BU001,Branch Manager,Employee
E018584,BU007,Software Engineer,Employee
E018585,BU005,Network Engineer,Employee
E018586,BU001,Systems Administrator,Employee
E018587,BU004,Security Analyst,Employee
E018588,BU004,Systems Administrator,Employee
E018589,BU005,Operations Analyst,Employee
E018590,BU001,Systems Administrator,Employee
E018591,BU001,Operations Analyst,Employee
E018592,BU001,Systems Administrator,Contractor
E018593,BU001,Network Engineer,Employee
E018594,BU006,Data Engineer,Contractor
E018595,BU004,Risk Analyst,Contractor
E018596,BU009,Network Engineer,Employee
E018597,BU001,Branch Manager,Employee
E018598,BU001,Risk Analyst,Employee
E018599,BU004,Systems Administrator,Employee
E018600,BU001,Security Analyst,Employee
E018601,BU001,Risk Analyst,Employee
E018602,BU003,Customer Service Rep,Employee
E018603,BU001,Customer Service Rep,Employee
E018604,BU003,Data Engineer,Employee
E018605,BU001,Data Engineer,Employee
E018606,BU003,Operations Analyst,Employee
E018607,BU007,Operations Analyst,Contractor
E018608,BU001,Customer Service Rep,Employee
E018609,BU009,Operations Analyst,Employee
E018610,BU002,Software Engineer,Contractor
E018611,BU009,Risk Analyst,Employee
E018612,BU001,Software Engineer,Employee
E018613,BU003,Branch Manager,Employee
E018614,BU001,Data Engineer,Employee
E018615,BU005,Customer Service Rep,Employee
E018616,BU003,Systems Administrator,Employee
E018617,BU002,Branch Manager,Employee
E018618,BU009,Network Engineer,Employee
E018619,BU001,Network Engineer,Employee
E018620,BU001,Software Engineer,Employee
E018621,BU003,Risk Analyst,Employee
E018622,BU003,Financial Advisor,Employee
E018623,BU002,Data Engineer,Employee
E018624,BU002,Data Engineer,Employee
E018625,BU009,Security Analyst,Employee
E018626,BU004,Operations Analyst,Employee
E018627,BU001,Operations Analyst,Contractor
E018628,BU001,Software Engineer,Employee
E018629,BU010,Branch Manager,Employee
E018630,BU004,Data Engineer,Employee
E018631,BU009,Branch Manager,Employee
E018632,BU001,Financial Advisor,Employee
E018633,BU005,Systems Administrator,Employee
E018634,BU004,Branch Manager,Employee
E018635,BU001,Operations Analyst,Employee
E018636,BU003,Financial Advisor,Employee
E018637,BU003,Network Engineer,Employee
E018638,BU002,Customer Service Rep,Employee
E018639,BU007,Systems Administrator,Contractor
E018640,BU007,Network Engineer,Employee
E018641,BU007,Customer Service Rep,Employee
E018642,BU006,Data Engineer,Employee
E018643,BU002,Operations Analyst,Employee
E018644,BU001,Operations Analyst,Employee
E018645,BU007,Branch Manager,Contractor
E018646,BU002,Financial Advisor,Employee
E018647,BU001,Branch Manager,Employee
E018648,BU002,Financial Advisor,Contractor
E018649,BU001,Software Engineer,Employee
E018650,BU004,Data Engineer,Contractor
E018651,BU001,Software Engineer,Employee
E018652,BU001,Software Engineer,Employee
E018653,BU009,Risk Analyst,Employee
E018654,BU005,Risk Analyst,Employee
E018655,BU006,Risk Analyst,Employee
E018656,BU003,Data Engineer,Employee
E018657,BU007,Data Engineer,Employee
E018658,BU005,Customer Service Rep,Employee
E018659,BU003,Systems Administrator,Employee
E018660,BU010,Customer Service Rep,Employee
E018661,BU001,Operations Analyst,Employee
E018662,BU009,Data Engineer,Employee
E018663,BU001,Data Engineer,Employee
E018664,BU002,Software Engineer,Contractor
E018665,BU001,Data Engineer,Contractor
E018666,BU003,Network Engineer,Employee
E018667,BU003,Operations Analyst,Employee
E018668,BU010,Customer Service Rep,Employee
E018669,BU010,Branch Manager,Employee
E018670,BU010,Software Engineer,Employee
E018671,BU001,Network Engineer,Employee
E018672,BU010,Branch Manager,Employee
E018673,BU002,Software Engineer,Employee
E018674,BU007,Systems Administrator,Employee
E018675,BU001,Systems Administrator,Employee
E018676,BU002,Branch Manager,Contractor
E018677,BU010,Network Engineer,Employee
E018678,BU009,Data Engineer,Employee
E018679,BU004,Systems Administrator,Employee
E018680,BU006,Branch Manager,Employee
E018681,BU001,Network Engineer,Employee
E018682,BU004,Software Engineer,Employee
E018683,BU003,Financial Advisor,Employee
E018684,BU001,Software Engineer,Employee
E018685,BU001,Risk Analyst,Employee
E018686,BU001,Data Engineer,Employee
E018687,BU004,Data Engineer,Contractor
E018688,BU001,Security Analyst,Employee
E018689,BU002,Network Engineer,Contractor
E018690,BU001,Financial Advisor,Employee
E018691,BU003,Branch Manager,Employee
E018692,BU004,Customer Service Rep,Employee
E018693,BU004,Financial Advisor,Employee
E018694,BU002,Branch Manager,Contractor
E018695,BU002,Branch Manager,Employee
E018696,BU001,Security Analyst,Contractor
E018697,BU008,Security Analyst,Employee
E018698,BU001,Customer Service Rep,Employee
E018699,BU001,Security Analyst,Employee
E018700,BU005,Customer Service Rep,Employee
E018701,BU001,Data Engineer,Employee
E018702,BU007,Branch Manager,Employee
E018703,BU001,Risk Analyst,Employee
E018704,BU004,Software Engineer,Employee
E018705,BU001,Operations Analyst,Employee
E018706,BU001,Customer Service Rep,Employee
E018707,BU001,Branch Manager,Employee
E018708,BU006,Systems Administrator,Employee
E018709,BU010,Security Analyst,Contractor
E018710,BU002,Software Engineer,Employee
E018711,BU007,Branch Manager,Contractor
E018712,BU004,Branch Manager,Employee
E018713,BU010,Systems Administrator,Contractor
E018714,BU006,Customer Service Rep,Employee
E018715,BU001,Data Engineer,Contractor
E018716,BU004,Customer Service Rep,Employee
E018717,BU002,Risk Analyst,Employee
E018718,BU001,Customer Service Rep,Employee
E018719,BU001,Data Engineer,Employee
E018720,BU009,Software Engineer,Employee
E018721,BU009,Branch Manager,Employee
E018722,BU006,Operations Analyst,Employee
E018723,BU010,Risk Analyst,Employee
E018724,BU006,Financial Advisor,Employee
E018725,BU001,Operations Analyst,Contractor
E018726,BU001,Security Analyst,Contractor
E018727,BU001,Software Engineer,Contractor
E018728,BU001,Risk Analyst,Employee
E018729,BU001,Data Engineer,Contractor
E018730,BU002,Customer Service Rep,Employee
E018731,BU007,Security Analyst,Contractor
E018732,BU008,Software Engineer,Employee
E018733,BU003,Customer Service Rep,Contractor
E018734,BU009,Systems Administrator,Employee
E018735,BU002,Branch Manager,Employee
E018736,BU008,Security Analyst,Employee
E018737,BU002,Risk Analyst,Employee
E018738,BU001,Network Engineer,Employee
E018739,BU009,Risk Analyst,Employee
E018740,BU001,Customer Service Rep,Employee
E018741,BU002,Branch Manager,Employee
E018742,BU001,Network Engineer,Employee
E018743,BU004,Software Engineer,Employee
E018744,BU010,Operations Analyst,Employee
E018745,BU001,Security Analyst,Employee
E018746,BU009,Financial Advisor,Employee
E018747,BU001,Network Engineer,Employee
E018748,BU001,Network Engineer,Employee
E018749,BU001,Operations Analyst,Employee
E018750,BU005,Risk Analyst,Employee
E018751,BU001,Software Engineer,Employee
E018752,BU003,Operations Analyst,Employee
E018753,BU001,Branch Manager,Employee
E018754,BU001,Network Engineer,Contractor
E018755,BU005,Operations Analyst,Employee
E018756,BU001,Systems Administrator,Contractor
E018757,BU001,Branch Manager,Employee
E018758,BU001,Risk Analyst,Employee
E018759,BU003,Operations Analyst,Contractor
E018760,BU003,Security Analyst,Employee
E018761,BU001,Operations Analyst,Employee
E018762,BU001,Software Engineer,Employee
E018763,BU002,Data Engineer,Contractor
E018764,BU001,Security Analyst,Employee
E018765,BU008,Customer Service Rep,Employee
E018766,BU006,Systems Administrator,Employee
E018767,BU003,Operations Analyst,Employee
E018768,BU001,Customer Service Rep,Employee
E018769,BU004,Security Analyst,Employee
E018770,BU007,Data Engineer,Contractor
E018771,BU003,Operations Analyst,Employee
E018772,BU006,Financial Advisor,Employee
E018773,BU005,Customer Service Rep,Employee
E018774,BU003,Software Engineer,Employee
E018775,BU001,Security Analyst,Employee
E018776,BU005,Branch Manager,Employee
E018777,BU001,Operations Analyst,Employee
E018778,BU005,Financial Advisor,Employee
E018779,BU006,Branch Manager,Employee
E018780,BU007,Customer Service Rep,Employee
E018781,BU002,Operations Analyst,Employee
E018782,BU001,Network Engineer,Employee
E018783,BU001,Branch Manager,Employee
E018784,BU005,Risk Analyst,Contractor
E018785,BU008,Security Analyst,Employee
E018786,BU003,Branch Manager,Employee
E018787,BU001,Operations Analyst,Contractor
E018788,BU009,Branch Manager,Employee
E018789,BU010,Customer Service Rep,Employee
E018790,BU002,Customer Service Rep,Employee
E018791,BU003,Systems Administrator,Employee
E018792,BU005,Branch Manager,Employee
E018793,BU004,Software Engineer,Employee
E018794,BU010,Network Engineer,Employee
E018795,BU001,Risk Analyst,Employee
E018796,BU003,Operations Analyst,Employee
E018797,BU004,Financial Advisor,Employee
E018798,BU009,Software Engineer,Employee
E018799,BU008,Data Engineer,Employee
E018800,BU010,Data Engineer,Employee
E018801,BU002,Customer Service Rep,Contractor
E018802,BU007,Data Engineer,Employee
E018803,BU002,Operations Analyst,Employee
E018804,BU002,Branch Manager,Employee
E018805,BU001,Network Engineer,Employee
E018806,BU006,Data Engineer,Employee
E018807,BU010,Systems Administrator,Employee
E018808,BU001,Risk Analyst,Contractor
E018809,BU001,Financial Advisor,Employee
E018810,BU006,Branch Manager,Employee
E018811,BU003,Security Analyst,Employee
E018812,BU009,Customer Service Rep,Employee
E018813,BU001,Customer Service Rep,Employee
E018814,BU001,Operations Analyst,Employee
E018815,BU002,Software Engineer,Employee
E018816,BU001,Data Engineer,Employee
E018817,BU001,Branch Manager,Employee
E018818,BU001,Financial Advisor,Employee
E018819,BU001,Security Analyst,Employee
E018820,BU001,Systems Administrator,Employee
E018821,BU009,Financial Advisor,Employee
E018822,BU001,Network Engineer,Employee
E018823,BU002,Systems Administrator,Employee
E018824,BU009,Data Engineer,Employee
E018825,BU004,Security Analyst,Employee
E018826,BU003,Security Analyst,Employee
E018827,BU004,Financial Advisor,Employee
E018828,BU007,Security Analyst,Employee
E018829,BU008,Operations Analyst,Employee
E018830,BU003,Risk Analyst,Employee
E018831,BU009,Operations Analyst,Contractor
E018832,BU002,Financial Advisor,Contractor
E018833,BU001,Security Analyst,Employee
E018834,BU008,Security Analyst,Employee
E018835,BU003,Network Engineer,Employee
E018836,BU009,Security Analyst,Employee
E018837,BU001,Branch Manager,Employee
E018838,BU001,Financial Advisor,Employee
E018839,BU009,Systems Administrator,Employee
E018840,BU001,Network Engineer,Employee
E018841,BU009,Network Engineer,Employee
E018842,BU009,Systems Administrator,Contractor
E018843,BU008,Software Engineer,Employee
E018844,BU003,Data Engineer,Employee
E018845,BU003,Risk Analyst,Employee
E018846,BU008,Branch Manager,Employee
E018847,BU005,Customer Service Rep,Employee
E018848,BU003,Data Engineer,Employee
E018849,BU010,Data Engineer,Employee
E018850,BU004,Network Engineer,Employee
E018851,BU010,Security Analyst,Employee
E018852,BU001,Operations Analyst,Employee
E018853,BU001,Systems Administrator,Employee
E018854,BU002,Systems Administrator,Employee
E018855,BU001,Data Engineer,Employee
E018856,BU006,Data Engineer,Employee
E018857,BU001,Security Analyst,Employee
E018858,BU010,Data Engineer,Employee
E018859,BU001,Systems Administrator,Employee
E018860,BU002,Financial Advisor,Employee
E018861,BU001,Data Engineer,Employee
E018862,BU003,Risk Analyst,Employee
E018863,BU001,Financial Advisor,Employee
E018864,BU001,Security Analyst,Employee
E018865,BU005,Network Engineer,Contractor
E018866,BU001,Software Engineer,Employee
E018867,BU001,Data Engineer,Employee
E018868,BU006,Security Analyst,Employee
E018869,BU001,Operations Analyst,Employee
E018870,BU002,Network Engineer,Employee
E018871,BU001,Operations Analyst,Employee
E018872,BU001,Operations Analyst,Employee
E018873,BU004,Customer Service Rep,Employee
E018874,BU001,Security Analyst,Employee
E018875,BU008,Security Analyst,Employee
E018876,BU009,Risk Analyst,Employee
E018877,BU001,Customer Service Rep,Employee
E018878,BU010,Software Engineer,Employee
E018879,BU001,Customer Service Rep,Employee
E018880,BU001,Software Engineer,Employee
E018881,BU001,Financial Advisor,Employee
E018882,BU001,Network Engineer,Employee
E018883,BU003,Data Engineer,Employee
E018884,BU001,Network Engineer,Employee
E018885,BU007,Customer Service Rep,Employee
E018886,BU004,Software Engineer,Employee
E018887,BU001,Systems Administrator,Employee
E018888,BU004,Data Engineer,Employee
E018889,BU009,Customer Service Rep,Employee
E018890,BU001,Network Engineer,Employee
E018891,BU001,Customer Service Rep,Employee
E018892,BU002,Risk Analyst,Employee
E018893,BU002,Network Engineer,Employee
E018894,BU003,Financial Advisor,Contractor
E018895,BU001,Systems Administrator,Contractor
E018896,BU004,Data Engineer,Employee
E018897,BU003,Risk Analyst,Employee
E018898,BU003,Financial Advisor,Employee
E018899,BU001,Customer Service Rep,Employee
E018900,BU002,Customer Service Rep,Employee
E018901,BU001,Software Engineer,Employee
E018902,BU002,Branch Manager,Employee
E018903,BU009,Risk Analyst,Employee
E018904,BU002,Financial Advisor,Employee
E018905,BU001,Data Engineer,Employee
E018906,BU002,Customer Service Rep,Employee
E018907,BU007,Security Analyst,Employee
E018908,BU006,Financial Advisor,Employee
E018909,BU002,Data Engineer,Contractor
E018910,BU001,Network Engineer,Employee
E018911,BU002,Customer Service Rep,Employee
E018912,BU003,Financial Advisor,Employee
E018913,BU010,Security Analyst,Employee
E018914,BU003,Operations Analyst,Employee
E018915,BU004,Security Analyst,Employee
E018916,BU002,Financial Advisor,Employee
E018917,BU001,Operations Analyst,Contractor
E018918,BU006,Network Engineer,Contractor
E018919,BU002,Customer Service Rep,Employee
E018920,BU010,Risk Analyst,Employee
E018921,BU002,Security Analyst,Contractor
E018922,BU001,Risk Analyst,Employee
E018923,BU004,Risk Analyst,Employee
E018924,BU001,Network Engineer,Employee
E018925,BU001,Software Engineer,Employee
E018926,BU001,Data Engineer,Employee
E018927,BU004,Network Engineer,Employee
E018928,BU002,Data Engineer,Employee
E018929,BU001,Operations Analyst,Employee
E018930,BU003,Security Analyst,Employee
E018931,BU001,Data Engineer,Employee
E018932,BU009,Data Engineer,Employee
E018933,BU002,Data Engineer,Employee
E018934,BU004,Software Engineer,Employee
E018935,BU001,Network Engineer,Employee
E018936,BU005,Customer Service Rep,Employee
E018937,BU004,Operations Analyst,Employee
E018938,BU009,Software Engineer,Contractor
E018939,BU001,Financial Advisor,Employee
E018940,BU002,Operations Analyst,Employee
E018941,BU004,Security Analyst,Employee
E018942,BU001,Network Engineer,Employee
E018943,BU001,Financial Advisor,Employee
E018944,BU009,Software Engineer,Employee
E018945,BU002,Software Engineer,Employee
E018946,BU010,Operations Analyst,Employee
E018947,BU001,Network Engineer,Employee
E018948,BU004,Security Analyst,Employee
E018949,BU003,Software Engineer,Employee
E018950,BU002,Security Analyst,Employee
E018951,BU010,Branch Manager,Employee
E018952,BU001,Risk Analyst,Employee
E018953,BU009,Network Engineer,Employee
E018954,BU004,Software Engineer,Employee
E018955,BU001,Security Analyst,Employee
E018956,BU009,Operations Analyst,Employee
E018957,BU002,Customer Service Rep,Employee
E018958,BU006,Security Analyst,Employee
E018959,BU001,Operations Analyst,Contractor
E018960,BU007,Systems Administrator,Employee
E018961,BU003,Network Engineer,Employee
E018962,BU001,Network Engineer,Employee
E018963,BU003,Customer Service Rep,Contractor
E018964,BU001,Customer Service Rep,Contractor
E018965,BU001,Software Engineer,Employee
E018966,BU001,Systems Administrator,Employee
E018967,BU001,Software Engineer,Employee
E018968,BU001,Systems Administrator,Employee
E018969,BU002,Data Engineer,Employee
E018970,BU002,Systems Administrator,Employee
E018971,BU002,Risk Analyst,Contractor
E018972,BU001,Systems Administrator,Employee
E018973,BU004,Systems Administrator,Employee
E018974,BU004,Security Analyst,Employee
E018975,BU001,Data Engineer,Employee
E018976,BU008,Data Engineer,Employee
E018977,BU003,Operations Analyst,Employee
E018978,BU004,Branch Manager,Employee
E018979,BU001,Systems Administrator,Employee
E018980,BU001,Branch Manager,Employee
E018981,BU008,Security Analyst,Employee
E018982,BU007,Operations Analyst,Employee
E018983,BU001,Risk Analyst,Employee
E018984,BU001,Systems Administrator,Employee
E018985,BU004,Risk Analyst,Employee
E018986,BU003,Customer Service Rep,Employee
E018987,BU008,Risk Analyst,Employee
E018988,BU001,Software Engineer,Employee
E018989,BU002,Financial Advisor,Employee
E018990,BU001,Branch Manager,Employee
E018991,BU001,Branch Manager,Employee
E018992,BU001,Security Analyst,Employee
E018993,BU009,Customer Service Rep,Employee
E018994,BU002,Branch Manager,Employee
E018995,BU007,Customer Service Rep,Employee
E018996,BU001,Financial Advisor,Contractor
E018997,BU001,Software Engineer,Employee
E018998,BU001,Risk Analyst,Employee
E018999,BU001,Network Engineer,Employee
E019000,BU006,Data Engineer,Employee
E019001,BU001,Data Engineer,Employee
E019002,BU001,Systems Administrator,Employee
E019003,BU001,Branch Manager,Employee
E019004,BU001,Systems Administrator,Employee
E019005,BU005,Systems Administrator,Employee
E019006,BU002,Data Engineer,Employee
E019007,BU004,Operations Analyst,Employee
E019008,BU004,Risk Analyst,Employee
E019009,BU001,Operations Analyst,Employee
E019010,BU001,Operations Analyst,Employee
E019011,BU005,Data Engineer,Employee
E019012,BU004,Risk Analyst,Employee
E019013,BU001,Operations Analyst,Employee
E019014,BU001,Network Engineer,Contractor
E019015,BU001,Financial Advisor,Employee
E019016,BU001,Risk Analyst,Contractor
E019017,BU001,Operations Analyst,Employee
E019018,BU001,Network Engineer,Employee
E019019,BU001,Software Engineer,Employee
E019020,BU001,Risk Analyst,Contractor
E019021,BU001,Systems Administrator,Employee
E019022,BU009,Risk Analyst,Employee
E019023,BU003,Software Engineer,Employee
E019024,BU009,Operations Analyst,Employee
E019025,BU001,Customer Service Rep,Contractor
E019026,BU004,Risk Analyst,Employee
E019027,BU001,Operations Analyst,Employee
E019028,BU003,Software Engineer,Employee
E019029,BU001,Customer Service Rep,Employee
E019030,BU001,Network Engineer,Employee
E019031,BU009,Network Engineer,Contractor
E019032,BU003,Data Engineer,Employee
E019033,BU009,Data Engineer,Employee
E019034,BU001,Security Analyst,Employee
E019035,BU001,Systems Administrator,Contractor
E019036,BU001,Branch Manager,Employee
E019037,BU004,Software Engineer,Employee
E019038,BU003,Branch Manager,Contractor
E019039,BU009,Data Engineer,Employee
E019040,BU001,Data Engineer,Employee
E019041,BU004,Software Engineer,Employee
E019042,BU001,Risk Analyst,Employee
E019043,BU001,Security Analyst,Contractor
E019044,BU002,Operations Analyst,Employee
E019045,BU002,Financial Advisor,Employee
E019046,BU001,Data Engineer,Employee
E019047,BU001,Systems Administrator,Employee
E019048,BU001,Data Engineer,Employee
E019049,BU001,Security Analyst,Employee
E019050,BU001,Data Engineer,Employee
E019051,BU001,Security Analyst,Employee
E019052,BU001,Operations Analyst,Employee
E019053,BU010,Operations Analyst,Employee
E019054,BU009,Financial Advisor,Employee
E019055,BU002,Data Engineer,Employee
E019056,BU010,Software Engineer,Employee
E019057,BU004,Systems Administrator,Employee
E019058,BU001,Financial Advisor,Employee
E019059,BU001,Operations Analyst,Employee
E019060,BU009,Software Engineer,Employee
E019061,BU003,Software Engineer,Employee
E019062,BU007,Data Engineer,Employee
E019063,BU009,Systems Administrator,Employee
E019064,BU002,Customer Service Rep,Employee
E019065,BU001,Operations Analyst,Employee
E019066,BU001,Security Analyst,Employee
E019067,BU001,Software Engineer,Employee
E019068,BU001,Network Engineer,Contractor
E019069,BU001,Network Engineer,Employee
E019070,BU001,Operations Analyst,Employee
E019071,BU001,Customer Service Rep,Employee
E019072,BU002,Network Engineer,Employee
E019073,BU001,Branch Manager,Employee
E019074,BU002,Customer Service Rep,Employee
E019075,BU002,Data Engineer,Employee
E019076,BU003,Security Analyst,Employee
E019077,BU009,Network Engineer,Employee
E019078,BU001,Financial Advisor,Contractor
E019079,BU001,Operations Analyst,Employee
E019080,BU007,Risk Analyst,Employee
E019081,BU002,Data Engineer,Employee
E019082,BU005,Financial Advisor,Employee
E019083,BU001,Network Engineer,Employee
E019084,BU007,Software Engineer,Employee
E019085,BU009,Branch Manager,Contractor
E019086,BU003,Data Engineer,Employee
E019087,BU001,Security Analyst,Employee
E019088,BU009,Software Engineer,Employee
E019089,BU006,Network Engineer,Employee
E019090,BU005,Security Analyst,Employee
E019091,BU001,Risk Analyst,Employee
E019092,BU006,Risk Analyst,Employee
E019093,BU001,Data Engineer,Contractor
E019094,BU001,Systems Administrator,Employee
E019095,BU003,Network Engineer,Employee
E019096,BU001,Operations Analyst,Contractor
E019097,BU004,Customer Service Rep,Employee
E019098,BU003,Risk Analyst,Employee
E019099,BU001,Branch Manager,Employee
E019100,BU003,Systems Administrator,Contractor
E019101,BU009,Systems Administrator,Employee
E019102,BU001,Network Engineer,Employee
E019103,BU003,Customer Service Rep,Employee
E019104,BU001,Systems Administrator,Employee
E019105,BU002,Systems Administrator,Employee
E019106,BU001,Risk Analyst,Employee
E019107,BU001,Security Analyst,Employee
E019108,BU001,Data Engineer,Employee
E019109,BU010,Network Engineer,Employee
E019110,BU003,Network Engineer,Employee
E019111,BU002,Data Engineer,Contractor
E019112,BU001,Network Engineer,Employee
E019113,BU002,Financial Advisor,Employee
E019114,BU001,Network Engineer,Employee
E019115,BU001,Systems Administrator,Contractor
E019116,BU002,Systems Administrator,Employee
E019117,BU001,Customer Service Rep,Employee
E019118,BU001,Customer Service Rep,Employee
E019119,BU003,Network Engineer,Contractor
E019120,BU007,Branch Manager,Employee
E019121,BU001,Risk Analyst,Employee
E019122,BU001,Financial Advisor,Employee
E019123,BU001,Systems Administrator,Employee
E019124,BU010,Financial Advisor,Employee
E019125,BU007,Risk Analyst,Employee
E019126,BU003,Operations Analyst,Employee
E019127,BU009,Network Engineer,Employee
E019128,BU002,Branch Manager,Employee
E019129,BU010,Software Engineer,Employee
E019130,BU001,Data Engineer,Contractor
E019131,BU001,Network Engineer,Employee
E019132,BU003,Network Engineer,Employee
E019133,BU001,Data Engineer,Employee
E019134,BU003,Branch Manager,Employee
E019135,BU001,Data Engineer,Contractor
E019136,BU003,Data Engineer,Employee
E019137,BU001,Software Engineer,Employee
E019138,BU001,Systems Administrator,Employee
E019139,BU009,Security Analyst,Employee
E019140,BU008,Operations Analyst,Employee
E019141,BU010,Data Engineer,Employee
E019142,BU004,Security Analyst,Employee
E019143,BU004,Data Engineer,Employee
E019144,BU003,Financial Advisor,Employee
E019145,BU001,Security Analyst,Employee
E019146,BU001,Software Engineer,Employee
E019147,BU001,Financial Advisor,Employee
E019148,BU009,Financial Advisor,Employee
E019149,BU001,Systems Administrator,Employee
E019150,BU009,Security Analyst,Employee
E019151,BU002,Operations Analyst,Employee
E019152,BU004,Data Engineer,Employee
E019153,BU001,Branch Manager,Employee
E019154,BU001,Branch Manager,Employee
E019155,BU009,Financial Advisor,Employee
E019156,BU001,Systems Administrator,Employee
E019157,BU001,Customer Service Rep,Employee
E019158,BU001,Branch Manager,Employee
E019159,BU001,Network Engineer,Employee
E019160,BU001,Customer Service Rep,Contractor
E019161,BU003,Security Analyst,Employee
E019162,BU002,Customer Service Rep,Employee
E019163,BU003,Branch Manager,Employee
E019164,BU001,Operations Analyst,Employee
E019165,BU006,Customer Service Rep,Employee
E019166,BU006,Customer Service Rep,Employee
E019167,BU001,Network Engineer,Employee
E019168,BU001,Branch Manager,Employee
E019169,BU001,Financial Advisor,Employee
E019170,BU006,Data Engineer,Employee
E019171,BU004,Network Engineer,Employee
E019172,BU009,Systems Administrator,Employee
E019173,BU001,Security Analyst,Employee
E019174,BU002,Branch Manager,Employee
E019175,BU001,Network Engineer,Contractor
E019176,BU001,Risk Analyst,Employee
E019177,BU002,Network Engineer,Employee
E019178,BU001,Systems Administrator,Employee
E019179,BU004,Risk Analyst,Employee
E019180,BU003,Software Engineer,Employee
E019181,BU007,Operations Analyst,Employee
E019182,BU001,Systems Administrator,Employee
E019183,BU009,Systems Administrator,Employee
E019184,BU010,Operations Analyst,Employee
E019185,BU009,Financial Advisor,Employee
E019186,BU005,Network Engineer,Employee
E019187,BU006,Branch Manager,Employee
E019188,BU003,Security Analyst,Employee
E019189,BU001,Security Analyst,Employee
E019190,BU004,Security Analyst,Employee
E019191,BU004,Risk Analyst,Employee
E019192,BU010,Software Engineer,Employee
E019193,BU003,Systems Administrator,Employee
E019194,BU001,Network Engineer,Employee
E019195,BU004,Customer Service Rep,Employee
E019196,BU010,Systems Administrator,Employee
E019197,BU001,Security Analyst,Employee
E019198,BU001,Software Engineer,Employee
E019199,BU003,Data Engineer,Employee
E019200,BU001,Security Analyst,Employee
E019201,BU001,Financial Advisor,Employee
E019202,BU001,Systems Administrator,Employee
E019203,BU008,Branch Manager,Employee
E019204,BU001,Software Engineer,Employee
E019205,BU002,Systems Administrator,Employee
E019206,BU005,Financial Advisor,Employee
E019207,BU009,Branch Manager,Employee
E019208,BU010,Systems Administrator,Employee
E019209,BU002,Financial Advisor,Employee
E019210,BU009,Security Analyst,Employee
E019211,BU001,Network Engineer,Employee
E019212,BU005,Network Engineer,Employee
E019213,BU003,Security Analyst,Contractor
E019214,BU001,Network Engineer,Employee
E019215,BU002,Data Engineer,Employee
E019216,BU001,Operations Analyst,Employee
E019217,BU008,Security Analyst,Employee
E019218,BU001,Security Analyst,Employee
E019219,BU003,Security Analyst,Employee
E019220,BU001,Operations Analyst,Employee
E019221,BU001,Systems Administrator,Employee
E019222,BU010,Customer Service Rep,Employee
E019223,BU005,Security Analyst,Employee
E019224,BU010,Operations Analyst,Employee
E019225,BU001,Branch Manager,Employee
E019226,BU001,Risk Analyst,Employee
E019227,BU002,Risk Analyst,Employee
E019228,BU002,Systems Administrator,Employee
E019229,BU001,Operations Analyst,Employee
E019230,BU004,Systems Administrator,Employee
E019231,BU001,Systems Administrator,Employee
E019232,BU001,Software Engineer,Employee
E019233,BU001,Branch Manager,Employee
E019234,BU003,Branch Manager,Employee
E019235,BU004,Branch Manager,Contractor
E019236,BU002,Data Engineer,Employee
E019237,BU002,Network Engineer,Employee
E019238,BU001,Branch Manager,Employee
E019239,BU009,Branch Manager,Employee
E019240,BU009,Systems Administrator,Employee
E019241,BU004,Customer Service Rep,Employee
E019242,BU001,Customer Service Rep,Employee
E019243,BU002,Network Engineer,Employee
E019244,BU003,Risk Analyst,Employee
E019245,BU010,Security Analyst,Contractor
E019246,BU010,Customer Service Rep,Employee
E019247,BU007,Network Engineer,Employee
E019248,BU001,Data Engineer,Employee
E019249,BU009,Operations Analyst,Employee
E019250,BU003,Software Engineer,Employee
E019251,BU006,Operations Analyst,Employee
E019252,BU001,Software Engineer,Employee
E019253,BU001,Software Engineer,Employee
E019254,BU002,Risk Analyst,Employee
E019255,BU001,Network Engineer,Employee
E019256,BU001,Network Engineer,Employee
E019257,BU007,Software Engineer,Employee
E019258,BU001,Risk Analyst,Employee
E019259,BU001,Security Analyst,Employee
E019260,BU001,Operations Analyst,Employee
E019261,BU001,Software Engineer,Employee
E019262,BU010,Systems Administrator,Employee
E019263,BU001,Software Engineer,Contractor
E019264,BU001,Branch Manager,Employee
E019265,BU009,Data Engineer,Employee
E019266,BU008,Operations Analyst,Employee
E019267,BU001,Financial Advisor,Employee
E019268,BU005,Branch Manager,Employee
E019269,BU003,Customer Service Rep,Employee
E019270,BU005,Customer Service Rep,Employee
E019271,BU002,Security Analyst,Employee
E019272,BU010,Software Engineer,Employee
E019273,BU001,Financial Advisor,Employee
E019274,BU001,Software Engineer,Employee
E019275,BU001,Operations Analyst,Employee
E019276,BU002,Branch Manager,Employee
E019277,BU009,Branch Manager,Employee
E019278,BU003,Data Engineer,Employee
E019279,BU001,Network Engineer,Contractor
E019280,BU001,Risk Analyst,Employee
E019281,BU001,Network Engineer,Contractor
E019282,BU010,Data Engineer,Employee
E019283,BU003,Financial Advisor,Employee
E019284,BU003,Security Analyst,Employee
E019285,BU004,Network Engineer,Employee
E019286,BU005,Software Engineer,Employee
E019287,BU003,Branch Manager,Employee
E019288,BU001,Financial Advisor,Contractor
E019289,BU008,Security Analyst,Employee
E019290,BU004,Customer Service Rep,Contractor
E019291,BU005,Risk Analyst,Employee
E019292,BU010,Software Engineer,Employee
E019293,BU006,Network Engineer,Employee
E019294,BU007,Operations Analyst,Employee
E019295,BU009,Network Engineer,Employee
E019296,BU001,Security Analyst,Contractor
E019297,BU002,Network Engineer,Employee
E019298,BU003,Software Engineer,Employee
E019299,BU001,Network Engineer,Employee
E019300,BU007,Data Engineer,Employee
E019301,BU005,Operations Analyst,Employee
E019302,BU004,Network Engineer,Employee
E019303,BU010,Financial Advisor,Employee
E019304,BU001,Operations Analyst,Employee
E019305,BU004,Network Engineer,Employee
E019306,BU003,Network Engineer,Employee
E019307,BU001,Customer Service Rep,Employee
E019308,BU001,Security Analyst,Employee
E019309,BU009,Network Engineer,Employee
E019310,BU003,Risk Analyst,Employee
E019311,BU007,Software Engineer,Employee
E019312,BU003,Risk Analyst,Employee
E019313,BU001,Branch Manager,Employee
E019314,BU001,Data Engineer,Employee
E019315,BU001,Operations Analyst,Employee
E019316,BU010,Network Engineer,Employee
E019317,BU001,Software Engineer,Employee
E019318,BU010,Network Engineer,Employee
E019319,BU010,Risk Analyst,Employee
E019320,BU010,Data Engineer,Employee
E019321,BU002,Data Engineer,Employee
E019322,BU010,Customer Service Rep,Employee
E019323,BU001,Data Engineer,Employee
E019324,BU001,Security Analyst,Employee
E019325,BU001,Software Engineer,Employee
E019326,BU009,Customer Service Rep,Employee
E019327,BU001,Security Analyst,Employee
E019328,BU003,Software Engineer,Contractor
E019329,BU001,Data Engineer,Employee
E019330,BU001,Network Engineer,Employee
E019331,BU001,Data Engineer,Employee
E019332,BU007,Operations Analyst,Employee
E019333,BU003,Software Engineer,Employee
E019334,BU009,Network Engineer,Employee
E019335,BU004,Software Engineer,Employee
E019336,BU010,Operations Analyst,Employee
E019337,BU002,Software Engineer,Employee
E019338,BU003,Customer Service Rep,Employee
E019339,BU003,Data Engineer,Contractor
E019340,BU002,Security Analyst,Employee
E019341,BU007,Software Engineer,Employee
E019342,BU003,Customer Service Rep,Employee
E019343,BU006,Risk Analyst,Employee
E019344,BU006,Systems Administrator,Contractor
E019345,BU001,Financial Advisor,Employee
E019346,BU003,Operations Analyst,Employee
E019347,BU001,Data Engineer,Employee
E019348,BU003,Systems Administrator,Employee
E019349,BU004,Risk Analyst,Contractor
E019350,BU010,Data Engineer,Employee
E019351,BU001,Risk Analyst,Employee
E019352,BU001,Branch Manager,Employee
E019353,BU001,Operations Analyst,Employee
E019354,BU001,Software Engineer,Employee
E019355,BU007,Branch Manager,Employee
E019356,BU007,Customer Service Rep,Employee
E019357,BU004,Customer Service Rep,Employee
E019358,BU009,Operations Analyst,Employee
E019359,BU001,Data Engineer,Employee
E019360,BU001,Branch Manager,Employee
E019361,BU001,Operations Analyst,Employee
E019362,BU007,Financial Advisor,Employee
E019363,BU004,Systems Administrator,Employee
E019364,BU004,Branch Manager,Employee
E019365,BU001,Branch Manager,Employee
E019366,BU001,Financial Advisor,Employee
E019367,BU009,Risk Analyst,Employee
E019368,BU001,Customer Service Rep,Employee
E019369,BU005,Systems Administrator,Employee
E019370,BU001,Financial Advisor,Employee
E019371,BU001,Systems Administrator,Contractor
E019372,BU005,Network Engineer,Employee
E019373,BU001,Network Engineer,Employee
E019374,BU004,Customer Service Rep,Employee
E019375,BU004,Financial Advisor,Employee
E019376,BU002,Software Engineer,Employee
E019377,BU005,Security Analyst,Employee
E019378,BU003,Data Engineer,Employee
E019379,BU001,Branch Manager,Employee
E019380,BU004,Risk Analyst,Contractor
E019381,BU003,Branch Manager,Employee
E019382,BU001,Customer Service Rep,Employee
E019383,BU009,Network Engineer,Employee
E019384,BU003,Financial Advisor,Contractor
E019385,BU008,Systems Administrator,Employee
E019386,BU008,Security Analyst,Employee
E019387,BU002,Data Engineer,Employee
E019388,BU002,Branch Manager,Employee
E019389,BU001,Operations Analyst,Employee
E019390,BU002,Financial Advisor,Employee
E019391,BU009,Customer Service Rep,Contractor
E019392,BU006,Systems Administrator,Contractor
E019393,BU001,Data Engineer,Employee
E019394,BU003,Network Engineer,Employee
E019395,BU010,Customer Service Rep,Employee
E019396,BU003,Systems Administrator,Employee
E019397,BU006,Data Engineer,Employee
E019398,BU005,Systems Administrator,Employee
E019399,BU001,Data Engineer,Employee
E019400,BU001,Network Engineer,Employee
E019401,BU004,Data Engineer,Employee
E019402,BU002,Network Engineer,Employee
E019403,BU003,Branch Manager,Employee
E019404,BU004,Risk Analyst,Employee
E019405,BU005,Systems Administrator,Employee
E019406,BU001,Risk Analyst,Employee
E019407,BU001,Branch Manager,Employee
E019408,BU001,Customer Service Rep,Employee
E019409,BU002,Network Engineer,Employee
E019410,BU001,Software Engineer,Employee
E019411,BU003,Operations Analyst,Employee
E019412,BU001,Branch Manager,Contractor
E019413,BU002,Data Engineer,Employee
E019414,BU001,Software Engineer,Employee
E019415,BU002,Systems Administrator,Employee
E019416,BU002,Network Engineer,Employee
E019417,BU001,Financial Advisor,Employee
E019418,BU009,Systems Administrator,Employee
E019419,BU001,Customer Service Rep,Contractor
E019420,BU004,Operations Analyst,Employee
E019421,BU009,Software Engineer,Employee
E019422,BU002,Operations Analyst,Employee
E019423,BU008,Risk Analyst,Employee
E019424,BU001,Network Engineer,Employee
E019425,BU002,Customer Service Rep,Employee
E019426,BU002,Systems Administrator,Employee
E019427,BU001,Software Engineer,Employee
E019428,BU002,Security Analyst,Employee
E019429,BU001,Security Analyst,Employee
E019430,BU004,Branch Manager,Employee
E019431,BU009,Security Analyst,Contractor
E019432,BU001,Operations Analyst,Employee
E019433,BU001,Network Engineer,Employee
E019434,BU002,Branch Manager,Employee
E019435,BU002,Financial Advisor,Employee
E019436,BU005,Data Engineer,Contractor
E019437,BU002,Financial Advisor,Employee
E019438,BU001,Financial Advisor,Employee
E019439,BU004,Branch Manager,Employee
E019440,BU008,Security Analyst,Employee
E019441,BU002,Risk Analyst,Employee
E019442,BU003,Data Engineer,Employee
E019443,BU001,Branch Manager,Employee
E019444,BU001,Branch Manager,Contractor
E019445,BU001,Risk Analyst,Employee
E019446,BU002,Branch Manager,Contractor
E019447,BU009,Risk Analyst,Employee
E019448,BU002,Financial Advisor,Employee
E019449,BU001,Financial Advisor,Employee
E019450,BU001,Software Engineer,Employee
E019451,BU001,Data Engineer,Contractor
E019452,BU003,Systems Administrator,Employee
E019453,BU002,Systems Administrator,Employee
E019454,BU001,Operations Analyst,Employee
E019455,BU003,Risk Analyst,Employee
E019456,BU001,Branch Manager,Contractor
E019457,BU001,Risk Analyst,Employee
E019458,BU001,Software Engineer,Employee
E019459,BU001,Network Engineer,Contractor
E019460,BU001,Systems Administrator,Employee
E019461,BU001,Risk Analyst,Employee
E019462,BU005,Customer Service Rep,Contractor
E019463,BU004,Customer Service Rep,Employee
E019464,BU003,Network Engineer,Employee
E019465,BU007,Risk Analyst,Employee
E019466,BU001,Data Engineer,Contractor
E019467,BU008,Network Engineer,Contractor
E019468,BU001,Security Analyst,Employee
E019469,BU001,Security Analyst,Employee
E019470,BU001,Software Engineer,Employee
E019471,BU001,Operations Analyst,Employee
E019472,BU010,Network Engineer,Employee
E019473,BU001,Branch Manager,Employee
E019474,BU001,Software Engineer,Employee
E019475,BU001,Data Engineer,Employee
E019476,BU001,Operations Analyst,Contractor
E019477,BU001,Network Engineer,Employee
E019478,BU001,Systems Administrator,Employee
E019479,BU001,Software Engineer,Employee
E019480,BU008,Financial Advisor,Employee
E019481,BU001,Systems Administrator,Employee
E019482,BU001,Operations Analyst,Employee
E019483,BU003,Data Engineer,Employee
E019484,BU010,Financial Advisor,Employee
E019485,BU001,Software Engineer,Employee
E019486,BU001,Customer Service Rep,Employee
E019487,BU010,Risk Analyst,Employee
E019488,BU001,Network Engineer,Employee
E019489,BU002,Operations Analyst,Employee
E019490,BU001,Financial Advisor,Employee
E019491,BU009,Security Analyst,Employee
E019492,BU010,Security Analyst,Employee
E019493,BU006,Branch Manager,Employee
E019494,BU001,Data Engineer,Employee
E019495,BU001,Data Engineer,Employee
E019496,BU001,Financial Advisor,Employee
E019497,BU009,Customer Service Rep,Contractor
E019498,BU009,Branch Manager,Employee
E019499,BU001,Software Engineer,Employee
E019500,BU003,Operations Analyst,Contractor
E019501,BU001,Customer Service Rep,Employee
E019502,BU002,Data Engineer,Employee
E019503,BU003,Operations Analyst,Employee
E019504,BU001,Customer Service Rep,Contractor
E019505,BU001,Branch Manager,Employee
E019506,BU001,Operations Analyst,Employee
E019507,BU006,Operations Analyst,Employee
E019508,BU008,Operations Analyst,Employee
E019509,BU010,Operations Analyst,Employee
E019510,BU004,Risk Analyst,Contractor
E019511,BU003,Customer Service Rep,Employee
E019512,BU001,Operations Analyst,Employee
E019513,BU010,Software Engineer,Employee
E019514,BU003,Financial Advisor,Employee
E019515,BU004,Branch Manager,Contractor
E019516,BU004,Security Analyst,Employee
E019517,BU007,Customer Service Rep,Employee
E019518,BU001,Security Analyst,Employee
E019519,BU001,Branch Manager,Employee
E019520,BU004,Systems Administrator,Employee
E019521,BU009,Software Engineer,Employee
E019522,BU004,Financial Advisor,Contractor
E019523,BU001,Branch Manager,Employee
E019524,BU001,Operations Analyst,Employee
E019525,BU004,Branch Manager,Employee
E019526,BU005,Network Engineer,Employee
E019527,BU003,Systems Administrator,Contractor
E019528,BU001,Financial Advisor,Contractor
E019529,BU009,Customer Service Rep,Employee
E019530,BU003,Operations Analyst,Contractor
E019531,BU006,Financial Advisor,Employee
E019532,BU001,Security Analyst,Employee
E019533,BU001,Network Engineer,Employee
E019534,BU008,Network Engineer,Contractor
E019535,BU001,Data Engineer,Contractor
E019536,BU002,Operations Analyst,Employee
E019537,BU002,Financial Advisor,Employee
E019538,BU005,Branch Manager,Employee
E019539,BU001,Branch Manager,Employee
E019540,BU001,Systems Administrator,Employee
E019541,BU009,Software Engineer,Employee
E019542,BU003,Network Engineer,Employee
E019543,BU001,Operations Analyst,Employee
E019544,BU001,Operations Analyst,Employee
E019545,BU010,Operations Analyst,Employee
E019546,BU001,Branch Manager,Employee
E019547,BU003,Systems Administrator,Employee
E019548,BU002,Network Engineer,Employee
E019549,BU008,Branch Manager,Employee
E019550,BU005,Customer Service Rep,Employee
E019551,BU003,Risk Analyst,Employee
E019552,BU001,Risk Analyst,Employee
E019553,BU008,Systems Administrator,Employee
E019554,BU002,Software Engineer,Employee
E019555,BU009,Network Engineer,Employee
E019556,BU002,Data Engineer,Employee
E019557,BU004,Financial Advisor,Employee
E019558,BU001,Software Engineer,Employee
E019559,BU005,Customer Service Rep,Employee
E019560,BU001,Systems Administrator,Employee
E019561,BU001,Financial Advisor,Employee
E019562,BU001,Network Engineer,Employee
E019563,BU001,Software Engineer,Employee
E019564,BU001,Security Analyst,Employee
E019565,BU001,Branch Manager,Employee
E019566,BU009,Risk Analyst,Employee
E019567,BU001,Financial Advisor,Employee
E019568,BU004,Financial Advisor,Employee
E019569,BU001,Data Engineer,Employee
E019570,BU003,Operations Analyst,Employee
E019571,BU002,Branch Manager,Employee
E019572,BU010,Financial Advisor,Employee
E019573,BU007,Software Engineer,Employee
E019574,BU002,Customer Service Rep,Employee
E019575,BU005,Systems Administrator,Employee
E019576,BU001,Operations Analyst,Employee
E019577,BU003,Software Engineer,Contractor
E019578,BU001,Branch Manager,Employee
E019579,BU001,Financial Advisor,Employee
E019580,BU001,Network Engineer,Employee
E019581,BU004,Financial Advisor,Employee
E019582,BU002,Systems Administrator,Employee
E019583,BU005,Systems Administrator,Employee
E019584,BU002,Branch Manager,Employee
E019585,BU001,Customer Service Rep,Employee
E019586,BU004,Operations Analyst,Contractor
E019587,BU007,Systems Administrator,Contractor
E019588,BU009,Customer Service Rep,Contractor
E019589,BU003,Customer Service Rep,Employee
E019590,BU005,Software Engineer,Employee
E019591,BU005,Security Analyst,Employee
E019592,BU001,Systems Administrator,Employee
E019593,BU001,Security Analyst,Employee
E019594,BU001,Software Engineer,Employee
E019595,BU001,Financial Advisor,Employee
E019596,BU002,Network Engineer,Employee
E019597,BU010,Network Engineer,Employee
E019598,BU002,Customer Service Rep,Employee
E019599,BU004,Branch Manager,Contractor
E019600,BU004,Security Analyst,Employee
E019601,BU001,Financial Advisor,Employee
E019602,BU001,Systems Administrator,Employee
E019603,BU003,Network Engineer,Employee
E019604,BU004,Security Analyst,Employee
E019605,BU010,Systems Administrator,Employee
E019606,BU001,Network Engineer,Employee
E019607,BU009,Data Engineer,Employee
E019608,BU001,Financial Advisor,Employee
E019609,BU004,Customer Service Rep,Employee
E019610,BU003,Network Engineer,Contractor
E019611,BU001,Security Analyst,Employee
E019612,BU001,Security Analyst,Contractor
E019613,BU001,Financial Advisor,Employee
E019614,BU001,Customer Service Rep,Employee
E019615,BU005,Risk Analyst,Employee
E019616,BU001,Systems Administrator,Employee
E019617,BU003,Operations Analyst,Employee
E019618,BU001,Financial Advisor,Employee
E019619,BU006,Data Engineer,Employee
E019620,BU006,Branch Manager,Employee
E019621,BU005,Customer Service Rep,Employee
E019622,BU002,Risk Analyst,Employee
E019623,BU001,Operations Analyst,Employee
E019624,BU006,Operations Analyst,Contractor
E019625,BU001,Financial Advisor,Employee
E019626,BU001,Security Analyst,Employee
E019627,BU001,Operations Analyst,Employee
E019628,BU004,Security Analyst,Employee
E019629,BU004,Data Engineer,Employee
E019630,BU003,Security Analyst,Employee
E019631,BU001,Customer Service Rep,Employee
E019632,BU001,Customer Service Rep,Employee
E019633,BU009,Software Engineer,Employee
E019634,BU002,Security Analyst,Employee
E019635,BU001,Customer Service Rep,Employee
E019636,BU003,Software Engineer,Employee
E019637,BU001,Security Analyst,Employee
E019638,BU001,Financial Advisor,Employee
E019639,BU001,Security Analyst,Employee
E019640,BU001,Customer Service Rep,Employee
E019641,BU001,Branch Manager,Employee
E019642,BU009,Systems Administrator,Employee
E019643,BU002,Security Analyst,Employee
E019644,BU002,Risk Analyst,Employee
E019645,BU004,Operations Analyst,Employee
E019646,BU009,Security Analyst,Employee
E019647,BU001,Customer Service Rep,Employee
E019648,BU007,Branch Manager,Contractor
E019649,BU003,Network Engineer,Employee
E019650,BU001,Network Engineer,Employee
E019651,BU001,Financial Advisor,Employee
E019652,BU002,Systems Administrator,Employee
E019653,BU004,Network Engineer,Employee
E019654,BU001,Risk Analyst,Employee
E019655,BU002,Branch Manager,Employee
E019656,BU004,Financial Advisor,Employee
E019657,BU002,Data Engineer,Employee
E019658,BU008,Financial Advisor,Employee
E019659,BU008,Security Analyst,Employee
E019660,BU002,Operations Analyst,Contractor
E019661,BU010,Systems Administrator,Employee
E019662,BU001,Customer Service Rep,Employee
E019663,BU001,Branch Manager,Employee
E019664,BU001,Operations Analyst,Employee
E019665,BU003,Data Engineer,Employee
E019666,BU003,Risk Analyst,Employee
E019667,BU002,Operations Analyst,Employee
E019668,BU001,Risk Analyst,Employee
E019669,BU001,Branch Manager,Employee
E019670,BU007,Financial Advisor,Employee
E019671,BU008,Systems Administrator,Contractor
E019672,BU004,Data Engineer,Employee
E019673,BU004,Software Engineer,Employee
E019674,BU003,Customer Service Rep,Employee
E019675,BU001,Software Engineer,Employee
E019676,BU002,Data Engineer,Contractor
E019677,BU004,Customer Service Rep,Employee
E019678,BU002,Operations Analyst,Employee
E019679,BU001,Branch Manager,Employee
E019680,BU009,Network Engineer,Employee
E019681,BU007,Network Engineer,Employee
E019682,BU001,Security Analyst,Employee
E019683,BU003,Operations Analyst,Employee
E019684,BU009,Systems Administrator,Employee
E019685,BU001,Branch Manager,Employee
E019686,BU002,Security Analyst,Employee
E019687,BU002,Customer Service Rep,Contractor
E019688,BU001,Financial Advisor,Employee
E019689,BU007,Security Analyst,Employee
E019690,BU001,Software Engineer,Employee
E019691,BU001,Data Engineer,Employee
E019692,BU001,Risk Analyst,Employee
E019693,BU001,Network Engineer,Employee
E019694,BU001,Operations Analyst,Employee
E019695,BU004,Network Engineer,Employee
E019696,BU001,Branch Manager,Employee
E019697,BU003,Branch Manager,Employee
E019698,BU004,Security Analyst,Employee
E019699,BU001,Operations Analyst,Employee
E019700,BU003,Branch Manager,Employee
E019701,BU004,Operations Analyst,Employee
E019702,BU002,Customer Service Rep,Employee
E019703,BU001,Software Engineer,Contractor
E019704,BU003,Risk Analyst,Employee
E019705,BU010,Network Engineer,Employee
E019706,BU002,Network Engineer,Employee
E019707,BU001,Operations Analyst,Employee
E019708,BU002,Network Engineer,Employee
E019709,BU001,Data Engineer,Employee
E019710,BU003,Branch Manager,Employee
E019711,BU001,Data Engineer,Employee
E019712,BU001,Security Analyst,Employee
E019713,BU002,Network Engineer,Employee
E019714,BU001,Network Engineer,Employee
E019715,BU001,Customer Service Rep,Employee
E019716,BU001,Branch Manager,Employee
E019717,BU001,Software Engineer,Employee
E019718,BU007,Security Analyst,Contractor
E019719,BU009,Branch Manager,Employee
E019720,BU001,Customer Service Rep,Employee
E019721,BU002,Network Engineer,Employee
E019722,BU001,Data Engineer,Employee
E019723,BU002,Systems Administrator,Employee
E019724,BU002,Security Analyst,Employee
E019725,BU001,Risk Analyst,Employee
E019726,BU004,Security Analyst,Employee
E019727,BU001,Branch Manager,Contractor
E019728,BU001,Software Engineer,Employee
E019729,BU005,Data Engineer,Employee
E019730,BU004,Risk Analyst,Employee
E019731,BU002,Systems Administrator,Employee
E019732,BU002,Systems Administrator,Employee
E019733,BU002,Financial Advisor,Employee
E019734,BU002,Customer Service Rep,Employee
E019735,BU001,Customer Service Rep,Employee
E019736,BU002,Network Engineer,Employee
E019737,BU002,Data Engineer,Contractor
E019738,BU004,Operations Analyst,Employee
E019739,BU004,Branch Manager,Employee
E019740,BU001,Data Engineer,Employee
E019741,BU001,Branch Manager,Employee
E019742,BU001,Risk Analyst,Employee
E019743,BU002,Security Analyst,Employee
E019744,BU002,Software Engineer,Employee
E019745,BU008,Branch Manager,Employee
E019746,BU004,Security Analyst,Employee
E019747,BU009,Data Engineer,Contractor
E019748,BU004,Branch Manager,Employee
E019749,BU010,Customer Service Rep,Employee
E019750,BU003,Data Engineer,Employee
E019751,BU010,Risk Analyst,Employee
E019752,BU001,Operations Analyst,Employee
E019753,BU001,Security Analyst,Employee
E019754,BU003,Operations Analyst,Employee
E019755,BU010,Security Analyst,Employee
E019756,BU001,Risk Analyst,Employee
E019757,BU001,Customer Service Rep,Employee
E019758,BU002,Network Engineer,Employee
E019759,BU003,Operations Analyst,Contractor
E019760,BU001,Data Engineer,Employee
E019761,BU004,Financial Advisor,Employee
E019762,BU010,Operations Analyst,Employee
E019763,BU009,Security Analyst,Employee
E019764,BU001,Customer Service Rep,Employee
E019765,BU001,Software Engineer,Employee
E019766,BU001,Data Engineer,Employee
E019767,BU001,Data Engineer,Employee
E019768,BU001,Software Engineer,Employee
E019769,BU005,Financial Advisor,Contractor
E019770,BU001,Financial Advisor,Employee
E019771,BU008,Data Engineer,Employee
E019772,BU009,Operations Analyst,Employee
E019773,BU001,Systems Administrator,Employee
E019774,BU010,Branch Manager,Employee
E019775,BU004,Software Engineer,Employee
E019776,BU002,Operations Analyst,Employee
E019777,BU001,Operations Analyst,Employee
E019778,BU002,Systems Administrator,Employee
E019779,BU001,Customer Service Rep,Contractor
E019780,BU003,Operations Analyst,Employee
E019781,BU001,Data Engineer,Contractor
E019782,BU003,Risk Analyst,Employee
E019783,BU001,Financial Advisor,Employee
E019784,BU001,Financial Advisor,Contractor
E019785,BU003,Risk Analyst,Employee
E019786,BU003,Financial Advisor,Employee
E019787,BU002,Software Engineer,Employee
E019788,BU001,Risk Analyst,Employee
E019789,BU009,Software Engineer,Employee
E019790,BU003,Data Engineer,Employee
E019791,BU001,Customer Service Rep,Employee
E019792,BU002,Security Analyst,Employee
E019793,BU002,Risk Analyst,Contractor
E019794,BU001,Operations Analyst,Employee
E019795,BU003,Software Engineer,Employee
E019796,BU006,Financial Advisor,Employee
E019797,BU005,Software Engineer,Employee
E019798,BU001,Network Engineer,Employee
E019799,BU008,Branch Manager,Employee
E019800,BU001,Customer Service Rep,Employee
E019801,BU009,Operations Analyst,Employee
E019802,BU001,Data Engineer,Contractor
E019803,BU002,Risk Analyst,Employee
E019804,BU003,Systems Administrator,Employee
E019805,BU001,Financial Advisor,Employee
E019806,BU005,Financial Advisor,Employee
E019807,BU003,Network Engineer,Employee
E019808,BU001,Financial Advisor,Employee
E019809,BU003,Operations Analyst,Employee
E019810,BU002,Financial Advisor,Employee
E019811,BU001,Operations Analyst,Employee
E019812,BU010,Network Engineer,Employee
E019813,BU009,Risk Analyst,Employee
E019814,BU001,Risk Analyst,Employee
E019815,BU003,Financial Advisor,Employee
E019816,BU001,Security Analyst,Employee
E019817,BU005,Branch Manager,Contractor
E019818,BU009,Security Analyst,Employee
E019819,BU001,Customer Service Rep,Employee
E019820,BU006,Software Engineer,Employee
E019821,BU002,Network Engineer,Employee
E019822,BU001,Systems Administrator,Employee
E019823,BU009,Risk Analyst,Employee
E019824,BU002,Security Analyst,Employee
E019825,BU002,Customer Service Rep,Contractor
E019826,BU004,Software Engineer,Employee
E019827,BU001,Branch Manager,Employee
E019828,BU001,Network Engineer,Employee
E019829,BU009,Software Engineer,Employee
E019830,BU004,Security Analyst,Employee
E019831,BU007,Customer Service Rep,Employee
E019832,BU001,Security Analyst,Employee
E019833,BU003,Customer Service Rep,Employee
E019834,BU010,Security Analyst,Contractor
E019835,BU001,Branch Manager,Contractor
E019836,BU001,Customer Service Rep,Employee
E019837,BU002,Data Engineer,Employee
E019838,BU001,Branch Manager,Employee
E019839,BU001,Data Engineer,Employee
E019840,BU008,Data Engineer,Employee
E019841,BU010,Network Engineer,Employee
E019842,BU003,Customer Service Rep,Employee
E019843,BU005,Customer Service Rep,Employee
E019844,BU007,Systems Administrator,Employee
E019845,BU004,Operations Analyst,Employee
E019846,BU001,Financial Advisor,Employee
E019847,BU001,Security Analyst,Employee
E019848,BU001,Financial Advisor,Employee
E019849,BU001,Operations Analyst,Employee
E019850,BU001,Software Engineer,Employee
E019851,BU001,Network Engineer,Contractor
E019852,BU001,Branch Manager,Contractor
E019853,BU001,Branch Manager,Employee
E019854,BU002,Risk Analyst,Employee
E019855,BU001,Systems Administrator,Employee
E019856,BU006,Data Engineer,Employee
E019857,BU001,Customer Service Rep,Employee
E019858,BU007,Customer Service Rep,Employee
E019859,BU009,Network Engineer,Employee
E019860,BU004,Systems Administrator,Employee
E019861,BU004,Security Analyst,Employee
E019862,BU009,Financial Advisor,Employee
E019863,BU001,Financial Advisor,Employee
E019864,BU010,Data Engineer,Employee
E019865,BU005,Operations Analyst,Employee
E019866,BU004,Software Engineer,Contractor
E019867,BU001,Security Analyst,Employee
E019868,BU003,Systems Administrator,Employee
E019869,BU003,Security Analyst,Employee
E019870,BU003,Network Engineer,Employee
E019871,BU004,Customer Service Rep,Employee
E019872,BU001,Risk Analyst,Employee
E019873,BU001,Systems Administrator,Employee
E019874,BU002,Systems Administrator,Contractor
E019875,BU001,Customer Service Rep,Employee
E019876,BU001,Risk Analyst,Employee
E019877,BU001,Branch Manager,Employee
E019878,BU001,Systems Administrator,Employee
E019879,BU002,Security Analyst,Contractor
E019880,BU001,Customer Service Rep,Employee
E019881,BU009,Financial Advisor,Employee
E019882,BU005,Operations Analyst,Employee
E019883,BU004,Operations Analyst,Employee
E019884,BU001,Network Engineer,Employee
E019885,BU003,Branch Manager,Employee
E019886,BU002,Data Engineer,Employee
E019887,BU010,Systems Administrator,Employee
E019888,BU005,Operations Analyst,Employee
E019889,BU003,Network Engineer,Employee
E019890,BU007,Operations Analyst,Employee
E019891,BU001,Operations Analyst,Employee
E019892,BU001,Network Engineer,Employee
E019893,BU004,Financial Advisor,Employee
E019894,BU001,Network Engineer,Employee
E019895,BU001,Branch Manager,Employee
E019896,BU005,Software Engineer,Employee
E019897,BU001,Network Engineer,Employee
E019898,BU003,Network Engineer,Contractor
E019899,BU009,Software Engineer,Employee
E019900,BU001,Branch Manager,Employee
E019901,BU001,Security Analyst,Employee
E019902,BU001,Software Engineer,Employee
E019903,BU001,Customer Service Rep,Employee
E019904,BU001,Software Engineer,Employee
E019905,BU001,Security Analyst,Employee
E019906,BU002,Security Analyst,Employee
E019907,BU001,Data Engineer,Employee
E019908,BU004,Customer Service Rep,Employee
E019909,BU008,Network Engineer,Employee
E019910,BU006,Financial Advisor,Employee
E019911,BU002,Systems Administrator,Employee
E019912,BU001,Risk Analyst,Contractor
E019913,BU004,Data Engineer,Employee
E019914,BU001,Risk Analyst,Employee
E019915,BU001,Software Engineer,Employee
E019916,BU007,Risk Analyst,Employee
E019917,BU001,Branch Manager,Employee
E019918,BU001,Software Engineer,Employee
E019919,BU008,Branch Manager,Employee
E019920,BU009,Risk Analyst,Employee
E019921,BU001,Security Analyst,Employee
E019922,BU001,Security Analyst,Employee
E019923,BU003,Network Engineer,Employee
E019924,BU004,Risk Analyst,Employee
E019925,BU001,Financial Advisor,Employee
E019926,BU003,Network Engineer,Employee
E019927,BU009,Systems Administrator,Employee
E019928,BU001,Data Engineer,Employee
E019929,BU009,Risk Analyst,Employee
E019930,BU009,Software Engineer,Employee
E019931,BU001,Financial Advisor,Employee
E019932,BU005,Financial Advisor,Employee
E019933,BU001,Customer Service Rep,Employee
E019934,BU004,Branch Manager,Employee
E019935,BU006,Financial Advisor,Employee
E019936,BU001,Security Analyst,Employee
E019937,BU004,Systems Administrator,Employee
E019938,BU006,Customer Service Rep,Employee
E019939,BU001,Security Analyst,Employee
E019940,BU001,Data Engineer,Employee
E019941,BU001,Software Engineer,Employee
E019942,BU003,Branch Manager,Employee
E019943,BU010,Branch Manager,Contractor
E019944,BU007,Software Engineer,Employee
E019945,BU002,Risk Analyst,Employee
E019946,BU002,Operations Analyst,Employee
E019947,BU001,Operations Analyst,Employee
E019948,BU001,Systems Administrator,Employee
E019949,BU002,Branch Manager,Employee
E019950,BU002,Security Analyst,Employee
E019951,BU002,Risk Analyst,Employee
E019952,BU009,Customer Service Rep,Contractor
E019953,BU003,Systems Administrator,Employee
E019954,BU003,Network Engineer,Employee
E019955,BU001,Branch Manager,Employee
E019956,BU010,Data Engineer,Employee
E019957,BU005,Data Engineer,Employee
E019958,BU008,Financial Advisor,Employee
E019959,BU001,Customer Service Rep,Employee
E019960,BU002,Branch Manager,Employee
E019961,BU002,Systems Administrator,Contractor
E019962,BU001,Network Engineer,Employee
E019963,BU004,Customer Service Rep,Employee
E019964,BU009,Customer Service Rep,Employee
E019965,BU001,Data Engineer,Employee
E019966,BU001,Data Engineer,Contractor
E019967,BU004,Financial Advisor,Employee
E019968,BU001,Financial Advisor,Employee
E019969,BU003,Branch Manager,Employee
E019970,BU004,Financial Advisor,Employee
E019971,BU001,Risk Analyst,Employee
E019972,BU006,Customer Service Rep,Employee
E019973,BU003,Branch Manager,Employee
E019974,BU008,Risk Analyst,Employee
E019975,BU005,Data Engineer,Employee
E019976,BU008,Security Analyst,Employee
E019977,BU001,Software Engineer,Employee
E019978,BU001,Security Analyst,Employee
E019979,BU001,Data Engineer,Employee
E019980,BU002,Systems Administrator,Employee
E019981,BU008,Systems Administrator,Employee
E019982,BU002,Systems Administrator,Employee
E019983,BU007,Customer Service Rep,Employee
E019984,BU001,Operations Analyst,Employee
E019985,BU001,Operations Analyst,Contractor
E019986,BU009,Risk Analyst,Employee
E019987,BU002,Network Engineer,Employee
E019988,BU006,Financial Advisor,Employee
E019989,BU001,Customer Service Rep,Employee
E019990,BU009,Software Engineer,Contractor
E019991,BU003,Security Analyst,Employee
E019992,BU005,Risk Analyst,Employee
E019993,BU001,Operations Analyst,Employee
E019994,BU002,Customer Service Rep,Employee
E019995,BU009,Systems Administrator,Employee
E019996,BU008,Security Analyst,Employee
E019997,BU001,Financial Advisor,Employee
E019998,BU001,Risk Analyst,Employee
E019999,BU002,Software Engineer,Employee
E020000,BU001,Data Engineer,Employee
E020001,BU004,Network Engineer,Employee
E020002,BU001,Data Engineer,Employee
E020003,BU001,Software Engineer,Employee
E020004,BU004,Software Engineer,Employee
E020005,BU002,Data Engineer,Employee
E020006,BU004,Financial Advisor,Contractor
E020007,BU010,Risk Analyst,Employee
E020008,BU001,Customer Service Rep,Employee
E020009,BU004,Network Engineer,Employee
E020010,BU001,Software Engineer,Employee
E020011,BU001,Security Analyst,Employee
E020012,BU001,Network Engineer,Employee
E020013,BU001,Security Analyst,Employee
E020014,BU001,Software Engineer,Employee
E020015,BU001,Customer Service Rep,Employee
E020016,BU009,Network Engineer,Employee
E020017,BU005,Risk Analyst,Employee
E020018,BU010,Systems Administrator,Employee
E020019,BU003,Network Engineer,Employee
E020020,BU001,Systems Administrator,Employee
E020021,BU001,Customer Service Rep,Employee
E020022,BU001,Risk Analyst,Employee
E020023,BU001,Data Engineer,Employee
E020024,BU004,Financial Advisor,Employee
E020025,BU002,Software Engineer,Employee
E020026,BU001,Software Engineer,Contractor
E020027,BU001,Risk Analyst,Employee
E020028,BU001,Data Engineer,Contractor
E020029,BU001,Customer Service Rep,Employee
E020030,BU001,Systems Administrator,Employee
E020031,BU006,Network Engineer,Employee
E020032,BU001,Security Analyst,Contractor
E020033,BU004,Data Engineer,Employee
E020034,BU001,Security Analyst,Employee
E020035,BU001,Security Analyst,Employee
E020036,BU006,Software Engineer,Employee
E020037,BU003,Network Engineer,Employee
E020038,BU001,Risk Analyst,Employee
E020039,BU009,Operations Analyst,Contractor
E020040,BU001,Software Engineer,Employee
E020041,BU001,Risk Analyst,Employee
E020042,BU005,Software Engineer,Employee
E020043,BU004,Branch Manager,Employee
E020044,BU001,Software Engineer,Contractor
E020045,BU001,Customer Service Rep,Employee
E020046,BU007,Systems Administrator,Employee
E020047,BU001,Security Analyst,Employee
E020048,BU001,Systems Administrator,Employee
E020049,BU002,Risk Analyst,Employee
E020050,BU009,Systems Administrator,Employee
E020051,BU001,Network Engineer,Employee
E020052,BU005,Data Engineer,Employee
E020053,BU003,Security Analyst,Employee
E020054,BU002,Customer Service Rep,Employee
E020055,BU005,Customer Service Rep,Employee
E020056,BU010,Security Analyst,Employee
E020057,BU001,Systems Administrator,Contractor
E020058,BU001,Customer Service Rep,Employee
E020059,BU009,Systems Administrator,Employee
E020060,BU004,Security Analyst,Employee
E020061,BU002,Systems Administrator,Employee
E020062,BU003,Risk Analyst,Employee
E020063,BU005,Systems Administrator,Employee
E020064,BU005,Financial Advisor,Employee
E020065,BU009,Risk Analyst,Employee
E020066,BU002,Operations Analyst,Employee
E020067,BU001,Data Engineer,Contractor
E020068,BU003,Systems Administrator,Contractor
E020069,BU001,Software Engineer,Employee
E020070,BU003,Financial Advisor,Employee
E020071,BU001,Operations Analyst,Employee
E020072,BU001,Data Engineer,Employee
E020073,BU002,Financial Advisor,Employee
E020074,BU004,Customer Service Rep,Employee
E020075,BU006,Systems Administrator,Employee
E020076,BU002,Security Analyst,Employee
E020077,BU001,Financial Advisor,Employee
E020078,BU001,Systems Administrator,Employee
E020079,BU006,Risk Analyst,Employee
E020080,BU001,Branch Manager,Contractor
E020081,BU004,Financial Advisor,Employee
E020082,BU002,Customer Service Rep,Employee
E020083,BU001,Security Analyst,Employee
E020084,BU006,Risk Analyst,Employee
E020085,BU001,Operations Analyst,Employee
E020086,BU002,Systems Administrator,Employee
E020087,BU001,Financial Advisor,Employee
E020088,BU001,Operations Analyst,Employee
E020089,BU002,Security Analyst,Employee
E020090,BU002,Operations Analyst,Contractor
E020091,BU004,Network Engineer,Employee
E020092,BU005,Customer Service Rep,Employee
E020093,BU004,Network Engineer,Employee
E020094,BU001,Branch Manager,Employee
E020095,BU003,Security Analyst,Employee
E020096,BU003,Data Engineer,Employee
E020097,BU002,Risk Analyst,Contractor
E020098,BU003,Financial Advisor,Contractor
E020099,BU009,Network Engineer,Employee
E020100,BU001,Security Analyst,Employee
E020101,BU009,Branch Manager,Employee
E020102,BU001,Systems Administrator,Employee
E020103,BU001,Customer Service Rep,Employee
E020104,BU001,Security Analyst,Employee
E020105,BU003,Systems Administrator,Employee
E020106,BU001,Financial Advisor,Employee
E020107,BU008,Software Engineer,Contractor
E020108,BU007,Network Engineer,Employee
E020109,BU003,Risk Analyst,Contractor
E020110,BU002,Operations Analyst,Employee
E020111,BU009,Customer Service Rep,Employee
E020112,BU007,Risk Analyst,Employee
E020113,BU002,Systems Administrator,Employee
E020114,BU004,Customer Service Rep,Employee
E020115,BU003,Security Analyst,Employee
E020116,BU003,Software Engineer,Employee
E020117,BU001,Security Analyst,Employee
E020118,BU002,Network Engineer,Contractor
E020119,BU001,Network Engineer,Employee
E020120,BU001,Network Engineer,Contractor
E020121,BU004,Customer Service Rep,Contractor
E020122,BU009,Security Analyst,Employee
E020123,BU010,Customer Service Rep,Employee
E020124,BU003,Financial Advisor,Employee
E020125,BU003,Operations Analyst,Employee
E020126,BU001,Network Engineer,Employee
E020127,BU004,Network Engineer,Employee
E020128,BU001,Network Engineer,Employee
E020129,BU001,Software Engineer,Employee
E020130,BU004,Data Engineer,Employee
E020131,BU001,Network Engineer,Employee
E020132,BU001,Security Analyst,Employee
E020133,BU007,Financial Advisor,Employee
E020134,BU001,Systems Administrator,Employee
E020135,BU001,Risk Analyst,Employee
E020136,BU001,Operations Analyst,Employee
E020137,BU001,Data Engineer,Employee
E020138,BU001,Software Engineer,Employee
E020139,BU005,Risk Analyst,Contractor
E020140,BU001,Software Engineer,Employee
E020141,BU006,Financial Advisor,Employee
E020142,BU001,Network Engineer,Employee
E020143,BU002,Data Engineer,Employee
E020144,BU004,Branch Manager,Contractor
E020145,BU003,Security Analyst,Employee
E020146,BU003,Branch Manager,Contractor
E020147,BU009,Risk Analyst,Employee
E020148,BU001,Branch Manager,Employee
E020149,BU002,Software Engineer,Employee
E020150,BU008,Operations Analyst,Contractor
E020151,BU001,Software Engineer,Employee
E020152,BU001,Risk Analyst,Employee
E020153,BU001,Branch Manager,Employee
E020154,BU003,Operations Analyst,Employee
E020155,BU001,Risk Analyst,Employee
E020156,BU001,Software Engineer,Employee
E020157,BU002,Network Engineer,Employee
E020158,BU003,Risk Analyst,Contractor
E020159,BU001,Network Engineer,Employee
E020160,BU001,Customer Service Rep,Employee
E020161,BU003,Systems Administrator,Contractor
E020162,BU009,Systems Administrator,Employee
E020163,BU004,Financial Advisor,Employee
E020164,BU006,Software Engineer,Employee
E020165,BU001,Systems Administrator,Employee
E020166,BU001,Systems Administrator,Employee
E020167,BU002,Branch Manager,Employee
E020168,BU006,Operations Analyst,Employee
E020169,BU002,Security Analyst,Employee
E020170,BU007,Risk Analyst,Employee
E020171,BU010,Customer Service Rep,Employee
E020172,BU001,Software Engineer,Employee
E020173,BU001,Systems Administrator,Employee
E020174,BU001,Customer Service Rep,Employee
E020175,BU001,Network Engineer,Employee
E020176,BU001,Systems Administrator,Contractor
E020177,BU008,Security Analyst,Employee
E020178,BU001,Network Engineer,Employee
E020179,BU001,Operations Analyst,Employee
E020180,BU001,Branch Manager,Employee
E020181,BU009,Operations Analyst,Employee
E020182,BU004,Operations Analyst,Employee
E020183,BU009,Data Engineer,Employee
E020184,BU010,Systems Administrator,Employee
E020185,BU002,Network Engineer,Employee
E020186,BU001,Software Engineer,Employee
E020187,BU001,Risk Analyst,Contractor
E020188,BU001,Branch Manager,Employee
E020189,BU004,Financial Advisor,Employee
E020190,BU001,Operations Analyst,Employee
E020191,BU001,Customer Service Rep,Employee
E020192,BU003,Customer Service Rep,Employee
E020193,BU003,Branch Manager,Employee
E020194,BU004,Financial Advisor,Employee
E020195,BU001,Operations Analyst,Employee
E020196,BU006,Data Engineer,Employee
E020197,BU002,Systems Administrator,Employee
E020198,BU001,Security Analyst,Employee
E020199,BU006,Software Engineer,Employee
E020200,BU009,Branch Manager,Employee
E020201,BU001,Risk Analyst,Employee
E020202,BU001,Financial Advisor,Employee
E020203,BU002,Security Analyst,Employee
E020204,BU001,Software Engineer,Employee
E020205,BU008,Financial Advisor,Employee
E020206,BU001,Financial Advisor,Employee
E020207,BU006,Software Engineer,Employee
E020208,BU004,Software Engineer,Employee
E020209,BU003,Network Engineer,Employee
E020210,BU001,Customer Service Rep,Employee
E020211,BU001,Security Analyst,Contractor
E020212,BU001,Customer Service Rep,Employee
E020213,BU001,Branch Manager,Employee
E020214,BU001,Security Analyst,Employee
E020215,BU007,Software Engineer,Employee
E020216,BU001,Systems Administrator,Employee
E020217,BU005,Branch Manager,Employee
E020218,BU002,Financial Advisor,Employee
E020219,BU006,Network Engineer,Employee
E020220,BU010,Network Engineer,Contractor
E020221,BU001,Security Analyst,Employee
E020222,BU008,Customer Service Rep,Employee
E020223,BU003,Network Engineer,Employee
E020224,BU006,Software Engineer,Employee
E020225,BU003,Systems Administrator,Employee
E020226,BU002,Software Engineer,Employee
E020227,BU001,Risk Analyst,Employee
E020228,BU001,Branch Manager,Contractor
E020229,BU002,Branch Manager,Contractor
E020230,BU010,Data Engineer,Employee
E020231,BU004,Data Engineer,Employee
E020232,BU001,Security Analyst,Employee
E020233,BU007,Network Engineer,Employee
E020234,BU005,Financial Advisor,Employee
E020235,BU001,Security Analyst,Employee
E020236,BU001,Software Engineer,Employee
E020237,BU001,Financial Advisor,Employee
E020238,BU008,Customer Service Rep,Employee
E020239,BU007,Risk Analyst,Employee
E020240,BU001,Network Engineer,Contractor
E020241,BU001,Data Engineer,Employee
E020242,BU006,Risk Analyst,Employee
E020243,BU009,Financial Advisor,Employee
E020244,BU005,Systems Administrator,Employee
E020245,BU003,Security Analyst,Employee
E020246,BU001,Risk Analyst,Employee
E020247,BU002,Software Engineer,Employee
E020248,BU001,Branch Manager,Employee
E020249,BU006,Security Analyst,Employee
E020250,BU001,Operations Analyst,Employee
E020251,BU007,Financial Advisor,Employee
E020252,BU001,Systems Administrator,Employee
E020253,BU007,Software Engineer,Employee
E020254,BU001,Systems Administrator,Employee
E020255,BU002,Financial Advisor,Employee
E020256,BU003,Network Engineer,Employee
E020257,BU001,Customer Service Rep,Employee
E020258,BU009,Data Engineer,Employee
E020259,BU003,Financial Advisor,Employee
E020260,BU002,Data Engineer,Employee
E020261,BU007,Financial Advisor,Employee
E020262,BU008,Risk Analyst,Employee
E020263,BU002,Security Analyst,Employee
E020264,BU009,Customer Service Rep,Employee
E020265,BU001,Security Analyst,Employee
E020266,BU001,Security Analyst,Employee
E020267,BU003,Operations Analyst,Employee
E020268,BU001,Financial Advisor,Employee
E020269,BU002,Operations Analyst,Employee
E020270,BU001,Data Engineer,Contractor
E020271,BU001,Customer Service Rep,Employee
E020272,BU007,Operations Analyst,Employee
E020273,BU003,Systems Administrator,Employee
E020274,BU010,Customer Service Rep,Employee
E020275,BU006,Software Engineer,Employee
E020276,BU001,Financial Advisor,Employee
E020277,BU001,Branch Manager,Employee
E020278,BU001,Security Analyst,Employee
E020279,BU007,Security Analyst,Employee
E020280,BU001,Branch Manager,Employee
E020281,BU001,Systems Administrator,Employee
E020282,BU009,Branch Manager,Contractor
E020283,BU003,Risk Analyst,Employee
E020284,BU001,Branch Manager,Employee
E020285,BU001,Financial Advisor,Employee
E020286,BU008,Risk Analyst,Employee
E020287,BU009,Branch Manager,Contractor
E020288,BU001,Customer Service Rep,Employee
E020289,BU002,Software Engineer,Employee
E020290,BU007,Network Engineer,Contractor
E020291,BU005,Security Analyst,Employee
E020292,BU006,Branch Manager,Employee
E020293,BU002,Branch Manager,Employee
E020294,BU009,Data Engineer,Employee
E020295,BU001,Security Analyst,Employee
E020296,BU001,Branch Manager,Employee
E020297,BU004,Financial Advisor,Employee
E020298,BU002,Systems Administrator,Employee
E020299,BU007,Branch Manager,Employee
E020300,BU001,Financial Advisor,Contractor
E020301,BU007,Branch Manager,Employee
E020302,BU001,Software Engineer,Employee
E020303,BU003,Risk Analyst,Employee
E020304,BU001,Data Engineer,Contractor
E020305,BU003,Financial Advisor,Employee
E020306,BU004,Operations Analyst,Employee
E020307,BU001,Network Engineer,Employee
E020308,BU001,Systems Administrator,Contractor
E020309,BU002,Risk Analyst,Contractor
E020310,BU007,Software Engineer,Employee
E020311,BU001,Software Engineer,Employee
E020312,BU001,Risk Analyst,Employee
E020313,BU001,Customer Service Rep,Employee
E020314,BU009,Operations Analyst,Employee
E020315,BU001,Customer Service Rep,Employee
E020316,BU001,Risk Analyst,Employee
E020317,BU006,Network Engineer,Employee
E020318,BU004,Data Engineer,Employee
E020319,BU001,Data Engineer,Employee
E020320,BU010,Risk Analyst,Employee
E020321,BU003,Operations Analyst,Employee
E020322,BU002,Data Engineer,Employee
E020323,BU001,Risk Analyst,Employee
E020324,BU009,Security Analyst,Contractor
E020325,BU001,Systems Administrator,Employee
E020326,BU001,Data Engineer,Employee
E020327,BU001,Data Engineer,Employee
E020328,BU005,Data Engineer,Employee
E020329,BU003,Branch Manager,Employee
E020330,BU003,Data Engineer,Employee
E020331,BU001,Financial Advisor,Employee
E020332,BU003,Systems Administrator,Contractor
E020333,BU005,Risk Analyst,Employee
E020334,BU001,Financial Advisor,Employee
E020335,BU006,Branch Manager,Employee
E020336,BU001,Security Analyst,Contractor
E020337,BU005,Risk Analyst,Contractor
E020338,BU001,Operations Analyst,Employee
E020339,BU003,Software Engineer,Employee
E020340,BU010,Operations Analyst,Employee
E020341,BU010,Data Engineer,Employee
E020342,BU001,Financial Advisor,Employee
E020343,BU002,Security Analyst,Employee
E020344,BU001,Financial Advisor,Employee
E020345,BU008,Software Engineer,Employee
E020346,BU003,Operations Analyst,Employee
E020347,BU001,Network Engineer,Employee
E020348,BU001,Customer Service Rep,Employee
E020349,BU009,Branch Manager,Employee
E020350,BU002,Software Engineer,Employee
E020351,BU001,Security Analyst,Employee
E020352,BU001,Branch Manager,Employee
E020353,BU001,Operations Analyst,Employee
E020354,BU003,Financial Advisor,Employee
E020355,BU009,Software Engineer,Employee
E020356,BU007,Software Engineer,Employee
E020357,BU002,Financial Advisor,Employee
E020358,BU007,Financial Advisor,Employee
E020359,BU002,Network Engineer,Employee
E020360,BU001,Security Analyst,Employee
E020361,BU010,Operations Analyst,Employee
E020362,BU001,Software Engineer,Employee
E020363,BU001,Security Analyst,Employee
E020364,BU010,Security Analyst,Employee
E020365,BU001,Systems Administrator,Employee
E020366,BU005,Branch Manager,Contractor
E020367,BU009,Network Engineer,Employee
E020368,BU002,Network Engineer,Employee
E020369,BU001,Data Engineer,Contractor
E020370,BU001,Systems Administrator,Employee
E020371,BU001,Risk Analyst,Employee
E020372,BU001,Financial Advisor,Employee
E020373,BU006,Software Engineer,Contractor
E020374,BU002,Risk Analyst,Employee
E020375,BU002,Operations Analyst,Employee
E020376,BU003,Customer Service Rep,Employee
E020377,BU003,Risk Analyst,Employee
E020378,BU007,Data Engineer,Contractor
E020379,BU001,Financial Advisor,Employee
E020380,BU007,Security Analyst,Employee
E020381,BU003,Risk Analyst,Contractor
E020382,BU001,Branch Manager,Employee
E020383,BU001,Data Engineer,Contractor
E020384,BU001,Risk Analyst,Employee
E020385,BU003,Customer Service Rep,Employee
E020386,BU001,Branch Manager,Employee
E020387,BU009,Security Analyst,Employee
E020388,BU003,Systems Administrator,Employee
E020389,BU009,Customer Service Rep,Employee
E020390,BU001,Financial Advisor,Employee
E020391,BU001,Data Engineer,Employee
E020392,BU001,Branch Manager,Contractor
E020393,BU001,Customer Service Rep,Employee
E020394,BU008,Branch Manager,Employee
E020395,BU001,Network Engineer,Employee
E020396,BU002,Network Engineer,Employee
E020397,BU001,Operations Analyst,Contractor
E020398,BU001,Data Engineer,Employee
E020399,BU007,Operations Analyst,Employee
E020400,BU003,Systems Administrator,Contractor
E020401,BU004,Financial Advisor,Contractor
E020402,BU001,Customer Service Rep,Employee
E020403,BU009,Operations Analyst,Employee
E020404,BU004,Risk Analyst,Employee
E020405,BU002,Customer Service Rep,Employee
E020406,BU002,Branch Manager,Employee
E020407,BU009,Risk Analyst,Employee
E020408,BU003,Security Analyst,Employee
E020409,BU004,Security Analyst,Employee
E020410,BU001,Network Engineer,Employee
E020411,BU001,Risk Analyst,Employee
E020412,BU004,Financial Advisor,Employee
E020413,BU003,Security Analyst,Employee
E020414,BU002,Branch Manager,Employee
E020415,BU003,Branch Manager,Employee
E020416,BU001,Systems Administrator,Employee
E020417,BU006,Security Analyst,Contractor
E020418,BU009,Security Analyst,Employee
E020419,BU009,Operations Analyst,Employee
E020420,BU001,Branch Manager,Employee
E020421,BU001,Branch Manager,Employee
E020422,BU006,Risk Analyst,Employee
E020423,BU003,Risk Analyst,Employee
E020424,BU003,Network Engineer,Employee
E020425,BU009,Branch Manager,Employee
E020426,BU002,Operations Analyst,Employee
E020427,BU002,Customer Service Rep,Employee
E020428,BU001,Security Analyst,Employee
E020429,BU001,Security Analyst,Contractor
E020430,BU001,Data Engineer,Employee
E020431,BU009,Customer Service Rep,Employee
E020432,BU001,Financial Advisor,Employee
E020433,BU002,Data Engineer,Employee
E020434,BU007,Financial Advisor,Employee
E020435,BU003,Operations Analyst,Employee
E020436,BU003,Branch Manager,Employee
E020437,BU001,Systems Administrator,Employee
E020438,BU007,Data Engineer,Contractor
E020439,BU001,Financial Advisor,Employee
E020440,BU001,Risk Analyst,Employee
E020441,BU001,Operations Analyst,Contractor
E020442,BU001,Security Analyst,Employee
E020443,BU001,Network Engineer,Employee
E020444,BU004,Customer Service Rep,Contractor
E020445,BU001,Operations Analyst,Employee
E020446,BU004,Data Engineer,Employee
E020447,BU001,Data Engineer,Employee
E020448,BU001,Systems Administrator,Employee
E020449,BU002,Systems Administrator,Employee
E020450,BU009,Financial Advisor,Employee
E020451,BU007,Software Engineer,Employee
E020452,BU010,Branch Manager,Employee
E020453,BU003,Branch Manager,Employee
E020454,BU004,Data Engineer,Employee
E020455,BU003,Software Engineer,Employee
E020456,BU003,Network Engineer,Employee
E020457,BU001,Network Engineer,Employee
E020458,BU003,Software Engineer,Employee
E020459,BU001,Operations Analyst,Employee
E020460,BU002,Customer Service Rep,Contractor
E020461,BU002,Operations Analyst,Employee
E020462,BU001,Software Engineer,Employee
E020463,BU001,Security Analyst,Employee
E020464,BU001,Customer Service Rep,Employee
E020465,BU010,Data Engineer,Employee
E020466,BU001,Network Engineer,Employee
E020467,BU001,Operations Analyst,Employee
E020468,BU009,Systems Administrator,Employee
E020469,BU002,Risk Analyst,Employee
E020470,BU001,Customer Service Rep,Employee
E020471,BU001,Software Engineer,Employee
E020472,BU001,Network Engineer,Employee
E020473,BU001,Security Analyst,Employee
E020474,BU001,Data Engineer,Employee
E020475,BU002,Data Engineer,Employee
E020476,BU006,Software Engineer,Employee
E020477,BU003,Risk Analyst,Employee
E020478,BU003,Operations Analyst,Employee
E020479,BU001,Software Engineer,Employee
E020480,BU001,Financial Advisor,Employee
E020481,BU007,Risk Analyst,Employee
E020482,BU001,Network Engineer,Employee
E020483,BU007,Risk Analyst,Contractor
E020484,BU002,Software Engineer,Employee
E020485,BU007,Financial Advisor,Employee
E020486,BU001,Operations Analyst,Employee
E020487,BU001,Security Analyst,Employee
E020488,BU005,Software Engineer,Employee
E020489,BU006,Operations Analyst,Employee
E020490,BU001,Financial Advisor,Employee
E020491,BU010,Software Engineer,Employee
E020492,BU001,Customer Service Rep,Employee
E020493,BU001,Software Engineer,Employee
E020494,BU003,Network Engineer,Contractor
E020495,BU004,Financial Advisor,Contractor
E020496,BU010,Branch Manager,Employee
E020497,BU001,Operations Analyst,Employee
E020498,BU001,Security Analyst,Employee
E020499,BU003,Systems Administrator,Contractor
E020500,BU001,Financial Advisor,Employee
E020501,BU002,Security Analyst,Employee
E020502,BU002,Systems Administrator,Contractor
E020503,BU001,Branch Manager,Employee
E020504,BU002,Risk Analyst,Employee
E020505,BU002,Risk Analyst,Employee
E020506,BU004,Risk Analyst,Employee
E020507,BU003,Systems Administrator,Employee
E020508,BU001,Systems Administrator,Contractor
E020509,BU001,Software Engineer,Contractor
E020510,BU001,Security Analyst,Employee
E020511,BU001,Risk Analyst,Employee
E020512,BU003,Network Engineer,Employee
E020513,BU010,Network Engineer,Employee
E020514,BU003,Customer Service Rep,Employee
E020515,BU003,Customer Service Rep,Contractor
E020516,BU001,Operations Analyst,Employee
E020517,BU001,Customer Service Rep,Contractor
E020518,BU009,Software Engineer,Employee
E020519,BU010,Risk Analyst,Employee
E020520,BU002,Data Engineer,Contractor
E020521,BU001,Customer Service Rep,Employee
E020522,BU005,Software Engineer,Employee
E020523,BU001,Network Engineer,Employee
E020524,BU005,Data Engineer,Contractor
E020525,BU006,Security Analyst,Employee
E020526,BU001,Branch Manager,Employee
E020527,BU010,Data Engineer,Employee
E020528,BU010,Software Engineer,Employee
E020529,BU009,Financial Advisor,Employee
E020530,BU002,Network Engineer,Contractor
E020531,BU001,Operations Analyst,Employee
E020532,BU003,Branch Manager,Employee
E020533,BU001,Systems Administrator,Contractor
E020534,BU001,Security Analyst,Employee
E020535,BU002,Customer Service Rep,Employee
E020536,BU004,Systems Administrator,Employee
E020537,BU001,Branch Manager,Employee
E020538,BU001,Systems Administrator,Employee
E020539,BU001,Systems Administrator,Employee
E020540,BU005,Data Engineer,Employee
E020541,BU003,Network Engineer,Employee
E020542,BU001,Data Engineer,Employee
E020543,BU010,Security Analyst,Employee
E020544,BU001,Customer Service Rep,Employee
E020545,BU003,Systems Administrator,Employee
E020546,BU005,Data Engineer,Employee
E020547,BU006,Operations Analyst,Employee
E020548,BU001,Customer Service Rep,Employee
E020549,BU009,Network Engineer,Employee
E020550,BU009,Software Engineer,Contractor
E020551,BU003,Systems Administrator,Employee
E020552,BU002,Data Engineer,Employee
E020553,BU001,Software Engineer,Employee
E020554,BU003,Customer Service Rep,Employee
E020555,BU001,Network Engineer,Employee
E020556,BU005,Data Engineer,Employee
E020557,BU001,Financial Advisor,Employee
E020558,BU004,Systems Administrator,Employee
E020559,BU001,Security Analyst,Employee
E020560,BU001,Operations Analyst,Employee
E020561,BU001,Operations Analyst,Employee
E020562,BU001,Customer Service Rep,Employee
E020563,BU003,Operations Analyst,Employee
E020564,BU006,Software Engineer,Employee
E020565,BU003,Financial Advisor,Employee
E020566,BU003,Network Engineer,Employee
E020567,BU004,Operations Analyst,Employee
E020568,BU001,Security Analyst,Employee
E020569,BU001,Security Analyst,Contractor
E020570,BU001,Software Engineer,Employee
E020571,BU004,Operations Analyst,Employee
E020572,BU001,Customer Service Rep,Employee
E020573,BU001,Systems Administrator,Employee
E020574,BU003,Financial Advisor,Employee
E020575,BU009,Security Analyst,Employee
E020576,BU003,Financial Advisor,Employee
E020577,BU006,Customer Service Rep,Employee
E020578,BU004,Risk Analyst,Employee
E020579,BU002,Risk Analyst,Employee
E020580,BU004,Risk Analyst,Employee
E020581,BU007,Financial Advisor,Employee
E020582,BU001,Customer Service Rep,Employee
E020583,BU001,Software Engineer,Employee
E020584,BU001,Customer Service Rep,Employee
E020585,BU002,Security Analyst,Employee
E020586,BU008,Operations Analyst,Employee
E020587,BU001,Branch Manager,Employee
E020588,BU001,Customer Service Rep,Employee
E020589,BU008,Systems Administrator,Employee
E020590,BU002,Risk Analyst,Employee
E020591,BU002,Operations Analyst,Employee
E020592,BU008,Data Engineer,Employee
E020593,BU002,Data Engineer,Employee
E020594,BU004,Financial Advisor,Employee
E020595,BU001,Security Analyst,Employee
E020596,BU001,Systems Administrator,Employee
E020597,BU001,Operations Analyst,Employee
E020598,BU002,Customer Service Rep,Contractor
E020599,BU010,Data Engineer,Employee
E020600,BU010,Software Engineer,Employee
E020601,BU007,Operations Analyst,Contractor
E020602,BU001,Risk Analyst,Employee
E020603,BU010,Software Engineer,Employee
E020604,BU004,Security Analyst,Employee
E020605,BU001,Branch Manager,Contractor
E020606,BU004,Data Engineer,Employee
E020607,BU001,Risk Analyst,Employee
E020608,BU001,Financial Advisor,Employee
E020609,BU007,Systems Administrator,Employee
E020610,BU003,Operations Analyst,Employee
E020611,BU001,Systems Administrator,Employee
E020612,BU002,Systems Administrator,Employee
E020613,BU009,Software Engineer,Employee
E020614,BU003,Network Engineer,Employee
E020615,BU001,Financial Advisor,Employee
E020616,BU001,Systems Administrator,Employee
E020617,BU001,Operations Analyst,Employee
E020618,BU010,Data Engineer,Employee
E020619,BU002,Financial Advisor,Employee
E020620,BU002,Customer Service Rep,Employee
E020621,BU002,Branch Manager,Employee
E020622,BU008,Security Analyst,Employee
E020623,BU003,Branch Manager,Employee
E020624,BU004,Data Engineer,Employee
E020625,BU001,Data Engineer,Employee
E020626,BU001,Branch Manager,Employee
E020627,BU009,Risk Analyst,Employee
E020628,BU009,Data Engineer,Employee
E020629,BU009,Risk Analyst,Employee
E020630,BU009,Systems Administrator,Employee
E020631,BU006,Network Engineer,Employee
E020632,BU004,Network Engineer,Employee
E020633,BU007,Customer Service Rep,Employee
E020634,BU003,Data Engineer,Employee
E020635,BU001,Customer Service Rep,Employee
E020636,BU001,Software Engineer,Contractor
E020637,BU010,Financial Advisor,Employee
E020638,BU001,Systems Administrator,Contractor
E020639,BU008,Data Engineer,Employee
E020640,BU001,Branch Manager,Contractor
E020641,BU001,Customer Service Rep,Employee
E020642,BU001,Network Engineer,Employee
E020643,BU001,Risk Analyst,Employee
E020644,BU001,Branch Manager,Contractor
E020645,BU001,Software Engineer,Employee
E020646,BU007,Financial Advisor,Employee
E020647,BU001,Data Engineer,Employee
E020648,BU001,Data Engineer,Employee
E020649,BU001,Operations Analyst,Employee
E020650,BU004,Operations Analyst,Employee
E020651,BU003,Customer Service Rep,Employee
E020652,BU003,Data Engineer,Employee
E020653,BU001,Software Engineer,Employee
E020654,BU001,Branch Manager,Employee
E020655,BU004,Branch Manager,Employee
E020656,BU006,Branch Manager,Employee
E020657,BU001,Security Analyst,Contractor
E020658,BU002,Financial Advisor,Employee
E020659,BU001,Risk Analyst,Employee
E020660,BU001,Operations Analyst,Employee
E020661,BU004,Customer Service Rep,Employee
E020662,BU002,Risk Analyst,Employee
E020663,BU001,Risk Analyst,Employee
E020664,BU001,Software Engineer,Employee
E020665,BU010,Software Engineer,Employee
E020666,BU007,Software Engineer,Contractor
E020667,BU008,Branch Manager,Employee
E020668,BU002,Data Engineer,Employee
E020669,BU003,Systems Administrator,Employee
E020670,BU001,Software Engineer,Employee
E020671,BU001,Security Analyst,Employee
E020672,BU001,Financial Advisor,Employee
E020673,BU003,Risk Analyst,Contractor
E020674,BU001,Network Engineer,Contractor
E020675,BU007,Security Analyst,Employee
E020676,BU001,Network Engineer,Employee
E020677,BU001,Risk Analyst,Contractor
E020678,BU001,Customer Service Rep,Employee
E020679,BU001,Software Engineer,Employee
E020680,BU001,Customer Service Rep,Employee
E020681,BU001,Security Analyst,Employee
E020682,BU001,Customer Service Rep,Employee
E020683,BU002,Security Analyst,Employee
E020684,BU003,Systems Administrator,Employee
E020685,BU001,Network Engineer,Employee
E020686,BU002,Systems Administrator,Employee
E020687,BU002,Risk Analyst,Employee
E020688,BU001,Software Engineer,Employee
E020689,BU007,Branch Manager,Employee
E020690,BU003,Risk Analyst,Employee
E020691,BU001,Operations Analyst,Employee
E020692,BU009,Security Analyst,Contractor
E020693,BU007,Branch Manager,Employee
E020694,BU010,Operations Analyst,Employee
E020695,BU004,Systems Administrator,Employee
E020696,BU001,Operations Analyst,Employee
E020697,BU001,Software Engineer,Employee
E020698,BU004,Customer Service Rep,Employee
E020699,BU010,Financial Advisor,Employee
E020700,BU003,Risk Analyst,Employee
E020701,BU008,Data Engineer,Contractor
E020702,BU001,Network Engineer,Employee
E020703,BU001,Customer Service Rep,Employee
E020704,BU009,Security Analyst,Employee
E020705,BU005,Financial Advisor,Employee
E020706,BU010,Branch Manager,Employee
E020707,BU005,Security Analyst,Contractor
E020708,BU002,Risk Analyst,Employee
E020709,BU002,Security Analyst,Employee
E020710,BU009,Branch Manager,Employee
E020711,BU003,Network Engineer,Employee
E020712,BU001,Network Engineer,Employee
E020713,BU002,Software Engineer,Employee
E020714,BU002,Security Analyst,Employee
E020715,BU001,Data Engineer,Contractor
E020716,BU005,Software Engineer,Employee
E020717,BU001,Data Engineer,Contractor
E020718,BU001,Customer Service Rep,Employee
E020719,BU006,Software Engineer,Employee
E020720,BU002,Operations Analyst,Employee
E020721,BU007,Security Analyst,Employee
E020722,BU001,Network Engineer,Employee
E020723,BU009,Security Analyst,Employee
E020724,BU001,Network Engineer,Employee
E020725,BU001,Network Engineer,Contractor
E020726,BU008,Network Engineer,Contractor
E020727,BU005,Customer Service Rep,Employee
E020728,BU001,Financial Advisor,Employee
E020729,BU010,Branch Manager,Employee
E020730,BU002,Customer Service Rep,Employee
E020731,BU009,Operations Analyst,Employee
E020732,BU002,Systems Administrator,Employee
E020733,BU002,Customer Service Rep,Employee
E020734,BU002,Branch Manager,Employee
E020735,BU001,Security Analyst,Employee
E020736,BU002,Risk Analyst,Employee
E020737,BU002,Network Engineer,Employee
E020738,BU001,Financial Advisor,Employee
E020739,BU001,Branch Manager,Employee
E020740,BU001,Software Engineer,Employee
E020741,BU008,Operations Analyst,Contractor
E020742,BU003,Financial Advisor,Employee
E020743,BU005,Financial Advisor,Employee
E020744,BU009,Customer Service Rep,Employee
E020745,BU003,Operations Analyst,Employee
E020746,BU010,Financial Advisor,Employee
E020747,BU001,Data Engineer,Employee
E020748,BU001,Software Engineer,Employee
E020749,BU001,Branch Manager,Employee
E020750,BU002,Branch Manager,Employee
E020751,BU009,Branch Manager,Employee
E020752,BU003,Operations Analyst,Employee
E020753,BU001,Risk Analyst,Employee
E020754,BU005,Risk Analyst,Employee
E020755,BU002,Risk Analyst,Employee
E020756,BU001,Operations Analyst,Employee
E020757,BU003,Software Engineer,Employee
E020758,BU009,Software Engineer,Employee
E020759,BU007,Operations Analyst,Employee
E020760,BU003,Network Engineer,Employee
E020761,BU001,Financial Advisor,Employee
E020762,BU001,Operations Analyst,Employee
E020763,BU002,Financial Advisor,Employee
E020764,BU005,Software Engineer,Employee
E020765,BU001,Systems Administrator,Employee
E020766,BU001,Branch Manager,Employee
E020767,BU009,Financial Advisor,Contractor
E020768,BU007,Data Engineer,Contractor
E020769,BU003,Software Engineer,Contractor
E020770,BU001,Security Analyst,Employee
E020771,BU001,Risk Analyst,Employee
E020772,BU001,Security Analyst,Employee
E020773,BU003,Risk Analyst,Employee
E020774,BU001,Security Analyst,Employee
E020775,BU007,Operations Analyst,Employee
E020776,BU010,Branch Manager,Employee
E020777,BU001,Network Engineer,Employee
E020778,BU002,Risk Analyst,Employee
E020779,BU004,Branch Manager,Employee
E020780,BU009,Operations Analyst,Employee
E020781,BU009,Branch Manager,Employee
E020782,BU001,Operations Analyst,Employee
E020783,BU001,Customer Service Rep,Employee
E020784,BU005,Data Engineer,Employee
E020785,BU004,Security Analyst,Employee
E020786,BU001,Security Analyst,Employee
E020787,BU002,Operations Analyst,Employee
E020788,BU006,Software Engineer,Employee
E020789,BU001,Network Engineer,Employee
E020790,BU008,Network Engineer,Employee
E020791,BU001,Risk Analyst,Employee
E020792,BU006,Risk Analyst,Employee
E020793,BU003,Financial Advisor,Employee
E020794,BU001,Security Analyst,Contractor
E020795,BU004,Data Engineer,Employee
E020796,BU006,Data Engineer,Employee
E020797,BU009,Security Analyst,Employee
E020798,BU001,Systems Administrator,Contractor
E020799,BU004,Operations Analyst,Employee
E020800,BU003,Operations Analyst,Employee
E020801,BU002,Branch Manager,Employee
E020802,BU009,Software Engineer,Employee
E020803,BU001,Risk Analyst,Employee
E020804,BU001,Data Engineer,Employee
E020805,BU002,Software Engineer,Employee
E020806,BU001,Operations Analyst,Employee
E020807,BU009,Branch Manager,Employee
E020808,BU003,Risk Analyst,Employee
E020809,BU002,Security Analyst,Employee
E020810,BU006,Financial Advisor,Employee
E020811,BU002,Risk Analyst,Employee
E020812,BU003,Branch Manager,Employee
E020813,BU001,Software Engineer,Employee
E020814,BU001,Data Engineer,Employee
E020815,BU001,Software Engineer,Employee
E020816,BU004,Software Engineer,Employee
E020817,BU002,Risk Analyst,Employee
E020818,BU001,Data Engineer,Employee
E020819,BU002,Branch Manager,Employee
E020820,BU001,Network Engineer,Contractor
E020821,BU009,Systems Administrator,Employee
E020822,BU001,Risk Analyst,Contractor
E020823,BU008,Software Engineer,Employee
E020824,BU002,Operations Analyst,Employee
E020825,BU003,Systems Administrator,Employee
E020826,BU001,Operations Analyst,Employee
E020827,BU010,Network Engineer,Employee
E020828,BU001,Software Engineer,Employee
E020829,BU003,Risk Analyst,Contractor
E020830,BU010,Branch Manager,Employee
E020831,BU008,Branch Manager,Contractor
E020832,BU002,Financial Advisor,Employee
E020833,BU010,Risk Analyst,Employee
E020834,BU004,Data Engineer,Employee
E020835,BU001,Branch Manager,Employee
E020836,BU001,Data Engineer,Employee
E020837,BU001,Systems Administrator,Employee
E020838,BU001,Software Engineer,Employee
E020839,BU005,Network Engineer,Employee
E020840,BU003,Financial Advisor,Employee
E020841,BU001,Data Engineer,Employee
E020842,BU008,Systems Administrator,Contractor
E020843,BU001,Network Engineer,Employee
E020844,BU010,Operations Analyst,Employee
E020845,BU009,Customer Service Rep,Contractor
E020846,BU009,Data Engineer,Employee
E020847,BU006,Network Engineer,Employee
E020848,BU001,Network Engineer,Employee
E020849,BU002,Financial Advisor,Employee
E020850,BU001,Security Analyst,Contractor
E020851,BU001,Branch Manager,Employee
E020852,BU003,Software Engineer,Employee
E020853,BU001,Financial Advisor,Employee
E020854,BU010,Software Engineer,Employee
E020855,BU009,Risk Analyst,Employee
E020856,BU001,Security Analyst,Employee
E020857,BU002,Software Engineer,Employee
E020858,BU002,Security Analyst,Employee
E020859,BU008,Branch Manager,Employee
E020860,BU004,Security Analyst,Contractor
E020861,BU001,Operations Analyst,Employee
E020862,BU002,Customer Service Rep,Employee
E020863,BU002,Systems Administrator,Employee
E020864,BU009,Systems Administrator,Employee
E020865,BU001,Financial Advisor,Employee
E020866,BU001,Data Engineer,Employee
E020867,BU008,Customer Service Rep,Employee
E020868,BU009,Security Analyst,Employee
E020869,BU008,Security Analyst,Employee
E020870,BU002,Data Engineer,Employee
E020871,BU003,Network Engineer,Employee
E020872,BU003,Security Analyst,Employee
E020873,BU001,Software Engineer,Employee
E020874,BU003,Customer Service Rep,Employee
E020875,BU001,Data Engineer,Employee
E020876,BU001,Network Engineer,Contractor
E020877,BU009,Software Engineer,Contractor
E020878,BU001,Software Engineer,Employee
E020879,BU009,Software Engineer,Employee
E020880,BU001,Risk Analyst,Employee
E020881,BU001,Risk Analyst,Employee
E020882,BU003,Operations Analyst,Employee
E020883,BU005,Security Analyst,Employee
E020884,BU002,Security Analyst,Employee
E020885,BU008,Network Engineer,Employee
E020886,BU001,Branch Manager,Employee
E020887,BU009,Security Analyst,Employee
E020888,BU001,Software Engineer,Employee
E020889,BU008,Branch Manager,Employee
E020890,BU001,Branch Manager,Employee
E020891,BU007,Financial Advisor,Employee
E020892,BU004,Financial Advisor,Employee
E020893,BU001,Operations Analyst,Employee
E020894,BU009,Branch Manager,Employee
E020895,BU001,Security Analyst,Employee
E020896,BU001,Software Engineer,Employee
E020897,BU006,Software Engineer,Employee
E020898,BU001,Systems Administrator,Contractor
E020899,BU001,Risk Analyst,Employee
E020900,BU002,Risk Analyst,Employee
E020901,BU007,Security Analyst,Employee
E020902,BU001,Branch Manager,Employee
E020903,BU003,Operations Analyst,Contractor
E020904,BU004,Operations Analyst,Employee
E020905,BU008,Customer Service Rep,Employee
E020906,BU009,Financial Advisor,Employee
E020907,BU006,Data Engineer,Employee
E020908,BU003,Data Engineer,Employee
E020909,BU002,Operations Analyst,Employee
E020910,BU001,Security Analyst,Employee
E020911,BU004,Customer Service Rep,Employee
E020912,BU010,Customer Service Rep,Employee
E020913,BU004,Security Analyst,Contractor
E020914,BU001,Branch Manager,Contractor
E020915,BU002,Risk Analyst,Employee
E020916,BU003,Customer Service Rep,Employee
E020917,BU004,Data Engineer,Employee
E020918,BU004,Financial Advisor,Employee
E020919,BU003,Data Engineer,Employee
E020920,BU001,Security Analyst,Employee
E020921,BU009,Security Analyst,Employee
E020922,BU004,Systems Administrator,Contractor
E020923,BU001,Risk Analyst,Employee
E020924,BU001,Network Engineer,Employee
E020925,BU009,Customer Service Rep,Employee
E020926,BU008,Branch Manager,Contractor
E020927,BU001,Security Analyst,Employee
E020928,BU001,Branch Manager,Employee
E020929,BU001,Security Analyst,Employee
E020930,BU001,Risk Analyst,Employee
E020931,BU003,Branch Manager,Employee
E020932,BU003,Network Engineer,Employee
E020933,BU003,Data Engineer,Employee
E020934,BU004,Security Analyst,Employee
E020935,BU001,Software Engineer,Employee
E020936,BU001,Customer Service Rep,Contractor
E020937,BU001,Network Engineer,Employee
E020938,BU001,Network Engineer,Employee
E020939,BU001,Security Analyst,Employee
E020940,BU003,Risk Analyst,Employee
E020941,BU006,Systems Administrator,Employee
E020942,BU005,Financial Advisor,Employee
E020943,BU006,Data Engineer,Employee
E020944,BU004,Financial Advisor,Employee
E020945,BU004,Operations Analyst,Employee
E020946,BU001,Risk Analyst,Employee
E020947,BU010,Data Engineer,Employee
E020948,BU001,Network Engineer,Employee
E020949,BU001,Operations Analyst,Employee
E020950,BU001,Network Engineer,Employee
E020951,BU010,Network Engineer,Employee
E020952,BU010,Operations Analyst,Employee
E020953,BU006,Software Engineer,Employee
E020954,BU003,Software Engineer,Contractor
E020955,BU002,Financial Advisor,Contractor
E020956,BU010,Software Engineer,Contractor
E020957,BU004,Risk Analyst,Employee
E020958,BU009,Data Engineer,Employee
E020959,BU001,Systems Administrator,Employee
E020960,BU001,Software Engineer,Employee
E020961,BU007,Branch Manager,Employee
E020962,BU001,Network Engineer,Contractor
E020963,BU009,Network Engineer,Employee
E020964,BU002,Systems Administrator,Employee
E020965,BU009,Software Engineer,Employee
E020966,BU001,Operations Analyst,Employee
E020967,BU004,Security Analyst,Employee
E020968,BU002,Security Analyst,Employee
E020969,BU003,Branch Manager,Employee
E020970,BU002,Risk Analyst,Employee
E020971,BU010,Security Analyst,Employee
E020972,BU004,Customer Service Rep,Employee
E020973,BU001,Risk Analyst,Employee
E020974,BU009,Software Engineer,Employee
E020975,BU001,Operations Analyst,Contractor
E020976,BU001,Systems Administrator,Employee
E020977,BU001,Customer Service Rep,Employee
E020978,BU009,Operations Analyst,Employee
E020979,BU001,Software Engineer,Employee
E020980,BU001,Customer Service Rep,Employee
E020981,BU009,Risk Analyst,Employee
E020982,BU006,Risk Analyst,Employee
E020983,BU001,Data Engineer,Employee
E020984,BU005,Financial Advisor,Employee
E020985,BU009,Financial Advisor,Employee
E020986,BU001,Branch Manager,Employee
E020987,BU007,Security Analyst,Employee
E020988,BU003,Financial Advisor,Employee
E020989,BU004,Software Engineer,Employee
E020990,BU002,Customer Service Rep,Employee
E020991,BU004,Security Analyst,Employee
E020992,BU001,Financial Advisor,Employee
E020993,BU005,Customer Service Rep,Employee
E020994,BU001,Branch Manager,Contractor
E020995,BU002,Operations Analyst,Contractor
E020996,BU001,Customer Service Rep,Employee
E020997,BU007,Customer Service Rep,Employee
E020998,BU001,Software Engineer,Contractor
E020999,BU002,Branch Manager,Employee
E021000,BU002,Branch Manager,Employee
E021001,BU005,Systems Administrator,Employee
E021002,BU002,Data Engineer,Employee
E021003,BU006,Branch Manager,Employee
E021004,BU001,Systems Administrator,Employee
E021005,BU001,Security Analyst,Employee
E021006,BU003,Data Engineer,Employee
E021007,BU009,Financial Advisor,Employee
E021008,BU001,Financial Advisor,Employee
E021009,BU001,Customer Service Rep,Employee
E021010,BU001,Risk Analyst,Employee
E021011,BU003,Risk Analyst,Employee
E021012,BU001,Network Engineer,Employee
E021013,BU007,Branch Manager,Employee
E021014,BU001,Branch Manager,Employee
E021015,BU001,Software Engineer,Employee
E021016,BU001,Customer Service Rep,Contractor
E021017,BU003,Financial Advisor,Employee
E021018,BU004,Customer Service Rep,Employee
E021019,BU001,Branch Manager,Contractor
E021020,BU009,Financial Advisor,Employee
E021021,BU001,Network Engineer,Employee
E021022,BU004,Operations Analyst,Employee
E021023,BU002,Risk Analyst,Employee
E021024,BU001,Operations Analyst,Employee
E021025,BU007,Risk Analyst,Employee
E021026,BU006,Security Analyst,Employee
E021027,BU001,Systems Administrator,Contractor
E021028,BU003,Branch Manager,Employee
E021029,BU001,Security Analyst,Employee
E021030,BU004,Security Analyst,Employee
E021031,BU001,Risk Analyst,Employee
E021032,BU007,Operations Analyst,Employee
E021033,BU001,Systems Administrator,Employee
E021034,BU001,Financial Advisor,Employee
E021035,BU001,Systems Administrator,Employee
E021036,BU001,Security Analyst,Employee
E021037,BU002,Network Engineer,Employee
E021038,BU001,Security Analyst,Employee
E021039,BU005,Financial Advisor,Employee
E021040,BU001,Security Analyst,Employee
E021041,BU004,Data Engineer,Employee
E021042,BU003,Network Engineer,Employee
E021043,BU010,Software Engineer,Employee
E021044,BU010,Financial Advisor,Contractor
E021045,BU008,Systems Administrator,Contractor
E021046,BU005,Risk Analyst,Contractor
E021047,BU001,Software Engineer,Employee
E021048,BU005,Risk Analyst,Employee
E021049,BU009,Financial Advisor,Contractor
E021050,BU001,Systems Administrator,Employee
E021051,BU002,Data Engineer,Employee
E021052,BU001,Risk Analyst,Employee
E021053,BU003,Systems Administrator,Contractor
E021054,BU002,Customer Service Rep,Employee
E021055,BU003,Software Engineer,Employee
E021056,BU003,Data Engineer,Employee
E021057,BU010,Risk Analyst,Employee
E021058,BU003,Branch Manager,Employee
E021059,BU007,Risk Analyst,Employee
E021060,BU001,Operations Analyst,Employee
E021061,BU002,Branch Manager,Employee
E021062,BU002,Branch Manager,Employee
E021063,BU001,Software Engineer,Employee
E021064,BU001,Systems Administrator,Employee
E021065,BU003,Customer Service Rep,Employee
E021066,BU003,Branch Manager,Employee
E021067,BU003,Software Engineer,Contractor
E021068,BU001,Security Analyst,Employee
E021069,BU001,Systems Administrator,Employee
E021070,BU003,Data Engineer,Employee
E021071,BU001,Branch Manager,Employee
E021072,BU001,Financial Advisor,Employee
E021073,BU001,Network Engineer,Employee
E021074,BU001,Operations Analyst,Employee
E021075,BU001,Financial Advisor,Employee
E021076,BU001,Data Engineer,Employee
E021077,BU001,Systems Administrator,Employee
E021078,BU003,Risk Analyst,Contractor
E021079,BU001,Financial Advisor,Employee
E021080,BU002,Systems Administrator,Employee
E021081,BU009,Customer Service Rep,Employee
E021082,BU006,Risk Analyst,Employee
E021083,BU001,Risk Analyst,Employee
E021084,BU009,Network Engineer,Employee
E021085,BU001,Risk Analyst,Employee
E021086,BU001,Software Engineer,Employee
E021087,BU010,Operations Analyst,Contractor
E021088,BU008,Branch Manager,Employee
E021089,BU002,Branch Manager,Contractor
E021090,BU004,Customer Service Rep,Employee
E021091,BU004,Operations Analyst,Contractor
E021092,BU001,Financial Advisor,Employee
E021093,BU001,Customer Service Rep,Employee
E021094,BU002,Software Engineer,Employee
E021095,BU009,Security Analyst,Contractor
E021096,BU001,Financial Advisor,Employee
E021097,BU006,Software Engineer,Employee
E021098,BU001,Customer Service Rep,Employee
E021099,BU002,Branch Manager,Employee
E021100,BU003,Security Analyst,Employee
E021101,BU004,Network Engineer,Employee
E021102,BU001,Operations Analyst,Employee
E021103,BU001,Customer Service Rep,Employee
E021104,BU003,Security Analyst,Employee
E021105,BU001,Operations Analyst,Employee
E021106,BU001,Financial Advisor,Employee
E021107,BU004,Network Engineer,Employee
E021108,BU002,Branch Manager,Employee
E021109,BU001,Financial Advisor,Employee
E021110,BU002,Risk Analyst,Employee
E021111,BU009,Software Engineer,Employee
E021112,BU001,Branch Manager,Employee
E021113,BU003,Systems Administrator,Employee
E021114,BU001,Branch Manager,Employee
E021115,BU001,Operations Analyst,Employee
E021116,BU001,Branch Manager,Employee
E021117,BU002,Customer Service Rep,Contractor
E021118,BU006,Financial Advisor,Employee
E021119,BU001,Customer Service Rep,Contractor
E021120,BU003,Security Analyst,Employee
E021121,BU001,Systems Administrator,Employee
E021122,BU001,Branch Manager,Employee
E021123,BU002,Systems Administrator,Employee
E021124,BU006,Branch Manager,Contractor
E021125,BU007,Risk Analyst,Contractor
E021126,BU007,Financial Advisor,Contractor
E021127,BU001,Branch Manager,Employee
E021128,BU006,Branch Manager,Employee
E021129,BU001,Customer Service Rep,Employee
E021130,BU004,Systems Administrator,Employee
E021131,BU009,Branch Manager,Employee
E021132,BU001,Network Engineer,Contractor
E021133,BU002,Software Engineer,Employee
E021134,BU003,Network Engineer,Employee
E021135,BU004,Software Engineer,Employee
E021136,BU001,Software Engineer,Employee
E021137,BU010,Software Engineer,Employee
E021138,BU003,Operations Analyst,Employee
E021139,BU001,Operations Analyst,Employee
E021140,BU001,Security Analyst,Employee
E021141,BU006,Customer Service Rep,Employee
E021142,BU001,Security Analyst,Employee
E021143,BU001,Operations Analyst,Contractor
E021144,BU003,Branch Manager,Contractor
E021145,BU003,Network Engineer,Employee
E021146,BU004,Network Engineer,Employee
E021147,BU001,Systems Administrator,Employee
E021148,BU005,Software Engineer,Employee
E021149,BU010,Data Engineer,Employee
E021150,BU001,Branch Manager,Employee
E021151,BU004,Customer Service Rep,Employee
E021152,BU009,Operations Analyst,Employee
E021153,BU004,Network Engineer,Employee
E021154,BU004,Customer Service Rep,Employee
E021155,BU001,Security Analyst,Employee
E021156,BU002,Network Engineer,Employee
E021157,BU003,Operations Analyst,Contractor
E021158,BU004,Security Analyst,Employee
E021159,BU010,Software Engineer,Employee
E021160,BU001,Branch Manager,Employee
E021161,BU001,Network Engineer,Employee
E021162,BU001,Branch Manager,Employee
E021163,BU005,Network Engineer,Employee
E021164,BU001,Risk Analyst,Employee
E021165,BU003,Data Engineer,Employee
E021166,BU001,Customer Service Rep,Employee
E021167,BU002,Branch Manager,Employee
E021168,BU001,Security Analyst,Employee
E021169,BU008,Software Engineer,Employee
E021170,BU003,Security Analyst,Employee
E021171,BU009,Customer Service Rep,Employee
E021172,BU003,Financial Advisor,Employee
E021173,BU001,Financial Advisor,Employee
E021174,BU001,Software Engineer,Employee
E021175,BU010,Risk Analyst,Employee
E021176,BU004,Risk Analyst,Employee
E021177,BU001,Data Engineer,Employee
E021178,BU004,Network Engineer,Employee
E021179,BU001,Risk Analyst,Employee
E021180,BU001,Branch Manager,Employee
E021181,BU001,Customer Service Rep,Employee
E021182,BU007,Systems Administrator,Employee
E021183,BU001,Financial Advisor,Employee
E021184,BU001,Network Engineer,Employee
E021185,BU001,Data Engineer,Employee
E021186,BU001,Operations Analyst,Employee
E021187,BU002,Security Analyst,Employee
E021188,BU001,Branch Manager,Employee
E021189,BU001,Risk Analyst,Employee
E021190,BU009,Operations Analyst,Employee
E021191,BU001,Systems Administrator,Employee
E021192,BU001,Data Engineer,Employee
E021193,BU002,Security Analyst,Employee
E021194,BU003,Software Engineer,Employee
E021195,BU006,Risk Analyst,Employee
E021196,BU001,Data Engineer,Contractor
E021197,BU008,Branch Manager,Contractor
E021198,BU005,Security Analyst,Employee
E021199,BU004,Risk Analyst,Employee
E021200,BU001,Data Engineer,Employee
E021201,BU001,Data Engineer,Employee
E021202,BU003,Systems Administrator,Employee
E021203,BU008,Risk Analyst,Employee
E021204,BU003,Data Engineer,Employee
E021205,BU001,Customer Service Rep,Employee
E021206,BU001,Financial Advisor,Employee
E021207,BU004,Operations Analyst,Employee
E021208,BU004,Financial Advisor,Employee
E021209,BU001,Risk Analyst,Employee
E021210,BU001,Security Analyst,Employee
E021211,BU001,Systems Administrator,Employee
E021212,BU003,Data Engineer,Employee
E021213,BU004,Operations Analyst,Employee
E021214,BU006,Customer Service Rep,Employee
E021215,BU003,Risk Analyst,Employee
E021216,BU001,Operations Analyst,Employee
E021217,BU004,Security Analyst,Contractor
E021218,BU010,Data Engineer,Employee
E021219,BU009,Systems Administrator,Employee
E021220,BU008,Risk Analyst,Employee
E021221,BU001,Branch Manager,Employee
E021222,BU005,Software Engineer,Employee
E021223,BU007,Data Engineer,Employee
E021224,BU004,Risk Analyst,Employee
E021225,BU001,Data Engineer,Employee
E021226,BU009,Data Engineer,Employee
E021227,BU002,Financial Advisor,Employee
E021228,BU001,Security Analyst,Employee
E021229,BU001,Network Engineer,Contractor
E021230,BU003,Security Analyst,Employee
E021231,BU002,Software Engineer,Employee
E021232,BU001,Security Analyst,Employee
E021233,BU005,Operations Analyst,Employee
E021234,BU006,Software Engineer,Employee
E021235,BU004,Branch Manager,Contractor
E021236,BU001,Software Engineer,Employee
E021237,BU004,Data Engineer,Employee
E021238,BU001,Operations Analyst,Employee
E021239,BU001,Security Analyst,Contractor
E021240,BU001,Operations Analyst,Employee
E021241,BU007,Systems Administrator,Employee
E021242,BU001,Operations Analyst,Employee
E021243,BU001,Data Engineer,Contractor
E021244,BU001,Financial Advisor,Employee
E021245,BU002,Software Engineer,Employee
E021246,BU009,Systems Administrator,Employee
E021247,BU009,Systems Administrator,Employee
E021248,BU001,Systems Administrator,Employee
E021249,BU001,Customer Service Rep,Contractor
E021250,BU001,Security Analyst,Employee
E021251,BU006,Security Analyst,Contractor
E021252,BU001,Systems Administrator,Contractor
E021253,BU001,Software Engineer,Employee
E021254,BU002,Customer Service Rep,Employee
E021255,BU001,Systems Administrator,Employee
E021256,BU001,Systems Administrator,Employee
E021257,BU001,Operations Analyst,Employee
E021258,BU001,Financial Advisor,Employee
E021259,BU002,Customer Service Rep,Employee
E021260,BU010,Software Engineer,Contractor
E021261,BU001,Security Analyst,Contractor
E021262,BU001,Data Engineer,Employee
E021263,BU009,Financial Advisor,Employee
E021264,BU008,Data Engineer,Employee
E021265,BU001,Risk Analyst,Employee
E021266,BU004,Security Analyst,Employee
E021267,BU001,Operations Analyst,Contractor
E021268,BU004,Network Engineer,Employee
E021269,BU010,Software Engineer,Employee
E021270,BU002,Customer Service Rep,Employee
E021271,BU002,Risk Analyst,Employee
E021272,BU001,Financial Advisor,Employee
E021273,BU003,Systems Administrator,Employee
E021274,BU003,Network Engineer,Employee
E021275,BU003,Financial Advisor,Employee
E021276,BU001,Financial Advisor,Employee
E021277,BU003,Financial Advisor,Employee
E021278,BU003,Financial Advisor,Employee
E021279,BU001,Financial Advisor,Employee
E021280,BU001,Network Engineer,Employee
E021281,BU001,Data Engineer,Employee
E021282,BU004,Software Engineer,Employee
E021283,BU003,Systems Administrator,Contractor
E021284,BU007,Security Analyst,Employee
E021285,BU001,Customer Service Rep,Employee
E021286,BU009,Financial Advisor,Employee
E021287,BU005,Customer Service Rep,Employee
E021288,BU001,Network Engineer,Employee
E021289,BU001,Customer Service Rep,Employee
E021290,BU001,Data Engineer,Employee
E021291,BU009,Operations Analyst,Employee
E021292,BU001,Risk Analyst,Employee
E021293,BU001,Security Analyst,Contractor
E021294,BU001,Security Analyst,Employee
E021295,BU006,Financial Advisor,Contractor
E021296,BU001,Branch Manager,Employee
E021297,BU001,Customer Service Rep,Employee
E021298,BU001,Network Engineer,Employee
E021299,BU002,Software Engineer,Employee
E021300,BU001,Operations Analyst,Employee
E021301,BU002,Data Engineer,Employee
E021302,BU006,Branch Manager,Employee
E021303,BU006,Customer Service Rep,Employee
E021304,BU006,Risk Analyst,Employee
E021305,BU001,Systems Administrator,Employee
E021306,BU006,Network Engineer,Employee
E021307,BU001,Data Engineer,Employee
E021308,BU001,Risk Analyst,Employee
E021309,BU009,Operations Analyst,Employee
E021310,BU006,Data Engineer,Employee
E021311,BU003,Systems Administrator,Contractor
E021312,BU008,Operations Analyst,Employee
E021313,BU010,Risk Analyst,Employee
E021314,BU003,Data Engineer,Employee
E021315,BU003,Software Engineer,Employee
E021316,BU005,Data Engineer,Employee
E021317,BU001,Data Engineer,Employee
E021318,BU001,Data Engineer,Employee
E021319,BU005,Branch Manager,Employee
E021320,BU001,Data Engineer,Employee
E021321,BU001,Data Engineer,Contractor
E021322,BU001,Branch Manager,Employee
E021323,BU001,Software Engineer,Employee
E021324,BU010,Security Analyst,Employee
E021325,BU004,Software Engineer,Employee
E021326,BU002,Network Engineer,Employee
E021327,BU010,Systems Administrator,Employee
E021328,BU009,Data Engineer,Employee
E021329,BU002,Risk Analyst,Employee
E021330,BU009,Security Analyst,Employee
E021331,BU001,Data Engineer,Employee
E021332,BU001,Operations Analyst,Contractor
E021333,BU001,Network Engineer,Employee
E021334,BU004,Risk Analyst,Employee
E021335,BU002,Network Engineer,Employee
E021336,BU003,Financial Advisor,Employee
E021337,BU004,Operations Analyst,Employee
E021338,BU001,Data Engineer,Contractor
E021339,BU001,Risk Analyst,Employee
E021340,BU002,Risk Analyst,Contractor
E021341,BU001,Security Analyst,Employee
E021342,BU003,Systems Administrator,Employee
E021343,BU003,Network Engineer,Employee
E021344,BU003,Network Engineer,Employee
E021345,BU001,Branch Manager,Employee
E021346,BU003,Security Analyst,Employee
E021347,BU007,Systems Administrator,Employee
E021348,BU010,Network Engineer,Employee
E021349,BU007,Operations Analyst,Employee
E021350,BU003,Operations Analyst,Employee
E021351,BU001,Customer Service Rep,Employee
E021352,BU004,Network Engineer,Contractor
E021353,BU009,Security Analyst,Employee
E021354,BU001,Data Engineer,Contractor
E021355,BU001,Branch Manager,Contractor
E021356,BU001,Systems Administrator,Contractor
E021357,BU004,Financial Advisor,Employee
E021358,BU001,Data Engineer,Employee
E021359,BU001,Risk Analyst,Employee
E021360,BU008,Network Engineer,Contractor
E021361,BU003,Security Analyst,Employee
E021362,BU001,Systems Administrator,Employee
E021363,BU001,Risk Analyst,Employee
E021364,BU001,Financial Advisor,Employee
E021365,BU002,Branch Manager,Employee
E021366,BU001,Operations Analyst,Employee
E021367,BU003,Software Engineer,Employee
E021368,BU005,Security Analyst,Employee
E021369,BU004,Systems Administrator,Employee
E021370,BU001,Network Engineer,Employee
E021371,BU002,Risk Analyst,Employee
E021372,BU007,Customer Service Rep,Employee
E021373,BU001,Network Engineer,Employee
E021374,BU001,Software Engineer,Employee
E021375,BU003,Network Engineer,Employee
E021376,BU003,Security Analyst,Employee
E021377,BU001,Customer Service Rep,Employee
E021378,BU005,Network Engineer,Employee
E021379,BU003,Security Analyst,Employee
E021380,BU009,Branch Manager,Employee
E021381,BU001,Operations Analyst,Employee
E021382,BU005,Data Engineer,Employee
E021383,BU001,Risk Analyst,Employee
E021384,BU003,Customer Service Rep,Employee
E021385,BU003,Systems Administrator,Employee
E021386,BU001,Customer Service Rep,Employee
E021387,BU007,Financial Advisor,Employee
E021388,BU001,Systems Administrator,Employee
E021389,BU002,Data Engineer,Employee
E021390,BU001,Software Engineer,Employee
E021391,BU005,Network Engineer,Employee
E021392,BU001,Financial Advisor,Employee
E021393,BU007,Operations Analyst,Employee
E021394,BU007,Network Engineer,Employee
E021395,BU007,Risk Analyst,Employee
E021396,BU001,Customer Service Rep,Employee
E021397,BU003,Data Engineer,Employee
E021398,BU001,Branch Manager,Employee
E021399,BU007,Network Engineer,Employee
E021400,BU004,Customer Service Rep,Employee
E021401,BU002,Data Engineer,Employee
E021402,BU004,Branch Manager,Employee
E021403,BU001,Branch Manager,Employee
E021404,BU002,Software Engineer,Employee
E021405,BU001,Network Engineer,Contractor
E021406,BU010,Network Engineer,Employee
E021407,BU007,Security Analyst,Contractor
E021408,BU004,Risk Analyst,Employee
E021409,BU009,Software Engineer,Employee
E021410,BU001,Customer Service Rep,Employee
E021411,BU009,Operations Analyst,Employee
E021412,BU001,Operations Analyst,Employee
E021413,BU004,Financial Advisor,Employee
E021414,BU004,Risk Analyst,Contractor
E021415,BU001,Security Analyst,Employee
E021416,BU001,Systems Administrator,Employee
E021417,BU001,Financial Advisor,Employee
E021418,BU010,Operations Analyst,Employee
E021419,BU001,Security Analyst,Employee
E021420,BU003,Customer Service Rep,Employee
E021421,BU006,Software Engineer,Employee
E021422,BU001,Software Engineer,Employee
E021423,BU002,Risk Analyst,Contractor
E021424,BU003,Security Analyst,Employee
E021425,BU001,Network Engineer,Contractor
E021426,BU005,Software Engineer,Employee
E021427,BU001,Network Engineer,Employee
E021428,BU001,Branch Manager,Employee
E021429,BU003,Security Analyst,Employee
E021430,BU001,Security Analyst,Employee
E021431,BU009,Risk Analyst,Contractor
E021432,BU008,Risk Analyst,Employee
E021433,BU002,Branch Manager,Employee
E021434,BU001,Operations Analyst,Employee
E021435,BU001,Network Engineer,Employee
E021436,BU001,Branch Manager,Contractor
E021437,BU003,Systems Administrator,Employee
E021438,BU006,Data Engineer,Employee
E021439,BU001,Customer Service Rep,Employee
E021440,BU001,Financial Advisor,Employee
E021441,BU002,Security Analyst,Employee
E021442,BU001,Customer Service Rep,Employee
E021443,BU004,Software Engineer,Contractor
E021444,BU002,Financial Advisor,Employee
E021445,BU002,Network Engineer,Employee
E021446,BU001,Security Analyst,Employee
E021447,BU009,Software Engineer,Employee
E021448,BU001,Systems Administrator,Employee
E021449,BU008,Financial Advisor,Employee
E021450,BU001,Network Engineer,Employee
E021451,BU008,Security Analyst,Employee
E021452,BU004,Network Engineer,Employee
E021453,BU001,Software Engineer,Employee
E021454,BU007,Operations Analyst,Contractor
E021455,BU004,Risk Analyst,Employee
E021456,BU001,Operations Analyst,Employee
E021457,BU001,Security Analyst,Employee
E021458,BU003,Systems Administrator,Employee
E021459,BU004,Customer Service Rep,Employee
E021460,BU005,Operations Analyst,Employee
E021461,BU004,Network Engineer,Employee
E021462,BU003,Risk Analyst,Employee
E021463,BU005,Risk Analyst,Employee
E021464,BU003,Risk Analyst,Employee
E021465,BU001,Risk Analyst,Employee
E021466,BU009,Systems Administrator,Employee
E021467,BU001,Branch Manager,Employee
E021468,BU001,Systems Administrator,Employee
E021469,BU004,Data Engineer,Employee
E021470,BU002,Network Engineer,Employee
E021471,BU001,Security Analyst,Employee
E021472,BU001,Branch Manager,Employee
E021473,BU003,Operations Analyst,Employee
E021474,BU010,Software Engineer,Employee
E021475,BU003,Software Engineer,Employee
E021476,BU002,Branch Manager,Employee
E021477,BU001,Software Engineer,Employee
E021478,BU001,Network Engineer,Employee
E021479,BU001,Systems Administrator,Employee
E021480,BU001,Software Engineer,Employee
E021481,BU002,Customer Service Rep,Contractor
E021482,BU001,Network Engineer,Contractor
E021483,BU001,Security Analyst,Employee
E021484,BU004,Risk Analyst,Employee
E021485,BU009,Risk Analyst,Employee
E021486,BU009,Software Engineer,Contractor
E021487,BU003,Financial Advisor,Employee
E021488,BU001,Data Engineer,Employee
E021489,BU005,Systems Administrator,Employee
E021490,BU001,Security Analyst,Employee
E021491,BU004,Financial Advisor,Employee
E021492,BU005,Systems Administrator,Employee
E021493,BU004,Data Engineer,Employee
E021494,BU009,Network Engineer,Employee
E021495,BU004,Risk Analyst,Employee
E021496,BU004,Network Engineer,Employee
E021497,BU001,Systems Administrator,Employee
E021498,BU009,Risk Analyst,Employee
E021499,BU001,Operations Analyst,Employee
E021500,BU009,Software Engineer,Contractor
E021501,BU001,Branch Manager,Employee
E021502,BU001,Security Analyst,Employee
E021503,BU007,Systems Administrator,Contractor
E021504,BU001,Systems Administrator,Employee
E021505,BU007,Data Engineer,Employee
E021506,BU001,Operations Analyst,Contractor
E021507,BU008,Financial Advisor,Employee
E021508,BU004,Systems Administrator,Employee
E021509,BU004,Branch Manager,Contractor
E021510,BU001,Network Engineer,Contractor
E021511,BU001,Systems Administrator,Employee
E021512,BU007,Data Engineer,Employee
E021513,BU001,Financial Advisor,Employee
E021514,BU001,Security Analyst,Contractor
E021515,BU003,Software Engineer,Contractor
E021516,BU002,Risk Analyst,Employee
E021517,BU001,Risk Analyst,Contractor
E021518,BU001,Data Engineer,Employee
E021519,BU001,Network Engineer,Employee
E021520,BU008,Systems Administrator,Employee
E021521,BU001,Systems Administrator,Employee
E021522,BU010,Software Engineer,Contractor
E021523,BU001,Operations Analyst,Employee
E021524,BU001,Security Analyst,Employee
E021525,BU003,Operations Analyst,Employee
E021526,BU001,Financial Advisor,Employee
E021527,BU003,Data Engineer,Employee
E021528,BU007,Branch Manager,Employee
E021529,BU001,Branch Manager,Employee
E021530,BU006,Risk Analyst,Employee
E021531,BU001,Software Engineer,Employee
E021532,BU001,Risk Analyst,Employee
E021533,BU001,Network Engineer,Employee
E021534,BU009,Operations Analyst,Employee
E021535,BU001,Security Analyst,Employee
E021536,BU008,Risk Analyst,Employee
E021537,BU003,Branch Manager,Employee
E021538,BU001,Network Engineer,Employee
E021539,BU002,Security Analyst,Contractor
E021540,BU006,Customer Service Rep,Employee
E021541,BU004,Operations Analyst,Employee
E021542,BU002,Risk Analyst,Employee
E021543,BU008,Branch Manager,Employee
E021544,BU001,Financial Advisor,Employee
E021545,BU009,Risk Analyst,Employee
E021546,BU007,Branch Manager,Employee
E021547,BU004,Software Engineer,Employee
E021548,BU006,Operations Analyst,Employee
E021549,BU003,Systems Administrator,Employee
E021550,BU004,Systems Administrator,Employee
E021551,BU003,Software Engineer,Employee
E021552,BU001,Operations Analyst,Employee
E021553,BU003,Operations Analyst,Employee
E021554,BU001,Operations Analyst,Contractor
E021555,BU002,Operations Analyst,Employee
E021556,BU001,Branch Manager,Employee
E021557,BU001,Data Engineer,Employee
E021558,BU001,Data Engineer,Employee
E021559,BU007,Financial Advisor,Employee
E021560,BU001,Financial Advisor,Employee
E021561,BU005,Software Engineer,Employee
E021562,BU001,Financial Advisor,Employee
E021563,BU002,Financial Advisor,Employee
E021564,BU001,Financial Advisor,Employee
E021565,BU001,Network Engineer,Employee
E021566,BU003,Risk Analyst,Employee
E021567,BU003,Branch Manager,Employee
E021568,BU001,Security Analyst,Employee
E021569,BU002,Operations Analyst,Employee
E021570,BU008,Branch Manager,Employee
E021571,BU001,Risk Analyst,Contractor
E021572,BU001,Security Analyst,Employee
E021573,BU003,Systems Administrator,Employee
E021574,BU001,Systems Administrator,Employee
E021575,BU010,Operations Analyst,Contractor
E021576,BU003,Network Engineer,Employee
E021577,BU002,Security Analyst,Employee
E021578,BU002,Network Engineer,Employee
E021579,BU003,Branch Manager,Employee
E021580,BU001,Operations Analyst,Contractor
E021581,BU009,Software Engineer,Employee
E021582,BU003,Software Engineer,Employee
E021583,BU001,Risk Analyst,Employee
E021584,BU003,Risk Analyst,Employee
E021585,BU001,Financial Advisor,Employee
E021586,BU001,Risk Analyst,Contractor
E021587,BU003,Data Engineer,Employee
E021588,BU003,Systems Administrator,Employee
E021589,BU003,Network Engineer,Employee
E021590,BU001,Financial Advisor,Employee
E021591,BU003,Software Engineer,Employee
E021592,BU001,Data Engineer,Employee
E021593,BU003,Branch Manager,Employee
E021594,BU003,Security Analyst,Employee
E021595,BU003,Network Engineer,Contractor
E021596,BU009,Customer Service Rep,Employee
E021597,BU007,Network Engineer,Employee
E021598,BU010,Risk Analyst,Employee
E021599,BU010,Data Engineer,Employee
E021600,BU005,Systems Administrator,Employee
E021601,BU009,Data Engineer,Employee
E021602,BU008,Branch Manager,Employee
E021603,BU004,Systems Administrator,Employee
E021604,BU001,Network Engineer,Contractor
E021605,BU001,Data Engineer,Employee
E021606,BU007,Financial Advisor,Contractor
E021607,BU002,Systems Administrator,Contractor
E021608,BU006,Network Engineer,Employee
E021609,BU001,Operations Analyst,Employee
E021610,BU001,Operations Analyst,Employee
E021611,BU004,Risk Analyst,Employee
E021612,BU009,Network Engineer,Employee
E021613,BU001,Financial Advisor,Employee
E021614,BU008,Branch Manager,Employee
E021615,BU006,Network Engineer,Employee
E021616,BU001,Security Analyst,Employee
E021617,BU001,Branch Manager,Contractor
E021618,BU001,Data Engineer,Employee
E021619,BU001,Security Analyst,Employee
E021620,BU002,Operations Analyst,Employee
E021621,BU001,Network Engineer,Employee
E021622,BU001,Customer Service Rep,Employee
E021623,BU007,Software Engineer,Employee
E021624,BU003,Systems Administrator,Contractor
E021625,BU003,Network Engineer,Employee
E021626,BU001,Network Engineer,Employee
E021627,BU007,Financial Advisor,Employee
E021628,BU008,Security Analyst,Employee
E021629,BU002,Network Engineer,Employee
E021630,BU009,Software Engineer,Employee
E021631,BU007,Operations Analyst,Employee
E021632,BU004,Software Engineer,Employee
E021633,BU004,Software Engineer,Employee
E021634,BU001,Data Engineer,Employee
E021635,BU001,Customer Service Rep,Employee
E021636,BU001,Risk Analyst,Contractor
E021637,BU001,Systems Administrator,Employee
E021638,BU001,Security Analyst,Employee
E021639,BU008,Branch Manager,Employee
E021640,BU001,Systems Administrator,Employee
E021641,BU010,Systems Administrator,Employee
E021642,BU003,Security Analyst,Employee
E021643,BU001,Branch Manager,Employee
E021644,BU002,Data Engineer,Employee
E021645,BU001,Financial Advisor,Employee
E021646,BU010,Systems Administrator,Employee
E021647,BU007,Risk Analyst,Employee
E021648,BU001,Operations Analyst,Employee
E021649,BU009,Financial Advisor,Employee
E021650,BU004,Risk Analyst,Employee
E021651,BU001,Risk Analyst,Employee
E021652,BU004,Branch Manager,Employee
E021653,BU003,Customer Service Rep,Employee
E021654,BU001,Software Engineer,Employee
E021655,BU005,Network Engineer,Contractor
E021656,BU001,Customer Service Rep,Employee
E021657,BU002,Network Engineer,Employee
E021658,BU001,Data Engineer,Employee
E021659,BU010,Operations Analyst,Employee
E021660,BU005,Network Engineer,Employee
E021661,BU001,Risk Analyst,Contractor
E021662,BU001,Risk Analyst,Employee
E021663,BU001,Financial Advisor,Employee
E021664,BU005,Financial Advisor,Employee
E021665,BU001,Network Engineer,Employee
E021666,BU007,Data Engineer,Employee
E021667,BU009,Data Engineer,Employee
E021668,BU004,Data Engineer,Employee
E021669,BU001,Risk Analyst,Employee
E021670,BU001,Software Engineer,Employee
E021671,BU002,Systems Administrator,Employee
E021672,BU003,Systems Administrator,Employee
E021673,BU004,Network Engineer,Employee
E021674,BU003,Customer Service Rep,Employee
E021675,BU001,Systems Administrator,Employee
E021676,BU009,Risk Analyst,Contractor
E021677,BU001,Financial Advisor,Employee
E021678,BU002,Customer Service Rep,Employee
E021679,BU005,Security Analyst,Employee
E021680,BU001,Branch Manager,Employee
E021681,BU004,Security Analyst,Employee
E021682,BU006,Data Engineer,Employee
E021683,BU004,Risk Analyst,Employee
E021684,BU001,Risk Analyst,Employee
E021685,BU001,Software Engineer,Contractor
E021686,BU001,Branch Manager,Employee
E021687,BU001,Data Engineer,Contractor
E021688,BU010,Network Engineer,Employee
E021689,BU003,Risk Analyst,Employee
E021690,BU001,Operations Analyst,Contractor
E021691,BU009,Risk Analyst,Employee
E021692,BU005,Risk Analyst,Employee
E021693,BU001,Systems Administrator,Employee
E021694,BU001,Customer Service Rep,Employee
E021695,BU001,Data Engineer,Employee
E021696,BU010,Financial Advisor,Contractor
E021697,BU002,Systems Administrator,Employee
E021698,BU009,Data Engineer,Employee
E021699,BU001,Operations Analyst,Employee
E021700,BU008,Branch Manager,Employee
E021701,BU001,Operations Analyst,Employee
E021702,BU010,Operations Analyst,Employee
E021703,BU009,Customer Service Rep,Contractor
E021704,BU001,Data Engineer,Employee
E021705,BU005,Systems Administrator,Employee
E021706,BU005,Branch Manager,Employee
E021707,BU009,Network Engineer,Employee
E021708,BU001,Financial Advisor,Employee
E021709,BU002,Branch Manager,Employee
E021710,BU008,Network Engineer,Contractor
E021711,BU005,Network Engineer,Employee
E021712,BU001,Operations Analyst,Employee
E021713,BU007,Financial Advisor,Employee
E021714,BU001,Systems Administrator,Employee
E021715,BU006,Software Engineer,Employee
E021716,BU001,Software Engineer,Employee
E021717,BU001,Risk Analyst,Employee
E021718,BU002,Network Engineer,Employee
E021719,BU002,Systems Administrator,Employee
E021720,BU002,Risk Analyst,Employee
E021721,BU003,Financial Advisor,Contractor
E021722,BU001,Software Engineer,Employee
E021723,BU001,Risk Analyst,Employee
E021724,BU005,Software Engineer,Employee
E021725,BU001,Network Engineer,Employee
E021726,BU002,Risk Analyst,Employee
E021727,BU003,Software Engineer,Employee
E021728,BU009,Risk Analyst,Employee
E021729,BU004,Network Engineer,Employee
E021730,BU001,Software Engineer,Employee
E021731,BU007,Financial Advisor,Employee
E021732,BU010,Systems Administrator,Employee
E021733,BU002,Financial Advisor,Employee
E021734,BU010,Network Engineer,Employee
E021735,BU003,Branch Manager,Contractor
E021736,BU002,Network Engineer,Employee
E021737,BU001,Financial Advisor,Employee
E021738,BU003,Risk Analyst,Contractor
E021739,BU001,Systems Administrator,Employee
E021740,BU001,Network Engineer,Employee
E021741,BU001,Risk Analyst,Employee
E021742,BU001,Systems Administrator,Employee
E021743,BU001,Operations Analyst,Employee
E021744,BU003,Customer Service Rep,Employee
E021745,BU001,Systems Administrator,Contractor
E021746,BU010,Systems Administrator,Employee
E021747,BU001,Customer Service Rep,Employee
E021748,BU002,Network Engineer,Employee
E021749,BU001,Risk Analyst,Contractor
E021750,BU001,Operations Analyst,Employee
E021751,BU001,Software Engineer,Employee
E021752,BU003,Data Engineer,Employee
E021753,BU005,Systems Administrator,Employee
E021754,BU001,Branch Manager,Employee
E021755,BU001,Security Analyst,Employee
E021756,BU001,Risk Analyst,Employee
E021757,BU007,Branch Manager,Employee
E021758,BU005,Software Engineer,Contractor
E021759,BU001,Systems Administrator,Employee
E021760,BU001,Operations Analyst,Employee
E021761,BU009,Branch Manager,Employee
E021762,BU001,Financial Advisor,Employee
E021763,BU002,Network Engineer,Employee
E021764,BU001,Security Analyst,Employee
E021765,BU003,Security Analyst,Employee
E021766,BU010,Data Engineer,Employee
E021767,BU010,Branch Manager,Employee
E021768,BU005,Branch Manager,Employee
E021769,BU001,Security Analyst,Employee
E021770,BU002,Data Engineer,Employee
E021771,BU001,Risk Analyst,Employee
E021772,BU010,Branch Manager,Employee
E021773,BU004,Customer Service Rep,Employee
E021774,BU002,Software Engineer,Contractor
E021775,BU001,Operations Analyst,Employee
E021776,BU002,Network Engineer,Employee
E021777,BU010,Software Engineer,Contractor
E021778,BU002,Security Analyst,Employee
E021779,BU001,Network Engineer,Contractor
E021780,BU001,Data Engineer,Employee
E021781,BU001,Network Engineer,Employee
E021782,BU009,Security Analyst,Employee
E021783,BU010,Financial Advisor,Employee
E021784,BU009,Financial Advisor,Employee
E021785,BU004,Customer Service Rep,Employee
E021786,BU003,Software Engineer,Employee
E021787,BU003,Software Engineer,Employee
E021788,BU002,Software Engineer,Employee
E021789,BU004,Customer Service Rep,Employee
E021790,BU001,Network Engineer,Employee
E021791,BU004,Operations Analyst,Employee
E021792,BU001,Financial Advisor,Employee
E021793,BU001,Operations Analyst,Employee
E021794,BU007,Branch Manager,Employee
E021795,BU009,Customer Service Rep,Employee
E021796,BU002,Data Engineer,Employee
E021797,BU001,Risk Analyst,Employee
E021798,BU009,Software Engineer,Employee
E021799,BU004,Systems Administrator,Employee
E021800,BU001,Financial Advisor,Employee
E021801,BU003,Risk Analyst,Employee
E021802,BU002,Customer Service Rep,Employee
E021803,BU002,Security Analyst,Employee
E021804,BU008,Financial Advisor,Employee
E021805,BU001,Security Analyst,Employee
E021806,BU001,Financial Advisor,Employee
E021807,BU001,Software Engineer,Employee
E021808,BU001,Security Analyst,Employee
E021809,BU001,Operations Analyst,Employee
E021810,BU001,Software Engineer,Employee
E021811,BU001,Risk Analyst,Employee
E021812,BU001,Risk Analyst,Employee
E021813,BU001,Systems Administrator,Employee
E021814,BU001,Branch Manager,Employee
E021815,BU003,Risk Analyst,Employee
E021816,BU003,Risk Analyst,Employee
E021817,BU001,Network Engineer,Employee
E021818,BU003,Risk Analyst,Employee
E021819,BU010,Security Analyst,Employee
E021820,BU009,Risk Analyst,Employee
E021821,BU001,Risk Analyst,Employee
E021822,BU006,Network Engineer,Employee
E021823,BU001,Systems Administrator,Employee
E021824,BU001,Customer Service Rep,Employee
E021825,BU001,Network Engineer,Employee
E021826,BU001,Branch Manager,Employee
E021827,BU002,Systems Administrator,Contractor
E021828,BU004,Systems Administrator,Contractor
E021829,BU005,Network Engineer,Employee
E021830,BU001,Customer Service Rep,Employee
E021831,BU001,Software Engineer,Employee
E021832,BU001,Customer Service Rep,Employee
E021833,BU001,Software Engineer,Contractor
E021834,BU010,Financial Advisor,Employee
E021835,BU005,Customer Service Rep,Employee
E021836,BU010,Customer Service Rep,Contractor
E021837,BU004,Financial Advisor,Employee
E021838,BU001,Operations Analyst,Employee
E021839,BU001,Software Engineer,Employee
E021840,BU002,Network Engineer,Employee
E021841,BU001,Software Engineer,Employee
E021842,BU007,Network Engineer,Employee
E021843,BU002,Software Engineer,Employee
E021844,BU001,Financial Advisor,Contractor
E021845,BU005,Security Analyst,Employee
E021846,BU007,Financial Advisor,Employee
E021847,BU002,Security Analyst,Employee
E021848,BU004,Customer Service Rep,Employee
E021849,BU001,Financial Advisor,Employee
E021850,BU002,Software Engineer,Employee
E021851,BU001,Financial Advisor,Employee
E021852,BU001,Systems Administrator,Contractor
E021853,BU003,Risk Analyst,Employee
E021854,BU001,Operations Analyst,Employee
E021855,BU005,Security Analyst,Contractor
E021856,BU009,Software Engineer,Employee
E021857,BU001,Customer Service Rep,Employee
E021858,BU004,Operations Analyst,Employee
E021859,BU002,Branch Manager,Employee
E021860,BU001,Software Engineer,Employee
E021861,BU003,Data Engineer,Employee
E021862,BU003,Customer Service Rep,Employee
E021863,BU002,Financial Advisor,Employee
E021864,BU009,Software Engineer,Contractor
E021865,BU002,Financial Advisor,Employee
E021866,BU010,Security Analyst,Contractor
E021867,BU002,Customer Service Rep,Employee
E021868,BU001,Risk Analyst,Employee
E021869,BU002,Systems Administrator,Employee
E021870,BU001,Branch Manager,Employee
E021871,BU003,Security Analyst,Employee
E021872,BU004,Operations Analyst,Employee
E021873,BU002,Systems Administrator,Employee
E021874,BU001,Software Engineer,Employee
E021875,BU002,Systems Administrator,Employee
E021876,BU001,Customer Service Rep,Employee
E021877,BU004,Branch Manager,Employee
E021878,BU006,Systems Administrator,Employee
E021879,BU010,Security Analyst,Employee
E021880,BU001,Data Engineer,Employee
E021881,BU002,Security Analyst,Employee
E021882,BU003,Financial Advisor,Employee
E021883,BU009,Systems Administrator,Contractor
E021884,BU003,Branch Manager,Employee
E021885,BU001,Financial Advisor,Employee
E021886,BU002,Software Engineer,Employee
E021887,BU003,Data Engineer,Employee
E021888,BU004,Financial Advisor,Employee
E021889,BU008,Security Analyst,Employee
E021890,BU001,Data Engineer,Employee
E021891,BU009,Network Engineer,Employee
E021892,BU001,Data Engineer,Employee
E021893,BU010,Security Analyst,Contractor
E021894,BU007,Branch Manager,Employee
E021895,BU004,Financial Advisor,Employee
E021896,BU004,Financial Advisor,Employee
E021897,BU001,Operations Analyst,Employee
E021898,BU001,Operations Analyst,Employee
E021899,BU001,Financial Advisor,Employee
E021900,BU001,Systems Administrator,Employee
E021901,BU003,Risk Analyst,Contractor
E021902,BU001,Systems Administrator,Employee
E021903,BU008,Data Engineer,Employee
E021904,BU002,Branch Manager,Employee
E021905,BU004,Customer Service Rep,Employee
E021906,BU003,Branch Manager,Employee
E021907,BU001,Systems Administrator,Employee
E021908,BU001,Financial Advisor,Employee
E021909,BU001,Data Engineer,Employee
E021910,BU006,Systems Administrator,Employee
E021911,BU003,Data Engineer,Employee
E021912,BU001,Financial Advisor,Employee
E021913,BU006,Customer Service Rep,Employee
E021914,BU001,Customer Service Rep,Employee
E021915,BU004,Customer Service Rep,Employee
E021916,BU002,Operations Analyst,Employee
E021917,BU004,Software Engineer,Employee
E021918,BU009,Software Engineer,Employee
E021919,BU005,Financial Advisor,Employee
E021920,BU002,Security Analyst,Employee
E021921,BU001,Software Engineer,Employee
E021922,BU006,Security Analyst,Employee
E021923,BU002,Financial Advisor,Employee
E021924,BU001,Customer Service Rep,Employee
E021925,BU004,Security Analyst,Employee
E021926,BU001,Systems Administrator,Employee
E021927,BU001,Customer Service Rep,Employee
E021928,BU009,Network Engineer,Employee
E021929,BU002,Operations Analyst,Employee
E021930,BU001,Network Engineer,Employee
E021931,BU004,Software Engineer,Contractor
E021932,BU008,Security Analyst,Employee
E021933,BU001,Financial Advisor,Employee
E021934,BU004,Risk Analyst,Employee
E021935,BU005,Data Engineer,Employee
E021936,BU001,Financial Advisor,Employee
E021937,BU002,Risk Analyst,Employee
E021938,BU001,Customer Service Rep,Employee
E021939,BU005,Customer Service Rep,Employee
E021940,BU007,Financial Advisor,Employee
E021941,BU001,Risk Analyst,Employee
E021942,BU006,Operations Analyst,Employee
E021943,BU005,Financial Advisor,Employee
E021944,BU001,Data Engineer,Employee
E021945,BU004,Risk Analyst,Employee
E021946,BU001,Operations Analyst,Employee
E021947,BU009,Systems Administrator,Employee
E021948,BU003,Systems Administrator,Employee
E021949,BU003,Branch Manager,Employee
E021950,BU004,Customer Service Rep,Employee
E021951,BU003,Risk Analyst,Contractor
E021952,BU007,Security Analyst,Contractor
E021953,BU003,Customer Service Rep,Employee
E021954,BU009,Data Engineer,Employee
E021955,BU003,Data Engineer,Employee
E021956,BU001,Systems Administrator,Employee
E021957,BU009,Software Engineer,Employee
E021958,BU004,Risk Analyst,Employee
E021959,BU004,Data Engineer,Employee
E021960,BU010,Software Engineer,Employee
E021961,BU001,Risk Analyst,Employee
E021962,BU002,Customer Service Rep,Employee
E021963,BU001,Customer Service Rep,Employee
E021964,BU003,Financial Advisor,Employee
E021965,BU006,Operations Analyst,Employee
E021966,BU010,Software Engineer,Employee
E021967,BU002,Operations Analyst,Employee
E021968,BU006,Risk Analyst,Employee
E021969,BU009,Data Engineer,Employee
E021970,BU004,Customer Service Rep,Employee
E021971,BU001,Financial Advisor,Employee
E021972,BU003,Security Analyst,Employee
E021973,BU010,Systems Administrator,Employee
E021974,BU010,Data Engineer,Employee
E021975,BU003,Software Engineer,Employee
E021976,BU008,Software Engineer,Employee
E021977,BU001,Security Analyst,Employee
E021978,BU001,Systems Administrator,Employee
E021979,BU009,Data Engineer,Employee
E021980,BU001,Data Engineer,Employee
E021981,BU001,Systems Administrator,Employee
E021982,BU002,Financial Advisor,Employee
E021983,BU003,Network Engineer,Employee
E021984,BU003,Branch Manager,Employee
E021985,BU001,Data Engineer,Employee
E021986,BU009,Systems Administrator,Employee
E021987,BU009,Customer Service Rep,Employee
E021988,BU001,Customer Service Rep,Employee
E021989,BU002,Risk Analyst,Employee
E021990,BU004,Customer Service Rep,Employee
E021991,BU004,Financial Advisor,Employee
E021992,BU001,Branch Manager,Employee
E021993,BU001,Risk Analyst,Contractor
E021994,BU001,Branch Manager,Employee
E021995,BU001,Software Engineer,Employee
E021996,BU002,Network Engineer,Employee
E021997,BU004,Customer Service Rep,Contractor
E021998,BU005,Security Analyst,Employee
E021999,BU005,Security Analyst,Employee
E022000,BU001,Financial Advisor,Employee
