Application_ID,Application_Name,Business_Unit,Primary_Technology_ID,Primary_Technology_Name,Technology_EOL_Date,Lifecycle_Status,Criticality,Business_Tier,Environment,Ownership_Status,Annual_Run_Cost_CAD
APP-00001,MFB-Treasury-0001,Human Resources,SW-0034,Oracle Database 21c,2025-04-30,Past EOL,Medium,Tier 1,Development,Owner Missing,107436
APP-00002,MFB-Ops-0002,Legal & Compliance,SW-0034,Oracle Database 21c,2025-04-30,Past EOL,Medium,Tier 1,Development,Owner Identified,31672
APP-00003,MFB-Payments-0003,Wealth Management,SW-0028,Zscaler Internet Access,2030-01-01,Supported,High,Tier 3,Production,Owner Missing,17316
APP-00004,MFB-Retail-0004,Technology,SW-0078,Power BI Desktop,2030-01-01,Supported,Critical,Tier 4,Development,Owner Identified,70149
APP-00005,MFB-Treasury-0005,Cybersecurity,SW-0032,Microsoft SQL Server 2022,2033-01-11,Supported,Low,Tier 1,Development,Owner Identified,36954
APP-00006,MFB-Wealth-0006,Legal & Compliance,SW-0086,MuleSoft Anypoint Platform,2030-01-01,Supported,High,Tier 3,DR,Owner Identified,11046
APP-00007,MFB-Retail-0007,Retail Banking,SW-0030,Microsoft SQL Server 2016,2026-07-14,EOL within 12 months,Critical,Tier 1,DR,Owner Identified,151049
APP-00008,MFB-Ops-0008,Capital Markets,SW-0034,Oracle Database 21c,2025-04-30,Past EOL,Low,Tier 4,Production,Owner Identified,198058
APP-00009,MFB-Risk-0009,Technology,SW-0031,Microsoft SQL Server 2019,2030-01-08,Supported,High,Tier 3,Development,Owner Identified,9453
APP-00010,MFB-Payments-0010,Wealth Management,SW-0086,MuleSoft Anypoint Platform,2030-01-01,Supported,Critical,Tier 1,Production,Owner Identified,127809
APP-00011,MFB-Ops-0011,Risk,SW-0036,PostgreSQL 15,2027-11-11,EOL within 24 months,Medium,Tier 1,Development,Owner Missing,147913
APP-00012,MFB-Retail-0012,Commercial Banking,SW-0034,Oracle Database 21c,2025-04-30,Past EOL,Critical,Tier 2,Production,Owner Identified,22097
APP-00013,MFB-Wealth-0013,Risk,SW-0024,CyberArk Privileged Access Manager,2028-12-31,Supported,High,Tier 4,Production,Owner Identified,73824
APP-00014,MFB-Data-0014,Treasury,SW-0032,Microsoft SQL Server 2022,2033-01-11,Supported,Low,Tier 3,Production,Owner Identified,21008
APP-00015,MFB-Wealth-0015,Legal & Compliance,SW-0024,CyberArk Privileged Access Manager,2028-12-31,Supported,Critical,Tier 3,DR,Owner Identified,8939
APP-00016,MFB-Digital-0016,Retail Banking,SW-0081,IBM SPSS Statistics 29,2028-09-30,Supported,Critical,Tier 3,Production,Owner Missing,33222
APP-00017,MFB-Data-0017,Finance,SW-0028,Zscaler Internet Access,2030-01-01,Supported,Low,Tier 1,Production,Owner Identified,110457
APP-00018,MFB-Retail-0018,Operations,SW-0023,CrowdStrike Falcon,2030-01-01,Supported,High,Tier 2,Production,Owner Identified,204165
APP-00019,MFB-Digital-0019,Human Resources,SW-0082,SAP S/4HANA,2027-12-31,EOL within 24 months,Low,Tier 3,Development,Owner Missing,207243
APP-00020,MFB-Retail-0020,Capital Markets,SW-0091,Oracle WebLogic Server,2027-12-31,EOL within 24 months,Medium,Tier 4,DR,Owner Identified,167925
APP-00021,MFB-Wealth-0021,Cybersecurity,SW-0082,SAP S/4HANA,2027-12-31,EOL within 24 months,High,Tier 3,Production,Owner Identified,136669
APP-00022,MFB-Payments-0022,Commercial Banking,SW-0080,SAS Viya 4,2028-12-31,Supported,Critical,Tier 3,DR,Owner Identified,213506
APP-00023,MFB-Ops-0023,Operations,SW-0034,Oracle Database 21c,2025-04-30,Past EOL,Low,Tier 3,Production,Owner Identified,55128
APP-00024,MFB-Retail-0024,Commercial Banking,SW-0083,ServiceNow IT Service Management,2025-11-30,Past EOL,High,Tier 2,Production,Owner Identified,166221
APP-00025,MFB-Retail-0025,Risk,SW-0025,Splunk Enterprise Security,2028-12-31,Supported,High,Tier 2,DR,Owner Identified,147775
APP-00026,MFB-Wealth-0026,Risk,SW-0030,Microsoft SQL Server 2016,2026-07-14,EOL within 12 months,Critical,Tier 4,Production,Owner Identified,172095
APP-00027,MFB-Data-0027,Operations,SW-0075,Apache Kafka 3.5,2026-06-30,EOL within 12 months,Medium,Tier 1,Development,Owner Identified,222725
APP-00028,MFB-Retail-0028,Operations,SW-0034,Oracle Database 21c,2025-04-30,Past EOL,High,Tier 2,DR,Owner Missing,117006
APP-00029,MFB-Risk-0029,Treasury,SW-0080,SAS Viya 4,2028-12-31,Supported,Critical,Tier 1,Development,Owner Identified,249374
APP-00030,MFB-Retail-0030,Commercial Banking,SW-0074,Informatica PowerCenter 10.5,2027-12-31,EOL within 24 months,High,Tier 4,Production,Owner Missing,79551
APP-00031,MFB-Digital-0031,Cybersecurity,SW-0080,SAS Viya 4,2028-12-31,Supported,Critical,Tier 2,DR,Owner Identified,205888
APP-00032,MFB-Digital-0032,Risk,SW-0089,Apache Tomcat,2028-12-31,Supported,Low,Tier 1,Development,Owner Identified,207154
APP-00033,MFB-Retail-0033,Technology,SW-0027,Qualys VMDR,2030-01-01,Supported,High,Tier 2,Production,Owner Missing,138991
APP-00034,MFB-Digital-0034,Legal & Compliance,SW-0073,Azure Data Factory,2030-01-01,Supported,Medium,Tier 2,Development,Owner Missing,167086
APP-00035,MFB-Data-0035,Operations,SW-0078,Power BI Desktop,2030-01-01,Supported,Medium,Tier 2,Production,Owner Identified,12782
APP-00036,MFB-Data-0036,Data & Analytics,SW-0028,Zscaler Internet Access,2030-01-01,Supported,Critical,Tier 1,DR,Owner Identified,52708
APP-00037,MFB-Risk-0037,Commercial Banking,SW-0079,Tableau Desktop 2024.x,2027-12-31,EOL within 24 months,Low,Tier 2,Production,Owner Identified,217421
APP-00038,MFB-Data-0038,Human Resources,SW-0035,PostgreSQL 14,2026-11-12,EOL within 12 months,Critical,Tier 2,Development,Owner Missing,186452
APP-00039,MFB-Treasury-0039,Operations,SW-0083,ServiceNow IT Service Management,2025-11-30,Past EOL,Critical,Tier 1,Production,Owner Identified,35013
APP-00040,MFB-Digital-0040,Cybersecurity,SW-0026,Tenable Nessus,2028-12-31,Supported,Critical,Tier 3,Development,Owner Identified,166593
APP-00041,MFB-Data-0041,Treasury,SW-0078,Power BI Desktop,2030-01-01,Supported,Critical,Tier 3,Production,Owner Identified,157923
APP-00042,MFB-Wealth-0042,Data & Analytics,SW-0079,Tableau Desktop 2024.x,2027-12-31,EOL within 24 months,High,Tier 4,Production,Owner Missing,92732
APP-00043,MFB-Data-0043,Wealth Management,SW-0074,Informatica PowerCenter 10.5,2027-12-31,EOL within 24 months,High,Tier 1,Production,Owner Identified,146052
APP-00044,MFB-Data-0044,Capital Markets,SW-0072,Databricks Runtime 13.3 LTS,2026-09-30,EOL within 12 months,Medium,Tier 2,Development,Owner Identified,137060
APP-00045,MFB-Treasury-0045,Technology,SW-0028,Zscaler Internet Access,2030-01-01,Supported,Medium,Tier 3,Production,Owner Identified,132938
APP-00046,MFB-Risk-0046,Wealth Management,SW-0080,SAS Viya 4,2028-12-31,Supported,High,Tier 1,Production,Owner Identified,66513
APP-00047,MFB-Loan-0047,Operations,SW-0090,IBM WebSphere Application Server,2030-12-31,Supported,Medium,Tier 1,Production,Owner Missing,189334
APP-00048,MFB-Data-0048,Cybersecurity,SW-0082,SAP S/4HANA,2027-12-31,EOL within 24 months,Medium,Tier 1,Production,Owner Missing,223741
APP-00049,MFB-Ops-0049,Data & Analytics,SW-0028,Zscaler Internet Access,2030-01-01,Supported,Low,Tier 4,Development,Owner Missing,230292
APP-00050,MFB-Risk-0050,Capital Markets,SW-0037,MySQL Community Server 8.0,2026-04-30,Past EOL,Critical,Tier 3,Production,Owner Identified,82566
APP-00051,MFB-Data-0051,Technology,SW-0086,MuleSoft Anypoint Platform,2030-01-01,Supported,Medium,Tier 4,Development,Owner Identified,196468
APP-00052,MFB-Retail-0052,Capital Markets,SW-0034,Oracle Database 21c,2025-04-30,Past EOL,High,Tier 2,DR,Owner Identified,214122
APP-00053,MFB-Retail-0053,Commercial Banking,SW-0032,Microsoft SQL Server 2022,2033-01-11,Supported,Critical,Tier 3,Production,Owner Identified,221892
APP-00054,MFB-Data-0054,Risk,SW-0026,Tenable Nessus,2028-12-31,Supported,Critical,Tier 3,Production,Owner Identified,182499
APP-00055,MFB-Payments-0055,Operations,SW-0037,MySQL Community Server 8.0,2026-04-30,Past EOL,Critical,Tier 2,Development,Owner Identified,55185
APP-00056,MFB-Loan-0056,Cybersecurity,SW-0079,Tableau Desktop 2024.x,2027-12-31,EOL within 24 months,Critical,Tier 1,Production,Owner Missing,41027
APP-00057,MFB-Ops-0057,Wealth Management,SW-0022,Microsoft Defender for Endpoint,2030-01-01,Supported,High,Tier 2,Production,Owner Identified,23071
APP-00058,MFB-Risk-0058,Retail Banking,SW-0075,Apache Kafka 3.5,2026-06-30,EOL within 12 months,Critical,Tier 3,Production,Owner Identified,50185
APP-00059,MFB-Ops-0059,Retail Banking,SW-0031,Microsoft SQL Server 2019,2030-01-08,Supported,Low,Tier 3,Production,Owner Identified,175131
APP-00060,MFB-Ops-0060,Human Resources,SW-0086,MuleSoft Anypoint Platform,2030-01-01,Supported,Medium,Tier 3,Production,Owner Identified,147972
APP-00061,MFB-Data-0061,Human Resources,SW-0034,Oracle Database 21c,2025-04-30,Past EOL,High,Tier 4,Production,Owner Identified,204650
APP-00062,MFB-Loan-0062,Wealth Management,SW-0071,Apache Airflow 2.7,2025-08-31,Past EOL,Medium,Tier 1,Production,Owner Identified,220156
APP-00063,MFB-Digital-0063,Data & Analytics,SW-0079,Tableau Desktop 2024.x,2027-12-31,EOL within 24 months,Critical,Tier 2,Production,Owner Missing,123780
APP-00064,MFB-Retail-0064,Technology,SW-0025,Splunk Enterprise Security,2028-12-31,Supported,Medium,Tier 4,DR,Owner Identified,183499
APP-00065,MFB-Treasury-0065,Risk,SW-0086,MuleSoft Anypoint Platform,2030-01-01,Supported,Critical,Tier 4,DR,Owner Missing,225728
APP-00066,MFB-Digital-0066,Legal & Compliance,SW-0023,CrowdStrike Falcon,2030-01-01,Supported,High,Tier 4,Production,Owner Identified,16634
APP-00067,MFB-Wealth-0067,Capital Markets,SW-0038,MongoDB Enterprise Advanced 6.0,2026-07-31,EOL within 12 months,High,Tier 2,Production,Owner Identified,85093
APP-00068,MFB-Loan-0068,Data & Analytics,SW-0090,IBM WebSphere Application Server,2030-12-31,Supported,High,Tier 3,Production,Owner Identified,180644
APP-00069,MFB-Wealth-0069,Legal & Compliance,SW-0078,Power BI Desktop,2030-01-01,Supported,Low,Tier 2,Production,Owner Identified,145066
APP-00070,MFB-Treasury-0070,Retail Banking,SW-0074,Informatica PowerCenter 10.5,2027-12-31,EOL within 24 months,Critical,Tier 4,Production,Owner Identified,135503
APP-00071,MFB-Retail-0071,Data & Analytics,SW-0075,Apache Kafka 3.5,2026-06-30,EOL within 12 months,Medium,Tier 4,Production,Owner Identified,117941
APP-00072,MFB-Retail-0072,Data & Analytics,SW-0075,Apache Kafka 3.5,2026-06-30,EOL within 12 months,Medium,Tier 2,Development,Owner Identified,73895
APP-00073,MFB-Risk-0073,Retail Banking,SW-0035,PostgreSQL 14,2026-11-12,EOL within 12 months,High,Tier 4,Production,Owner Identified,125135
APP-00074,MFB-Wealth-0074,Wealth Management,SW-0073,Azure Data Factory,2030-01-01,Supported,Medium,Tier 2,Production,Owner Identified,48990
APP-00075,MFB-Wealth-0075,Commercial Banking,SW-0086,MuleSoft Anypoint Platform,2030-01-01,Supported,High,Tier 1,Development,Owner Identified,33226
APP-00076,MFB-Risk-0076,Technology,SW-0081,IBM SPSS Statistics 29,2028-09-30,Supported,Medium,Tier 3,Development,Owner Missing,147866
APP-00077,MFB-Loan-0077,Treasury,SW-0024,CyberArk Privileged Access Manager,2028-12-31,Supported,High,Tier 3,Production,Owner Missing,33076
APP-00078,MFB-Retail-0078,Commercial Banking,SW-0075,Apache Kafka 3.5,2026-06-30,EOL within 12 months,Critical,Tier 2,Production,Owner Identified,241932
APP-00079,MFB-Risk-0079,Cybersecurity,SW-0085,Workday Human Capital Management,2030-01-01,Supported,High,Tier 4,DR,Owner Missing,55133
APP-00080,MFB-Wealth-0080,Technology,SW-0072,Databricks Runtime 13.3 LTS,2026-09-30,EOL within 12 months,High,Tier 4,DR,Owner Missing,15539
APP-00081,MFB-Risk-0081,Commercial Banking,SW-0078,Power BI Desktop,2030-01-01,Supported,High,Tier 1,DR,Owner Identified,68076
APP-00082,MFB-Payments-0082,Legal & Compliance,SW-0088,Apache Tomcat,2027-03-31,EOL within 12 months,Medium,Tier 2,Production,Owner Identified,194330
APP-00083,MFB-Wealth-0083,Operations,SW-0032,Microsoft SQL Server 2022,2033-01-11,Supported,Critical,Tier 1,Production,Owner Identified,207932
APP-00084,MFB-Data-0084,Finance,SW-0071,Apache Airflow 2.7,2025-08-31,Past EOL,Low,Tier 4,Production,Owner Identified,78726
APP-00085,MFB-Wealth-0085,Finance,SW-0024,CyberArk Privileged Access Manager,2028-12-31,Supported,Low,Tier 4,Development,Owner Missing,206476
APP-00086,MFB-Data-0086,Capital Markets,SW-0079,Tableau Desktop 2024.x,2027-12-31,EOL within 24 months,Critical,Tier 2,Production,Owner Identified,188071
APP-00087,MFB-Treasury-0087,Commercial Banking,SW-0081,IBM SPSS Statistics 29,2028-09-30,Supported,Medium,Tier 3,Production,Owner Identified,83611
APP-00088,MFB-Data-0088,Capital Markets,SW-0026,Tenable Nessus,2028-12-31,Supported,High,Tier 4,Production,Owner Identified,73243
APP-00089,MFB-Data-0089,Legal & Compliance,SW-0083,ServiceNow IT Service Management,2025-11-30,Past EOL,High,Tier 3,Production,Owner Identified,51859
APP-00090,MFB-Risk-0090,Risk,SW-0072,Databricks Runtime 13.3 LTS,2026-09-30,EOL within 12 months,Critical,Tier 2,DR,Owner Identified,124354
APP-00091,MFB-Data-0091,Data & Analytics,SW-0037,MySQL Community Server 8.0,2026-04-30,Past EOL,Medium,Tier 2,Production,Owner Missing,199431
APP-00092,MFB-Risk-0092,Treasury,SW-0023,CrowdStrike Falcon,2030-01-01,Supported,Low,Tier 2,Development,Owner Missing,167013
APP-00093,MFB-Retail-0093,Capital Markets,SW-0035,PostgreSQL 14,2026-11-12,EOL within 12 months,Critical,Tier 1,DR,Owner Identified,55371
APP-00094,MFB-Data-0094,Technology,SW-0079,Tableau Desktop 2024.x,2027-12-31,EOL within 24 months,High,Tier 2,Development,Owner Identified,48808
APP-00095,MFB-Treasury-0095,Operations,SW-0088,Apache Tomcat,2027-03-31,EOL within 12 months,Critical,Tier 3,Production,Owner Identified,212290
APP-00096,MFB-Payments-0096,Human Resources,SW-0026,Tenable Nessus,2028-12-31,Supported,Medium,Tier 2,Development,Owner Identified,202615
APP-00097,MFB-Data-0097,Capital Markets,SW-0088,Apache Tomcat,2027-03-31,EOL within 12 months,Critical,Tier 3,DR,Owner Missing,227319
APP-00098,MFB-Data-0098,Operations,SW-0026,Tenable Nessus,2028-12-31,Supported,High,Tier 4,Production,Owner Identified,170822
APP-00099,MFB-Treasury-0099,Risk,SW-0026,Tenable Nessus,2028-12-31,Supported,Critical,Tier 2,Production,Owner Identified,238791
APP-00100,MFB-Ops-0100,Wealth Management,SW-0026,Tenable Nessus,2028-12-31,Supported,Medium,Tier 3,Production,Owner Identified,99822
APP-00101,MFB-Loan-0101,Data & Analytics,SW-0035,PostgreSQL 14,2026-11-12,EOL within 12 months,High,Tier 1,Production,Owner Identified,162659
APP-00102,MFB-Ops-0102,Legal & Compliance,SW-0027,Qualys VMDR,2030-01-01,Supported,High,Tier 4,Production,Owner Missing,233004
APP-00103,MFB-Digital-0103,Wealth Management,SW-0034,Oracle Database 21c,2025-04-30,Past EOL,Critical,Tier 4,Production,Owner Missing,99512
APP-00104,MFB-Loan-0104,Operations,SW-0085,Workday Human Capital Management,2030-01-01,Supported,Low,Tier 3,DR,Owner Identified,10145
APP-00105,MFB-Ops-0105,Data & Analytics,SW-0036,PostgreSQL 15,2027-11-11,EOL within 24 months,High,Tier 4,DR,Owner Missing,143297
APP-00106,MFB-Wealth-0106,Human Resources,SW-0037,MySQL Community Server 8.0,2026-04-30,Past EOL,High,Tier 3,Production,Owner Identified,146496
APP-00107,MFB-Digital-0107,Cybersecurity,SW-0035,PostgreSQL 14,2026-11-12,EOL within 12 months,Critical,Tier 2,DR,Owner Identified,153806
APP-00108,MFB-Data-0108,Retail Banking,SW-0027,Qualys VMDR,2030-01-01,Supported,Medium,Tier 2,DR,Owner Missing,142832
APP-00109,MFB-Ops-0109,Capital Markets,SW-0089,Apache Tomcat,2028-12-31,Supported,Medium,Tier 2,Production,Owner Missing,53217
APP-00110,MFB-Data-0110,Operations,SW-0024,CyberArk Privileged Access Manager,2028-12-31,Supported,Critical,Tier 2,Development,Owner Identified,124040
APP-00111,MFB-Treasury-0111,Technology,SW-0082,SAP S/4HANA,2027-12-31,EOL within 24 months,Medium,Tier 3,Production,Owner Missing,6347
APP-00112,MFB-Data-0112,Technology,SW-0088,Apache Tomcat,2027-03-31,EOL within 12 months,High,Tier 3,Production,Owner Identified,32232
APP-00113,MFB-Digital-0113,Treasury,SW-0022,Microsoft Defender for Endpoint,2030-01-01,Supported,Medium,Tier 3,Production,Owner Missing,78481
APP-00114,MFB-Wealth-0114,Finance,SW-0079,Tableau Desktop 2024.x,2027-12-31,EOL within 24 months,Low,Tier 1,DR,Owner Identified,246851
APP-00115,MFB-Retail-0115,Legal & Compliance,SW-0082,SAP S/4HANA,2027-12-31,EOL within 24 months,Critical,Tier 4,Production,Owner Identified,184916
APP-00116,MFB-Retail-0116,Legal & Compliance,SW-0072,Databricks Runtime 13.3 LTS,2026-09-30,EOL within 12 months,High,Tier 2,Production,Owner Missing,181946
APP-00117,MFB-Risk-0117,Risk,SW-0033,Oracle Database 19c,2027-04-30,EOL within 12 months,High,Tier 4,Production,Owner Missing,211934
APP-00118,MFB-Loan-0118,Finance,SW-0026,Tenable Nessus,2028-12-31,Supported,High,Tier 3,Production,Owner Identified,214328
APP-00119,MFB-Data-0119,Human Resources,SW-0083,ServiceNow IT Service Management,2025-11-30,Past EOL,Medium,Tier 1,DR,Owner Missing,32718
APP-00120,MFB-Risk-0120,Operations,SW-0037,MySQL Community Server 8.0,2026-04-30,Past EOL,Critical,Tier 4,Production,Owner Identified,129860
APP-00121,MFB-Payments-0121,Data & Analytics,SW-0083,ServiceNow IT Service Management,2025-11-30,Past EOL,Low,Tier 4,Development,Owner Identified,65874
APP-00122,MFB-Ops-0122,Operations,SW-0030,Microsoft SQL Server 2016,2026-07-14,EOL within 12 months,Critical,Tier 1,Production,Owner Identified,106050
APP-00123,MFB-Ops-0123,Retail Banking,SW-0037,MySQL Community Server 8.0,2026-04-30,Past EOL,Critical,Tier 2,Production,Owner Missing,162493
APP-00124,MFB-Risk-0124,Cybersecurity,SW-0072,Databricks Runtime 13.3 LTS,2026-09-30,EOL within 12 months,Medium,Tier 1,Development,Owner Identified,69335
APP-00125,MFB-Payments-0125,Treasury,SW-0084,Salesforce Financial Services Cloud,2030-01-01,Supported,Critical,Tier 1,Production,Owner Missing,45302
APP-00126,MFB-Wealth-0126,Cybersecurity,SW-0038,MongoDB Enterprise Advanced 6.0,2026-07-31,EOL within 12 months,High,Tier 3,Production,Owner Identified,89654
APP-00127,MFB-Data-0127,Commercial Banking,SW-0022,Microsoft Defender for Endpoint,2030-01-01,Supported,High,Tier 3,Development,Owner Identified,26630
APP-00128,MFB-Payments-0128,Data & Analytics,SW-0037,MySQL Community Server 8.0,2026-04-30,Past EOL,High,Tier 2,Production,Owner Identified,229820
APP-00129,MFB-Retail-0129,Treasury,SW-0035,PostgreSQL 14,2026-11-12,EOL within 12 months,High,Tier 1,Development,Owner Identified,132089
APP-00130,MFB-Risk-0130,Human Resources,SW-0037,MySQL Community Server 8.0,2026-04-30,Past EOL,Medium,Tier 2,Development,Owner Identified,79497
APP-00131,MFB-Risk-0131,Finance,SW-0081,IBM SPSS Statistics 29,2028-09-30,Supported,High,Tier 4,Development,Owner Missing,225763
APP-00132,MFB-Treasury-0132,Risk,SW-0034,Oracle Database 21c,2025-04-30,Past EOL,High,Tier 1,Development,Owner Missing,165616
APP-00133,MFB-Payments-0133,Wealth Management,SW-0090,IBM WebSphere Application Server,2030-12-31,Supported,Medium,Tier 1,DR,Owner Identified,19900
APP-00134,MFB-Wealth-0134,Operations,SW-0074,Informatica PowerCenter 10.5,2027-12-31,EOL within 24 months,Critical,Tier 3,Production,Owner Identified,158996
APP-00135,MFB-Risk-0135,Capital Markets,SW-0085,Workday Human Capital Management,2030-01-01,Supported,Critical,Tier 4,Development,Owner Identified,39454
APP-00136,MFB-Digital-0136,Finance,SW-0072,Databricks Runtime 13.3 LTS,2026-09-30,EOL within 12 months,High,Tier 1,DR,Owner Identified,18886
APP-00137,MFB-Wealth-0137,Wealth Management,SW-0090,IBM WebSphere Application Server,2030-12-31,Supported,Critical,Tier 3,Production,Owner Identified,67434
APP-00138,MFB-Loan-0138,Technology,SW-0030,Microsoft SQL Server 2016,2026-07-14,EOL within 12 months,Critical,Tier 3,Development,Owner Missing,133186
APP-00139,MFB-Ops-0139,Wealth Management,SW-0033,Oracle Database 19c,2027-04-30,EOL within 12 months,High,Tier 1,DR,Owner Missing,180882
APP-00140,MFB-Treasury-0140,Risk,SW-0082,SAP S/4HANA,2027-12-31,EOL within 24 months,Medium,Tier 1,Production,Owner Identified,74319
APP-00141,MFB-Payments-0141,Legal & Compliance,SW-0028,Zscaler Internet Access,2030-01-01,Supported,Critical,Tier 2,Production,Owner Missing,65498
APP-00142,MFB-Treasury-0142,Treasury,SW-0038,MongoDB Enterprise Advanced 6.0,2026-07-31,EOL within 12 months,High,Tier 1,Production,Owner Missing,184994
APP-00143,MFB-Payments-0143,Wealth Management,SW-0036,PostgreSQL 15,2027-11-11,EOL within 24 months,High,Tier 1,Production,Owner Missing,236693
APP-00144,MFB-Ops-0144,Capital Markets,SW-0090,IBM WebSphere Application Server,2030-12-31,Supported,High,Tier 2,DR,Owner Identified,231904
APP-00145,MFB-Digital-0145,Legal & Compliance,SW-0087,IBM MQ,2028-12-31,Supported,High,Tier 3,Production,Owner Missing,204020
APP-00146,MFB-Risk-0146,Legal & Compliance,SW-0078,Power BI Desktop,2030-01-01,Supported,Low,Tier 4,Development,Owner Identified,177967
APP-00147,MFB-Retail-0147,Treasury,SW-0025,Splunk Enterprise Security,2028-12-31,Supported,Critical,Tier 3,Production,Owner Identified,71874
APP-00148,MFB-Treasury-0148,Human Resources,SW-0028,Zscaler Internet Access,2030-01-01,Supported,Critical,Tier 4,Production,Owner Missing,100776
APP-00149,MFB-Retail-0149,Finance,SW-0073,Azure Data Factory,2030-01-01,Supported,High,Tier 2,DR,Owner Identified,10449
APP-00150,MFB-Treasury-0150,Treasury,SW-0074,Informatica PowerCenter 10.5,2027-12-31,EOL within 24 months,High,Tier 3,Development,Owner Identified,8963
APP-00151,MFB-Wealth-0151,Treasury,SW-0085,Workday Human Capital Management,2030-01-01,Supported,High,Tier 3,DR,Owner Missing,199298
APP-00152,MFB-Treasury-0152,Retail Banking,SW-0024,CyberArk Privileged Access Manager,2028-12-31,Supported,Medium,Tier 3,DR,Owner Identified,21393
APP-00153,MFB-Risk-0153,Legal & Compliance,SW-0034,Oracle Database 21c,2025-04-30,Past EOL,Medium,Tier 4,Production,Owner Identified,231722
APP-00154,MFB-Loan-0154,Data & Analytics,SW-0024,CyberArk Privileged Access Manager,2028-12-31,Supported,Medium,Tier 4,Development,Owner Identified,139125
APP-00155,MFB-Loan-0155,Treasury,SW-0028,Zscaler Internet Access,2030-01-01,Supported,High,Tier 2,Development,Owner Identified,48493
APP-00156,MFB-Ops-0156,Wealth Management,SW-0032,Microsoft SQL Server 2022,2033-01-11,Supported,Critical,Tier 3,Production,Owner Identified,198902
APP-00157,MFB-Retail-0157,Wealth Management,SW-0071,Apache Airflow 2.7,2025-08-31,Past EOL,Medium,Tier 1,DR,Owner Identified,40527
APP-00158,MFB-Retail-0158,Treasury,SW-0084,Salesforce Financial Services Cloud,2030-01-01,Supported,Critical,Tier 4,DR,Owner Missing,176265
APP-00159,MFB-Retail-0159,Cybersecurity,SW-0031,Microsoft SQL Server 2019,2030-01-08,Supported,Medium,Tier 1,DR,Owner Identified,24710
APP-00160,MFB-Loan-0160,Operations,SW-0027,Qualys VMDR,2030-01-01,Supported,Medium,Tier 4,Production,Owner Identified,233437
APP-00161,MFB-Data-0161,Legal & Compliance,SW-0088,Apache Tomcat,2027-03-31,EOL within 12 months,Medium,Tier 2,Development,Owner Missing,225222
APP-00162,MFB-Treasury-0162,Operations,SW-0084,Salesforce Financial Services Cloud,2030-01-01,Supported,High,Tier 3,Production,Owner Missing,226683
APP-00163,MFB-Data-0163,Wealth Management,SW-0026,Tenable Nessus,2028-12-31,Supported,High,Tier 3,Production,Owner Identified,178989
APP-00164,MFB-Wealth-0164,Risk,SW-0072,Databricks Runtime 13.3 LTS,2026-09-30,EOL within 12 months,Medium,Tier 1,Development,Owner Identified,157013
APP-00165,MFB-Data-0165,Technology,SW-0072,Databricks Runtime 13.3 LTS,2026-09-30,EOL within 12 months,Critical,Tier 3,Development,Owner Identified,136293
APP-00166,MFB-Data-0166,Wealth Management,SW-0033,Oracle Database 19c,2027-04-30,EOL within 12 months,Critical,Tier 1,Production,Owner Identified,62292
APP-00167,MFB-Digital-0167,Wealth Management,SW-0087,IBM MQ,2028-12-31,Supported,Medium,Tier 1,Production,Owner Identified,158203
APP-00168,MFB-Loan-0168,Legal & Compliance,SW-0072,Databricks Runtime 13.3 LTS,2026-09-30,EOL within 12 months,Critical,Tier 2,DR,Owner Identified,48634
APP-00169,MFB-Data-0169,Retail Banking,SW-0083,ServiceNow IT Service Management,2025-11-30,Past EOL,Critical,Tier 1,Production,Owner Identified,89728
APP-00170,MFB-Data-0170,Risk,SW-0071,Apache Airflow 2.7,2025-08-31,Past EOL,Critical,Tier 3,Development,Owner Missing,59824
APP-00171,MFB-Risk-0171,Human Resources,SW-0035,PostgreSQL 14,2026-11-12,EOL within 12 months,High,Tier 4,Production,Owner Identified,128989
APP-00172,MFB-Treasury-0172,Finance,SW-0030,Microsoft SQL Server 2016,2026-07-14,EOL within 12 months,Critical,Tier 3,Production,Owner Missing,21088
APP-00173,MFB-Ops-0173,Finance,SW-0022,Microsoft Defender for Endpoint,2030-01-01,Supported,High,Tier 4,DR,Owner Identified,130820
APP-00174,MFB-Digital-0174,Finance,SW-0079,Tableau Desktop 2024.x,2027-12-31,EOL within 24 months,Medium,Tier 1,Development,Owner Identified,200613
APP-00175,MFB-Payments-0175,Treasury,SW-0023,CrowdStrike Falcon,2030-01-01,Supported,High,Tier 1,Production,Owner Identified,90552
APP-00176,MFB-Loan-0176,Data & Analytics,SW-0087,IBM MQ,2028-12-31,Supported,Critical,Tier 1,DR,Owner Identified,117631
APP-00177,MFB-Retail-0177,Treasury,SW-0028,Zscaler Internet Access,2030-01-01,Supported,Critical,Tier 3,Production,Owner Identified,140489
APP-00178,MFB-Retail-0178,Human Resources,SW-0088,Apache Tomcat,2027-03-31,EOL within 12 months,High,Tier 2,DR,Owner Missing,42239
APP-00179,MFB-Payments-0179,Operations,SW-0032,Microsoft SQL Server 2022,2033-01-11,Supported,Critical,Tier 1,Production,Owner Identified,184323
APP-00180,MFB-Ops-0180,Wealth Management,SW-0030,Microsoft SQL Server 2016,2026-07-14,EOL within 12 months,Medium,Tier 4,Production,Owner Missing,44956
APP-00181,MFB-Treasury-0181,Treasury,SW-0089,Apache Tomcat,2028-12-31,Supported,Medium,Tier 3,DR,Owner Missing,85851
APP-00182,MFB-Loan-0182,Wealth Management,SW-0073,Azure Data Factory,2030-01-01,Supported,Critical,Tier 4,Development,Owner Missing,27574
APP-00183,MFB-Wealth-0183,Data & Analytics,SW-0084,Salesforce Financial Services Cloud,2030-01-01,Supported,High,Tier 2,Production,Owner Identified,184004
APP-00184,MFB-Retail-0184,Legal & Compliance,SW-0079,Tableau Desktop 2024.x,2027-12-31,EOL within 24 months,Critical,Tier 2,DR,Owner Missing,111996
APP-00185,MFB-Loan-0185,Commercial Banking,SW-0090,IBM WebSphere Application Server,2030-12-31,Supported,High,Tier 1,Development,Owner Identified,58648
APP-00186,MFB-Risk-0186,Legal & Compliance,SW-0082,SAP S/4HANA,2027-12-31,EOL within 24 months,High,Tier 3,DR,Owner Identified,38234
APP-00187,MFB-Risk-0187,Treasury,SW-0090,IBM WebSphere Application Server,2030-12-31,Supported,Medium,Tier 4,Production,Owner Identified,26730
APP-00188,MFB-Retail-0188,Risk,SW-0078,Power BI Desktop,2030-01-01,Supported,Medium,Tier 2,Production,Owner Missing,20958
APP-00189,MFB-Loan-0189,Capital Markets,SW-0024,CyberArk Privileged Access Manager,2028-12-31,Supported,High,Tier 1,Production,Owner Identified,223177
APP-00190,MFB-Wealth-0190,Operations,SW-0083,ServiceNow IT Service Management,2025-11-30,Past EOL,Medium,Tier 3,Production,Owner Identified,41933
APP-00191,MFB-Risk-0191,Commercial Banking,SW-0025,Splunk Enterprise Security,2028-12-31,Supported,High,Tier 1,Production,Owner Identified,99324
APP-00192,MFB-Treasury-0192,Human Resources,SW-0090,IBM WebSphere Application Server,2030-12-31,Supported,Medium,Tier 2,Development,Owner Missing,98014
APP-00193,MFB-Ops-0193,Treasury,SW-0023,CrowdStrike Falcon,2030-01-01,Supported,Medium,Tier 4,Production,Owner Identified,134649
APP-00194,MFB-Retail-0194,Operations,SW-0078,Power BI Desktop,2030-01-01,Supported,Critical,Tier 2,DR,Owner Missing,214680
APP-00195,MFB-Treasury-0195,Data & Analytics,SW-0088,Apache Tomcat,2027-03-31,EOL within 12 months,Low,Tier 3,Development,Owner Identified,207223
APP-00196,MFB-Data-0196,Finance,SW-0081,IBM SPSS Statistics 29,2028-09-30,Supported,High,Tier 4,Development,Owner Identified,118309
APP-00197,MFB-Wealth-0197,Wealth Management,SW-0032,Microsoft SQL Server 2022,2033-01-11,Supported,High,Tier 3,DR,Owner Identified,169836
APP-00198,MFB-Ops-0198,Wealth Management,SW-0090,IBM WebSphere Application Server,2030-12-31,Supported,Low,Tier 2,DR,Owner Missing,143177
APP-00199,MFB-Risk-0199,Data & Analytics,SW-0090,IBM WebSphere Application Server,2030-12-31,Supported,High,Tier 3,Production,Owner Missing,42201
APP-00200,MFB-Risk-0200,Data & Analytics,SW-0028,Zscaler Internet Access,2030-01-01,Supported,Critical,Tier 1,Production,Owner Identified,234111
APP-00201,MFB-Retail-0201,Human Resources,SW-0025,Splunk Enterprise Security,2028-12-31,Supported,Medium,Tier 2,Production,Owner Missing,28540
APP-00202,MFB-Data-0202,Legal & Compliance,SW-0075,Apache Kafka 3.5,2026-06-30,EOL within 12 months,Medium,Tier 1,DR,Owner Identified,181816
APP-00203,MFB-Retail-0203,Data & Analytics,SW-0090,IBM WebSphere Application Server,2030-12-31,Supported,Low,Tier 4,Development,Owner Missing,45756
APP-00204,MFB-Treasury-0204,Legal & Compliance,SW-0028,Zscaler Internet Access,2030-01-01,Supported,Critical,Tier 4,Development,Owner Missing,231219
APP-00205,MFB-Digital-0205,Operations,SW-0024,CyberArk Privileged Access Manager,2028-12-31,Supported,Critical,Tier 3,Production,Owner Identified,40341
APP-00206,MFB-Loan-0206,Commercial Banking,SW-0024,CyberArk Privileged Access Manager,2028-12-31,Supported,High,Tier 2,Production,Owner Identified,103404
APP-00207,MFB-Data-0207,Finance,SW-0074,Informatica PowerCenter 10.5,2027-12-31,EOL within 24 months,Critical,Tier 1,Development,Owner Missing,80263
APP-00208,MFB-Risk-0208,Human Resources,SW-0025,Splunk Enterprise Security,2028-12-31,Supported,High,Tier 3,Production,Owner Identified,127368
APP-00209,MFB-Loan-0209,Risk,SW-0079,Tableau Desktop 2024.x,2027-12-31,EOL within 24 months,High,Tier 3,Production,Owner Missing,195142
APP-00210,MFB-Risk-0210,Data & Analytics,SW-0035,PostgreSQL 14,2026-11-12,EOL within 12 months,High,Tier 1,DR,Owner Identified,17150
APP-00211,MFB-Treasury-0211,Operations,SW-0086,MuleSoft Anypoint Platform,2030-01-01,Supported,Critical,Tier 4,Production,Owner Identified,23835
APP-00212,MFB-Wealth-0212,Treasury,SW-0089,Apache Tomcat,2028-12-31,Supported,High,Tier 1,Development,Owner Identified,138884
APP-00213,MFB-Ops-0213,Legal & Compliance,SW-0071,Apache Airflow 2.7,2025-08-31,Past EOL,Medium,Tier 1,Production,Owner Identified,202876
APP-00214,MFB-Wealth-0214,Operations,SW-0091,Oracle WebLogic Server,2027-12-31,EOL within 24 months,Critical,Tier 2,DR,Owner Missing,240404
APP-00215,MFB-Loan-0215,Capital Markets,SW-0032,Microsoft SQL Server 2022,2033-01-11,Supported,Low,Tier 3,Development,Owner Identified,6964
APP-00216,MFB-Loan-0216,Treasury,SW-0086,MuleSoft Anypoint Platform,2030-01-01,Supported,Critical,Tier 1,DR,Owner Identified,134986
APP-00217,MFB-Loan-0217,Risk,SW-0083,ServiceNow IT Service Management,2025-11-30,Past EOL,Critical,Tier 3,Production,Owner Missing,41645
APP-00218,MFB-Treasury-0218,Retail Banking,SW-0088,Apache Tomcat,2027-03-31,EOL within 12 months,Medium,Tier 2,DR,Owner Identified,56570
APP-00219,MFB-Treasury-0219,Commercial Banking,SW-0084,Salesforce Financial Services Cloud,2030-01-01,Supported,High,Tier 2,DR,Owner Identified,45747
APP-00220,MFB-Risk-0220,Capital Markets,SW-0034,Oracle Database 21c,2025-04-30,Past EOL,High,Tier 2,DR,Owner Identified,168749
APP-00221,MFB-Retail-0221,Technology,SW-0090,IBM WebSphere Application Server,2030-12-31,Supported,Medium,Tier 2,Production,Owner Identified,242014
APP-00222,MFB-Ops-0222,Cybersecurity,SW-0036,PostgreSQL 15,2027-11-11,EOL within 24 months,Critical,Tier 2,Production,Owner Missing,8589
APP-00223,MFB-Ops-0223,Legal & Compliance,SW-0072,Databricks Runtime 13.3 LTS,2026-09-30,EOL within 12 months,Critical,Tier 4,Production,Owner Identified,124997
APP-00224,MFB-Treasury-0224,Operations,SW-0026,Tenable Nessus,2028-12-31,Supported,High,Tier 3,Production,Owner Missing,109647
APP-00225,MFB-Loan-0225,Finance,SW-0074,Informatica PowerCenter 10.5,2027-12-31,EOL within 24 months,High,Tier 2,Production,Owner Identified,81958
APP-00226,MFB-Retail-0226,Operations,SW-0034,Oracle Database 21c,2025-04-30,Past EOL,Critical,Tier 2,Development,Owner Identified,55138
APP-00227,MFB-Wealth-0227,Commercial Banking,SW-0075,Apache Kafka 3.5,2026-06-30,EOL within 12 months,High,Tier 2,Development,Owner Missing,197124
APP-00228,MFB-Retail-0228,Operations,SW-0030,Microsoft SQL Server 2016,2026-07-14,EOL within 12 months,Critical,Tier 3,DR,Owner Missing,50736
APP-00229,MFB-Ops-0229,Human Resources,SW-0023,CrowdStrike Falcon,2030-01-01,Supported,High,Tier 1,Production,Owner Missing,43758
APP-00230,MFB-Wealth-0230,Risk,SW-0033,Oracle Database 19c,2027-04-30,EOL within 12 months,Medium,Tier 2,Development,Owner Identified,150047
APP-00231,MFB-Treasury-0231,Human Resources,SW-0025,Splunk Enterprise Security,2028-12-31,Supported,Medium,Tier 2,Production,Owner Identified,174039
APP-00232,MFB-Digital-0232,Retail Banking,SW-0086,MuleSoft Anypoint Platform,2030-01-01,Supported,High,Tier 1,Production,Owner Identified,122578
APP-00233,MFB-Data-0233,Cybersecurity,SW-0022,Microsoft Defender for Endpoint,2030-01-01,Supported,High,Tier 4,DR,Owner Missing,84285
APP-00234,MFB-Risk-0234,Data & Analytics,SW-0022,Microsoft Defender for Endpoint,2030-01-01,Supported,Medium,Tier 3,Production,Owner Missing,242580
APP-00235,MFB-Risk-0235,Risk,SW-0031,Microsoft SQL Server 2019,2030-01-08,Supported,High,Tier 1,DR,Owner Identified,90641
APP-00236,MFB-Ops-0236,Risk,SW-0091,Oracle WebLogic Server,2027-12-31,EOL within 24 months,High,Tier 3,Development,Owner Identified,133123
APP-00237,MFB-Retail-0237,Data & Analytics,SW-0025,Splunk Enterprise Security,2028-12-31,Supported,Critical,Tier 4,Production,Owner Identified,233687
APP-00238,MFB-Retail-0238,Technology,SW-0026,Tenable Nessus,2028-12-31,Supported,High,Tier 3,Development,Owner Missing,19776
APP-00239,MFB-Data-0239,Operations,SW-0074,Informatica PowerCenter 10.5,2027-12-31,EOL within 24 months,High,Tier 4,Development,Owner Identified,227244
APP-00240,MFB-Digital-0240,Retail Banking,SW-0038,MongoDB Enterprise Advanced 6.0,2026-07-31,EOL within 12 months,Critical,Tier 1,Development,Owner Missing,209275
APP-00241,MFB-Ops-0241,Finance,SW-0086,MuleSoft Anypoint Platform,2030-01-01,Supported,Medium,Tier 4,DR,Owner Identified,96796
APP-00242,MFB-Wealth-0242,Finance,SW-0025,Splunk Enterprise Security,2028-12-31,Supported,High,Tier 2,Production,Owner Identified,218408
APP-00243,MFB-Payments-0243,Capital Markets,SW-0087,IBM MQ,2028-12-31,Supported,High,Tier 2,Development,Owner Identified,172604
APP-00244,MFB-Data-0244,Finance,SW-0030,Microsoft SQL Server 2016,2026-07-14,EOL within 12 months,Low,Tier 2,Production,Owner Identified,196141
APP-00245,MFB-Retail-0245,Finance,SW-0084,Salesforce Financial Services Cloud,2030-01-01,Supported,High,Tier 2,Production,Owner Identified,173116
APP-00246,MFB-Data-0246,Treasury,SW-0087,IBM MQ,2028-12-31,Supported,Medium,Tier 2,Production,Owner Identified,127174
APP-00247,MFB-Risk-0247,Technology,SW-0079,Tableau Desktop 2024.x,2027-12-31,EOL within 24 months,High,Tier 4,Development,Owner Identified,147966
APP-00248,MFB-Treasury-0248,Commercial Banking,SW-0082,SAP S/4HANA,2027-12-31,EOL within 24 months,Medium,Tier 3,Production,Owner Identified,21538
APP-00249,MFB-Risk-0249,Finance,SW-0084,Salesforce Financial Services Cloud,2030-01-01,Supported,Medium,Tier 2,Production,Owner Missing,166949
APP-00250,MFB-Payments-0250,Operations,SW-0022,Microsoft Defender for Endpoint,2030-01-01,Supported,Critical,Tier 3,Development,Owner Missing,85608
APP-00251,MFB-Loan-0251,Cybersecurity,SW-0091,Oracle WebLogic Server,2027-12-31,EOL within 24 months,Medium,Tier 2,Production,Owner Identified,193408
APP-00252,MFB-Loan-0252,Technology,SW-0078,Power BI Desktop,2030-01-01,Supported,High,Tier 2,Development,Owner Identified,106815
APP-00253,MFB-Data-0253,Operations,SW-0087,IBM MQ,2028-12-31,Supported,Critical,Tier 3,Production,Owner Identified,221935
APP-00254,MFB-Ops-0254,Data & Analytics,SW-0036,PostgreSQL 15,2027-11-11,EOL within 24 months,High,Tier 1,Production,Owner Missing,208642
APP-00255,MFB-Payments-0255,Cybersecurity,SW-0071,Apache Airflow 2.7,2025-08-31,Past EOL,High,Tier 3,Production,Owner Identified,104554
APP-00256,MFB-Payments-0256,Wealth Management,SW-0036,PostgreSQL 15,2027-11-11,EOL within 24 months,Critical,Tier 3,DR,Owner Missing,160538
APP-00257,MFB-Ops-0257,Retail Banking,SW-0027,Qualys VMDR,2030-01-01,Supported,Medium,Tier 1,Production,Owner Identified,219609
APP-00258,MFB-Ops-0258,Cybersecurity,SW-0038,MongoDB Enterprise Advanced 6.0,2026-07-31,EOL within 12 months,Critical,Tier 4,Development,Owner Missing,89805
APP-00259,MFB-Ops-0259,Human Resources,SW-0073,Azure Data Factory,2030-01-01,Supported,High,Tier 3,Production,Owner Missing,57283
APP-00260,MFB-Ops-0260,Risk,SW-0091,Oracle WebLogic Server,2027-12-31,EOL within 24 months,Medium,Tier 2,DR,Owner Identified,205318
APP-00261,MFB-Retail-0261,Legal & Compliance,SW-0023,CrowdStrike Falcon,2030-01-01,Supported,High,Tier 2,Development,Owner Identified,205079
APP-00262,MFB-Data-0262,Risk,SW-0033,Oracle Database 19c,2027-04-30,EOL within 12 months,Medium,Tier 4,Production,Owner Identified,213226
APP-00263,MFB-Data-0263,Treasury,SW-0031,Microsoft SQL Server 2019,2030-01-08,Supported,High,Tier 1,Production,Owner Identified,74784
APP-00264,MFB-Risk-0264,Treasury,SW-0080,SAS Viya 4,2028-12-31,Supported,Medium,Tier 1,DR,Owner Identified,52290
APP-00265,MFB-Data-0265,Human Resources,SW-0091,Oracle WebLogic Server,2027-12-31,EOL within 24 months,High,Tier 4,Production,Owner Identified,84620
APP-00266,MFB-Treasury-0266,Wealth Management,SW-0032,Microsoft SQL Server 2022,2033-01-11,Supported,Medium,Tier 1,Production,Owner Missing,12476
APP-00267,MFB-Ops-0267,Human Resources,SW-0086,MuleSoft Anypoint Platform,2030-01-01,Supported,Critical,Tier 3,DR,Owner Identified,112419
APP-00268,MFB-Ops-0268,Cybersecurity,SW-0087,IBM MQ,2028-12-31,Supported,High,Tier 3,DR,Owner Missing,62621
APP-00269,MFB-Ops-0269,Wealth Management,SW-0030,Microsoft SQL Server 2016,2026-07-14,EOL within 12 months,Critical,Tier 2,Development,Owner Identified,103456
APP-00270,MFB-Wealth-0270,Finance,SW-0030,Microsoft SQL Server 2016,2026-07-14,EOL within 12 months,High,Tier 3,Production,Owner Missing,47374
APP-00271,MFB-Risk-0271,Data & Analytics,SW-0031,Microsoft SQL Server 2019,2030-01-08,Supported,High,Tier 4,DR,Owner Identified,209892
APP-00272,MFB-Data-0272,Data & Analytics,SW-0034,Oracle Database 21c,2025-04-30,Past EOL,Low,Tier 1,DR,Owner Missing,179363
APP-00273,MFB-Treasury-0273,Treasury,SW-0083,ServiceNow IT Service Management,2025-11-30,Past EOL,Medium,Tier 2,Production,Owner Missing,8575
APP-00274,MFB-Retail-0274,Wealth Management,SW-0081,IBM SPSS Statistics 29,2028-09-30,Supported,High,Tier 1,Development,Owner Missing,12263
APP-00275,MFB-Loan-0275,Capital Markets,SW-0088,Apache Tomcat,2027-03-31,EOL within 12 months,Medium,Tier 4,Production,Owner Identified,178293
APP-00276,MFB-Treasury-0276,Cybersecurity,SW-0024,CyberArk Privileged Access Manager,2028-12-31,Supported,Low,Tier 2,Production,Owner Identified,233328
APP-00277,MFB-Digital-0277,Risk,SW-0030,Microsoft SQL Server 2016,2026-07-14,EOL within 12 months,Critical,Tier 2,Development,Owner Identified,49077
APP-00278,MFB-Payments-0278,Commercial Banking,SW-0036,PostgreSQL 15,2027-11-11,EOL within 24 months,Medium,Tier 3,Production,Owner Identified,55521
APP-00279,MFB-Loan-0279,Cybersecurity,SW-0035,PostgreSQL 14,2026-11-12,EOL within 12 months,Critical,Tier 4,Production,Owner Missing,34094
APP-00280,MFB-Treasury-0280,Cybersecurity,SW-0036,PostgreSQL 15,2027-11-11,EOL within 24 months,High,Tier 3,Production,Owner Identified,146588
APP-00281,MFB-Wealth-0281,Wealth Management,SW-0071,Apache Airflow 2.7,2025-08-31,Past EOL,High,Tier 3,DR,Owner Identified,213671
APP-00282,MFB-Loan-0282,Human Resources,SW-0023,CrowdStrike Falcon,2030-01-01,Supported,Medium,Tier 4,DR,Owner Missing,189375
APP-00283,MFB-Risk-0283,Cybersecurity,SW-0022,Microsoft Defender for Endpoint,2030-01-01,Supported,High,Tier 2,Production,Owner Identified,179874
APP-00284,MFB-Loan-0284,Retail Banking,SW-0080,SAS Viya 4,2028-12-31,Supported,Critical,Tier 3,DR,Owner Identified,138483
APP-00285,MFB-Wealth-0285,Data & Analytics,SW-0038,MongoDB Enterprise Advanced 6.0,2026-07-31,EOL within 12 months,High,Tier 1,DR,Owner Identified,105554
APP-00286,MFB-Ops-0286,Operations,SW-0074,Informatica PowerCenter 10.5,2027-12-31,EOL within 24 months,Critical,Tier 4,Production,Owner Identified,173189
APP-00287,MFB-Treasury-0287,Data & Analytics,SW-0023,CrowdStrike Falcon,2030-01-01,Supported,Critical,Tier 3,Development,Owner Identified,165062
APP-00288,MFB-Wealth-0288,Risk,SW-0084,Salesforce Financial Services Cloud,2030-01-01,Supported,High,Tier 2,Production,Owner Identified,73955
APP-00289,MFB-Wealth-0289,Cybersecurity,SW-0028,Zscaler Internet Access,2030-01-01,Supported,High,Tier 1,Production,Owner Missing,166919
APP-00290,MFB-Loan-0290,Technology,SW-0083,ServiceNow IT Service Management,2025-11-30,Past EOL,High,Tier 4,DR,Owner Missing,108797
APP-00291,MFB-Treasury-0291,Treasury,SW-0026,Tenable Nessus,2028-12-31,Supported,Low,Tier 3,Production,Owner Identified,218012
APP-00292,MFB-Treasury-0292,Cybersecurity,SW-0034,Oracle Database 21c,2025-04-30,Past EOL,High,Tier 1,Production,Owner Identified,78987
APP-00293,MFB-Risk-0293,Technology,SW-0074,Informatica PowerCenter 10.5,2027-12-31,EOL within 24 months,High,Tier 2,DR,Owner Missing,88267
APP-00294,MFB-Retail-0294,Finance,SW-0073,Azure Data Factory,2030-01-01,Supported,Low,Tier 3,Production,Owner Identified,201741
APP-00295,MFB-Payments-0295,Risk,SW-0034,Oracle Database 21c,2025-04-30,Past EOL,Critical,Tier 1,Production,Owner Missing,231688
APP-00296,MFB-Payments-0296,Technology,SW-0075,Apache Kafka 3.5,2026-06-30,EOL within 12 months,High,Tier 2,Production,Owner Identified,143628
APP-00297,MFB-Retail-0297,Legal & Compliance,SW-0084,Salesforce Financial Services Cloud,2030-01-01,Supported,Medium,Tier 2,Development,Owner Missing,120664
APP-00298,MFB-Treasury-0298,Technology,SW-0079,Tableau Desktop 2024.x,2027-12-31,EOL within 24 months,High,Tier 1,Development,Owner Missing,66114
APP-00299,MFB-Wealth-0299,Risk,SW-0082,SAP S/4HANA,2027-12-31,EOL within 24 months,Low,Tier 2,Production,Owner Missing,100874
APP-00300,MFB-Retail-0300,Technology,SW-0027,Qualys VMDR,2030-01-01,Supported,Medium,Tier 3,Development,Owner Missing,116207
APP-00301,MFB-Risk-0301,Capital Markets,SW-0086,MuleSoft Anypoint Platform,2030-01-01,Supported,Medium,Tier 3,Production,Owner Identified,133946
APP-00302,MFB-Payments-0302,Cybersecurity,SW-0038,MongoDB Enterprise Advanced 6.0,2026-07-31,EOL within 12 months,High,Tier 2,DR,Owner Identified,119691
APP-00303,MFB-Ops-0303,Cybersecurity,SW-0035,PostgreSQL 14,2026-11-12,EOL within 12 months,Critical,Tier 1,Production,Owner Missing,205718
APP-00304,MFB-Treasury-0304,Risk,SW-0027,Qualys VMDR,2030-01-01,Supported,Critical,Tier 4,Production,Owner Identified,195467
APP-00305,MFB-Risk-0305,Legal & Compliance,SW-0086,MuleSoft Anypoint Platform,2030-01-01,Supported,High,Tier 2,DR,Owner Identified,110207
APP-00306,MFB-Retail-0306,Capital Markets,SW-0071,Apache Airflow 2.7,2025-08-31,Past EOL,Critical,Tier 2,Production,Owner Missing,10135
APP-00307,MFB-Retail-0307,Data & Analytics,SW-0090,IBM WebSphere Application Server,2030-12-31,Supported,High,Tier 3,DR,Owner Missing,135383
APP-00308,MFB-Payments-0308,Human Resources,SW-0091,Oracle WebLogic Server,2027-12-31,EOL within 24 months,High,Tier 1,Production,Owner Identified,139272
APP-00309,MFB-Risk-0309,Technology,SW-0033,Oracle Database 19c,2027-04-30,EOL within 12 months,High,Tier 3,Development,Owner Identified,74730
APP-00310,MFB-Retail-0310,Technology,SW-0087,IBM MQ,2028-12-31,Supported,Medium,Tier 1,Production,Owner Missing,53004
APP-00311,MFB-Digital-0311,Operations,SW-0035,PostgreSQL 14,2026-11-12,EOL within 12 months,High,Tier 4,Production,Owner Identified,132204
APP-00312,MFB-Loan-0312,Capital Markets,SW-0081,IBM SPSS Statistics 29,2028-09-30,Supported,High,Tier 1,DR,Owner Identified,163279
APP-00313,MFB-Payments-0313,Legal & Compliance,SW-0086,MuleSoft Anypoint Platform,2030-01-01,Supported,High,Tier 1,DR,Owner Identified,220228
APP-00314,MFB-Risk-0314,Capital Markets,SW-0078,Power BI Desktop,2030-01-01,Supported,Medium,Tier 2,Production,Owner Missing,84659
APP-00315,MFB-Treasury-0315,Cybersecurity,SW-0024,CyberArk Privileged Access Manager,2028-12-31,Supported,Medium,Tier 3,Production,Owner Missing,190349
APP-00316,MFB-Risk-0316,Human Resources,SW-0091,Oracle WebLogic Server,2027-12-31,EOL within 24 months,High,Tier 3,Production,Owner Identified,161251
APP-00317,MFB-Data-0317,Finance,SW-0082,SAP S/4HANA,2027-12-31,EOL within 24 months,High,Tier 1,DR,Owner Missing,69224
APP-00318,MFB-Ops-0318,Finance,SW-0033,Oracle Database 19c,2027-04-30,EOL within 12 months,High,Tier 1,Production,Owner Missing,237950
APP-00319,MFB-Ops-0319,Commercial Banking,SW-0030,Microsoft SQL Server 2016,2026-07-14,EOL within 12 months,Critical,Tier 4,Development,Owner Identified,243498
APP-00320,MFB-Payments-0320,Technology,SW-0034,Oracle Database 21c,2025-04-30,Past EOL,High,Tier 4,Development,Owner Identified,142323
APP-00321,MFB-Data-0321,Capital Markets,SW-0088,Apache Tomcat,2027-03-31,EOL within 12 months,High,Tier 1,Production,Owner Missing,183566
APP-00322,MFB-Loan-0322,Data & Analytics,SW-0072,Databricks Runtime 13.3 LTS,2026-09-30,EOL within 12 months,Low,Tier 2,Production,Owner Identified,138942
APP-00323,MFB-Treasury-0323,Risk,SW-0073,Azure Data Factory,2030-01-01,Supported,Medium,Tier 3,Production,Owner Identified,203494
APP-00324,MFB-Digital-0324,Commercial Banking,SW-0075,Apache Kafka 3.5,2026-06-30,EOL within 12 months,Critical,Tier 4,DR,Owner Identified,90551
APP-00325,MFB-Wealth-0325,Operations,SW-0030,Microsoft SQL Server 2016,2026-07-14,EOL within 12 months,Medium,Tier 3,Production,Owner Identified,211180
APP-00326,MFB-Treasury-0326,Commercial Banking,SW-0038,MongoDB Enterprise Advanced 6.0,2026-07-31,EOL within 12 months,High,Tier 1,Development,Owner Identified,48893
APP-00327,MFB-Wealth-0327,Capital Markets,SW-0073,Azure Data Factory,2030-01-01,Supported,Critical,Tier 4,DR,Owner Identified,91611
APP-00328,MFB-Wealth-0328,Operations,SW-0027,Qualys VMDR,2030-01-01,Supported,High,Tier 3,DR,Owner Identified,33138
APP-00329,MFB-Ops-0329,Finance,SW-0034,Oracle Database 21c,2025-04-30,Past EOL,Medium,Tier 4,Production,Owner Missing,141516
APP-00330,MFB-Risk-0330,Technology,SW-0025,Splunk Enterprise Security,2028-12-31,Supported,High,Tier 4,Production,Owner Identified,61506
APP-00331,MFB-Retail-0331,Legal & Compliance,SW-0087,IBM MQ,2028-12-31,Supported,Medium,Tier 4,Production,Owner Missing,147210
APP-00332,MFB-Loan-0332,Data & Analytics,SW-0072,Databricks Runtime 13.3 LTS,2026-09-30,EOL within 12 months,High,Tier 4,Development,Owner Identified,39063
APP-00333,MFB-Treasury-0333,Commercial Banking,SW-0087,IBM MQ,2028-12-31,Supported,Critical,Tier 3,Production,Owner Identified,81263
APP-00334,MFB-Treasury-0334,Finance,SW-0089,Apache Tomcat,2028-12-31,Supported,Critical,Tier 2,DR,Owner Missing,133286
APP-00335,MFB-Payments-0335,Finance,SW-0082,SAP S/4HANA,2027-12-31,EOL within 24 months,High,Tier 3,Production,Owner Identified,138065
APP-00336,MFB-Data-0336,Legal & Compliance,SW-0080,SAS Viya 4,2028-12-31,Supported,High,Tier 3,Development,Owner Identified,82327
APP-00337,MFB-Digital-0337,Risk,SW-0037,MySQL Community Server 8.0,2026-04-30,Past EOL,Critical,Tier 4,Production,Owner Identified,240551
APP-00338,MFB-Treasury-0338,Finance,SW-0034,Oracle Database 21c,2025-04-30,Past EOL,Critical,Tier 4,Production,Owner Missing,193743
APP-00339,MFB-Wealth-0339,Commercial Banking,SW-0030,Microsoft SQL Server 2016,2026-07-14,EOL within 12 months,High,Tier 3,Production,Owner Missing,189453
APP-00340,MFB-Retail-0340,Risk,SW-0037,MySQL Community Server 8.0,2026-04-30,Past EOL,Critical,Tier 4,Production,Owner Identified,88412
APP-00341,MFB-Ops-0341,Finance,SW-0072,Databricks Runtime 13.3 LTS,2026-09-30,EOL within 12 months,High,Tier 2,Production,Owner Missing,75549
APP-00342,MFB-Payments-0342,Legal & Compliance,SW-0091,Oracle WebLogic Server,2027-12-31,EOL within 24 months,Medium,Tier 4,DR,Owner Identified,234418
APP-00343,MFB-Data-0343,Data & Analytics,SW-0038,MongoDB Enterprise Advanced 6.0,2026-07-31,EOL within 12 months,High,Tier 2,Production,Owner Identified,130004
APP-00344,MFB-Wealth-0344,Human Resources,SW-0024,CyberArk Privileged Access Manager,2028-12-31,Supported,Medium,Tier 1,DR,Owner Identified,99300
APP-00345,MFB-Risk-0345,Data & Analytics,SW-0091,Oracle WebLogic Server,2027-12-31,EOL within 24 months,Medium,Tier 2,Production,Owner Identified,63198
APP-00346,MFB-Digital-0346,Finance,SW-0071,Apache Airflow 2.7,2025-08-31,Past EOL,Low,Tier 4,DR,Owner Identified,83620
APP-00347,MFB-Risk-0347,Data & Analytics,SW-0023,CrowdStrike Falcon,2030-01-01,Supported,Critical,Tier 2,DR,Owner Missing,155361
APP-00348,MFB-Ops-0348,Commercial Banking,SW-0078,Power BI Desktop,2030-01-01,Supported,High,Tier 2,Production,Owner Identified,75808
APP-00349,MFB-Wealth-0349,Finance,SW-0028,Zscaler Internet Access,2030-01-01,Supported,High,Tier 3,Development,Owner Identified,15869
APP-00350,MFB-Loan-0350,Cybersecurity,SW-0032,Microsoft SQL Server 2022,2033-01-11,Supported,Critical,Tier 4,DR,Owner Missing,179046
APP-00351,MFB-Payments-0351,Capital Markets,SW-0088,Apache Tomcat,2027-03-31,EOL within 12 months,Medium,Tier 1,Production,Owner Identified,120940
APP-00352,MFB-Risk-0352,Retail Banking,SW-0072,Databricks Runtime 13.3 LTS,2026-09-30,EOL within 12 months,High,Tier 2,Production,Owner Identified,245376
APP-00353,MFB-Payments-0353,Operations,SW-0038,MongoDB Enterprise Advanced 6.0,2026-07-31,EOL within 12 months,High,Tier 1,DR,Owner Missing,174323
APP-00354,MFB-Wealth-0354,Retail Banking,SW-0027,Qualys VMDR,2030-01-01,Supported,Critical,Tier 4,Production,Owner Identified,80243
APP-00355,MFB-Digital-0355,Risk,SW-0091,Oracle WebLogic Server,2027-12-31,EOL within 24 months,High,Tier 4,Development,Owner Identified,82150
APP-00356,MFB-Treasury-0356,Human Resources,SW-0083,ServiceNow IT Service Management,2025-11-30,Past EOL,Low,Tier 4,Production,Owner Identified,202039
APP-00357,MFB-Payments-0357,Capital Markets,SW-0031,Microsoft SQL Server 2019,2030-01-08,Supported,High,Tier 3,Production,Owner Identified,76371
APP-00358,MFB-Ops-0358,Cybersecurity,SW-0023,CrowdStrike Falcon,2030-01-01,Supported,Critical,Tier 3,Development,Owner Identified,48415
APP-00359,MFB-Payments-0359,Data & Analytics,SW-0023,CrowdStrike Falcon,2030-01-01,Supported,High,Tier 2,Production,Owner Identified,111551
APP-00360,MFB-Digital-0360,Risk,SW-0035,PostgreSQL 14,2026-11-12,EOL within 12 months,High,Tier 2,Development,Owner Missing,101577
APP-00361,MFB-Retail-0361,Capital Markets,SW-0034,Oracle Database 21c,2025-04-30,Past EOL,High,Tier 4,Development,Owner Identified,126730
APP-00362,MFB-Wealth-0362,Cybersecurity,SW-0034,Oracle Database 21c,2025-04-30,Past EOL,Medium,Tier 3,DR,Owner Identified,249044
APP-00363,MFB-Digital-0363,Capital Markets,SW-0091,Oracle WebLogic Server,2027-12-31,EOL within 24 months,Medium,Tier 2,Development,Owner Identified,11540
APP-00364,MFB-Retail-0364,Legal & Compliance,SW-0037,MySQL Community Server 8.0,2026-04-30,Past EOL,High,Tier 4,DR,Owner Identified,68490
APP-00365,MFB-Wealth-0365,Retail Banking,SW-0023,CrowdStrike Falcon,2030-01-01,Supported,High,Tier 1,Production,Owner Identified,132973
APP-00366,MFB-Wealth-0366,Human Resources,SW-0087,IBM MQ,2028-12-31,Supported,Medium,Tier 2,Production,Owner Identified,121338
APP-00367,MFB-Payments-0367,Operations,SW-0084,Salesforce Financial Services Cloud,2030-01-01,Supported,Low,Tier 1,Production,Owner Missing,79276
APP-00368,MFB-Digital-0368,Capital Markets,SW-0024,CyberArk Privileged Access Manager,2028-12-31,Supported,High,Tier 4,Development,Owner Identified,42268
APP-00369,MFB-Wealth-0369,Legal & Compliance,SW-0035,PostgreSQL 14,2026-11-12,EOL within 12 months,Critical,Tier 1,Production,Owner Missing,186361
APP-00370,MFB-Retail-0370,Wealth Management,SW-0037,MySQL Community Server 8.0,2026-04-30,Past EOL,High,Tier 4,DR,Owner Identified,112030
APP-00371,MFB-Risk-0371,Cybersecurity,SW-0034,Oracle Database 21c,2025-04-30,Past EOL,Critical,Tier 1,Development,Owner Identified,13895
APP-00372,MFB-Payments-0372,Operations,SW-0080,SAS Viya 4,2028-12-31,Supported,High,Tier 2,DR,Owner Identified,228252
APP-00373,MFB-Ops-0373,Data & Analytics,SW-0075,Apache Kafka 3.5,2026-06-30,EOL within 12 months,High,Tier 2,DR,Owner Missing,240633
APP-00374,MFB-Treasury-0374,Operations,SW-0027,Qualys VMDR,2030-01-01,Supported,High,Tier 1,Production,Owner Missing,112276
APP-00375,MFB-Loan-0375,Legal & Compliance,SW-0075,Apache Kafka 3.5,2026-06-30,EOL within 12 months,Critical,Tier 3,DR,Owner Identified,239100
APP-00376,MFB-Risk-0376,Risk,SW-0078,Power BI Desktop,2030-01-01,Supported,Critical,Tier 4,DR,Owner Missing,194592
APP-00377,MFB-Payments-0377,Cybersecurity,SW-0079,Tableau Desktop 2024.x,2027-12-31,EOL within 24 months,Critical,Tier 3,Development,Owner Missing,167664
APP-00378,MFB-Data-0378,Treasury,SW-0025,Splunk Enterprise Security,2028-12-31,Supported,Medium,Tier 4,Production,Owner Identified,219952
APP-00379,MFB-Digital-0379,Capital Markets,SW-0078,Power BI Desktop,2030-01-01,Supported,High,Tier 2,Production,Owner Identified,27715
APP-00380,MFB-Payments-0380,Retail Banking,SW-0034,Oracle Database 21c,2025-04-30,Past EOL,Medium,Tier 2,Development,Owner Identified,34411
APP-00381,MFB-Wealth-0381,Cybersecurity,SW-0032,Microsoft SQL Server 2022,2033-01-11,Supported,Critical,Tier 2,DR,Owner Missing,157446
APP-00382,MFB-Data-0382,Commercial Banking,SW-0035,PostgreSQL 14,2026-11-12,EOL within 12 months,Critical,Tier 3,Production,Owner Identified,80385
APP-00383,MFB-Retail-0383,Operations,SW-0034,Oracle Database 21c,2025-04-30,Past EOL,High,Tier 3,DR,Owner Identified,63937
APP-00384,MFB-Treasury-0384,Capital Markets,SW-0081,IBM SPSS Statistics 29,2028-09-30,Supported,Critical,Tier 3,DR,Owner Identified,20876
APP-00385,MFB-Risk-0385,Human Resources,SW-0034,Oracle Database 21c,2025-04-30,Past EOL,Critical,Tier 4,Production,Owner Missing,67291
APP-00386,MFB-Treasury-0386,Finance,SW-0074,Informatica PowerCenter 10.5,2027-12-31,EOL within 24 months,High,Tier 3,Production,Owner Identified,208658
APP-00387,MFB-Ops-0387,Operations,SW-0079,Tableau Desktop 2024.x,2027-12-31,EOL within 24 months,High,Tier 4,Production,Owner Identified,68906
APP-00388,MFB-Data-0388,Cybersecurity,SW-0082,SAP S/4HANA,2027-12-31,EOL within 24 months,High,Tier 2,Development,Owner Identified,194133
APP-00389,MFB-Treasury-0389,Commercial Banking,SW-0027,Qualys VMDR,2030-01-01,Supported,Medium,Tier 4,Production,Owner Missing,38149
APP-00390,MFB-Wealth-0390,Retail Banking,SW-0024,CyberArk Privileged Access Manager,2028-12-31,Supported,High,Tier 3,Development,Owner Missing,192307
APP-00391,MFB-Retail-0391,Commercial Banking,SW-0028,Zscaler Internet Access,2030-01-01,Supported,Medium,Tier 2,Production,Owner Identified,125030
APP-00392,MFB-Wealth-0392,Treasury,SW-0030,Microsoft SQL Server 2016,2026-07-14,EOL within 12 months,High,Tier 4,Development,Owner Missing,91206
APP-00393,MFB-Retail-0393,Finance,SW-0027,Qualys VMDR,2030-01-01,Supported,High,Tier 3,Production,Owner Identified,248393
APP-00394,MFB-Ops-0394,Treasury,SW-0082,SAP S/4HANA,2027-12-31,EOL within 24 months,High,Tier 2,Production,Owner Identified,92492
APP-00395,MFB-Treasury-0395,Capital Markets,SW-0031,Microsoft SQL Server 2019,2030-01-08,Supported,Critical,Tier 3,Production,Owner Missing,100966
APP-00396,MFB-Data-0396,Operations,SW-0071,Apache Airflow 2.7,2025-08-31,Past EOL,Critical,Tier 3,Production,Owner Missing,123867
APP-00397,MFB-Digital-0397,Commercial Banking,SW-0022,Microsoft Defender for Endpoint,2030-01-01,Supported,Medium,Tier 3,Development,Owner Identified,228641
APP-00398,MFB-Digital-0398,Treasury,SW-0035,PostgreSQL 14,2026-11-12,EOL within 12 months,Critical,Tier 4,Production,Owner Identified,214382
APP-00399,MFB-Treasury-0399,Human Resources,SW-0025,Splunk Enterprise Security,2028-12-31,Supported,Critical,Tier 1,Production,Owner Identified,26229
APP-00400,MFB-Loan-0400,Operations,SW-0025,Splunk Enterprise Security,2028-12-31,Supported,High,Tier 2,Production,Owner Missing,111493
APP-00401,MFB-Risk-0401,Technology,SW-0089,Apache Tomcat,2028-12-31,Supported,High,Tier 3,Production,Owner Missing,168419
APP-00402,MFB-Risk-0402,Technology,SW-0091,Oracle WebLogic Server,2027-12-31,EOL within 24 months,High,Tier 4,Production,Owner Identified,7036
APP-00403,MFB-Risk-0403,Operations,SW-0035,PostgreSQL 14,2026-11-12,EOL within 12 months,Critical,Tier 3,DR,Owner Identified,92626
APP-00404,MFB-Loan-0404,Data & Analytics,SW-0023,CrowdStrike Falcon,2030-01-01,Supported,High,Tier 3,Production,Owner Identified,127998
APP-00405,MFB-Retail-0405,Finance,SW-0074,Informatica PowerCenter 10.5,2027-12-31,EOL within 24 months,Low,Tier 1,Production,Owner Identified,140240
APP-00406,MFB-Retail-0406,Data & Analytics,SW-0025,Splunk Enterprise Security,2028-12-31,Supported,High,Tier 3,Development,Owner Identified,98553
APP-00407,MFB-Data-0407,Treasury,SW-0086,MuleSoft Anypoint Platform,2030-01-01,Supported,High,Tier 1,Production,Owner Missing,195253
APP-00408,MFB-Payments-0408,Operations,SW-0036,PostgreSQL 15,2027-11-11,EOL within 24 months,Critical,Tier 2,Production,Owner Identified,45821
APP-00409,MFB-Treasury-0409,Retail Banking,SW-0034,Oracle Database 21c,2025-04-30,Past EOL,Low,Tier 1,Production,Owner Identified,208932
APP-00410,MFB-Treasury-0410,Legal & Compliance,SW-0023,CrowdStrike Falcon,2030-01-01,Supported,High,Tier 3,Development,Owner Identified,78584
APP-00411,MFB-Digital-0411,Human Resources,SW-0086,MuleSoft Anypoint Platform,2030-01-01,Supported,High,Tier 3,Production,Owner Identified,205205
APP-00412,MFB-Loan-0412,Legal & Compliance,SW-0081,IBM SPSS Statistics 29,2028-09-30,Supported,Medium,Tier 2,Development,Owner Missing,144079
APP-00413,MFB-Retail-0413,Finance,SW-0025,Splunk Enterprise Security,2028-12-31,Supported,Low,Tier 3,Production,Owner Missing,62850
APP-00414,MFB-Treasury-0414,Operations,SW-0027,Qualys VMDR,2030-01-01,Supported,High,Tier 2,Production,Owner Identified,66232
APP-00415,MFB-Treasury-0415,Finance,SW-0030,Microsoft SQL Server 2016,2026-07-14,EOL within 12 months,Medium,Tier 3,Development,Owner Identified,193969
APP-00416,MFB-Wealth-0416,Legal & Compliance,SW-0022,Microsoft Defender for Endpoint,2030-01-01,Supported,High,Tier 4,DR,Owner Identified,182142
APP-00417,MFB-Payments-0417,Retail Banking,SW-0032,Microsoft SQL Server 2022,2033-01-11,Supported,High,Tier 2,DR,Owner Identified,181444
APP-00418,MFB-Data-0418,Human Resources,SW-0086,MuleSoft Anypoint Platform,2030-01-01,Supported,Medium,Tier 2,Production,Owner Identified,118630
APP-00419,MFB-Risk-0419,Finance,SW-0032,Microsoft SQL Server 2022,2033-01-11,Supported,High,Tier 4,Production,Owner Missing,144811
APP-00420,MFB-Payments-0420,Risk,SW-0075,Apache Kafka 3.5,2026-06-30,EOL within 12 months,Medium,Tier 3,Development,Owner Missing,151398
APP-00421,MFB-Retail-0421,Commercial Banking,SW-0038,MongoDB Enterprise Advanced 6.0,2026-07-31,EOL within 12 months,Medium,Tier 3,DR,Owner Missing,153793
APP-00422,MFB-Payments-0422,Treasury,SW-0028,Zscaler Internet Access,2030-01-01,Supported,High,Tier 2,Production,Owner Identified,172571
APP-00423,MFB-Ops-0423,Risk,SW-0023,CrowdStrike Falcon,2030-01-01,Supported,Low,Tier 1,Production,Owner Missing,215637
APP-00424,MFB-Loan-0424,Technology,SW-0072,Databricks Runtime 13.3 LTS,2026-09-30,EOL within 12 months,Critical,Tier 2,Production,Owner Identified,136990
APP-00425,MFB-Digital-0425,Wealth Management,SW-0088,Apache Tomcat,2027-03-31,EOL within 12 months,Low,Tier 3,DR,Owner Missing,39733
APP-00426,MFB-Wealth-0426,Finance,SW-0022,Microsoft Defender for Endpoint,2030-01-01,Supported,High,Tier 3,Production,Owner Identified,41422
APP-00427,MFB-Wealth-0427,Treasury,SW-0087,IBM MQ,2028-12-31,Supported,High,Tier 4,Production,Owner Missing,14599
APP-00428,MFB-Payments-0428,Cybersecurity,SW-0037,MySQL Community Server 8.0,2026-04-30,Past EOL,Critical,Tier 3,DR,Owner Missing,204974
APP-00429,MFB-Loan-0429,Human Resources,SW-0085,Workday Human Capital Management,2030-01-01,Supported,High,Tier 4,Production,Owner Identified,167443
APP-00430,MFB-Ops-0430,Capital Markets,SW-0081,IBM SPSS Statistics 29,2028-09-30,Supported,High,Tier 1,Development,Owner Identified,229889
APP-00431,MFB-Wealth-0431,Technology,SW-0078,Power BI Desktop,2030-01-01,Supported,Medium,Tier 1,Production,Owner Identified,51294
APP-00432,MFB-Treasury-0432,Capital Markets,SW-0033,Oracle Database 19c,2027-04-30,EOL within 12 months,Critical,Tier 3,Production,Owner Missing,189494
APP-00433,MFB-Wealth-0433,Human Resources,SW-0033,Oracle Database 19c,2027-04-30,EOL within 12 months,High,Tier 4,DR,Owner Identified,70877
APP-00434,MFB-Risk-0434,Human Resources,SW-0075,Apache Kafka 3.5,2026-06-30,EOL within 12 months,High,Tier 4,Development,Owner Missing,236660
APP-00435,MFB-Loan-0435,Risk,SW-0034,Oracle Database 21c,2025-04-30,Past EOL,Low,Tier 3,DR,Owner Missing,78924
APP-00436,MFB-Digital-0436,Cybersecurity,SW-0071,Apache Airflow 2.7,2025-08-31,Past EOL,High,Tier 1,Production,Owner Missing,14245
APP-00437,MFB-Risk-0437,Commercial Banking,SW-0022,Microsoft Defender for Endpoint,2030-01-01,Supported,Medium,Tier 3,Production,Owner Identified,152404
APP-00438,MFB-Risk-0438,Technology,SW-0038,MongoDB Enterprise Advanced 6.0,2026-07-31,EOL within 12 months,Medium,Tier 1,DR,Owner Identified,232675
APP-00439,MFB-Risk-0439,Commercial Banking,SW-0079,Tableau Desktop 2024.x,2027-12-31,EOL within 24 months,High,Tier 1,Production,Owner Identified,63788
APP-00440,MFB-Loan-0440,Legal & Compliance,SW-0084,Salesforce Financial Services Cloud,2030-01-01,Supported,High,Tier 2,DR,Owner Missing,83487
APP-00441,MFB-Risk-0441,Legal & Compliance,SW-0083,ServiceNow IT Service Management,2025-11-30,Past EOL,High,Tier 2,Development,Owner Missing,90081
APP-00442,MFB-Risk-0442,Capital Markets,SW-0072,Databricks Runtime 13.3 LTS,2026-09-30,EOL within 12 months,Medium,Tier 1,Production,Owner Missing,179871
APP-00443,MFB-Data-0443,Finance,SW-0023,CrowdStrike Falcon,2030-01-01,Supported,Medium,Tier 3,Production,Owner Identified,193833
APP-00444,MFB-Wealth-0444,Cybersecurity,SW-0037,MySQL Community Server 8.0,2026-04-30,Past EOL,High,Tier 4,Development,Owner Identified,91364
APP-00445,MFB-Data-0445,Wealth Management,SW-0089,Apache Tomcat,2028-12-31,Supported,Low,Tier 4,Development,Owner Missing,171812
APP-00446,MFB-Data-0446,Technology,SW-0028,Zscaler Internet Access,2030-01-01,Supported,Low,Tier 3,DR,Owner Identified,49968
APP-00447,MFB-Wealth-0447,Human Resources,SW-0027,Qualys VMDR,2030-01-01,Supported,High,Tier 1,Development,Owner Identified,69701
APP-00448,MFB-Loan-0448,Retail Banking,SW-0025,Splunk Enterprise Security,2028-12-31,Supported,High,Tier 2,DR,Owner Identified,70161
APP-00449,MFB-Treasury-0449,Operations,SW-0071,Apache Airflow 2.7,2025-08-31,Past EOL,Medium,Tier 4,Production,Owner Missing,168863
APP-00450,MFB-Retail-0450,Commercial Banking,SW-0075,Apache Kafka 3.5,2026-06-30,EOL within 12 months,High,Tier 1,Production,Owner Identified,201503
APP-00451,MFB-Wealth-0451,Commercial Banking,SW-0073,Azure Data Factory,2030-01-01,Supported,Critical,Tier 1,DR,Owner Missing,31611
APP-00452,MFB-Treasury-0452,Risk,SW-0027,Qualys VMDR,2030-01-01,Supported,Medium,Tier 2,DR,Owner Identified,119659
APP-00453,MFB-Retail-0453,Finance,SW-0038,MongoDB Enterprise Advanced 6.0,2026-07-31,EOL within 12 months,Critical,Tier 1,Development,Owner Identified,95161
APP-00454,MFB-Ops-0454,Data & Analytics,SW-0036,PostgreSQL 15,2027-11-11,EOL within 24 months,Medium,Tier 1,Development,Owner Identified,201007
APP-00455,MFB-Treasury-0455,Cybersecurity,SW-0086,MuleSoft Anypoint Platform,2030-01-01,Supported,High,Tier 2,DR,Owner Identified,97534
APP-00456,MFB-Risk-0456,Wealth Management,SW-0075,Apache Kafka 3.5,2026-06-30,EOL within 12 months,Critical,Tier 2,Development,Owner Identified,49859
APP-00457,MFB-Risk-0457,Wealth Management,SW-0071,Apache Airflow 2.7,2025-08-31,Past EOL,High,Tier 4,Development,Owner Missing,203038
APP-00458,MFB-Payments-0458,Retail Banking,SW-0084,Salesforce Financial Services Cloud,2030-01-01,Supported,Medium,Tier 4,Development,Owner Identified,106346
APP-00459,MFB-Risk-0459,Wealth Management,SW-0082,SAP S/4HANA,2027-12-31,EOL within 24 months,Medium,Tier 2,DR,Owner Identified,119981
APP-00460,MFB-Data-0460,Capital Markets,SW-0072,Databricks Runtime 13.3 LTS,2026-09-30,EOL within 12 months,Critical,Tier 4,Production,Owner Identified,211276
APP-00461,MFB-Retail-0461,Capital Markets,SW-0091,Oracle WebLogic Server,2027-12-31,EOL within 24 months,Medium,Tier 2,Development,Owner Identified,91626
APP-00462,MFB-Ops-0462,Operations,SW-0086,MuleSoft Anypoint Platform,2030-01-01,Supported,Critical,Tier 3,Production,Owner Missing,198986
APP-00463,MFB-Treasury-0463,Human Resources,SW-0087,IBM MQ,2028-12-31,Supported,Low,Tier 1,Development,Owner Missing,113290
APP-00464,MFB-Risk-0464,Commercial Banking,SW-0023,CrowdStrike Falcon,2030-01-01,Supported,High,Tier 1,DR,Owner Identified,81659
APP-00465,MFB-Data-0465,Technology,SW-0031,Microsoft SQL Server 2019,2030-01-08,Supported,High,Tier 2,DR,Owner Missing,89567
APP-00466,MFB-Digital-0466,Treasury,SW-0037,MySQL Community Server 8.0,2026-04-30,Past EOL,Medium,Tier 3,Development,Owner Identified,164279
APP-00467,MFB-Treasury-0467,Capital Markets,SW-0091,Oracle WebLogic Server,2027-12-31,EOL within 24 months,High,Tier 1,Production,Owner Identified,127604
APP-00468,MFB-Digital-0468,Operations,SW-0084,Salesforce Financial Services Cloud,2030-01-01,Supported,High,Tier 3,Production,Owner Identified,80062
APP-00469,MFB-Payments-0469,Operations,SW-0031,Microsoft SQL Server 2019,2030-01-08,Supported,Critical,Tier 2,Development,Owner Identified,59121
APP-00470,MFB-Payments-0470,Data & Analytics,SW-0083,ServiceNow IT Service Management,2025-11-30,Past EOL,High,Tier 1,Production,Owner Identified,21430
APP-00471,MFB-Treasury-0471,Wealth Management,SW-0075,Apache Kafka 3.5,2026-06-30,EOL within 12 months,Medium,Tier 1,DR,Owner Missing,197260
APP-00472,MFB-Wealth-0472,Cybersecurity,SW-0036,PostgreSQL 15,2027-11-11,EOL within 24 months,High,Tier 2,DR,Owner Identified,14163
APP-00473,MFB-Data-0473,Capital Markets,SW-0074,Informatica PowerCenter 10.5,2027-12-31,EOL within 24 months,Medium,Tier 1,Production,Owner Missing,204128
APP-00474,MFB-Payments-0474,Wealth Management,SW-0089,Apache Tomcat,2028-12-31,Supported,High,Tier 3,Production,Owner Identified,165534
APP-00475,MFB-Retail-0475,Risk,SW-0086,MuleSoft Anypoint Platform,2030-01-01,Supported,High,Tier 4,DR,Owner Identified,7179
APP-00476,MFB-Digital-0476,Cybersecurity,SW-0083,ServiceNow IT Service Management,2025-11-30,Past EOL,Medium,Tier 3,Production,Owner Identified,155126
APP-00477,MFB-Ops-0477,Cybersecurity,SW-0089,Apache Tomcat,2028-12-31,Supported,Medium,Tier 3,Production,Owner Missing,151954
APP-00478,MFB-Wealth-0478,Finance,SW-0083,ServiceNow IT Service Management,2025-11-30,Past EOL,Medium,Tier 3,Development,Owner Identified,234920
APP-00479,MFB-Treasury-0479,Capital Markets,SW-0074,Informatica PowerCenter 10.5,2027-12-31,EOL within 24 months,High,Tier 4,Development,Owner Identified,159085
APP-00480,MFB-Treasury-0480,Finance,SW-0091,Oracle WebLogic Server,2027-12-31,EOL within 24 months,High,Tier 2,Development,Owner Identified,106088
APP-00481,MFB-Data-0481,Legal & Compliance,SW-0074,Informatica PowerCenter 10.5,2027-12-31,EOL within 24 months,High,Tier 2,Production,Owner Identified,44744
APP-00482,MFB-Payments-0482,Technology,SW-0090,IBM WebSphere Application Server,2030-12-31,Supported,High,Tier 2,Production,Owner Missing,220683
APP-00483,MFB-Retail-0483,Technology,SW-0025,Splunk Enterprise Security,2028-12-31,Supported,High,Tier 4,DR,Owner Identified,119722
APP-00484,MFB-Treasury-0484,Wealth Management,SW-0073,Azure Data Factory,2030-01-01,Supported,Critical,Tier 4,Development,Owner Identified,205896
APP-00485,MFB-Risk-0485,Data & Analytics,SW-0023,CrowdStrike Falcon,2030-01-01,Supported,High,Tier 1,Production,Owner Identified,60176
APP-00486,MFB-Wealth-0486,Wealth Management,SW-0034,Oracle Database 21c,2025-04-30,Past EOL,Critical,Tier 2,Production,Owner Identified,14114
APP-00487,MFB-Retail-0487,Finance,SW-0034,Oracle Database 21c,2025-04-30,Past EOL,Medium,Tier 4,Production,Owner Identified,41296
APP-00488,MFB-Wealth-0488,Data & Analytics,SW-0089,Apache Tomcat,2028-12-31,Supported,High,Tier 2,Development,Owner Identified,50933
APP-00489,MFB-Wealth-0489,Wealth Management,SW-0073,Azure Data Factory,2030-01-01,Supported,Medium,Tier 1,Development,Owner Identified,132962
APP-00490,MFB-Data-0490,Technology,SW-0024,CyberArk Privileged Access Manager,2028-12-31,Supported,Low,Tier 2,Production,Owner Identified,175118
APP-00491,MFB-Payments-0491,Finance,SW-0025,Splunk Enterprise Security,2028-12-31,Supported,Critical,Tier 4,Production,Owner Missing,93826
APP-00492,MFB-Payments-0492,Operations,SW-0079,Tableau Desktop 2024.x,2027-12-31,EOL within 24 months,Medium,Tier 3,Development,Owner Missing,129769
APP-00493,MFB-Ops-0493,Treasury,SW-0083,ServiceNow IT Service Management,2025-11-30,Past EOL,High,Tier 4,Production,Owner Identified,110753
APP-00494,MFB-Data-0494,Retail Banking,SW-0071,Apache Airflow 2.7,2025-08-31,Past EOL,Medium,Tier 1,DR,Owner Identified,62633
APP-00495,MFB-Digital-0495,Data & Analytics,SW-0027,Qualys VMDR,2030-01-01,Supported,Medium,Tier 1,Production,Owner Identified,236089
APP-00496,MFB-Loan-0496,Commercial Banking,SW-0073,Azure Data Factory,2030-01-01,Supported,Low,Tier 4,DR,Owner Missing,39376
APP-00497,MFB-Treasury-0497,Wealth Management,SW-0033,Oracle Database 19c,2027-04-30,EOL within 12 months,Critical,Tier 2,Production,Owner Identified,231358
APP-00498,MFB-Loan-0498,Legal & Compliance,SW-0028,Zscaler Internet Access,2030-01-01,Supported,Medium,Tier 3,DR,Owner Missing,248850
APP-00499,MFB-Digital-0499,Risk,SW-0081,IBM SPSS Statistics 29,2028-09-30,Supported,High,Tier 1,DR,Owner Identified,138347
APP-00500,MFB-Wealth-0500,Data & Analytics,SW-0088,Apache Tomcat,2027-03-31,EOL within 12 months,Medium,Tier 4,Production,Owner Missing,159757
APP-00501,MFB-Digital-0501,Data & Analytics,SW-0079,Tableau Desktop 2024.x,2027-12-31,EOL within 24 months,Low,Tier 2,Production,Owner Identified,222142
APP-00502,MFB-Retail-0502,Data & Analytics,SW-0088,Apache Tomcat,2027-03-31,EOL within 12 months,Critical,Tier 3,DR,Owner Missing,217893
APP-00503,MFB-Data-0503,Operations,SW-0089,Apache Tomcat,2028-12-31,Supported,High,Tier 3,Development,Owner Identified,46803
APP-00504,MFB-Treasury-0504,Wealth Management,SW-0034,Oracle Database 21c,2025-04-30,Past EOL,High,Tier 1,Development,Owner Identified,89373
APP-00505,MFB-Wealth-0505,Human Resources,SW-0080,SAS Viya 4,2028-12-31,Supported,Low,Tier 3,Development,Owner Identified,104759
APP-00506,MFB-Retail-0506,Treasury,SW-0034,Oracle Database 21c,2025-04-30,Past EOL,Medium,Tier 1,Development,Owner Identified,178182
APP-00507,MFB-Wealth-0507,Finance,SW-0078,Power BI Desktop,2030-01-01,Supported,Medium,Tier 4,Production,Owner Missing,235532
APP-00508,MFB-Payments-0508,Legal & Compliance,SW-0071,Apache Airflow 2.7,2025-08-31,Past EOL,Medium,Tier 2,Development,Owner Identified,206655
APP-00509,MFB-Digital-0509,Operations,SW-0081,IBM SPSS Statistics 29,2028-09-30,Supported,Low,Tier 4,DR,Owner Missing,14101
APP-00510,MFB-Retail-0510,Technology,SW-0083,ServiceNow IT Service Management,2025-11-30,Past EOL,High,Tier 4,DR,Owner Identified,58946
APP-00511,MFB-Payments-0511,Cybersecurity,SW-0079,Tableau Desktop 2024.x,2027-12-31,EOL within 24 months,Critical,Tier 4,Production,Owner Identified,223761
APP-00512,MFB-Ops-0512,Retail Banking,SW-0071,Apache Airflow 2.7,2025-08-31,Past EOL,High,Tier 2,Production,Owner Identified,211450
APP-00513,MFB-Risk-0513,Data & Analytics,SW-0073,Azure Data Factory,2030-01-01,Supported,Low,Tier 1,DR,Owner Missing,218832
APP-00514,MFB-Treasury-0514,Legal & Compliance,SW-0022,Microsoft Defender for Endpoint,2030-01-01,Supported,High,Tier 3,Development,Owner Identified,209276
APP-00515,MFB-Retail-0515,Finance,SW-0034,Oracle Database 21c,2025-04-30,Past EOL,Critical,Tier 4,DR,Owner Identified,37430
APP-00516,MFB-Risk-0516,Finance,SW-0033,Oracle Database 19c,2027-04-30,EOL within 12 months,Critical,Tier 3,Production,Owner Identified,92165
APP-00517,MFB-Wealth-0517,Retail Banking,SW-0030,Microsoft SQL Server 2016,2026-07-14,EOL within 12 months,High,Tier 3,Development,Owner Missing,148152
APP-00518,MFB-Wealth-0518,Commercial Banking,SW-0038,MongoDB Enterprise Advanced 6.0,2026-07-31,EOL within 12 months,Critical,Tier 3,DR,Owner Missing,38135
APP-00519,MFB-Retail-0519,Risk,SW-0031,Microsoft SQL Server 2019,2030-01-08,Supported,Medium,Tier 3,DR,Owner Missing,63100
APP-00520,MFB-Wealth-0520,Human Resources,SW-0074,Informatica PowerCenter 10.5,2027-12-31,EOL within 24 months,Critical,Tier 2,DR,Owner Identified,95996
APP-00521,MFB-Loan-0521,Cybersecurity,SW-0027,Qualys VMDR,2030-01-01,Supported,High,Tier 4,Production,Owner Missing,91637
APP-00522,MFB-Wealth-0522,Operations,SW-0022,Microsoft Defender for Endpoint,2030-01-01,Supported,Medium,Tier 2,Production,Owner Missing,68048
APP-00523,MFB-Payments-0523,Finance,SW-0030,Microsoft SQL Server 2016,2026-07-14,EOL within 12 months,Low,Tier 3,DR,Owner Identified,172125
APP-00524,MFB-Data-0524,Human Resources,SW-0080,SAS Viya 4,2028-12-31,Supported,Critical,Tier 3,Production,Owner Missing,14402
APP-00525,MFB-Payments-0525,Wealth Management,SW-0035,PostgreSQL 14,2026-11-12,EOL within 12 months,High,Tier 2,DR,Owner Identified,116126
APP-00526,MFB-Data-0526,Wealth Management,SW-0024,CyberArk Privileged Access Manager,2028-12-31,Supported,High,Tier 4,Production,Owner Missing,229821
APP-00527,MFB-Treasury-0527,Data & Analytics,SW-0083,ServiceNow IT Service Management,2025-11-30,Past EOL,Critical,Tier 1,Production,Owner Identified,18527
APP-00528,MFB-Ops-0528,Wealth Management,SW-0022,Microsoft Defender for Endpoint,2030-01-01,Supported,High,Tier 3,DR,Owner Identified,121887
APP-00529,MFB-Wealth-0529,Technology,SW-0025,Splunk Enterprise Security,2028-12-31,Supported,High,Tier 4,Production,Owner Identified,203239
APP-00530,MFB-Loan-0530,Technology,SW-0037,MySQL Community Server 8.0,2026-04-30,Past EOL,Medium,Tier 3,DR,Owner Identified,88143
APP-00531,MFB-Treasury-0531,Technology,SW-0090,IBM WebSphere Application Server,2030-12-31,Supported,Critical,Tier 3,Development,Owner Identified,176735
APP-00532,MFB-Retail-0532,Data & Analytics,SW-0033,Oracle Database 19c,2027-04-30,EOL within 12 months,High,Tier 3,Production,Owner Identified,100528
APP-00533,MFB-Wealth-0533,Capital Markets,SW-0091,Oracle WebLogic Server,2027-12-31,EOL within 24 months,Medium,Tier 4,Development,Owner Identified,177200
APP-00534,MFB-Digital-0534,Human Resources,SW-0079,Tableau Desktop 2024.x,2027-12-31,EOL within 24 months,High,Tier 2,Production,Owner Identified,235470
APP-00535,MFB-Ops-0535,Commercial Banking,SW-0027,Qualys VMDR,2030-01-01,Supported,High,Tier 1,DR,Owner Identified,112540
APP-00536,MFB-Digital-0536,Human Resources,SW-0080,SAS Viya 4,2028-12-31,Supported,High,Tier 3,Production,Owner Identified,66585
APP-00537,MFB-Risk-0537,Commercial Banking,SW-0022,Microsoft Defender for Endpoint,2030-01-01,Supported,High,Tier 1,Production,Owner Identified,203035
APP-00538,MFB-Data-0538,Treasury,SW-0038,MongoDB Enterprise Advanced 6.0,2026-07-31,EOL within 12 months,Medium,Tier 3,DR,Owner Identified,17549
APP-00539,MFB-Retail-0539,Cybersecurity,SW-0085,Workday Human Capital Management,2030-01-01,Supported,Low,Tier 3,Production,Owner Missing,48308
APP-00540,MFB-Wealth-0540,Risk,SW-0032,Microsoft SQL Server 2022,2033-01-11,Supported,Medium,Tier 4,DR,Owner Missing,126930
APP-00541,MFB-Ops-0541,Human Resources,SW-0078,Power BI Desktop,2030-01-01,Supported,High,Tier 2,Production,Owner Identified,110866
APP-00542,MFB-Treasury-0542,Capital Markets,SW-0036,PostgreSQL 15,2027-11-11,EOL within 24 months,High,Tier 2,Production,Owner Identified,126470
APP-00543,MFB-Data-0543,Human Resources,SW-0086,MuleSoft Anypoint Platform,2030-01-01,Supported,Critical,Tier 1,Production,Owner Missing,235556
APP-00544,MFB-Risk-0544,Human Resources,SW-0071,Apache Airflow 2.7,2025-08-31,Past EOL,Medium,Tier 3,Development,Owner Missing,175815
APP-00545,MFB-Loan-0545,Data & Analytics,SW-0032,Microsoft SQL Server 2022,2033-01-11,Supported,High,Tier 1,DR,Owner Identified,123154
APP-00546,MFB-Data-0546,Capital Markets,SW-0091,Oracle WebLogic Server,2027-12-31,EOL within 24 months,Low,Tier 4,Development,Owner Identified,135247
APP-00547,MFB-Retail-0547,Data & Analytics,SW-0090,IBM WebSphere Application Server,2030-12-31,Supported,Low,Tier 4,Production,Owner Identified,28496
APP-00548,MFB-Risk-0548,Technology,SW-0037,MySQL Community Server 8.0,2026-04-30,Past EOL,High,Tier 3,Development,Owner Identified,137898
APP-00549,MFB-Treasury-0549,Commercial Banking,SW-0022,Microsoft Defender for Endpoint,2030-01-01,Supported,High,Tier 2,DR,Owner Missing,110105
APP-00550,MFB-Risk-0550,Human Resources,SW-0086,MuleSoft Anypoint Platform,2030-01-01,Supported,Low,Tier 2,Development,Owner Identified,100917
APP-00551,MFB-Data-0551,Legal & Compliance,SW-0078,Power BI Desktop,2030-01-01,Supported,High,Tier 3,Production,Owner Identified,92884
APP-00552,MFB-Treasury-0552,Wealth Management,SW-0026,Tenable Nessus,2028-12-31,Supported,Critical,Tier 1,Development,Owner Identified,45406
APP-00553,MFB-Treasury-0553,Legal & Compliance,SW-0027,Qualys VMDR,2030-01-01,Supported,High,Tier 4,Production,Owner Identified,164215
APP-00554,MFB-Digital-0554,Technology,SW-0035,PostgreSQL 14,2026-11-12,EOL within 12 months,Medium,Tier 1,DR,Owner Identified,212466
APP-00555,MFB-Payments-0555,Finance,SW-0030,Microsoft SQL Server 2016,2026-07-14,EOL within 12 months,High,Tier 2,DR,Owner Identified,12013
APP-00556,MFB-Loan-0556,Cybersecurity,SW-0025,Splunk Enterprise Security,2028-12-31,Supported,Medium,Tier 2,Production,Owner Identified,157853
APP-00557,MFB-Ops-0557,Cybersecurity,SW-0086,MuleSoft Anypoint Platform,2030-01-01,Supported,Medium,Tier 4,Production,Owner Identified,128157
APP-00558,MFB-Loan-0558,Capital Markets,SW-0082,SAP S/4HANA,2027-12-31,EOL within 24 months,Critical,Tier 2,Production,Owner Missing,140035
APP-00559,MFB-Treasury-0559,Cybersecurity,SW-0038,MongoDB Enterprise Advanced 6.0,2026-07-31,EOL within 12 months,Critical,Tier 4,DR,Owner Identified,71076
APP-00560,MFB-Loan-0560,Finance,SW-0022,Microsoft Defender for Endpoint,2030-01-01,Supported,Critical,Tier 3,Production,Owner Identified,37521
APP-00561,MFB-Wealth-0561,Retail Banking,SW-0035,PostgreSQL 14,2026-11-12,EOL within 12 months,High,Tier 4,DR,Owner Identified,228522
APP-00562,MFB-Wealth-0562,Human Resources,SW-0038,MongoDB Enterprise Advanced 6.0,2026-07-31,EOL within 12 months,Critical,Tier 4,DR,Owner Identified,178470
APP-00563,MFB-Loan-0563,Retail Banking,SW-0089,Apache Tomcat,2028-12-31,Supported,Medium,Tier 2,Production,Owner Missing,206831
APP-00564,MFB-Treasury-0564,Finance,SW-0025,Splunk Enterprise Security,2028-12-31,Supported,Medium,Tier 3,Production,Owner Missing,240431
APP-00565,MFB-Data-0565,Risk,SW-0038,MongoDB Enterprise Advanced 6.0,2026-07-31,EOL within 12 months,Medium,Tier 2,Production,Owner Identified,12253
APP-00566,MFB-Wealth-0566,Commercial Banking,SW-0079,Tableau Desktop 2024.x,2027-12-31,EOL within 24 months,High,Tier 3,Development,Owner Missing,85445
APP-00567,MFB-Digital-0567,Capital Markets,SW-0073,Azure Data Factory,2030-01-01,Supported,Critical,Tier 3,Development,Owner Identified,186263
APP-00568,MFB-Data-0568,Risk,SW-0028,Zscaler Internet Access,2030-01-01,Supported,Low,Tier 2,Development,Owner Identified,75636
APP-00569,MFB-Treasury-0569,Finance,SW-0088,Apache Tomcat,2027-03-31,EOL within 12 months,Medium,Tier 4,DR,Owner Identified,28882
APP-00570,MFB-Wealth-0570,Technology,SW-0022,Microsoft Defender for Endpoint,2030-01-01,Supported,Critical,Tier 4,DR,Owner Identified,128923
APP-00571,MFB-Risk-0571,Data & Analytics,SW-0033,Oracle Database 19c,2027-04-30,EOL within 12 months,Critical,Tier 1,Production,Owner Identified,28003
APP-00572,MFB-Treasury-0572,Human Resources,SW-0074,Informatica PowerCenter 10.5,2027-12-31,EOL within 24 months,Medium,Tier 3,DR,Owner Identified,12293
APP-00573,MFB-Risk-0573,Human Resources,SW-0083,ServiceNow IT Service Management,2025-11-30,Past EOL,Critical,Tier 4,Production,Owner Missing,211046
APP-00574,MFB-Retail-0574,Treasury,SW-0023,CrowdStrike Falcon,2030-01-01,Supported,High,Tier 1,Production,Owner Identified,229925
APP-00575,MFB-Digital-0575,Commercial Banking,SW-0026,Tenable Nessus,2028-12-31,Supported,Critical,Tier 3,Production,Owner Identified,72968
APP-00576,MFB-Ops-0576,Data & Analytics,SW-0079,Tableau Desktop 2024.x,2027-12-31,EOL within 24 months,High,Tier 3,DR,Owner Identified,171503
APP-00577,MFB-Payments-0577,Legal & Compliance,SW-0087,IBM MQ,2028-12-31,Supported,Medium,Tier 4,Production,Owner Missing,27229
APP-00578,MFB-Loan-0578,Capital Markets,SW-0031,Microsoft SQL Server 2019,2030-01-08,Supported,High,Tier 4,Development,Owner Missing,88299
APP-00579,MFB-Ops-0579,Retail Banking,SW-0081,IBM SPSS Statistics 29,2028-09-30,Supported,Medium,Tier 4,Development,Owner Identified,28326
APP-00580,MFB-Ops-0580,Human Resources,SW-0091,Oracle WebLogic Server,2027-12-31,EOL within 24 months,Critical,Tier 1,Production,Owner Identified,142328
APP-00581,MFB-Data-0581,Retail Banking,SW-0082,SAP S/4HANA,2027-12-31,EOL within 24 months,Low,Tier 4,Development,Owner Identified,22934
APP-00582,MFB-Wealth-0582,Cybersecurity,SW-0083,ServiceNow IT Service Management,2025-11-30,Past EOL,High,Tier 4,Production,Owner Identified,49271
APP-00583,MFB-Treasury-0583,Retail Banking,SW-0038,MongoDB Enterprise Advanced 6.0,2026-07-31,EOL within 12 months,Medium,Tier 4,Development,Owner Identified,34085
APP-00584,MFB-Payments-0584,Human Resources,SW-0086,MuleSoft Anypoint Platform,2030-01-01,Supported,High,Tier 3,DR,Owner Identified,174845
APP-00585,MFB-Treasury-0585,Risk,SW-0033,Oracle Database 19c,2027-04-30,EOL within 12 months,Critical,Tier 3,DR,Owner Missing,217628
APP-00586,MFB-Treasury-0586,Technology,SW-0030,Microsoft SQL Server 2016,2026-07-14,EOL within 12 months,Low,Tier 3,Production,Owner Identified,144759
APP-00587,MFB-Risk-0587,Human Resources,SW-0080,SAS Viya 4,2028-12-31,Supported,High,Tier 4,Development,Owner Missing,100155
APP-00588,MFB-Digital-0588,Capital Markets,SW-0079,Tableau Desktop 2024.x,2027-12-31,EOL within 24 months,High,Tier 2,Production,Owner Missing,97698
APP-00589,MFB-Retail-0589,Wealth Management,SW-0084,Salesforce Financial Services Cloud,2030-01-01,Supported,High,Tier 1,Development,Owner Identified,90298
APP-00590,MFB-Loan-0590,Risk,SW-0034,Oracle Database 21c,2025-04-30,Past EOL,High,Tier 1,Production,Owner Identified,6731
APP-00591,MFB-Digital-0591,Human Resources,SW-0075,Apache Kafka 3.5,2026-06-30,EOL within 12 months,High,Tier 2,Production,Owner Missing,75890
APP-00592,MFB-Digital-0592,Operations,SW-0031,Microsoft SQL Server 2019,2030-01-08,Supported,High,Tier 4,Production,Owner Identified,205336
APP-00593,MFB-Treasury-0593,Wealth Management,SW-0027,Qualys VMDR,2030-01-01,Supported,High,Tier 1,Development,Owner Missing,137370
APP-00594,MFB-Risk-0594,Retail Banking,SW-0033,Oracle Database 19c,2027-04-30,EOL within 12 months,Medium,Tier 3,Development,Owner Identified,116727
APP-00595,MFB-Loan-0595,Data & Analytics,SW-0079,Tableau Desktop 2024.x,2027-12-31,EOL within 24 months,Medium,Tier 3,Development,Owner Missing,81292
APP-00596,MFB-Payments-0596,Wealth Management,SW-0090,IBM WebSphere Application Server,2030-12-31,Supported,Low,Tier 2,DR,Owner Identified,69435
APP-00597,MFB-Risk-0597,Data & Analytics,SW-0081,IBM SPSS Statistics 29,2028-09-30,Supported,High,Tier 3,Production,Owner Identified,239074
APP-00598,MFB-Retail-0598,Wealth Management,SW-0082,SAP S/4HANA,2027-12-31,EOL within 24 months,Medium,Tier 3,Production,Owner Missing,232436
APP-00599,MFB-Risk-0599,Commercial Banking,SW-0090,IBM WebSphere Application Server,2030-12-31,Supported,Critical,Tier 2,Production,Owner Identified,10360
APP-00600,MFB-Treasury-0600,Wealth Management,SW-0037,MySQL Community Server 8.0,2026-04-30,Past EOL,Low,Tier 1,DR,Owner Identified,196178
APP-00601,MFB-Data-0601,Commercial Banking,SW-0080,SAS Viya 4,2028-12-31,Supported,Medium,Tier 4,DR,Owner Identified,133364
APP-00602,MFB-Digital-0602,Risk,SW-0085,Workday Human Capital Management,2030-01-01,Supported,Critical,Tier 2,DR,Owner Identified,193153
APP-00603,MFB-Loan-0603,Technology,SW-0085,Workday Human Capital Management,2030-01-01,Supported,High,Tier 2,Development,Owner Missing,236136
APP-00604,MFB-Ops-0604,Data & Analytics,SW-0082,SAP S/4HANA,2027-12-31,EOL within 24 months,Critical,Tier 2,Production,Owner Identified,55522
APP-00605,MFB-Ops-0605,Commercial Banking,SW-0091,Oracle WebLogic Server,2027-12-31,EOL within 24 months,Medium,Tier 3,Production,Owner Missing,248326
APP-00606,MFB-Payments-0606,Human Resources,SW-0073,Azure Data Factory,2030-01-01,Supported,High,Tier 4,DR,Owner Identified,224974
APP-00607,MFB-Ops-0607,Risk,SW-0082,SAP S/4HANA,2027-12-31,EOL within 24 months,High,Tier 1,Production,Owner Identified,184616
APP-00608,MFB-Risk-0608,Cybersecurity,SW-0031,Microsoft SQL Server 2019,2030-01-08,Supported,Critical,Tier 4,DR,Owner Identified,153650
APP-00609,MFB-Wealth-0609,Commercial Banking,SW-0088,Apache Tomcat,2027-03-31,EOL within 12 months,High,Tier 4,DR,Owner Missing,249417
APP-00610,MFB-Data-0610,Cybersecurity,SW-0032,Microsoft SQL Server 2022,2033-01-11,Supported,Medium,Tier 3,Production,Owner Missing,62006
APP-00611,MFB-Treasury-0611,Capital Markets,SW-0028,Zscaler Internet Access,2030-01-01,Supported,Critical,Tier 4,Production,Owner Identified,218631
APP-00612,MFB-Loan-0612,Human Resources,SW-0031,Microsoft SQL Server 2019,2030-01-08,Supported,Critical,Tier 2,DR,Owner Identified,161252
APP-00613,MFB-Risk-0613,Commercial Banking,SW-0088,Apache Tomcat,2027-03-31,EOL within 12 months,High,Tier 2,Development,Owner Missing,46030
APP-00614,MFB-Ops-0614,Finance,SW-0036,PostgreSQL 15,2027-11-11,EOL within 24 months,Medium,Tier 3,Development,Owner Missing,234555
APP-00615,MFB-Digital-0615,Legal & Compliance,SW-0074,Informatica PowerCenter 10.5,2027-12-31,EOL within 24 months,High,Tier 3,Production,Owner Missing,130004
APP-00616,MFB-Retail-0616,Commercial Banking,SW-0081,IBM SPSS Statistics 29,2028-09-30,Supported,High,Tier 1,DR,Owner Missing,227561
APP-00617,MFB-Digital-0617,Legal & Compliance,SW-0032,Microsoft SQL Server 2022,2033-01-11,Supported,Low,Tier 4,DR,Owner Missing,137287
APP-00618,MFB-Payments-0618,Risk,SW-0091,Oracle WebLogic Server,2027-12-31,EOL within 24 months,Critical,Tier 3,Development,Owner Missing,204073
APP-00619,MFB-Payments-0619,Data & Analytics,SW-0072,Databricks Runtime 13.3 LTS,2026-09-30,EOL within 12 months,Critical,Tier 3,Production,Owner Identified,242098
APP-00620,MFB-Ops-0620,Finance,SW-0027,Qualys VMDR,2030-01-01,Supported,Low,Tier 2,Development,Owner Identified,20539
APP-00621,MFB-Retail-0621,Technology,SW-0081,IBM SPSS Statistics 29,2028-09-30,Supported,Medium,Tier 2,DR,Owner Missing,113038
APP-00622,MFB-Ops-0622,Cybersecurity,SW-0072,Databricks Runtime 13.3 LTS,2026-09-30,EOL within 12 months,Medium,Tier 2,Production,Owner Identified,209302
APP-00623,MFB-Loan-0623,Capital Markets,SW-0082,SAP S/4HANA,2027-12-31,EOL within 24 months,High,Tier 2,Production,Owner Identified,62218
APP-00624,MFB-Data-0624,Human Resources,SW-0080,SAS Viya 4,2028-12-31,Supported,High,Tier 1,Production,Owner Missing,234382
APP-00625,MFB-Loan-0625,Technology,SW-0071,Apache Airflow 2.7,2025-08-31,Past EOL,Medium,Tier 1,DR,Owner Missing,188168
APP-00626,MFB-Payments-0626,Data & Analytics,SW-0025,Splunk Enterprise Security,2028-12-31,Supported,High,Tier 1,DR,Owner Identified,206384
APP-00627,MFB-Wealth-0627,Treasury,SW-0084,Salesforce Financial Services Cloud,2030-01-01,Supported,Medium,Tier 4,Production,Owner Identified,68111
APP-00628,MFB-Payments-0628,Human Resources,SW-0085,Workday Human Capital Management,2030-01-01,Supported,Medium,Tier 1,DR,Owner Missing,21649
APP-00629,MFB-Retail-0629,Cybersecurity,SW-0032,Microsoft SQL Server 2022,2033-01-11,Supported,Medium,Tier 2,DR,Owner Identified,70897
APP-00630,MFB-Risk-0630,Legal & Compliance,SW-0033,Oracle Database 19c,2027-04-30,EOL within 12 months,Medium,Tier 3,Development,Owner Identified,142768
APP-00631,MFB-Payments-0631,Data & Analytics,SW-0089,Apache Tomcat,2028-12-31,Supported,Critical,Tier 4,DR,Owner Identified,17254
APP-00632,MFB-Retail-0632,Wealth Management,SW-0079,Tableau Desktop 2024.x,2027-12-31,EOL within 24 months,High,Tier 3,Development,Owner Missing,136188
APP-00633,MFB-Digital-0633,Wealth Management,SW-0026,Tenable Nessus,2028-12-31,Supported,Low,Tier 2,Production,Owner Missing,33879
APP-00634,MFB-Digital-0634,Capital Markets,SW-0034,Oracle Database 21c,2025-04-30,Past EOL,High,Tier 1,Production,Owner Identified,65426
APP-00635,MFB-Risk-0635,Retail Banking,SW-0078,Power BI Desktop,2030-01-01,Supported,Critical,Tier 4,Production,Owner Identified,182534
APP-00636,MFB-Loan-0636,Operations,SW-0085,Workday Human Capital Management,2030-01-01,Supported,High,Tier 2,DR,Owner Identified,80461
APP-00637,MFB-Treasury-0637,Legal & Compliance,SW-0022,Microsoft Defender for Endpoint,2030-01-01,Supported,Medium,Tier 2,Development,Owner Identified,188879
APP-00638,MFB-Data-0638,Technology,SW-0022,Microsoft Defender for Endpoint,2030-01-01,Supported,Medium,Tier 1,Production,Owner Identified,221544
APP-00639,MFB-Ops-0639,Human Resources,SW-0031,Microsoft SQL Server 2019,2030-01-08,Supported,High,Tier 4,DR,Owner Identified,83704
APP-00640,MFB-Treasury-0640,Retail Banking,SW-0038,MongoDB Enterprise Advanced 6.0,2026-07-31,EOL within 12 months,High,Tier 4,Development,Owner Missing,113055
APP-00641,MFB-Loan-0641,Wealth Management,SW-0030,Microsoft SQL Server 2016,2026-07-14,EOL within 12 months,High,Tier 2,Production,Owner Identified,88143
APP-00642,MFB-Loan-0642,Human Resources,SW-0037,MySQL Community Server 8.0,2026-04-30,Past EOL,Critical,Tier 3,DR,Owner Identified,98503
APP-00643,MFB-Ops-0643,Legal & Compliance,SW-0078,Power BI Desktop,2030-01-01,Supported,Medium,Tier 1,Development,Owner Missing,185939
APP-00644,MFB-Loan-0644,Finance,SW-0028,Zscaler Internet Access,2030-01-01,Supported,High,Tier 4,DR,Owner Identified,113920
APP-00645,MFB-Data-0645,Operations,SW-0078,Power BI Desktop,2030-01-01,Supported,High,Tier 1,Development,Owner Missing,172478
APP-00646,MFB-Ops-0646,Commercial Banking,SW-0072,Databricks Runtime 13.3 LTS,2026-09-30,EOL within 12 months,Low,Tier 2,Development,Owner Identified,160180
APP-00647,MFB-Ops-0647,Data & Analytics,SW-0081,IBM SPSS Statistics 29,2028-09-30,Supported,High,Tier 4,Production,Owner Identified,70738
APP-00648,MFB-Wealth-0648,Operations,SW-0024,CyberArk Privileged Access Manager,2028-12-31,Supported,Low,Tier 4,Production,Owner Identified,133815
APP-00649,MFB-Treasury-0649,Wealth Management,SW-0071,Apache Airflow 2.7,2025-08-31,Past EOL,Medium,Tier 2,Production,Owner Identified,133328
APP-00650,MFB-Payments-0650,Data & Analytics,SW-0081,IBM SPSS Statistics 29,2028-09-30,Supported,Low,Tier 4,Development,Owner Identified,170203
APP-00651,MFB-Ops-0651,Capital Markets,SW-0036,PostgreSQL 15,2027-11-11,EOL within 24 months,High,Tier 4,Production,Owner Identified,243461
APP-00652,MFB-Data-0652,Retail Banking,SW-0085,Workday Human Capital Management,2030-01-01,Supported,Medium,Tier 2,DR,Owner Identified,145504
APP-00653,MFB-Risk-0653,Human Resources,SW-0033,Oracle Database 19c,2027-04-30,EOL within 12 months,High,Tier 1,Development,Owner Identified,35602
APP-00654,MFB-Ops-0654,Commercial Banking,SW-0089,Apache Tomcat,2028-12-31,Supported,Medium,Tier 1,Production,Owner Identified,7469
APP-00655,MFB-Loan-0655,Cybersecurity,SW-0088,Apache Tomcat,2027-03-31,EOL within 12 months,Critical,Tier 3,Production,Owner Identified,45280
APP-00656,MFB-Data-0656,Capital Markets,SW-0073,Azure Data Factory,2030-01-01,Supported,Low,Tier 4,Production,Owner Identified,86103
APP-00657,MFB-Risk-0657,Commercial Banking,SW-0032,Microsoft SQL Server 2022,2033-01-11,Supported,Critical,Tier 1,Production,Owner Missing,96906
APP-00658,MFB-Ops-0658,Technology,SW-0079,Tableau Desktop 2024.x,2027-12-31,EOL within 24 months,Critical,Tier 4,Production,Owner Missing,28488
APP-00659,MFB-Wealth-0659,Treasury,SW-0037,MySQL Community Server 8.0,2026-04-30,Past EOL,High,Tier 4,DR,Owner Identified,51840
APP-00660,MFB-Data-0660,Risk,SW-0024,CyberArk Privileged Access Manager,2028-12-31,Supported,High,Tier 1,DR,Owner Identified,117440
APP-00661,MFB-Digital-0661,Cybersecurity,SW-0081,IBM SPSS Statistics 29,2028-09-30,Supported,High,Tier 4,DR,Owner Missing,178975
APP-00662,MFB-Ops-0662,Data & Analytics,SW-0081,IBM SPSS Statistics 29,2028-09-30,Supported,Critical,Tier 4,Production,Owner Identified,5457
APP-00663,MFB-Treasury-0663,Treasury,SW-0024,CyberArk Privileged Access Manager,2028-12-31,Supported,Critical,Tier 1,Production,Owner Missing,216993
APP-00664,MFB-Treasury-0664,Treasury,SW-0026,Tenable Nessus,2028-12-31,Supported,Medium,Tier 4,DR,Owner Identified,220213
APP-00665,MFB-Loan-0665,Data & Analytics,SW-0026,Tenable Nessus,2028-12-31,Supported,Medium,Tier 1,DR,Owner Identified,192665
APP-00666,MFB-Payments-0666,Retail Banking,SW-0090,IBM WebSphere Application Server,2030-12-31,Supported,High,Tier 2,Production,Owner Missing,121247
APP-00667,MFB-Ops-0667,Legal & Compliance,SW-0031,Microsoft SQL Server 2019,2030-01-08,Supported,Critical,Tier 2,Production,Owner Missing,113168
APP-00668,MFB-Retail-0668,Data & Analytics,SW-0028,Zscaler Internet Access,2030-01-01,Supported,Critical,Tier 4,Development,Owner Missing,133647
APP-00669,MFB-Retail-0669,Technology,SW-0087,IBM MQ,2028-12-31,Supported,Medium,Tier 2,Production,Owner Identified,27275
APP-00670,MFB-Payments-0670,Cybersecurity,SW-0072,Databricks Runtime 13.3 LTS,2026-09-30,EOL within 12 months,Medium,Tier 2,DR,Owner Identified,49890
APP-00671,MFB-Payments-0671,Capital Markets,SW-0087,IBM MQ,2028-12-31,Supported,Medium,Tier 4,Production,Owner Identified,232913
APP-00672,MFB-Risk-0672,Commercial Banking,SW-0087,IBM MQ,2028-12-31,Supported,High,Tier 4,Production,Owner Missing,27298
APP-00673,MFB-Ops-0673,Legal & Compliance,SW-0080,SAS Viya 4,2028-12-31,Supported,High,Tier 4,Production,Owner Missing,43251
APP-00674,MFB-Wealth-0674,Treasury,SW-0087,IBM MQ,2028-12-31,Supported,Medium,Tier 3,Production,Owner Identified,150627
APP-00675,MFB-Wealth-0675,Wealth Management,SW-0036,PostgreSQL 15,2027-11-11,EOL within 24 months,High,Tier 4,Production,Owner Missing,105612
APP-00676,MFB-Loan-0676,Human Resources,SW-0026,Tenable Nessus,2028-12-31,Supported,Medium,Tier 1,DR,Owner Identified,99442
APP-00677,MFB-Risk-0677,Cybersecurity,SW-0026,Tenable Nessus,2028-12-31,Supported,High,Tier 4,DR,Owner Missing,15550
APP-00678,MFB-Payments-0678,Risk,SW-0075,Apache Kafka 3.5,2026-06-30,EOL within 12 months,High,Tier 1,Production,Owner Identified,20784
APP-00679,MFB-Loan-0679,Operations,SW-0080,SAS Viya 4,2028-12-31,Supported,Medium,Tier 2,Production,Owner Identified,87283
APP-00680,MFB-Loan-0680,Retail Banking,SW-0036,PostgreSQL 15,2027-11-11,EOL within 24 months,High,Tier 4,Development,Owner Missing,30657
APP-00681,MFB-Digital-0681,Retail Banking,SW-0034,Oracle Database 21c,2025-04-30,Past EOL,Medium,Tier 3,DR,Owner Identified,44289
APP-00682,MFB-Data-0682,Technology,SW-0086,MuleSoft Anypoint Platform,2030-01-01,Supported,Critical,Tier 4,DR,Owner Missing,83971
APP-00683,MFB-Data-0683,Commercial Banking,SW-0074,Informatica PowerCenter 10.5,2027-12-31,EOL within 24 months,Low,Tier 4,Production,Owner Identified,161475
APP-00684,MFB-Digital-0684,Data & Analytics,SW-0072,Databricks Runtime 13.3 LTS,2026-09-30,EOL within 12 months,Medium,Tier 3,Production,Owner Missing,79869
APP-00685,MFB-Treasury-0685,Cybersecurity,SW-0027,Qualys VMDR,2030-01-01,Supported,Critical,Tier 3,Development,Owner Identified,165299
APP-00686,MFB-Data-0686,Cybersecurity,SW-0081,IBM SPSS Statistics 29,2028-09-30,Supported,Medium,Tier 2,DR,Owner Identified,106985
APP-00687,MFB-Payments-0687,Risk,SW-0082,SAP S/4HANA,2027-12-31,EOL within 24 months,High,Tier 1,Development,Owner Missing,107142
APP-00688,MFB-Ops-0688,Finance,SW-0085,Workday Human Capital Management,2030-01-01,Supported,High,Tier 4,Development,Owner Missing,233245
APP-00689,MFB-Risk-0689,Wealth Management,SW-0024,CyberArk Privileged Access Manager,2028-12-31,Supported,Low,Tier 1,DR,Owner Missing,106981
APP-00690,MFB-Retail-0690,Cybersecurity,SW-0030,Microsoft SQL Server 2016,2026-07-14,EOL within 12 months,Medium,Tier 3,Development,Owner Identified,164230
APP-00691,MFB-Ops-0691,Treasury,SW-0022,Microsoft Defender for Endpoint,2030-01-01,Supported,Low,Tier 4,Development,Owner Missing,201993
APP-00692,MFB-Payments-0692,Treasury,SW-0074,Informatica PowerCenter 10.5,2027-12-31,EOL within 24 months,Low,Tier 1,Development,Owner Identified,206152
APP-00693,MFB-Treasury-0693,Risk,SW-0071,Apache Airflow 2.7,2025-08-31,Past EOL,High,Tier 2,Development,Owner Missing,220593
APP-00694,MFB-Loan-0694,Retail Banking,SW-0023,CrowdStrike Falcon,2030-01-01,Supported,Critical,Tier 1,Development,Owner Identified,173835
APP-00695,MFB-Digital-0695,Human Resources,SW-0026,Tenable Nessus,2028-12-31,Supported,Medium,Tier 4,DR,Owner Identified,110378
APP-00696,MFB-Payments-0696,Technology,SW-0033,Oracle Database 19c,2027-04-30,EOL within 12 months,Medium,Tier 1,DR,Owner Identified,207054
APP-00697,MFB-Loan-0697,Operations,SW-0081,IBM SPSS Statistics 29,2028-09-30,Supported,Medium,Tier 1,Production,Owner Identified,79431
APP-00698,MFB-Payments-0698,Finance,SW-0028,Zscaler Internet Access,2030-01-01,Supported,Critical,Tier 3,DR,Owner Missing,32242
APP-00699,MFB-Risk-0699,Finance,SW-0026,Tenable Nessus,2028-12-31,Supported,Critical,Tier 2,DR,Owner Identified,52243
APP-00700,MFB-Loan-0700,Data & Analytics,SW-0085,Workday Human Capital Management,2030-01-01,Supported,Medium,Tier 4,DR,Owner Missing,159899
APP-00701,MFB-Treasury-0701,Finance,SW-0079,Tableau Desktop 2024.x,2027-12-31,EOL within 24 months,Medium,Tier 2,Production,Owner Missing,212394
APP-00702,MFB-Treasury-0702,Commercial Banking,SW-0028,Zscaler Internet Access,2030-01-01,Supported,High,Tier 2,Production,Owner Identified,161837
APP-00703,MFB-Ops-0703,Commercial Banking,SW-0028,Zscaler Internet Access,2030-01-01,Supported,Critical,Tier 4,Development,Owner Identified,75248
APP-00704,MFB-Risk-0704,Cybersecurity,SW-0023,CrowdStrike Falcon,2030-01-01,Supported,High,Tier 2,Development,Owner Identified,184780
APP-00705,MFB-Wealth-0705,Legal & Compliance,SW-0037,MySQL Community Server 8.0,2026-04-30,Past EOL,High,Tier 4,Development,Owner Missing,73571
APP-00706,MFB-Risk-0706,Retail Banking,SW-0086,MuleSoft Anypoint Platform,2030-01-01,Supported,Medium,Tier 2,Production,Owner Missing,215610
APP-00707,MFB-Digital-0707,Retail Banking,SW-0081,IBM SPSS Statistics 29,2028-09-30,Supported,Medium,Tier 4,Development,Owner Identified,109999
APP-00708,MFB-Digital-0708,Human Resources,SW-0027,Qualys VMDR,2030-01-01,Supported,Critical,Tier 4,Development,Owner Missing,78192
APP-00709,MFB-Payments-0709,Technology,SW-0036,PostgreSQL 15,2027-11-11,EOL within 24 months,High,Tier 3,DR,Owner Missing,100746
APP-00710,MFB-Ops-0710,Technology,SW-0091,Oracle WebLogic Server,2027-12-31,EOL within 24 months,Low,Tier 2,Development,Owner Identified,128902
APP-00711,MFB-Payments-0711,Technology,SW-0078,Power BI Desktop,2030-01-01,Supported,High,Tier 4,Production,Owner Identified,247947
APP-00712,MFB-Wealth-0712,Operations,SW-0089,Apache Tomcat,2028-12-31,Supported,High,Tier 1,DR,Owner Identified,169402
APP-00713,MFB-Wealth-0713,Commercial Banking,SW-0038,MongoDB Enterprise Advanced 6.0,2026-07-31,EOL within 12 months,Medium,Tier 2,Production,Owner Identified,126394
APP-00714,MFB-Payments-0714,Wealth Management,SW-0075,Apache Kafka 3.5,2026-06-30,EOL within 12 months,High,Tier 3,Production,Owner Identified,8428
APP-00715,MFB-Payments-0715,Risk,SW-0082,SAP S/4HANA,2027-12-31,EOL within 24 months,Medium,Tier 1,Production,Owner Identified,92021
APP-00716,MFB-Data-0716,Legal & Compliance,SW-0087,IBM MQ,2028-12-31,Supported,High,Tier 1,DR,Owner Missing,100743
APP-00717,MFB-Retail-0717,Technology,SW-0086,MuleSoft Anypoint Platform,2030-01-01,Supported,High,Tier 4,Development,Owner Identified,176101
APP-00718,MFB-Treasury-0718,Treasury,SW-0083,ServiceNow IT Service Management,2025-11-30,Past EOL,High,Tier 2,Development,Owner Missing,32195
APP-00719,MFB-Loan-0719,Operations,SW-0088,Apache Tomcat,2027-03-31,EOL within 12 months,High,Tier 1,Production,Owner Identified,15777
APP-00720,MFB-Ops-0720,Risk,SW-0080,SAS Viya 4,2028-12-31,Supported,Medium,Tier 1,Production,Owner Missing,140392
APP-00721,MFB-Ops-0721,Cybersecurity,SW-0034,Oracle Database 21c,2025-04-30,Past EOL,Medium,Tier 4,DR,Owner Missing,43113
APP-00722,MFB-Loan-0722,Operations,SW-0022,Microsoft Defender for Endpoint,2030-01-01,Supported,High,Tier 2,Production,Owner Identified,165864
APP-00723,MFB-Risk-0723,Human Resources,SW-0083,ServiceNow IT Service Management,2025-11-30,Past EOL,High,Tier 4,Development,Owner Identified,160636
APP-00724,MFB-Wealth-0724,Treasury,SW-0036,PostgreSQL 15,2027-11-11,EOL within 24 months,Critical,Tier 4,Production,Owner Identified,240261
APP-00725,MFB-Risk-0725,Capital Markets,SW-0084,Salesforce Financial Services Cloud,2030-01-01,Supported,Medium,Tier 2,DR,Owner Identified,206278
APP-00726,MFB-Wealth-0726,Data & Analytics,SW-0082,SAP S/4HANA,2027-12-31,EOL within 24 months,Medium,Tier 2,Production,Owner Missing,144211
APP-00727,MFB-Data-0727,Risk,SW-0030,Microsoft SQL Server 2016,2026-07-14,EOL within 12 months,High,Tier 2,Development,Owner Missing,117592
APP-00728,MFB-Treasury-0728,Capital Markets,SW-0087,IBM MQ,2028-12-31,Supported,Critical,Tier 3,Production,Owner Missing,84867
APP-00729,MFB-Wealth-0729,Wealth Management,SW-0037,MySQL Community Server 8.0,2026-04-30,Past EOL,Low,Tier 4,Development,Owner Identified,230593
APP-00730,MFB-Wealth-0730,Retail Banking,SW-0035,PostgreSQL 14,2026-11-12,EOL within 12 months,Medium,Tier 2,DR,Owner Identified,187534
APP-00731,MFB-Treasury-0731,Human Resources,SW-0037,MySQL Community Server 8.0,2026-04-30,Past EOL,High,Tier 3,Development,Owner Missing,224263
APP-00732,MFB-Data-0732,Cybersecurity,SW-0080,SAS Viya 4,2028-12-31,Supported,High,Tier 2,Development,Owner Identified,202153
APP-00733,MFB-Risk-0733,Finance,SW-0073,Azure Data Factory,2030-01-01,Supported,Medium,Tier 4,Production,Owner Missing,59410
APP-00734,MFB-Digital-0734,Commercial Banking,SW-0089,Apache Tomcat,2028-12-31,Supported,Critical,Tier 3,DR,Owner Missing,74535
APP-00735,MFB-Risk-0735,Risk,SW-0083,ServiceNow IT Service Management,2025-11-30,Past EOL,High,Tier 1,Production,Owner Missing,57847
APP-00736,MFB-Data-0736,Wealth Management,SW-0074,Informatica PowerCenter 10.5,2027-12-31,EOL within 24 months,Medium,Tier 4,Production,Owner Identified,101869
APP-00737,MFB-Digital-0737,Legal & Compliance,SW-0031,Microsoft SQL Server 2019,2030-01-08,Supported,Medium,Tier 4,Production,Owner Identified,114468
APP-00738,MFB-Retail-0738,Treasury,SW-0032,Microsoft SQL Server 2022,2033-01-11,Supported,Medium,Tier 2,DR,Owner Identified,231101
APP-00739,MFB-Loan-0739,Wealth Management,SW-0037,MySQL Community Server 8.0,2026-04-30,Past EOL,Medium,Tier 3,Production,Owner Missing,212508
APP-00740,MFB-Loan-0740,Data & Analytics,SW-0087,IBM MQ,2028-12-31,Supported,Critical,Tier 3,Development,Owner Missing,15757
APP-00741,MFB-Digital-0741,Cybersecurity,SW-0084,Salesforce Financial Services Cloud,2030-01-01,Supported,Low,Tier 2,Production,Owner Identified,165961
APP-00742,MFB-Risk-0742,Capital Markets,SW-0075,Apache Kafka 3.5,2026-06-30,EOL within 12 months,High,Tier 4,Production,Owner Identified,128449
APP-00743,MFB-Loan-0743,Data & Analytics,SW-0072,Databricks Runtime 13.3 LTS,2026-09-30,EOL within 12 months,High,Tier 4,Production,Owner Missing,128882
APP-00744,MFB-Treasury-0744,Cybersecurity,SW-0036,PostgreSQL 15,2027-11-11,EOL within 24 months,Critical,Tier 3,Production,Owner Identified,200113
APP-00745,MFB-Retail-0745,Treasury,SW-0083,ServiceNow IT Service Management,2025-11-30,Past EOL,Critical,Tier 2,Production,Owner Identified,43453
APP-00746,MFB-Retail-0746,Cybersecurity,SW-0034,Oracle Database 21c,2025-04-30,Past EOL,Low,Tier 1,Development,Owner Identified,159629
APP-00747,MFB-Payments-0747,Wealth Management,SW-0072,Databricks Runtime 13.3 LTS,2026-09-30,EOL within 12 months,High,Tier 4,DR,Owner Missing,79729
APP-00748,MFB-Wealth-0748,Technology,SW-0075,Apache Kafka 3.5,2026-06-30,EOL within 12 months,Medium,Tier 1,Production,Owner Identified,248871
APP-00749,MFB-Risk-0749,Technology,SW-0038,MongoDB Enterprise Advanced 6.0,2026-07-31,EOL within 12 months,Critical,Tier 1,Production,Owner Missing,32007
APP-00750,MFB-Risk-0750,Capital Markets,SW-0089,Apache Tomcat,2028-12-31,Supported,Critical,Tier 2,Production,Owner Identified,184909
APP-00751,MFB-Payments-0751,Treasury,SW-0081,IBM SPSS Statistics 29,2028-09-30,Supported,Medium,Tier 4,Production,Owner Identified,186117
APP-00752,MFB-Digital-0752,Technology,SW-0075,Apache Kafka 3.5,2026-06-30,EOL within 12 months,Low,Tier 2,Development,Owner Identified,88313
APP-00753,MFB-Payments-0753,Finance,SW-0026,Tenable Nessus,2028-12-31,Supported,High,Tier 3,Production,Owner Identified,72689
APP-00754,MFB-Payments-0754,Technology,SW-0038,MongoDB Enterprise Advanced 6.0,2026-07-31,EOL within 12 months,Medium,Tier 3,Production,Owner Missing,27594
APP-00755,MFB-Digital-0755,Commercial Banking,SW-0022,Microsoft Defender for Endpoint,2030-01-01,Supported,High,Tier 2,Development,Owner Identified,97377
APP-00756,MFB-Risk-0756,Commercial Banking,SW-0022,Microsoft Defender for Endpoint,2030-01-01,Supported,Critical,Tier 3,Production,Owner Identified,199771
APP-00757,MFB-Treasury-0757,Data & Analytics,SW-0080,SAS Viya 4,2028-12-31,Supported,Critical,Tier 3,Production,Owner Missing,201560
APP-00758,MFB-Wealth-0758,Finance,SW-0080,SAS Viya 4,2028-12-31,Supported,Critical,Tier 3,DR,Owner Identified,36473
APP-00759,MFB-Data-0759,Retail Banking,SW-0078,Power BI Desktop,2030-01-01,Supported,Low,Tier 4,Development,Owner Identified,181884
APP-00760,MFB-Data-0760,Data & Analytics,SW-0082,SAP S/4HANA,2027-12-31,EOL within 24 months,Critical,Tier 4,Development,Owner Identified,247086
APP-00761,MFB-Payments-0761,Finance,SW-0075,Apache Kafka 3.5,2026-06-30,EOL within 12 months,Medium,Tier 4,Production,Owner Missing,221169
APP-00762,MFB-Retail-0762,Data & Analytics,SW-0081,IBM SPSS Statistics 29,2028-09-30,Supported,High,Tier 4,DR,Owner Missing,130431
APP-00763,MFB-Loan-0763,Technology,SW-0082,SAP S/4HANA,2027-12-31,EOL within 24 months,High,Tier 4,Production,Owner Identified,13885
APP-00764,MFB-Digital-0764,Data & Analytics,SW-0075,Apache Kafka 3.5,2026-06-30,EOL within 12 months,High,Tier 2,Production,Owner Identified,182442
APP-00765,MFB-Loan-0765,Finance,SW-0031,Microsoft SQL Server 2019,2030-01-08,Supported,High,Tier 4,Production,Owner Missing,25426
APP-00766,MFB-Loan-0766,Data & Analytics,SW-0082,SAP S/4HANA,2027-12-31,EOL within 24 months,High,Tier 2,Production,Owner Identified,103933
APP-00767,MFB-Treasury-0767,Treasury,SW-0034,Oracle Database 21c,2025-04-30,Past EOL,Critical,Tier 2,DR,Owner Identified,142967
APP-00768,MFB-Retail-0768,Finance,SW-0023,CrowdStrike Falcon,2030-01-01,Supported,Critical,Tier 4,Development,Owner Identified,112984
APP-00769,MFB-Retail-0769,Commercial Banking,SW-0085,Workday Human Capital Management,2030-01-01,Supported,Critical,Tier 3,Production,Owner Missing,67537
APP-00770,MFB-Digital-0770,Cybersecurity,SW-0037,MySQL Community Server 8.0,2026-04-30,Past EOL,Medium,Tier 3,Production,Owner Identified,219316
APP-00771,MFB-Loan-0771,Human Resources,SW-0023,CrowdStrike Falcon,2030-01-01,Supported,Critical,Tier 1,Production,Owner Missing,6472
APP-00772,MFB-Wealth-0772,Technology,SW-0034,Oracle Database 21c,2025-04-30,Past EOL,High,Tier 1,Production,Owner Missing,76141
APP-00773,MFB-Wealth-0773,Treasury,SW-0090,IBM WebSphere Application Server,2030-12-31,Supported,High,Tier 2,Production,Owner Identified,153697
APP-00774,MFB-Wealth-0774,Capital Markets,SW-0085,Workday Human Capital Management,2030-01-01,Supported,Critical,Tier 1,DR,Owner Identified,98233
APP-00775,MFB-Loan-0775,Commercial Banking,SW-0032,Microsoft SQL Server 2022,2033-01-11,Supported,Medium,Tier 4,DR,Owner Identified,205426
APP-00776,MFB-Risk-0776,Technology,SW-0028,Zscaler Internet Access,2030-01-01,Supported,High,Tier 3,Development,Owner Identified,235392
APP-00777,MFB-Treasury-0777,Data & Analytics,SW-0091,Oracle WebLogic Server,2027-12-31,EOL within 24 months,High,Tier 2,Production,Owner Identified,62983
APP-00778,MFB-Payments-0778,Legal & Compliance,SW-0025,Splunk Enterprise Security,2028-12-31,Supported,Medium,Tier 2,DR,Owner Identified,51617
APP-00779,MFB-Risk-0779,Risk,SW-0081,IBM SPSS Statistics 29,2028-09-30,Supported,Critical,Tier 1,Production,Owner Missing,192235
APP-00780,MFB-Retail-0780,Technology,SW-0089,Apache Tomcat,2028-12-31,Supported,High,Tier 2,DR,Owner Missing,76096
APP-00781,MFB-Retail-0781,Data & Analytics,SW-0081,IBM SPSS Statistics 29,2028-09-30,Supported,Critical,Tier 4,Production,Owner Missing,18082
APP-00782,MFB-Data-0782,Capital Markets,SW-0024,CyberArk Privileged Access Manager,2028-12-31,Supported,Medium,Tier 4,DR,Owner Missing,35169
APP-00783,MFB-Loan-0783,Treasury,SW-0080,SAS Viya 4,2028-12-31,Supported,High,Tier 2,DR,Owner Missing,79424
APP-00784,MFB-Loan-0784,Legal & Compliance,SW-0087,IBM MQ,2028-12-31,Supported,Medium,Tier 4,Development,Owner Identified,102476
APP-00785,MFB-Wealth-0785,Technology,SW-0022,Microsoft Defender for Endpoint,2030-01-01,Supported,Medium,Tier 1,Production,Owner Identified,169082
APP-00786,MFB-Loan-0786,Treasury,SW-0071,Apache Airflow 2.7,2025-08-31,Past EOL,Medium,Tier 2,Production,Owner Identified,15038
APP-00787,MFB-Ops-0787,Finance,SW-0075,Apache Kafka 3.5,2026-06-30,EOL within 12 months,Low,Tier 3,Production,Owner Identified,174446
APP-00788,MFB-Retail-0788,Operations,SW-0086,MuleSoft Anypoint Platform,2030-01-01,Supported,High,Tier 1,DR,Owner Identified,173315
APP-00789,MFB-Retail-0789,Finance,SW-0091,Oracle WebLogic Server,2027-12-31,EOL within 24 months,Critical,Tier 4,DR,Owner Identified,90844
APP-00790,MFB-Loan-0790,Risk,SW-0075,Apache Kafka 3.5,2026-06-30,EOL within 12 months,High,Tier 1,DR,Owner Missing,240895
APP-00791,MFB-Loan-0791,Data & Analytics,SW-0090,IBM WebSphere Application Server,2030-12-31,Supported,Low,Tier 2,Production,Owner Missing,228203
APP-00792,MFB-Risk-0792,Cybersecurity,SW-0090,IBM WebSphere Application Server,2030-12-31,Supported,Medium,Tier 4,Development,Owner Identified,20557
APP-00793,MFB-Payments-0793,Technology,SW-0091,Oracle WebLogic Server,2027-12-31,EOL within 24 months,High,Tier 1,Production,Owner Identified,83607
APP-00794,MFB-Digital-0794,Capital Markets,SW-0038,MongoDB Enterprise Advanced 6.0,2026-07-31,EOL within 12 months,Critical,Tier 3,Production,Owner Missing,108988
APP-00795,MFB-Treasury-0795,Treasury,SW-0071,Apache Airflow 2.7,2025-08-31,Past EOL,Medium,Tier 1,Production,Owner Identified,179498
APP-00796,MFB-Data-0796,Operations,SW-0075,Apache Kafka 3.5,2026-06-30,EOL within 12 months,High,Tier 3,Development,Owner Identified,166320
APP-00797,MFB-Payments-0797,Finance,SW-0087,IBM MQ,2028-12-31,Supported,Medium,Tier 1,Production,Owner Identified,6755
APP-00798,MFB-Digital-0798,Treasury,SW-0031,Microsoft SQL Server 2019,2030-01-08,Supported,Critical,Tier 2,Development,Owner Identified,32526
APP-00799,MFB-Risk-0799,Retail Banking,SW-0072,Databricks Runtime 13.3 LTS,2026-09-30,EOL within 12 months,Critical,Tier 3,Production,Owner Identified,222800
APP-00800,MFB-Retail-0800,Risk,SW-0031,Microsoft SQL Server 2019,2030-01-08,Supported,Critical,Tier 3,DR,Owner Identified,176509
APP-00801,MFB-Payments-0801,Retail Banking,SW-0022,Microsoft Defender for Endpoint,2030-01-01,Supported,High,Tier 1,Development,Owner Missing,82994
APP-00802,MFB-Treasury-0802,Risk,SW-0071,Apache Airflow 2.7,2025-08-31,Past EOL,Critical,Tier 3,Production,Owner Identified,80746
APP-00803,MFB-Wealth-0803,Risk,SW-0025,Splunk Enterprise Security,2028-12-31,Supported,High,Tier 4,DR,Owner Identified,28693
APP-00804,MFB-Digital-0804,Capital Markets,SW-0035,PostgreSQL 14,2026-11-12,EOL within 12 months,Medium,Tier 4,Production,Owner Identified,163353
APP-00805,MFB-Digital-0805,Operations,SW-0028,Zscaler Internet Access,2030-01-01,Supported,High,Tier 4,DR,Owner Identified,160993
APP-00806,MFB-Wealth-0806,Operations,SW-0082,SAP S/4HANA,2027-12-31,EOL within 24 months,Critical,Tier 1,Production,Owner Missing,124691
APP-00807,MFB-Risk-0807,Finance,SW-0081,IBM SPSS Statistics 29,2028-09-30,Supported,Medium,Tier 3,Development,Owner Identified,164278
APP-00808,MFB-Ops-0808,Finance,SW-0078,Power BI Desktop,2030-01-01,Supported,Critical,Tier 4,Production,Owner Identified,121392
APP-00809,MFB-Payments-0809,Cybersecurity,SW-0033,Oracle Database 19c,2027-04-30,EOL within 12 months,High,Tier 4,Development,Owner Missing,111737
APP-00810,MFB-Data-0810,Technology,SW-0023,CrowdStrike Falcon,2030-01-01,Supported,Low,Tier 4,Production,Owner Missing,166473
APP-00811,MFB-Digital-0811,Human Resources,SW-0034,Oracle Database 21c,2025-04-30,Past EOL,Medium,Tier 3,Production,Owner Identified,77225
APP-00812,MFB-Wealth-0812,Technology,SW-0027,Qualys VMDR,2030-01-01,Supported,Medium,Tier 1,Production,Owner Identified,12712
APP-00813,MFB-Treasury-0813,Risk,SW-0071,Apache Airflow 2.7,2025-08-31,Past EOL,Low,Tier 1,Production,Owner Identified,114962
APP-00814,MFB-Ops-0814,Human Resources,SW-0034,Oracle Database 21c,2025-04-30,Past EOL,Critical,Tier 3,Production,Owner Identified,16106
APP-00815,MFB-Treasury-0815,Risk,SW-0031,Microsoft SQL Server 2019,2030-01-08,Supported,Low,Tier 3,DR,Owner Missing,118137
APP-00816,MFB-Payments-0816,Cybersecurity,SW-0082,SAP S/4HANA,2027-12-31,EOL within 24 months,Critical,Tier 3,DR,Owner Identified,210672
APP-00817,MFB-Treasury-0817,Data & Analytics,SW-0074,Informatica PowerCenter 10.5,2027-12-31,EOL within 24 months,Critical,Tier 3,Production,Owner Missing,152271
APP-00818,MFB-Retail-0818,Capital Markets,SW-0087,IBM MQ,2028-12-31,Supported,High,Tier 2,Development,Owner Missing,6329
APP-00819,MFB-Payments-0819,Data & Analytics,SW-0038,MongoDB Enterprise Advanced 6.0,2026-07-31,EOL within 12 months,Critical,Tier 4,Development,Owner Missing,52855
APP-00820,MFB-Loan-0820,Finance,SW-0071,Apache Airflow 2.7,2025-08-31,Past EOL,Critical,Tier 3,Development,Owner Missing,183109
APP-00821,MFB-Risk-0821,Data & Analytics,SW-0087,IBM MQ,2028-12-31,Supported,High,Tier 2,Development,Owner Identified,226663
APP-00822,MFB-Risk-0822,Technology,SW-0072,Databricks Runtime 13.3 LTS,2026-09-30,EOL within 12 months,High,Tier 2,Production,Owner Missing,7049
APP-00823,MFB-Treasury-0823,Risk,SW-0026,Tenable Nessus,2028-12-31,Supported,Medium,Tier 4,Production,Owner Identified,217252
APP-00824,MFB-Data-0824,Human Resources,SW-0083,ServiceNow IT Service Management,2025-11-30,Past EOL,High,Tier 2,Production,Owner Missing,213597
APP-00825,MFB-Digital-0825,Operations,SW-0083,ServiceNow IT Service Management,2025-11-30,Past EOL,High,Tier 2,Development,Owner Identified,197753
APP-00826,MFB-Data-0826,Legal & Compliance,SW-0080,SAS Viya 4,2028-12-31,Supported,Low,Tier 4,DR,Owner Missing,177799
APP-00827,MFB-Retail-0827,Risk,SW-0081,IBM SPSS Statistics 29,2028-09-30,Supported,High,Tier 1,Production,Owner Identified,196951
APP-00828,MFB-Loan-0828,Commercial Banking,SW-0025,Splunk Enterprise Security,2028-12-31,Supported,Critical,Tier 3,Production,Owner Identified,116643
APP-00829,MFB-Risk-0829,Treasury,SW-0088,Apache Tomcat,2027-03-31,EOL within 12 months,Low,Tier 3,Production,Owner Identified,36303
APP-00830,MFB-Retail-0830,Retail Banking,SW-0038,MongoDB Enterprise Advanced 6.0,2026-07-31,EOL within 12 months,Critical,Tier 1,Production,Owner Identified,81298
APP-00831,MFB-Digital-0831,Commercial Banking,SW-0033,Oracle Database 19c,2027-04-30,EOL within 12 months,High,Tier 2,Production,Owner Identified,73636
APP-00832,MFB-Wealth-0832,Finance,SW-0034,Oracle Database 21c,2025-04-30,Past EOL,High,Tier 4,Production,Owner Identified,84782
APP-00833,MFB-Payments-0833,Legal & Compliance,SW-0022,Microsoft Defender for Endpoint,2030-01-01,Supported,Critical,Tier 3,Production,Owner Missing,84605
APP-00834,MFB-Wealth-0834,Technology,SW-0022,Microsoft Defender for Endpoint,2030-01-01,Supported,High,Tier 1,Production,Owner Missing,208480
APP-00835,MFB-Loan-0835,Legal & Compliance,SW-0031,Microsoft SQL Server 2019,2030-01-08,Supported,Low,Tier 1,Production,Owner Identified,202568
APP-00836,MFB-Retail-0836,Operations,SW-0032,Microsoft SQL Server 2022,2033-01-11,Supported,High,Tier 4,Production,Owner Identified,200646
APP-00837,MFB-Treasury-0837,Risk,SW-0079,Tableau Desktop 2024.x,2027-12-31,EOL within 24 months,Critical,Tier 4,Production,Owner Identified,233174
APP-00838,MFB-Retail-0838,Risk,SW-0078,Power BI Desktop,2030-01-01,Supported,High,Tier 2,Production,Owner Identified,44587
APP-00839,MFB-Loan-0839,Capital Markets,SW-0071,Apache Airflow 2.7,2025-08-31,Past EOL,High,Tier 1,Production,Owner Identified,161894
APP-00840,MFB-Wealth-0840,Data & Analytics,SW-0034,Oracle Database 21c,2025-04-30,Past EOL,High,Tier 4,Development,Owner Identified,135343
APP-00841,MFB-Retail-0841,Data & Analytics,SW-0035,PostgreSQL 14,2026-11-12,EOL within 12 months,High,Tier 3,Production,Owner Identified,109178
APP-00842,MFB-Treasury-0842,Treasury,SW-0084,Salesforce Financial Services Cloud,2030-01-01,Supported,High,Tier 3,Production,Owner Identified,195013
APP-00843,MFB-Risk-0843,Operations,SW-0038,MongoDB Enterprise Advanced 6.0,2026-07-31,EOL within 12 months,Critical,Tier 2,Production,Owner Identified,237303
APP-00844,MFB-Loan-0844,Finance,SW-0031,Microsoft SQL Server 2019,2030-01-08,Supported,Medium,Tier 4,Production,Owner Missing,221853
APP-00845,MFB-Payments-0845,Retail Banking,SW-0035,PostgreSQL 14,2026-11-12,EOL within 12 months,High,Tier 3,Production,Owner Identified,60403
APP-00846,MFB-Payments-0846,Risk,SW-0080,SAS Viya 4,2028-12-31,Supported,High,Tier 3,DR,Owner Identified,67239
APP-00847,MFB-Wealth-0847,Treasury,SW-0032,Microsoft SQL Server 2022,2033-01-11,Supported,Low,Tier 1,Production,Owner Identified,71821
APP-00848,MFB-Risk-0848,Capital Markets,SW-0080,SAS Viya 4,2028-12-31,Supported,Critical,Tier 3,Production,Owner Missing,199667
APP-00849,MFB-Loan-0849,Operations,SW-0033,Oracle Database 19c,2027-04-30,EOL within 12 months,Critical,Tier 1,DR,Owner Identified,57545
APP-00850,MFB-Wealth-0850,Cybersecurity,SW-0022,Microsoft Defender for Endpoint,2030-01-01,Supported,Medium,Tier 1,Production,Owner Identified,205159
APP-00851,MFB-Retail-0851,Legal & Compliance,SW-0023,CrowdStrike Falcon,2030-01-01,Supported,Low,Tier 1,Production,Owner Missing,53075
APP-00852,MFB-Digital-0852,Retail Banking,SW-0072,Databricks Runtime 13.3 LTS,2026-09-30,EOL within 12 months,Critical,Tier 1,Production,Owner Missing,32815
APP-00853,MFB-Retail-0853,Commercial Banking,SW-0090,IBM WebSphere Application Server,2030-12-31,Supported,Medium,Tier 1,Production,Owner Missing,19809
APP-00854,MFB-Retail-0854,Risk,SW-0023,CrowdStrike Falcon,2030-01-01,Supported,High,Tier 4,DR,Owner Identified,55176
APP-00855,MFB-Treasury-0855,Capital Markets,SW-0082,SAP S/4HANA,2027-12-31,EOL within 24 months,High,Tier 3,Development,Owner Identified,108673
APP-00856,MFB-Payments-0856,Operations,SW-0083,ServiceNow IT Service Management,2025-11-30,Past EOL,Medium,Tier 2,Production,Owner Identified,28267
APP-00857,MFB-Treasury-0857,Technology,SW-0085,Workday Human Capital Management,2030-01-01,Supported,Medium,Tier 4,Production,Owner Identified,98799
APP-00858,MFB-Retail-0858,Cybersecurity,SW-0087,IBM MQ,2028-12-31,Supported,Critical,Tier 1,Production,Owner Missing,101314
APP-00859,MFB-Payments-0859,Human Resources,SW-0037,MySQL Community Server 8.0,2026-04-30,Past EOL,Low,Tier 2,Production,Owner Identified,29420
APP-00860,MFB-Digital-0860,Cybersecurity,SW-0030,Microsoft SQL Server 2016,2026-07-14,EOL within 12 months,High,Tier 1,Development,Owner Identified,242396
APP-00861,MFB-Retail-0861,Treasury,SW-0027,Qualys VMDR,2030-01-01,Supported,Critical,Tier 1,DR,Owner Missing,12143
APP-00862,MFB-Loan-0862,Technology,SW-0075,Apache Kafka 3.5,2026-06-30,EOL within 12 months,Critical,Tier 3,Production,Owner Identified,63142
APP-00863,MFB-Data-0863,Retail Banking,SW-0025,Splunk Enterprise Security,2028-12-31,Supported,Medium,Tier 2,Development,Owner Identified,5873
APP-00864,MFB-Digital-0864,Operations,SW-0024,CyberArk Privileged Access Manager,2028-12-31,Supported,Low,Tier 3,Development,Owner Identified,75249
APP-00865,MFB-Treasury-0865,Human Resources,SW-0031,Microsoft SQL Server 2019,2030-01-08,Supported,Medium,Tier 1,DR,Owner Missing,57705
APP-00866,MFB-Treasury-0866,Cybersecurity,SW-0089,Apache Tomcat,2028-12-31,Supported,High,Tier 1,Production,Owner Identified,9511
APP-00867,MFB-Loan-0867,Cybersecurity,SW-0072,Databricks Runtime 13.3 LTS,2026-09-30,EOL within 12 months,High,Tier 4,Development,Owner Identified,141884
APP-00868,MFB-Treasury-0868,Treasury,SW-0025,Splunk Enterprise Security,2028-12-31,Supported,Critical,Tier 3,DR,Owner Missing,61408
APP-00869,MFB-Wealth-0869,Finance,SW-0090,IBM WebSphere Application Server,2030-12-31,Supported,Medium,Tier 1,Development,Owner Identified,78030
APP-00870,MFB-Retail-0870,Finance,SW-0035,PostgreSQL 14,2026-11-12,EOL within 12 months,Medium,Tier 3,Production,Owner Missing,225083
APP-00871,MFB-Payments-0871,Capital Markets,SW-0028,Zscaler Internet Access,2030-01-01,Supported,Medium,Tier 2,DR,Owner Missing,181237
APP-00872,MFB-Retail-0872,Technology,SW-0082,SAP S/4HANA,2027-12-31,EOL within 24 months,High,Tier 1,Development,Owner Missing,127976
APP-00873,MFB-Payments-0873,Capital Markets,SW-0085,Workday Human Capital Management,2030-01-01,Supported,High,Tier 3,DR,Owner Identified,210180
APP-00874,MFB-Wealth-0874,Human Resources,SW-0080,SAS Viya 4,2028-12-31,Supported,High,Tier 3,DR,Owner Identified,140090
APP-00875,MFB-Payments-0875,Technology,SW-0023,CrowdStrike Falcon,2030-01-01,Supported,High,Tier 2,DR,Owner Identified,164871
APP-00876,MFB-Data-0876,Risk,SW-0022,Microsoft Defender for Endpoint,2030-01-01,Supported,High,Tier 3,Production,Owner Identified,9177
APP-00877,MFB-Loan-0877,Data & Analytics,SW-0075,Apache Kafka 3.5,2026-06-30,EOL within 12 months,High,Tier 3,Development,Owner Missing,122848
APP-00878,MFB-Treasury-0878,Operations,SW-0071,Apache Airflow 2.7,2025-08-31,Past EOL,High,Tier 1,Production,Owner Identified,177748
APP-00879,MFB-Ops-0879,Data & Analytics,SW-0089,Apache Tomcat,2028-12-31,Supported,High,Tier 3,Production,Owner Missing,155594
APP-00880,MFB-Loan-0880,Data & Analytics,SW-0038,MongoDB Enterprise Advanced 6.0,2026-07-31,EOL within 12 months,Critical,Tier 4,Production,Owner Identified,174441
APP-00881,MFB-Retail-0881,Capital Markets,SW-0083,ServiceNow IT Service Management,2025-11-30,Past EOL,High,Tier 4,Production,Owner Identified,58579
APP-00882,MFB-Ops-0882,Operations,SW-0028,Zscaler Internet Access,2030-01-01,Supported,High,Tier 3,Production,Owner Identified,43127
APP-00883,MFB-Payments-0883,Capital Markets,SW-0024,CyberArk Privileged Access Manager,2028-12-31,Supported,Medium,Tier 4,Production,Owner Identified,166885
APP-00884,MFB-Payments-0884,Commercial Banking,SW-0073,Azure Data Factory,2030-01-01,Supported,Critical,Tier 2,Production,Owner Missing,231893
APP-00885,MFB-Ops-0885,Human Resources,SW-0027,Qualys VMDR,2030-01-01,Supported,High,Tier 3,Production,Owner Identified,215342
APP-00886,MFB-Payments-0886,Retail Banking,SW-0030,Microsoft SQL Server 2016,2026-07-14,EOL within 12 months,High,Tier 4,Production,Owner Identified,154686
APP-00887,MFB-Digital-0887,Human Resources,SW-0030,Microsoft SQL Server 2016,2026-07-14,EOL within 12 months,Critical,Tier 4,Production,Owner Identified,11631
APP-00888,MFB-Payments-0888,Risk,SW-0078,Power BI Desktop,2030-01-01,Supported,High,Tier 2,DR,Owner Identified,201973
APP-00889,MFB-Retail-0889,Human Resources,SW-0089,Apache Tomcat,2028-12-31,Supported,High,Tier 2,DR,Owner Missing,120311
APP-00890,MFB-Risk-0890,Cybersecurity,SW-0071,Apache Airflow 2.7,2025-08-31,Past EOL,High,Tier 1,Production,Owner Missing,190866
APP-00891,MFB-Wealth-0891,Capital Markets,SW-0084,Salesforce Financial Services Cloud,2030-01-01,Supported,Critical,Tier 1,Development,Owner Missing,244626
APP-00892,MFB-Digital-0892,Capital Markets,SW-0033,Oracle Database 19c,2027-04-30,EOL within 12 months,High,Tier 3,Production,Owner Missing,189365
APP-00893,MFB-Payments-0893,Wealth Management,SW-0031,Microsoft SQL Server 2019,2030-01-08,Supported,High,Tier 2,Production,Owner Identified,76287
APP-00894,MFB-Loan-0894,Retail Banking,SW-0033,Oracle Database 19c,2027-04-30,EOL within 12 months,High,Tier 4,DR,Owner Identified,8324
APP-00895,MFB-Loan-0895,Capital Markets,SW-0023,CrowdStrike Falcon,2030-01-01,Supported,Low,Tier 4,Production,Owner Identified,103968
APP-00896,MFB-Data-0896,Human Resources,SW-0075,Apache Kafka 3.5,2026-06-30,EOL within 12 months,High,Tier 3,Development,Owner Identified,40978
APP-00897,MFB-Treasury-0897,Operations,SW-0024,CyberArk Privileged Access Manager,2028-12-31,Supported,High,Tier 2,DR,Owner Missing,202231
APP-00898,MFB-Data-0898,Cybersecurity,SW-0082,SAP S/4HANA,2027-12-31,EOL within 24 months,High,Tier 2,Development,Owner Identified,241312
APP-00899,MFB-Retail-0899,Technology,SW-0078,Power BI Desktop,2030-01-01,Supported,Critical,Tier 4,Production,Owner Identified,140306
APP-00900,MFB-Loan-0900,Retail Banking,SW-0073,Azure Data Factory,2030-01-01,Supported,Medium,Tier 4,Production,Owner Identified,81688
APP-00901,MFB-Wealth-0901,Technology,SW-0027,Qualys VMDR,2030-01-01,Supported,High,Tier 1,Production,Owner Identified,59973
APP-00902,MFB-Data-0902,Technology,SW-0083,ServiceNow IT Service Management,2025-11-30,Past EOL,High,Tier 2,Production,Owner Identified,116400
APP-00903,MFB-Ops-0903,Technology,SW-0037,MySQL Community Server 8.0,2026-04-30,Past EOL,High,Tier 4,Development,Owner Identified,131386
APP-00904,MFB-Risk-0904,Cybersecurity,SW-0079,Tableau Desktop 2024.x,2027-12-31,EOL within 24 months,Low,Tier 1,Development,Owner Identified,228520
APP-00905,MFB-Data-0905,Data & Analytics,SW-0088,Apache Tomcat,2027-03-31,EOL within 12 months,Critical,Tier 3,Production,Owner Identified,30554
APP-00906,MFB-Ops-0906,Retail Banking,SW-0036,PostgreSQL 15,2027-11-11,EOL within 24 months,High,Tier 4,Production,Owner Identified,222339
APP-00907,MFB-Digital-0907,Treasury,SW-0026,Tenable Nessus,2028-12-31,Supported,High,Tier 3,Development,Owner Identified,221105
APP-00908,MFB-Loan-0908,Risk,SW-0022,Microsoft Defender for Endpoint,2030-01-01,Supported,Critical,Tier 2,Production,Owner Identified,176959
APP-00909,MFB-Retail-0909,Finance,SW-0028,Zscaler Internet Access,2030-01-01,Supported,High,Tier 2,DR,Owner Missing,145707
APP-00910,MFB-Loan-0910,Retail Banking,SW-0090,IBM WebSphere Application Server,2030-12-31,Supported,High,Tier 4,Production,Owner Identified,25140
APP-00911,MFB-Treasury-0911,Wealth Management,SW-0078,Power BI Desktop,2030-01-01,Supported,High,Tier 2,Production,Owner Identified,175557
APP-00912,MFB-Retail-0912,Treasury,SW-0031,Microsoft SQL Server 2019,2030-01-08,Supported,High,Tier 1,Development,Owner Identified,47119
APP-00913,MFB-Risk-0913,Human Resources,SW-0072,Databricks Runtime 13.3 LTS,2026-09-30,EOL within 12 months,Medium,Tier 2,Development,Owner Identified,156557
APP-00914,MFB-Ops-0914,Technology,SW-0028,Zscaler Internet Access,2030-01-01,Supported,High,Tier 3,Production,Owner Missing,79684
APP-00915,MFB-Retail-0915,Human Resources,SW-0037,MySQL Community Server 8.0,2026-04-30,Past EOL,High,Tier 1,Production,Owner Missing,22805
APP-00916,MFB-Wealth-0916,Technology,SW-0083,ServiceNow IT Service Management,2025-11-30,Past EOL,High,Tier 1,Production,Owner Identified,126668
APP-00917,MFB-Ops-0917,Legal & Compliance,SW-0030,Microsoft SQL Server 2016,2026-07-14,EOL within 12 months,Low,Tier 2,Production,Owner Identified,11055
APP-00918,MFB-Data-0918,Legal & Compliance,SW-0035,PostgreSQL 14,2026-11-12,EOL within 12 months,High,Tier 2,Development,Owner Identified,123090
APP-00919,MFB-Ops-0919,Treasury,SW-0082,SAP S/4HANA,2027-12-31,EOL within 24 months,Medium,Tier 3,Production,Owner Identified,134788
APP-00920,MFB-Loan-0920,Technology,SW-0072,Databricks Runtime 13.3 LTS,2026-09-30,EOL within 12 months,Medium,Tier 4,Production,Owner Missing,85043
APP-00921,MFB-Wealth-0921,Treasury,SW-0091,Oracle WebLogic Server,2027-12-31,EOL within 24 months,Critical,Tier 1,DR,Owner Missing,230727
APP-00922,MFB-Risk-0922,Technology,SW-0085,Workday Human Capital Management,2030-01-01,Supported,Medium,Tier 4,Production,Owner Missing,187557
APP-00923,MFB-Risk-0923,Treasury,SW-0084,Salesforce Financial Services Cloud,2030-01-01,Supported,Critical,Tier 4,DR,Owner Identified,161630
APP-00924,MFB-Wealth-0924,Treasury,SW-0031,Microsoft SQL Server 2019,2030-01-08,Supported,High,Tier 4,Production,Owner Identified,151577
APP-00925,MFB-Digital-0925,Wealth Management,SW-0078,Power BI Desktop,2030-01-01,Supported,High,Tier 2,Production,Owner Identified,101732
APP-00926,MFB-Digital-0926,Human Resources,SW-0038,MongoDB Enterprise Advanced 6.0,2026-07-31,EOL within 12 months,Critical,Tier 3,DR,Owner Identified,106124
APP-00927,MFB-Payments-0927,Retail Banking,SW-0032,Microsoft SQL Server 2022,2033-01-11,Supported,High,Tier 4,Production,Owner Identified,95832
APP-00928,MFB-Data-0928,Cybersecurity,SW-0086,MuleSoft Anypoint Platform,2030-01-01,Supported,Medium,Tier 1,Development,Owner Identified,56441
APP-00929,MFB-Retail-0929,Treasury,SW-0038,MongoDB Enterprise Advanced 6.0,2026-07-31,EOL within 12 months,High,Tier 1,DR,Owner Missing,83389
APP-00930,MFB-Risk-0930,Capital Markets,SW-0074,Informatica PowerCenter 10.5,2027-12-31,EOL within 24 months,High,Tier 1,Development,Owner Identified,142997
APP-00931,MFB-Loan-0931,Risk,SW-0035,PostgreSQL 14,2026-11-12,EOL within 12 months,High,Tier 1,DR,Owner Missing,48006
APP-00932,MFB-Digital-0932,Human Resources,SW-0072,Databricks Runtime 13.3 LTS,2026-09-30,EOL within 12 months,Critical,Tier 1,DR,Owner Identified,192284
APP-00933,MFB-Loan-0933,Legal & Compliance,SW-0034,Oracle Database 21c,2025-04-30,Past EOL,Medium,Tier 1,Development,Owner Identified,63901
APP-00934,MFB-Ops-0934,Data & Analytics,SW-0037,MySQL Community Server 8.0,2026-04-30,Past EOL,Medium,Tier 3,Production,Owner Missing,15576
APP-00935,MFB-Payments-0935,Cybersecurity,SW-0082,SAP S/4HANA,2027-12-31,EOL within 24 months,High,Tier 3,Development,Owner Missing,115410
APP-00936,MFB-Payments-0936,Legal & Compliance,SW-0074,Informatica PowerCenter 10.5,2027-12-31,EOL within 24 months,Critical,Tier 4,Production,Owner Identified,126599
APP-00937,MFB-Digital-0937,Operations,SW-0087,IBM MQ,2028-12-31,Supported,Critical,Tier 2,Development,Owner Identified,247846
APP-00938,MFB-Risk-0938,Cybersecurity,SW-0088,Apache Tomcat,2027-03-31,EOL within 12 months,Critical,Tier 4,Development,Owner Missing,7722
APP-00939,MFB-Wealth-0939,Risk,SW-0035,PostgreSQL 14,2026-11-12,EOL within 12 months,High,Tier 1,Development,Owner Identified,214530
APP-00940,MFB-Retail-0940,Legal & Compliance,SW-0037,MySQL Community Server 8.0,2026-04-30,Past EOL,Critical,Tier 3,Production,Owner Identified,190545
APP-00941,MFB-Payments-0941,Treasury,SW-0024,CyberArk Privileged Access Manager,2028-12-31,Supported,High,Tier 2,Production,Owner Missing,80600
APP-00942,MFB-Treasury-0942,Operations,SW-0025,Splunk Enterprise Security,2028-12-31,Supported,High,Tier 1,Production,Owner Missing,199843
APP-00943,MFB-Risk-0943,Retail Banking,SW-0025,Splunk Enterprise Security,2028-12-31,Supported,Medium,Tier 4,Development,Owner Identified,96912
APP-00944,MFB-Digital-0944,Risk,SW-0036,PostgreSQL 15,2027-11-11,EOL within 24 months,Low,Tier 3,Production,Owner Identified,20193
APP-00945,MFB-Wealth-0945,Finance,SW-0085,Workday Human Capital Management,2030-01-01,Supported,Critical,Tier 1,DR,Owner Identified,82664
APP-00946,MFB-Wealth-0946,Retail Banking,SW-0025,Splunk Enterprise Security,2028-12-31,Supported,High,Tier 1,Development,Owner Identified,177241
APP-00947,MFB-Retail-0947,Legal & Compliance,SW-0034,Oracle Database 21c,2025-04-30,Past EOL,High,Tier 1,Production,Owner Identified,182595
APP-00948,MFB-Retail-0948,Human Resources,SW-0031,Microsoft SQL Server 2019,2030-01-08,Supported,Critical,Tier 3,Production,Owner Identified,133013
APP-00949,MFB-Payments-0949,Capital Markets,SW-0083,ServiceNow IT Service Management,2025-11-30,Past EOL,Medium,Tier 1,Production,Owner Identified,18485
APP-00950,MFB-Payments-0950,Human Resources,SW-0073,Azure Data Factory,2030-01-01,Supported,High,Tier 4,Production,Owner Identified,93774
APP-00951,MFB-Retail-0951,Human Resources,SW-0037,MySQL Community Server 8.0,2026-04-30,Past EOL,Critical,Tier 3,Development,Owner Identified,102073
APP-00952,MFB-Digital-0952,Risk,SW-0090,IBM WebSphere Application Server,2030-12-31,Supported,Medium,Tier 2,DR,Owner Missing,64130
APP-00953,MFB-Data-0953,Treasury,SW-0030,Microsoft SQL Server 2016,2026-07-14,EOL within 12 months,Medium,Tier 1,Development,Owner Identified,248034
APP-00954,MFB-Wealth-0954,Legal & Compliance,SW-0086,MuleSoft Anypoint Platform,2030-01-01,Supported,Low,Tier 1,Production,Owner Identified,113275
APP-00955,MFB-Wealth-0955,Wealth Management,SW-0079,Tableau Desktop 2024.x,2027-12-31,EOL within 24 months,High,Tier 3,Development,Owner Identified,83547
APP-00956,MFB-Data-0956,Risk,SW-0037,MySQL Community Server 8.0,2026-04-30,Past EOL,Medium,Tier 1,Development,Owner Identified,77514
APP-00957,MFB-Wealth-0957,Operations,SW-0089,Apache Tomcat,2028-12-31,Supported,High,Tier 1,Production,Owner Identified,57304
APP-00958,MFB-Loan-0958,Human Resources,SW-0071,Apache Airflow 2.7,2025-08-31,Past EOL,Critical,Tier 2,Development,Owner Identified,60644
APP-00959,MFB-Risk-0959,Technology,SW-0087,IBM MQ,2028-12-31,Supported,High,Tier 3,Development,Owner Missing,224617
APP-00960,MFB-Payments-0960,Finance,SW-0083,ServiceNow IT Service Management,2025-11-30,Past EOL,Critical,Tier 2,Production,Owner Missing,181814
APP-00961,MFB-Wealth-0961,Finance,SW-0081,IBM SPSS Statistics 29,2028-09-30,Supported,High,Tier 3,Development,Owner Identified,138590
APP-00962,MFB-Retail-0962,Commercial Banking,SW-0034,Oracle Database 21c,2025-04-30,Past EOL,Critical,Tier 2,DR,Owner Identified,228495
APP-00963,MFB-Data-0963,Retail Banking,SW-0074,Informatica PowerCenter 10.5,2027-12-31,EOL within 24 months,High,Tier 4,Production,Owner Identified,45376
APP-00964,MFB-Risk-0964,Wealth Management,SW-0073,Azure Data Factory,2030-01-01,Supported,High,Tier 3,Production,Owner Identified,158556
APP-00965,MFB-Digital-0965,Operations,SW-0035,PostgreSQL 14,2026-11-12,EOL within 12 months,Medium,Tier 2,DR,Owner Missing,99068
APP-00966,MFB-Ops-0966,Commercial Banking,SW-0033,Oracle Database 19c,2027-04-30,EOL within 12 months,High,Tier 3,DR,Owner Identified,132569
APP-00967,MFB-Retail-0967,Capital Markets,SW-0032,Microsoft SQL Server 2022,2033-01-11,Supported,High,Tier 3,Production,Owner Identified,102077
APP-00968,MFB-Wealth-0968,Retail Banking,SW-0083,ServiceNow IT Service Management,2025-11-30,Past EOL,High,Tier 4,Development,Owner Identified,50493
APP-00969,MFB-Ops-0969,Wealth Management,SW-0036,PostgreSQL 15,2027-11-11,EOL within 24 months,Medium,Tier 3,DR,Owner Identified,157555
APP-00970,MFB-Loan-0970,Cybersecurity,SW-0090,IBM WebSphere Application Server,2030-12-31,Supported,Critical,Tier 1,DR,Owner Identified,117800
APP-00971,MFB-Payments-0971,Wealth Management,SW-0088,Apache Tomcat,2027-03-31,EOL within 12 months,High,Tier 4,Production,Owner Missing,26967
APP-00972,MFB-Retail-0972,Data & Analytics,SW-0081,IBM SPSS Statistics 29,2028-09-30,Supported,Medium,Tier 4,Production,Owner Missing,182621
APP-00973,MFB-Ops-0973,Treasury,SW-0032,Microsoft SQL Server 2022,2033-01-11,Supported,High,Tier 3,Development,Owner Identified,79197
APP-00974,MFB-Risk-0974,Cybersecurity,SW-0086,MuleSoft Anypoint Platform,2030-01-01,Supported,High,Tier 4,DR,Owner Missing,74083
APP-00975,MFB-Treasury-0975,Technology,SW-0032,Microsoft SQL Server 2022,2033-01-11,Supported,Critical,Tier 2,Production,Owner Missing,193069
APP-00976,MFB-Ops-0976,Operations,SW-0071,Apache Airflow 2.7,2025-08-31,Past EOL,Critical,Tier 2,DR,Owner Identified,152224
APP-00977,MFB-Retail-0977,Commercial Banking,SW-0090,IBM WebSphere Application Server,2030-12-31,Supported,High,Tier 1,Production,Owner Identified,186600
APP-00978,MFB-Treasury-0978,Treasury,SW-0027,Qualys VMDR,2030-01-01,Supported,Low,Tier 4,Production,Owner Identified,72017
APP-00979,MFB-Risk-0979,Finance,SW-0078,Power BI Desktop,2030-01-01,Supported,High,Tier 4,DR,Owner Identified,192776
APP-00980,MFB-Payments-0980,Treasury,SW-0074,Informatica PowerCenter 10.5,2027-12-31,EOL within 24 months,Medium,Tier 4,DR,Owner Identified,121051
APP-00981,MFB-Retail-0981,Commercial Banking,SW-0022,Microsoft Defender for Endpoint,2030-01-01,Supported,Medium,Tier 2,DR,Owner Identified,45019
APP-00982,MFB-Treasury-0982,Operations,SW-0034,Oracle Database 21c,2025-04-30,Past EOL,Critical,Tier 2,Development,Owner Missing,203128
APP-00983,MFB-Wealth-0983,Human Resources,SW-0034,Oracle Database 21c,2025-04-30,Past EOL,Low,Tier 2,Development,Owner Missing,18823
APP-00984,MFB-Risk-0984,Treasury,SW-0034,Oracle Database 21c,2025-04-30,Past EOL,Medium,Tier 2,Production,Owner Missing,176799
APP-00985,MFB-Wealth-0985,Capital Markets,SW-0078,Power BI Desktop,2030-01-01,Supported,High,Tier 2,Production,Owner Identified,161141
APP-00986,MFB-Payments-0986,Capital Markets,SW-0087,IBM MQ,2028-12-31,Supported,Low,Tier 2,Development,Owner Identified,124456
APP-00987,MFB-Digital-0987,Risk,SW-0034,Oracle Database 21c,2025-04-30,Past EOL,High,Tier 1,Production,Owner Missing,125345
APP-00988,MFB-Treasury-0988,Cybersecurity,SW-0086,MuleSoft Anypoint Platform,2030-01-01,Supported,High,Tier 3,Production,Owner Identified,81338
APP-00989,MFB-Payments-0989,Capital Markets,SW-0023,CrowdStrike Falcon,2030-01-01,Supported,High,Tier 2,Production,Owner Identified,207965
APP-00990,MFB-Wealth-0990,Capital Markets,SW-0073,Azure Data Factory,2030-01-01,Supported,Medium,Tier 4,Production,Owner Identified,59932
APP-00991,MFB-Risk-0991,Human Resources,SW-0082,SAP S/4HANA,2027-12-31,EOL within 24 months,Critical,Tier 3,Production,Owner Missing,7490
APP-00992,MFB-Data-0992,Commercial Banking,SW-0078,Power BI Desktop,2030-01-01,Supported,High,Tier 2,Development,Owner Identified,184606
APP-00993,MFB-Digital-0993,Treasury,SW-0036,PostgreSQL 15,2027-11-11,EOL within 24 months,Medium,Tier 3,Production,Owner Missing,85320
APP-00994,MFB-Data-0994,Risk,SW-0034,Oracle Database 21c,2025-04-30,Past EOL,High,Tier 1,Production,Owner Missing,131723
APP-00995,MFB-Risk-0995,Technology,SW-0031,Microsoft SQL Server 2019,2030-01-08,Supported,Critical,Tier 4,Development,Owner Identified,243072
APP-00996,MFB-Treasury-0996,Wealth Management,SW-0072,Databricks Runtime 13.3 LTS,2026-09-30,EOL within 12 months,High,Tier 1,Development,Owner Identified,218502
APP-00997,MFB-Loan-0997,Capital Markets,SW-0036,PostgreSQL 15,2027-11-11,EOL within 24 months,Medium,Tier 4,Production,Owner Missing,84179
APP-00998,MFB-Digital-0998,Operations,SW-0027,Qualys VMDR,2030-01-01,Supported,Low,Tier 3,Production,Owner Identified,125068
APP-00999,MFB-Data-0999,Commercial Banking,SW-0086,MuleSoft Anypoint Platform,2030-01-01,Supported,Medium,Tier 3,DR,Owner Identified,15279
APP-01000,MFB-Risk-1000,Human Resources,SW-0037,MySQL Community Server 8.0,2026-04-30,Past EOL,High,Tier 4,Development,Owner Missing,17566
APP-01001,MFB-Data-1001,Cybersecurity,SW-0026,Tenable Nessus,2028-12-31,Supported,High,Tier 4,Development,Owner Identified,70543
APP-01002,MFB-Loan-1002,Human Resources,SW-0032,Microsoft SQL Server 2022,2033-01-11,Supported,Critical,Tier 3,Development,Owner Identified,125895
APP-01003,MFB-Treasury-1003,Wealth Management,SW-0023,CrowdStrike Falcon,2030-01-01,Supported,Critical,Tier 3,Development,Owner Identified,87412
APP-01004,MFB-Treasury-1004,Legal & Compliance,SW-0088,Apache Tomcat,2027-03-31,EOL within 12 months,Critical,Tier 2,DR,Owner Identified,156913
APP-01005,MFB-Digital-1005,Finance,SW-0087,IBM MQ,2028-12-31,Supported,High,Tier 2,Production,Owner Identified,141946
APP-01006,MFB-Risk-1006,Cybersecurity,SW-0026,Tenable Nessus,2028-12-31,Supported,High,Tier 2,Development,Owner Identified,69122
APP-01007,MFB-Treasury-1007,Risk,SW-0072,Databricks Runtime 13.3 LTS,2026-09-30,EOL within 12 months,Medium,Tier 3,Production,Owner Identified,12791
APP-01008,MFB-Digital-1008,Cybersecurity,SW-0078,Power BI Desktop,2030-01-01,Supported,Medium,Tier 3,Production,Owner Missing,193422
APP-01009,MFB-Treasury-1009,Risk,SW-0087,IBM MQ,2028-12-31,Supported,Critical,Tier 3,Production,Owner Identified,124497
APP-01010,MFB-Treasury-1010,Commercial Banking,SW-0027,Qualys VMDR,2030-01-01,Supported,High,Tier 3,Development,Owner Identified,211213
APP-01011,MFB-Digital-1011,Finance,SW-0072,Databricks Runtime 13.3 LTS,2026-09-30,EOL within 12 months,High,Tier 2,DR,Owner Identified,69819
APP-01012,MFB-Risk-1012,Commercial Banking,SW-0033,Oracle Database 19c,2027-04-30,EOL within 12 months,High,Tier 1,Production,Owner Identified,75212
APP-01013,MFB-Risk-1013,Retail Banking,SW-0025,Splunk Enterprise Security,2028-12-31,Supported,High,Tier 1,DR,Owner Identified,103808
APP-01014,MFB-Retail-1014,Commercial Banking,SW-0088,Apache Tomcat,2027-03-31,EOL within 12 months,Medium,Tier 3,Development,Owner Identified,223072
APP-01015,MFB-Data-1015,Wealth Management,SW-0022,Microsoft Defender for Endpoint,2030-01-01,Supported,High,Tier 4,Development,Owner Identified,198964
APP-01016,MFB-Data-1016,Capital Markets,SW-0089,Apache Tomcat,2028-12-31,Supported,High,Tier 4,Production,Owner Missing,208835
APP-01017,MFB-Wealth-1017,Operations,SW-0090,IBM WebSphere Application Server,2030-12-31,Supported,High,Tier 2,Production,Owner Missing,5531
APP-01018,MFB-Retail-1018,Risk,SW-0027,Qualys VMDR,2030-01-01,Supported,Critical,Tier 2,DR,Owner Identified,39752
APP-01019,MFB-Retail-1019,Data & Analytics,SW-0073,Azure Data Factory,2030-01-01,Supported,Critical,Tier 3,DR,Owner Identified,168376
APP-01020,MFB-Ops-1020,Cybersecurity,SW-0084,Salesforce Financial Services Cloud,2030-01-01,Supported,Low,Tier 4,Production,Owner Identified,169530
APP-01021,MFB-Digital-1021,Human Resources,SW-0089,Apache Tomcat,2028-12-31,Supported,Medium,Tier 3,DR,Owner Missing,83272
APP-01022,MFB-Risk-1022,Operations,SW-0075,Apache Kafka 3.5,2026-06-30,EOL within 12 months,High,Tier 2,DR,Owner Identified,128022
APP-01023,MFB-Treasury-1023,Legal & Compliance,SW-0073,Azure Data Factory,2030-01-01,Supported,High,Tier 2,DR,Owner Identified,107264
APP-01024,MFB-Payments-1024,Cybersecurity,SW-0036,PostgreSQL 15,2027-11-11,EOL within 24 months,Critical,Tier 4,Development,Owner Identified,140728
APP-01025,MFB-Data-1025,Retail Banking,SW-0091,Oracle WebLogic Server,2027-12-31,EOL within 24 months,High,Tier 2,Development,Owner Identified,23273
APP-01026,MFB-Digital-1026,Operations,SW-0079,Tableau Desktop 2024.x,2027-12-31,EOL within 24 months,Low,Tier 3,DR,Owner Identified,188512
APP-01027,MFB-Data-1027,Data & Analytics,SW-0031,Microsoft SQL Server 2019,2030-01-08,Supported,Medium,Tier 2,DR,Owner Identified,198454
APP-01028,MFB-Data-1028,Risk,SW-0032,Microsoft SQL Server 2022,2033-01-11,Supported,Medium,Tier 4,Production,Owner Identified,189487
APP-01029,MFB-Risk-1029,Risk,SW-0032,Microsoft SQL Server 2022,2033-01-11,Supported,Critical,Tier 4,Production,Owner Identified,228894
APP-01030,MFB-Data-1030,Treasury,SW-0084,Salesforce Financial Services Cloud,2030-01-01,Supported,Medium,Tier 4,Production,Owner Identified,78884
APP-01031,MFB-Ops-1031,Cybersecurity,SW-0026,Tenable Nessus,2028-12-31,Supported,High,Tier 4,Production,Owner Identified,88854
APP-01032,MFB-Risk-1032,Operations,SW-0086,MuleSoft Anypoint Platform,2030-01-01,Supported,Critical,Tier 2,Production,Owner Identified,54352
APP-01033,MFB-Digital-1033,Risk,SW-0074,Informatica PowerCenter 10.5,2027-12-31,EOL within 24 months,High,Tier 1,DR,Owner Missing,129587
APP-01034,MFB-Payments-1034,Wealth Management,SW-0072,Databricks Runtime 13.3 LTS,2026-09-30,EOL within 12 months,Critical,Tier 4,DR,Owner Identified,231099
APP-01035,MFB-Risk-1035,Treasury,SW-0030,Microsoft SQL Server 2016,2026-07-14,EOL within 12 months,Critical,Tier 4,DR,Owner Missing,41723
APP-01036,MFB-Ops-1036,Capital Markets,SW-0084,Salesforce Financial Services Cloud,2030-01-01,Supported,High,Tier 1,DR,Owner Identified,205590
APP-01037,MFB-Wealth-1037,Commercial Banking,SW-0090,IBM WebSphere Application Server,2030-12-31,Supported,Critical,Tier 2,DR,Owner Missing,136360
APP-01038,MFB-Risk-1038,Technology,SW-0035,PostgreSQL 14,2026-11-12,EOL within 12 months,Medium,Tier 3,Production,Owner Identified,207405
APP-01039,MFB-Ops-1039,Legal & Compliance,SW-0091,Oracle WebLogic Server,2027-12-31,EOL within 24 months,Medium,Tier 1,Production,Owner Identified,106546
APP-01040,MFB-Treasury-1040,Technology,SW-0038,MongoDB Enterprise Advanced 6.0,2026-07-31,EOL within 12 months,High,Tier 4,Production,Owner Missing,30959
APP-01041,MFB-Retail-1041,Data & Analytics,SW-0037,MySQL Community Server 8.0,2026-04-30,Past EOL,Critical,Tier 4,Production,Owner Identified,34354
APP-01042,MFB-Wealth-1042,Capital Markets,SW-0028,Zscaler Internet Access,2030-01-01,Supported,Critical,Tier 4,DR,Owner Identified,123629
APP-01043,MFB-Loan-1043,Treasury,SW-0085,Workday Human Capital Management,2030-01-01,Supported,High,Tier 3,Production,Owner Identified,26220
APP-01044,MFB-Loan-1044,Retail Banking,SW-0075,Apache Kafka 3.5,2026-06-30,EOL within 12 months,High,Tier 1,DR,Owner Identified,124417
APP-01045,MFB-Data-1045,Commercial Banking,SW-0071,Apache Airflow 2.7,2025-08-31,Past EOL,Critical,Tier 2,Development,Owner Identified,243252
APP-01046,MFB-Risk-1046,Capital Markets,SW-0087,IBM MQ,2028-12-31,Supported,Critical,Tier 1,Production,Owner Identified,193821
APP-01047,MFB-Treasury-1047,Capital Markets,SW-0025,Splunk Enterprise Security,2028-12-31,Supported,Low,Tier 3,Production,Owner Missing,19847
APP-01048,MFB-Payments-1048,Legal & Compliance,SW-0028,Zscaler Internet Access,2030-01-01,Supported,High,Tier 1,DR,Owner Identified,6055
APP-01049,MFB-Risk-1049,Wealth Management,SW-0036,PostgreSQL 15,2027-11-11,EOL within 24 months,High,Tier 4,DR,Owner Identified,174699
APP-01050,MFB-Wealth-1050,Legal & Compliance,SW-0071,Apache Airflow 2.7,2025-08-31,Past EOL,High,Tier 4,Production,Owner Identified,247106
APP-01051,MFB-Risk-1051,Treasury,SW-0073,Azure Data Factory,2030-01-01,Supported,Critical,Tier 3,Production,Owner Identified,201373
APP-01052,MFB-Data-1052,Finance,SW-0032,Microsoft SQL Server 2022,2033-01-11,Supported,Low,Tier 3,DR,Owner Identified,7458
APP-01053,MFB-Loan-1053,Cybersecurity,SW-0078,Power BI Desktop,2030-01-01,Supported,High,Tier 4,Development,Owner Missing,192929
APP-01054,MFB-Data-1054,Operations,SW-0034,Oracle Database 21c,2025-04-30,Past EOL,Medium,Tier 4,Production,Owner Missing,241249
APP-01055,MFB-Ops-1055,Commercial Banking,SW-0085,Workday Human Capital Management,2030-01-01,Supported,Critical,Tier 1,Development,Owner Identified,230380
APP-01056,MFB-Data-1056,Cybersecurity,SW-0075,Apache Kafka 3.5,2026-06-30,EOL within 12 months,Low,Tier 2,Production,Owner Identified,117054
APP-01057,MFB-Payments-1057,Technology,SW-0083,ServiceNow IT Service Management,2025-11-30,Past EOL,Critical,Tier 2,Development,Owner Missing,31652
APP-01058,MFB-Wealth-1058,Treasury,SW-0034,Oracle Database 21c,2025-04-30,Past EOL,Critical,Tier 3,DR,Owner Identified,47230
APP-01059,MFB-Payments-1059,Cybersecurity,SW-0083,ServiceNow IT Service Management,2025-11-30,Past EOL,Critical,Tier 1,Production,Owner Missing,184174
APP-01060,MFB-Data-1060,Commercial Banking,SW-0089,Apache Tomcat,2028-12-31,Supported,High,Tier 4,Production,Owner Missing,29070
APP-01061,MFB-Wealth-1061,Retail Banking,SW-0084,Salesforce Financial Services Cloud,2030-01-01,Supported,Low,Tier 3,Development,Owner Missing,241573
APP-01062,MFB-Retail-1062,Human Resources,SW-0088,Apache Tomcat,2027-03-31,EOL within 12 months,High,Tier 2,Development,Owner Identified,189736
APP-01063,MFB-Payments-1063,Treasury,SW-0024,CyberArk Privileged Access Manager,2028-12-31,Supported,High,Tier 4,Development,Owner Missing,13742
APP-01064,MFB-Treasury-1064,Cybersecurity,SW-0086,MuleSoft Anypoint Platform,2030-01-01,Supported,High,Tier 4,DR,Owner Identified,20290
APP-01065,MFB-Wealth-1065,Wealth Management,SW-0025,Splunk Enterprise Security,2028-12-31,Supported,Medium,Tier 1,Production,Owner Identified,92307
APP-01066,MFB-Treasury-1066,Wealth Management,SW-0025,Splunk Enterprise Security,2028-12-31,Supported,Low,Tier 3,Development,Owner Identified,87944
APP-01067,MFB-Retail-1067,Cybersecurity,SW-0023,CrowdStrike Falcon,2030-01-01,Supported,Critical,Tier 3,DR,Owner Identified,47942
APP-01068,MFB-Treasury-1068,Finance,SW-0082,SAP S/4HANA,2027-12-31,EOL within 24 months,High,Tier 2,Production,Owner Identified,66130
APP-01069,MFB-Digital-1069,Treasury,SW-0030,Microsoft SQL Server 2016,2026-07-14,EOL within 12 months,High,Tier 1,Production,Owner Identified,224521
APP-01070,MFB-Payments-1070,Wealth Management,SW-0082,SAP S/4HANA,2027-12-31,EOL within 24 months,Low,Tier 2,DR,Owner Identified,138524
APP-01071,MFB-Wealth-1071,Treasury,SW-0027,Qualys VMDR,2030-01-01,Supported,High,Tier 4,Production,Owner Identified,171666
APP-01072,MFB-Retail-1072,Operations,SW-0079,Tableau Desktop 2024.x,2027-12-31,EOL within 24 months,High,Tier 1,DR,Owner Identified,138297
APP-01073,MFB-Ops-1073,Technology,SW-0022,Microsoft Defender for Endpoint,2030-01-01,Supported,High,Tier 4,Development,Owner Missing,149349
APP-01074,MFB-Treasury-1074,Commercial Banking,SW-0036,PostgreSQL 15,2027-11-11,EOL within 24 months,High,Tier 4,Production,Owner Identified,234448
APP-01075,MFB-Data-1075,Legal & Compliance,SW-0023,CrowdStrike Falcon,2030-01-01,Supported,Critical,Tier 4,Production,Owner Missing,65198
APP-01076,MFB-Risk-1076,Legal & Compliance,SW-0025,Splunk Enterprise Security,2028-12-31,Supported,Critical,Tier 4,Development,Owner Identified,12847
APP-01077,MFB-Risk-1077,Capital Markets,SW-0075,Apache Kafka 3.5,2026-06-30,EOL within 12 months,Critical,Tier 3,Development,Owner Identified,108569
APP-01078,MFB-Wealth-1078,Wealth Management,SW-0079,Tableau Desktop 2024.x,2027-12-31,EOL within 24 months,Medium,Tier 2,Production,Owner Missing,14073
APP-01079,MFB-Data-1079,Finance,SW-0086,MuleSoft Anypoint Platform,2030-01-01,Supported,Medium,Tier 1,Development,Owner Identified,165013
APP-01080,MFB-Ops-1080,Retail Banking,SW-0080,SAS Viya 4,2028-12-31,Supported,High,Tier 2,Development,Owner Missing,134329
APP-01081,MFB-Loan-1081,Technology,SW-0027,Qualys VMDR,2030-01-01,Supported,Critical,Tier 1,Production,Owner Identified,210724
APP-01082,MFB-Ops-1082,Commercial Banking,SW-0038,MongoDB Enterprise Advanced 6.0,2026-07-31,EOL within 12 months,Medium,Tier 3,Production,Owner Identified,148118
APP-01083,MFB-Ops-1083,Capital Markets,SW-0032,Microsoft SQL Server 2022,2033-01-11,Supported,Medium,Tier 3,Production,Owner Missing,100711
APP-01084,MFB-Retail-1084,Treasury,SW-0025,Splunk Enterprise Security,2028-12-31,Supported,Critical,Tier 3,Production,Owner Identified,37761
APP-01085,MFB-Retail-1085,Cybersecurity,SW-0084,Salesforce Financial Services Cloud,2030-01-01,Supported,Critical,Tier 4,Production,Owner Identified,247244
APP-01086,MFB-Digital-1086,Wealth Management,SW-0084,Salesforce Financial Services Cloud,2030-01-01,Supported,Critical,Tier 3,Production,Owner Identified,7293
APP-01087,MFB-Ops-1087,Commercial Banking,SW-0033,Oracle Database 19c,2027-04-30,EOL within 12 months,Critical,Tier 1,Development,Owner Identified,130387
APP-01088,MFB-Retail-1088,Retail Banking,SW-0078,Power BI Desktop,2030-01-01,Supported,Critical,Tier 1,Production,Owner Missing,57067
APP-01089,MFB-Treasury-1089,Legal & Compliance,SW-0027,Qualys VMDR,2030-01-01,Supported,High,Tier 1,DR,Owner Missing,105326
APP-01090,MFB-Data-1090,Legal & Compliance,SW-0071,Apache Airflow 2.7,2025-08-31,Past EOL,Low,Tier 1,DR,Owner Missing,142086
APP-01091,MFB-Treasury-1091,Operations,SW-0078,Power BI Desktop,2030-01-01,Supported,Critical,Tier 2,Development,Owner Missing,211284
APP-01092,MFB-Treasury-1092,Data & Analytics,SW-0024,CyberArk Privileged Access Manager,2028-12-31,Supported,High,Tier 4,Production,Owner Identified,88629
APP-01093,MFB-Data-1093,Risk,SW-0083,ServiceNow IT Service Management,2025-11-30,Past EOL,High,Tier 1,Production,Owner Identified,128967
APP-01094,MFB-Wealth-1094,Treasury,SW-0079,Tableau Desktop 2024.x,2027-12-31,EOL within 24 months,Medium,Tier 1,DR,Owner Missing,116263
APP-01095,MFB-Retail-1095,Retail Banking,SW-0078,Power BI Desktop,2030-01-01,Supported,Medium,Tier 3,Development,Owner Missing,161145
APP-01096,MFB-Wealth-1096,Wealth Management,SW-0086,MuleSoft Anypoint Platform,2030-01-01,Supported,Critical,Tier 4,Development,Owner Identified,227697
APP-01097,MFB-Ops-1097,Legal & Compliance,SW-0083,ServiceNow IT Service Management,2025-11-30,Past EOL,Critical,Tier 1,DR,Owner Missing,83476
APP-01098,MFB-Ops-1098,Commercial Banking,SW-0080,SAS Viya 4,2028-12-31,Supported,Critical,Tier 2,DR,Owner Identified,6454
APP-01099,MFB-Treasury-1099,Human Resources,SW-0081,IBM SPSS Statistics 29,2028-09-30,Supported,Medium,Tier 1,Development,Owner Missing,44745
APP-01100,MFB-Loan-1100,Treasury,SW-0022,Microsoft Defender for Endpoint,2030-01-01,Supported,Critical,Tier 4,Development,Owner Identified,63682
APP-01101,MFB-Loan-1101,Human Resources,SW-0024,CyberArk Privileged Access Manager,2028-12-31,Supported,Low,Tier 4,DR,Owner Identified,22631
APP-01102,MFB-Risk-1102,Technology,SW-0072,Databricks Runtime 13.3 LTS,2026-09-30,EOL within 12 months,Medium,Tier 2,DR,Owner Identified,107622
APP-01103,MFB-Ops-1103,Operations,SW-0030,Microsoft SQL Server 2016,2026-07-14,EOL within 12 months,Critical,Tier 1,DR,Owner Missing,234018
APP-01104,MFB-Retail-1104,Legal & Compliance,SW-0030,Microsoft SQL Server 2016,2026-07-14,EOL within 12 months,Critical,Tier 1,Production,Owner Identified,187003
APP-01105,MFB-Retail-1105,Finance,SW-0030,Microsoft SQL Server 2016,2026-07-14,EOL within 12 months,Low,Tier 1,DR,Owner Identified,139141
APP-01106,MFB-Retail-1106,Legal & Compliance,SW-0080,SAS Viya 4,2028-12-31,Supported,High,Tier 2,DR,Owner Missing,28137
APP-01107,MFB-Ops-1107,Commercial Banking,SW-0033,Oracle Database 19c,2027-04-30,EOL within 12 months,Medium,Tier 2,DR,Owner Identified,199728
APP-01108,MFB-Payments-1108,Wealth Management,SW-0022,Microsoft Defender for Endpoint,2030-01-01,Supported,Critical,Tier 2,Development,Owner Identified,118428
APP-01109,MFB-Payments-1109,Data & Analytics,SW-0088,Apache Tomcat,2027-03-31,EOL within 12 months,Critical,Tier 3,Production,Owner Missing,106678
APP-01110,MFB-Risk-1110,Wealth Management,SW-0071,Apache Airflow 2.7,2025-08-31,Past EOL,Medium,Tier 3,Development,Owner Identified,125323
APP-01111,MFB-Retail-1111,Capital Markets,SW-0031,Microsoft SQL Server 2019,2030-01-08,Supported,Critical,Tier 3,DR,Owner Identified,225048
APP-01112,MFB-Retail-1112,Commercial Banking,SW-0088,Apache Tomcat,2027-03-31,EOL within 12 months,Critical,Tier 1,Production,Owner Missing,55019
APP-01113,MFB-Loan-1113,Legal & Compliance,SW-0084,Salesforce Financial Services Cloud,2030-01-01,Supported,High,Tier 3,Production,Owner Identified,22546
APP-01114,MFB-Payments-1114,Capital Markets,SW-0085,Workday Human Capital Management,2030-01-01,Supported,Low,Tier 2,Development,Owner Identified,77235
APP-01115,MFB-Digital-1115,Treasury,SW-0079,Tableau Desktop 2024.x,2027-12-31,EOL within 24 months,High,Tier 3,Production,Owner Missing,65519
APP-01116,MFB-Wealth-1116,Finance,SW-0037,MySQL Community Server 8.0,2026-04-30,Past EOL,Medium,Tier 3,Production,Owner Missing,12868
APP-01117,MFB-Data-1117,Retail Banking,SW-0085,Workday Human Capital Management,2030-01-01,Supported,Medium,Tier 2,DR,Owner Identified,207462
APP-01118,MFB-Data-1118,Technology,SW-0090,IBM WebSphere Application Server,2030-12-31,Supported,High,Tier 3,Development,Owner Identified,231109
APP-01119,MFB-Risk-1119,Commercial Banking,SW-0087,IBM MQ,2028-12-31,Supported,High,Tier 4,Development,Owner Identified,45698
APP-01120,MFB-Treasury-1120,Wealth Management,SW-0081,IBM SPSS Statistics 29,2028-09-30,Supported,Low,Tier 1,Production,Owner Identified,100522
APP-01121,MFB-Ops-1121,Wealth Management,SW-0071,Apache Airflow 2.7,2025-08-31,Past EOL,High,Tier 2,Development,Owner Identified,220464
APP-01122,MFB-Digital-1122,Risk,SW-0074,Informatica PowerCenter 10.5,2027-12-31,EOL within 24 months,Low,Tier 1,Development,Owner Missing,138705
APP-01123,MFB-Treasury-1123,Finance,SW-0088,Apache Tomcat,2027-03-31,EOL within 12 months,High,Tier 1,Production,Owner Identified,102594
APP-01124,MFB-Wealth-1124,Human Resources,SW-0031,Microsoft SQL Server 2019,2030-01-08,Supported,High,Tier 3,Production,Owner Identified,12374
APP-01125,MFB-Retail-1125,Wealth Management,SW-0028,Zscaler Internet Access,2030-01-01,Supported,High,Tier 1,Production,Owner Identified,197707
APP-01126,MFB-Retail-1126,Data & Analytics,SW-0085,Workday Human Capital Management,2030-01-01,Supported,High,Tier 4,Development,Owner Identified,152452
APP-01127,MFB-Risk-1127,Human Resources,SW-0082,SAP S/4HANA,2027-12-31,EOL within 24 months,High,Tier 1,Development,Owner Identified,149526
APP-01128,MFB-Retail-1128,Technology,SW-0086,MuleSoft Anypoint Platform,2030-01-01,Supported,Critical,Tier 2,Production,Owner Missing,50868
APP-01129,MFB-Wealth-1129,Risk,SW-0071,Apache Airflow 2.7,2025-08-31,Past EOL,High,Tier 4,DR,Owner Identified,162463
APP-01130,MFB-Treasury-1130,Commercial Banking,SW-0035,PostgreSQL 14,2026-11-12,EOL within 12 months,High,Tier 2,DR,Owner Identified,133615
APP-01131,MFB-Data-1131,Operations,SW-0089,Apache Tomcat,2028-12-31,Supported,Medium,Tier 1,Production,Owner Identified,34349
APP-01132,MFB-Retail-1132,Capital Markets,SW-0073,Azure Data Factory,2030-01-01,Supported,Medium,Tier 3,Development,Owner Missing,69219
APP-01133,MFB-Retail-1133,Cybersecurity,SW-0075,Apache Kafka 3.5,2026-06-30,EOL within 12 months,High,Tier 1,Production,Owner Identified,181596
APP-01134,MFB-Treasury-1134,Finance,SW-0079,Tableau Desktop 2024.x,2027-12-31,EOL within 24 months,High,Tier 4,DR,Owner Missing,10965
APP-01135,MFB-Ops-1135,Finance,SW-0087,IBM MQ,2028-12-31,Supported,Low,Tier 1,Production,Owner Identified,231257
APP-01136,MFB-Loan-1136,Technology,SW-0088,Apache Tomcat,2027-03-31,EOL within 12 months,High,Tier 4,Development,Owner Identified,151016
APP-01137,MFB-Retail-1137,Wealth Management,SW-0030,Microsoft SQL Server 2016,2026-07-14,EOL within 12 months,High,Tier 3,Development,Owner Identified,104497
APP-01138,MFB-Digital-1138,Wealth Management,SW-0084,Salesforce Financial Services Cloud,2030-01-01,Supported,Medium,Tier 1,Production,Owner Identified,90077
APP-01139,MFB-Risk-1139,Human Resources,SW-0026,Tenable Nessus,2028-12-31,Supported,Critical,Tier 1,Development,Owner Identified,8603
APP-01140,MFB-Loan-1140,Human Resources,SW-0030,Microsoft SQL Server 2016,2026-07-14,EOL within 12 months,High,Tier 2,Development,Owner Identified,167954
APP-01141,MFB-Payments-1141,Commercial Banking,SW-0086,MuleSoft Anypoint Platform,2030-01-01,Supported,High,Tier 4,Production,Owner Identified,247070
APP-01142,MFB-Digital-1142,Retail Banking,SW-0087,IBM MQ,2028-12-31,Supported,High,Tier 4,Development,Owner Identified,12752
APP-01143,MFB-Digital-1143,Commercial Banking,SW-0034,Oracle Database 21c,2025-04-30,Past EOL,Medium,Tier 4,Production,Owner Identified,173736
APP-01144,MFB-Risk-1144,Finance,SW-0084,Salesforce Financial Services Cloud,2030-01-01,Supported,Medium,Tier 3,DR,Owner Identified,13890
APP-01145,MFB-Payments-1145,Retail Banking,SW-0026,Tenable Nessus,2028-12-31,Supported,High,Tier 4,Production,Owner Identified,64849
APP-01146,MFB-Digital-1146,Data & Analytics,SW-0038,MongoDB Enterprise Advanced 6.0,2026-07-31,EOL within 12 months,Medium,Tier 1,Production,Owner Identified,30079
APP-01147,MFB-Treasury-1147,Human Resources,SW-0087,IBM MQ,2028-12-31,Supported,High,Tier 4,Production,Owner Identified,155776
APP-01148,MFB-Wealth-1148,Finance,SW-0072,Databricks Runtime 13.3 LTS,2026-09-30,EOL within 12 months,High,Tier 2,Development,Owner Missing,51770
APP-01149,MFB-Data-1149,Technology,SW-0027,Qualys VMDR,2030-01-01,Supported,High,Tier 4,Development,Owner Missing,23274
APP-01150,MFB-Risk-1150,Retail Banking,SW-0028,Zscaler Internet Access,2030-01-01,Supported,High,Tier 3,DR,Owner Identified,66604
APP-01151,MFB-Treasury-1151,Risk,SW-0079,Tableau Desktop 2024.x,2027-12-31,EOL within 24 months,Critical,Tier 3,DR,Owner Identified,177394
APP-01152,MFB-Ops-1152,Cybersecurity,SW-0034,Oracle Database 21c,2025-04-30,Past EOL,Medium,Tier 3,Development,Owner Identified,216039
APP-01153,MFB-Data-1153,Retail Banking,SW-0035,PostgreSQL 14,2026-11-12,EOL within 12 months,High,Tier 1,DR,Owner Missing,191798
APP-01154,MFB-Loan-1154,Wealth Management,SW-0084,Salesforce Financial Services Cloud,2030-01-01,Supported,Medium,Tier 1,DR,Owner Identified,116936
APP-01155,MFB-Digital-1155,Human Resources,SW-0035,PostgreSQL 14,2026-11-12,EOL within 12 months,High,Tier 1,DR,Owner Identified,167850
APP-01156,MFB-Payments-1156,Human Resources,SW-0075,Apache Kafka 3.5,2026-06-30,EOL within 12 months,Critical,Tier 4,Production,Owner Identified,82912
APP-01157,MFB-Retail-1157,Cybersecurity,SW-0085,Workday Human Capital Management,2030-01-01,Supported,Medium,Tier 1,Development,Owner Identified,110489
APP-01158,MFB-Loan-1158,Retail Banking,SW-0079,Tableau Desktop 2024.x,2027-12-31,EOL within 24 months,High,Tier 4,Production,Owner Missing,243598
APP-01159,MFB-Data-1159,Treasury,SW-0026,Tenable Nessus,2028-12-31,Supported,Critical,Tier 3,Production,Owner Identified,71500
APP-01160,MFB-Risk-1160,Legal & Compliance,SW-0071,Apache Airflow 2.7,2025-08-31,Past EOL,Medium,Tier 1,DR,Owner Identified,89864
APP-01161,MFB-Loan-1161,Treasury,SW-0031,Microsoft SQL Server 2019,2030-01-08,Supported,Critical,Tier 3,Production,Owner Missing,247990
APP-01162,MFB-Digital-1162,Retail Banking,SW-0073,Azure Data Factory,2030-01-01,Supported,Medium,Tier 4,Production,Owner Identified,88231
APP-01163,MFB-Digital-1163,Risk,SW-0086,MuleSoft Anypoint Platform,2030-01-01,Supported,Critical,Tier 1,DR,Owner Identified,16774
APP-01164,MFB-Digital-1164,Retail Banking,SW-0024,CyberArk Privileged Access Manager,2028-12-31,Supported,Critical,Tier 1,Production,Owner Identified,239242
APP-01165,MFB-Ops-1165,Cybersecurity,SW-0031,Microsoft SQL Server 2019,2030-01-08,Supported,Critical,Tier 1,Development,Owner Missing,98794
APP-01166,MFB-Retail-1166,Operations,SW-0085,Workday Human Capital Management,2030-01-01,Supported,High,Tier 4,Production,Owner Identified,46509
APP-01167,MFB-Risk-1167,Capital Markets,SW-0089,Apache Tomcat,2028-12-31,Supported,High,Tier 4,Development,Owner Identified,207951
APP-01168,MFB-Digital-1168,Wealth Management,SW-0033,Oracle Database 19c,2027-04-30,EOL within 12 months,Low,Tier 2,DR,Owner Missing,229631
APP-01169,MFB-Data-1169,Operations,SW-0091,Oracle WebLogic Server,2027-12-31,EOL within 24 months,Medium,Tier 2,Production,Owner Identified,120812
APP-01170,MFB-Loan-1170,Human Resources,SW-0079,Tableau Desktop 2024.x,2027-12-31,EOL within 24 months,Critical,Tier 4,DR,Owner Missing,142226
APP-01171,MFB-Loan-1171,Finance,SW-0084,Salesforce Financial Services Cloud,2030-01-01,Supported,High,Tier 4,Production,Owner Identified,20910
APP-01172,MFB-Payments-1172,Risk,SW-0038,MongoDB Enterprise Advanced 6.0,2026-07-31,EOL within 12 months,Medium,Tier 1,Production,Owner Missing,245935
APP-01173,MFB-Risk-1173,Legal & Compliance,SW-0034,Oracle Database 21c,2025-04-30,Past EOL,Medium,Tier 1,Production,Owner Identified,139489
APP-01174,MFB-Wealth-1174,Wealth Management,SW-0084,Salesforce Financial Services Cloud,2030-01-01,Supported,Critical,Tier 4,Production,Owner Identified,241973
APP-01175,MFB-Data-1175,Data & Analytics,SW-0082,SAP S/4HANA,2027-12-31,EOL within 24 months,Medium,Tier 3,Development,Owner Missing,30459
APP-01176,MFB-Data-1176,Operations,SW-0087,IBM MQ,2028-12-31,Supported,Critical,Tier 2,Production,Owner Identified,168182
APP-01177,MFB-Digital-1177,Risk,SW-0090,IBM WebSphere Application Server,2030-12-31,Supported,Critical,Tier 1,Production,Owner Identified,69496
APP-01178,MFB-Loan-1178,Human Resources,SW-0031,Microsoft SQL Server 2019,2030-01-08,Supported,Critical,Tier 3,DR,Owner Identified,129418
APP-01179,MFB-Loan-1179,Treasury,SW-0083,ServiceNow IT Service Management,2025-11-30,Past EOL,Critical,Tier 2,Production,Owner Identified,140043
APP-01180,MFB-Data-1180,Risk,SW-0035,PostgreSQL 14,2026-11-12,EOL within 12 months,High,Tier 2,Development,Owner Identified,146937
APP-01181,MFB-Ops-1181,Risk,SW-0023,CrowdStrike Falcon,2030-01-01,Supported,High,Tier 4,Production,Owner Identified,154645
APP-01182,MFB-Risk-1182,Wealth Management,SW-0087,IBM MQ,2028-12-31,Supported,High,Tier 4,Development,Owner Identified,118518
APP-01183,MFB-Treasury-1183,Human Resources,SW-0030,Microsoft SQL Server 2016,2026-07-14,EOL within 12 months,Critical,Tier 1,Development,Owner Identified,183513
APP-01184,MFB-Digital-1184,Treasury,SW-0080,SAS Viya 4,2028-12-31,Supported,Medium,Tier 3,Production,Owner Missing,142790
APP-01185,MFB-Risk-1185,Retail Banking,SW-0037,MySQL Community Server 8.0,2026-04-30,Past EOL,Medium,Tier 2,Development,Owner Missing,119664
APP-01186,MFB-Treasury-1186,Wealth Management,SW-0035,PostgreSQL 14,2026-11-12,EOL within 12 months,Medium,Tier 3,Development,Owner Missing,6511
APP-01187,MFB-Ops-1187,Capital Markets,SW-0086,MuleSoft Anypoint Platform,2030-01-01,Supported,Critical,Tier 4,DR,Owner Missing,47856
APP-01188,MFB-Loan-1188,Data & Analytics,SW-0022,Microsoft Defender for Endpoint,2030-01-01,Supported,High,Tier 2,Development,Owner Identified,237138
APP-01189,MFB-Wealth-1189,Operations,SW-0071,Apache Airflow 2.7,2025-08-31,Past EOL,High,Tier 4,Production,Owner Identified,224472
APP-01190,MFB-Digital-1190,Risk,SW-0027,Qualys VMDR,2030-01-01,Supported,High,Tier 1,DR,Owner Identified,101516
APP-01191,MFB-Ops-1191,Legal & Compliance,SW-0032,Microsoft SQL Server 2022,2033-01-11,Supported,Critical,Tier 2,Production,Owner Missing,244774
APP-01192,MFB-Payments-1192,Legal & Compliance,SW-0035,PostgreSQL 14,2026-11-12,EOL within 12 months,High,Tier 4,Production,Owner Identified,226260
APP-01193,MFB-Payments-1193,Operations,SW-0085,Workday Human Capital Management,2030-01-01,Supported,Critical,Tier 2,Production,Owner Identified,128729
APP-01194,MFB-Payments-1194,Risk,SW-0037,MySQL Community Server 8.0,2026-04-30,Past EOL,Medium,Tier 4,Production,Owner Missing,161758
APP-01195,MFB-Data-1195,Cybersecurity,SW-0072,Databricks Runtime 13.3 LTS,2026-09-30,EOL within 12 months,Critical,Tier 1,Production,Owner Identified,244808
APP-01196,MFB-Loan-1196,Human Resources,SW-0030,Microsoft SQL Server 2016,2026-07-14,EOL within 12 months,Low,Tier 4,Development,Owner Identified,168564
APP-01197,MFB-Wealth-1197,Legal & Compliance,SW-0038,MongoDB Enterprise Advanced 6.0,2026-07-31,EOL within 12 months,High,Tier 1,Production,Owner Missing,71614
APP-01198,MFB-Data-1198,Commercial Banking,SW-0037,MySQL Community Server 8.0,2026-04-30,Past EOL,Critical,Tier 3,Development,Owner Identified,124447
APP-01199,MFB-Risk-1199,Operations,SW-0086,MuleSoft Anypoint Platform,2030-01-01,Supported,High,Tier 1,Development,Owner Identified,144620
APP-01200,MFB-Loan-1200,Human Resources,SW-0027,Qualys VMDR,2030-01-01,Supported,Medium,Tier 1,Development,Owner Identified,52097
APP-01201,MFB-Loan-1201,Operations,SW-0024,CyberArk Privileged Access Manager,2028-12-31,Supported,High,Tier 4,Development,Owner Missing,184156
APP-01202,MFB-Payments-1202,Retail Banking,SW-0032,Microsoft SQL Server 2022,2033-01-11,Supported,High,Tier 3,Production,Owner Identified,32095
APP-01203,MFB-Treasury-1203,Capital Markets,SW-0090,IBM WebSphere Application Server,2030-12-31,Supported,High,Tier 4,Development,Owner Identified,116012
APP-01204,MFB-Risk-1204,Commercial Banking,SW-0072,Databricks Runtime 13.3 LTS,2026-09-30,EOL within 12 months,High,Tier 2,Production,Owner Missing,183747
APP-01205,MFB-Wealth-1205,Wealth Management,SW-0031,Microsoft SQL Server 2019,2030-01-08,Supported,Critical,Tier 3,Production,Owner Missing,38606
APP-01206,MFB-Digital-1206,Wealth Management,SW-0032,Microsoft SQL Server 2022,2033-01-11,Supported,Critical,Tier 2,Production,Owner Identified,33177
APP-01207,MFB-Data-1207,Treasury,SW-0034,Oracle Database 21c,2025-04-30,Past EOL,High,Tier 1,Production,Owner Identified,136645
APP-01208,MFB-Risk-1208,Data & Analytics,SW-0031,Microsoft SQL Server 2019,2030-01-08,Supported,High,Tier 4,Development,Owner Missing,44265
APP-01209,MFB-Wealth-1209,Risk,SW-0023,CrowdStrike Falcon,2030-01-01,Supported,High,Tier 3,DR,Owner Identified,227964
APP-01210,MFB-Digital-1210,Technology,SW-0084,Salesforce Financial Services Cloud,2030-01-01,Supported,Critical,Tier 4,Development,Owner Identified,164094
APP-01211,MFB-Ops-1211,Wealth Management,SW-0081,IBM SPSS Statistics 29,2028-09-30,Supported,Medium,Tier 1,Development,Owner Missing,116194
APP-01212,MFB-Wealth-1212,Retail Banking,SW-0027,Qualys VMDR,2030-01-01,Supported,High,Tier 2,Production,Owner Missing,121552
APP-01213,MFB-Payments-1213,Capital Markets,SW-0085,Workday Human Capital Management,2030-01-01,Supported,Medium,Tier 1,Development,Owner Missing,155183
APP-01214,MFB-Risk-1214,Commercial Banking,SW-0023,CrowdStrike Falcon,2030-01-01,Supported,Critical,Tier 1,DR,Owner Identified,231559
APP-01215,MFB-Loan-1215,Cybersecurity,SW-0085,Workday Human Capital Management,2030-01-01,Supported,Critical,Tier 4,Production,Owner Identified,73555
APP-01216,MFB-Wealth-1216,Operations,SW-0090,IBM WebSphere Application Server,2030-12-31,Supported,Medium,Tier 4,DR,Owner Missing,32814
APP-01217,MFB-Treasury-1217,Retail Banking,SW-0089,Apache Tomcat,2028-12-31,Supported,Critical,Tier 4,DR,Owner Identified,190895
APP-01218,MFB-Data-1218,Legal & Compliance,SW-0075,Apache Kafka 3.5,2026-06-30,EOL within 12 months,High,Tier 1,Production,Owner Missing,245807
APP-01219,MFB-Digital-1219,Human Resources,SW-0081,IBM SPSS Statistics 29,2028-09-30,Supported,High,Tier 3,Production,Owner Identified,148510
APP-01220,MFB-Retail-1220,Human Resources,SW-0027,Qualys VMDR,2030-01-01,Supported,Low,Tier 1,Production,Owner Missing,121499
APP-01221,MFB-Ops-1221,Wealth Management,SW-0074,Informatica PowerCenter 10.5,2027-12-31,EOL within 24 months,Critical,Tier 3,Production,Owner Identified,182328
APP-01222,MFB-Risk-1222,Cybersecurity,SW-0086,MuleSoft Anypoint Platform,2030-01-01,Supported,Medium,Tier 3,DR,Owner Identified,57480
APP-01223,MFB-Risk-1223,Treasury,SW-0025,Splunk Enterprise Security,2028-12-31,Supported,High,Tier 1,Production,Owner Identified,128574
APP-01224,MFB-Treasury-1224,Risk,SW-0038,MongoDB Enterprise Advanced 6.0,2026-07-31,EOL within 12 months,High,Tier 2,Production,Owner Missing,153773
APP-01225,MFB-Data-1225,Capital Markets,SW-0023,CrowdStrike Falcon,2030-01-01,Supported,Low,Tier 1,Production,Owner Missing,207851
APP-01226,MFB-Loan-1226,Cybersecurity,SW-0090,IBM WebSphere Application Server,2030-12-31,Supported,Medium,Tier 4,Development,Owner Identified,61417
APP-01227,MFB-Treasury-1227,Data & Analytics,SW-0088,Apache Tomcat,2027-03-31,EOL within 12 months,Medium,Tier 4,Production,Owner Identified,19308
APP-01228,MFB-Digital-1228,Capital Markets,SW-0032,Microsoft SQL Server 2022,2033-01-11,Supported,High,Tier 2,Development,Owner Identified,40470
APP-01229,MFB-Risk-1229,Data & Analytics,SW-0074,Informatica PowerCenter 10.5,2027-12-31,EOL within 24 months,High,Tier 1,Development,Owner Missing,216587
APP-01230,MFB-Digital-1230,Operations,SW-0072,Databricks Runtime 13.3 LTS,2026-09-30,EOL within 12 months,Medium,Tier 2,Production,Owner Missing,10524
APP-01231,MFB-Digital-1231,Capital Markets,SW-0088,Apache Tomcat,2027-03-31,EOL within 12 months,High,Tier 2,Production,Owner Identified,121978
APP-01232,MFB-Retail-1232,Commercial Banking,SW-0072,Databricks Runtime 13.3 LTS,2026-09-30,EOL within 12 months,High,Tier 2,Production,Owner Missing,177754
APP-01233,MFB-Data-1233,Wealth Management,SW-0091,Oracle WebLogic Server,2027-12-31,EOL within 24 months,High,Tier 3,Production,Owner Identified,241822
APP-01234,MFB-Retail-1234,Finance,SW-0089,Apache Tomcat,2028-12-31,Supported,Critical,Tier 2,Production,Owner Missing,232703
APP-01235,MFB-Payments-1235,Operations,SW-0074,Informatica PowerCenter 10.5,2027-12-31,EOL within 24 months,Low,Tier 3,Production,Owner Missing,35348
APP-01236,MFB-Retail-1236,Cybersecurity,SW-0032,Microsoft SQL Server 2022,2033-01-11,Supported,Critical,Tier 4,Development,Owner Identified,52992
APP-01237,MFB-Loan-1237,Retail Banking,SW-0027,Qualys VMDR,2030-01-01,Supported,Critical,Tier 2,Production,Owner Identified,68348
APP-01238,MFB-Loan-1238,Finance,SW-0036,PostgreSQL 15,2027-11-11,EOL within 24 months,Medium,Tier 2,Production,Owner Identified,193178
APP-01239,MFB-Loan-1239,Capital Markets,SW-0032,Microsoft SQL Server 2022,2033-01-11,Supported,Low,Tier 2,Development,Owner Identified,75041
APP-01240,MFB-Retail-1240,Commercial Banking,SW-0034,Oracle Database 21c,2025-04-30,Past EOL,High,Tier 2,Production,Owner Identified,227793
APP-01241,MFB-Retail-1241,Retail Banking,SW-0038,MongoDB Enterprise Advanced 6.0,2026-07-31,EOL within 12 months,High,Tier 2,Production,Owner Identified,93688
APP-01242,MFB-Treasury-1242,Technology,SW-0032,Microsoft SQL Server 2022,2033-01-11,Supported,High,Tier 4,Development,Owner Missing,164592
APP-01243,MFB-Risk-1243,Legal & Compliance,SW-0081,IBM SPSS Statistics 29,2028-09-30,Supported,Low,Tier 1,Development,Owner Identified,145819
APP-01244,MFB-Treasury-1244,Data & Analytics,SW-0084,Salesforce Financial Services Cloud,2030-01-01,Supported,High,Tier 2,Production,Owner Missing,171668
APP-01245,MFB-Data-1245,Data & Analytics,SW-0088,Apache Tomcat,2027-03-31,EOL within 12 months,Low,Tier 2,Development,Owner Identified,162467
APP-01246,MFB-Wealth-1246,Technology,SW-0036,PostgreSQL 15,2027-11-11,EOL within 24 months,High,Tier 1,DR,Owner Missing,82021
APP-01247,MFB-Risk-1247,Data & Analytics,SW-0087,IBM MQ,2028-12-31,Supported,High,Tier 1,Development,Owner Identified,104596
APP-01248,MFB-Data-1248,Retail Banking,SW-0078,Power BI Desktop,2030-01-01,Supported,High,Tier 1,DR,Owner Identified,79779
APP-01249,MFB-Retail-1249,Commercial Banking,SW-0091,Oracle WebLogic Server,2027-12-31,EOL within 24 months,Critical,Tier 2,Production,Owner Identified,173210
APP-01250,MFB-Payments-1250,Data & Analytics,SW-0085,Workday Human Capital Management,2030-01-01,Supported,High,Tier 4,Production,Owner Identified,189491
APP-01251,MFB-Loan-1251,Data & Analytics,SW-0073,Azure Data Factory,2030-01-01,Supported,Critical,Tier 2,Development,Owner Missing,31903
APP-01252,MFB-Payments-1252,Human Resources,SW-0036,PostgreSQL 15,2027-11-11,EOL within 24 months,Critical,Tier 3,Production,Owner Identified,19531
APP-01253,MFB-Retail-1253,Risk,SW-0072,Databricks Runtime 13.3 LTS,2026-09-30,EOL within 12 months,High,Tier 2,Production,Owner Identified,99092
APP-01254,MFB-Treasury-1254,Treasury,SW-0032,Microsoft SQL Server 2022,2033-01-11,Supported,Critical,Tier 3,Production,Owner Identified,61968
APP-01255,MFB-Data-1255,Technology,SW-0031,Microsoft SQL Server 2019,2030-01-08,Supported,Critical,Tier 4,Production,Owner Identified,177487
APP-01256,MFB-Ops-1256,Legal & Compliance,SW-0033,Oracle Database 19c,2027-04-30,EOL within 12 months,High,Tier 4,DR,Owner Identified,207405
APP-01257,MFB-Ops-1257,Legal & Compliance,SW-0084,Salesforce Financial Services Cloud,2030-01-01,Supported,Low,Tier 2,Production,Owner Identified,226516
APP-01258,MFB-Data-1258,Commercial Banking,SW-0027,Qualys VMDR,2030-01-01,Supported,Medium,Tier 4,Production,Owner Identified,191832
APP-01259,MFB-Data-1259,Cybersecurity,SW-0083,ServiceNow IT Service Management,2025-11-30,Past EOL,Critical,Tier 1,Production,Owner Identified,6524
APP-01260,MFB-Digital-1260,Legal & Compliance,SW-0083,ServiceNow IT Service Management,2025-11-30,Past EOL,Medium,Tier 3,Development,Owner Identified,77962
APP-01261,MFB-Risk-1261,Finance,SW-0087,IBM MQ,2028-12-31,Supported,High,Tier 1,Production,Owner Identified,232857
APP-01262,MFB-Payments-1262,Human Resources,SW-0037,MySQL Community Server 8.0,2026-04-30,Past EOL,Medium,Tier 4,DR,Owner Missing,49812
APP-01263,MFB-Payments-1263,Wealth Management,SW-0035,PostgreSQL 14,2026-11-12,EOL within 12 months,High,Tier 1,DR,Owner Identified,235077
APP-01264,MFB-Loan-1264,Finance,SW-0037,MySQL Community Server 8.0,2026-04-30,Past EOL,Critical,Tier 2,Production,Owner Identified,30147
APP-01265,MFB-Payments-1265,Operations,SW-0032,Microsoft SQL Server 2022,2033-01-11,Supported,Medium,Tier 1,Production,Owner Identified,97198
APP-01266,MFB-Loan-1266,Operations,SW-0027,Qualys VMDR,2030-01-01,Supported,High,Tier 4,Production,Owner Missing,160080
APP-01267,MFB-Wealth-1267,Capital Markets,SW-0080,SAS Viya 4,2028-12-31,Supported,Medium,Tier 4,Production,Owner Missing,108374
APP-01268,MFB-Digital-1268,Human Resources,SW-0027,Qualys VMDR,2030-01-01,Supported,Medium,Tier 1,Development,Owner Identified,32194
APP-01269,MFB-Ops-1269,Capital Markets,SW-0074,Informatica PowerCenter 10.5,2027-12-31,EOL within 24 months,Critical,Tier 1,Production,Owner Identified,163453
APP-01270,MFB-Payments-1270,Technology,SW-0023,CrowdStrike Falcon,2030-01-01,Supported,High,Tier 1,DR,Owner Missing,170376
APP-01271,MFB-Data-1271,Treasury,SW-0084,Salesforce Financial Services Cloud,2030-01-01,Supported,Medium,Tier 2,Production,Owner Identified,133521
APP-01272,MFB-Digital-1272,Data & Analytics,SW-0030,Microsoft SQL Server 2016,2026-07-14,EOL within 12 months,Critical,Tier 4,Production,Owner Identified,104063
APP-01273,MFB-Treasury-1273,Wealth Management,SW-0087,IBM MQ,2028-12-31,Supported,Critical,Tier 2,Development,Owner Identified,93282
APP-01274,MFB-Wealth-1274,Operations,SW-0071,Apache Airflow 2.7,2025-08-31,Past EOL,High,Tier 1,Production,Owner Identified,75962
APP-01275,MFB-Ops-1275,Capital Markets,SW-0034,Oracle Database 21c,2025-04-30,Past EOL,Medium,Tier 3,Development,Owner Missing,97780
APP-01276,MFB-Risk-1276,Capital Markets,SW-0032,Microsoft SQL Server 2022,2033-01-11,Supported,Medium,Tier 4,Development,Owner Missing,233119
APP-01277,MFB-Treasury-1277,Finance,SW-0026,Tenable Nessus,2028-12-31,Supported,Critical,Tier 1,Production,Owner Missing,144590
APP-01278,MFB-Ops-1278,Treasury,SW-0081,IBM SPSS Statistics 29,2028-09-30,Supported,Critical,Tier 2,Development,Owner Identified,182694
APP-01279,MFB-Payments-1279,Capital Markets,SW-0080,SAS Viya 4,2028-12-31,Supported,High,Tier 3,Development,Owner Identified,163585
APP-01280,MFB-Data-1280,Risk,SW-0030,Microsoft SQL Server 2016,2026-07-14,EOL within 12 months,High,Tier 4,DR,Owner Missing,42781
APP-01281,MFB-Wealth-1281,Wealth Management,SW-0087,IBM MQ,2028-12-31,Supported,High,Tier 4,Production,Owner Identified,162167
APP-01282,MFB-Digital-1282,Human Resources,SW-0023,CrowdStrike Falcon,2030-01-01,Supported,High,Tier 3,Production,Owner Missing,13056
APP-01283,MFB-Wealth-1283,Cybersecurity,SW-0038,MongoDB Enterprise Advanced 6.0,2026-07-31,EOL within 12 months,Medium,Tier 4,DR,Owner Missing,177171
APP-01284,MFB-Wealth-1284,Technology,SW-0085,Workday Human Capital Management,2030-01-01,Supported,Critical,Tier 3,DR,Owner Identified,89687
APP-01285,MFB-Retail-1285,Data & Analytics,SW-0028,Zscaler Internet Access,2030-01-01,Supported,Medium,Tier 1,Development,Owner Identified,208786
APP-01286,MFB-Wealth-1286,Operations,SW-0074,Informatica PowerCenter 10.5,2027-12-31,EOL within 24 months,Low,Tier 2,Production,Owner Missing,87682
APP-01287,MFB-Payments-1287,Risk,SW-0038,MongoDB Enterprise Advanced 6.0,2026-07-31,EOL within 12 months,Medium,Tier 2,DR,Owner Missing,99393
APP-01288,MFB-Wealth-1288,Treasury,SW-0033,Oracle Database 19c,2027-04-30,EOL within 12 months,High,Tier 4,DR,Owner Missing,21396
APP-01289,MFB-Data-1289,Retail Banking,SW-0088,Apache Tomcat,2027-03-31,EOL within 12 months,Low,Tier 3,Production,Owner Identified,139247
APP-01290,MFB-Retail-1290,Legal & Compliance,SW-0091,Oracle WebLogic Server,2027-12-31,EOL within 24 months,Critical,Tier 2,Production,Owner Identified,118074
APP-01291,MFB-Ops-1291,Risk,SW-0072,Databricks Runtime 13.3 LTS,2026-09-30,EOL within 12 months,High,Tier 3,DR,Owner Identified,126439
APP-01292,MFB-Retail-1292,Capital Markets,SW-0078,Power BI Desktop,2030-01-01,Supported,Critical,Tier 3,Production,Owner Identified,48706
APP-01293,MFB-Digital-1293,Capital Markets,SW-0086,MuleSoft Anypoint Platform,2030-01-01,Supported,High,Tier 3,Production,Owner Missing,165659
APP-01294,MFB-Wealth-1294,Risk,SW-0025,Splunk Enterprise Security,2028-12-31,Supported,High,Tier 1,Production,Owner Identified,220172
APP-01295,MFB-Ops-1295,Finance,SW-0034,Oracle Database 21c,2025-04-30,Past EOL,Medium,Tier 2,Production,Owner Identified,37034
APP-01296,MFB-Treasury-1296,Capital Markets,SW-0071,Apache Airflow 2.7,2025-08-31,Past EOL,High,Tier 3,Production,Owner Missing,246404
APP-01297,MFB-Digital-1297,Commercial Banking,SW-0071,Apache Airflow 2.7,2025-08-31,Past EOL,High,Tier 2,Production,Owner Missing,80267
APP-01298,MFB-Data-1298,Capital Markets,SW-0090,IBM WebSphere Application Server,2030-12-31,Supported,Critical,Tier 1,Production,Owner Missing,27578
APP-01299,MFB-Risk-1299,Cybersecurity,SW-0086,MuleSoft Anypoint Platform,2030-01-01,Supported,Low,Tier 1,DR,Owner Identified,177693
APP-01300,MFB-Data-1300,Capital Markets,SW-0035,PostgreSQL 14,2026-11-12,EOL within 12 months,Critical,Tier 3,Production,Owner Identified,242996
APP-01301,MFB-Ops-1301,Human Resources,SW-0034,Oracle Database 21c,2025-04-30,Past EOL,Critical,Tier 3,Production,Owner Identified,135766
APP-01302,MFB-Risk-1302,Finance,SW-0072,Databricks Runtime 13.3 LTS,2026-09-30,EOL within 12 months,Critical,Tier 3,Production,Owner Identified,104440
APP-01303,MFB-Ops-1303,Risk,SW-0086,MuleSoft Anypoint Platform,2030-01-01,Supported,High,Tier 2,DR,Owner Identified,239239
APP-01304,MFB-Risk-1304,Human Resources,SW-0087,IBM MQ,2028-12-31,Supported,Critical,Tier 2,Production,Owner Identified,29984
APP-01305,MFB-Risk-1305,Commercial Banking,SW-0025,Splunk Enterprise Security,2028-12-31,Supported,High,Tier 3,Production,Owner Missing,128781
APP-01306,MFB-Risk-1306,Operations,SW-0038,MongoDB Enterprise Advanced 6.0,2026-07-31,EOL within 12 months,High,Tier 4,Development,Owner Identified,189313
APP-01307,MFB-Ops-1307,Risk,SW-0027,Qualys VMDR,2030-01-01,Supported,Critical,Tier 3,Production,Owner Missing,21227
APP-01308,MFB-Payments-1308,Capital Markets,SW-0086,MuleSoft Anypoint Platform,2030-01-01,Supported,Medium,Tier 4,Production,Owner Identified,124264
APP-01309,MFB-Risk-1309,Retail Banking,SW-0071,Apache Airflow 2.7,2025-08-31,Past EOL,High,Tier 3,DR,Owner Identified,81501
APP-01310,MFB-Loan-1310,Cybersecurity,SW-0034,Oracle Database 21c,2025-04-30,Past EOL,Critical,Tier 2,Production,Owner Identified,118184
APP-01311,MFB-Ops-1311,Commercial Banking,SW-0027,Qualys VMDR,2030-01-01,Supported,High,Tier 3,DR,Owner Identified,209611
APP-01312,MFB-Digital-1312,Finance,SW-0080,SAS Viya 4,2028-12-31,Supported,Critical,Tier 1,Development,Owner Missing,86560
APP-01313,MFB-Risk-1313,Legal & Compliance,SW-0037,MySQL Community Server 8.0,2026-04-30,Past EOL,Medium,Tier 1,Production,Owner Missing,142013
APP-01314,MFB-Treasury-1314,Capital Markets,SW-0024,CyberArk Privileged Access Manager,2028-12-31,Supported,Medium,Tier 2,Production,Owner Identified,107805
APP-01315,MFB-Ops-1315,Wealth Management,SW-0028,Zscaler Internet Access,2030-01-01,Supported,Critical,Tier 2,DR,Owner Missing,159522
APP-01316,MFB-Ops-1316,Wealth Management,SW-0078,Power BI Desktop,2030-01-01,Supported,Medium,Tier 4,Production,Owner Missing,68241
APP-01317,MFB-Wealth-1317,Risk,SW-0038,MongoDB Enterprise Advanced 6.0,2026-07-31,EOL within 12 months,High,Tier 1,Production,Owner Identified,68044
APP-01318,MFB-Ops-1318,Risk,SW-0024,CyberArk Privileged Access Manager,2028-12-31,Supported,Medium,Tier 4,Production,Owner Missing,70871
APP-01319,MFB-Risk-1319,Capital Markets,SW-0081,IBM SPSS Statistics 29,2028-09-30,Supported,High,Tier 3,Development,Owner Identified,160671
APP-01320,MFB-Wealth-1320,Capital Markets,SW-0091,Oracle WebLogic Server,2027-12-31,EOL within 24 months,High,Tier 2,Production,Owner Identified,107224
APP-01321,MFB-Wealth-1321,Commercial Banking,SW-0087,IBM MQ,2028-12-31,Supported,Low,Tier 2,DR,Owner Missing,114159
APP-01322,MFB-Payments-1322,Risk,SW-0089,Apache Tomcat,2028-12-31,Supported,Critical,Tier 4,Development,Owner Identified,48250
APP-01323,MFB-Wealth-1323,Retail Banking,SW-0080,SAS Viya 4,2028-12-31,Supported,High,Tier 3,Production,Owner Missing,116752
APP-01324,MFB-Ops-1324,Retail Banking,SW-0030,Microsoft SQL Server 2016,2026-07-14,EOL within 12 months,Medium,Tier 1,Development,Owner Missing,145499
APP-01325,MFB-Risk-1325,Treasury,SW-0025,Splunk Enterprise Security,2028-12-31,Supported,Medium,Tier 1,Production,Owner Identified,208192
APP-01326,MFB-Data-1326,Finance,SW-0087,IBM MQ,2028-12-31,Supported,Medium,Tier 1,DR,Owner Missing,221470
APP-01327,MFB-Digital-1327,Commercial Banking,SW-0030,Microsoft SQL Server 2016,2026-07-14,EOL within 12 months,Medium,Tier 3,Production,Owner Identified,143527
APP-01328,MFB-Digital-1328,Risk,SW-0087,IBM MQ,2028-12-31,Supported,Medium,Tier 2,DR,Owner Missing,182589
APP-01329,MFB-Treasury-1329,Technology,SW-0081,IBM SPSS Statistics 29,2028-09-30,Supported,High,Tier 2,DR,Owner Identified,175287
APP-01330,MFB-Risk-1330,Data & Analytics,SW-0072,Databricks Runtime 13.3 LTS,2026-09-30,EOL within 12 months,Medium,Tier 2,Production,Owner Missing,29041
APP-01331,MFB-Retail-1331,Technology,SW-0078,Power BI Desktop,2030-01-01,Supported,Medium,Tier 4,Development,Owner Identified,105471
APP-01332,MFB-Digital-1332,Retail Banking,SW-0035,PostgreSQL 14,2026-11-12,EOL within 12 months,Critical,Tier 2,Development,Owner Identified,84240
APP-01333,MFB-Treasury-1333,Operations,SW-0027,Qualys VMDR,2030-01-01,Supported,Medium,Tier 2,Production,Owner Missing,118471
APP-01334,MFB-Loan-1334,Wealth Management,SW-0032,Microsoft SQL Server 2022,2033-01-11,Supported,Critical,Tier 1,Development,Owner Identified,101123
APP-01335,MFB-Loan-1335,Human Resources,SW-0086,MuleSoft Anypoint Platform,2030-01-01,Supported,Medium,Tier 4,DR,Owner Identified,11651
APP-01336,MFB-Retail-1336,Operations,SW-0072,Databricks Runtime 13.3 LTS,2026-09-30,EOL within 12 months,Critical,Tier 1,Production,Owner Identified,74196
APP-01337,MFB-Wealth-1337,Wealth Management,SW-0023,CrowdStrike Falcon,2030-01-01,Supported,Medium,Tier 3,Production,Owner Missing,218251
APP-01338,MFB-Wealth-1338,Finance,SW-0032,Microsoft SQL Server 2022,2033-01-11,Supported,High,Tier 1,DR,Owner Missing,22231
APP-01339,MFB-Data-1339,Capital Markets,SW-0030,Microsoft SQL Server 2016,2026-07-14,EOL within 12 months,Medium,Tier 3,Production,Owner Identified,61240
APP-01340,MFB-Data-1340,Technology,SW-0091,Oracle WebLogic Server,2027-12-31,EOL within 24 months,Medium,Tier 4,DR,Owner Missing,236320
APP-01341,MFB-Wealth-1341,Data & Analytics,SW-0083,ServiceNow IT Service Management,2025-11-30,Past EOL,Critical,Tier 1,Development,Owner Missing,138116
APP-01342,MFB-Retail-1342,Data & Analytics,SW-0027,Qualys VMDR,2030-01-01,Supported,Medium,Tier 4,Development,Owner Identified,131548
APP-01343,MFB-Loan-1343,Treasury,SW-0086,MuleSoft Anypoint Platform,2030-01-01,Supported,High,Tier 2,Production,Owner Identified,85797
APP-01344,MFB-Wealth-1344,Data & Analytics,SW-0028,Zscaler Internet Access,2030-01-01,Supported,Medium,Tier 3,Production,Owner Missing,203838
APP-01345,MFB-Risk-1345,Wealth Management,SW-0075,Apache Kafka 3.5,2026-06-30,EOL within 12 months,Critical,Tier 4,Production,Owner Missing,94525
APP-01346,MFB-Retail-1346,Legal & Compliance,SW-0088,Apache Tomcat,2027-03-31,EOL within 12 months,Critical,Tier 4,DR,Owner Identified,128106
APP-01347,MFB-Ops-1347,Technology,SW-0085,Workday Human Capital Management,2030-01-01,Supported,High,Tier 3,Production,Owner Identified,195414
APP-01348,MFB-Retail-1348,Operations,SW-0090,IBM WebSphere Application Server,2030-12-31,Supported,Critical,Tier 4,Development,Owner Identified,132293
APP-01349,MFB-Loan-1349,Human Resources,SW-0036,PostgreSQL 15,2027-11-11,EOL within 24 months,Low,Tier 2,Production,Owner Missing,241450
APP-01350,MFB-Treasury-1350,Legal & Compliance,SW-0082,SAP S/4HANA,2027-12-31,EOL within 24 months,Critical,Tier 1,Production,Owner Identified,31416
APP-01351,MFB-Data-1351,Cybersecurity,SW-0088,Apache Tomcat,2027-03-31,EOL within 12 months,Low,Tier 4,Development,Owner Identified,217115
APP-01352,MFB-Wealth-1352,Legal & Compliance,SW-0086,MuleSoft Anypoint Platform,2030-01-01,Supported,Low,Tier 3,Production,Owner Missing,87536
APP-01353,MFB-Risk-1353,Operations,SW-0085,Workday Human Capital Management,2030-01-01,Supported,Medium,Tier 2,Production,Owner Missing,159608
APP-01354,MFB-Treasury-1354,Operations,SW-0075,Apache Kafka 3.5,2026-06-30,EOL within 12 months,Critical,Tier 2,Production,Owner Missing,67734
APP-01355,MFB-Loan-1355,Technology,SW-0022,Microsoft Defender for Endpoint,2030-01-01,Supported,Low,Tier 3,Production,Owner Missing,51165
APP-01356,MFB-Ops-1356,Technology,SW-0071,Apache Airflow 2.7,2025-08-31,Past EOL,High,Tier 4,DR,Owner Identified,233302
APP-01357,MFB-Wealth-1357,Cybersecurity,SW-0075,Apache Kafka 3.5,2026-06-30,EOL within 12 months,Critical,Tier 1,Development,Owner Identified,123199
APP-01358,MFB-Treasury-1358,Technology,SW-0023,CrowdStrike Falcon,2030-01-01,Supported,Critical,Tier 2,Development,Owner Identified,119576
APP-01359,MFB-Wealth-1359,Data & Analytics,SW-0034,Oracle Database 21c,2025-04-30,Past EOL,High,Tier 3,Production,Owner Identified,101228
APP-01360,MFB-Loan-1360,Operations,SW-0075,Apache Kafka 3.5,2026-06-30,EOL within 12 months,Medium,Tier 3,Development,Owner Identified,214651
APP-01361,MFB-Digital-1361,Legal & Compliance,SW-0072,Databricks Runtime 13.3 LTS,2026-09-30,EOL within 12 months,High,Tier 2,Development,Owner Identified,205121
APP-01362,MFB-Retail-1362,Capital Markets,SW-0090,IBM WebSphere Application Server,2030-12-31,Supported,High,Tier 3,Production,Owner Missing,205409
APP-01363,MFB-Treasury-1363,Risk,SW-0088,Apache Tomcat,2027-03-31,EOL within 12 months,High,Tier 1,DR,Owner Identified,114616
APP-01364,MFB-Data-1364,Commercial Banking,SW-0027,Qualys VMDR,2030-01-01,Supported,Medium,Tier 1,Production,Owner Identified,124969
APP-01365,MFB-Treasury-1365,Retail Banking,SW-0024,CyberArk Privileged Access Manager,2028-12-31,Supported,High,Tier 4,DR,Owner Missing,113595
APP-01366,MFB-Loan-1366,Finance,SW-0022,Microsoft Defender for Endpoint,2030-01-01,Supported,High,Tier 2,Production,Owner Identified,124579
APP-01367,MFB-Retail-1367,Commercial Banking,SW-0027,Qualys VMDR,2030-01-01,Supported,Low,Tier 2,Development,Owner Identified,108509
APP-01368,MFB-Ops-1368,Human Resources,SW-0082,SAP S/4HANA,2027-12-31,EOL within 24 months,Medium,Tier 1,Production,Owner Missing,223624
APP-01369,MFB-Treasury-1369,Risk,SW-0090,IBM WebSphere Application Server,2030-12-31,Supported,Medium,Tier 4,DR,Owner Identified,143880
APP-01370,MFB-Retail-1370,Data & Analytics,SW-0072,Databricks Runtime 13.3 LTS,2026-09-30,EOL within 12 months,High,Tier 1,DR,Owner Missing,51096
APP-01371,MFB-Ops-1371,Operations,SW-0025,Splunk Enterprise Security,2028-12-31,Supported,Critical,Tier 3,Production,Owner Identified,61639
APP-01372,MFB-Digital-1372,Human Resources,SW-0091,Oracle WebLogic Server,2027-12-31,EOL within 24 months,Medium,Tier 2,Production,Owner Missing,14411
APP-01373,MFB-Wealth-1373,Cybersecurity,SW-0037,MySQL Community Server 8.0,2026-04-30,Past EOL,Critical,Tier 4,Production,Owner Identified,15889
APP-01374,MFB-Retail-1374,Human Resources,SW-0071,Apache Airflow 2.7,2025-08-31,Past EOL,High,Tier 3,DR,Owner Missing,33548
APP-01375,MFB-Treasury-1375,Legal & Compliance,SW-0089,Apache Tomcat,2028-12-31,Supported,High,Tier 2,DR,Owner Identified,241893
APP-01376,MFB-Wealth-1376,Operations,SW-0086,MuleSoft Anypoint Platform,2030-01-01,Supported,Critical,Tier 2,Development,Owner Identified,102005
APP-01377,MFB-Wealth-1377,Commercial Banking,SW-0088,Apache Tomcat,2027-03-31,EOL within 12 months,High,Tier 2,Development,Owner Missing,233580
APP-01378,MFB-Digital-1378,Technology,SW-0072,Databricks Runtime 13.3 LTS,2026-09-30,EOL within 12 months,High,Tier 3,Production,Owner Missing,228208
APP-01379,MFB-Retail-1379,Wealth Management,SW-0090,IBM WebSphere Application Server,2030-12-31,Supported,High,Tier 3,DR,Owner Missing,224097
APP-01380,MFB-Data-1380,Data & Analytics,SW-0080,SAS Viya 4,2028-12-31,Supported,High,Tier 2,Production,Owner Missing,54155
APP-01381,MFB-Retail-1381,Risk,SW-0087,IBM MQ,2028-12-31,Supported,Low,Tier 4,DR,Owner Identified,151131
APP-01382,MFB-Loan-1382,Legal & Compliance,SW-0036,PostgreSQL 15,2027-11-11,EOL within 24 months,High,Tier 3,DR,Owner Identified,99898
APP-01383,MFB-Risk-1383,Treasury,SW-0080,SAS Viya 4,2028-12-31,Supported,High,Tier 4,Production,Owner Identified,77879
APP-01384,MFB-Treasury-1384,Capital Markets,SW-0086,MuleSoft Anypoint Platform,2030-01-01,Supported,High,Tier 2,Production,Owner Identified,15431
APP-01385,MFB-Ops-1385,Data & Analytics,SW-0025,Splunk Enterprise Security,2028-12-31,Supported,Critical,Tier 4,Development,Owner Identified,115143
APP-01386,MFB-Loan-1386,Wealth Management,SW-0084,Salesforce Financial Services Cloud,2030-01-01,Supported,Medium,Tier 4,Development,Owner Identified,74858
APP-01387,MFB-Wealth-1387,Risk,SW-0081,IBM SPSS Statistics 29,2028-09-30,Supported,High,Tier 1,Development,Owner Missing,83993
APP-01388,MFB-Retail-1388,Capital Markets,SW-0078,Power BI Desktop,2030-01-01,Supported,Medium,Tier 1,Production,Owner Missing,171219
APP-01389,MFB-Risk-1389,Commercial Banking,SW-0022,Microsoft Defender for Endpoint,2030-01-01,Supported,Critical,Tier 1,Production,Owner Identified,126562
APP-01390,MFB-Treasury-1390,Commercial Banking,SW-0083,ServiceNow IT Service Management,2025-11-30,Past EOL,Critical,Tier 4,Production,Owner Missing,28084
APP-01391,MFB-Loan-1391,Commercial Banking,SW-0037,MySQL Community Server 8.0,2026-04-30,Past EOL,High,Tier 3,Production,Owner Missing,82680
APP-01392,MFB-Data-1392,Finance,SW-0082,SAP S/4HANA,2027-12-31,EOL within 24 months,High,Tier 4,Production,Owner Identified,82831
APP-01393,MFB-Risk-1393,Retail Banking,SW-0088,Apache Tomcat,2027-03-31,EOL within 12 months,Low,Tier 4,DR,Owner Missing,66461
APP-01394,MFB-Ops-1394,Finance,SW-0026,Tenable Nessus,2028-12-31,Supported,Critical,Tier 4,Development,Owner Missing,195545
APP-01395,MFB-Data-1395,Finance,SW-0072,Databricks Runtime 13.3 LTS,2026-09-30,EOL within 12 months,Critical,Tier 4,Development,Owner Identified,54958
APP-01396,MFB-Wealth-1396,Wealth Management,SW-0072,Databricks Runtime 13.3 LTS,2026-09-30,EOL within 12 months,High,Tier 4,Production,Owner Missing,175765
APP-01397,MFB-Risk-1397,Finance,SW-0033,Oracle Database 19c,2027-04-30,EOL within 12 months,High,Tier 1,Production,Owner Identified,230743
APP-01398,MFB-Wealth-1398,Human Resources,SW-0089,Apache Tomcat,2028-12-31,Supported,High,Tier 3,Development,Owner Identified,98012
APP-01399,MFB-Digital-1399,Capital Markets,SW-0030,Microsoft SQL Server 2016,2026-07-14,EOL within 12 months,High,Tier 1,DR,Owner Identified,40592
APP-01400,MFB-Payments-1400,Risk,SW-0027,Qualys VMDR,2030-01-01,Supported,High,Tier 1,Production,Owner Identified,180459
APP-01401,MFB-Risk-1401,Wealth Management,SW-0032,Microsoft SQL Server 2022,2033-01-11,Supported,Critical,Tier 1,Development,Owner Identified,165442
APP-01402,MFB-Risk-1402,Wealth Management,SW-0088,Apache Tomcat,2027-03-31,EOL within 12 months,Medium,Tier 4,Development,Owner Identified,214978
APP-01403,MFB-Digital-1403,Risk,SW-0073,Azure Data Factory,2030-01-01,Supported,High,Tier 3,Production,Owner Missing,204176
APP-01404,MFB-Retail-1404,Commercial Banking,SW-0088,Apache Tomcat,2027-03-31,EOL within 12 months,Critical,Tier 1,Production,Owner Identified,116875
APP-01405,MFB-Wealth-1405,Human Resources,SW-0025,Splunk Enterprise Security,2028-12-31,Supported,Medium,Tier 4,DR,Owner Missing,171125
APP-01406,MFB-Wealth-1406,Commercial Banking,SW-0089,Apache Tomcat,2028-12-31,Supported,High,Tier 2,Development,Owner Identified,203809
APP-01407,MFB-Ops-1407,Legal & Compliance,SW-0030,Microsoft SQL Server 2016,2026-07-14,EOL within 12 months,Medium,Tier 2,Development,Owner Identified,128635
APP-01408,MFB-Retail-1408,Data & Analytics,SW-0073,Azure Data Factory,2030-01-01,Supported,High,Tier 4,DR,Owner Identified,137728
APP-01409,MFB-Risk-1409,Cybersecurity,SW-0090,IBM WebSphere Application Server,2030-12-31,Supported,High,Tier 3,DR,Owner Identified,32376
APP-01410,MFB-Data-1410,Risk,SW-0090,IBM WebSphere Application Server,2030-12-31,Supported,High,Tier 2,Development,Owner Missing,123244
APP-01411,MFB-Digital-1411,Risk,SW-0035,PostgreSQL 14,2026-11-12,EOL within 12 months,Medium,Tier 2,Production,Owner Identified,238099
APP-01412,MFB-Risk-1412,Treasury,SW-0033,Oracle Database 19c,2027-04-30,EOL within 12 months,Medium,Tier 1,Development,Owner Identified,6846
APP-01413,MFB-Risk-1413,Wealth Management,SW-0075,Apache Kafka 3.5,2026-06-30,EOL within 12 months,High,Tier 2,Development,Owner Identified,243510
APP-01414,MFB-Risk-1414,Wealth Management,SW-0026,Tenable Nessus,2028-12-31,Supported,Medium,Tier 3,Production,Owner Missing,5411
APP-01415,MFB-Risk-1415,Data & Analytics,SW-0078,Power BI Desktop,2030-01-01,Supported,Critical,Tier 4,Development,Owner Identified,74402
APP-01416,MFB-Wealth-1416,Operations,SW-0083,ServiceNow IT Service Management,2025-11-30,Past EOL,Medium,Tier 1,Production,Owner Identified,101726
APP-01417,MFB-Retail-1417,Risk,SW-0091,Oracle WebLogic Server,2027-12-31,EOL within 24 months,Low,Tier 2,DR,Owner Missing,48727
APP-01418,MFB-Wealth-1418,Wealth Management,SW-0038,MongoDB Enterprise Advanced 6.0,2026-07-31,EOL within 12 months,High,Tier 4,Production,Owner Identified,199375
APP-01419,MFB-Digital-1419,Capital Markets,SW-0033,Oracle Database 19c,2027-04-30,EOL within 12 months,High,Tier 4,Development,Owner Identified,76916
APP-01420,MFB-Retail-1420,Capital Markets,SW-0035,PostgreSQL 14,2026-11-12,EOL within 12 months,Medium,Tier 4,Production,Owner Missing,246571
APP-01421,MFB-Payments-1421,Cybersecurity,SW-0036,PostgreSQL 15,2027-11-11,EOL within 24 months,Low,Tier 4,Production,Owner Identified,67675
APP-01422,MFB-Risk-1422,Operations,SW-0038,MongoDB Enterprise Advanced 6.0,2026-07-31,EOL within 12 months,High,Tier 2,Production,Owner Missing,126176
APP-01423,MFB-Wealth-1423,Capital Markets,SW-0036,PostgreSQL 15,2027-11-11,EOL within 24 months,High,Tier 1,DR,Owner Identified,22576
APP-01424,MFB-Digital-1424,Commercial Banking,SW-0026,Tenable Nessus,2028-12-31,Supported,Medium,Tier 1,Development,Owner Missing,112534
APP-01425,MFB-Digital-1425,Cybersecurity,SW-0091,Oracle WebLogic Server,2027-12-31,EOL within 24 months,High,Tier 4,Production,Owner Identified,242163
APP-01426,MFB-Treasury-1426,Human Resources,SW-0078,Power BI Desktop,2030-01-01,Supported,Critical,Tier 2,Production,Owner Missing,80904
APP-01427,MFB-Loan-1427,Operations,SW-0074,Informatica PowerCenter 10.5,2027-12-31,EOL within 24 months,Critical,Tier 1,Development,Owner Missing,197102
APP-01428,MFB-Loan-1428,Finance,SW-0074,Informatica PowerCenter 10.5,2027-12-31,EOL within 24 months,Low,Tier 2,DR,Owner Missing,120977
APP-01429,MFB-Risk-1429,Human Resources,SW-0079,Tableau Desktop 2024.x,2027-12-31,EOL within 24 months,Medium,Tier 1,Production,Owner Missing,159186
APP-01430,MFB-Payments-1430,Cybersecurity,SW-0087,IBM MQ,2028-12-31,Supported,High,Tier 2,Production,Owner Missing,90316
APP-01431,MFB-Digital-1431,Legal & Compliance,SW-0086,MuleSoft Anypoint Platform,2030-01-01,Supported,Medium,Tier 1,Production,Owner Missing,130493
APP-01432,MFB-Treasury-1432,Human Resources,SW-0089,Apache Tomcat,2028-12-31,Supported,High,Tier 4,Production,Owner Missing,212446
APP-01433,MFB-Payments-1433,Technology,SW-0089,Apache Tomcat,2028-12-31,Supported,Low,Tier 4,DR,Owner Identified,79399
APP-01434,MFB-Risk-1434,Capital Markets,SW-0030,Microsoft SQL Server 2016,2026-07-14,EOL within 12 months,Low,Tier 4,Development,Owner Missing,61054
APP-01435,MFB-Digital-1435,Commercial Banking,SW-0072,Databricks Runtime 13.3 LTS,2026-09-30,EOL within 12 months,High,Tier 2,DR,Owner Identified,174296
APP-01436,MFB-Treasury-1436,Risk,SW-0090,IBM WebSphere Application Server,2030-12-31,Supported,Medium,Tier 2,Development,Owner Identified,82663
APP-01437,MFB-Payments-1437,Operations,SW-0074,Informatica PowerCenter 10.5,2027-12-31,EOL within 24 months,Medium,Tier 3,Production,Owner Identified,30362
APP-01438,MFB-Digital-1438,Wealth Management,SW-0030,Microsoft SQL Server 2016,2026-07-14,EOL within 12 months,High,Tier 1,DR,Owner Identified,163789
APP-01439,MFB-Treasury-1439,Legal & Compliance,SW-0030,Microsoft SQL Server 2016,2026-07-14,EOL within 12 months,Critical,Tier 4,Production,Owner Missing,74222
APP-01440,MFB-Ops-1440,Legal & Compliance,SW-0083,ServiceNow IT Service Management,2025-11-30,Past EOL,High,Tier 1,Production,Owner Identified,27541
APP-01441,MFB-Wealth-1441,Finance,SW-0080,SAS Viya 4,2028-12-31,Supported,Critical,Tier 2,Development,Owner Missing,12757
APP-01442,MFB-Loan-1442,Finance,SW-0082,SAP S/4HANA,2027-12-31,EOL within 24 months,Critical,Tier 4,Production,Owner Missing,171960
APP-01443,MFB-Digital-1443,Technology,SW-0030,Microsoft SQL Server 2016,2026-07-14,EOL within 12 months,High,Tier 4,Production,Owner Missing,132275
APP-01444,MFB-Payments-1444,Retail Banking,SW-0088,Apache Tomcat,2027-03-31,EOL within 12 months,High,Tier 4,Production,Owner Identified,109130
APP-01445,MFB-Risk-1445,Technology,SW-0090,IBM WebSphere Application Server,2030-12-31,Supported,High,Tier 3,Production,Owner Missing,223559
APP-01446,MFB-Ops-1446,Operations,SW-0023,CrowdStrike Falcon,2030-01-01,Supported,High,Tier 4,Production,Owner Missing,94796
APP-01447,MFB-Treasury-1447,Retail Banking,SW-0032,Microsoft SQL Server 2022,2033-01-11,Supported,Critical,Tier 4,Production,Owner Identified,155007
APP-01448,MFB-Retail-1448,Retail Banking,SW-0024,CyberArk Privileged Access Manager,2028-12-31,Supported,Medium,Tier 4,Development,Owner Identified,39982
APP-01449,MFB-Payments-1449,Capital Markets,SW-0072,Databricks Runtime 13.3 LTS,2026-09-30,EOL within 12 months,High,Tier 2,Production,Owner Identified,216037
APP-01450,MFB-Ops-1450,Risk,SW-0088,Apache Tomcat,2027-03-31,EOL within 12 months,High,Tier 3,Production,Owner Identified,245038
APP-01451,MFB-Payments-1451,Technology,SW-0032,Microsoft SQL Server 2022,2033-01-11,Supported,Low,Tier 1,DR,Owner Identified,231587
APP-01452,MFB-Digital-1452,Technology,SW-0084,Salesforce Financial Services Cloud,2030-01-01,Supported,Critical,Tier 2,Development,Owner Identified,25145
APP-01453,MFB-Retail-1453,Legal & Compliance,SW-0089,Apache Tomcat,2028-12-31,Supported,High,Tier 1,Production,Owner Identified,54878
APP-01454,MFB-Data-1454,Capital Markets,SW-0038,MongoDB Enterprise Advanced 6.0,2026-07-31,EOL within 12 months,Low,Tier 3,DR,Owner Missing,138916
APP-01455,MFB-Data-1455,Data & Analytics,SW-0035,PostgreSQL 14,2026-11-12,EOL within 12 months,Critical,Tier 1,Production,Owner Identified,66407
APP-01456,MFB-Payments-1456,Treasury,SW-0025,Splunk Enterprise Security,2028-12-31,Supported,High,Tier 3,Production,Owner Identified,142722
APP-01457,MFB-Risk-1457,Treasury,SW-0081,IBM SPSS Statistics 29,2028-09-30,Supported,Critical,Tier 3,DR,Owner Identified,181114
APP-01458,MFB-Loan-1458,Treasury,SW-0072,Databricks Runtime 13.3 LTS,2026-09-30,EOL within 12 months,Critical,Tier 1,Production,Owner Missing,196724
APP-01459,MFB-Payments-1459,Risk,SW-0032,Microsoft SQL Server 2022,2033-01-11,Supported,High,Tier 3,Production,Owner Missing,76652
APP-01460,MFB-Ops-1460,Technology,SW-0037,MySQL Community Server 8.0,2026-04-30,Past EOL,Critical,Tier 1,Production,Owner Missing,242185
APP-01461,MFB-Data-1461,Human Resources,SW-0089,Apache Tomcat,2028-12-31,Supported,Medium,Tier 2,Production,Owner Identified,217384
APP-01462,MFB-Treasury-1462,Finance,SW-0083,ServiceNow IT Service Management,2025-11-30,Past EOL,High,Tier 1,Production,Owner Missing,236169
APP-01463,MFB-Payments-1463,Commercial Banking,SW-0081,IBM SPSS Statistics 29,2028-09-30,Supported,High,Tier 3,DR,Owner Identified,50955
APP-01464,MFB-Risk-1464,Data & Analytics,SW-0084,Salesforce Financial Services Cloud,2030-01-01,Supported,Critical,Tier 3,Development,Owner Identified,224863
APP-01465,MFB-Risk-1465,Finance,SW-0084,Salesforce Financial Services Cloud,2030-01-01,Supported,High,Tier 1,Development,Owner Identified,121982
APP-01466,MFB-Treasury-1466,Wealth Management,SW-0030,Microsoft SQL Server 2016,2026-07-14,EOL within 12 months,Critical,Tier 1,Production,Owner Missing,93051
APP-01467,MFB-Wealth-1467,Human Resources,SW-0022,Microsoft Defender for Endpoint,2030-01-01,Supported,Critical,Tier 4,Production,Owner Missing,210204
APP-01468,MFB-Wealth-1468,Data & Analytics,SW-0083,ServiceNow IT Service Management,2025-11-30,Past EOL,Medium,Tier 4,Development,Owner Missing,23568
APP-01469,MFB-Loan-1469,Legal & Compliance,SW-0090,IBM WebSphere Application Server,2030-12-31,Supported,Critical,Tier 1,Development,Owner Identified,9473
APP-01470,MFB-Retail-1470,Technology,SW-0072,Databricks Runtime 13.3 LTS,2026-09-30,EOL within 12 months,High,Tier 2,Production,Owner Missing,137196
APP-01471,MFB-Digital-1471,Operations,SW-0026,Tenable Nessus,2028-12-31,Supported,High,Tier 3,Development,Owner Identified,227140
APP-01472,MFB-Retail-1472,Risk,SW-0087,IBM MQ,2028-12-31,Supported,Critical,Tier 3,DR,Owner Identified,179055
APP-01473,MFB-Risk-1473,Retail Banking,SW-0030,Microsoft SQL Server 2016,2026-07-14,EOL within 12 months,Critical,Tier 4,Production,Owner Missing,32422
APP-01474,MFB-Payments-1474,Human Resources,SW-0086,MuleSoft Anypoint Platform,2030-01-01,Supported,Medium,Tier 4,Development,Owner Missing,244300
APP-01475,MFB-Payments-1475,Legal & Compliance,SW-0084,Salesforce Financial Services Cloud,2030-01-01,Supported,Medium,Tier 4,DR,Owner Missing,140985
APP-01476,MFB-Ops-1476,Finance,SW-0072,Databricks Runtime 13.3 LTS,2026-09-30,EOL within 12 months,High,Tier 1,Production,Owner Missing,89330
APP-01477,MFB-Digital-1477,Risk,SW-0072,Databricks Runtime 13.3 LTS,2026-09-30,EOL within 12 months,Low,Tier 2,DR,Owner Identified,35005
APP-01478,MFB-Wealth-1478,Capital Markets,SW-0037,MySQL Community Server 8.0,2026-04-30,Past EOL,Critical,Tier 2,Development,Owner Identified,136931
APP-01479,MFB-Risk-1479,Operations,SW-0028,Zscaler Internet Access,2030-01-01,Supported,High,Tier 3,DR,Owner Missing,188314
APP-01480,MFB-Digital-1480,Retail Banking,SW-0079,Tableau Desktop 2024.x,2027-12-31,EOL within 24 months,High,Tier 1,Production,Owner Missing,158751
APP-01481,MFB-Loan-1481,Risk,SW-0090,IBM WebSphere Application Server,2030-12-31,Supported,High,Tier 1,Production,Owner Identified,246652
APP-01482,MFB-Digital-1482,Risk,SW-0026,Tenable Nessus,2028-12-31,Supported,Medium,Tier 2,Production,Owner Identified,36858
APP-01483,MFB-Data-1483,Technology,SW-0075,Apache Kafka 3.5,2026-06-30,EOL within 12 months,High,Tier 4,Development,Owner Missing,184579
APP-01484,MFB-Retail-1484,Cybersecurity,SW-0090,IBM WebSphere Application Server,2030-12-31,Supported,Critical,Tier 1,Development,Owner Identified,67655
APP-01485,MFB-Risk-1485,Wealth Management,SW-0073,Azure Data Factory,2030-01-01,Supported,Low,Tier 1,Production,Owner Missing,55018
APP-01486,MFB-Loan-1486,Treasury,SW-0026,Tenable Nessus,2028-12-31,Supported,Critical,Tier 3,DR,Owner Identified,246520
APP-01487,MFB-Wealth-1487,Human Resources,SW-0030,Microsoft SQL Server 2016,2026-07-14,EOL within 12 months,Critical,Tier 4,Production,Owner Missing,160446
APP-01488,MFB-Retail-1488,Cybersecurity,SW-0031,Microsoft SQL Server 2019,2030-01-08,Supported,Medium,Tier 3,Development,Owner Identified,66380
APP-01489,MFB-Risk-1489,Commercial Banking,SW-0085,Workday Human Capital Management,2030-01-01,Supported,Medium,Tier 3,Development,Owner Identified,191734
APP-01490,MFB-Loan-1490,Data & Analytics,SW-0079,Tableau Desktop 2024.x,2027-12-31,EOL within 24 months,High,Tier 2,DR,Owner Identified,94026
APP-01491,MFB-Digital-1491,Data & Analytics,SW-0083,ServiceNow IT Service Management,2025-11-30,Past EOL,Critical,Tier 2,DR,Owner Identified,98991
APP-01492,MFB-Wealth-1492,Finance,SW-0081,IBM SPSS Statistics 29,2028-09-30,Supported,High,Tier 4,DR,Owner Missing,101538
APP-01493,MFB-Wealth-1493,Operations,SW-0035,PostgreSQL 14,2026-11-12,EOL within 12 months,Medium,Tier 4,Development,Owner Identified,158210
APP-01494,MFB-Risk-1494,Capital Markets,SW-0030,Microsoft SQL Server 2016,2026-07-14,EOL within 12 months,Medium,Tier 3,Production,Owner Identified,187170
APP-01495,MFB-Loan-1495,Legal & Compliance,SW-0035,PostgreSQL 14,2026-11-12,EOL within 12 months,Critical,Tier 1,Production,Owner Identified,76331
APP-01496,MFB-Retail-1496,Finance,SW-0079,Tableau Desktop 2024.x,2027-12-31,EOL within 24 months,Medium,Tier 1,Production,Owner Identified,148029
APP-01497,MFB-Loan-1497,Retail Banking,SW-0089,Apache Tomcat,2028-12-31,Supported,High,Tier 3,Production,Owner Identified,32313
APP-01498,MFB-Risk-1498,Cybersecurity,SW-0026,Tenable Nessus,2028-12-31,Supported,Critical,Tier 3,Development,Owner Identified,26696
APP-01499,MFB-Ops-1499,Wealth Management,SW-0035,PostgreSQL 14,2026-11-12,EOL within 12 months,Critical,Tier 4,Production,Owner Identified,173876
APP-01500,MFB-Treasury-1500,Finance,SW-0078,Power BI Desktop,2030-01-01,Supported,Medium,Tier 2,DR,Owner Missing,152182
