Cloud_Resource_ID,Cloud_Provider,Service_Name,Service_Category,Subscription_Account,Deployment_Date,Support_End_Date,Lifecycle_Status,Business_Unit,Criticality,Monthly_Run_Cost_CAD
CLD-000001,Azure,Azure Virtual Machines,Compute,data-platform,2019-05-03,2023-05-02,Past EOL,Retail Banking,Medium,14460
CLD-000002,AWS,Amazon EC2,Compute,nonprod-subscription,2023-06-27,2029-06-25,Supported,Cybersecurity,Critical,13539
CLD-000003,AWS,Amazon S3,Storage,nonprod-subscription,2022-06-28,2030-01-01,Supported,Technology,Medium,7519
CLD-000004,Azure,Azure Data Factory,Data Integration,security-ops,2019-04-08,2030-01-01,Supported,Legal & Compliance,High,6704
CLD-000005,Azure,Azure Virtual Machines,Compute,security-ops,2021-06-27,2024-06-26,Past EOL,Treasury,High,11268
CLD-000006,Azure,Azure App Service,Platform Service,digital-banking,2023-04-19,2030-01-01,Supported,Cybersecurity,High,4562
CLD-000007,AWS,Amazon RDS,Database,data-platform,2021-04-24,2024-04-23,Past EOL,Risk,Medium,7044
CLD-000008,AWS,Amazon EC2,Compute,data-platform,2020-08-07,2024-08-06,Past EOL,Retail Banking,Low,5262
CLD-000009,AWS,Amazon S3,Storage,data-platform,2022-03-03,2030-01-01,Supported,Human Resources,Medium,13605
CLD-000010,Azure,Azure Data Factory,Data Integration,prod-subscription,2024-01-19,2030-01-01,Supported,Finance,High,12610
CLD-000011,Azure,Azure Kubernetes Service,Container,prod-subscription,2021-01-24,2024-01-24,Past EOL,Operations,Critical,3162
CLD-000012,AWS,Amazon RDS,Database,prod-subscription,2025-06-21,2028-06-20,Supported,Human Resources,Medium,10525
CLD-000013,Azure,Azure Data Factory,Data Integration,security-ops,2020-08-14,2030-01-01,Supported,Treasury,Medium,1194
CLD-000014,Azure,Azure Data Factory,Data Integration,digital-banking,2022-09-22,2030-01-01,Supported,Capital Markets,High,11444
CLD-000015,AWS,Amazon EC2,Compute,nonprod-subscription,2021-12-20,2026-12-19,EOL within 12 months,Legal & Compliance,Medium,10323
CLD-000016,Azure,Azure App Service,Platform Service,security-ops,2026-03-07,2030-01-01,Supported,Treasury,Medium,1969
CLD-000017,AWS,Amazon S3,Storage,nonprod-subscription,2021-07-09,2030-01-01,Supported,Data & Analytics,Critical,14550
CLD-000018,Azure,Azure SQL Database,Database,data-platform,2024-05-26,2030-05-25,Supported,Human Resources,Medium,10577
CLD-000019,AWS,Amazon RDS,Database,prod-subscription,2025-01-26,2028-01-26,EOL within 24 months,Operations,High,597
CLD-000020,AWS,AWS Lambda,Serverless,nonprod-subscription,2026-02-26,2030-01-01,Supported,Data & Analytics,High,8269
CLD-000021,Azure,Azure Virtual Machines,Compute,digital-banking,2024-08-28,2029-08-27,Supported,Operations,High,158
CLD-000022,Azure,Azure App Service,Platform Service,security-ops,2025-04-30,2030-01-01,Supported,Cybersecurity,Critical,14700
CLD-000023,AWS,Amazon EKS,Container,data-platform,2025-08-15,2031-08-14,Supported,Cybersecurity,Medium,2835
CLD-000024,Azure,Azure SQL Database,Database,digital-banking,2022-07-25,2027-07-24,EOL within 24 months,Retail Banking,Critical,9174
CLD-000025,AWS,Amazon RDS,Database,nonprod-subscription,2019-07-06,2025-07-04,Past EOL,Legal & Compliance,Medium,5874
CLD-000026,Azure,Azure Virtual Machines,Compute,prod-subscription,2024-04-17,2029-04-16,Supported,Legal & Compliance,High,9214
CLD-000027,AWS,Amazon S3,Storage,nonprod-subscription,2023-09-17,2030-01-01,Supported,Risk,High,2246
CLD-000028,Azure,Azure SQL Database,Database,security-ops,2024-05-17,2028-05-16,EOL within 24 months,Legal & Compliance,High,12322
CLD-000029,Azure,Azure Data Factory,Data Integration,prod-subscription,2024-02-24,2030-01-01,Supported,Legal & Compliance,Critical,8047
CLD-000030,Azure,Azure SQL Database,Database,prod-subscription,2019-09-06,2023-09-05,Past EOL,Human Resources,High,9808
CLD-000031,Azure,Azure Virtual Machines,Compute,nonprod-subscription,2022-11-12,2027-11-11,EOL within 24 months,Legal & Compliance,High,13494
CLD-000032,AWS,Amazon S3,Storage,data-platform,2021-04-09,2030-01-01,Supported,Capital Markets,High,2031
CLD-000033,Azure,Azure SQL Database,Database,prod-subscription,2026-05-17,2032-05-15,Supported,Treasury,Medium,4438
CLD-000034,Azure,Azure App Service,Platform Service,digital-banking,2025-09-22,2030-01-01,Supported,Data & Analytics,High,13886
CLD-000035,AWS,Amazon S3,Storage,prod-subscription,2020-08-09,2030-01-01,Supported,Finance,Low,14133
CLD-000036,AWS,Amazon EKS,Container,prod-subscription,2025-10-22,2029-10-21,Supported,Capital Markets,Critical,375
CLD-000037,Azure,Azure App Service,Platform Service,data-platform,2024-05-23,2030-01-01,Supported,Legal & Compliance,High,10210
CLD-000038,Azure,Azure App Service,Platform Service,security-ops,2021-01-14,2030-01-01,Supported,Risk,High,1231
CLD-000039,Azure,Azure Virtual Machines,Compute,data-platform,2019-09-12,2025-09-10,Past EOL,Operations,High,8982
CLD-000040,AWS,Amazon RDS,Database,security-ops,2024-01-01,2026-12-31,EOL within 12 months,Retail Banking,High,8462
CLD-000041,Azure,Azure Kubernetes Service,Container,prod-subscription,2023-04-05,2027-04-04,EOL within 12 months,Retail Banking,High,12639
CLD-000042,Azure,Azure Virtual Machines,Compute,security-ops,2020-04-22,2023-04-22,Past EOL,Risk,Medium,6728
CLD-000043,AWS,AWS Lambda,Serverless,digital-banking,2024-04-27,2030-01-01,Supported,Operations,Medium,6274
CLD-000044,AWS,Amazon RDS,Database,nonprod-subscription,2021-03-29,2024-03-28,Past EOL,Commercial Banking,High,9704
CLD-000045,AWS,Amazon RDS,Database,nonprod-subscription,2023-02-25,2026-02-24,Past EOL,Finance,High,5698
CLD-000046,Azure,Azure Virtual Machines,Compute,digital-banking,2019-01-15,2022-01-14,Past EOL,Legal & Compliance,Low,13681
CLD-000047,AWS,Amazon S3,Storage,digital-banking,2019-05-07,2030-01-01,Supported,Operations,Low,12136
CLD-000048,Azure,Azure Data Factory,Data Integration,prod-subscription,2025-03-28,2030-01-01,Supported,Capital Markets,Medium,10309
CLD-000049,Azure,Azure Kubernetes Service,Container,data-platform,2022-02-16,2027-02-15,EOL within 12 months,Risk,Critical,13077
CLD-000050,Azure,Azure Virtual Machines,Compute,security-ops,2022-05-17,2026-05-16,Past EOL,Wealth Management,High,5627
CLD-000051,Azure,Azure Virtual Machines,Compute,data-platform,2022-07-26,2028-07-24,Supported,Capital Markets,Critical,877
CLD-000052,Azure,Azure Virtual Machines,Compute,data-platform,2023-08-12,2027-08-11,EOL within 24 months,Retail Banking,High,7356
CLD-000053,Azure,Azure Data Factory,Data Integration,security-ops,2023-10-16,2030-01-01,Supported,Wealth Management,Medium,8414
CLD-000054,AWS,Amazon EC2,Compute,security-ops,2019-04-11,2025-04-09,Past EOL,Finance,Medium,5817
CLD-000055,AWS,Amazon S3,Storage,data-platform,2024-09-23,2030-01-01,Supported,Legal & Compliance,High,4647
CLD-000056,AWS,AWS Lambda,Serverless,prod-subscription,2022-05-31,2030-01-01,Supported,Retail Banking,High,12976
CLD-000057,Azure,Azure SQL Database,Database,digital-banking,2024-12-10,2029-12-09,Supported,Commercial Banking,Low,2331
CLD-000058,AWS,Amazon S3,Storage,prod-subscription,2021-03-01,2030-01-01,Supported,Finance,Low,8533
CLD-000059,Azure,Azure Data Factory,Data Integration,data-platform,2024-09-30,2030-01-01,Supported,Treasury,Critical,10741
CLD-000060,Azure,Azure Data Factory,Data Integration,prod-subscription,2022-03-14,2030-01-01,Supported,Legal & Compliance,Medium,7785
CLD-000061,Azure,Azure SQL Database,Database,nonprod-subscription,2023-09-21,2026-09-20,EOL within 12 months,Technology,Critical,3457
CLD-000062,Azure,Azure SQL Database,Database,security-ops,2025-02-05,2028-02-05,EOL within 24 months,Data & Analytics,Medium,3941
CLD-000063,Azure,Azure Kubernetes Service,Container,data-platform,2025-04-08,2028-04-07,EOL within 24 months,Retail Banking,High,13623
CLD-000064,AWS,Amazon S3,Storage,prod-subscription,2025-04-04,2030-01-01,Supported,Legal & Compliance,High,12264
CLD-000065,AWS,AWS Lambda,Serverless,prod-subscription,2023-10-31,2030-01-01,Supported,Retail Banking,High,10775
CLD-000066,AWS,Amazon S3,Storage,security-ops,2026-02-07,2030-01-01,Supported,Operations,Medium,7338
CLD-000067,Azure,Azure App Service,Platform Service,digital-banking,2024-02-20,2030-01-01,Supported,Cybersecurity,Low,8097
CLD-000068,Azure,Azure Kubernetes Service,Container,prod-subscription,2020-04-21,2023-04-21,Past EOL,Technology,Low,1524
CLD-000069,AWS,Amazon S3,Storage,prod-subscription,2023-12-01,2030-01-01,Supported,Data & Analytics,High,2713
CLD-000070,Azure,Azure App Service,Platform Service,prod-subscription,2024-11-23,2030-01-01,Supported,Operations,Critical,9003
CLD-000071,Azure,Azure Data Factory,Data Integration,data-platform,2025-11-29,2030-01-01,Supported,Data & Analytics,Critical,13684
CLD-000072,AWS,Amazon S3,Storage,digital-banking,2026-05-21,2030-01-01,Supported,Legal & Compliance,Critical,14165
CLD-000073,AWS,AWS Lambda,Serverless,prod-subscription,2020-11-19,2030-01-01,Supported,Risk,Critical,8215
CLD-000074,AWS,Amazon EKS,Container,security-ops,2024-06-05,2028-06-04,Supported,Technology,Low,6472
CLD-000075,Azure,Azure Virtual Machines,Compute,prod-subscription,2023-12-25,2028-12-23,Supported,Technology,High,2592
CLD-000076,AWS,Amazon RDS,Database,nonprod-subscription,2021-10-25,2027-10-24,EOL within 24 months,Commercial Banking,High,7195
CLD-000077,AWS,Amazon EKS,Container,nonprod-subscription,2023-02-19,2027-02-18,EOL within 12 months,Retail Banking,High,3556
CLD-000078,AWS,Amazon EKS,Container,digital-banking,2024-02-16,2027-02-15,EOL within 12 months,Finance,Critical,800
CLD-000079,Azure,Azure App Service,Platform Service,prod-subscription,2026-04-09,2030-01-01,Supported,Technology,High,14648
CLD-000080,Azure,Azure Kubernetes Service,Container,data-platform,2026-01-10,2032-01-09,Supported,Risk,Critical,6092
CLD-000081,AWS,Amazon EC2,Compute,prod-subscription,2022-05-07,2027-05-06,EOL within 12 months,Technology,High,6477
CLD-000082,AWS,Amazon S3,Storage,prod-subscription,2022-03-10,2030-01-01,Supported,Human Resources,High,13776
CLD-000083,Azure,Azure SQL Database,Database,security-ops,2019-01-20,2022-01-19,Past EOL,Finance,Low,6001
CLD-000084,AWS,Amazon EKS,Container,digital-banking,2025-03-05,2030-03-04,Supported,Commercial Banking,High,6352
CLD-000085,Azure,Azure App Service,Platform Service,nonprod-subscription,2023-01-31,2030-01-01,Supported,Retail Banking,High,3341
CLD-000086,Azure,Azure App Service,Platform Service,prod-subscription,2021-02-27,2030-01-01,Supported,Capital Markets,Medium,109
CLD-000087,AWS,Amazon S3,Storage,security-ops,2023-10-16,2030-01-01,Supported,Operations,High,313
CLD-000088,AWS,Amazon EKS,Container,data-platform,2019-10-19,2024-10-17,Past EOL,Retail Banking,High,14679
CLD-000089,Azure,Azure App Service,Platform Service,security-ops,2026-01-05,2030-01-01,Supported,Finance,Low,14361
CLD-000090,AWS,AWS Lambda,Serverless,security-ops,2022-09-20,2030-01-01,Supported,Data & Analytics,High,12177
CLD-000091,Azure,Azure Data Factory,Data Integration,digital-banking,2025-08-16,2030-01-01,Supported,Capital Markets,Critical,4830
CLD-000092,Azure,Azure Data Factory,Data Integration,data-platform,2020-11-12,2030-01-01,Supported,Capital Markets,High,1639
CLD-000093,AWS,Amazon EKS,Container,digital-banking,2022-02-24,2025-02-23,Past EOL,Finance,High,1364
CLD-000094,Azure,Azure SQL Database,Database,nonprod-subscription,2019-12-01,2024-11-29,Past EOL,Capital Markets,Medium,6077
CLD-000095,AWS,Amazon S3,Storage,prod-subscription,2019-01-03,2030-01-01,Supported,Capital Markets,Critical,7868
CLD-000096,Azure,Azure Data Factory,Data Integration,security-ops,2023-07-13,2030-01-01,Supported,Finance,High,1382
CLD-000097,AWS,Amazon RDS,Database,prod-subscription,2026-04-14,2031-04-13,Supported,Legal & Compliance,Low,14397
CLD-000098,Azure,Azure Data Factory,Data Integration,nonprod-subscription,2026-02-17,2030-01-01,Supported,Finance,Medium,8876
CLD-000099,Azure,Azure SQL Database,Database,nonprod-subscription,2025-05-22,2029-05-21,Supported,Cybersecurity,Medium,1456
CLD-000100,AWS,Amazon S3,Storage,nonprod-subscription,2019-01-22,2030-01-01,Supported,Data & Analytics,Medium,4141
CLD-000101,AWS,Amazon EC2,Compute,data-platform,2021-07-19,2025-07-18,Past EOL,Treasury,Medium,8637
CLD-000102,AWS,AWS Lambda,Serverless,data-platform,2020-11-20,2030-01-01,Supported,Commercial Banking,Critical,8229
CLD-000103,Azure,Azure Virtual Machines,Compute,prod-subscription,2022-10-13,2025-10-12,Past EOL,Cybersecurity,Critical,5011
CLD-000104,Azure,Azure Data Factory,Data Integration,digital-banking,2021-11-24,2030-01-01,Supported,Technology,Critical,12402
CLD-000105,Azure,Azure Data Factory,Data Integration,prod-subscription,2020-04-12,2030-01-01,Supported,Treasury,Critical,8673
CLD-000106,Azure,Azure Virtual Machines,Compute,nonprod-subscription,2024-02-18,2027-02-17,EOL within 12 months,Cybersecurity,Medium,5450
CLD-000107,Azure,Azure Virtual Machines,Compute,data-platform,2023-04-15,2028-04-13,EOL within 24 months,Human Resources,High,9813
CLD-000108,Azure,Azure Virtual Machines,Compute,prod-subscription,2025-05-11,2030-05-10,Supported,Commercial Banking,High,3347
CLD-000109,AWS,Amazon S3,Storage,prod-subscription,2023-12-27,2030-01-01,Supported,Operations,High,12500
CLD-000110,AWS,Amazon S3,Storage,digital-banking,2025-11-25,2030-01-01,Supported,Technology,High,11047
CLD-000111,AWS,Amazon S3,Storage,data-platform,2021-09-09,2030-01-01,Supported,Wealth Management,High,304
CLD-000112,AWS,Amazon EC2,Compute,security-ops,2023-10-26,2029-10-24,Supported,Technology,Medium,11692
CLD-000113,AWS,Amazon RDS,Database,digital-banking,2021-03-07,2026-03-06,Past EOL,Legal & Compliance,High,1537
CLD-000114,Azure,Azure Kubernetes Service,Container,data-platform,2023-05-28,2028-05-26,EOL within 24 months,Retail Banking,Critical,7894
CLD-000115,Azure,Azure App Service,Platform Service,prod-subscription,2024-08-20,2030-01-01,Supported,Retail Banking,High,5296
CLD-000116,Azure,Azure Kubernetes Service,Container,nonprod-subscription,2024-11-30,2027-11-30,EOL within 24 months,Data & Analytics,Critical,13079
CLD-000117,AWS,Amazon RDS,Database,prod-subscription,2019-08-15,2022-08-14,Past EOL,Commercial Banking,Medium,9705
CLD-000118,Azure,Azure Kubernetes Service,Container,nonprod-subscription,2022-06-07,2026-06-06,EOL within 12 months,Wealth Management,High,13543
CLD-000119,Azure,Azure Data Factory,Data Integration,prod-subscription,2021-12-05,2030-01-01,Supported,Capital Markets,High,14942
CLD-000120,AWS,Amazon EC2,Compute,nonprod-subscription,2019-07-31,2024-07-29,Past EOL,Retail Banking,High,7102
CLD-000121,Azure,Azure App Service,Platform Service,digital-banking,2019-03-26,2030-01-01,Supported,Retail Banking,High,7126
CLD-000122,Azure,Azure App Service,Platform Service,prod-subscription,2024-01-20,2030-01-01,Supported,Risk,Low,5395
CLD-000123,AWS,AWS Lambda,Serverless,nonprod-subscription,2022-11-08,2030-01-01,Supported,Retail Banking,Low,4269
CLD-000124,Azure,Azure Kubernetes Service,Container,data-platform,2019-07-24,2022-07-23,Past EOL,Cybersecurity,Medium,3665
CLD-000125,Azure,Azure SQL Database,Database,prod-subscription,2026-03-28,2032-03-26,Supported,Retail Banking,Medium,5665
CLD-000126,AWS,Amazon RDS,Database,prod-subscription,2025-02-02,2029-02-01,Supported,Operations,High,6706
CLD-000127,Azure,Azure SQL Database,Database,prod-subscription,2023-04-11,2028-04-09,EOL within 24 months,Treasury,Critical,4536
CLD-000128,Azure,Azure Kubernetes Service,Container,digital-banking,2023-11-20,2027-11-19,EOL within 24 months,Risk,High,4644
CLD-000129,AWS,Amazon EC2,Compute,nonprod-subscription,2026-02-05,2029-02-04,Supported,Finance,Medium,1182
CLD-000130,AWS,Amazon EC2,Compute,digital-banking,2022-10-09,2026-10-08,EOL within 12 months,Legal & Compliance,Low,5713
CLD-000131,AWS,AWS Lambda,Serverless,data-platform,2019-04-25,2030-01-01,Supported,Retail Banking,Medium,14326
CLD-000132,Azure,Azure SQL Database,Database,digital-banking,2025-05-15,2031-05-14,Supported,Capital Markets,Critical,5517
CLD-000133,AWS,AWS Lambda,Serverless,nonprod-subscription,2024-06-24,2030-01-01,Supported,Wealth Management,Medium,4647
CLD-000134,AWS,Amazon S3,Storage,data-platform,2025-12-07,2030-01-01,Supported,Treasury,Medium,106
CLD-000135,AWS,AWS Lambda,Serverless,prod-subscription,2021-07-14,2030-01-01,Supported,Data & Analytics,Critical,1958
CLD-000136,Azure,Azure App Service,Platform Service,security-ops,2024-09-05,2030-01-01,Supported,Treasury,Medium,14892
CLD-000137,AWS,Amazon EKS,Container,data-platform,2024-05-08,2028-05-07,EOL within 24 months,Risk,Medium,4368
CLD-000138,AWS,Amazon S3,Storage,nonprod-subscription,2022-06-06,2030-01-01,Supported,Capital Markets,Medium,2261
CLD-000139,Azure,Azure App Service,Platform Service,nonprod-subscription,2019-08-05,2030-01-01,Supported,Data & Analytics,Medium,6175
CLD-000140,AWS,Amazon EC2,Compute,prod-subscription,2021-12-17,2024-12-16,Past EOL,Operations,Critical,13870
CLD-000141,Azure,Azure SQL Database,Database,digital-banking,2019-09-07,2022-09-06,Past EOL,Data & Analytics,Low,9458
CLD-000142,AWS,Amazon EC2,Compute,digital-banking,2022-06-10,2027-06-09,EOL within 24 months,Retail Banking,Critical,12507
CLD-000143,Azure,Azure SQL Database,Database,prod-subscription,2026-04-17,2032-04-15,Supported,Capital Markets,Critical,7206
CLD-000144,Azure,Azure Kubernetes Service,Container,digital-banking,2023-06-04,2027-06-03,EOL within 24 months,Retail Banking,Critical,9905
CLD-000145,AWS,Amazon S3,Storage,security-ops,2025-10-31,2030-01-01,Supported,Retail Banking,Critical,13307
CLD-000146,Azure,Azure Kubernetes Service,Container,security-ops,2025-04-05,2028-04-04,EOL within 24 months,Operations,High,4333
CLD-000147,Azure,Azure App Service,Platform Service,digital-banking,2025-09-28,2030-01-01,Supported,Finance,Medium,2562
CLD-000148,AWS,AWS Lambda,Serverless,digital-banking,2023-02-25,2030-01-01,Supported,Treasury,High,13336
CLD-000149,Azure,Azure Data Factory,Data Integration,nonprod-subscription,2021-11-24,2030-01-01,Supported,Capital Markets,Medium,9985
CLD-000150,Azure,Azure Virtual Machines,Compute,prod-subscription,2025-09-10,2029-09-09,Supported,Human Resources,High,9052
CLD-000151,Azure,Azure Virtual Machines,Compute,nonprod-subscription,2025-04-25,2030-04-24,Supported,Technology,High,2146
CLD-000152,Azure,Azure Data Factory,Data Integration,prod-subscription,2021-08-20,2030-01-01,Supported,Operations,High,7583
CLD-000153,AWS,Amazon EKS,Container,security-ops,2023-01-16,2029-01-14,Supported,Cybersecurity,Critical,11026
CLD-000154,AWS,Amazon EKS,Container,data-platform,2021-07-05,2026-07-04,EOL within 12 months,Risk,High,2324
CLD-000155,AWS,Amazon EC2,Compute,data-platform,2020-10-19,2026-10-18,EOL within 12 months,Risk,Medium,1855
CLD-000156,Azure,Azure SQL Database,Database,security-ops,2020-07-17,2026-07-16,EOL within 12 months,Technology,Medium,13198
CLD-000157,AWS,Amazon RDS,Database,data-platform,2021-01-08,2025-01-07,Past EOL,Operations,Low,3920
CLD-000158,Azure,Azure Virtual Machines,Compute,nonprod-subscription,2024-01-08,2030-01-06,Supported,Retail Banking,Medium,9478
CLD-000159,AWS,Amazon EC2,Compute,prod-subscription,2021-06-17,2026-06-16,EOL within 12 months,Cybersecurity,Critical,1324
CLD-000160,Azure,Azure Virtual Machines,Compute,security-ops,2025-05-09,2029-05-08,Supported,Wealth Management,Low,10827
CLD-000161,Azure,Azure SQL Database,Database,digital-banking,2026-01-03,2032-01-02,Supported,Legal & Compliance,Medium,9966
CLD-000162,AWS,AWS Lambda,Serverless,data-platform,2023-12-12,2030-01-01,Supported,Risk,Critical,10318
CLD-000163,AWS,Amazon EKS,Container,nonprod-subscription,2021-01-17,2026-01-16,Past EOL,Capital Markets,High,10164
CLD-000164,AWS,Amazon EC2,Compute,digital-banking,2021-10-20,2026-10-19,EOL within 12 months,Human Resources,High,2769
CLD-000165,Azure,Azure Kubernetes Service,Container,prod-subscription,2023-09-02,2029-08-31,Supported,Cybersecurity,Medium,7965
CLD-000166,AWS,Amazon S3,Storage,nonprod-subscription,2020-07-14,2030-01-01,Supported,Wealth Management,Critical,6958
CLD-000167,Azure,Azure App Service,Platform Service,nonprod-subscription,2024-08-15,2030-01-01,Supported,Capital Markets,Medium,14367
CLD-000168,AWS,Amazon S3,Storage,data-platform,2021-04-13,2030-01-01,Supported,Commercial Banking,Low,2732
CLD-000169,AWS,Amazon EKS,Container,data-platform,2020-04-05,2023-04-05,Past EOL,Human Resources,Medium,6264
CLD-000170,Azure,Azure Virtual Machines,Compute,prod-subscription,2019-08-04,2024-08-02,Past EOL,Wealth Management,High,2025
CLD-000171,Azure,Azure Kubernetes Service,Container,nonprod-subscription,2024-11-29,2029-11-28,Supported,Wealth Management,Critical,7654
CLD-000172,AWS,Amazon EKS,Container,security-ops,2022-05-27,2028-05-25,EOL within 24 months,Wealth Management,High,11580
CLD-000173,AWS,Amazon EC2,Compute,digital-banking,2020-07-06,2026-07-05,EOL within 12 months,Data & Analytics,Critical,13704
CLD-000174,Azure,Azure App Service,Platform Service,digital-banking,2022-09-30,2030-01-01,Supported,Data & Analytics,Medium,5991
CLD-000175,Azure,Azure SQL Database,Database,prod-subscription,2025-12-10,2031-12-09,Supported,Legal & Compliance,High,5971
CLD-000176,AWS,AWS Lambda,Serverless,digital-banking,2025-08-27,2030-01-01,Supported,Wealth Management,High,11207
CLD-000177,AWS,Amazon EC2,Compute,security-ops,2023-09-29,2026-09-28,EOL within 12 months,Wealth Management,Low,14604
CLD-000178,AWS,AWS Lambda,Serverless,security-ops,2019-11-22,2030-01-01,Supported,Commercial Banking,High,9382
CLD-000179,Azure,Azure Kubernetes Service,Container,security-ops,2025-03-16,2029-03-15,Supported,Legal & Compliance,High,9970
CLD-000180,Azure,Azure Kubernetes Service,Container,digital-banking,2024-09-25,2027-09-25,EOL within 24 months,Commercial Banking,Medium,2980
CLD-000181,AWS,Amazon S3,Storage,prod-subscription,2025-11-07,2030-01-01,Supported,Human Resources,Critical,1753
CLD-000182,Azure,Azure App Service,Platform Service,digital-banking,2026-03-27,2030-01-01,Supported,Retail Banking,Medium,5840
CLD-000183,AWS,Amazon EKS,Container,data-platform,2022-09-25,2025-09-24,Past EOL,Risk,Critical,7794
CLD-000184,Azure,Azure Data Factory,Data Integration,nonprod-subscription,2025-12-15,2030-01-01,Supported,Legal & Compliance,High,2141
CLD-000185,Azure,Azure SQL Database,Database,prod-subscription,2025-07-11,2031-07-10,Supported,Retail Banking,Low,12774
CLD-000186,AWS,Amazon RDS,Database,data-platform,2024-02-27,2029-02-25,Supported,Legal & Compliance,Medium,7250
CLD-000187,AWS,AWS Lambda,Serverless,nonprod-subscription,2022-01-23,2030-01-01,Supported,Commercial Banking,Medium,11134
CLD-000188,Azure,Azure Virtual Machines,Compute,prod-subscription,2023-10-15,2026-10-14,EOL within 12 months,Finance,Medium,1823
CLD-000189,Azure,Azure Data Factory,Data Integration,nonprod-subscription,2023-10-09,2030-01-01,Supported,Legal & Compliance,Medium,9630
CLD-000190,Azure,Azure App Service,Platform Service,prod-subscription,2023-02-01,2030-01-01,Supported,Cybersecurity,Critical,14822
CLD-000191,AWS,Amazon EKS,Container,data-platform,2023-11-18,2027-11-17,EOL within 24 months,Cybersecurity,Critical,10033
CLD-000192,Azure,Azure Data Factory,Data Integration,data-platform,2023-10-20,2030-01-01,Supported,Cybersecurity,Medium,310
CLD-000193,Azure,Azure App Service,Platform Service,data-platform,2019-08-10,2030-01-01,Supported,Treasury,High,3635
CLD-000194,AWS,Amazon RDS,Database,security-ops,2025-12-12,2028-12-11,Supported,Risk,High,7572
CLD-000195,AWS,Amazon EKS,Container,data-platform,2022-04-30,2028-04-28,EOL within 24 months,Technology,High,11715
CLD-000196,AWS,Amazon EKS,Container,data-platform,2020-10-03,2026-10-02,EOL within 12 months,Commercial Banking,Critical,606
CLD-000197,AWS,Amazon S3,Storage,prod-subscription,2023-01-18,2030-01-01,Supported,Technology,Low,7656
CLD-000198,Azure,Azure Virtual Machines,Compute,security-ops,2025-10-26,2028-10-25,Supported,Operations,High,13185
CLD-000199,AWS,AWS Lambda,Serverless,data-platform,2024-08-31,2030-01-01,Supported,Operations,High,175
CLD-000200,Azure,Azure Data Factory,Data Integration,data-platform,2020-01-28,2030-01-01,Supported,Legal & Compliance,Medium,13704
CLD-000201,AWS,Amazon S3,Storage,nonprod-subscription,2023-11-09,2030-01-01,Supported,Commercial Banking,High,1621
CLD-000202,AWS,Amazon RDS,Database,data-platform,2024-04-18,2029-04-17,Supported,Operations,Critical,6374
CLD-000203,Azure,Azure Data Factory,Data Integration,prod-subscription,2025-05-17,2030-01-01,Supported,Legal & Compliance,High,2910
CLD-000204,AWS,Amazon EKS,Container,nonprod-subscription,2025-08-09,2031-08-08,Supported,Risk,Critical,3977
CLD-000205,Azure,Azure App Service,Platform Service,data-platform,2022-12-09,2030-01-01,Supported,Capital Markets,Medium,547
CLD-000206,Azure,Azure Kubernetes Service,Container,digital-banking,2026-05-11,2030-05-10,Supported,Retail Banking,High,2509
CLD-000207,Azure,Azure SQL Database,Database,data-platform,2025-04-16,2030-04-15,Supported,Legal & Compliance,Medium,11700
CLD-000208,Azure,Azure Kubernetes Service,Container,prod-subscription,2022-04-08,2028-04-06,EOL within 24 months,Data & Analytics,Critical,8949
CLD-000209,AWS,Amazon EKS,Container,prod-subscription,2026-01-02,2029-01-01,Supported,Treasury,Low,13964
CLD-000210,AWS,Amazon RDS,Database,digital-banking,2023-12-19,2029-12-17,Supported,Technology,Medium,4333
CLD-000211,Azure,Azure Data Factory,Data Integration,security-ops,2022-06-20,2030-01-01,Supported,Treasury,Critical,14508
CLD-000212,AWS,AWS Lambda,Serverless,digital-banking,2019-02-10,2030-01-01,Supported,Legal & Compliance,Critical,9723
CLD-000213,Azure,Azure App Service,Platform Service,prod-subscription,2025-10-02,2030-01-01,Supported,Data & Analytics,High,3961
CLD-000214,AWS,Amazon RDS,Database,nonprod-subscription,2020-12-04,2026-12-03,EOL within 12 months,Data & Analytics,High,8050
CLD-000215,AWS,Amazon S3,Storage,prod-subscription,2024-02-01,2030-01-01,Supported,Capital Markets,Low,12526
CLD-000216,AWS,Amazon EKS,Container,data-platform,2026-04-04,2030-04-03,Supported,Risk,Critical,8901
CLD-000217,Azure,Azure Data Factory,Data Integration,nonprod-subscription,2021-06-30,2030-01-01,Supported,Commercial Banking,Medium,7349
CLD-000218,AWS,Amazon S3,Storage,digital-banking,2020-09-01,2030-01-01,Supported,Wealth Management,Low,5765
CLD-000219,AWS,Amazon S3,Storage,data-platform,2019-03-27,2030-01-01,Supported,Wealth Management,Critical,6488
CLD-000220,Azure,Azure Kubernetes Service,Container,data-platform,2020-07-21,2024-07-20,Past EOL,Treasury,High,14445
CLD-000221,Azure,Azure App Service,Platform Service,security-ops,2024-05-17,2030-01-01,Supported,Treasury,Medium,14233
CLD-000222,AWS,Amazon EKS,Container,prod-subscription,2023-06-10,2027-06-09,EOL within 24 months,Wealth Management,Critical,4198
CLD-000223,Azure,Azure App Service,Platform Service,nonprod-subscription,2024-03-16,2030-01-01,Supported,Operations,High,495
CLD-000224,AWS,Amazon EKS,Container,digital-banking,2022-04-03,2026-04-02,Past EOL,Finance,High,106
CLD-000225,AWS,AWS Lambda,Serverless,prod-subscription,2025-08-19,2030-01-01,Supported,Commercial Banking,Critical,7239
CLD-000226,Azure,Azure Data Factory,Data Integration,nonprod-subscription,2025-11-13,2030-01-01,Supported,Data & Analytics,Critical,8283
CLD-000227,Azure,Azure Data Factory,Data Integration,digital-banking,2022-06-03,2030-01-01,Supported,Capital Markets,High,5951
CLD-000228,Azure,Azure Data Factory,Data Integration,security-ops,2025-11-07,2030-01-01,Supported,Risk,Medium,14384
CLD-000229,Azure,Azure Virtual Machines,Compute,digital-banking,2022-11-15,2027-11-14,EOL within 24 months,Commercial Banking,Medium,7386
CLD-000230,Azure,Azure Kubernetes Service,Container,security-ops,2020-10-14,2025-10-13,Past EOL,Risk,Critical,7983
CLD-000231,AWS,AWS Lambda,Serverless,nonprod-subscription,2024-04-08,2030-01-01,Supported,Technology,Low,12563
CLD-000232,AWS,AWS Lambda,Serverless,data-platform,2020-09-26,2030-01-01,Supported,Treasury,Critical,9964
CLD-000233,Azure,Azure Kubernetes Service,Container,data-platform,2023-11-20,2029-11-18,Supported,Finance,High,11462
CLD-000234,Azure,Azure SQL Database,Database,prod-subscription,2019-03-04,2024-03-02,Past EOL,Legal & Compliance,High,11293
CLD-000235,AWS,AWS Lambda,Serverless,security-ops,2024-10-05,2030-01-01,Supported,Retail Banking,Low,5315
CLD-000236,Azure,Azure App Service,Platform Service,security-ops,2025-07-11,2030-01-01,Supported,Data & Analytics,High,11621
CLD-000237,Azure,Azure Kubernetes Service,Container,nonprod-subscription,2026-05-19,2030-05-18,Supported,Capital Markets,Medium,4881
CLD-000238,AWS,AWS Lambda,Serverless,prod-subscription,2022-10-21,2030-01-01,Supported,Data & Analytics,Critical,822
CLD-000239,AWS,AWS Lambda,Serverless,prod-subscription,2022-05-25,2030-01-01,Supported,Wealth Management,High,10635
CLD-000240,Azure,Azure SQL Database,Database,prod-subscription,2021-03-07,2026-03-06,Past EOL,Risk,Low,11463
CLD-000241,Azure,Azure SQL Database,Database,nonprod-subscription,2019-10-07,2023-10-06,Past EOL,Finance,Low,12117
CLD-000242,AWS,Amazon RDS,Database,security-ops,2023-12-23,2027-12-22,EOL within 24 months,Cybersecurity,High,4806
CLD-000243,AWS,Amazon RDS,Database,nonprod-subscription,2022-11-01,2026-10-31,EOL within 12 months,Technology,Medium,14473
CLD-000244,Azure,Azure Virtual Machines,Compute,data-platform,2025-05-06,2028-05-05,EOL within 24 months,Legal & Compliance,Medium,14306
CLD-000245,Azure,Azure App Service,Platform Service,nonprod-subscription,2024-07-22,2030-01-01,Supported,Commercial Banking,High,11853
CLD-000246,AWS,Amazon RDS,Database,digital-banking,2026-04-03,2029-04-02,Supported,Human Resources,High,8453
CLD-000247,Azure,Azure SQL Database,Database,digital-banking,2025-02-25,2031-02-24,Supported,Risk,Critical,12560
CLD-000248,Azure,Azure SQL Database,Database,digital-banking,2025-02-23,2030-02-22,Supported,Capital Markets,High,11151
CLD-000249,Azure,Azure Data Factory,Data Integration,digital-banking,2019-10-28,2030-01-01,Supported,Operations,High,13948
CLD-000250,Azure,Azure Virtual Machines,Compute,data-platform,2021-02-03,2024-02-03,Past EOL,Legal & Compliance,High,1978
CLD-000251,AWS,Amazon EKS,Container,data-platform,2022-12-13,2025-12-12,Past EOL,Wealth Management,Critical,6192
CLD-000252,Azure,Azure Virtual Machines,Compute,nonprod-subscription,2024-05-29,2028-05-28,EOL within 24 months,Data & Analytics,Medium,8922
CLD-000253,Azure,Azure Data Factory,Data Integration,data-platform,2023-03-22,2030-01-01,Supported,Risk,High,6757
CLD-000254,AWS,Amazon EC2,Compute,security-ops,2026-04-17,2032-04-15,Supported,Retail Banking,High,3377
CLD-000255,Azure,Azure Kubernetes Service,Container,data-platform,2024-07-20,2027-07-20,EOL within 24 months,Risk,Medium,2468
CLD-000256,AWS,Amazon RDS,Database,nonprod-subscription,2025-11-12,2031-11-11,Supported,Operations,Critical,9787
CLD-000257,Azure,Azure SQL Database,Database,security-ops,2025-10-02,2028-10-01,Supported,Cybersecurity,Critical,1868
CLD-000258,AWS,Amazon EC2,Compute,security-ops,2023-03-17,2026-03-16,Past EOL,Cybersecurity,Critical,2334
CLD-000259,AWS,Amazon S3,Storage,nonprod-subscription,2019-02-14,2030-01-01,Supported,Technology,Medium,1989
CLD-000260,AWS,AWS Lambda,Serverless,prod-subscription,2019-07-31,2030-01-01,Supported,Operations,High,14516
CLD-000261,AWS,AWS Lambda,Serverless,nonprod-subscription,2019-05-05,2030-01-01,Supported,Risk,High,262
CLD-000262,AWS,AWS Lambda,Serverless,data-platform,2019-10-30,2030-01-01,Supported,Operations,Critical,13946
CLD-000263,AWS,Amazon RDS,Database,security-ops,2024-06-30,2029-06-29,Supported,Technology,Critical,13554
CLD-000264,AWS,Amazon RDS,Database,nonprod-subscription,2022-10-15,2026-10-14,EOL within 12 months,Finance,High,13326
CLD-000265,Azure,Azure Virtual Machines,Compute,nonprod-subscription,2022-01-02,2028-01-01,EOL within 24 months,Data & Analytics,Low,2551
CLD-000266,AWS,Amazon EC2,Compute,prod-subscription,2023-04-17,2028-04-15,EOL within 24 months,Treasury,Low,6558
CLD-000267,Azure,Azure Kubernetes Service,Container,digital-banking,2023-03-28,2027-03-27,EOL within 12 months,Data & Analytics,Low,14355
CLD-000268,AWS,Amazon RDS,Database,digital-banking,2020-02-06,2025-02-04,Past EOL,Retail Banking,Low,1479
CLD-000269,AWS,Amazon S3,Storage,prod-subscription,2021-06-28,2030-01-01,Supported,Finance,Medium,14259
CLD-000270,AWS,Amazon EKS,Container,data-platform,2023-07-15,2028-07-13,Supported,Wealth Management,High,11367
CLD-000271,AWS,Amazon EC2,Compute,digital-banking,2021-12-28,2027-12-27,EOL within 24 months,Wealth Management,Critical,1675
CLD-000272,AWS,AWS Lambda,Serverless,prod-subscription,2019-08-21,2030-01-01,Supported,Legal & Compliance,High,1069
CLD-000273,Azure,Azure SQL Database,Database,prod-subscription,2024-07-27,2028-07-26,Supported,Wealth Management,Medium,1946
CLD-000274,Azure,Azure Data Factory,Data Integration,digital-banking,2019-09-26,2030-01-01,Supported,Data & Analytics,Low,14890
CLD-000275,AWS,Amazon RDS,Database,data-platform,2019-10-02,2023-10-01,Past EOL,Risk,High,2510
CLD-000276,AWS,Amazon S3,Storage,digital-banking,2021-05-01,2030-01-01,Supported,Data & Analytics,Critical,826
CLD-000277,Azure,Azure SQL Database,Database,prod-subscription,2021-06-18,2027-06-17,EOL within 24 months,Capital Markets,High,1001
CLD-000278,Azure,Azure SQL Database,Database,data-platform,2019-01-16,2023-01-15,Past EOL,Finance,High,13665
CLD-000279,AWS,Amazon S3,Storage,data-platform,2021-08-06,2030-01-01,Supported,Human Resources,Critical,1013
CLD-000280,AWS,Amazon S3,Storage,digital-banking,2021-01-13,2030-01-01,Supported,Data & Analytics,Critical,3820
CLD-000281,AWS,AWS Lambda,Serverless,digital-banking,2024-09-30,2030-01-01,Supported,Retail Banking,High,2644
CLD-000282,AWS,Amazon S3,Storage,security-ops,2023-12-27,2030-01-01,Supported,Capital Markets,Medium,818
CLD-000283,AWS,Amazon EKS,Container,security-ops,2021-02-25,2027-02-24,EOL within 12 months,Technology,High,14481
CLD-000284,AWS,AWS Lambda,Serverless,prod-subscription,2021-01-11,2030-01-01,Supported,Treasury,High,10664
CLD-000285,AWS,AWS Lambda,Serverless,digital-banking,2022-12-01,2030-01-01,Supported,Human Resources,High,9494
CLD-000286,Azure,Azure Data Factory,Data Integration,data-platform,2020-09-11,2030-01-01,Supported,Cybersecurity,High,1026
CLD-000287,AWS,Amazon RDS,Database,digital-banking,2020-06-23,2025-06-22,Past EOL,Legal & Compliance,Medium,6031
CLD-000288,Azure,Azure App Service,Platform Service,data-platform,2020-02-28,2030-01-01,Supported,Capital Markets,High,1317
CLD-000289,AWS,Amazon EKS,Container,prod-subscription,2022-01-17,2028-01-16,EOL within 24 months,Legal & Compliance,Medium,11743
CLD-000290,Azure,Azure SQL Database,Database,prod-subscription,2023-09-14,2027-09-13,EOL within 24 months,Finance,High,4929
CLD-000291,Azure,Azure SQL Database,Database,data-platform,2022-08-21,2028-08-19,Supported,Human Resources,High,12694
CLD-000292,Azure,Azure Kubernetes Service,Container,security-ops,2021-08-09,2027-08-08,EOL within 24 months,Finance,High,7242
CLD-000293,Azure,Azure SQL Database,Database,prod-subscription,2021-08-30,2027-08-29,EOL within 24 months,Commercial Banking,High,4215
CLD-000294,AWS,AWS Lambda,Serverless,prod-subscription,2021-08-04,2030-01-01,Supported,Wealth Management,High,12017
CLD-000295,AWS,Amazon EKS,Container,digital-banking,2020-02-24,2023-02-23,Past EOL,Human Resources,Low,1788
CLD-000296,AWS,Amazon EKS,Container,digital-banking,2021-02-04,2024-02-04,Past EOL,Commercial Banking,High,12949
CLD-000297,Azure,Azure Virtual Machines,Compute,nonprod-subscription,2022-02-08,2026-02-07,Past EOL,Technology,High,2133
CLD-000298,Azure,Azure Kubernetes Service,Container,nonprod-subscription,2020-02-27,2025-02-25,Past EOL,Cybersecurity,Low,1703
CLD-000299,AWS,Amazon EC2,Compute,prod-subscription,2023-06-10,2029-06-08,Supported,Capital Markets,Medium,207
CLD-000300,AWS,AWS Lambda,Serverless,prod-subscription,2024-04-28,2030-01-01,Supported,Technology,Medium,4970
CLD-000301,AWS,Amazon S3,Storage,digital-banking,2021-02-21,2030-01-01,Supported,Wealth Management,Critical,12047
CLD-000302,AWS,Amazon RDS,Database,digital-banking,2019-06-28,2023-06-27,Past EOL,Data & Analytics,Low,4820
CLD-000303,AWS,Amazon EKS,Container,security-ops,2022-10-02,2027-10-01,EOL within 24 months,Wealth Management,Medium,1467
CLD-000304,AWS,AWS Lambda,Serverless,data-platform,2025-11-11,2030-01-01,Supported,Risk,High,14401
CLD-000305,AWS,Amazon RDS,Database,nonprod-subscription,2024-05-16,2030-05-15,Supported,Capital Markets,Low,3299
CLD-000306,Azure,Azure App Service,Platform Service,digital-banking,2020-07-28,2030-01-01,Supported,Technology,High,8799
CLD-000307,AWS,Amazon EC2,Compute,security-ops,2021-07-17,2025-07-16,Past EOL,Cybersecurity,Medium,14076
CLD-000308,Azure,Azure Kubernetes Service,Container,prod-subscription,2019-09-21,2024-09-19,Past EOL,Cybersecurity,High,1060
CLD-000309,AWS,AWS Lambda,Serverless,prod-subscription,2025-10-09,2030-01-01,Supported,Human Resources,High,3844
CLD-000310,Azure,Azure SQL Database,Database,nonprod-subscription,2021-03-07,2024-03-06,Past EOL,Risk,High,4052
CLD-000311,Azure,Azure Virtual Machines,Compute,prod-subscription,2021-02-14,2025-02-13,Past EOL,Legal & Compliance,High,12198
CLD-000312,Azure,Azure Virtual Machines,Compute,nonprod-subscription,2022-05-11,2028-05-09,EOL within 24 months,Retail Banking,High,6279
CLD-000313,Azure,Azure App Service,Platform Service,nonprod-subscription,2025-06-29,2030-01-01,Supported,Human Resources,Medium,2989
CLD-000314,AWS,Amazon EC2,Compute,security-ops,2020-09-02,2023-09-02,Past EOL,Cybersecurity,High,8188
CLD-000315,Azure,Azure Kubernetes Service,Container,data-platform,2021-09-25,2024-09-24,Past EOL,Wealth Management,High,2046
CLD-000316,AWS,AWS Lambda,Serverless,security-ops,2022-12-10,2030-01-01,Supported,Legal & Compliance,High,1221
CLD-000317,Azure,Azure Kubernetes Service,Container,security-ops,2025-07-11,2031-07-10,Supported,Cybersecurity,High,4698
CLD-000318,AWS,Amazon RDS,Database,nonprod-subscription,2024-03-03,2030-03-02,Supported,Technology,Critical,8254
CLD-000319,AWS,Amazon EKS,Container,nonprod-subscription,2023-10-30,2026-10-29,EOL within 12 months,Commercial Banking,High,4671
CLD-000320,Azure,Azure Virtual Machines,Compute,security-ops,2021-12-31,2027-12-30,EOL within 24 months,Commercial Banking,Critical,14158
CLD-000321,AWS,Amazon RDS,Database,security-ops,2026-03-31,2031-03-30,Supported,Retail Banking,Low,2887
CLD-000322,Azure,Azure SQL Database,Database,digital-banking,2026-02-21,2029-02-20,Supported,Finance,Medium,12450
CLD-000323,Azure,Azure SQL Database,Database,nonprod-subscription,2025-11-16,2031-11-15,Supported,Operations,Critical,10260
CLD-000324,AWS,AWS Lambda,Serverless,digital-banking,2020-01-23,2030-01-01,Supported,Risk,Medium,1787
CLD-000325,Azure,Azure SQL Database,Database,data-platform,2019-08-20,2024-08-18,Past EOL,Technology,Medium,9369
CLD-000326,Azure,Azure App Service,Platform Service,digital-banking,2021-06-01,2030-01-01,Supported,Risk,Critical,2403
CLD-000327,AWS,AWS Lambda,Serverless,prod-subscription,2019-07-14,2030-01-01,Supported,Data & Analytics,Medium,14174
CLD-000328,AWS,Amazon RDS,Database,prod-subscription,2021-08-10,2027-08-09,EOL within 24 months,Risk,Critical,13160
CLD-000329,Azure,Azure Virtual Machines,Compute,prod-subscription,2023-07-23,2029-07-21,Supported,Human Resources,Critical,8161
CLD-000330,Azure,Azure Kubernetes Service,Container,security-ops,2023-10-19,2029-10-17,Supported,Finance,Low,3689
CLD-000331,AWS,Amazon RDS,Database,nonprod-subscription,2020-03-13,2024-03-12,Past EOL,Finance,High,8144
CLD-000332,Azure,Azure Virtual Machines,Compute,digital-banking,2021-05-27,2024-05-26,Past EOL,Technology,Low,13190
CLD-000333,AWS,Amazon RDS,Database,digital-banking,2025-07-15,2028-07-14,Supported,Cybersecurity,High,1009
CLD-000334,Azure,Azure SQL Database,Database,digital-banking,2024-06-12,2028-06-11,Supported,Operations,Critical,410
CLD-000335,AWS,AWS Lambda,Serverless,nonprod-subscription,2021-11-04,2030-01-01,Supported,Data & Analytics,Critical,2944
CLD-000336,AWS,Amazon S3,Storage,nonprod-subscription,2020-03-01,2030-01-01,Supported,Technology,High,4455
CLD-000337,AWS,Amazon RDS,Database,digital-banking,2021-08-22,2027-08-21,EOL within 24 months,Wealth Management,High,11000
CLD-000338,Azure,Azure App Service,Platform Service,security-ops,2025-03-20,2030-01-01,Supported,Capital Markets,Medium,8772
CLD-000339,AWS,Amazon EC2,Compute,security-ops,2021-05-17,2025-05-16,Past EOL,Retail Banking,Critical,9665
CLD-000340,AWS,Amazon EKS,Container,digital-banking,2023-11-09,2026-11-08,EOL within 12 months,Retail Banking,Critical,3256
CLD-000341,Azure,Azure SQL Database,Database,prod-subscription,2019-10-20,2022-10-19,Past EOL,Retail Banking,Medium,121
CLD-000342,Azure,Azure Kubernetes Service,Container,security-ops,2024-12-24,2027-12-24,EOL within 24 months,Treasury,High,6007
CLD-000343,Azure,Azure Kubernetes Service,Container,nonprod-subscription,2019-11-29,2024-11-27,Past EOL,Technology,Medium,8818
CLD-000344,Azure,Azure Virtual Machines,Compute,security-ops,2024-02-19,2030-02-17,Supported,Human Resources,Medium,12978
CLD-000345,Azure,Azure App Service,Platform Service,digital-banking,2022-06-23,2030-01-01,Supported,Operations,Medium,8543
CLD-000346,Azure,Azure SQL Database,Database,nonprod-subscription,2019-11-20,2025-11-18,Past EOL,Human Resources,Critical,13555
CLD-000347,Azure,Azure Data Factory,Data Integration,security-ops,2019-08-24,2030-01-01,Supported,Technology,High,10236
CLD-000348,AWS,Amazon EC2,Compute,security-ops,2024-10-29,2028-10-28,Supported,Wealth Management,Critical,12514
CLD-000349,AWS,Amazon RDS,Database,security-ops,2021-09-10,2026-09-09,EOL within 12 months,Retail Banking,Medium,4900
CLD-000350,AWS,Amazon EC2,Compute,data-platform,2024-05-29,2030-05-28,Supported,Commercial Banking,Medium,13540
CLD-000351,Azure,Azure Data Factory,Data Integration,data-platform,2020-12-21,2030-01-01,Supported,Human Resources,Medium,11798
CLD-000352,Azure,Azure Data Factory,Data Integration,prod-subscription,2023-06-17,2030-01-01,Supported,Operations,High,11883
CLD-000353,Azure,Azure Virtual Machines,Compute,prod-subscription,2022-07-08,2026-07-07,EOL within 12 months,Legal & Compliance,High,8260
CLD-000354,AWS,Amazon EKS,Container,nonprod-subscription,2023-07-21,2027-07-20,EOL within 24 months,Treasury,Low,7631
CLD-000355,AWS,AWS Lambda,Serverless,security-ops,2021-12-28,2030-01-01,Supported,Technology,Medium,14197
CLD-000356,AWS,Amazon RDS,Database,nonprod-subscription,2019-09-13,2022-09-12,Past EOL,Technology,Medium,2300
CLD-000357,Azure,Azure Virtual Machines,Compute,nonprod-subscription,2022-03-02,2026-03-01,Past EOL,Capital Markets,Critical,12285
CLD-000358,AWS,Amazon EKS,Container,digital-banking,2019-03-14,2025-03-12,Past EOL,Retail Banking,Critical,9329
CLD-000359,Azure,Azure SQL Database,Database,prod-subscription,2024-04-27,2028-04-26,EOL within 24 months,Finance,Medium,7359
CLD-000360,AWS,Amazon RDS,Database,data-platform,2024-07-13,2029-07-12,Supported,Legal & Compliance,Medium,3386
CLD-000361,Azure,Azure Virtual Machines,Compute,security-ops,2023-11-05,2027-11-04,EOL within 24 months,Finance,High,13341
CLD-000362,Azure,Azure Kubernetes Service,Container,nonprod-subscription,2020-08-18,2025-08-17,Past EOL,Operations,High,6049
CLD-000363,AWS,Amazon S3,Storage,data-platform,2026-05-22,2030-01-01,Supported,Risk,Critical,2332
CLD-000364,AWS,Amazon EKS,Container,data-platform,2020-06-01,2024-05-31,Past EOL,Technology,High,5251
CLD-000365,Azure,Azure SQL Database,Database,nonprod-subscription,2019-03-05,2022-03-04,Past EOL,Legal & Compliance,High,14004
CLD-000366,AWS,Amazon RDS,Database,prod-subscription,2020-10-28,2024-10-27,Past EOL,Operations,Medium,7815
CLD-000367,Azure,Azure Kubernetes Service,Container,data-platform,2025-08-27,2029-08-26,Supported,Data & Analytics,Critical,8769
CLD-000368,AWS,Amazon RDS,Database,nonprod-subscription,2021-02-18,2027-02-17,EOL within 12 months,Technology,Low,1292
CLD-000369,Azure,Azure Kubernetes Service,Container,data-platform,2024-03-09,2030-03-08,Supported,Capital Markets,Medium,11276
CLD-000370,AWS,Amazon RDS,Database,digital-banking,2021-12-23,2024-12-22,Past EOL,Technology,Critical,6378
CLD-000371,AWS,Amazon EC2,Compute,nonprod-subscription,2021-03-02,2026-03-01,Past EOL,Commercial Banking,High,8483
CLD-000372,Azure,Azure Data Factory,Data Integration,prod-subscription,2022-07-09,2030-01-01,Supported,Human Resources,High,1788
CLD-000373,Azure,Azure Data Factory,Data Integration,prod-subscription,2022-03-16,2030-01-01,Supported,Commercial Banking,Medium,8031
CLD-000374,AWS,AWS Lambda,Serverless,prod-subscription,2020-11-25,2030-01-01,Supported,Commercial Banking,Critical,4988
CLD-000375,AWS,Amazon RDS,Database,data-platform,2025-08-02,2030-08-01,Supported,Risk,High,6419
CLD-000376,Azure,Azure Data Factory,Data Integration,prod-subscription,2022-10-18,2030-01-01,Supported,Legal & Compliance,Critical,11570
CLD-000377,Azure,Azure Data Factory,Data Integration,digital-banking,2026-01-09,2030-01-01,Supported,Commercial Banking,Medium,5638
CLD-000378,AWS,Amazon RDS,Database,data-platform,2021-01-13,2026-01-12,Past EOL,Risk,Critical,13317
CLD-000379,Azure,Azure Virtual Machines,Compute,prod-subscription,2019-05-13,2023-05-12,Past EOL,Risk,High,7001
CLD-000380,Azure,Azure Kubernetes Service,Container,prod-subscription,2021-05-08,2027-05-07,EOL within 12 months,Treasury,Medium,11746
CLD-000381,Azure,Azure SQL Database,Database,prod-subscription,2025-01-09,2031-01-08,Supported,Treasury,High,3283
CLD-000382,Azure,Azure SQL Database,Database,nonprod-subscription,2023-11-06,2028-11-04,Supported,Human Resources,Medium,1206
CLD-000383,AWS,Amazon EKS,Container,digital-banking,2025-07-01,2028-06-30,Supported,Wealth Management,High,4062
CLD-000384,Azure,Azure Virtual Machines,Compute,security-ops,2019-04-27,2023-04-26,Past EOL,Technology,High,13151
CLD-000385,AWS,Amazon EKS,Container,digital-banking,2021-04-22,2024-04-21,Past EOL,Wealth Management,High,4927
CLD-000386,Azure,Azure Data Factory,Data Integration,nonprod-subscription,2025-01-26,2030-01-01,Supported,Legal & Compliance,Critical,8908
CLD-000387,Azure,Azure Virtual Machines,Compute,prod-subscription,2021-08-19,2027-08-18,EOL within 24 months,Retail Banking,Critical,6775
CLD-000388,Azure,Azure SQL Database,Database,security-ops,2026-05-01,2030-04-30,Supported,Commercial Banking,High,14126
CLD-000389,Azure,Azure Data Factory,Data Integration,prod-subscription,2024-05-03,2030-01-01,Supported,Data & Analytics,Critical,7608
CLD-000390,Azure,Azure Data Factory,Data Integration,security-ops,2025-03-06,2030-01-01,Supported,Technology,Critical,1963
CLD-000391,Azure,Azure App Service,Platform Service,digital-banking,2019-03-29,2030-01-01,Supported,Wealth Management,High,10317
CLD-000392,Azure,Azure Data Factory,Data Integration,nonprod-subscription,2022-11-20,2030-01-01,Supported,Legal & Compliance,Critical,10472
CLD-000393,AWS,AWS Lambda,Serverless,data-platform,2026-03-14,2030-01-01,Supported,Human Resources,Low,6467
CLD-000394,Azure,Azure Virtual Machines,Compute,nonprod-subscription,2022-01-27,2026-01-26,Past EOL,Data & Analytics,Critical,8218
CLD-000395,Azure,Azure Virtual Machines,Compute,data-platform,2021-09-18,2026-09-17,EOL within 12 months,Wealth Management,High,666
CLD-000396,Azure,Azure App Service,Platform Service,nonprod-subscription,2025-01-26,2030-01-01,Supported,Capital Markets,Critical,11337
CLD-000397,Azure,Azure Virtual Machines,Compute,data-platform,2023-04-17,2027-04-16,EOL within 12 months,Technology,Critical,7334
CLD-000398,AWS,Amazon S3,Storage,data-platform,2024-11-12,2030-01-01,Supported,Commercial Banking,Medium,8880
CLD-000399,Azure,Azure Kubernetes Service,Container,prod-subscription,2021-11-19,2027-11-18,EOL within 24 months,Cybersecurity,High,10876
CLD-000400,AWS,Amazon EC2,Compute,data-platform,2024-07-16,2030-07-15,Supported,Technology,High,3844
CLD-000401,Azure,Azure Data Factory,Data Integration,nonprod-subscription,2024-03-13,2030-01-01,Supported,Retail Banking,High,6506
CLD-000402,AWS,AWS Lambda,Serverless,digital-banking,2021-06-25,2030-01-01,Supported,Cybersecurity,High,2378
CLD-000403,Azure,Azure App Service,Platform Service,security-ops,2019-09-05,2030-01-01,Supported,Data & Analytics,High,11272
CLD-000404,AWS,AWS Lambda,Serverless,nonprod-subscription,2026-01-07,2030-01-01,Supported,Commercial Banking,Medium,6898
CLD-000405,AWS,Amazon S3,Storage,digital-banking,2020-05-18,2030-01-01,Supported,Treasury,Low,900
CLD-000406,Azure,Azure Data Factory,Data Integration,security-ops,2021-04-07,2030-01-01,Supported,Commercial Banking,High,6107
CLD-000407,Azure,Azure App Service,Platform Service,prod-subscription,2026-02-09,2030-01-01,Supported,Cybersecurity,High,10379
CLD-000408,AWS,Amazon RDS,Database,data-platform,2025-09-07,2031-09-06,Supported,Operations,Medium,6896
CLD-000409,Azure,Azure App Service,Platform Service,prod-subscription,2021-08-25,2030-01-01,Supported,Commercial Banking,Critical,7675
CLD-000410,AWS,Amazon S3,Storage,prod-subscription,2025-09-18,2030-01-01,Supported,Cybersecurity,Medium,11406
CLD-000411,AWS,AWS Lambda,Serverless,security-ops,2025-12-01,2030-01-01,Supported,Human Resources,High,14283
CLD-000412,AWS,Amazon S3,Storage,digital-banking,2020-09-18,2030-01-01,Supported,Risk,High,5352
CLD-000413,Azure,Azure SQL Database,Database,nonprod-subscription,2019-02-04,2022-02-03,Past EOL,Capital Markets,Low,176
CLD-000414,Azure,Azure SQL Database,Database,data-platform,2023-12-11,2029-12-09,Supported,Wealth Management,Critical,11214
CLD-000415,AWS,Amazon EC2,Compute,digital-banking,2026-05-13,2030-05-12,Supported,Retail Banking,Critical,14612
CLD-000416,AWS,Amazon S3,Storage,security-ops,2025-05-31,2030-01-01,Supported,Cybersecurity,High,10566
CLD-000417,Azure,Azure SQL Database,Database,security-ops,2019-09-07,2024-09-05,Past EOL,Data & Analytics,High,12917
CLD-000418,AWS,AWS Lambda,Serverless,prod-subscription,2022-07-30,2030-01-01,Supported,Retail Banking,Critical,7564
CLD-000419,Azure,Azure SQL Database,Database,data-platform,2024-09-26,2028-09-25,Supported,Data & Analytics,High,2521
CLD-000420,AWS,AWS Lambda,Serverless,security-ops,2022-07-25,2030-01-01,Supported,Capital Markets,Medium,13518
CLD-000421,AWS,Amazon RDS,Database,digital-banking,2026-05-03,2030-05-02,Supported,Human Resources,High,4101
CLD-000422,AWS,Amazon RDS,Database,security-ops,2025-10-02,2031-10-01,Supported,Cybersecurity,Critical,10041
CLD-000423,AWS,Amazon EKS,Container,nonprod-subscription,2025-02-02,2028-02-02,EOL within 24 months,Legal & Compliance,High,119
CLD-000424,Azure,Azure SQL Database,Database,prod-subscription,2019-05-23,2024-05-21,Past EOL,Retail Banking,High,6221
CLD-000425,AWS,Amazon EKS,Container,nonprod-subscription,2025-06-25,2030-06-24,Supported,Risk,Critical,11220
CLD-000426,Azure,Azure SQL Database,Database,prod-subscription,2022-06-26,2028-06-24,Supported,Capital Markets,Medium,368
CLD-000427,AWS,Amazon EC2,Compute,digital-banking,2022-11-01,2027-10-31,EOL within 24 months,Risk,Critical,6606
CLD-000428,Azure,Azure SQL Database,Database,security-ops,2023-02-22,2028-02-21,EOL within 24 months,Capital Markets,High,4758
CLD-000429,AWS,Amazon EKS,Container,digital-banking,2023-12-17,2028-12-15,Supported,Commercial Banking,High,5216
CLD-000430,AWS,Amazon EKS,Container,nonprod-subscription,2023-05-18,2027-05-17,EOL within 12 months,Risk,Medium,13802
CLD-000431,AWS,Amazon EC2,Compute,security-ops,2024-06-18,2029-06-17,Supported,Human Resources,Critical,5710
CLD-000432,AWS,Amazon S3,Storage,data-platform,2021-01-13,2030-01-01,Supported,Treasury,Critical,11748
CLD-000433,AWS,Amazon EC2,Compute,digital-banking,2020-07-19,2026-07-18,EOL within 12 months,Cybersecurity,Critical,1622
CLD-000434,Azure,Azure App Service,Platform Service,digital-banking,2024-10-31,2030-01-01,Supported,Cybersecurity,Medium,12223
CLD-000435,Azure,Azure Virtual Machines,Compute,data-platform,2022-01-31,2028-01-30,EOL within 24 months,Commercial Banking,Critical,2799
CLD-000436,AWS,Amazon RDS,Database,prod-subscription,2020-06-28,2023-06-28,Past EOL,Retail Banking,Critical,7957
CLD-000437,Azure,Azure Data Factory,Data Integration,prod-subscription,2022-01-08,2030-01-01,Supported,Human Resources,Critical,12982
CLD-000438,AWS,Amazon EC2,Compute,data-platform,2023-02-13,2029-02-11,Supported,Wealth Management,Critical,11652
CLD-000439,AWS,Amazon EKS,Container,digital-banking,2022-01-31,2028-01-30,EOL within 24 months,Operations,High,8060
CLD-000440,AWS,Amazon EKS,Container,nonprod-subscription,2021-09-23,2026-09-22,EOL within 12 months,Finance,High,2628
CLD-000441,AWS,Amazon RDS,Database,data-platform,2020-08-14,2025-08-13,Past EOL,Operations,Low,1829
CLD-000442,AWS,AWS Lambda,Serverless,nonprod-subscription,2022-08-21,2030-01-01,Supported,Legal & Compliance,High,2787
CLD-000443,AWS,Amazon RDS,Database,security-ops,2022-07-13,2026-07-12,EOL within 12 months,Cybersecurity,Critical,3553
CLD-000444,Azure,Azure Data Factory,Data Integration,digital-banking,2023-09-02,2030-01-01,Supported,Finance,Medium,2333
CLD-000445,Azure,Azure App Service,Platform Service,digital-banking,2025-06-21,2030-01-01,Supported,Operations,Critical,3242
CLD-000446,Azure,Azure Virtual Machines,Compute,data-platform,2023-07-22,2027-07-21,EOL within 24 months,Wealth Management,Low,9419
CLD-000447,Azure,Azure App Service,Platform Service,digital-banking,2019-08-11,2030-01-01,Supported,Treasury,High,13752
CLD-000448,AWS,Amazon RDS,Database,nonprod-subscription,2024-06-25,2028-06-24,Supported,Risk,Medium,14383
CLD-000449,AWS,Amazon RDS,Database,security-ops,2020-08-28,2026-08-27,EOL within 12 months,Finance,High,4784
CLD-000450,Azure,Azure App Service,Platform Service,nonprod-subscription,2022-08-15,2030-01-01,Supported,Capital Markets,High,759
CLD-000451,AWS,Amazon EC2,Compute,security-ops,2025-03-02,2029-03-01,Supported,Retail Banking,High,5914
CLD-000452,AWS,Amazon S3,Storage,prod-subscription,2023-08-25,2030-01-01,Supported,Retail Banking,High,10683
CLD-000453,AWS,Amazon RDS,Database,security-ops,2022-01-29,2026-01-28,Past EOL,Finance,Medium,6194
CLD-000454,AWS,Amazon S3,Storage,prod-subscription,2022-06-06,2030-01-01,Supported,Technology,Medium,10166
CLD-000455,AWS,Amazon EKS,Container,nonprod-subscription,2021-12-06,2026-12-05,EOL within 12 months,Retail Banking,Low,843
CLD-000456,AWS,AWS Lambda,Serverless,data-platform,2022-06-25,2030-01-01,Supported,Retail Banking,High,2368
CLD-000457,AWS,Amazon S3,Storage,nonprod-subscription,2025-07-28,2030-01-01,Supported,Operations,Medium,4521
CLD-000458,AWS,Amazon S3,Storage,prod-subscription,2021-10-09,2030-01-01,Supported,Human Resources,Critical,2785
CLD-000459,AWS,AWS Lambda,Serverless,data-platform,2024-02-24,2030-01-01,Supported,Operations,High,10754
CLD-000460,AWS,AWS Lambda,Serverless,security-ops,2020-01-15,2030-01-01,Supported,Cybersecurity,High,2750
CLD-000461,AWS,Amazon EKS,Container,security-ops,2020-03-22,2023-03-22,Past EOL,Treasury,Medium,11924
CLD-000462,AWS,Amazon EKS,Container,nonprod-subscription,2019-07-25,2022-07-24,Past EOL,Risk,High,11561
CLD-000463,Azure,Azure SQL Database,Database,nonprod-subscription,2023-03-07,2027-03-06,EOL within 12 months,Wealth Management,Critical,10661
CLD-000464,AWS,Amazon RDS,Database,prod-subscription,2022-06-27,2028-06-25,Supported,Retail Banking,High,11083
CLD-000465,AWS,Amazon S3,Storage,nonprod-subscription,2024-09-01,2030-01-01,Supported,Treasury,Critical,14602
CLD-000466,AWS,Amazon S3,Storage,nonprod-subscription,2025-06-18,2030-01-01,Supported,Finance,High,14851
CLD-000467,Azure,Azure SQL Database,Database,prod-subscription,2025-05-05,2029-05-04,Supported,Data & Analytics,High,1009
CLD-000468,AWS,Amazon EC2,Compute,security-ops,2026-03-11,2032-03-09,Supported,Cybersecurity,Critical,5748
CLD-000469,AWS,Amazon EKS,Container,data-platform,2021-03-04,2025-03-03,Past EOL,Data & Analytics,Critical,1129
CLD-000470,AWS,Amazon EC2,Compute,prod-subscription,2022-01-21,2025-01-20,Past EOL,Operations,Critical,11441
CLD-000471,Azure,Azure App Service,Platform Service,data-platform,2021-10-23,2030-01-01,Supported,Operations,High,3482
CLD-000472,Azure,Azure App Service,Platform Service,data-platform,2026-03-23,2030-01-01,Supported,Retail Banking,Medium,6636
CLD-000473,AWS,Amazon S3,Storage,security-ops,2021-01-03,2030-01-01,Supported,Capital Markets,High,3739
CLD-000474,Azure,Azure Kubernetes Service,Container,data-platform,2023-09-02,2026-09-01,EOL within 12 months,Data & Analytics,Medium,3451
CLD-000475,Azure,Azure Data Factory,Data Integration,data-platform,2022-04-14,2030-01-01,Supported,Cybersecurity,Medium,7889
CLD-000476,Azure,Azure Virtual Machines,Compute,nonprod-subscription,2021-09-05,2026-09-04,EOL within 12 months,Human Resources,High,8080
CLD-000477,Azure,Azure Data Factory,Data Integration,digital-banking,2021-10-26,2030-01-01,Supported,Human Resources,High,11676
CLD-000478,Azure,Azure SQL Database,Database,data-platform,2023-03-29,2029-03-27,Supported,Human Resources,Medium,5946
CLD-000479,Azure,Azure Data Factory,Data Integration,security-ops,2024-01-18,2030-01-01,Supported,Data & Analytics,High,12859
CLD-000480,Azure,Azure SQL Database,Database,nonprod-subscription,2025-01-24,2029-01-23,Supported,Capital Markets,Medium,13600
CLD-000481,AWS,Amazon RDS,Database,data-platform,2023-01-08,2026-01-07,Past EOL,Human Resources,High,5512
CLD-000482,Azure,Azure Virtual Machines,Compute,nonprod-subscription,2025-06-17,2029-06-16,Supported,Risk,Medium,14962
CLD-000483,Azure,Azure Data Factory,Data Integration,nonprod-subscription,2022-02-08,2030-01-01,Supported,Technology,High,12179
CLD-000484,Azure,Azure App Service,Platform Service,prod-subscription,2026-05-10,2030-01-01,Supported,Technology,Critical,10241
CLD-000485,Azure,Azure Data Factory,Data Integration,data-platform,2022-05-21,2030-01-01,Supported,Legal & Compliance,High,14340
CLD-000486,Azure,Azure App Service,Platform Service,data-platform,2019-02-26,2030-01-01,Supported,Data & Analytics,High,11365
CLD-000487,Azure,Azure Virtual Machines,Compute,digital-banking,2024-10-20,2029-10-19,Supported,Wealth Management,Medium,13742
CLD-000488,AWS,Amazon RDS,Database,prod-subscription,2021-05-30,2025-05-29,Past EOL,Risk,High,4254
CLD-000489,Azure,Azure SQL Database,Database,data-platform,2024-08-05,2029-08-04,Supported,Technology,High,292
CLD-000490,Azure,Azure App Service,Platform Service,digital-banking,2019-02-24,2030-01-01,Supported,Retail Banking,Medium,13947
CLD-000491,AWS,AWS Lambda,Serverless,digital-banking,2019-12-08,2030-01-01,Supported,Human Resources,Critical,9691
CLD-000492,Azure,Azure App Service,Platform Service,data-platform,2020-03-14,2030-01-01,Supported,Legal & Compliance,High,10189
CLD-000493,Azure,Azure Data Factory,Data Integration,digital-banking,2025-07-21,2030-01-01,Supported,Retail Banking,High,10501
CLD-000494,AWS,Amazon RDS,Database,security-ops,2026-01-28,2030-01-27,Supported,Operations,Critical,6595
CLD-000495,Azure,Azure App Service,Platform Service,digital-banking,2025-01-28,2030-01-01,Supported,Capital Markets,Critical,1494
CLD-000496,AWS,Amazon S3,Storage,security-ops,2020-09-28,2030-01-01,Supported,Commercial Banking,Medium,304
CLD-000497,Azure,Azure Data Factory,Data Integration,digital-banking,2022-05-24,2030-01-01,Supported,Finance,Critical,4020
CLD-000498,AWS,Amazon RDS,Database,prod-subscription,2019-02-13,2023-02-12,Past EOL,Retail Banking,High,5036
CLD-000499,Azure,Azure Kubernetes Service,Container,digital-banking,2023-12-12,2026-12-11,EOL within 12 months,Cybersecurity,High,977
CLD-000500,AWS,AWS Lambda,Serverless,data-platform,2020-06-27,2030-01-01,Supported,Capital Markets,High,6507
CLD-000501,Azure,Azure SQL Database,Database,prod-subscription,2022-10-03,2028-10-01,Supported,Capital Markets,Critical,14568
CLD-000502,Azure,Azure Virtual Machines,Compute,nonprod-subscription,2023-04-01,2029-03-30,Supported,Operations,Medium,11122
CLD-000503,AWS,Amazon EC2,Compute,digital-banking,2022-10-27,2027-10-26,EOL within 24 months,Commercial Banking,Low,3790
CLD-000504,Azure,Azure App Service,Platform Service,digital-banking,2021-10-30,2030-01-01,Supported,Human Resources,High,3033
CLD-000505,Azure,Azure Data Factory,Data Integration,prod-subscription,2021-08-09,2030-01-01,Supported,Cybersecurity,Critical,12725
CLD-000506,Azure,Azure Kubernetes Service,Container,data-platform,2024-11-17,2030-11-16,Supported,Risk,Medium,14357
CLD-000507,AWS,Amazon S3,Storage,security-ops,2023-05-05,2030-01-01,Supported,Wealth Management,High,11320
CLD-000508,AWS,AWS Lambda,Serverless,prod-subscription,2025-09-16,2030-01-01,Supported,Treasury,Medium,2105
CLD-000509,AWS,Amazon EKS,Container,data-platform,2025-11-02,2029-11-01,Supported,Human Resources,Low,10460
CLD-000510,Azure,Azure Data Factory,Data Integration,digital-banking,2021-04-20,2030-01-01,Supported,Legal & Compliance,High,1928
CLD-000511,Azure,Azure Kubernetes Service,Container,security-ops,2019-07-28,2022-07-27,Past EOL,Finance,Medium,9059
CLD-000512,Azure,Azure Kubernetes Service,Container,data-platform,2019-02-27,2025-02-25,Past EOL,Cybersecurity,Low,11173
CLD-000513,AWS,Amazon S3,Storage,security-ops,2022-09-18,2030-01-01,Supported,Technology,Critical,5990
CLD-000514,AWS,Amazon S3,Storage,data-platform,2019-08-22,2030-01-01,Supported,Data & Analytics,Critical,4160
CLD-000515,AWS,AWS Lambda,Serverless,prod-subscription,2024-02-14,2030-01-01,Supported,Operations,High,976
CLD-000516,Azure,Azure Virtual Machines,Compute,nonprod-subscription,2021-10-02,2024-10-01,Past EOL,Cybersecurity,Medium,13993
CLD-000517,AWS,Amazon S3,Storage,digital-banking,2020-01-13,2030-01-01,Supported,Commercial Banking,Medium,4475
CLD-000518,AWS,AWS Lambda,Serverless,data-platform,2025-10-26,2030-01-01,Supported,Retail Banking,Critical,5006
CLD-000519,Azure,Azure Kubernetes Service,Container,data-platform,2019-02-01,2024-01-31,Past EOL,Capital Markets,High,6074
CLD-000520,Azure,Azure Kubernetes Service,Container,nonprod-subscription,2022-10-14,2028-10-12,Supported,Retail Banking,Critical,9995
CLD-000521,AWS,Amazon EC2,Compute,digital-banking,2020-04-11,2023-04-11,Past EOL,Data & Analytics,High,2424
CLD-000522,Azure,Azure App Service,Platform Service,digital-banking,2021-02-22,2030-01-01,Supported,Wealth Management,High,4880
CLD-000523,Azure,Azure App Service,Platform Service,digital-banking,2023-02-15,2030-01-01,Supported,Commercial Banking,Medium,5876
CLD-000524,Azure,Azure Data Factory,Data Integration,data-platform,2022-04-03,2030-01-01,Supported,Operations,Medium,8940
CLD-000525,AWS,Amazon EC2,Compute,data-platform,2020-01-06,2025-01-04,Past EOL,Wealth Management,High,5646
CLD-000526,AWS,AWS Lambda,Serverless,prod-subscription,2023-04-15,2030-01-01,Supported,Retail Banking,Low,4318
CLD-000527,AWS,Amazon RDS,Database,security-ops,2019-06-25,2023-06-24,Past EOL,Finance,Medium,8874
CLD-000528,Azure,Azure SQL Database,Database,data-platform,2022-07-04,2027-07-03,EOL within 24 months,Wealth Management,Critical,13784
CLD-000529,AWS,Amazon S3,Storage,digital-banking,2022-03-14,2030-01-01,Supported,Treasury,High,13311
CLD-000530,AWS,Amazon EKS,Container,digital-banking,2026-03-18,2032-03-16,Supported,Technology,Critical,9508
CLD-000531,AWS,Amazon RDS,Database,data-platform,2025-04-08,2028-04-07,EOL within 24 months,Treasury,Medium,14227
CLD-000532,AWS,Amazon EC2,Compute,security-ops,2019-04-20,2025-04-18,Past EOL,Retail Banking,Critical,7603
CLD-000533,AWS,Amazon S3,Storage,prod-subscription,2019-12-26,2030-01-01,Supported,Technology,Critical,7421
CLD-000534,Azure,Azure Kubernetes Service,Container,nonprod-subscription,2022-08-03,2028-08-01,Supported,Legal & Compliance,Critical,5635
CLD-000535,AWS,Amazon S3,Storage,nonprod-subscription,2019-02-07,2030-01-01,Supported,Treasury,Critical,3326
CLD-000536,Azure,Azure App Service,Platform Service,security-ops,2019-02-09,2030-01-01,Supported,Technology,Medium,2128
CLD-000537,Azure,Azure SQL Database,Database,prod-subscription,2024-04-18,2030-04-17,Supported,Data & Analytics,Critical,14128
CLD-000538,Azure,Azure Virtual Machines,Compute,prod-subscription,2021-06-10,2024-06-09,Past EOL,Capital Markets,High,12776
CLD-000539,Azure,Azure Virtual Machines,Compute,prod-subscription,2021-04-07,2024-04-06,Past EOL,Cybersecurity,Critical,2812
CLD-000540,Azure,Azure SQL Database,Database,prod-subscription,2022-11-30,2027-11-29,EOL within 24 months,Commercial Banking,Medium,10691
CLD-000541,Azure,Azure App Service,Platform Service,digital-banking,2023-01-28,2030-01-01,Supported,Data & Analytics,Medium,5489
CLD-000542,Azure,Azure App Service,Platform Service,data-platform,2019-12-31,2030-01-01,Supported,Human Resources,Medium,7799
CLD-000543,AWS,Amazon EKS,Container,data-platform,2020-01-14,2026-01-12,Past EOL,Data & Analytics,High,13252
CLD-000544,AWS,AWS Lambda,Serverless,digital-banking,2021-05-23,2030-01-01,Supported,Operations,Critical,13552
CLD-000545,Azure,Azure Kubernetes Service,Container,security-ops,2020-07-26,2024-07-25,Past EOL,Data & Analytics,High,9123
CLD-000546,AWS,Amazon RDS,Database,security-ops,2025-10-09,2031-10-08,Supported,Risk,Medium,11913
CLD-000547,AWS,Amazon RDS,Database,data-platform,2022-04-15,2025-04-14,Past EOL,Legal & Compliance,Critical,10465
CLD-000548,AWS,Amazon EC2,Compute,data-platform,2019-04-07,2023-04-06,Past EOL,Retail Banking,Critical,5350
CLD-000549,Azure,Azure App Service,Platform Service,prod-subscription,2023-03-19,2030-01-01,Supported,Treasury,High,13286
CLD-000550,Azure,Azure Data Factory,Data Integration,nonprod-subscription,2023-06-05,2030-01-01,Supported,Technology,High,13087
CLD-000551,Azure,Azure Data Factory,Data Integration,nonprod-subscription,2024-11-13,2030-01-01,Supported,Treasury,Medium,13931
CLD-000552,Azure,Azure App Service,Platform Service,data-platform,2023-09-29,2030-01-01,Supported,Cybersecurity,Critical,12233
CLD-000553,AWS,Amazon RDS,Database,data-platform,2020-03-18,2026-03-17,Past EOL,Capital Markets,High,2254
CLD-000554,Azure,Azure Kubernetes Service,Container,digital-banking,2021-02-13,2026-02-12,Past EOL,Treasury,Medium,2800
CLD-000555,Azure,Azure Virtual Machines,Compute,security-ops,2026-03-03,2032-03-01,Supported,Legal & Compliance,High,5744
CLD-000556,AWS,AWS Lambda,Serverless,nonprod-subscription,2024-10-05,2030-01-01,Supported,Wealth Management,High,6415
CLD-000557,Azure,Azure Virtual Machines,Compute,nonprod-subscription,2023-08-10,2026-08-09,EOL within 12 months,Operations,Medium,11897
CLD-000558,AWS,Amazon EC2,Compute,nonprod-subscription,2020-11-01,2024-10-31,Past EOL,Commercial Banking,High,5760
CLD-000559,AWS,Amazon RDS,Database,digital-banking,2024-10-18,2030-10-17,Supported,Technology,Medium,10303
CLD-000560,Azure,Azure Data Factory,Data Integration,digital-banking,2024-07-23,2030-01-01,Supported,Risk,Low,8047
CLD-000561,AWS,Amazon RDS,Database,prod-subscription,2024-12-17,2028-12-16,Supported,Capital Markets,High,1064
CLD-000562,Azure,Azure Data Factory,Data Integration,digital-banking,2025-11-08,2030-01-01,Supported,Risk,Critical,8985
CLD-000563,Azure,Azure Data Factory,Data Integration,security-ops,2019-10-31,2030-01-01,Supported,Capital Markets,Medium,9504
CLD-000564,Azure,Azure Kubernetes Service,Container,data-platform,2026-02-19,2031-02-18,Supported,Capital Markets,Critical,8898
CLD-000565,AWS,Amazon EC2,Compute,security-ops,2026-01-27,2031-01-26,Supported,Technology,Critical,11482
CLD-000566,Azure,Azure Data Factory,Data Integration,prod-subscription,2019-04-09,2030-01-01,Supported,Technology,High,7668
CLD-000567,Azure,Azure App Service,Platform Service,security-ops,2023-01-25,2030-01-01,Supported,Human Resources,High,6608
CLD-000568,AWS,Amazon RDS,Database,data-platform,2023-11-19,2029-11-17,Supported,Treasury,Low,9156
CLD-000569,Azure,Azure Data Factory,Data Integration,digital-banking,2019-02-08,2030-01-01,Supported,Risk,High,5985
CLD-000570,Azure,Azure Kubernetes Service,Container,digital-banking,2019-08-21,2024-08-19,Past EOL,Technology,Low,11295
CLD-000571,AWS,Amazon RDS,Database,digital-banking,2021-05-01,2027-04-30,EOL within 12 months,Risk,Medium,2330
CLD-000572,AWS,Amazon S3,Storage,prod-subscription,2021-04-29,2030-01-01,Supported,Retail Banking,Critical,11300
CLD-000573,Azure,Azure Virtual Machines,Compute,security-ops,2023-04-14,2029-04-12,Supported,Technology,Medium,9982
CLD-000574,AWS,Amazon RDS,Database,data-platform,2026-02-15,2032-02-14,Supported,Risk,High,1384
CLD-000575,AWS,AWS Lambda,Serverless,security-ops,2025-09-14,2030-01-01,Supported,Cybersecurity,Critical,14906
CLD-000576,AWS,Amazon S3,Storage,data-platform,2023-04-10,2030-01-01,Supported,Operations,Medium,4329
CLD-000577,Azure,Azure Virtual Machines,Compute,security-ops,2023-02-24,2028-02-23,EOL within 24 months,Commercial Banking,High,13361
CLD-000578,Azure,Azure SQL Database,Database,prod-subscription,2022-11-17,2028-11-15,Supported,Operations,Critical,3213
CLD-000579,Azure,Azure SQL Database,Database,prod-subscription,2019-09-18,2023-09-17,Past EOL,Legal & Compliance,Critical,1864
CLD-000580,Azure,Azure App Service,Platform Service,prod-subscription,2025-10-07,2030-01-01,Supported,Cybersecurity,High,6142
CLD-000581,Azure,Azure Virtual Machines,Compute,data-platform,2019-05-25,2024-05-23,Past EOL,Cybersecurity,High,11391
CLD-000582,Azure,Azure Virtual Machines,Compute,security-ops,2019-09-26,2023-09-25,Past EOL,Operations,High,5408
CLD-000583,AWS,Amazon S3,Storage,digital-banking,2023-04-26,2030-01-01,Supported,Retail Banking,High,1787
CLD-000584,Azure,Azure SQL Database,Database,data-platform,2025-05-02,2029-05-01,Supported,Operations,Critical,9358
CLD-000585,Azure,Azure App Service,Platform Service,nonprod-subscription,2024-05-26,2030-01-01,Supported,Retail Banking,High,1671
CLD-000586,AWS,Amazon EKS,Container,prod-subscription,2021-12-04,2025-12-03,Past EOL,Finance,Medium,4241
CLD-000587,AWS,Amazon EC2,Compute,digital-banking,2019-12-19,2024-12-17,Past EOL,Human Resources,High,11232
CLD-000588,AWS,Amazon EKS,Container,security-ops,2019-03-17,2024-03-15,Past EOL,Cybersecurity,Low,6425
CLD-000589,Azure,Azure App Service,Platform Service,nonprod-subscription,2025-09-08,2030-01-01,Supported,Capital Markets,High,11505
CLD-000590,AWS,Amazon S3,Storage,prod-subscription,2020-02-14,2030-01-01,Supported,Finance,High,7752
CLD-000591,AWS,Amazon RDS,Database,digital-banking,2023-11-11,2027-11-10,EOL within 24 months,Retail Banking,High,11024
CLD-000592,Azure,Azure SQL Database,Database,nonprod-subscription,2021-11-21,2024-11-20,Past EOL,Risk,High,6684
CLD-000593,Azure,Azure App Service,Platform Service,data-platform,2021-06-24,2030-01-01,Supported,Human Resources,High,13513
CLD-000594,Azure,Azure Data Factory,Data Integration,prod-subscription,2020-01-22,2030-01-01,Supported,Legal & Compliance,Critical,153
CLD-000595,Azure,Azure Virtual Machines,Compute,data-platform,2025-01-26,2030-01-25,Supported,Operations,Medium,10139
CLD-000596,Azure,Azure Virtual Machines,Compute,security-ops,2020-12-23,2026-12-22,EOL within 12 months,Cybersecurity,High,1995
CLD-000597,Azure,Azure Kubernetes Service,Container,security-ops,2025-11-01,2028-10-31,Supported,Data & Analytics,High,8841
CLD-000598,AWS,AWS Lambda,Serverless,prod-subscription,2023-03-11,2030-01-01,Supported,Treasury,High,13284
CLD-000599,Azure,Azure SQL Database,Database,nonprod-subscription,2020-06-22,2024-06-21,Past EOL,Technology,High,4763
CLD-000600,Azure,Azure App Service,Platform Service,security-ops,2021-09-22,2030-01-01,Supported,Technology,High,1484
CLD-000601,AWS,AWS Lambda,Serverless,security-ops,2024-04-13,2030-01-01,Supported,Technology,High,10910
CLD-000602,AWS,Amazon S3,Storage,digital-banking,2025-09-09,2030-01-01,Supported,Treasury,High,2638
CLD-000603,AWS,AWS Lambda,Serverless,data-platform,2022-07-02,2030-01-01,Supported,Cybersecurity,High,11983
CLD-000604,AWS,Amazon S3,Storage,security-ops,2025-03-04,2030-01-01,Supported,Wealth Management,High,14693
CLD-000605,Azure,Azure Kubernetes Service,Container,nonprod-subscription,2019-05-02,2023-05-01,Past EOL,Human Resources,Medium,11287
CLD-000606,Azure,Azure App Service,Platform Service,prod-subscription,2022-12-02,2030-01-01,Supported,Human Resources,High,1403
CLD-000607,AWS,Amazon EC2,Compute,nonprod-subscription,2019-10-28,2025-10-26,Past EOL,Retail Banking,High,5614
CLD-000608,AWS,Amazon RDS,Database,digital-banking,2022-04-24,2028-04-22,EOL within 24 months,Treasury,Medium,10178
CLD-000609,AWS,Amazon EC2,Compute,security-ops,2020-11-22,2023-11-22,Past EOL,Operations,Critical,5714
CLD-000610,Azure,Azure Data Factory,Data Integration,security-ops,2022-11-23,2030-01-01,Supported,Operations,Critical,12465
CLD-000611,AWS,AWS Lambda,Serverless,data-platform,2024-01-17,2030-01-01,Supported,Treasury,Critical,1037
CLD-000612,AWS,Amazon EKS,Container,data-platform,2024-09-28,2027-09-28,EOL within 24 months,Wealth Management,Medium,4793
CLD-000613,AWS,AWS Lambda,Serverless,nonprod-subscription,2023-04-22,2030-01-01,Supported,Technology,Low,10629
CLD-000614,Azure,Azure SQL Database,Database,digital-banking,2023-09-16,2027-09-15,EOL within 24 months,Capital Markets,High,1588
CLD-000615,Azure,Azure Data Factory,Data Integration,security-ops,2021-06-16,2030-01-01,Supported,Technology,Critical,1152
CLD-000616,AWS,Amazon EC2,Compute,digital-banking,2020-04-30,2024-04-29,Past EOL,Technology,Medium,1752
CLD-000617,Azure,Azure Kubernetes Service,Container,security-ops,2019-10-17,2022-10-16,Past EOL,Operations,Critical,14772
CLD-000618,Azure,Azure App Service,Platform Service,data-platform,2022-08-18,2030-01-01,Supported,Cybersecurity,Critical,3426
CLD-000619,Azure,Azure Kubernetes Service,Container,security-ops,2019-02-09,2022-02-08,Past EOL,Treasury,Critical,4601
CLD-000620,AWS,Amazon S3,Storage,security-ops,2024-05-09,2030-01-01,Supported,Wealth Management,High,2895
CLD-000621,AWS,AWS Lambda,Serverless,digital-banking,2023-09-23,2030-01-01,Supported,Retail Banking,Critical,9968
CLD-000622,Azure,Azure Data Factory,Data Integration,nonprod-subscription,2021-06-15,2030-01-01,Supported,Treasury,Medium,14608
CLD-000623,AWS,Amazon RDS,Database,data-platform,2022-04-15,2025-04-14,Past EOL,Data & Analytics,Medium,8880
CLD-000624,AWS,Amazon RDS,Database,prod-subscription,2019-07-04,2025-07-02,Past EOL,Treasury,Medium,12085
CLD-000625,AWS,Amazon EC2,Compute,security-ops,2021-03-15,2024-03-14,Past EOL,Data & Analytics,Medium,11468
CLD-000626,Azure,Azure App Service,Platform Service,data-platform,2021-01-20,2030-01-01,Supported,Technology,High,6900
CLD-000627,Azure,Azure Virtual Machines,Compute,nonprod-subscription,2021-01-17,2024-01-17,Past EOL,Retail Banking,Medium,11405
CLD-000628,Azure,Azure Virtual Machines,Compute,security-ops,2019-03-27,2025-03-25,Past EOL,Capital Markets,Critical,2748
CLD-000629,Azure,Azure Kubernetes Service,Container,nonprod-subscription,2024-03-12,2029-03-11,Supported,Commercial Banking,High,13925
CLD-000630,Azure,Azure Kubernetes Service,Container,digital-banking,2024-01-15,2030-01-13,Supported,Finance,Critical,2117
CLD-000631,AWS,Amazon RDS,Database,data-platform,2026-03-13,2029-03-12,Supported,Commercial Banking,High,14692
CLD-000632,Azure,Azure App Service,Platform Service,nonprod-subscription,2021-04-13,2030-01-01,Supported,Treasury,Medium,481
CLD-000633,AWS,Amazon EKS,Container,security-ops,2022-08-12,2027-08-11,EOL within 24 months,Legal & Compliance,Critical,14570
CLD-000634,AWS,Amazon EC2,Compute,data-platform,2025-08-27,2030-08-26,Supported,Operations,High,14878
CLD-000635,AWS,Amazon EKS,Container,data-platform,2019-03-08,2023-03-07,Past EOL,Cybersecurity,Medium,14223
CLD-000636,AWS,Amazon S3,Storage,digital-banking,2021-11-26,2030-01-01,Supported,Finance,Medium,3399
CLD-000637,Azure,Azure SQL Database,Database,prod-subscription,2020-10-15,2025-10-14,Past EOL,Technology,Medium,5189
CLD-000638,AWS,AWS Lambda,Serverless,data-platform,2021-08-08,2030-01-01,Supported,Retail Banking,High,11006
CLD-000639,Azure,Azure Data Factory,Data Integration,nonprod-subscription,2019-09-13,2030-01-01,Supported,Finance,High,2983
CLD-000640,AWS,Amazon RDS,Database,prod-subscription,2019-10-21,2024-10-19,Past EOL,Wealth Management,High,1121
CLD-000641,AWS,Amazon S3,Storage,digital-banking,2024-09-05,2030-01-01,Supported,Capital Markets,High,10165
CLD-000642,AWS,Amazon S3,Storage,nonprod-subscription,2020-01-17,2030-01-01,Supported,Operations,Medium,12573
CLD-000643,Azure,Azure App Service,Platform Service,digital-banking,2020-11-29,2030-01-01,Supported,Operations,High,1236
CLD-000644,AWS,Amazon EC2,Compute,digital-banking,2024-10-13,2030-10-12,Supported,Commercial Banking,Critical,7062
CLD-000645,AWS,Amazon S3,Storage,digital-banking,2023-04-10,2030-01-01,Supported,Wealth Management,High,11634
CLD-000646,Azure,Azure Kubernetes Service,Container,security-ops,2022-09-19,2025-09-18,Past EOL,Commercial Banking,Critical,263
CLD-000647,AWS,Amazon RDS,Database,nonprod-subscription,2021-07-25,2027-07-24,EOL within 24 months,Cybersecurity,Critical,10927
CLD-000648,Azure,Azure App Service,Platform Service,security-ops,2022-06-27,2030-01-01,Supported,Finance,Medium,14241
CLD-000649,AWS,Amazon EC2,Compute,nonprod-subscription,2023-01-22,2028-01-21,EOL within 24 months,Finance,Low,12574
CLD-000650,Azure,Azure Data Factory,Data Integration,digital-banking,2024-12-02,2030-01-01,Supported,Retail Banking,Medium,5151
CLD-000651,Azure,Azure App Service,Platform Service,nonprod-subscription,2020-12-08,2030-01-01,Supported,Risk,Critical,8405
CLD-000652,AWS,Amazon EC2,Compute,prod-subscription,2020-03-17,2026-03-16,Past EOL,Treasury,High,9631
CLD-000653,AWS,Amazon EC2,Compute,digital-banking,2019-04-27,2025-04-25,Past EOL,Commercial Banking,Medium,2601
CLD-000654,AWS,Amazon EKS,Container,nonprod-subscription,2021-04-08,2025-04-07,Past EOL,Finance,Critical,8629
CLD-000655,AWS,Amazon EC2,Compute,digital-banking,2025-04-26,2030-04-25,Supported,Capital Markets,Critical,686
CLD-000656,Azure,Azure SQL Database,Database,nonprod-subscription,2024-01-01,2028-12-30,Supported,Wealth Management,Low,4068
CLD-000657,Azure,Azure Kubernetes Service,Container,digital-banking,2022-03-21,2026-03-20,Past EOL,Treasury,Low,1242
CLD-000658,AWS,Amazon S3,Storage,data-platform,2020-10-13,2030-01-01,Supported,Data & Analytics,Medium,8963
CLD-000659,AWS,Amazon RDS,Database,digital-banking,2020-10-22,2026-10-21,EOL within 12 months,Human Resources,High,13349
CLD-000660,Azure,Azure Virtual Machines,Compute,data-platform,2021-03-31,2025-03-30,Past EOL,Wealth Management,Critical,6427
CLD-000661,AWS,Amazon EC2,Compute,prod-subscription,2024-02-17,2029-02-15,Supported,Wealth Management,High,123
CLD-000662,Azure,Azure App Service,Platform Service,security-ops,2019-08-03,2030-01-01,Supported,Commercial Banking,High,7863
CLD-000663,Azure,Azure SQL Database,Database,security-ops,2022-07-09,2027-07-08,EOL within 24 months,Human Resources,High,14287
CLD-000664,Azure,Azure App Service,Platform Service,digital-banking,2023-04-22,2030-01-01,Supported,Treasury,Critical,1159
CLD-000665,AWS,Amazon EC2,Compute,security-ops,2023-08-16,2027-08-15,EOL within 24 months,Retail Banking,High,4490
CLD-000666,Azure,Azure App Service,Platform Service,security-ops,2019-06-22,2030-01-01,Supported,Operations,Critical,10282
CLD-000667,AWS,Amazon EC2,Compute,data-platform,2025-10-03,2031-10-02,Supported,Retail Banking,Critical,11092
CLD-000668,Azure,Azure Virtual Machines,Compute,data-platform,2024-11-02,2027-11-02,EOL within 24 months,Legal & Compliance,High,4889
CLD-000669,Azure,Azure Virtual Machines,Compute,data-platform,2019-06-16,2022-06-15,Past EOL,Legal & Compliance,High,11585
CLD-000670,AWS,AWS Lambda,Serverless,security-ops,2019-12-28,2030-01-01,Supported,Treasury,Critical,3142
CLD-000671,Azure,Azure Virtual Machines,Compute,digital-banking,2025-08-16,2028-08-15,Supported,Risk,Medium,4471
CLD-000672,AWS,Amazon RDS,Database,data-platform,2021-01-19,2024-01-19,Past EOL,Treasury,High,9179
CLD-000673,Azure,Azure SQL Database,Database,nonprod-subscription,2020-07-23,2026-07-22,EOL within 12 months,Finance,Critical,7293
CLD-000674,AWS,Amazon RDS,Database,digital-banking,2021-07-12,2026-07-11,EOL within 12 months,Wealth Management,Critical,11310
CLD-000675,AWS,Amazon S3,Storage,digital-banking,2024-11-28,2030-01-01,Supported,Cybersecurity,Critical,7961
CLD-000676,AWS,Amazon S3,Storage,prod-subscription,2024-07-25,2030-01-01,Supported,Cybersecurity,Medium,3075
CLD-000677,Azure,Azure SQL Database,Database,prod-subscription,2025-04-13,2030-04-12,Supported,Treasury,High,12154
CLD-000678,Azure,Azure SQL Database,Database,nonprod-subscription,2023-05-27,2026-05-26,Past EOL,Risk,Medium,8985
CLD-000679,AWS,Amazon EC2,Compute,prod-subscription,2021-06-13,2025-06-12,Past EOL,Cybersecurity,Medium,8821
CLD-000680,AWS,Amazon RDS,Database,prod-subscription,2020-02-23,2023-02-22,Past EOL,Retail Banking,High,515
CLD-000681,Azure,Azure App Service,Platform Service,digital-banking,2024-08-20,2030-01-01,Supported,Commercial Banking,Critical,3596
CLD-000682,Azure,Azure Virtual Machines,Compute,prod-subscription,2023-02-06,2029-02-04,Supported,Data & Analytics,High,352
CLD-000683,AWS,Amazon EC2,Compute,data-platform,2026-01-13,2029-01-12,Supported,Capital Markets,Critical,9948
CLD-000684,Azure,Azure SQL Database,Database,prod-subscription,2024-08-07,2027-08-07,EOL within 24 months,Legal & Compliance,High,7924
CLD-000685,AWS,Amazon EKS,Container,security-ops,2023-12-08,2027-12-07,EOL within 24 months,Legal & Compliance,Medium,4809
CLD-000686,AWS,Amazon EKS,Container,data-platform,2026-02-26,2032-02-25,Supported,Legal & Compliance,High,3763
CLD-000687,AWS,Amazon RDS,Database,prod-subscription,2019-07-07,2023-07-06,Past EOL,Risk,High,1801
CLD-000688,Azure,Azure Kubernetes Service,Container,digital-banking,2022-08-04,2026-08-03,EOL within 12 months,Legal & Compliance,Medium,5814
CLD-000689,AWS,Amazon RDS,Database,data-platform,2025-04-28,2029-04-27,Supported,Data & Analytics,Critical,13066
CLD-000690,Azure,Azure Virtual Machines,Compute,security-ops,2024-10-22,2027-10-22,EOL within 24 months,Operations,High,2473
CLD-000691,Azure,Azure SQL Database,Database,nonprod-subscription,2025-03-31,2028-03-30,EOL within 24 months,Finance,Low,5065
CLD-000692,Azure,Azure App Service,Platform Service,digital-banking,2023-12-31,2030-01-01,Supported,Wealth Management,Medium,14243
CLD-000693,Azure,Azure Kubernetes Service,Container,security-ops,2019-02-21,2023-02-20,Past EOL,Retail Banking,Critical,7434
CLD-000694,AWS,Amazon S3,Storage,data-platform,2022-04-20,2030-01-01,Supported,Finance,Medium,10976
CLD-000695,Azure,Azure Virtual Machines,Compute,data-platform,2024-12-22,2027-12-22,EOL within 24 months,Technology,Medium,6012
CLD-000696,Azure,Azure Kubernetes Service,Container,data-platform,2021-08-26,2026-08-25,EOL within 12 months,Treasury,High,14634
CLD-000697,Azure,Azure Data Factory,Data Integration,prod-subscription,2022-01-12,2030-01-01,Supported,Treasury,High,5620
CLD-000698,Azure,Azure App Service,Platform Service,digital-banking,2019-09-11,2030-01-01,Supported,Commercial Banking,Critical,6651
CLD-000699,AWS,Amazon S3,Storage,nonprod-subscription,2024-08-29,2030-01-01,Supported,Human Resources,Low,5238
CLD-000700,Azure,Azure App Service,Platform Service,digital-banking,2021-09-09,2030-01-01,Supported,Wealth Management,Critical,13295
CLD-000701,Azure,Azure SQL Database,Database,prod-subscription,2025-03-27,2031-03-26,Supported,Commercial Banking,High,11991
CLD-000702,Azure,Azure App Service,Platform Service,data-platform,2024-10-21,2030-01-01,Supported,Risk,Medium,11818
CLD-000703,AWS,Amazon EKS,Container,security-ops,2020-12-07,2025-12-06,Past EOL,Retail Banking,High,12603
CLD-000704,AWS,Amazon S3,Storage,data-platform,2023-12-12,2030-01-01,Supported,Data & Analytics,High,9347
CLD-000705,Azure,Azure Virtual Machines,Compute,data-platform,2023-06-17,2029-06-15,Supported,Legal & Compliance,High,7627
CLD-000706,Azure,Azure Virtual Machines,Compute,security-ops,2025-06-09,2031-06-08,Supported,Cybersecurity,Critical,10279
CLD-000707,AWS,Amazon S3,Storage,prod-subscription,2025-03-09,2030-01-01,Supported,Technology,Medium,13655
CLD-000708,Azure,Azure App Service,Platform Service,security-ops,2021-01-09,2030-01-01,Supported,Treasury,Critical,8643
CLD-000709,AWS,Amazon S3,Storage,prod-subscription,2026-04-15,2030-01-01,Supported,Wealth Management,Critical,2051
CLD-000710,Azure,Azure Virtual Machines,Compute,data-platform,2025-01-04,2030-01-03,Supported,Technology,Critical,4924
CLD-000711,Azure,Azure Data Factory,Data Integration,digital-banking,2025-04-16,2030-01-01,Supported,Cybersecurity,Critical,10262
CLD-000712,AWS,Amazon RDS,Database,prod-subscription,2021-01-30,2027-01-29,EOL within 12 months,Operations,High,12498
CLD-000713,Azure,Azure App Service,Platform Service,nonprod-subscription,2019-11-03,2030-01-01,Supported,Legal & Compliance,Medium,4779
CLD-000714,AWS,Amazon EKS,Container,security-ops,2024-08-01,2027-08-01,EOL within 24 months,Commercial Banking,High,12729
CLD-000715,Azure,Azure Virtual Machines,Compute,digital-banking,2020-05-31,2023-05-31,Past EOL,Capital Markets,Low,3977
CLD-000716,Azure,Azure Virtual Machines,Compute,nonprod-subscription,2020-01-11,2026-01-09,Past EOL,Finance,High,10711
CLD-000717,AWS,Amazon EKS,Container,prod-subscription,2019-06-08,2024-06-06,Past EOL,Retail Banking,Medium,6414
CLD-000718,AWS,Amazon EKS,Container,digital-banking,2022-10-08,2026-10-07,EOL within 12 months,Legal & Compliance,Medium,9872
CLD-000719,Azure,Azure Data Factory,Data Integration,data-platform,2025-04-19,2030-01-01,Supported,Treasury,High,8183
CLD-000720,AWS,AWS Lambda,Serverless,security-ops,2019-11-16,2030-01-01,Supported,Human Resources,Medium,2785
CLD-000721,Azure,Azure Kubernetes Service,Container,security-ops,2019-08-16,2023-08-15,Past EOL,Technology,Critical,7325
CLD-000722,Azure,Azure App Service,Platform Service,nonprod-subscription,2021-12-30,2030-01-01,Supported,Wealth Management,Medium,640
CLD-000723,AWS,Amazon EKS,Container,prod-subscription,2020-05-15,2023-05-15,Past EOL,Treasury,Critical,13853
CLD-000724,Azure,Azure Kubernetes Service,Container,security-ops,2019-11-27,2025-11-25,Past EOL,Commercial Banking,Critical,7656
CLD-000725,Azure,Azure SQL Database,Database,security-ops,2019-01-08,2025-01-06,Past EOL,Cybersecurity,High,1151
CLD-000726,AWS,Amazon S3,Storage,prod-subscription,2019-08-27,2030-01-01,Supported,Treasury,Critical,14853
CLD-000727,Azure,Azure App Service,Platform Service,data-platform,2023-07-05,2030-01-01,Supported,Risk,High,4893
CLD-000728,Azure,Azure App Service,Platform Service,data-platform,2019-10-06,2030-01-01,Supported,Legal & Compliance,High,8127
CLD-000729,AWS,Amazon RDS,Database,data-platform,2023-07-29,2026-07-28,EOL within 12 months,Wealth Management,High,255
CLD-000730,AWS,AWS Lambda,Serverless,security-ops,2024-05-17,2030-01-01,Supported,Risk,Medium,2152
CLD-000731,Azure,Azure SQL Database,Database,digital-banking,2021-02-13,2025-02-12,Past EOL,Risk,Critical,8772
CLD-000732,AWS,Amazon RDS,Database,security-ops,2020-09-11,2026-09-10,EOL within 12 months,Data & Analytics,Medium,6036
CLD-000733,AWS,Amazon RDS,Database,nonprod-subscription,2021-06-12,2024-06-11,Past EOL,Operations,Medium,6425
CLD-000734,AWS,Amazon EC2,Compute,digital-banking,2025-03-10,2030-03-09,Supported,Legal & Compliance,High,11242
CLD-000735,AWS,Amazon EC2,Compute,nonprod-subscription,2022-05-03,2027-05-02,EOL within 12 months,Cybersecurity,Medium,13993
CLD-000736,AWS,AWS Lambda,Serverless,security-ops,2024-06-17,2030-01-01,Supported,Technology,High,10747
CLD-000737,Azure,Azure Data Factory,Data Integration,data-platform,2021-02-16,2030-01-01,Supported,Human Resources,Critical,4833
CLD-000738,AWS,Amazon RDS,Database,data-platform,2023-05-07,2028-05-05,EOL within 24 months,Capital Markets,Medium,11632
CLD-000739,AWS,Amazon RDS,Database,security-ops,2021-04-18,2024-04-17,Past EOL,Commercial Banking,Medium,4683
CLD-000740,AWS,Amazon EKS,Container,prod-subscription,2020-02-08,2024-02-07,Past EOL,Operations,High,4253
CLD-000741,Azure,Azure Data Factory,Data Integration,digital-banking,2019-01-02,2030-01-01,Supported,Retail Banking,High,1057
CLD-000742,AWS,Amazon S3,Storage,nonprod-subscription,2019-05-12,2030-01-01,Supported,Capital Markets,Medium,10792
CLD-000743,AWS,Amazon RDS,Database,nonprod-subscription,2025-11-07,2031-11-06,Supported,Risk,Critical,926
CLD-000744,Azure,Azure Virtual Machines,Compute,nonprod-subscription,2023-02-13,2028-02-12,EOL within 24 months,Operations,High,3861
CLD-000745,Azure,Azure App Service,Platform Service,data-platform,2023-10-27,2030-01-01,Supported,Capital Markets,Critical,7658
CLD-000746,AWS,Amazon EC2,Compute,security-ops,2024-10-22,2029-10-21,Supported,Retail Banking,Medium,1930
CLD-000747,Azure,Azure Virtual Machines,Compute,prod-subscription,2023-10-26,2029-10-24,Supported,Technology,High,1618
CLD-000748,AWS,Amazon EC2,Compute,security-ops,2022-04-03,2028-04-01,EOL within 24 months,Finance,Medium,12551
CLD-000749,AWS,Amazon EKS,Container,security-ops,2021-02-22,2027-02-21,EOL within 12 months,Retail Banking,Critical,13532
CLD-000750,AWS,Amazon RDS,Database,security-ops,2026-02-04,2032-02-03,Supported,Legal & Compliance,Critical,1586
CLD-000751,Azure,Azure App Service,Platform Service,data-platform,2020-12-04,2030-01-01,Supported,Treasury,High,10651
CLD-000752,Azure,Azure Virtual Machines,Compute,digital-banking,2019-03-12,2024-03-10,Past EOL,Data & Analytics,Medium,13360
CLD-000753,Azure,Azure Kubernetes Service,Container,digital-banking,2020-05-17,2025-05-16,Past EOL,Commercial Banking,High,9822
CLD-000754,Azure,Azure SQL Database,Database,nonprod-subscription,2026-05-23,2030-05-22,Supported,Legal & Compliance,Critical,7162
CLD-000755,AWS,AWS Lambda,Serverless,security-ops,2026-05-01,2030-01-01,Supported,Finance,Medium,3087
CLD-000756,Azure,Azure Kubernetes Service,Container,prod-subscription,2019-05-27,2024-05-25,Past EOL,Retail Banking,Critical,14339
CLD-000757,AWS,AWS Lambda,Serverless,digital-banking,2019-04-14,2030-01-01,Supported,Operations,Medium,3897
CLD-000758,AWS,Amazon S3,Storage,data-platform,2022-08-13,2030-01-01,Supported,Finance,Critical,9424
CLD-000759,AWS,AWS Lambda,Serverless,security-ops,2020-04-05,2030-01-01,Supported,Cybersecurity,Critical,4693
CLD-000760,AWS,Amazon EC2,Compute,data-platform,2023-01-15,2028-01-14,EOL within 24 months,Retail Banking,Medium,1792
CLD-000761,Azure,Azure SQL Database,Database,digital-banking,2019-07-28,2025-07-26,Past EOL,Operations,Critical,2861
CLD-000762,AWS,AWS Lambda,Serverless,prod-subscription,2019-11-23,2030-01-01,Supported,Technology,High,9469
CLD-000763,Azure,Azure Data Factory,Data Integration,nonprod-subscription,2022-09-10,2030-01-01,Supported,Legal & Compliance,Low,3577
CLD-000764,Azure,Azure SQL Database,Database,data-platform,2022-09-01,2027-08-31,EOL within 24 months,Wealth Management,Medium,12122
CLD-000765,AWS,Amazon RDS,Database,prod-subscription,2025-01-18,2028-01-18,EOL within 24 months,Commercial Banking,Medium,539
CLD-000766,Azure,Azure SQL Database,Database,prod-subscription,2020-11-30,2025-11-29,Past EOL,Wealth Management,High,6731
CLD-000767,Azure,Azure Data Factory,Data Integration,security-ops,2025-01-10,2030-01-01,Supported,Operations,High,3188
CLD-000768,AWS,Amazon RDS,Database,digital-banking,2023-04-11,2027-04-10,EOL within 12 months,Legal & Compliance,High,8711
CLD-000769,Azure,Azure Data Factory,Data Integration,data-platform,2023-03-23,2030-01-01,Supported,Capital Markets,High,3852
CLD-000770,Azure,Azure Virtual Machines,Compute,digital-banking,2023-04-25,2027-04-24,EOL within 12 months,Operations,High,8804
CLD-000771,AWS,Amazon EC2,Compute,data-platform,2023-06-23,2028-06-21,Supported,Cybersecurity,High,9593
CLD-000772,AWS,Amazon EKS,Container,security-ops,2025-07-27,2031-07-26,Supported,Wealth Management,Medium,2118
CLD-000773,Azure,Azure App Service,Platform Service,nonprod-subscription,2026-01-31,2030-01-01,Supported,Operations,High,11156
CLD-000774,Azure,Azure Data Factory,Data Integration,security-ops,2019-06-24,2030-01-01,Supported,Treasury,Low,4009
CLD-000775,Azure,Azure Kubernetes Service,Container,prod-subscription,2023-03-20,2026-03-19,Past EOL,Cybersecurity,High,9813
CLD-000776,AWS,Amazon EC2,Compute,digital-banking,2021-01-31,2025-01-30,Past EOL,Technology,High,3588
CLD-000777,AWS,Amazon EC2,Compute,digital-banking,2025-02-01,2030-01-31,Supported,Commercial Banking,High,13743
CLD-000778,AWS,Amazon EC2,Compute,digital-banking,2023-06-16,2027-06-15,EOL within 24 months,Legal & Compliance,High,7112
CLD-000779,AWS,Amazon EC2,Compute,nonprod-subscription,2020-04-14,2023-04-14,Past EOL,Cybersecurity,High,14743
CLD-000780,Azure,Azure App Service,Platform Service,prod-subscription,2024-08-23,2030-01-01,Supported,Treasury,Critical,8978
CLD-000781,AWS,Amazon EC2,Compute,data-platform,2021-01-08,2024-01-08,Past EOL,Cybersecurity,High,8708
CLD-000782,Azure,Azure SQL Database,Database,digital-banking,2020-02-15,2025-02-13,Past EOL,Risk,High,11276
CLD-000783,AWS,AWS Lambda,Serverless,prod-subscription,2024-11-23,2030-01-01,Supported,Finance,Medium,7855
CLD-000784,AWS,Amazon S3,Storage,nonprod-subscription,2021-12-15,2030-01-01,Supported,Retail Banking,Critical,6428
CLD-000785,Azure,Azure Data Factory,Data Integration,security-ops,2021-05-11,2030-01-01,Supported,Risk,Low,12445
CLD-000786,AWS,Amazon S3,Storage,nonprod-subscription,2025-03-20,2030-01-01,Supported,Treasury,High,13721
CLD-000787,AWS,Amazon EC2,Compute,digital-banking,2023-02-28,2028-02-27,EOL within 24 months,Data & Analytics,Medium,1784
CLD-000788,AWS,Amazon EC2,Compute,digital-banking,2023-04-20,2027-04-19,EOL within 12 months,Technology,Medium,8767
CLD-000789,AWS,Amazon EKS,Container,nonprod-subscription,2019-11-04,2025-11-02,Past EOL,Commercial Banking,Medium,7372
CLD-000790,Azure,Azure App Service,Platform Service,data-platform,2022-02-18,2030-01-01,Supported,Technology,Critical,3527
CLD-000791,AWS,Amazon S3,Storage,security-ops,2022-12-28,2030-01-01,Supported,Finance,Critical,510
CLD-000792,Azure,Azure Virtual Machines,Compute,security-ops,2025-05-21,2031-05-20,Supported,Risk,High,6968
CLD-000793,Azure,Azure Data Factory,Data Integration,security-ops,2025-05-16,2030-01-01,Supported,Capital Markets,Medium,7004
CLD-000794,AWS,Amazon EKS,Container,security-ops,2023-08-16,2029-08-14,Supported,Human Resources,Low,1386
CLD-000795,Azure,Azure App Service,Platform Service,nonprod-subscription,2021-04-27,2030-01-01,Supported,Commercial Banking,High,3636
CLD-000796,AWS,AWS Lambda,Serverless,prod-subscription,2019-05-09,2030-01-01,Supported,Technology,Medium,10000
CLD-000797,Azure,Azure SQL Database,Database,nonprod-subscription,2022-05-31,2028-05-29,EOL within 24 months,Operations,Low,867
CLD-000798,AWS,Amazon RDS,Database,nonprod-subscription,2025-09-01,2029-08-31,Supported,Human Resources,High,14274
CLD-000799,AWS,Amazon EKS,Container,nonprod-subscription,2024-02-25,2030-02-23,Supported,Finance,High,10021
CLD-000800,Azure,Azure Kubernetes Service,Container,security-ops,2019-06-19,2024-06-17,Past EOL,Data & Analytics,High,2507
CLD-000801,Azure,Azure SQL Database,Database,digital-banking,2022-02-19,2025-02-18,Past EOL,Legal & Compliance,High,4354
CLD-000802,Azure,Azure SQL Database,Database,security-ops,2020-05-19,2026-05-18,Past EOL,Commercial Banking,High,12172
CLD-000803,AWS,Amazon EC2,Compute,data-platform,2022-05-27,2025-05-26,Past EOL,Human Resources,Medium,6765
CLD-000804,AWS,AWS Lambda,Serverless,data-platform,2022-01-13,2030-01-01,Supported,Retail Banking,Critical,4316
CLD-000805,AWS,Amazon EC2,Compute,data-platform,2024-07-15,2030-07-14,Supported,Legal & Compliance,Critical,8535
CLD-000806,AWS,AWS Lambda,Serverless,nonprod-subscription,2019-08-17,2030-01-01,Supported,Commercial Banking,High,7540
CLD-000807,Azure,Azure App Service,Platform Service,prod-subscription,2020-02-09,2030-01-01,Supported,Commercial Banking,Low,1744
CLD-000808,AWS,Amazon RDS,Database,nonprod-subscription,2019-01-18,2022-01-17,Past EOL,Risk,Medium,5509
CLD-000809,Azure,Azure SQL Database,Database,digital-banking,2019-11-14,2024-11-12,Past EOL,Commercial Banking,Low,5825
CLD-000810,AWS,Amazon S3,Storage,digital-banking,2021-02-25,2030-01-01,Supported,Legal & Compliance,Medium,462
CLD-000811,Azure,Azure Kubernetes Service,Container,data-platform,2019-05-03,2022-05-02,Past EOL,Cybersecurity,Medium,2175
CLD-000812,Azure,Azure Data Factory,Data Integration,prod-subscription,2023-08-22,2030-01-01,Supported,Technology,Critical,12521
CLD-000813,AWS,Amazon S3,Storage,prod-subscription,2022-09-20,2030-01-01,Supported,Retail Banking,Medium,13550
CLD-000814,AWS,Amazon EKS,Container,prod-subscription,2023-09-26,2028-09-24,Supported,Retail Banking,Low,6586
CLD-000815,AWS,AWS Lambda,Serverless,data-platform,2024-12-01,2030-01-01,Supported,Legal & Compliance,Low,10970
CLD-000816,AWS,Amazon S3,Storage,digital-banking,2020-04-15,2030-01-01,Supported,Human Resources,Critical,8344
CLD-000817,Azure,Azure Kubernetes Service,Container,digital-banking,2024-03-26,2028-03-25,EOL within 24 months,Operations,High,5231
CLD-000818,Azure,Azure Kubernetes Service,Container,prod-subscription,2024-12-18,2030-12-17,Supported,Capital Markets,High,10283
CLD-000819,Azure,Azure Kubernetes Service,Container,security-ops,2024-12-31,2028-12-30,Supported,Retail Banking,Critical,336
CLD-000820,Azure,Azure Kubernetes Service,Container,digital-banking,2026-01-19,2032-01-18,Supported,Capital Markets,Medium,2834
CLD-000821,Azure,Azure App Service,Platform Service,nonprod-subscription,2024-11-22,2030-01-01,Supported,Retail Banking,Critical,373
CLD-000822,Azure,Azure Kubernetes Service,Container,digital-banking,2024-08-21,2028-08-20,Supported,Risk,Low,1427
CLD-000823,Azure,Azure SQL Database,Database,prod-subscription,2023-03-28,2027-03-27,EOL within 12 months,Legal & Compliance,Medium,12151
CLD-000824,AWS,Amazon RDS,Database,digital-banking,2021-09-27,2026-09-26,EOL within 12 months,Finance,Medium,5167
CLD-000825,AWS,AWS Lambda,Serverless,prod-subscription,2024-08-12,2030-01-01,Supported,Data & Analytics,Critical,14685
CLD-000826,AWS,Amazon RDS,Database,data-platform,2026-05-20,2030-05-19,Supported,Wealth Management,Critical,11392
CLD-000827,AWS,Amazon EKS,Container,prod-subscription,2020-09-21,2024-09-20,Past EOL,Technology,Critical,7236
CLD-000828,AWS,AWS Lambda,Serverless,prod-subscription,2022-08-09,2030-01-01,Supported,Data & Analytics,Critical,3000
CLD-000829,AWS,AWS Lambda,Serverless,nonprod-subscription,2022-02-02,2030-01-01,Supported,Data & Analytics,High,11478
CLD-000830,AWS,Amazon S3,Storage,data-platform,2024-07-12,2030-01-01,Supported,Wealth Management,High,3550
CLD-000831,Azure,Azure App Service,Platform Service,prod-subscription,2025-07-12,2030-01-01,Supported,Retail Banking,Medium,5193
CLD-000832,AWS,Amazon EC2,Compute,digital-banking,2020-09-30,2023-09-30,Past EOL,Capital Markets,High,13874
CLD-000833,AWS,Amazon RDS,Database,security-ops,2025-05-11,2030-05-10,Supported,Treasury,Low,10729
CLD-000834,AWS,Amazon S3,Storage,security-ops,2020-06-11,2030-01-01,Supported,Legal & Compliance,High,12210
CLD-000835,AWS,Amazon RDS,Database,security-ops,2021-01-13,2025-01-12,Past EOL,Operations,Critical,11411
CLD-000836,AWS,Amazon EC2,Compute,nonprod-subscription,2025-01-28,2029-01-27,Supported,Data & Analytics,Critical,12942
CLD-000837,Azure,Azure Data Factory,Data Integration,prod-subscription,2021-03-03,2030-01-01,Supported,Treasury,High,14934
CLD-000838,AWS,Amazon RDS,Database,digital-banking,2023-06-01,2029-05-30,Supported,Cybersecurity,Medium,11308
CLD-000839,AWS,Amazon S3,Storage,nonprod-subscription,2019-09-30,2030-01-01,Supported,Retail Banking,High,3664
CLD-000840,AWS,AWS Lambda,Serverless,prod-subscription,2020-08-16,2030-01-01,Supported,Retail Banking,High,11393
CLD-000841,AWS,Amazon S3,Storage,data-platform,2023-06-23,2030-01-01,Supported,Human Resources,High,10937
CLD-000842,AWS,AWS Lambda,Serverless,data-platform,2019-08-08,2030-01-01,Supported,Capital Markets,Critical,546
CLD-000843,Azure,Azure Kubernetes Service,Container,data-platform,2022-08-11,2026-08-10,EOL within 12 months,Technology,Critical,4639
CLD-000844,AWS,AWS Lambda,Serverless,digital-banking,2023-04-01,2030-01-01,Supported,Treasury,Medium,7793
CLD-000845,AWS,AWS Lambda,Serverless,nonprod-subscription,2023-06-20,2030-01-01,Supported,Human Resources,Low,9897
CLD-000846,AWS,Amazon EC2,Compute,digital-banking,2021-08-05,2025-08-04,Past EOL,Data & Analytics,High,1520
CLD-000847,AWS,Amazon EKS,Container,nonprod-subscription,2025-06-24,2031-06-23,Supported,Data & Analytics,Critical,10739
CLD-000848,Azure,Azure App Service,Platform Service,data-platform,2024-09-05,2030-01-01,Supported,Commercial Banking,High,6909
CLD-000849,AWS,Amazon EKS,Container,security-ops,2021-04-27,2027-04-26,EOL within 12 months,Finance,Critical,11042
CLD-000850,Azure,Azure Kubernetes Service,Container,data-platform,2021-06-25,2026-06-24,EOL within 12 months,Wealth Management,Medium,8008
CLD-000851,AWS,Amazon S3,Storage,prod-subscription,2019-08-04,2030-01-01,Supported,Finance,High,13996
CLD-000852,AWS,Amazon RDS,Database,security-ops,2021-08-27,2027-08-26,EOL within 24 months,Operations,Critical,9733
CLD-000853,AWS,AWS Lambda,Serverless,security-ops,2021-10-02,2030-01-01,Supported,Human Resources,High,14337
CLD-000854,Azure,Azure Virtual Machines,Compute,prod-subscription,2019-02-05,2025-02-03,Past EOL,Retail Banking,Medium,14463
CLD-000855,AWS,Amazon RDS,Database,data-platform,2025-11-23,2029-11-22,Supported,Finance,Low,3822
CLD-000856,Azure,Azure Kubernetes Service,Container,nonprod-subscription,2020-03-27,2024-03-26,Past EOL,Commercial Banking,Medium,156
CLD-000857,AWS,Amazon EKS,Container,digital-banking,2023-03-22,2028-03-20,EOL within 24 months,Risk,Medium,14881
CLD-000858,AWS,AWS Lambda,Serverless,data-platform,2025-02-06,2030-01-01,Supported,Wealth Management,Low,8768
CLD-000859,Azure,Azure Virtual Machines,Compute,nonprod-subscription,2021-02-01,2026-01-31,Past EOL,Treasury,Medium,8322
CLD-000860,AWS,Amazon EC2,Compute,security-ops,2025-01-16,2031-01-15,Supported,Cybersecurity,High,1659
CLD-000861,AWS,Amazon EKS,Container,data-platform,2019-02-20,2022-02-19,Past EOL,Operations,High,3737
CLD-000862,Azure,Azure Data Factory,Data Integration,digital-banking,2026-04-10,2030-01-01,Supported,Finance,High,12701
CLD-000863,AWS,AWS Lambda,Serverless,nonprod-subscription,2021-12-15,2030-01-01,Supported,Treasury,Low,4951
CLD-000864,Azure,Azure Virtual Machines,Compute,nonprod-subscription,2023-03-07,2026-03-06,Past EOL,Operations,Low,10275
CLD-000865,Azure,Azure Virtual Machines,Compute,nonprod-subscription,2020-03-11,2024-03-10,Past EOL,Risk,Critical,10416
CLD-000866,Azure,Azure Virtual Machines,Compute,digital-banking,2025-06-07,2029-06-06,Supported,Operations,High,12075
CLD-000867,Azure,Azure Kubernetes Service,Container,prod-subscription,2024-08-24,2027-08-24,EOL within 24 months,Treasury,Critical,6261
CLD-000868,AWS,Amazon EC2,Compute,digital-banking,2020-02-24,2023-02-23,Past EOL,Treasury,Critical,2253
CLD-000869,Azure,Azure Virtual Machines,Compute,nonprod-subscription,2020-04-19,2026-04-18,Past EOL,Wealth Management,Low,6474
CLD-000870,AWS,Amazon EC2,Compute,nonprod-subscription,2022-04-01,2026-03-31,Past EOL,Legal & Compliance,Medium,2456
CLD-000871,AWS,Amazon S3,Storage,prod-subscription,2020-03-07,2030-01-01,Supported,Operations,Medium,14074
CLD-000872,Azure,Azure SQL Database,Database,data-platform,2025-09-28,2028-09-27,Supported,Retail Banking,High,6071
CLD-000873,Azure,Azure Virtual Machines,Compute,data-platform,2023-01-17,2028-01-16,EOL within 24 months,Cybersecurity,High,7915
CLD-000874,AWS,AWS Lambda,Serverless,security-ops,2025-11-23,2030-01-01,Supported,Retail Banking,Low,9198
CLD-000875,Azure,Azure SQL Database,Database,digital-banking,2021-04-15,2026-04-14,Past EOL,Operations,Medium,1466
CLD-000876,Azure,Azure Data Factory,Data Integration,prod-subscription,2025-09-29,2030-01-01,Supported,Cybersecurity,Low,9069
CLD-000877,AWS,Amazon EC2,Compute,digital-banking,2023-06-22,2028-06-20,Supported,Data & Analytics,Critical,5837
CLD-000878,Azure,Azure Data Factory,Data Integration,data-platform,2024-02-22,2030-01-01,Supported,Wealth Management,High,3888
CLD-000879,Azure,Azure Virtual Machines,Compute,nonprod-subscription,2021-09-18,2027-09-17,EOL within 24 months,Commercial Banking,Critical,370
CLD-000880,AWS,AWS Lambda,Serverless,security-ops,2024-12-27,2030-01-01,Supported,Capital Markets,High,5503
CLD-000881,Azure,Azure Kubernetes Service,Container,data-platform,2025-03-07,2028-03-06,EOL within 24 months,Commercial Banking,High,14517
CLD-000882,Azure,Azure SQL Database,Database,security-ops,2023-06-11,2026-06-10,EOL within 12 months,Cybersecurity,Critical,7935
CLD-000883,AWS,Amazon EC2,Compute,nonprod-subscription,2023-06-21,2027-06-20,EOL within 24 months,Data & Analytics,High,1411
CLD-000884,Azure,Azure Kubernetes Service,Container,digital-banking,2025-11-09,2029-11-08,Supported,Commercial Banking,Medium,8625
CLD-000885,AWS,AWS Lambda,Serverless,security-ops,2019-01-11,2030-01-01,Supported,Treasury,High,5081
CLD-000886,AWS,AWS Lambda,Serverless,data-platform,2019-09-04,2030-01-01,Supported,Cybersecurity,Medium,345
CLD-000887,AWS,Amazon EKS,Container,security-ops,2023-07-24,2028-07-22,Supported,Treasury,High,3748
CLD-000888,Azure,Azure App Service,Platform Service,data-platform,2020-07-02,2030-01-01,Supported,Operations,Low,14664
CLD-000889,AWS,Amazon EKS,Container,digital-banking,2021-08-24,2024-08-23,Past EOL,Wealth Management,High,10637
CLD-000890,Azure,Azure Data Factory,Data Integration,nonprod-subscription,2020-04-14,2030-01-01,Supported,Technology,Medium,13530
CLD-000891,Azure,Azure SQL Database,Database,digital-banking,2020-03-02,2026-03-01,Past EOL,Risk,Critical,9431
CLD-000892,AWS,AWS Lambda,Serverless,digital-banking,2021-06-05,2030-01-01,Supported,Human Resources,High,12012
CLD-000893,AWS,Amazon EKS,Container,prod-subscription,2019-01-22,2024-01-21,Past EOL,Operations,High,6600
CLD-000894,AWS,Amazon EKS,Container,prod-subscription,2024-12-31,2030-12-30,Supported,Capital Markets,Medium,10640
CLD-000895,Azure,Azure Kubernetes Service,Container,security-ops,2019-04-30,2025-04-28,Past EOL,Legal & Compliance,Critical,4320
CLD-000896,Azure,Azure SQL Database,Database,prod-subscription,2020-07-29,2026-07-28,EOL within 12 months,Legal & Compliance,Medium,9480
CLD-000897,AWS,Amazon EC2,Compute,security-ops,2022-07-15,2025-07-14,Past EOL,Wealth Management,High,12672
CLD-000898,Azure,Azure App Service,Platform Service,data-platform,2026-01-06,2030-01-01,Supported,Risk,Medium,12430
CLD-000899,AWS,Amazon EC2,Compute,prod-subscription,2021-05-05,2024-05-04,Past EOL,Technology,High,12505
CLD-000900,AWS,Amazon EC2,Compute,digital-banking,2019-09-20,2022-09-19,Past EOL,Human Resources,High,12848
CLD-000901,Azure,Azure Virtual Machines,Compute,prod-subscription,2022-03-25,2028-03-23,EOL within 24 months,Operations,High,6445
CLD-000902,Azure,Azure Virtual Machines,Compute,data-platform,2020-06-21,2025-06-20,Past EOL,Human Resources,Medium,4975
CLD-000903,AWS,AWS Lambda,Serverless,prod-subscription,2020-10-30,2030-01-01,Supported,Retail Banking,Critical,559
CLD-000904,AWS,Amazon EKS,Container,data-platform,2022-12-25,2026-12-24,EOL within 12 months,Operations,Critical,1540
CLD-000905,Azure,Azure Data Factory,Data Integration,security-ops,2023-03-17,2030-01-01,Supported,Treasury,High,12683
CLD-000906,Azure,Azure Kubernetes Service,Container,digital-banking,2021-12-20,2025-12-19,Past EOL,Capital Markets,Critical,3341
CLD-000907,AWS,Amazon EC2,Compute,data-platform,2020-04-17,2025-04-16,Past EOL,Finance,High,1298
CLD-000908,AWS,Amazon S3,Storage,nonprod-subscription,2019-10-04,2030-01-01,Supported,Commercial Banking,Medium,2430
CLD-000909,Azure,Azure Kubernetes Service,Container,security-ops,2023-07-26,2028-07-24,Supported,Risk,Low,8819
CLD-000910,AWS,AWS Lambda,Serverless,nonprod-subscription,2019-09-25,2030-01-01,Supported,Legal & Compliance,Critical,5443
CLD-000911,AWS,Amazon RDS,Database,security-ops,2022-12-30,2027-12-29,EOL within 24 months,Treasury,Critical,3634
CLD-000912,AWS,Amazon EC2,Compute,digital-banking,2026-04-06,2032-04-04,Supported,Capital Markets,Medium,11229
CLD-000913,Azure,Azure Data Factory,Data Integration,data-platform,2024-08-11,2030-01-01,Supported,Operations,High,10643
CLD-000914,Azure,Azure SQL Database,Database,data-platform,2024-07-09,2027-07-09,EOL within 24 months,Legal & Compliance,Critical,6975
CLD-000915,Azure,Azure Virtual Machines,Compute,security-ops,2023-03-08,2028-03-06,EOL within 24 months,Human Resources,Low,8427
CLD-000916,Azure,Azure App Service,Platform Service,security-ops,2019-08-16,2030-01-01,Supported,Data & Analytics,Medium,10858
CLD-000917,AWS,Amazon EC2,Compute,data-platform,2026-01-01,2028-12-31,Supported,Operations,Critical,7180
CLD-000918,AWS,Amazon S3,Storage,nonprod-subscription,2023-10-01,2030-01-01,Supported,Retail Banking,High,14196
CLD-000919,Azure,Azure Kubernetes Service,Container,nonprod-subscription,2024-07-09,2029-07-08,Supported,Human Resources,Low,1602
CLD-000920,AWS,Amazon S3,Storage,security-ops,2019-05-29,2030-01-01,Supported,Technology,Critical,6761
CLD-000921,Azure,Azure Virtual Machines,Compute,security-ops,2025-04-21,2031-04-20,Supported,Legal & Compliance,Medium,11831
CLD-000922,AWS,Amazon EKS,Container,digital-banking,2023-09-08,2026-09-07,EOL within 12 months,Finance,Medium,7193
CLD-000923,AWS,Amazon EC2,Compute,nonprod-subscription,2020-08-10,2023-08-10,Past EOL,Data & Analytics,Medium,6683
CLD-000924,AWS,Amazon S3,Storage,prod-subscription,2024-06-16,2030-01-01,Supported,Retail Banking,Critical,11994
CLD-000925,Azure,Azure Virtual Machines,Compute,nonprod-subscription,2021-10-22,2026-10-21,EOL within 12 months,Human Resources,Medium,1938
CLD-000926,Azure,Azure SQL Database,Database,digital-banking,2025-03-10,2028-03-09,EOL within 24 months,Legal & Compliance,High,4352
CLD-000927,AWS,Amazon S3,Storage,data-platform,2024-06-10,2030-01-01,Supported,Wealth Management,Critical,2491
CLD-000928,AWS,AWS Lambda,Serverless,digital-banking,2020-10-29,2030-01-01,Supported,Data & Analytics,High,9752
CLD-000929,AWS,Amazon EC2,Compute,digital-banking,2023-11-04,2029-11-02,Supported,Retail Banking,High,5655
CLD-000930,Azure,Azure SQL Database,Database,security-ops,2021-12-11,2024-12-10,Past EOL,Legal & Compliance,High,2210
CLD-000931,Azure,Azure App Service,Platform Service,prod-subscription,2023-11-08,2030-01-01,Supported,Operations,Critical,8675
CLD-000932,AWS,AWS Lambda,Serverless,nonprod-subscription,2025-06-19,2030-01-01,Supported,Retail Banking,High,14515
CLD-000933,Azure,Azure Virtual Machines,Compute,prod-subscription,2023-03-22,2029-03-20,Supported,Risk,Medium,3031
CLD-000934,AWS,Amazon S3,Storage,digital-banking,2021-08-24,2030-01-01,Supported,Treasury,High,3737
CLD-000935,Azure,Azure App Service,Platform Service,prod-subscription,2021-06-13,2030-01-01,Supported,Human Resources,High,11730
CLD-000936,AWS,Amazon EKS,Container,prod-subscription,2024-11-21,2028-11-20,Supported,Finance,High,13819
CLD-000937,AWS,Amazon EKS,Container,prod-subscription,2026-01-24,2029-01-23,Supported,Wealth Management,Critical,11282
CLD-000938,AWS,Amazon EC2,Compute,nonprod-subscription,2023-05-19,2026-05-18,Past EOL,Treasury,High,4707
CLD-000939,AWS,AWS Lambda,Serverless,digital-banking,2024-07-23,2030-01-01,Supported,Commercial Banking,Low,9502
CLD-000940,AWS,Amazon EC2,Compute,data-platform,2020-01-27,2026-01-25,Past EOL,Treasury,Critical,12359
CLD-000941,Azure,Azure Virtual Machines,Compute,digital-banking,2026-02-26,2031-02-25,Supported,Legal & Compliance,Medium,7115
CLD-000942,Azure,Azure Kubernetes Service,Container,security-ops,2024-12-23,2030-12-22,Supported,Technology,Medium,7564
CLD-000943,AWS,Amazon EKS,Container,prod-subscription,2022-07-31,2027-07-30,EOL within 24 months,Wealth Management,High,5566
CLD-000944,AWS,AWS Lambda,Serverless,prod-subscription,2024-06-06,2030-01-01,Supported,Commercial Banking,High,2845
CLD-000945,AWS,Amazon EC2,Compute,security-ops,2025-08-29,2031-08-28,Supported,Capital Markets,Medium,278
CLD-000946,AWS,Amazon RDS,Database,nonprod-subscription,2025-11-28,2031-11-27,Supported,Wealth Management,Medium,6050
CLD-000947,Azure,Azure App Service,Platform Service,data-platform,2024-06-08,2030-01-01,Supported,Cybersecurity,High,12684
CLD-000948,AWS,Amazon RDS,Database,prod-subscription,2020-07-23,2023-07-23,Past EOL,Data & Analytics,Medium,3041
CLD-000949,AWS,Amazon EC2,Compute,data-platform,2023-09-20,2029-09-18,Supported,Technology,Critical,823
CLD-000950,Azure,Azure Kubernetes Service,Container,prod-subscription,2021-03-19,2027-03-18,EOL within 12 months,Cybersecurity,Medium,14373
CLD-000951,Azure,Azure Virtual Machines,Compute,digital-banking,2023-05-01,2027-04-30,EOL within 12 months,Risk,Critical,1216
CLD-000952,Azure,Azure App Service,Platform Service,nonprod-subscription,2019-02-20,2030-01-01,Supported,Operations,Medium,6114
CLD-000953,AWS,Amazon RDS,Database,digital-banking,2019-07-26,2023-07-25,Past EOL,Technology,High,11860
CLD-000954,AWS,Amazon EKS,Container,prod-subscription,2021-12-07,2026-12-06,EOL within 12 months,Legal & Compliance,Critical,9248
CLD-000955,AWS,AWS Lambda,Serverless,digital-banking,2026-01-26,2030-01-01,Supported,Capital Markets,High,12306
CLD-000956,AWS,Amazon EKS,Container,security-ops,2021-03-23,2024-03-22,Past EOL,Capital Markets,High,10461
CLD-000957,AWS,Amazon EKS,Container,security-ops,2019-07-14,2022-07-13,Past EOL,Finance,High,3639
CLD-000958,AWS,Amazon EKS,Container,security-ops,2019-07-19,2024-07-17,Past EOL,Cybersecurity,High,2462
CLD-000959,Azure,Azure App Service,Platform Service,data-platform,2025-11-01,2030-01-01,Supported,Treasury,Medium,10373
CLD-000960,AWS,AWS Lambda,Serverless,data-platform,2023-05-23,2030-01-01,Supported,Commercial Banking,Medium,5246
CLD-000961,AWS,Amazon RDS,Database,nonprod-subscription,2026-03-01,2032-02-28,Supported,Commercial Banking,Low,939
CLD-000962,AWS,Amazon EKS,Container,prod-subscription,2021-03-23,2027-03-22,EOL within 12 months,Data & Analytics,Low,150
CLD-000963,Azure,Azure Virtual Machines,Compute,data-platform,2019-05-19,2023-05-18,Past EOL,Operations,Medium,5323
CLD-000964,AWS,AWS Lambda,Serverless,nonprod-subscription,2025-04-04,2030-01-01,Supported,Operations,Critical,9350
CLD-000965,Azure,Azure Virtual Machines,Compute,digital-banking,2020-05-12,2024-05-11,Past EOL,Operations,Critical,6693
CLD-000966,AWS,Amazon RDS,Database,prod-subscription,2023-09-25,2026-09-24,EOL within 12 months,Operations,Low,1345
CLD-000967,AWS,Amazon EKS,Container,data-platform,2019-03-30,2022-03-29,Past EOL,Wealth Management,Critical,6300
CLD-000968,AWS,Amazon EC2,Compute,prod-subscription,2025-09-10,2031-09-09,Supported,Technology,High,2455
CLD-000969,AWS,Amazon EKS,Container,digital-banking,2025-06-17,2029-06-16,Supported,Retail Banking,Critical,14488
CLD-000970,AWS,AWS Lambda,Serverless,data-platform,2025-03-11,2030-01-01,Supported,Retail Banking,High,3727
CLD-000971,Azure,Azure App Service,Platform Service,data-platform,2020-05-19,2030-01-01,Supported,Operations,High,11409
CLD-000972,Azure,Azure SQL Database,Database,nonprod-subscription,2022-11-13,2025-11-12,Past EOL,Data & Analytics,Critical,10865
CLD-000973,Azure,Azure Data Factory,Data Integration,data-platform,2023-05-15,2030-01-01,Supported,Risk,High,5018
CLD-000974,AWS,AWS Lambda,Serverless,nonprod-subscription,2025-09-29,2030-01-01,Supported,Cybersecurity,High,10302
CLD-000975,Azure,Azure Virtual Machines,Compute,security-ops,2021-04-17,2025-04-16,Past EOL,Wealth Management,Medium,3734
CLD-000976,Azure,Azure SQL Database,Database,nonprod-subscription,2022-09-30,2027-09-29,EOL within 24 months,Data & Analytics,High,4318
CLD-000977,Azure,Azure Data Factory,Data Integration,security-ops,2019-04-15,2030-01-01,Supported,Cybersecurity,Medium,8697
CLD-000978,Azure,Azure App Service,Platform Service,data-platform,2019-09-08,2030-01-01,Supported,Technology,Medium,14002
CLD-000979,Azure,Azure SQL Database,Database,prod-subscription,2022-10-24,2025-10-23,Past EOL,Finance,High,3135
CLD-000980,Azure,Azure Virtual Machines,Compute,security-ops,2021-04-30,2026-04-29,Past EOL,Legal & Compliance,High,2354
CLD-000981,Azure,Azure SQL Database,Database,data-platform,2023-11-01,2029-10-30,Supported,Data & Analytics,Medium,2732
CLD-000982,Azure,Azure Data Factory,Data Integration,prod-subscription,2019-04-12,2030-01-01,Supported,Retail Banking,Medium,10877
CLD-000983,AWS,Amazon RDS,Database,prod-subscription,2022-05-21,2025-05-20,Past EOL,Capital Markets,Medium,11129
CLD-000984,Azure,Azure Kubernetes Service,Container,security-ops,2024-11-16,2027-11-16,EOL within 24 months,Commercial Banking,Medium,116
CLD-000985,Azure,Azure App Service,Platform Service,data-platform,2020-12-15,2030-01-01,Supported,Capital Markets,High,9355
CLD-000986,Azure,Azure Kubernetes Service,Container,security-ops,2024-05-27,2027-05-27,EOL within 12 months,Retail Banking,High,5116
CLD-000987,Azure,Azure App Service,Platform Service,digital-banking,2024-12-06,2030-01-01,Supported,Technology,High,14852
CLD-000988,Azure,Azure Kubernetes Service,Container,prod-subscription,2025-08-02,2030-08-01,Supported,Retail Banking,High,6945
CLD-000989,Azure,Azure Data Factory,Data Integration,security-ops,2021-06-09,2030-01-01,Supported,Technology,Medium,5094
CLD-000990,AWS,Amazon EC2,Compute,data-platform,2025-11-12,2029-11-11,Supported,Retail Banking,High,12642
CLD-000991,Azure,Azure Kubernetes Service,Container,security-ops,2021-04-08,2027-04-07,EOL within 12 months,Cybersecurity,Medium,9717
CLD-000992,Azure,Azure Virtual Machines,Compute,security-ops,2024-12-13,2029-12-12,Supported,Retail Banking,Critical,4358
CLD-000993,AWS,Amazon EKS,Container,digital-banking,2023-12-03,2027-12-02,EOL within 24 months,Technology,Low,594
CLD-000994,AWS,Amazon RDS,Database,data-platform,2020-03-03,2026-03-02,Past EOL,Retail Banking,Medium,5340
CLD-000995,Azure,Azure Virtual Machines,Compute,digital-banking,2019-09-17,2023-09-16,Past EOL,Technology,Critical,13120
CLD-000996,AWS,Amazon EC2,Compute,prod-subscription,2019-07-28,2025-07-26,Past EOL,Retail Banking,Critical,10541
CLD-000997,Azure,Azure SQL Database,Database,prod-subscription,2025-02-17,2030-02-16,Supported,Human Resources,High,559
CLD-000998,Azure,Azure App Service,Platform Service,security-ops,2023-09-16,2030-01-01,Supported,Wealth Management,Medium,10345
CLD-000999,AWS,Amazon S3,Storage,data-platform,2025-04-10,2030-01-01,Supported,Risk,Medium,11577
CLD-001000,Azure,Azure Virtual Machines,Compute,prod-subscription,2025-05-24,2031-05-23,Supported,Data & Analytics,High,4305
CLD-001001,Azure,Azure Virtual Machines,Compute,prod-subscription,2020-02-14,2023-02-13,Past EOL,Risk,Medium,5062
CLD-001002,AWS,Amazon EC2,Compute,digital-banking,2020-01-03,2025-01-01,Past EOL,Operations,High,1627
CLD-001003,Azure,Azure SQL Database,Database,digital-banking,2024-08-29,2030-08-28,Supported,Technology,Medium,8893
CLD-001004,AWS,Amazon EKS,Container,nonprod-subscription,2024-07-21,2027-07-21,EOL within 24 months,Human Resources,Medium,2717
CLD-001005,Azure,Azure Data Factory,Data Integration,prod-subscription,2020-05-07,2030-01-01,Supported,Data & Analytics,Medium,8385
CLD-001006,Azure,Azure Data Factory,Data Integration,nonprod-subscription,2026-03-01,2030-01-01,Supported,Data & Analytics,Medium,10088
CLD-001007,AWS,Amazon EKS,Container,digital-banking,2023-12-14,2026-12-13,EOL within 12 months,Wealth Management,Medium,4156
CLD-001008,AWS,Amazon EKS,Container,prod-subscription,2021-10-05,2024-10-04,Past EOL,Risk,Critical,11318
CLD-001009,Azure,Azure Data Factory,Data Integration,prod-subscription,2022-11-05,2030-01-01,Supported,Cybersecurity,Medium,4640
CLD-001010,Azure,Azure App Service,Platform Service,prod-subscription,2022-11-09,2030-01-01,Supported,Legal & Compliance,Medium,7161
CLD-001011,Azure,Azure Virtual Machines,Compute,data-platform,2019-12-03,2023-12-02,Past EOL,Treasury,High,12536
CLD-001012,AWS,AWS Lambda,Serverless,data-platform,2024-08-09,2030-01-01,Supported,Legal & Compliance,Critical,9950
CLD-001013,Azure,Azure App Service,Platform Service,nonprod-subscription,2025-08-29,2030-01-01,Supported,Cybersecurity,High,6355
CLD-001014,Azure,Azure Data Factory,Data Integration,digital-banking,2019-07-25,2030-01-01,Supported,Wealth Management,Critical,8710
CLD-001015,AWS,Amazon S3,Storage,prod-subscription,2023-03-24,2030-01-01,Supported,Retail Banking,Medium,7876
CLD-001016,AWS,Amazon RDS,Database,prod-subscription,2023-06-13,2028-06-11,Supported,Retail Banking,Medium,10065
CLD-001017,Azure,Azure Data Factory,Data Integration,digital-banking,2025-01-15,2030-01-01,Supported,Human Resources,High,8575
CLD-001018,Azure,Azure SQL Database,Database,data-platform,2025-07-31,2030-07-30,Supported,Human Resources,High,13175
CLD-001019,AWS,AWS Lambda,Serverless,nonprod-subscription,2019-06-18,2030-01-01,Supported,Risk,High,9034
CLD-001020,Azure,Azure App Service,Platform Service,nonprod-subscription,2021-03-15,2030-01-01,Supported,Data & Analytics,High,5663
CLD-001021,Azure,Azure Virtual Machines,Compute,nonprod-subscription,2022-04-17,2027-04-16,EOL within 12 months,Retail Banking,High,8908
CLD-001022,Azure,Azure SQL Database,Database,data-platform,2025-09-22,2030-09-21,Supported,Human Resources,Medium,11742
CLD-001023,AWS,Amazon EKS,Container,prod-subscription,2024-02-14,2029-02-12,Supported,Data & Analytics,Low,1459
CLD-001024,AWS,Amazon RDS,Database,security-ops,2024-07-09,2028-07-08,Supported,Capital Markets,Medium,4813
CLD-001025,Azure,Azure Kubernetes Service,Container,nonprod-subscription,2019-04-28,2022-04-27,Past EOL,Legal & Compliance,Low,9334
CLD-001026,AWS,Amazon RDS,Database,data-platform,2021-02-08,2026-02-07,Past EOL,Commercial Banking,Medium,13353
CLD-001027,AWS,Amazon RDS,Database,data-platform,2025-12-14,2031-12-13,Supported,Finance,Critical,6962
CLD-001028,AWS,AWS Lambda,Serverless,prod-subscription,2020-12-23,2030-01-01,Supported,Treasury,Medium,14397
CLD-001029,AWS,Amazon EC2,Compute,nonprod-subscription,2025-09-12,2031-09-11,Supported,Finance,High,2140
CLD-001030,AWS,Amazon EKS,Container,security-ops,2024-06-30,2028-06-29,Supported,Data & Analytics,Low,8674
CLD-001031,Azure,Azure SQL Database,Database,nonprod-subscription,2025-05-02,2028-05-01,EOL within 24 months,Capital Markets,High,4892
CLD-001032,Azure,Azure Virtual Machines,Compute,security-ops,2023-06-23,2028-06-21,Supported,Risk,High,11352
CLD-001033,Azure,Azure App Service,Platform Service,nonprod-subscription,2024-12-25,2030-01-01,Supported,Risk,Critical,2730
CLD-001034,AWS,Amazon EKS,Container,nonprod-subscription,2019-02-02,2024-02-01,Past EOL,Legal & Compliance,Critical,2938
CLD-001035,Azure,Azure Data Factory,Data Integration,prod-subscription,2023-05-20,2030-01-01,Supported,Legal & Compliance,High,6547
CLD-001036,AWS,Amazon EKS,Container,data-platform,2024-11-21,2027-11-21,EOL within 24 months,Finance,Medium,3261
CLD-001037,AWS,Amazon RDS,Database,digital-banking,2025-11-28,2028-11-27,Supported,Treasury,High,3764
CLD-001038,AWS,AWS Lambda,Serverless,prod-subscription,2020-08-23,2030-01-01,Supported,Operations,Medium,11843
CLD-001039,AWS,Amazon S3,Storage,data-platform,2019-03-28,2030-01-01,Supported,Finance,Low,11722
CLD-001040,AWS,Amazon EC2,Compute,prod-subscription,2024-11-27,2030-11-26,Supported,Legal & Compliance,High,6659
CLD-001041,Azure,Azure App Service,Platform Service,digital-banking,2023-03-03,2030-01-01,Supported,Retail Banking,Critical,12050
CLD-001042,AWS,Amazon RDS,Database,security-ops,2022-05-19,2026-05-18,Past EOL,Risk,Medium,8414
CLD-001043,Azure,Azure SQL Database,Database,nonprod-subscription,2019-10-08,2022-10-07,Past EOL,Wealth Management,Critical,488
CLD-001044,AWS,Amazon EKS,Container,nonprod-subscription,2020-06-04,2026-06-03,EOL within 12 months,Retail Banking,Low,5833
CLD-001045,AWS,Amazon S3,Storage,digital-banking,2020-01-19,2030-01-01,Supported,Treasury,High,10688
CLD-001046,AWS,AWS Lambda,Serverless,digital-banking,2024-08-30,2030-01-01,Supported,Human Resources,Medium,12412
CLD-001047,AWS,Amazon S3,Storage,nonprod-subscription,2026-01-27,2030-01-01,Supported,Operations,Critical,3628
CLD-001048,Azure,Azure Kubernetes Service,Container,data-platform,2020-09-12,2025-09-11,Past EOL,Technology,Medium,1931
CLD-001049,Azure,Azure Kubernetes Service,Container,digital-banking,2024-07-26,2029-07-25,Supported,Commercial Banking,Medium,1643
CLD-001050,AWS,Amazon S3,Storage,security-ops,2025-03-30,2030-01-01,Supported,Data & Analytics,High,10416
CLD-001051,AWS,Amazon EC2,Compute,prod-subscription,2019-06-10,2023-06-09,Past EOL,Treasury,Medium,4205
CLD-001052,Azure,Azure App Service,Platform Service,prod-subscription,2019-08-03,2030-01-01,Supported,Technology,Critical,592
CLD-001053,Azure,Azure App Service,Platform Service,prod-subscription,2023-12-22,2030-01-01,Supported,Operations,High,9124
CLD-001054,Azure,Azure App Service,Platform Service,data-platform,2024-05-09,2030-01-01,Supported,Treasury,High,3430
CLD-001055,Azure,Azure SQL Database,Database,prod-subscription,2019-09-22,2023-09-21,Past EOL,Data & Analytics,Medium,4750
CLD-001056,Azure,Azure Virtual Machines,Compute,digital-banking,2024-05-23,2027-05-23,EOL within 12 months,Data & Analytics,Medium,10966
CLD-001057,AWS,Amazon EC2,Compute,security-ops,2019-02-05,2022-02-04,Past EOL,Retail Banking,High,8090
CLD-001058,AWS,Amazon RDS,Database,nonprod-subscription,2023-06-27,2029-06-25,Supported,Legal & Compliance,High,4014
CLD-001059,Azure,Azure Kubernetes Service,Container,security-ops,2021-06-22,2025-06-21,Past EOL,Technology,Low,9337
CLD-001060,Azure,Azure Virtual Machines,Compute,digital-banking,2019-10-10,2025-10-08,Past EOL,Treasury,Critical,974
CLD-001061,Azure,Azure Kubernetes Service,Container,nonprod-subscription,2023-09-30,2026-09-29,EOL within 12 months,Technology,Medium,7177
CLD-001062,AWS,Amazon RDS,Database,data-platform,2024-07-27,2030-07-26,Supported,Cybersecurity,Critical,6566
CLD-001063,Azure,Azure SQL Database,Database,data-platform,2020-11-25,2023-11-25,Past EOL,Technology,Critical,14114
CLD-001064,AWS,Amazon EKS,Container,prod-subscription,2023-10-08,2028-10-06,Supported,Data & Analytics,High,11231
CLD-001065,Azure,Azure App Service,Platform Service,nonprod-subscription,2022-08-27,2030-01-01,Supported,Finance,Critical,11350
CLD-001066,Azure,Azure SQL Database,Database,data-platform,2020-08-07,2024-08-06,Past EOL,Human Resources,Critical,12534
CLD-001067,AWS,Amazon S3,Storage,digital-banking,2019-01-09,2030-01-01,Supported,Treasury,Critical,11211
CLD-001068,AWS,Amazon RDS,Database,data-platform,2023-10-12,2027-10-11,EOL within 24 months,Commercial Banking,High,2785
CLD-001069,AWS,Amazon EC2,Compute,digital-banking,2020-04-06,2024-04-05,Past EOL,Data & Analytics,High,14732
CLD-001070,AWS,Amazon S3,Storage,prod-subscription,2021-09-03,2030-01-01,Supported,Technology,High,7273
CLD-001071,AWS,Amazon EKS,Container,nonprod-subscription,2019-03-12,2022-03-11,Past EOL,Commercial Banking,Critical,4412
CLD-001072,AWS,AWS Lambda,Serverless,nonprod-subscription,2019-02-22,2030-01-01,Supported,Legal & Compliance,Medium,7296
CLD-001073,Azure,Azure Virtual Machines,Compute,security-ops,2020-02-13,2023-02-12,Past EOL,Risk,Critical,14773
CLD-001074,AWS,Amazon EC2,Compute,nonprod-subscription,2019-12-26,2024-12-24,Past EOL,Legal & Compliance,High,3038
CLD-001075,AWS,Amazon EKS,Container,security-ops,2025-04-18,2031-04-17,Supported,Retail Banking,Medium,3665
CLD-001076,AWS,Amazon EC2,Compute,security-ops,2022-01-23,2028-01-22,EOL within 24 months,Data & Analytics,Critical,3892
CLD-001077,AWS,Amazon EKS,Container,nonprod-subscription,2021-11-11,2027-11-10,EOL within 24 months,Operations,High,9773
CLD-001078,AWS,Amazon RDS,Database,data-platform,2026-03-27,2032-03-25,Supported,Operations,High,13577
CLD-001079,AWS,Amazon RDS,Database,digital-banking,2021-02-04,2024-02-04,Past EOL,Finance,Low,8760
CLD-001080,Azure,Azure Virtual Machines,Compute,prod-subscription,2024-09-21,2027-09-21,EOL within 24 months,Human Resources,Low,13367
CLD-001081,AWS,Amazon EKS,Container,nonprod-subscription,2020-02-07,2023-02-06,Past EOL,Operations,Critical,1698
CLD-001082,Azure,Azure Data Factory,Data Integration,data-platform,2023-06-19,2030-01-01,Supported,Finance,Medium,6541
CLD-001083,AWS,Amazon RDS,Database,digital-banking,2024-02-05,2029-02-03,Supported,Cybersecurity,Medium,10053
CLD-001084,AWS,Amazon EC2,Compute,security-ops,2022-08-02,2026-08-01,EOL within 12 months,Capital Markets,Medium,755
CLD-001085,AWS,Amazon RDS,Database,digital-banking,2024-03-17,2028-03-16,EOL within 24 months,Data & Analytics,Critical,3270
CLD-001086,Azure,Azure App Service,Platform Service,security-ops,2022-11-29,2030-01-01,Supported,Wealth Management,High,8284
CLD-001087,AWS,Amazon EKS,Container,nonprod-subscription,2020-05-24,2025-05-23,Past EOL,Legal & Compliance,High,14836
CLD-001088,Azure,Azure App Service,Platform Service,nonprod-subscription,2020-05-25,2030-01-01,Supported,Capital Markets,Medium,6758
CLD-001089,Azure,Azure Kubernetes Service,Container,nonprod-subscription,2021-03-09,2026-03-08,Past EOL,Legal & Compliance,Low,13805
CLD-001090,Azure,Azure App Service,Platform Service,security-ops,2023-09-28,2030-01-01,Supported,Retail Banking,High,7931
CLD-001091,AWS,Amazon S3,Storage,data-platform,2024-10-05,2030-01-01,Supported,Cybersecurity,High,4645
CLD-001092,Azure,Azure SQL Database,Database,nonprod-subscription,2024-06-07,2030-06-06,Supported,Human Resources,High,10375
CLD-001093,Azure,Azure Kubernetes Service,Container,digital-banking,2021-07-20,2025-07-19,Past EOL,Commercial Banking,Critical,5461
CLD-001094,AWS,Amazon EKS,Container,nonprod-subscription,2025-04-27,2031-04-26,Supported,Treasury,Medium,9240
CLD-001095,AWS,Amazon RDS,Database,data-platform,2019-09-05,2023-09-04,Past EOL,Finance,High,2283
CLD-001096,Azure,Azure Kubernetes Service,Container,digital-banking,2020-12-22,2023-12-22,Past EOL,Finance,Critical,2839
CLD-001097,Azure,Azure SQL Database,Database,prod-subscription,2020-01-29,2026-01-27,Past EOL,Operations,Critical,2386
CLD-001098,Azure,Azure App Service,Platform Service,nonprod-subscription,2021-04-29,2030-01-01,Supported,Risk,Critical,12208
CLD-001099,AWS,Amazon S3,Storage,prod-subscription,2024-02-23,2030-01-01,Supported,Technology,High,4570
CLD-001100,AWS,AWS Lambda,Serverless,security-ops,2020-10-04,2030-01-01,Supported,Data & Analytics,High,791
CLD-001101,Azure,Azure App Service,Platform Service,data-platform,2024-06-03,2030-01-01,Supported,Technology,Critical,3555
CLD-001102,AWS,AWS Lambda,Serverless,security-ops,2020-11-15,2030-01-01,Supported,Wealth Management,Critical,11591
CLD-001103,AWS,Amazon S3,Storage,prod-subscription,2026-01-17,2030-01-01,Supported,Technology,Medium,4840
CLD-001104,AWS,Amazon RDS,Database,data-platform,2021-03-11,2025-03-10,Past EOL,Treasury,Medium,13531
CLD-001105,Azure,Azure SQL Database,Database,digital-banking,2024-10-12,2030-10-11,Supported,Human Resources,High,12178
CLD-001106,AWS,AWS Lambda,Serverless,nonprod-subscription,2025-09-11,2030-01-01,Supported,Operations,Low,4111
CLD-001107,Azure,Azure Data Factory,Data Integration,data-platform,2025-06-13,2030-01-01,Supported,Capital Markets,High,6722
CLD-001108,Azure,Azure App Service,Platform Service,security-ops,2021-06-08,2030-01-01,Supported,Risk,Low,10261
CLD-001109,Azure,Azure SQL Database,Database,nonprod-subscription,2026-01-09,2031-01-08,Supported,Human Resources,High,12097
CLD-001110,AWS,Amazon EKS,Container,security-ops,2019-12-10,2022-12-09,Past EOL,Operations,High,1489
CLD-001111,Azure,Azure Data Factory,Data Integration,prod-subscription,2022-05-29,2030-01-01,Supported,Capital Markets,Medium,6936
CLD-001112,AWS,Amazon EKS,Container,prod-subscription,2023-11-16,2029-11-14,Supported,Human Resources,Critical,13785
CLD-001113,AWS,Amazon RDS,Database,prod-subscription,2024-06-03,2028-06-02,Supported,Treasury,High,14324
CLD-001114,Azure,Azure Kubernetes Service,Container,prod-subscription,2026-04-12,2032-04-10,Supported,Treasury,High,4506
CLD-001115,Azure,Azure Kubernetes Service,Container,data-platform,2021-05-11,2027-05-10,EOL within 12 months,Technology,Low,14779
CLD-001116,Azure,Azure Kubernetes Service,Container,digital-banking,2022-01-30,2028-01-29,EOL within 24 months,Commercial Banking,Low,4704
CLD-001117,Azure,Azure Kubernetes Service,Container,digital-banking,2024-12-09,2028-12-08,Supported,Data & Analytics,High,11936
CLD-001118,AWS,Amazon EKS,Container,security-ops,2022-03-07,2026-03-06,Past EOL,Legal & Compliance,High,1095
CLD-001119,Azure,Azure Data Factory,Data Integration,security-ops,2021-07-17,2030-01-01,Supported,Technology,Medium,4758
CLD-001120,AWS,Amazon S3,Storage,nonprod-subscription,2021-01-16,2030-01-01,Supported,Legal & Compliance,High,10506
CLD-001121,Azure,Azure App Service,Platform Service,digital-banking,2025-01-13,2030-01-01,Supported,Cybersecurity,Low,12768
CLD-001122,Azure,Azure App Service,Platform Service,nonprod-subscription,2019-05-17,2030-01-01,Supported,Technology,Low,3998
CLD-001123,AWS,Amazon S3,Storage,nonprod-subscription,2024-05-03,2030-01-01,Supported,Operations,High,3312
CLD-001124,Azure,Azure Kubernetes Service,Container,nonprod-subscription,2022-06-18,2027-06-17,EOL within 24 months,Retail Banking,High,13832
CLD-001125,Azure,Azure Kubernetes Service,Container,security-ops,2021-11-05,2024-11-04,Past EOL,Legal & Compliance,Medium,6695
CLD-001126,Azure,Azure App Service,Platform Service,prod-subscription,2020-07-09,2030-01-01,Supported,Wealth Management,Medium,11906
CLD-001127,Azure,Azure Virtual Machines,Compute,nonprod-subscription,2022-06-30,2028-06-28,Supported,Human Resources,Critical,11660
CLD-001128,AWS,Amazon S3,Storage,data-platform,2021-10-20,2030-01-01,Supported,Cybersecurity,Medium,10607
CLD-001129,AWS,Amazon S3,Storage,nonprod-subscription,2019-08-25,2030-01-01,Supported,Data & Analytics,Critical,10704
CLD-001130,AWS,Amazon S3,Storage,prod-subscription,2020-04-05,2030-01-01,Supported,Wealth Management,High,13408
CLD-001131,Azure,Azure Data Factory,Data Integration,nonprod-subscription,2023-12-09,2030-01-01,Supported,Finance,Critical,7177
CLD-001132,Azure,Azure App Service,Platform Service,prod-subscription,2023-09-16,2030-01-01,Supported,Commercial Banking,Critical,2516
CLD-001133,Azure,Azure Kubernetes Service,Container,data-platform,2022-05-22,2025-05-21,Past EOL,Technology,High,4314
CLD-001134,AWS,Amazon EC2,Compute,data-platform,2019-01-26,2024-01-25,Past EOL,Risk,Medium,1123
CLD-001135,AWS,Amazon S3,Storage,security-ops,2022-12-26,2030-01-01,Supported,Human Resources,Critical,3692
CLD-001136,AWS,Amazon RDS,Database,nonprod-subscription,2025-10-18,2031-10-17,Supported,Commercial Banking,High,10386
CLD-001137,Azure,Azure Data Factory,Data Integration,digital-banking,2020-04-08,2030-01-01,Supported,Wealth Management,High,10903
CLD-001138,Azure,Azure Data Factory,Data Integration,digital-banking,2024-03-18,2030-01-01,Supported,Legal & Compliance,Medium,12378
CLD-001139,Azure,Azure Kubernetes Service,Container,data-platform,2025-04-29,2031-04-28,Supported,Human Resources,Critical,5981
CLD-001140,AWS,Amazon EKS,Container,prod-subscription,2025-09-30,2031-09-29,Supported,Operations,High,3468
CLD-001141,Azure,Azure Kubernetes Service,Container,data-platform,2019-02-20,2022-02-19,Past EOL,Treasury,High,12918
CLD-001142,Azure,Azure Data Factory,Data Integration,digital-banking,2021-07-16,2030-01-01,Supported,Capital Markets,High,10462
CLD-001143,Azure,Azure Virtual Machines,Compute,data-platform,2024-11-16,2028-11-15,Supported,Treasury,High,14530
CLD-001144,AWS,Amazon EC2,Compute,prod-subscription,2021-05-07,2024-05-06,Past EOL,Human Resources,High,14218
CLD-001145,Azure,Azure Data Factory,Data Integration,nonprod-subscription,2020-08-26,2030-01-01,Supported,Technology,High,14796
CLD-001146,AWS,Amazon EC2,Compute,security-ops,2021-02-20,2025-02-19,Past EOL,Commercial Banking,High,3401
CLD-001147,Azure,Azure Data Factory,Data Integration,digital-banking,2022-04-18,2030-01-01,Supported,Commercial Banking,Low,926
CLD-001148,AWS,Amazon EC2,Compute,prod-subscription,2024-09-24,2030-09-23,Supported,Technology,High,4723
CLD-001149,Azure,Azure Data Factory,Data Integration,digital-banking,2019-07-22,2030-01-01,Supported,Human Resources,Critical,2065
CLD-001150,Azure,Azure Kubernetes Service,Container,prod-subscription,2022-08-11,2028-08-09,Supported,Commercial Banking,Critical,6536
CLD-001151,Azure,Azure Virtual Machines,Compute,data-platform,2021-09-30,2024-09-29,Past EOL,Treasury,High,10382
CLD-001152,Azure,Azure SQL Database,Database,digital-banking,2020-12-24,2025-12-23,Past EOL,Cybersecurity,Low,5611
CLD-001153,AWS,AWS Lambda,Serverless,data-platform,2019-06-06,2030-01-01,Supported,Data & Analytics,Low,9788
CLD-001154,AWS,Amazon EKS,Container,digital-banking,2023-01-26,2028-01-25,EOL within 24 months,Human Resources,Low,9192
CLD-001155,AWS,AWS Lambda,Serverless,digital-banking,2026-01-27,2030-01-01,Supported,Operations,Medium,5401
CLD-001156,AWS,Amazon EKS,Container,data-platform,2021-03-12,2024-03-11,Past EOL,Risk,High,6411
CLD-001157,AWS,Amazon S3,Storage,prod-subscription,2022-11-23,2030-01-01,Supported,Retail Banking,High,7516
CLD-001158,Azure,Azure SQL Database,Database,security-ops,2024-12-19,2028-12-18,Supported,Treasury,High,12020
CLD-001159,Azure,Azure App Service,Platform Service,prod-subscription,2020-09-12,2030-01-01,Supported,Data & Analytics,High,5184
CLD-001160,Azure,Azure Kubernetes Service,Container,security-ops,2024-03-15,2028-03-14,EOL within 24 months,Wealth Management,High,3646
CLD-001161,AWS,AWS Lambda,Serverless,nonprod-subscription,2022-10-28,2030-01-01,Supported,Commercial Banking,High,9973
CLD-001162,Azure,Azure App Service,Platform Service,prod-subscription,2024-09-07,2030-01-01,Supported,Human Resources,High,7265
CLD-001163,Azure,Azure Virtual Machines,Compute,digital-banking,2021-03-30,2027-03-29,EOL within 12 months,Finance,High,1878
CLD-001164,Azure,Azure Kubernetes Service,Container,digital-banking,2021-11-01,2024-10-31,Past EOL,Wealth Management,Medium,11716
CLD-001165,AWS,AWS Lambda,Serverless,data-platform,2025-11-25,2030-01-01,Supported,Retail Banking,Critical,6527
CLD-001166,Azure,Azure App Service,Platform Service,data-platform,2024-06-27,2030-01-01,Supported,Finance,High,2236
CLD-001167,Azure,Azure Kubernetes Service,Container,security-ops,2021-02-19,2025-02-18,Past EOL,Treasury,High,13614
CLD-001168,Azure,Azure Virtual Machines,Compute,digital-banking,2023-10-25,2027-10-24,EOL within 24 months,Risk,Critical,919
CLD-001169,AWS,Amazon EKS,Container,data-platform,2019-02-26,2024-02-25,Past EOL,Legal & Compliance,High,5736
CLD-001170,Azure,Azure Kubernetes Service,Container,prod-subscription,2020-10-12,2026-10-11,EOL within 12 months,Legal & Compliance,High,1646
CLD-001171,AWS,Amazon EKS,Container,digital-banking,2022-11-15,2025-11-14,Past EOL,Capital Markets,Medium,14800
CLD-001172,AWS,Amazon EC2,Compute,data-platform,2026-05-05,2032-05-03,Supported,Wealth Management,Medium,1022
CLD-001173,AWS,AWS Lambda,Serverless,digital-banking,2022-09-17,2030-01-01,Supported,Wealth Management,Medium,3798
CLD-001174,Azure,Azure App Service,Platform Service,prod-subscription,2021-04-19,2030-01-01,Supported,Data & Analytics,Medium,8445
CLD-001175,AWS,Amazon S3,Storage,data-platform,2025-06-05,2030-01-01,Supported,Operations,Medium,6229
CLD-001176,Azure,Azure App Service,Platform Service,data-platform,2020-03-15,2030-01-01,Supported,Treasury,Low,7025
CLD-001177,AWS,Amazon RDS,Database,security-ops,2019-10-06,2022-10-05,Past EOL,Cybersecurity,Medium,12522
CLD-001178,AWS,Amazon EC2,Compute,nonprod-subscription,2026-04-27,2031-04-26,Supported,Capital Markets,Low,10274
CLD-001179,AWS,Amazon EC2,Compute,security-ops,2023-11-30,2028-11-28,Supported,Risk,Medium,2739
CLD-001180,Azure,Azure SQL Database,Database,security-ops,2019-07-26,2024-07-24,Past EOL,Technology,High,3768
CLD-001181,Azure,Azure Virtual Machines,Compute,digital-banking,2023-06-21,2027-06-20,EOL within 24 months,Human Resources,Critical,7945
CLD-001182,AWS,Amazon EKS,Container,security-ops,2024-10-10,2028-10-09,Supported,Wealth Management,High,14997
CLD-001183,Azure,Azure App Service,Platform Service,data-platform,2026-01-23,2030-01-01,Supported,Retail Banking,High,5188
CLD-001184,AWS,Amazon RDS,Database,nonprod-subscription,2019-03-17,2023-03-16,Past EOL,Human Resources,Medium,6125
CLD-001185,AWS,Amazon RDS,Database,digital-banking,2024-09-15,2027-09-15,EOL within 24 months,Capital Markets,Critical,3940
CLD-001186,Azure,Azure Kubernetes Service,Container,security-ops,2024-06-07,2028-06-06,Supported,Capital Markets,High,2976
CLD-001187,Azure,Azure SQL Database,Database,security-ops,2021-05-31,2027-05-30,EOL within 12 months,Commercial Banking,Low,14549
CLD-001188,AWS,Amazon S3,Storage,digital-banking,2022-08-03,2030-01-01,Supported,Data & Analytics,High,5733
CLD-001189,Azure,Azure Kubernetes Service,Container,nonprod-subscription,2021-04-13,2026-04-12,Past EOL,Human Resources,High,1047
CLD-001190,Azure,Azure Kubernetes Service,Container,security-ops,2021-09-30,2024-09-29,Past EOL,Technology,High,12866
CLD-001191,Azure,Azure App Service,Platform Service,security-ops,2023-04-13,2030-01-01,Supported,Risk,Critical,8926
CLD-001192,AWS,Amazon EC2,Compute,digital-banking,2021-11-04,2024-11-03,Past EOL,Wealth Management,Critical,10180
CLD-001193,AWS,Amazon EC2,Compute,digital-banking,2025-03-29,2029-03-28,Supported,Retail Banking,High,14377
CLD-001194,Azure,Azure Kubernetes Service,Container,prod-subscription,2020-06-09,2025-06-08,Past EOL,Human Resources,Low,624
CLD-001195,Azure,Azure SQL Database,Database,data-platform,2021-06-21,2026-06-20,EOL within 12 months,Cybersecurity,Critical,10178
CLD-001196,AWS,Amazon EKS,Container,data-platform,2021-06-20,2025-06-19,Past EOL,Operations,High,12154
CLD-001197,AWS,AWS Lambda,Serverless,security-ops,2020-08-23,2030-01-01,Supported,Cybersecurity,Medium,2769
CLD-001198,Azure,Azure SQL Database,Database,digital-banking,2022-09-11,2028-09-09,Supported,Wealth Management,Medium,9179
CLD-001199,AWS,AWS Lambda,Serverless,nonprod-subscription,2022-11-19,2030-01-01,Supported,Capital Markets,High,3803
CLD-001200,Azure,Azure App Service,Platform Service,security-ops,2020-08-04,2030-01-01,Supported,Data & Analytics,High,10926
