Project_ID,Asset_ID,Asset_Type,Current_Lifecycle_Status,Refresh_Year,Planned_Refresh_Date,Actual_Refresh_Date,Budget_Estimate_CAD,Project_Status,Constraint_or_Blocker
PRJ-000001,AST-0003650,Laptop,EOL within 24 months,2026,2026-07-06,,1662.73,Planning,Branch Scheduling
PRJ-000002,AST-0014557,Desktop,EOL within 24 months,2028,2028-06-05,,952.42,Not Started,Branch Scheduling
PRJ-000003,AST-0008556,Laptop,EOL within 24 months,2027,2027-01-10,,1812.42,Deferred,None
PRJ-000004,AST-0023154,Firewall,EOL within 24 months,2028,2028-01-08,,8877.94,Deferred,Security Exception
PRJ-000005,AST-0017723,Desktop,EOL within 24 months,2028,2028-02-04,,1244.56,Planning,Security Exception
PRJ-000006,AST-0002315,Laptop,Past EOL,2026,2026-10-12,,1572.2,Planning,Application Dependency
PRJ-000007,AST-0018403,Desktop,EOL within 24 months,2026,2026-06-05,,994.68,Planning,Security Exception
PRJ-000008,AST-0013076,Laptop,Past EOL,2028,2028-06-29,,1401.61,In Progress,Change Freeze
PRJ-000009,AST-0012058,Laptop,EOL within 24 months,2028,2028-05-06,,3301.33,Planning,Branch Scheduling
PRJ-000010,AST-0002415,Laptop,EOL within 12 months,2027,2027-03-15,,1513.85,Planning,None
PRJ-000011,AST-0019444,VDI Endpoint,EOL within 24 months,2028,2028-11-06,,822.35,In Progress,Application Dependency
PRJ-000012,AST-0012258,Laptop,EOL within 24 months,2026,2026-11-03,,1900.24,Not Started,Application Dependency
PRJ-000013,AST-0015717,Desktop,EOL within 24 months,2027,2027-05-18,,958.89,In Progress,Application Dependency
PRJ-000014,AST-0011147,Laptop,Past EOL,2027,2027-07-13,,1745.95,In Progress,Change Freeze
PRJ-000015,AST-0010175,Laptop,EOL within 24 months,2027,2027-08-30,,3348.7,In Progress,Budget Approval
PRJ-000016,AST-0002418,Laptop,Past EOL,2026,2026-12-12,,1945.6,Not Started,None
PRJ-000017,AST-0007234,Laptop,EOL within 24 months,2027,2027-06-08,2027-05-29,1691.96,Completed,Branch Scheduling
PRJ-000018,AST-0004028,Laptop,Past EOL,2027,2027-08-19,,1514.32,Deferred,Vendor Lead Time
PRJ-000019,AST-0002928,Laptop,Past EOL,2028,2028-03-23,,1399.31,Not Started,Budget Approval
PRJ-000020,AST-0004357,Laptop,Past EOL,2026,2026-09-23,,1859.55,Deferred,Vendor Lead Time
PRJ-000021,AST-0002340,Laptop,EOL within 12 months,2028,2028-04-24,,1517.96,Not Started,Application Dependency
PRJ-000022,AST-0006734,Laptop,EOL within 12 months,2028,2028-10-07,,1567.8,Planning,Budget Approval
PRJ-000023,AST-0000603,Laptop,EOL within 12 months,2027,2027-06-08,,2171.36,Not Started,Vendor Lead Time
PRJ-000024,AST-0009754,Laptop,Past EOL,2028,2028-07-28,,1605.1,Not Started,Vendor Lead Time
PRJ-000025,AST-0017586,Desktop,EOL within 12 months,2028,2028-03-05,2028-03-22,1161.88,Completed,Application Dependency
PRJ-000026,AST-0019009,VDI Endpoint,EOL within 12 months,2028,2028-04-05,,1366.22,Not Started,None
PRJ-000027,AST-0005526,Laptop,EOL within 24 months,2027,2027-09-08,,3396.99,Not Started,Branch Scheduling
PRJ-000028,AST-0000679,Laptop,EOL within 12 months,2027,2027-06-29,,1673.51,In Progress,Budget Approval
PRJ-000029,AST-0003237,Laptop,EOL within 24 months,2027,2027-05-07,,1842.7,In Progress,Change Freeze
PRJ-000030,AST-0008215,Laptop,EOL within 12 months,2027,2027-08-15,,2034.04,Deferred,Budget Approval
PRJ-000031,AST-0007136,Laptop,EOL within 12 months,2026,2026-12-13,,1599.94,Planning,Change Freeze
PRJ-000032,AST-0008103,Laptop,EOL within 12 months,2027,2027-03-24,,1762.59,Planning,Branch Scheduling
PRJ-000033,AST-0022789,Router,EOL within 12 months,2026,2026-09-02,,11085.68,Deferred,Change Freeze
PRJ-000034,AST-0010938,Laptop,Past EOL,2027,2027-05-04,2027-05-03,1793.92,Completed,Security Exception
PRJ-000035,AST-0022753,Core Switch,EOL within 24 months,2027,2027-04-20,2027-05-04,21908.81,Completed,Change Freeze
PRJ-000036,AST-0019651,VDI Endpoint,EOL within 12 months,2027,2027-08-01,,1412.02,Not Started,Change Freeze
PRJ-000037,AST-0002346,Laptop,EOL within 12 months,2028,2028-01-14,,1638.52,Not Started,Vendor Lead Time
PRJ-000038,AST-0019064,VDI Endpoint,EOL within 12 months,2027,2027-11-26,,1433.36,In Progress,Application Dependency
PRJ-000039,AST-0019898,VDI Endpoint,EOL within 24 months,2027,2027-03-31,,830.78,Deferred,Branch Scheduling
PRJ-000040,AST-0010605,Laptop,Past EOL,2027,2027-06-27,2027-06-21,1564.38,Completed,Change Freeze
PRJ-000041,AST-0008091,Laptop,EOL within 12 months,2026,2026-07-23,,1575.06,Blocked,Security Exception
PRJ-000042,AST-0014151,Desktop,EOL within 24 months,2026,2026-12-15,,1228.4,Planning,None
PRJ-000043,AST-0013018,Laptop,Past EOL,2027,2027-12-25,,1779.18,Blocked,Application Dependency
PRJ-000044,AST-0022011,Access Switch,EOL within 24 months,2028,2028-07-01,,6400.01,Not Started,Security Exception
PRJ-000045,AST-0002842,Laptop,EOL within 12 months,2026,2026-10-12,,1494.73,Not Started,None
PRJ-000046,AST-0018725,VDI Endpoint,EOL within 12 months,2027,2027-05-31,,1076.08,Planning,Branch Scheduling
PRJ-000047,AST-0005000,Laptop,EOL within 24 months,2026,2026-12-23,,3727.83,In Progress,Security Exception
PRJ-000048,AST-0012282,Laptop,EOL within 24 months,2028,2028-10-27,2028-12-31,3291.12,Completed,Application Dependency
PRJ-000049,AST-0016188,Desktop,EOL within 24 months,2027,2027-08-03,,893.01,Planning,None
PRJ-000050,AST-0004564,Laptop,Past EOL,2028,2028-02-15,,1360.33,Not Started,Security Exception
PRJ-000051,AST-0013785,Laptop,EOL within 24 months,2028,2028-05-25,,2226.41,In Progress,Security Exception
PRJ-000052,AST-0009234,Laptop,Past EOL,2026,2026-10-15,,1751.96,Not Started,Budget Approval
PRJ-000053,AST-0007701,Laptop,EOL within 12 months,2028,2028-02-13,,1663.05,Not Started,Security Exception
PRJ-000054,AST-0003756,Laptop,Past EOL,2028,2028-09-16,,1671.29,Planning,Change Freeze
PRJ-000055,AST-0015338,Desktop,EOL within 12 months,2028,2028-02-20,,1221.56,In Progress,Budget Approval
PRJ-000056,AST-0022979,Router,EOL within 12 months,2028,2028-07-19,,6443.44,In Progress,Change Freeze
PRJ-000057,AST-0013643,Laptop,EOL within 12 months,2027,2027-11-04,,1881.02,In Progress,Vendor Lead Time
PRJ-000058,AST-0012889,Laptop,EOL within 12 months,2026,2026-10-09,,2173.42,Not Started,Budget Approval
PRJ-000059,AST-0006718,Laptop,EOL within 12 months,2028,2028-12-30,,1554.39,Not Started,Security Exception
PRJ-000060,AST-0015120,Desktop,EOL within 24 months,2027,2027-09-05,,1183.67,Not Started,Change Freeze
PRJ-000061,AST-0002427,Laptop,EOL within 12 months,2026,2026-10-10,,1872.29,In Progress,None
PRJ-000062,AST-0006924,Laptop,EOL within 12 months,2026,2026-10-14,,1845.58,Not Started,Branch Scheduling
PRJ-000063,AST-0010493,Laptop,EOL within 24 months,2027,2027-08-09,,1823.62,In Progress,None
PRJ-000064,AST-0000424,Laptop,Past EOL,2027,2027-12-30,,1371.12,Not Started,Security Exception
PRJ-000065,AST-0013887,Laptop,EOL within 24 months,2027,2027-02-08,,2205.68,Not Started,Budget Approval
PRJ-000066,AST-0005088,Laptop,EOL within 12 months,2027,2027-08-27,,1575.02,Planning,Vendor Lead Time
PRJ-000067,AST-0017118,Desktop,EOL within 24 months,2028,2028-05-28,,1059.51,Not Started,Change Freeze
PRJ-000068,AST-0021609,Access Switch,EOL within 24 months,2026,2026-10-08,,6630.05,In Progress,Vendor Lead Time
PRJ-000069,AST-0015429,Desktop,EOL within 12 months,2027,2027-07-21,2027-09-27,1400.47,Completed,Application Dependency
PRJ-000070,AST-0016792,Desktop,EOL within 24 months,2028,2028-12-04,,1247.97,In Progress,Branch Scheduling
PRJ-000071,AST-0022709,Core Switch,EOL within 24 months,2027,2027-12-15,,21971.09,Not Started,None
PRJ-000072,AST-0018078,Desktop,EOL within 12 months,2028,2028-02-03,,1045.89,Not Started,Vendor Lead Time
PRJ-000073,AST-0002743,Laptop,Past EOL,2027,2027-08-28,,1555.97,Deferred,None
PRJ-000074,AST-0009443,Laptop,Past EOL,2026,2026-12-11,,1785.33,Planning,Budget Approval
PRJ-000075,AST-0013908,Laptop,EOL within 24 months,2028,2028-12-13,,1978.17,Planning,Security Exception
PRJ-000076,AST-0007694,Laptop,EOL within 24 months,2026,2026-11-28,,1973.14,Not Started,Change Freeze
PRJ-000077,AST-0001407,Laptop,Past EOL,2027,2027-02-25,,1953.6,Not Started,None
PRJ-000078,AST-0023514,Wireless Access Point,EOL within 24 months,2028,2028-08-20,,1298.46,Not Started,Security Exception
PRJ-000079,AST-0008490,Laptop,Past EOL,2028,2028-12-08,,1607.93,Not Started,Vendor Lead Time
PRJ-000080,AST-0010065,Laptop,EOL within 12 months,2028,2028-10-19,,2017.78,Deferred,Security Exception
PRJ-000081,AST-0014383,Desktop,EOL within 24 months,2028,2028-08-01,2028-08-30,1000.63,Completed,None
PRJ-000082,AST-0000406,Laptop,Past EOL,2028,2028-01-04,,1896.09,In Progress,None
PRJ-000083,AST-0002804,Laptop,EOL within 24 months,2026,2026-07-18,,3013.29,In Progress,Change Freeze
PRJ-000084,AST-0006930,Laptop,EOL within 24 months,2026,2026-12-24,,1957.94,In Progress,Application Dependency
PRJ-000085,AST-0004737,Laptop,Past EOL,2028,2028-03-17,,1394.14,Planning,Security Exception
PRJ-000086,AST-0023583,Wireless Access Point,EOL within 24 months,2028,2028-07-02,,1408.26,In Progress,Application Dependency
PRJ-000087,AST-0000046,Laptop,Past EOL,2028,2028-09-16,2028-12-12,1843.11,Completed,Application Dependency
PRJ-000088,AST-0013385,Laptop,EOL within 12 months,2027,2027-09-27,,1631.58,Not Started,Branch Scheduling
PRJ-000089,AST-0008073,Laptop,EOL within 12 months,2027,2027-05-17,2027-07-09,1791.42,Completed,Application Dependency
PRJ-000090,AST-0022094,Access Switch,EOL within 24 months,2028,2028-12-25,,5261.85,Planning,Budget Approval
PRJ-000091,AST-0008144,Laptop,EOL within 24 months,2028,2028-04-17,,2753.04,In Progress,Branch Scheduling
PRJ-000092,AST-0011347,Laptop,EOL within 12 months,2027,2027-05-17,,1555.28,In Progress,Application Dependency
PRJ-000093,AST-0014112,Desktop,EOL within 24 months,2027,2027-04-15,,1337.24,Blocked,Security Exception
PRJ-000094,AST-0019424,VDI Endpoint,EOL within 12 months,2027,2027-12-29,,1264.55,In Progress,Vendor Lead Time
PRJ-000095,AST-0006108,Laptop,EOL within 24 months,2026,2026-08-30,,3777.61,Planning,Budget Approval
PRJ-000096,AST-0002621,Laptop,EOL within 24 months,2026,2026-07-07,,2059.01,Planning,Security Exception
PRJ-000097,AST-0016429,Desktop,EOL within 24 months,2027,2027-03-16,,1077.39,Deferred,None
PRJ-000098,AST-0023022,Router,EOL within 12 months,2028,2028-08-11,,8314.76,Planning,Vendor Lead Time
PRJ-000099,AST-0019137,VDI Endpoint,EOL within 24 months,2027,2027-12-06,,1072.51,Planning,Vendor Lead Time
PRJ-000100,AST-0018311,Desktop,EOL within 24 months,2027,2027-07-31,2027-07-15,1164.38,Completed,None
PRJ-000101,AST-0019523,VDI Endpoint,EOL within 12 months,2026,2026-09-24,,1117.44,Not Started,Security Exception
PRJ-000102,AST-0006332,Laptop,EOL within 24 months,2028,2028-04-23,,2138.76,Deferred,Vendor Lead Time
PRJ-000103,AST-0002278,Laptop,EOL within 24 months,2028,2028-06-14,,3499.75,Planning,None
PRJ-000104,AST-0010176,Laptop,Past EOL,2028,2028-11-07,,1600.49,In Progress,Security Exception
PRJ-000105,AST-0010217,Laptop,Past EOL,2027,2027-11-25,,1684.37,In Progress,None
PRJ-000106,AST-0017224,Desktop,EOL within 12 months,2027,2027-04-09,,1394.54,Planning,Branch Scheduling
PRJ-000107,AST-0017369,Desktop,EOL within 24 months,2027,2027-03-20,,1269.42,In Progress,None
PRJ-000108,AST-0010346,Laptop,EOL within 24 months,2028,2028-07-10,2028-07-05,3410.69,Completed,Change Freeze
PRJ-000109,AST-0004470,Laptop,EOL within 12 months,2027,2027-08-08,,1746.21,Not Started,Application Dependency
PRJ-000110,AST-0003350,Laptop,Past EOL,2026,2026-10-09,2026-09-28,1823.52,Completed,Change Freeze
PRJ-000111,AST-0016426,Desktop,EOL within 12 months,2028,2028-02-27,,1068.47,Deferred,Change Freeze
PRJ-000112,AST-0007656,Laptop,Past EOL,2027,2027-04-06,,1484.33,Not Started,Vendor Lead Time
PRJ-000113,AST-0002027,Laptop,Past EOL,2028,2028-11-08,,1374.82,Planning,Vendor Lead Time
PRJ-000114,AST-0006166,Laptop,Past EOL,2028,2028-05-27,,1974.82,Blocked,Budget Approval
PRJ-000115,AST-0002969,Laptop,EOL within 24 months,2028,2028-03-01,,2244.84,Not Started,None
PRJ-000116,AST-0008836,Laptop,Past EOL,2026,2026-06-21,,1899.02,Deferred,Vendor Lead Time
PRJ-000117,AST-0014549,Desktop,EOL within 12 months,2028,2028-02-10,,1025.82,Deferred,Security Exception
PRJ-000118,AST-0001100,Laptop,EOL within 12 months,2028,2028-07-07,,1520.36,Planning,Application Dependency
PRJ-000119,AST-0019084,VDI Endpoint,EOL within 12 months,2028,2028-04-14,2028-05-18,1368.49,Completed,Branch Scheduling
PRJ-000120,AST-0006085,Laptop,Past EOL,2027,2027-04-21,,1525.52,Not Started,Budget Approval
PRJ-000121,AST-0006971,Laptop,EOL within 12 months,2026,2026-10-19,2026-12-21,1483.94,Completed,Branch Scheduling
PRJ-000122,AST-0011320,Laptop,Past EOL,2028,2028-05-08,,1756.37,Blocked,Branch Scheduling
PRJ-000123,AST-0005055,Laptop,EOL within 12 months,2028,2028-05-07,,1904.96,Not Started,Change Freeze
PRJ-000124,AST-0006253,Laptop,Past EOL,2026,2026-10-29,,1782.71,Not Started,Application Dependency
PRJ-000125,AST-0008030,Laptop,EOL within 24 months,2028,2028-12-08,,1951.71,In Progress,Vendor Lead Time
PRJ-000126,AST-0002271,Laptop,EOL within 24 months,2027,2027-03-10,,2042.3,Planning,Branch Scheduling
PRJ-000127,AST-0017339,Desktop,EOL within 12 months,2026,2026-12-12,,1152.38,Deferred,Branch Scheduling
PRJ-000128,AST-0020308,Server,EOL within 24 months,2028,2028-11-05,,14924.39,In Progress,Application Dependency
PRJ-000129,AST-0010761,Laptop,Past EOL,2027,2027-11-27,,1571.85,Planning,Application Dependency
PRJ-000130,AST-0014576,Desktop,EOL within 24 months,2026,2026-12-24,2027-01-29,1046.34,Completed,Change Freeze
PRJ-000131,AST-0000818,Laptop,EOL within 24 months,2028,2028-06-11,,3309.96,In Progress,Security Exception
PRJ-000132,AST-0019889,VDI Endpoint,EOL within 24 months,2026,2026-09-08,,835.24,Deferred,Change Freeze
PRJ-000133,AST-0023475,Wireless Access Point,EOL within 24 months,2026,2026-08-19,,1686.38,Not Started,Application Dependency
PRJ-000134,AST-0019919,VDI Endpoint,EOL within 24 months,2027,2027-12-25,,1150.31,Planning,Security Exception
PRJ-000135,AST-0005628,Laptop,EOL within 12 months,2028,2028-12-20,,1514.84,In Progress,Budget Approval
PRJ-000136,AST-0009410,Laptop,EOL within 24 months,2028,2028-07-01,2028-09-06,2165.89,Completed,Budget Approval
PRJ-000137,AST-0005149,Laptop,EOL within 12 months,2027,2027-01-10,,1857.97,Not Started,Branch Scheduling
PRJ-000138,AST-0006946,Laptop,Past EOL,2027,2027-03-17,,1533.63,Not Started,Branch Scheduling
PRJ-000139,AST-0001201,Laptop,EOL within 24 months,2027,2027-07-26,,1640.17,Not Started,Vendor Lead Time
PRJ-000140,AST-0010725,Laptop,EOL within 12 months,2027,2027-05-26,,1950.75,Planning,Security Exception
PRJ-000141,AST-0002160,Laptop,Past EOL,2027,2027-02-05,,1515.82,Planning,Change Freeze
PRJ-000142,AST-0019252,VDI Endpoint,EOL within 24 months,2028,2028-05-05,2028-04-10,1009.08,Completed,Application Dependency
PRJ-000143,AST-0009124,Laptop,EOL within 12 months,2028,2028-05-16,,2143.18,Not Started,Vendor Lead Time
PRJ-000144,AST-0007135,Laptop,EOL within 24 months,2027,2027-11-16,,2681.79,Not Started,Budget Approval
PRJ-000145,AST-0015442,Desktop,EOL within 24 months,2027,2027-02-14,,1139.03,Planning,Security Exception
PRJ-000146,AST-0021584,Access Switch,EOL within 24 months,2027,2027-08-11,,6853.68,In Progress,Budget Approval
PRJ-000147,AST-0008945,Laptop,EOL within 12 months,2027,2027-10-16,2027-09-18,1695.89,Completed,Application Dependency
PRJ-000148,AST-0001329,Laptop,EOL within 12 months,2026,2026-12-31,,1669.64,Planning,Change Freeze
PRJ-000149,AST-0001728,Laptop,EOL within 12 months,2028,2028-02-13,,1703.68,Planning,Change Freeze
PRJ-000150,AST-0015042,Desktop,EOL within 24 months,2026,2026-12-08,,915.74,Planning,None
PRJ-000151,AST-0013070,Laptop,Past EOL,2027,2027-01-18,,1606.22,Not Started,Vendor Lead Time
PRJ-000152,AST-0000089,Laptop,EOL within 24 months,2026,2026-11-19,,1674.79,Planning,Budget Approval
PRJ-000153,AST-0002750,Laptop,EOL within 12 months,2026,2026-09-29,,1983.86,In Progress,Vendor Lead Time
PRJ-000154,AST-0006459,Laptop,EOL within 24 months,2027,2027-01-20,,2094.23,Blocked,None
PRJ-000155,AST-0009933,Laptop,EOL within 12 months,2027,2027-11-10,,1952.96,In Progress,Vendor Lead Time
PRJ-000156,AST-0007182,Laptop,Past EOL,2028,2028-04-04,,1921.48,Planning,Application Dependency
PRJ-000157,AST-0013370,Laptop,EOL within 24 months,2027,2027-06-04,2027-07-23,3358.14,Completed,None
PRJ-000158,AST-0009396,Laptop,Past EOL,2026,2026-06-09,,1412.8,Planning,None
PRJ-000159,AST-0010772,Laptop,Past EOL,2027,2027-05-29,2027-05-28,1395.31,Completed,Application Dependency
PRJ-000160,AST-0012015,Laptop,EOL within 12 months,2027,2027-02-18,,1908.53,Not Started,Branch Scheduling
PRJ-000161,AST-0009764,Laptop,EOL within 24 months,2028,2028-01-28,,1542.24,Not Started,None
PRJ-000162,AST-0012556,Laptop,EOL within 12 months,2026,2026-08-30,,1952.94,Not Started,Security Exception
PRJ-000163,AST-0017803,Desktop,EOL within 12 months,2027,2027-11-28,,1089.46,Deferred,Application Dependency
PRJ-000164,AST-0000392,Laptop,EOL within 12 months,2027,2027-07-28,,2017.79,Deferred,Change Freeze
PRJ-000165,AST-0014026,Desktop,EOL within 12 months,2027,2027-09-29,,1306.72,Not Started,Budget Approval
PRJ-000166,AST-0005605,Laptop,EOL within 24 months,2028,2028-03-04,2028-02-06,1674.28,Completed,Application Dependency
PRJ-000167,AST-0008685,Laptop,EOL within 24 months,2028,2028-03-12,,3127.22,Not Started,Application Dependency
PRJ-000168,AST-0008155,Laptop,EOL within 24 months,2028,2028-05-29,,3327.45,Blocked,Application Dependency
PRJ-000169,AST-0005051,Laptop,Past EOL,2026,2026-10-23,,1951.07,Not Started,Branch Scheduling
PRJ-000170,AST-0010948,Laptop,EOL within 24 months,2028,2028-07-22,,2348.13,Planning,Vendor Lead Time
PRJ-000171,AST-0014001,Desktop,EOL within 12 months,2028,2028-06-30,,1031.05,Planning,None
PRJ-000172,AST-0023297,Wireless Access Point,EOL within 12 months,2028,2028-05-15,,811.92,In Progress,Budget Approval
PRJ-000173,AST-0007764,Laptop,Past EOL,2027,2027-02-17,2027-03-03,1447.69,Completed,Branch Scheduling
PRJ-000174,AST-0014817,Desktop,EOL within 12 months,2028,2028-12-02,,1372.68,Not Started,Security Exception
PRJ-000175,AST-0021970,Access Switch,EOL within 24 months,2027,2027-11-30,,6636.45,In Progress,None
PRJ-000176,AST-0020345,Server,EOL within 24 months,2028,2028-01-02,,11446.09,Planning,Budget Approval
PRJ-000177,AST-0014301,Desktop,EOL within 12 months,2027,2027-01-10,,1229.95,Planning,Change Freeze
PRJ-000178,AST-0010686,Laptop,Past EOL,2028,2028-06-28,2028-05-30,1892.72,Completed,Vendor Lead Time
PRJ-000179,AST-0008995,Laptop,Past EOL,2028,2028-11-14,,1548.28,Not Started,None
PRJ-000180,AST-0019616,VDI Endpoint,EOL within 12 months,2027,2027-10-24,,1264.38,Deferred,Application Dependency
PRJ-000181,AST-0006636,Laptop,Past EOL,2026,2026-10-10,,1741.45,Deferred,Branch Scheduling
PRJ-000182,AST-0015606,Desktop,EOL within 24 months,2028,2028-12-27,2029-02-26,1176.22,Completed,Budget Approval
PRJ-000183,AST-0013803,Laptop,Past EOL,2027,2027-09-26,,1462.03,In Progress,None
PRJ-000184,AST-0007761,Laptop,EOL within 24 months,2027,2027-03-05,,3010.2,In Progress,Branch Scheduling
PRJ-000185,AST-0007332,Laptop,EOL within 12 months,2027,2027-12-16,,1854.41,Planning,Security Exception
PRJ-000186,AST-0023712,Wireless Access Point,EOL within 24 months,2027,2027-03-08,,1401.1,Planning,Application Dependency
PRJ-000187,AST-0009021,Laptop,Past EOL,2026,2026-11-12,,1988.57,Not Started,Budget Approval
PRJ-000188,AST-0016389,Desktop,EOL within 24 months,2027,2027-05-29,,958.47,Planning,Vendor Lead Time
PRJ-000189,AST-0012077,Laptop,EOL within 12 months,2028,2028-02-15,,1918.47,Deferred,Application Dependency
PRJ-000190,AST-0016329,Desktop,EOL within 12 months,2027,2027-10-10,,1408.51,Deferred,None
PRJ-000191,AST-0011443,Laptop,EOL within 12 months,2026,2026-10-14,,1778.17,Blocked,None
PRJ-000192,AST-0006298,Laptop,EOL within 12 months,2028,2028-01-24,,1978.52,Not Started,Budget Approval
PRJ-000193,AST-0011766,Laptop,EOL within 24 months,2027,2027-02-10,2027-04-19,2576.11,Completed,Budget Approval
PRJ-000194,AST-0016990,Desktop,EOL within 12 months,2026,2026-07-11,,962.22,Planning,None
PRJ-000195,AST-0001487,Laptop,EOL within 24 months,2026,2026-07-08,,2464.3,Not Started,Application Dependency
PRJ-000196,AST-0000283,Laptop,EOL within 12 months,2028,2028-12-05,2028-11-29,2112.18,Completed,Vendor Lead Time
PRJ-000197,AST-0000311,Laptop,EOL within 12 months,2028,2028-02-19,,2173.88,Planning,Security Exception
PRJ-000198,AST-0023800,Wireless Access Point,EOL within 24 months,2027,2027-09-05,,1507.12,Blocked,Vendor Lead Time
PRJ-000199,AST-0019857,VDI Endpoint,EOL within 12 months,2027,2027-05-09,2027-06-20,1482.13,Completed,Security Exception
PRJ-000200,AST-0019767,VDI Endpoint,EOL within 24 months,2026,2026-08-11,,895.85,Planning,Application Dependency
PRJ-000201,AST-0008613,Laptop,EOL within 24 months,2027,2027-05-26,,2840.51,Deferred,Change Freeze
PRJ-000202,AST-0018856,VDI Endpoint,EOL within 24 months,2027,2027-06-13,,1123.68,Planning,None
PRJ-000203,AST-0021883,Access Switch,EOL within 24 months,2028,2028-10-11,,5302.24,Planning,Branch Scheduling
PRJ-000204,AST-0007406,Laptop,Past EOL,2027,2027-03-21,,1765.14,Blocked,Budget Approval
PRJ-000205,AST-0018595,VDI Endpoint,EOL within 12 months,2027,2027-09-06,,1317.83,In Progress,Vendor Lead Time
PRJ-000206,AST-0013244,Laptop,EOL within 12 months,2026,2026-06-04,,2151.5,Not Started,Branch Scheduling
PRJ-000207,AST-0000546,Laptop,Past EOL,2028,2028-11-08,,1394.98,Deferred,Change Freeze
PRJ-000208,AST-0019147,VDI Endpoint,EOL within 24 months,2027,2027-05-08,,1131.58,Deferred,Budget Approval
PRJ-000209,AST-0022926,Router,EOL within 12 months,2028,2028-08-25,,11925.23,In Progress,Change Freeze
PRJ-000210,AST-0000420,Laptop,EOL within 24 months,2026,2026-09-12,,1768.86,In Progress,None
PRJ-000211,AST-0012099,Laptop,EOL within 12 months,2028,2028-03-08,,1850.11,Planning,None
PRJ-000212,AST-0015872,Desktop,EOL within 12 months,2026,2026-10-04,,1260.77,Blocked,Change Freeze
PRJ-000213,AST-0012673,Laptop,Past EOL,2028,2028-04-28,2028-04-05,1350.02,Completed,Security Exception
PRJ-000214,AST-0023130,Firewall,EOL within 24 months,2028,2028-08-12,,10957.4,Not Started,Branch Scheduling
PRJ-000215,AST-0011726,Laptop,EOL within 12 months,2028,2028-05-25,,1982.33,Blocked,Budget Approval
PRJ-000216,AST-0005819,Laptop,EOL within 12 months,2027,2027-03-25,,1516.88,Not Started,Budget Approval
PRJ-000217,AST-0013598,Laptop,EOL within 24 months,2027,2027-11-12,,2356.61,Not Started,Vendor Lead Time
PRJ-000218,AST-0001210,Laptop,EOL within 24 months,2026,2026-10-19,,1947.06,Not Started,None
PRJ-000219,AST-0011624,Laptop,EOL within 24 months,2026,2026-10-25,,1880.58,Not Started,Branch Scheduling
PRJ-000220,AST-0015556,Desktop,EOL within 12 months,2028,2028-10-01,2028-12-01,1338.81,Completed,None
PRJ-000221,AST-0005918,Laptop,EOL within 24 months,2026,2026-08-16,,1735.89,In Progress,Security Exception
PRJ-000222,AST-0016983,Desktop,EOL within 12 months,2028,2028-02-09,,1073.39,Blocked,Application Dependency
PRJ-000223,AST-0008333,Laptop,EOL within 12 months,2026,2026-07-08,2026-08-25,1728.35,Completed,None
PRJ-000224,AST-0017760,Desktop,EOL within 24 months,2028,2028-08-16,,876.48,In Progress,Vendor Lead Time
PRJ-000225,AST-0000942,Laptop,EOL within 24 months,2027,2027-10-12,,2199.89,In Progress,Security Exception
PRJ-000226,AST-0008753,Laptop,Past EOL,2027,2027-03-26,,1533.96,Not Started,Security Exception
PRJ-000227,AST-0011001,Laptop,EOL within 24 months,2026,2026-06-20,,2611.89,Not Started,Change Freeze
PRJ-000228,AST-0007953,Laptop,EOL within 12 months,2028,2028-05-14,,1442.46,Blocked,Branch Scheduling
PRJ-000229,AST-0012744,Laptop,EOL within 24 months,2028,2028-08-31,,2027.11,In Progress,Branch Scheduling
PRJ-000230,AST-0015711,Desktop,EOL within 24 months,2027,2027-07-25,,1072.66,Not Started,Security Exception
PRJ-000231,AST-0016369,Desktop,EOL within 12 months,2026,2026-07-06,,1185.31,Deferred,Budget Approval
PRJ-000232,AST-0016660,Desktop,EOL within 24 months,2026,2026-07-06,,1254.71,In Progress,Branch Scheduling
PRJ-000233,AST-0012764,Laptop,EOL within 12 months,2028,2028-11-11,,1405.72,Planning,Vendor Lead Time
PRJ-000234,AST-0006307,Laptop,EOL within 12 months,2027,2027-07-22,,1524.79,Not Started,Vendor Lead Time
PRJ-000235,AST-0019421,VDI Endpoint,EOL within 24 months,2028,2028-02-15,,883.0,Planning,Change Freeze
PRJ-000236,AST-0007111,Laptop,Past EOL,2026,2026-09-19,,1600.79,In Progress,Security Exception
PRJ-000237,AST-0018932,VDI Endpoint,EOL within 24 months,2028,2028-03-19,,911.02,Not Started,Branch Scheduling
PRJ-000238,AST-0008740,Laptop,EOL within 24 months,2028,2028-06-05,,1576.31,Not Started,Change Freeze
PRJ-000239,AST-0014956,Desktop,EOL within 24 months,2028,2028-07-17,2028-09-20,1295.56,Completed,Change Freeze
PRJ-000240,AST-0013220,Laptop,EOL within 24 months,2028,2028-09-02,,1970.25,In Progress,Vendor Lead Time
PRJ-000241,AST-0001255,Laptop,Past EOL,2026,2026-12-05,,1602.41,Planning,Application Dependency
PRJ-000242,AST-0011321,Laptop,EOL within 24 months,2028,2028-08-27,,1878.69,Planning,Application Dependency
PRJ-000243,AST-0020082,Server,EOL within 24 months,2027,2027-05-31,,11082.9,In Progress,None
PRJ-000244,AST-0016604,Desktop,EOL within 12 months,2027,2027-02-08,,1357.83,In Progress,None
PRJ-000245,AST-0005996,Laptop,EOL within 24 months,2028,2028-03-18,,1713.75,Planning,Change Freeze
PRJ-000246,AST-0017518,Desktop,EOL within 12 months,2028,2028-09-18,,981.16,Not Started,Branch Scheduling
PRJ-000247,AST-0002892,Laptop,EOL within 12 months,2027,2027-07-12,,1727.55,Planning,Change Freeze
PRJ-000248,AST-0011543,Laptop,EOL within 12 months,2026,2026-07-13,,1628.45,In Progress,Application Dependency
PRJ-000249,AST-0000682,Laptop,EOL within 24 months,2028,2028-02-01,,1886.0,Deferred,Security Exception
PRJ-000250,AST-0012531,Laptop,EOL within 12 months,2026,2026-10-09,,1659.85,In Progress,None
PRJ-000251,AST-0005138,Laptop,EOL within 24 months,2027,2027-02-14,,1724.71,Not Started,Budget Approval
PRJ-000252,AST-0005487,Laptop,Past EOL,2028,2028-12-04,,1609.86,Blocked,Budget Approval
PRJ-000253,AST-0010027,Laptop,EOL within 12 months,2028,2028-12-03,,2018.27,Planning,Security Exception
PRJ-000254,AST-0004335,Laptop,EOL within 24 months,2026,2026-08-16,2026-09-21,1905.43,Completed,Change Freeze
PRJ-000255,AST-0003122,Laptop,EOL within 24 months,2028,2028-09-18,,1724.57,Deferred,Change Freeze
PRJ-000256,AST-0008393,Laptop,EOL within 12 months,2027,2027-06-22,,1833.36,Deferred,Application Dependency
PRJ-000257,AST-0005527,Laptop,EOL within 24 months,2026,2026-09-26,,2360.85,Deferred,None
PRJ-000258,AST-0019689,VDI Endpoint,EOL within 12 months,2027,2027-05-05,,1075.96,Planning,Vendor Lead Time
PRJ-000259,AST-0007206,Laptop,Past EOL,2027,2027-07-24,,1567.05,Planning,Budget Approval
PRJ-000260,AST-0018556,VDI Endpoint,EOL within 24 months,2027,2027-07-27,,1065.32,Planning,Change Freeze
PRJ-000261,AST-0016578,Desktop,EOL within 12 months,2026,2026-08-29,,949.1,Deferred,Budget Approval
PRJ-000262,AST-0009623,Laptop,EOL within 24 months,2026,2026-10-29,,3818.22,Planning,Application Dependency
PRJ-000263,AST-0014488,Desktop,EOL within 12 months,2026,2026-11-01,,1278.7,In Progress,Budget Approval
PRJ-000264,AST-0000500,Laptop,EOL within 12 months,2027,2027-07-27,,1727.02,In Progress,Budget Approval
PRJ-000265,AST-0019812,VDI Endpoint,EOL within 12 months,2028,2028-09-07,,1229.16,Deferred,Vendor Lead Time
PRJ-000266,AST-0000612,Laptop,EOL within 12 months,2026,2026-06-19,,1946.12,In Progress,Vendor Lead Time
PRJ-000267,AST-0003497,Laptop,Past EOL,2028,2028-05-26,2028-08-04,1805.56,Completed,Branch Scheduling
PRJ-000268,AST-0007936,Laptop,EOL within 12 months,2028,2028-05-24,,2019.03,Planning,None
PRJ-000269,AST-0016020,Desktop,EOL within 12 months,2026,2026-10-08,,1035.68,Deferred,Application Dependency
PRJ-000270,AST-0015574,Desktop,EOL within 12 months,2027,2027-01-16,,972.89,Blocked,Branch Scheduling
PRJ-000271,AST-0018277,Desktop,EOL within 12 months,2028,2028-01-05,,1264.04,Planning,Vendor Lead Time
PRJ-000272,AST-0012936,Laptop,EOL within 24 months,2027,2027-03-24,,2352.54,In Progress,None
PRJ-000273,AST-0001751,Laptop,EOL within 24 months,2028,2028-01-15,,3321.35,Planning,Application Dependency
PRJ-000274,AST-0015475,Desktop,EOL within 24 months,2026,2026-06-19,,1212.21,Blocked,None
PRJ-000275,AST-0004055,Laptop,EOL within 24 months,2026,2026-06-22,,1797.34,Planning,Vendor Lead Time
PRJ-000276,AST-0001606,Laptop,EOL within 12 months,2027,2027-02-24,,1646.31,Not Started,Change Freeze
PRJ-000277,AST-0018015,Desktop,EOL within 24 months,2028,2028-01-01,,1326.18,Not Started,Change Freeze
PRJ-000278,AST-0018743,VDI Endpoint,EOL within 24 months,2027,2027-08-08,,1036.63,Planning,Change Freeze
PRJ-000279,AST-0015684,Desktop,EOL within 24 months,2027,2027-12-18,,962.14,Deferred,Change Freeze
PRJ-000280,AST-0007224,Laptop,Past EOL,2027,2027-09-23,,1604.99,In Progress,Application Dependency
PRJ-000281,AST-0008162,Laptop,EOL within 12 months,2028,2028-01-15,,2001.08,Deferred,Budget Approval
PRJ-000282,AST-0019713,VDI Endpoint,EOL within 12 months,2026,2026-11-09,,1088.24,In Progress,None
PRJ-000283,AST-0003523,Laptop,EOL within 12 months,2028,2028-07-13,2028-09-24,1902.11,Completed,Vendor Lead Time
PRJ-000284,AST-0016547,Desktop,EOL within 12 months,2027,2027-02-15,,977.81,In Progress,Security Exception
PRJ-000285,AST-0022716,Core Switch,EOL within 24 months,2026,2026-09-14,,26734.05,Not Started,Budget Approval
PRJ-000286,AST-0015594,Desktop,EOL within 24 months,2027,2027-05-11,,914.85,In Progress,Vendor Lead Time
PRJ-000287,AST-0023858,Wireless Access Point,EOL within 24 months,2027,2027-11-03,,1617.79,Planning,Branch Scheduling
PRJ-000288,AST-0016284,Desktop,EOL within 24 months,2026,2026-11-02,,1129.21,Planning,Application Dependency
PRJ-000289,AST-0008194,Laptop,EOL within 12 months,2026,2026-12-21,,1611.27,Planning,Security Exception
PRJ-000290,AST-0022988,Router,EOL within 12 months,2026,2026-07-16,,8557.5,Planning,Change Freeze
PRJ-000291,AST-0014622,Desktop,EOL within 12 months,2028,2028-07-16,,1300.35,Planning,Change Freeze
PRJ-000292,AST-0019464,VDI Endpoint,EOL within 12 months,2027,2027-05-17,,1417.68,Blocked,Application Dependency
PRJ-000293,AST-0001952,Laptop,EOL within 24 months,2026,2026-12-14,,2768.7,Planning,Budget Approval
PRJ-000294,AST-0017805,Desktop,EOL within 24 months,2027,2027-05-02,2027-06-04,1188.91,Completed,Budget Approval
PRJ-000295,AST-0002528,Laptop,EOL within 12 months,2026,2026-09-22,,1810.86,Blocked,Change Freeze
PRJ-000296,AST-0002888,Laptop,Past EOL,2027,2027-06-19,,1958.63,Deferred,None
PRJ-000297,AST-0000309,Laptop,EOL within 12 months,2027,2027-04-09,2027-06-14,1583.29,Completed,Budget Approval
PRJ-000298,AST-0005287,Laptop,EOL within 12 months,2027,2027-09-19,,1445.65,Not Started,Application Dependency
PRJ-000299,AST-0002936,Laptop,Past EOL,2026,2026-12-19,,1417.55,Deferred,Branch Scheduling
PRJ-000300,AST-0017733,Desktop,EOL within 24 months,2027,2027-10-14,,1003.01,Planning,Branch Scheduling
PRJ-000301,AST-0004815,Laptop,EOL within 24 months,2026,2026-06-20,,2203.69,Blocked,Vendor Lead Time
PRJ-000302,AST-0011852,Laptop,EOL within 24 months,2028,2028-08-21,,1712.64,In Progress,Security Exception
PRJ-000303,AST-0008808,Laptop,Past EOL,2027,2027-04-05,,1569.41,Deferred,Branch Scheduling
PRJ-000304,AST-0018990,VDI Endpoint,EOL within 24 months,2028,2028-02-07,,1027.18,Blocked,Security Exception
PRJ-000305,AST-0007576,Laptop,EOL within 24 months,2028,2028-07-31,,1903.71,Planning,Budget Approval
PRJ-000306,AST-0016650,Desktop,EOL within 24 months,2027,2027-08-08,,1026.25,Planning,Budget Approval
PRJ-000307,AST-0011198,Laptop,EOL within 12 months,2028,2028-11-03,,1712.63,In Progress,Change Freeze
PRJ-000308,AST-0000300,Laptop,EOL within 24 months,2027,2027-02-22,2027-02-16,3573.52,Completed,Vendor Lead Time
PRJ-000309,AST-0000714,Laptop,EOL within 24 months,2028,2028-07-21,,1936.56,Planning,Security Exception
PRJ-000310,AST-0023642,Wireless Access Point,EOL within 24 months,2028,2028-10-30,,921.5,Not Started,Security Exception
PRJ-000311,AST-0023674,Wireless Access Point,EOL within 24 months,2026,2026-12-27,,1232.43,Planning,Security Exception
PRJ-000312,AST-0008197,Laptop,EOL within 24 months,2027,2027-04-28,,1538.13,In Progress,Branch Scheduling
PRJ-000313,AST-0007231,Laptop,Past EOL,2028,2028-04-18,,1843.3,In Progress,Change Freeze
PRJ-000314,AST-0002046,Laptop,EOL within 12 months,2028,2028-02-19,,1542.31,Deferred,Security Exception
PRJ-000315,AST-0005575,Laptop,EOL within 12 months,2028,2028-06-20,,1685.76,In Progress,Application Dependency
PRJ-000316,AST-0012341,Laptop,EOL within 12 months,2028,2028-06-18,,1918.57,Planning,None
PRJ-000317,AST-0023509,Wireless Access Point,EOL within 24 months,2026,2026-08-18,2026-11-01,1501.57,Completed,None
PRJ-000318,AST-0008734,Laptop,EOL within 12 months,2027,2027-03-02,2027-02-23,1546.1,Completed,Application Dependency
PRJ-000319,AST-0007184,Laptop,Past EOL,2028,2028-11-19,,1886.89,In Progress,Branch Scheduling
PRJ-000320,AST-0008125,Laptop,EOL within 24 months,2028,2028-12-12,,3551.92,Not Started,Security Exception
PRJ-000321,AST-0007436,Laptop,EOL within 12 months,2028,2028-02-23,,2022.02,In Progress,Security Exception
PRJ-000322,AST-0015406,Desktop,EOL within 12 months,2028,2028-12-07,,1115.29,In Progress,None
PRJ-000323,AST-0009338,Laptop,EOL within 12 months,2026,2026-11-02,,1675.5,Planning,None
PRJ-000324,AST-0014499,Desktop,EOL within 12 months,2027,2027-12-17,,1030.57,Planning,Branch Scheduling
PRJ-000325,AST-0007572,Laptop,EOL within 24 months,2027,2027-09-09,,2932.7,Planning,Security Exception
PRJ-000326,AST-0002456,Laptop,EOL within 12 months,2026,2026-09-05,,1470.03,Deferred,Change Freeze
PRJ-000327,AST-0009086,Laptop,EOL within 24 months,2026,2026-10-25,,1867.34,Planning,Budget Approval
PRJ-000328,AST-0011954,Laptop,EOL within 24 months,2027,2027-02-01,,2164.84,Deferred,Security Exception
PRJ-000329,AST-0011788,Laptop,Past EOL,2026,2026-06-07,2026-06-25,1466.83,Completed,Change Freeze
PRJ-000330,AST-0003572,Laptop,EOL within 24 months,2028,2028-04-07,2028-07-03,2168.46,Completed,None
PRJ-000331,AST-0015783,Desktop,EOL within 24 months,2027,2027-03-22,,1064.78,Planning,None
PRJ-000332,AST-0017634,Desktop,EOL within 24 months,2028,2028-09-22,,982.83,Planning,Budget Approval
PRJ-000333,AST-0012828,Laptop,EOL within 24 months,2027,2027-04-14,,3187.74,Not Started,Budget Approval
PRJ-000334,AST-0014408,Desktop,EOL within 24 months,2026,2026-07-04,2026-09-24,1061.82,Completed,Vendor Lead Time
PRJ-000335,AST-0012043,Laptop,EOL within 12 months,2028,2028-04-21,,1657.45,Planning,Vendor Lead Time
PRJ-000336,AST-0005223,Laptop,EOL within 12 months,2026,2026-06-08,,1721.44,Not Started,None
PRJ-000337,AST-0002739,Laptop,EOL within 24 months,2027,2027-03-16,,3816.34,Not Started,Change Freeze
PRJ-000338,AST-0003913,Laptop,Past EOL,2028,2028-08-29,,1534.89,Deferred,Vendor Lead Time
PRJ-000339,AST-0008931,Laptop,Past EOL,2027,2027-06-17,,1535.32,Deferred,Security Exception
PRJ-000340,AST-0015363,Desktop,EOL within 12 months,2027,2027-05-15,,1019.28,In Progress,Branch Scheduling
PRJ-000341,AST-0007396,Laptop,EOL within 12 months,2028,2028-06-24,,1970.81,Not Started,Application Dependency
PRJ-000342,AST-0004548,Laptop,EOL within 12 months,2026,2026-12-27,,1440.76,Planning,Budget Approval
PRJ-000343,AST-0019583,VDI Endpoint,EOL within 24 months,2027,2027-12-10,,1026.11,Planning,Application Dependency
PRJ-000344,AST-0014091,Desktop,EOL within 12 months,2027,2027-04-24,,1337.58,Not Started,Budget Approval
PRJ-000345,AST-0001062,Laptop,EOL within 12 months,2027,2027-01-20,2027-03-31,1838.69,Completed,Change Freeze
PRJ-000346,AST-0022230,Access Switch,EOL within 24 months,2027,2027-09-04,,8919.28,Not Started,Branch Scheduling
PRJ-000347,AST-0010775,Laptop,EOL within 24 months,2028,2028-07-31,2028-08-13,3029.44,Completed,Vendor Lead Time
PRJ-000348,AST-0020950,Server,EOL within 24 months,2028,2028-03-12,,10632.47,In Progress,Security Exception
PRJ-000349,AST-0003633,Laptop,EOL within 24 months,2027,2027-08-03,2027-08-02,2493.19,Completed,Budget Approval
PRJ-000350,AST-0006408,Laptop,EOL within 24 months,2026,2026-12-01,,2568.0,Not Started,Branch Scheduling
PRJ-000351,AST-0019198,VDI Endpoint,EOL within 24 months,2027,2027-12-26,,988.89,Not Started,Security Exception
PRJ-000352,AST-0000591,Laptop,EOL within 24 months,2026,2026-06-08,,2315.76,Planning,Vendor Lead Time
PRJ-000353,AST-0021234,Server,EOL within 24 months,2026,2026-06-26,,15503.14,In Progress,None
PRJ-000354,AST-0000173,Laptop,Past EOL,2028,2028-10-10,,1869.78,Blocked,Security Exception
PRJ-000355,AST-0011086,Laptop,EOL within 24 months,2028,2028-05-26,,2639.66,Planning,Change Freeze
PRJ-000356,AST-0014410,Desktop,EOL within 24 months,2027,2027-06-06,2027-08-25,1216.06,Completed,Vendor Lead Time
PRJ-000357,AST-0003344,Laptop,Past EOL,2028,2028-03-03,,1831.49,Deferred,Application Dependency
PRJ-000358,AST-0001189,Laptop,EOL within 12 months,2027,2027-09-13,,1535.65,Deferred,Vendor Lead Time
PRJ-000359,AST-0001701,Laptop,EOL within 12 months,2028,2028-04-30,,1918.41,In Progress,Branch Scheduling
PRJ-000360,AST-0017357,Desktop,EOL within 24 months,2027,2027-05-14,,863.36,Blocked,Budget Approval
PRJ-000361,AST-0001988,Laptop,Past EOL,2027,2027-05-20,,1374.06,Deferred,None
PRJ-000362,AST-0021820,Access Switch,EOL within 24 months,2028,2028-12-01,,6754.89,In Progress,Change Freeze
PRJ-000363,AST-0016709,Desktop,EOL within 12 months,2027,2027-09-08,,1084.52,Not Started,None
PRJ-000364,AST-0002094,Laptop,Past EOL,2028,2028-02-21,2028-02-19,1814.54,Completed,Vendor Lead Time
PRJ-000365,AST-0000302,Laptop,EOL within 24 months,2028,2028-10-27,,2701.96,Not Started,Security Exception
PRJ-000366,AST-0006160,Laptop,Past EOL,2027,2027-05-06,,1341.51,In Progress,None
PRJ-000367,AST-0018738,VDI Endpoint,EOL within 24 months,2027,2027-01-28,,1122.0,Planning,Vendor Lead Time
PRJ-000368,AST-0021380,Server,EOL within 24 months,2026,2026-12-17,2027-01-29,11754.64,Completed,Change Freeze
PRJ-000369,AST-0005949,Laptop,EOL within 24 months,2027,2027-09-04,,3190.11,Planning,Vendor Lead Time
PRJ-000370,AST-0002897,Laptop,Past EOL,2027,2027-09-24,,1605.04,Not Started,Budget Approval
PRJ-000371,AST-0001767,Laptop,Past EOL,2026,2026-08-12,,1386.85,Deferred,None
PRJ-000372,AST-0003713,Laptop,EOL within 24 months,2028,2028-09-20,2028-10-07,1767.22,Completed,Vendor Lead Time
PRJ-000373,AST-0014768,Desktop,EOL within 24 months,2027,2027-09-23,,1240.07,In Progress,Change Freeze
PRJ-000374,AST-0001669,Laptop,EOL within 12 months,2027,2027-12-24,,1605.4,Planning,Budget Approval
PRJ-000375,AST-0006189,Laptop,Past EOL,2027,2027-06-28,,1309.93,Planning,Branch Scheduling
PRJ-000376,AST-0021652,Access Switch,EOL within 24 months,2028,2028-10-21,,6393.37,Deferred,Branch Scheduling
PRJ-000377,AST-0018612,VDI Endpoint,EOL within 24 months,2026,2026-09-15,,857.31,Not Started,None
PRJ-000378,AST-0014862,Desktop,EOL within 12 months,2026,2026-10-08,,976.81,Not Started,Application Dependency
PRJ-000379,AST-0004727,Laptop,Past EOL,2026,2026-08-23,,1737.74,Planning,Application Dependency
PRJ-000380,AST-0021357,Server,EOL within 24 months,2026,2026-07-04,,13977.83,In Progress,Security Exception
PRJ-000381,AST-0014883,Desktop,EOL within 24 months,2028,2028-07-18,,915.99,Not Started,Application Dependency
PRJ-000382,AST-0007325,Laptop,Past EOL,2026,2026-08-14,,1800.33,Deferred,Vendor Lead Time
PRJ-000383,AST-0019453,VDI Endpoint,EOL within 12 months,2027,2027-04-14,,1190.53,In Progress,None
PRJ-000384,AST-0003606,Laptop,EOL within 24 months,2027,2027-07-15,,2463.49,Not Started,None
PRJ-000385,AST-0000327,Laptop,Past EOL,2027,2027-11-02,,1360.31,Deferred,Vendor Lead Time
PRJ-000386,AST-0018417,Desktop,EOL within 12 months,2028,2028-07-14,,1207.59,Planning,Security Exception
PRJ-000387,AST-0001755,Laptop,EOL within 24 months,2027,2027-05-16,,1855.32,In Progress,Change Freeze
PRJ-000388,AST-0008233,Laptop,Past EOL,2028,2028-02-24,,1709.27,Planning,Budget Approval
PRJ-000389,AST-0017996,Desktop,EOL within 12 months,2029,2029-01-06,,1237.45,Planning,Branch Scheduling
PRJ-000390,AST-0002760,Laptop,Past EOL,2028,2028-01-01,,1528.68,Not Started,Application Dependency
PRJ-000391,AST-0016253,Desktop,EOL within 12 months,2027,2027-10-06,,1346.33,Deferred,Branch Scheduling
PRJ-000392,AST-0019933,VDI Endpoint,EOL within 12 months,2027,2027-04-28,,1033.82,In Progress,Vendor Lead Time
PRJ-000393,AST-0014844,Desktop,EOL within 12 months,2026,2026-07-19,,1354.66,Planning,Change Freeze
PRJ-000394,AST-0019878,VDI Endpoint,EOL within 24 months,2027,2027-01-03,2027-03-15,1042.49,Completed,Security Exception
PRJ-000395,AST-0001601,Laptop,Past EOL,2029,2029-01-06,,1897.45,Deferred,Application Dependency
PRJ-000396,AST-0006882,Laptop,Past EOL,2028,2028-10-26,,1877.54,Planning,Branch Scheduling
PRJ-000397,AST-0013667,Laptop,EOL within 24 months,2028,2028-06-23,,1758.8,Not Started,Branch Scheduling
PRJ-000398,AST-0008029,Laptop,EOL within 12 months,2028,2028-02-08,,2220.52,Deferred,Budget Approval
PRJ-000399,AST-0011455,Laptop,EOL within 12 months,2028,2028-07-17,,1592.83,Planning,Vendor Lead Time
PRJ-000400,AST-0017645,Desktop,EOL within 24 months,2026,2026-09-17,,1160.18,In Progress,Budget Approval
PRJ-000401,AST-0005042,Laptop,EOL within 24 months,2028,2028-10-24,,2630.63,Not Started,None
PRJ-000402,AST-0017392,Desktop,EOL within 12 months,2027,2027-02-11,,1316.1,Not Started,Vendor Lead Time
PRJ-000403,AST-0010359,Laptop,EOL within 24 months,2026,2026-12-21,,1939.47,Blocked,Application Dependency
PRJ-000404,AST-0005536,Laptop,EOL within 24 months,2028,2028-03-18,,3516.51,Planning,None
PRJ-000405,AST-0013591,Laptop,EOL within 12 months,2027,2027-08-01,2027-10-21,1637.82,Completed,Security Exception
PRJ-000406,AST-0009330,Laptop,EOL within 24 months,2028,2028-10-24,,2405.39,Not Started,Security Exception
PRJ-000407,AST-0001185,Laptop,EOL within 12 months,2028,2028-07-10,,2094.8,Not Started,Security Exception
PRJ-000408,AST-0018936,VDI Endpoint,EOL within 24 months,2026,2026-09-27,,1023.48,Deferred,Branch Scheduling
PRJ-000409,AST-0001362,Laptop,EOL within 24 months,2026,2026-06-06,,2168.96,Planning,Security Exception
PRJ-000410,AST-0017265,Desktop,EOL within 24 months,2026,2026-06-08,,1024.2,In Progress,Budget Approval
PRJ-000411,AST-0015994,Desktop,EOL within 24 months,2026,2026-09-13,,1070.43,Planning,None
PRJ-000412,AST-0016488,Desktop,EOL within 12 months,2028,2028-12-31,2029-03-17,1331.11,Completed,Change Freeze
PRJ-000413,AST-0009024,Laptop,Past EOL,2027,2027-10-21,,1774.97,Not Started,Vendor Lead Time
PRJ-000414,AST-0015734,Desktop,EOL within 24 months,2028,2028-09-30,,926.12,In Progress,Budget Approval
PRJ-000415,AST-0016918,Desktop,EOL within 12 months,2027,2027-06-25,,1272.77,Blocked,Branch Scheduling
PRJ-000416,AST-0004075,Laptop,Past EOL,2027,2027-03-28,,1418.94,In Progress,Change Freeze
PRJ-000417,AST-0001507,Laptop,Past EOL,2026,2026-07-29,,1904.03,Not Started,Security Exception
PRJ-000418,AST-0010592,Laptop,Past EOL,2027,2027-01-31,,1490.16,Planning,Budget Approval
PRJ-000419,AST-0017541,Desktop,EOL within 12 months,2028,2028-02-07,2028-04-23,1045.31,Completed,Branch Scheduling
PRJ-000420,AST-0013934,Laptop,EOL within 24 months,2028,2028-10-13,2028-09-15,2912.24,Completed,None
PRJ-000421,AST-0017424,Desktop,EOL within 12 months,2027,2027-10-23,2028-01-02,1187.27,Completed,Branch Scheduling
PRJ-000422,AST-0010812,Laptop,Past EOL,2026,2026-10-26,,1890.05,Deferred,Application Dependency
PRJ-000423,AST-0014695,Desktop,EOL within 12 months,2026,2026-10-30,,1124.13,Deferred,Security Exception
PRJ-000424,AST-0000472,Laptop,EOL within 24 months,2027,2027-09-15,,3540.08,Planning,Budget Approval
PRJ-000425,AST-0004140,Laptop,EOL within 24 months,2027,2027-10-30,,3619.79,Not Started,Budget Approval
PRJ-000426,AST-0015686,Desktop,EOL within 12 months,2027,2027-01-27,,1298.28,Planning,None
PRJ-000427,AST-0019883,VDI Endpoint,EOL within 24 months,2028,2028-03-31,2028-06-08,1112.61,Completed,Security Exception
PRJ-000428,AST-0003741,Laptop,Past EOL,2028,2028-11-06,,1748.35,Planning,Application Dependency
PRJ-000429,AST-0018775,VDI Endpoint,EOL within 12 months,2027,2027-12-26,,1162.23,Planning,Change Freeze
PRJ-000430,AST-0016467,Desktop,EOL within 12 months,2027,2027-09-26,,1249.53,Deferred,Branch Scheduling
PRJ-000431,AST-0011701,Laptop,Past EOL,2027,2027-05-01,,1788.46,In Progress,Vendor Lead Time
PRJ-000432,AST-0009339,Laptop,EOL within 12 months,2026,2026-08-13,,2043.76,In Progress,Vendor Lead Time
PRJ-000433,AST-0020604,Server,EOL within 24 months,2027,2027-07-06,,10508.98,Planning,None
PRJ-000434,AST-0019142,VDI Endpoint,EOL within 24 months,2028,2028-10-13,,1192.87,Planning,Application Dependency
PRJ-000435,AST-0018962,VDI Endpoint,EOL within 12 months,2027,2027-12-23,,1045.82,In Progress,Budget Approval
PRJ-000436,AST-0003634,Laptop,EOL within 24 months,2027,2027-07-09,,1789.72,Not Started,None
PRJ-000437,AST-0009373,Laptop,Past EOL,2028,2028-06-21,,1542.43,Planning,Vendor Lead Time
PRJ-000438,AST-0012437,Laptop,EOL within 12 months,2027,2027-07-11,,1915.17,Deferred,Branch Scheduling
PRJ-000439,AST-0008666,Laptop,EOL within 24 months,2028,2028-06-14,,2444.79,Planning,Application Dependency
PRJ-000440,AST-0000061,Laptop,EOL within 24 months,2028,2028-05-29,2028-08-23,1956.28,Completed,Branch Scheduling
PRJ-000441,AST-0014288,Desktop,EOL within 12 months,2026,2026-11-08,,1327.65,Planning,Security Exception
PRJ-000442,AST-0018886,VDI Endpoint,EOL within 12 months,2026,2026-11-20,,1161.65,In Progress,Branch Scheduling
PRJ-000443,AST-0021489,Server,EOL within 24 months,2028,2028-05-22,2028-08-17,10854.57,Completed,Branch Scheduling
PRJ-000444,AST-0011720,Laptop,EOL within 24 months,2028,2028-09-21,,1535.99,Planning,Branch Scheduling
PRJ-000445,AST-0012263,Laptop,EOL within 12 months,2026,2026-10-02,,2147.6,Deferred,Application Dependency
PRJ-000446,AST-0011468,Laptop,EOL within 12 months,2026,2026-06-09,,1546.52,Not Started,Security Exception
PRJ-000447,AST-0017383,Desktop,EOL within 12 months,2028,2028-03-01,,975.97,Not Started,Budget Approval
PRJ-000448,AST-0012428,Laptop,EOL within 12 months,2027,2027-02-15,,2190.3,In Progress,Budget Approval
PRJ-000449,AST-0021739,Access Switch,EOL within 24 months,2028,2028-07-25,,6225.03,Not Started,None
PRJ-000450,AST-0008480,Laptop,EOL within 12 months,2028,2028-04-27,,1582.2,In Progress,Budget Approval
PRJ-000451,AST-0009747,Laptop,EOL within 24 months,2028,2028-04-26,,1730.08,Planning,None
PRJ-000452,AST-0017232,Desktop,EOL within 24 months,2027,2027-09-16,,1205.92,In Progress,Security Exception
PRJ-000453,AST-0009210,Laptop,Past EOL,2026,2026-09-05,,1980.32,Deferred,Budget Approval
PRJ-000454,AST-0010253,Laptop,EOL within 24 months,2027,2027-02-16,2027-03-21,2029.08,Completed,Vendor Lead Time
PRJ-000455,AST-0018574,VDI Endpoint,EOL within 12 months,2027,2027-10-17,,1118.87,Not Started,None
PRJ-000456,AST-0014272,Desktop,EOL within 24 months,2027,2027-05-02,,1122.73,Not Started,Budget Approval
PRJ-000457,AST-0004056,Laptop,Past EOL,2028,2028-10-19,,1519.09,Not Started,Security Exception
PRJ-000458,AST-0016081,Desktop,EOL within 12 months,2027,2027-02-10,,1222.11,Planning,Vendor Lead Time
PRJ-000459,AST-0002574,Laptop,EOL within 12 months,2027,2027-08-02,,2162.01,Planning,Security Exception
PRJ-000460,AST-0010483,Laptop,EOL within 12 months,2028,2028-01-19,2028-01-18,2089.25,Completed,Application Dependency
PRJ-000461,AST-0023284,Wireless Access Point,EOL within 12 months,2028,2028-07-24,,1060.48,Planning,Budget Approval
PRJ-000462,AST-0019762,VDI Endpoint,EOL within 12 months,2026,2026-12-15,,1341.98,In Progress,Vendor Lead Time
PRJ-000463,AST-0022794,Router,EOL within 12 months,2026,2026-12-16,,6410.43,Not Started,Branch Scheduling
PRJ-000464,AST-0000569,Laptop,EOL within 12 months,2026,2026-11-27,,1451.62,Planning,None
PRJ-000465,AST-0019906,VDI Endpoint,EOL within 12 months,2026,2026-08-26,,1176.27,Planning,None
PRJ-000466,AST-0006713,Laptop,EOL within 12 months,2027,2027-05-18,,1595.0,Planning,Branch Scheduling
PRJ-000467,AST-0002831,Laptop,EOL within 24 months,2027,2027-11-28,,1703.33,Not Started,None
PRJ-000468,AST-0002381,Laptop,EOL within 12 months,2028,2028-01-27,,1732.1,Not Started,Budget Approval
PRJ-000469,AST-0007535,Laptop,EOL within 24 months,2027,2027-12-14,,2072.48,In Progress,Budget Approval
PRJ-000470,AST-0001678,Laptop,Past EOL,2027,2027-10-22,2027-11-09,1369.78,Completed,Vendor Lead Time
PRJ-000471,AST-0004745,Laptop,EOL within 12 months,2027,2027-11-06,,1473.37,Planning,Vendor Lead Time
PRJ-000472,AST-0008149,Laptop,EOL within 24 months,2027,2027-10-10,2027-12-23,2003.29,Completed,Security Exception
PRJ-000473,AST-0023478,Wireless Access Point,EOL within 12 months,2028,2028-12-19,2029-01-01,1074.11,Completed,Branch Scheduling
PRJ-000474,AST-0009928,Laptop,EOL within 24 months,2026,2026-11-20,,2184.44,Not Started,Application Dependency
PRJ-000475,AST-0019302,VDI Endpoint,EOL within 24 months,2027,2027-05-10,,1168.37,Blocked,Branch Scheduling
PRJ-000476,AST-0003775,Laptop,Past EOL,2027,2027-12-16,,1621.62,Not Started,Branch Scheduling
PRJ-000477,AST-0005593,Laptop,EOL within 12 months,2028,2028-11-19,,1765.61,Not Started,Branch Scheduling
PRJ-000478,AST-0001788,Laptop,EOL within 12 months,2027,2027-05-10,,1487.61,Not Started,Security Exception
PRJ-000479,AST-0017893,Desktop,EOL within 24 months,2027,2027-06-02,,1018.7,In Progress,Change Freeze
PRJ-000480,AST-0009289,Laptop,EOL within 12 months,2027,2027-11-21,2028-01-02,2154.22,Completed,Change Freeze
PRJ-000481,AST-0021810,Access Switch,EOL within 24 months,2028,2028-02-02,,4868.4,In Progress,Application Dependency
PRJ-000482,AST-0014235,Desktop,EOL within 12 months,2027,2027-06-03,,1135.34,Planning,Application Dependency
PRJ-000483,AST-0003822,Laptop,EOL within 12 months,2028,2028-06-06,,1477.7,In Progress,None
PRJ-000484,AST-0002875,Laptop,EOL within 24 months,2027,2027-11-11,,1804.36,Planning,Budget Approval
PRJ-000485,AST-0018591,VDI Endpoint,EOL within 12 months,2028,2028-08-05,,1436.56,Not Started,Change Freeze
PRJ-000486,AST-0005391,Laptop,EOL within 24 months,2028,2028-11-02,,2369.21,Planning,None
PRJ-000487,AST-0003885,Laptop,EOL within 24 months,2027,2027-12-03,,1594.26,Not Started,Application Dependency
PRJ-000488,AST-0020294,Server,EOL within 24 months,2026,2026-10-10,,11906.89,Planning,Vendor Lead Time
PRJ-000489,AST-0023471,Wireless Access Point,EOL within 12 months,2026,2026-11-23,,880.81,Not Started,None
PRJ-000490,AST-0003545,Laptop,Past EOL,2028,2028-05-18,,1812.62,Not Started,None
PRJ-000491,AST-0008421,Laptop,EOL within 12 months,2026,2026-07-15,,2165.46,Not Started,Application Dependency
PRJ-000492,AST-0007771,Laptop,Past EOL,2027,2027-01-18,,1679.47,In Progress,Security Exception
PRJ-000493,AST-0009044,Laptop,Past EOL,2028,2028-07-03,,1807.81,In Progress,Branch Scheduling
PRJ-000494,AST-0017368,Desktop,EOL within 12 months,2026,2026-07-06,2026-07-11,1232.62,Completed,Budget Approval
PRJ-000495,AST-0014206,Desktop,EOL within 24 months,2028,2028-01-03,,1179.51,Not Started,None
PRJ-000496,AST-0009788,Laptop,Past EOL,2028,2028-08-30,2028-10-24,1853.21,Completed,Application Dependency
PRJ-000497,AST-0011300,Laptop,EOL within 24 months,2028,2028-01-02,,3531.31,In Progress,Vendor Lead Time
PRJ-000498,AST-0002328,Laptop,Past EOL,2028,2028-08-04,,1389.67,Deferred,Budget Approval
PRJ-000499,AST-0023534,Wireless Access Point,EOL within 24 months,2028,2028-10-15,,1094.49,In Progress,Security Exception
PRJ-000500,AST-0018661,VDI Endpoint,EOL within 24 months,2028,2028-11-13,,1078.14,Not Started,Vendor Lead Time
PRJ-000501,AST-0008153,Laptop,EOL within 12 months,2027,2027-07-29,,1921.72,In Progress,Application Dependency
PRJ-000502,AST-0008329,Laptop,EOL within 24 months,2027,2027-07-18,,2985.86,Planning,None
PRJ-000503,AST-0014021,Desktop,EOL within 12 months,2027,2027-11-15,,1084.97,Planning,Budget Approval
PRJ-000504,AST-0012057,Laptop,EOL within 24 months,2028,2028-02-13,,1920.08,Not Started,Branch Scheduling
PRJ-000505,AST-0013649,Laptop,EOL within 24 months,2028,2028-09-05,,1677.02,Blocked,Vendor Lead Time
PRJ-000506,AST-0011126,Laptop,EOL within 12 months,2026,2026-12-24,,1553.78,Deferred,Budget Approval
PRJ-000507,AST-0009372,Laptop,EOL within 24 months,2028,2028-04-02,,1857.63,Planning,Branch Scheduling
PRJ-000508,AST-0020111,Server,EOL within 24 months,2028,2028-08-24,2028-09-11,12275.71,Completed,Branch Scheduling
PRJ-000509,AST-0023831,Wireless Access Point,EOL within 12 months,2026,2026-10-17,,910.0,Not Started,Budget Approval
PRJ-000510,AST-0014652,Desktop,EOL within 12 months,2026,2026-11-02,2026-11-20,1191.82,Completed,Change Freeze
PRJ-000511,AST-0017999,Desktop,EOL within 12 months,2027,2027-01-26,2027-02-19,1143.49,Completed,Budget Approval
PRJ-000512,AST-0003649,Laptop,EOL within 24 months,2028,2028-05-10,,2220.83,Not Started,Budget Approval
PRJ-000513,AST-0015122,Desktop,EOL within 24 months,2027,2027-05-22,,1327.32,Deferred,Change Freeze
PRJ-000514,AST-0013107,Laptop,EOL within 24 months,2026,2026-06-18,,2068.2,In Progress,Branch Scheduling
PRJ-000515,AST-0023122,Firewall,EOL within 12 months,2026,2026-10-13,2026-10-13,26710.76,Completed,Application Dependency
PRJ-000516,AST-0009015,Laptop,EOL within 12 months,2027,2027-09-14,,1844.06,In Progress,None
PRJ-000517,AST-0004794,Laptop,Past EOL,2028,2028-01-20,,1776.27,Planning,Branch Scheduling
PRJ-000518,AST-0013851,Laptop,Past EOL,2026,2026-07-09,,1894.96,In Progress,Application Dependency
PRJ-000519,AST-0008759,Laptop,EOL within 24 months,2027,2027-05-13,,3450.72,Not Started,Security Exception
PRJ-000520,AST-0015247,Desktop,EOL within 12 months,2028,2028-09-11,,959.23,Planning,Budget Approval
PRJ-000521,AST-0020737,Server,EOL within 24 months,2026,2026-07-17,,15366.62,Blocked,Application Dependency
PRJ-000522,AST-0013526,Laptop,EOL within 24 months,2028,2028-02-08,,2116.62,Not Started,Vendor Lead Time
PRJ-000523,AST-0003086,Laptop,EOL within 12 months,2027,2027-09-13,,1468.77,Not Started,Change Freeze
PRJ-000524,AST-0002457,Laptop,Past EOL,2027,2027-05-07,,1622.44,Not Started,None
PRJ-000525,AST-0001323,Laptop,Past EOL,2026,2026-09-21,,1989.73,In Progress,Vendor Lead Time
PRJ-000526,AST-0018236,Desktop,EOL within 12 months,2027,2027-12-01,,1363.24,Blocked,Branch Scheduling
PRJ-000527,AST-0021509,Access Switch,EOL within 24 months,2028,2028-05-24,,6253.02,Planning,Application Dependency
PRJ-000528,AST-0022115,Access Switch,EOL within 24 months,2028,2028-08-14,,4818.03,Not Started,None
PRJ-000529,AST-0009827,Laptop,EOL within 24 months,2027,2027-05-02,,2104.92,In Progress,Branch Scheduling
PRJ-000530,AST-0011620,Laptop,EOL within 24 months,2026,2026-12-12,,1626.8,In Progress,Branch Scheduling
PRJ-000531,AST-0005652,Laptop,Past EOL,2027,2027-04-16,,1494.66,Not Started,Budget Approval
PRJ-000532,AST-0002903,Laptop,EOL within 24 months,2027,2027-07-10,,3073.23,Not Started,Security Exception
PRJ-000533,AST-0017294,Desktop,EOL within 24 months,2028,2028-08-21,2028-09-29,1013.2,Completed,Vendor Lead Time
PRJ-000534,AST-0019254,VDI Endpoint,EOL within 24 months,2026,2026-08-29,,879.88,Planning,None
PRJ-000535,AST-0002933,Laptop,Past EOL,2028,2028-12-29,,1853.82,In Progress,Security Exception
PRJ-000536,AST-0011453,Laptop,Past EOL,2028,2028-04-11,2028-05-08,1949.17,Completed,Application Dependency
PRJ-000537,AST-0005985,Laptop,Past EOL,2027,2027-12-08,,2007.53,Blocked,Branch Scheduling
PRJ-000538,AST-0010532,Laptop,EOL within 12 months,2028,2028-05-13,,1864.24,In Progress,None
PRJ-000539,AST-0000904,Laptop,EOL within 12 months,2028,2028-06-15,,2087.97,In Progress,Change Freeze
PRJ-000540,AST-0007896,Laptop,Past EOL,2028,2028-03-16,2028-05-27,1862.05,Completed,Vendor Lead Time
PRJ-000541,AST-0009501,Laptop,EOL within 12 months,2027,2027-09-06,,1882.23,Deferred,Branch Scheduling
PRJ-000542,AST-0003262,Laptop,Past EOL,2028,2028-12-10,,1511.99,Planning,Branch Scheduling
PRJ-000543,AST-0019194,VDI Endpoint,EOL within 24 months,2026,2026-10-30,,860.97,Planning,None
PRJ-000544,AST-0008851,Laptop,EOL within 24 months,2027,2027-01-12,,3698.6,Planning,Application Dependency
PRJ-000545,AST-0008671,Laptop,EOL within 12 months,2026,2026-09-06,2026-08-21,1487.08,Completed,Vendor Lead Time
PRJ-000546,AST-0011405,Laptop,EOL within 12 months,2028,2028-05-21,2028-04-21,1738.01,Completed,Vendor Lead Time
PRJ-000547,AST-0006342,Laptop,EOL within 24 months,2028,2028-11-16,,3672.04,Planning,Application Dependency
PRJ-000548,AST-0017475,Desktop,EOL within 12 months,2026,2026-07-14,,1161.0,Not Started,Change Freeze
PRJ-000549,AST-0022174,Access Switch,EOL within 24 months,2027,2027-12-25,2028-02-24,8686.2,Completed,Budget Approval
PRJ-000550,AST-0005944,Laptop,EOL within 24 months,2027,2027-09-30,,1492.51,Not Started,Application Dependency
PRJ-000551,AST-0016153,Desktop,EOL within 12 months,2026,2026-08-03,,1217.14,Not Started,Security Exception
PRJ-000552,AST-0004604,Laptop,Past EOL,2028,2028-10-25,,1844.46,In Progress,Security Exception
PRJ-000553,AST-0013237,Laptop,EOL within 24 months,2028,2028-11-27,2029-01-08,2469.61,Completed,Change Freeze
PRJ-000554,AST-0011587,Laptop,EOL within 12 months,2027,2027-12-14,,1643.38,Deferred,Vendor Lead Time
PRJ-000555,AST-0019294,VDI Endpoint,EOL within 24 months,2027,2027-09-17,2027-12-04,1043.81,Completed,Change Freeze
PRJ-000556,AST-0018253,Desktop,EOL within 12 months,2028,2028-04-25,,1188.9,Not Started,None
PRJ-000557,AST-0004896,Laptop,EOL within 12 months,2027,2027-09-22,,1883.3,Deferred,Change Freeze
PRJ-000558,AST-0018545,VDI Endpoint,EOL within 24 months,2027,2027-07-10,,1185.89,Planning,None
PRJ-000559,AST-0016579,Desktop,EOL within 12 months,2026,2026-09-20,,1063.5,Not Started,Change Freeze
PRJ-000560,AST-0011747,Laptop,EOL within 12 months,2028,2028-10-04,,1778.22,In Progress,Branch Scheduling
PRJ-000561,AST-0006208,Laptop,EOL within 12 months,2028,2028-08-21,,1692.53,Not Started,Budget Approval
PRJ-000562,AST-0021655,Access Switch,EOL within 24 months,2028,2028-06-24,,7565.17,Deferred,Security Exception
PRJ-000563,AST-0014222,Desktop,EOL within 12 months,2028,2028-06-22,,1167.96,Blocked,Vendor Lead Time
PRJ-000564,AST-0016115,Desktop,EOL within 12 months,2026,2026-07-03,2026-07-12,1081.06,Completed,Security Exception
PRJ-000565,AST-0020660,Server,EOL within 24 months,2027,2027-06-19,,15581.86,In Progress,Branch Scheduling
PRJ-000566,AST-0007291,Laptop,Past EOL,2027,2027-02-11,2027-03-06,1588.7,Completed,Change Freeze
PRJ-000567,AST-0014510,Desktop,EOL within 12 months,2027,2027-05-06,,1372.62,Planning,Application Dependency
PRJ-000568,AST-0006061,Laptop,Past EOL,2027,2027-10-17,,1781.09,Deferred,Budget Approval
PRJ-000569,AST-0003716,Laptop,Past EOL,2027,2027-06-04,,1794.51,Not Started,Change Freeze
PRJ-000570,AST-0023151,Firewall,EOL within 24 months,2027,2027-01-28,,9135.48,Blocked,Application Dependency
PRJ-000571,AST-0014111,Desktop,EOL within 24 months,2028,2028-11-07,,937.15,Deferred,Security Exception
PRJ-000572,AST-0011690,Laptop,EOL within 24 months,2028,2028-02-01,,2043.1,In Progress,Branch Scheduling
PRJ-000573,AST-0000610,Laptop,Past EOL,2027,2027-05-09,2027-06-01,1957.1,Completed,Security Exception
PRJ-000574,AST-0012463,Laptop,Past EOL,2027,2027-02-18,2027-01-23,1987.23,Completed,Vendor Lead Time
PRJ-000575,AST-0023383,Wireless Access Point,EOL within 24 months,2026,2026-06-12,,1268.99,Not Started,Branch Scheduling
PRJ-000576,AST-0019752,VDI Endpoint,EOL within 24 months,2026,2026-10-25,,1140.89,In Progress,Vendor Lead Time
PRJ-000577,AST-0016715,Desktop,EOL within 24 months,2026,2026-10-28,,1043.42,Blocked,Vendor Lead Time
PRJ-000578,AST-0015503,Desktop,EOL within 24 months,2027,2027-06-10,,918.08,Not Started,Vendor Lead Time
PRJ-000579,AST-0000120,Laptop,EOL within 12 months,2028,2028-11-27,,2173.93,Not Started,Change Freeze
PRJ-000580,AST-0017766,Desktop,EOL within 24 months,2028,2028-03-04,,1171.2,Deferred,Branch Scheduling
PRJ-000581,AST-0006917,Laptop,EOL within 24 months,2027,2027-04-11,2027-04-08,3133.97,Completed,Vendor Lead Time
PRJ-000582,AST-0002145,Laptop,EOL within 24 months,2028,2028-09-12,,2819.85,Not Started,Application Dependency
PRJ-000583,AST-0007292,Laptop,Past EOL,2027,2027-09-11,,1838.76,Not Started,Application Dependency
PRJ-000584,AST-0010911,Laptop,EOL within 12 months,2027,2027-05-22,,1480.41,Planning,Application Dependency
PRJ-000585,AST-0023344,Wireless Access Point,EOL within 12 months,2028,2028-06-22,,779.6,In Progress,None
PRJ-000586,AST-0001079,Laptop,Past EOL,2027,2027-01-22,,1879.29,Planning,Security Exception
PRJ-000587,AST-0010543,Laptop,Past EOL,2028,2028-01-16,2028-03-18,1901.88,Completed,Application Dependency
PRJ-000588,AST-0016946,Desktop,EOL within 24 months,2028,2028-12-23,,1133.66,Planning,Budget Approval
PRJ-000589,AST-0017858,Desktop,EOL within 24 months,2026,2026-07-25,,1034.19,Planning,Change Freeze
PRJ-000590,AST-0018507,VDI Endpoint,EOL within 24 months,2027,2027-12-01,,864.95,In Progress,Change Freeze
PRJ-000591,AST-0000647,Laptop,EOL within 12 months,2026,2026-11-24,,1610.36,In Progress,Branch Scheduling
PRJ-000592,AST-0007709,Laptop,Past EOL,2027,2027-03-26,2027-03-16,1552.18,Completed,None
PRJ-000593,AST-0011520,Laptop,EOL within 12 months,2027,2027-06-21,,2045.75,In Progress,Branch Scheduling
PRJ-000594,AST-0012404,Laptop,Past EOL,2026,2026-06-03,,1419.21,Deferred,Budget Approval
PRJ-000595,AST-0004701,Laptop,EOL within 24 months,2027,2027-03-26,,1754.41,In Progress,Vendor Lead Time
PRJ-000596,AST-0003102,Laptop,EOL within 12 months,2026,2026-12-02,,1835.15,Planning,Budget Approval
PRJ-000597,AST-0013828,Laptop,EOL within 12 months,2026,2026-07-22,,2106.84,In Progress,Security Exception
PRJ-000598,AST-0006555,Laptop,Past EOL,2026,2026-12-02,,1572.38,In Progress,Change Freeze
PRJ-000599,AST-0005531,Laptop,EOL within 24 months,2026,2026-08-24,,2020.22,Not Started,Vendor Lead Time
PRJ-000600,AST-0008454,Laptop,EOL within 12 months,2026,2026-07-25,,1880.18,In Progress,Branch Scheduling
PRJ-000601,AST-0004531,Laptop,Past EOL,2026,2026-09-12,,1352.76,Not Started,Budget Approval
PRJ-000602,AST-0019817,VDI Endpoint,EOL within 12 months,2027,2027-11-06,,1348.48,Planning,Application Dependency
PRJ-000603,AST-0017827,Desktop,EOL within 12 months,2026,2026-08-10,2026-09-09,1174.82,Completed,Budget Approval
PRJ-000604,AST-0004132,Laptop,EOL within 12 months,2026,2026-12-26,,2181.56,Blocked,Change Freeze
PRJ-000605,AST-0006999,Laptop,Past EOL,2027,2027-08-08,2027-10-06,1518.03,Completed,Security Exception
PRJ-000606,AST-0002491,Laptop,EOL within 24 months,2026,2026-11-14,,3588.58,In Progress,Application Dependency
PRJ-000607,AST-0012427,Laptop,EOL within 12 months,2027,2027-09-17,,1500.76,Not Started,Budget Approval
PRJ-000608,AST-0019504,VDI Endpoint,EOL within 12 months,2027,2027-02-18,2027-02-02,1047.6,Completed,Branch Scheduling
PRJ-000609,AST-0005356,Laptop,EOL within 24 months,2027,2027-07-06,,3422.2,In Progress,Budget Approval
PRJ-000610,AST-0009786,Laptop,EOL within 12 months,2027,2027-04-24,,1551.3,Planning,Branch Scheduling
PRJ-000611,AST-0015908,Desktop,EOL within 24 months,2026,2026-08-16,,956.38,In Progress,Budget Approval
PRJ-000612,AST-0010618,Laptop,EOL within 24 months,2028,2028-12-20,,1631.45,In Progress,Budget Approval
PRJ-000613,AST-0006850,Laptop,Past EOL,2028,2028-06-18,,1504.54,Deferred,Vendor Lead Time
PRJ-000614,AST-0019916,VDI Endpoint,EOL within 12 months,2028,2028-07-03,,1243.38,Planning,Application Dependency
PRJ-000615,AST-0023923,Storage,EOL within 24 months,2028,2028-12-23,,93856.98,Deferred,Security Exception
PRJ-000616,AST-0007430,Laptop,EOL within 12 months,2027,2027-03-21,2027-05-18,1721.71,Completed,Branch Scheduling
PRJ-000617,AST-0001243,Laptop,EOL within 12 months,2028,2028-03-21,2028-04-10,1960.16,Completed,Vendor Lead Time
PRJ-000618,AST-0003367,Laptop,EOL within 12 months,2028,2028-01-01,,1900.63,Planning,Branch Scheduling
PRJ-000619,AST-0013932,Laptop,EOL within 12 months,2027,2027-01-09,2027-01-23,1525.83,Completed,Vendor Lead Time
PRJ-000620,AST-0010886,Laptop,EOL within 24 months,2028,2028-05-10,,1944.3,In Progress,Branch Scheduling
PRJ-000621,AST-0006425,Laptop,EOL within 24 months,2028,2028-01-25,,3846.84,Planning,None
PRJ-000622,AST-0003835,Laptop,EOL within 24 months,2027,2027-04-17,,3241.44,In Progress,None
PRJ-000623,AST-0018795,VDI Endpoint,EOL within 12 months,2027,2027-12-23,,1359.75,In Progress,Vendor Lead Time
PRJ-000624,AST-0012007,Laptop,EOL within 12 months,2026,2026-09-07,,1862.84,Planning,Budget Approval
PRJ-000625,AST-0023810,Wireless Access Point,EOL within 24 months,2028,2028-01-14,,1209.29,Planning,Security Exception
PRJ-000626,AST-0008467,Laptop,EOL within 24 months,2027,2027-03-11,,2715.51,Not Started,None
PRJ-000627,AST-0010338,Laptop,EOL within 24 months,2027,2027-09-05,,1799.12,In Progress,Branch Scheduling
PRJ-000628,AST-0010111,Laptop,EOL within 12 months,2027,2027-08-15,2027-08-07,1814.3,Completed,Vendor Lead Time
PRJ-000629,AST-0002946,Laptop,EOL within 24 months,2028,2028-11-14,,1702.02,In Progress,Branch Scheduling
PRJ-000630,AST-0000611,Laptop,EOL within 12 months,2028,2028-07-07,,1537.62,Deferred,Application Dependency
PRJ-000631,AST-0003811,Laptop,EOL within 24 months,2026,2026-07-11,,1891.62,Deferred,None
PRJ-000632,AST-0011151,Laptop,EOL within 12 months,2028,2028-02-17,,2104.15,Planning,Security Exception
PRJ-000633,AST-0013915,Laptop,EOL within 24 months,2027,2027-01-12,,1888.37,In Progress,None
PRJ-000634,AST-0001121,Laptop,EOL within 24 months,2028,2028-01-30,,3467.58,Planning,Change Freeze
PRJ-000635,AST-0011939,Laptop,EOL within 24 months,2028,2028-09-11,,2051.47,Planning,Application Dependency
PRJ-000636,AST-0020507,Server,EOL within 24 months,2028,2028-01-31,,12379.6,Planning,Vendor Lead Time
PRJ-000637,AST-0019143,VDI Endpoint,EOL within 12 months,2026,2026-09-22,,1315.14,Deferred,Vendor Lead Time
PRJ-000638,AST-0004336,Laptop,EOL within 12 months,2027,2027-09-28,,1934.57,In Progress,Change Freeze
PRJ-000639,AST-0017477,Desktop,EOL within 24 months,2027,2027-03-17,,910.69,Planning,Application Dependency
PRJ-000640,AST-0021595,Access Switch,EOL within 24 months,2028,2028-04-16,,7105.06,In Progress,None
PRJ-000641,AST-0019471,VDI Endpoint,EOL within 12 months,2026,2026-06-20,,1049.83,Blocked,None
PRJ-000642,AST-0007603,Laptop,EOL within 24 months,2027,2027-03-15,,3548.74,Not Started,Vendor Lead Time
PRJ-000643,AST-0003645,Laptop,EOL within 24 months,2027,2027-04-16,2027-06-28,3025.74,Completed,None
PRJ-000644,AST-0008389,Laptop,EOL within 12 months,2027,2027-11-28,,1696.02,Planning,Budget Approval
PRJ-000645,AST-0019567,VDI Endpoint,EOL within 12 months,2028,2028-10-19,,1439.36,Planning,Branch Scheduling
PRJ-000646,AST-0008321,Laptop,Past EOL,2027,2027-11-09,,1576.42,Not Started,Vendor Lead Time
PRJ-000647,AST-0004837,Laptop,Past EOL,2026,2026-07-01,,1428.41,In Progress,Branch Scheduling
PRJ-000648,AST-0001483,Laptop,Past EOL,2027,2027-09-21,,1803.54,Not Started,Budget Approval
PRJ-000649,AST-0007556,Laptop,Past EOL,2027,2027-03-08,,1867.0,In Progress,None
PRJ-000650,AST-0015306,Desktop,EOL within 12 months,2027,2027-07-18,,1157.85,Planning,Change Freeze
PRJ-000651,AST-0011210,Laptop,EOL within 12 months,2026,2026-09-02,,2021.96,Planning,Change Freeze
PRJ-000652,AST-0002935,Laptop,EOL within 12 months,2026,2026-08-11,,1558.17,In Progress,Branch Scheduling
PRJ-000653,AST-0022304,Access Switch,EOL within 24 months,2027,2027-04-04,,8598.45,Blocked,None
PRJ-000654,AST-0013422,Laptop,Past EOL,2027,2027-08-14,,2008.77,Planning,Change Freeze
PRJ-000655,AST-0010771,Laptop,EOL within 12 months,2026,2026-10-22,,1948.63,Deferred,Vendor Lead Time
PRJ-000656,AST-0017509,Desktop,EOL within 12 months,2027,2027-12-13,2028-02-19,1166.79,Completed,Security Exception
PRJ-000657,AST-0021512,Access Switch,EOL within 24 months,2027,2027-02-22,,7718.11,Blocked,Security Exception
PRJ-000658,AST-0010063,Laptop,EOL within 12 months,2026,2026-12-05,2027-02-20,1973.31,Completed,Branch Scheduling
PRJ-000659,AST-0000743,Laptop,Past EOL,2028,2028-12-20,,1705.41,Planning,Branch Scheduling
PRJ-000660,AST-0013924,Laptop,Past EOL,2026,2026-07-12,,1404.95,In Progress,Application Dependency
PRJ-000661,AST-0012480,Laptop,EOL within 12 months,2028,2028-09-04,,1988.43,Not Started,Change Freeze
PRJ-000662,AST-0011848,Laptop,EOL within 24 months,2027,2027-01-15,,2121.38,Deferred,Change Freeze
PRJ-000663,AST-0013116,Laptop,EOL within 12 months,2028,2028-11-21,,1454.11,Planning,None
PRJ-000664,AST-0019309,VDI Endpoint,EOL within 24 months,2028,2028-04-28,,926.14,Not Started,Budget Approval
PRJ-000665,AST-0021567,Access Switch,EOL within 24 months,2026,2026-07-25,,6238.63,Not Started,None
PRJ-000666,AST-0010934,Laptop,Past EOL,2026,2026-06-16,2026-08-22,1641.35,Completed,Application Dependency
PRJ-000667,AST-0021456,Server,EOL within 24 months,2028,2028-10-31,,11714.12,Not Started,Vendor Lead Time
PRJ-000668,AST-0015205,Desktop,EOL within 24 months,2028,2028-10-09,,1263.41,In Progress,Application Dependency
PRJ-000669,AST-0012411,Laptop,Past EOL,2028,2028-12-21,,1631.14,Not Started,Budget Approval
PRJ-000670,AST-0007869,Laptop,EOL within 24 months,2027,2027-03-22,,2201.87,Deferred,Branch Scheduling
PRJ-000671,AST-0011460,Laptop,EOL within 24 months,2027,2027-06-19,,1911.96,Planning,Branch Scheduling
PRJ-000672,AST-0016824,Desktop,EOL within 24 months,2028,2028-08-16,,1046.8,In Progress,Change Freeze
PRJ-000673,AST-0008858,Laptop,EOL within 24 months,2028,2028-06-06,,2111.42,Not Started,Change Freeze
PRJ-000674,AST-0012380,Laptop,EOL within 24 months,2026,2026-09-28,,1908.15,Planning,Application Dependency
PRJ-000675,AST-0013448,Laptop,EOL within 24 months,2027,2027-08-30,,1678.62,Planning,Vendor Lead Time
PRJ-000676,AST-0018036,Desktop,EOL within 12 months,2027,2027-08-04,,1220.93,Not Started,None
PRJ-000677,AST-0006606,Laptop,Past EOL,2027,2027-05-20,,1939.43,In Progress,Security Exception
PRJ-000678,AST-0007749,Laptop,Past EOL,2027,2027-08-04,,1447.67,Planning,None
PRJ-000679,AST-0016823,Desktop,EOL within 24 months,2027,2027-06-12,,939.76,Not Started,Vendor Lead Time
PRJ-000680,AST-0014718,Desktop,EOL within 24 months,2026,2026-10-04,,929.86,Blocked,Branch Scheduling
PRJ-000681,AST-0013532,Laptop,Past EOL,2028,2028-01-05,,1940.89,Planning,Branch Scheduling
PRJ-000682,AST-0004513,Laptop,EOL within 12 months,2028,2028-05-08,2028-06-01,2101.23,Completed,Branch Scheduling
PRJ-000683,AST-0017680,Desktop,EOL within 12 months,2027,2027-11-22,,1121.63,Deferred,Branch Scheduling
PRJ-000684,AST-0010453,Laptop,Past EOL,2027,2027-03-27,2027-06-24,1937.73,Completed,Change Freeze
PRJ-000685,AST-0012393,Laptop,Past EOL,2027,2027-10-20,,1324.99,Not Started,Application Dependency
PRJ-000686,AST-0002993,Laptop,Past EOL,2028,2028-07-24,,1638.01,Not Started,Budget Approval
PRJ-000687,AST-0007479,Laptop,EOL within 24 months,2027,2027-07-19,2027-08-26,1866.73,Completed,None
PRJ-000688,AST-0014640,Desktop,EOL within 12 months,2028,2028-01-10,,1146.44,Not Started,Vendor Lead Time
PRJ-000689,AST-0022279,Access Switch,EOL within 24 months,2026,2026-11-14,,7654.24,Not Started,Vendor Lead Time
PRJ-000690,AST-0004105,Laptop,Past EOL,2028,2028-07-26,,1507.87,In Progress,None
PRJ-000691,AST-0006737,Laptop,Past EOL,2027,2027-07-28,,1844.97,Not Started,Security Exception
PRJ-000692,AST-0017537,Desktop,EOL within 24 months,2027,2027-07-02,,973.42,Not Started,Branch Scheduling
PRJ-000693,AST-0013005,Laptop,Past EOL,2026,2026-08-04,,1832.55,Blocked,Change Freeze
PRJ-000694,AST-0008027,Laptop,Past EOL,2026,2026-10-11,2026-12-09,1631.88,Completed,Vendor Lead Time
PRJ-000695,AST-0003311,Laptop,EOL within 24 months,2027,2027-07-02,,1934.73,Planning,Budget Approval
PRJ-000696,AST-0023393,Wireless Access Point,EOL within 12 months,2027,2027-04-07,,721.62,Planning,None
PRJ-000697,AST-0012681,Laptop,EOL within 12 months,2028,2028-10-09,,2121.93,Planning,Security Exception
PRJ-000698,AST-0023208,Wireless Access Point,EOL within 24 months,2027,2027-06-28,,1362.17,Planning,None
PRJ-000699,AST-0011392,Laptop,Past EOL,2028,2028-03-14,2028-03-05,1538.8,Completed,Vendor Lead Time
PRJ-000700,AST-0006596,Laptop,EOL within 12 months,2026,2026-08-29,,1622.97,In Progress,Vendor Lead Time
PRJ-000701,AST-0004232,Laptop,EOL within 24 months,2028,2028-07-14,,2370.4,Planning,Security Exception
PRJ-000702,AST-0023045,Firewall,EOL within 12 months,2026,2026-12-26,2026-12-26,45397.88,Completed,Application Dependency
PRJ-000703,AST-0004481,Laptop,EOL within 12 months,2027,2027-04-14,,1916.6,Planning,Change Freeze
PRJ-000704,AST-0007493,Laptop,EOL within 24 months,2026,2026-11-04,,2132.01,Not Started,Change Freeze
PRJ-000705,AST-0003703,Laptop,EOL within 12 months,2028,2028-11-11,,1888.11,Planning,Change Freeze
PRJ-000706,AST-0021688,Access Switch,EOL within 24 months,2026,2026-07-25,,9680.91,Planning,None
PRJ-000707,AST-0015061,Desktop,EOL within 24 months,2027,2027-06-12,,1302.74,Planning,Vendor Lead Time
PRJ-000708,AST-0001266,Laptop,EOL within 12 months,2026,2026-12-23,,1643.34,In Progress,Application Dependency
PRJ-000709,AST-0023247,Wireless Access Point,EOL within 24 months,2028,2028-12-02,,922.84,Deferred,Branch Scheduling
PRJ-000710,AST-0000882,Laptop,EOL within 24 months,2028,2028-05-03,,2209.17,Deferred,Vendor Lead Time
PRJ-000711,AST-0001199,Laptop,Past EOL,2028,2028-12-16,,1845.18,In Progress,None
PRJ-000712,AST-0000031,Laptop,EOL within 12 months,2026,2026-08-27,,1847.86,Not Started,Branch Scheduling
PRJ-000713,AST-0017837,Desktop,EOL within 12 months,2028,2028-01-31,,975.94,Planning,Security Exception
PRJ-000714,AST-0012183,Laptop,EOL within 24 months,2026,2026-12-20,,1801.4,Deferred,Vendor Lead Time
PRJ-000715,AST-0006255,Laptop,EOL within 12 months,2027,2027-09-03,,1434.45,In Progress,Change Freeze
PRJ-000716,AST-0005326,Laptop,EOL within 12 months,2027,2027-01-12,,1410.47,Planning,Branch Scheduling
PRJ-000717,AST-0021463,Server,EOL within 24 months,2028,2028-06-22,2028-06-24,11264.84,Completed,Vendor Lead Time
PRJ-000718,AST-0012552,Laptop,Past EOL,2027,2027-04-13,2027-05-14,1809.69,Completed,Security Exception
PRJ-000719,AST-0012659,Laptop,Past EOL,2027,2027-06-30,2027-07-17,1716.55,Completed,Budget Approval
PRJ-000720,AST-0016049,Desktop,EOL within 12 months,2028,2028-07-26,,1054.74,Not Started,Application Dependency
PRJ-000721,AST-0010153,Laptop,EOL within 24 months,2027,2027-08-21,,1707.68,Planning,Change Freeze
PRJ-000722,AST-0023822,Wireless Access Point,EOL within 24 months,2026,2026-11-28,,1496.8,Not Started,Budget Approval
PRJ-000723,AST-0000431,Laptop,EOL within 24 months,2028,2028-02-29,,1804.84,In Progress,None
PRJ-000724,AST-0014905,Desktop,EOL within 24 months,2027,2027-08-30,,1101.08,In Progress,Budget Approval
PRJ-000725,AST-0001402,Laptop,EOL within 12 months,2028,2028-01-28,,2051.42,In Progress,Branch Scheduling
PRJ-000726,AST-0000179,Laptop,EOL within 12 months,2027,2027-05-05,,2223.46,Planning,Budget Approval
PRJ-000727,AST-0009767,Laptop,EOL within 24 months,2026,2026-08-27,,3575.22,In Progress,Change Freeze
PRJ-000728,AST-0011841,Laptop,EOL within 24 months,2026,2026-10-09,,1909.7,Not Started,Branch Scheduling
PRJ-000729,AST-0021325,Server,EOL within 24 months,2027,2027-04-14,,14361.96,Planning,Change Freeze
PRJ-000730,AST-0001700,Laptop,EOL within 12 months,2028,2028-03-20,,2011.54,Planning,Branch Scheduling
PRJ-000731,AST-0014120,Desktop,EOL within 12 months,2028,2028-04-23,,1100.28,Not Started,Application Dependency
PRJ-000732,AST-0021092,Server,EOL within 24 months,2028,2028-04-04,,11670.79,Blocked,Vendor Lead Time
PRJ-000733,AST-0002516,Laptop,Past EOL,2028,2028-07-04,,1487.94,Planning,Application Dependency
PRJ-000734,AST-0013203,Laptop,Past EOL,2027,2027-09-07,,1573.78,Not Started,Branch Scheduling
PRJ-000735,AST-0015019,Desktop,EOL within 12 months,2027,2027-08-22,2027-10-29,1000.48,Completed,Vendor Lead Time
PRJ-000736,AST-0008009,Laptop,EOL within 24 months,2028,2028-04-04,,1895.63,Deferred,None
PRJ-000737,AST-0015295,Desktop,EOL within 24 months,2027,2027-05-21,2027-05-28,1000.16,Completed,Security Exception
PRJ-000738,AST-0010568,Laptop,EOL within 12 months,2028,2028-12-03,,1609.57,Not Started,Change Freeze
PRJ-000739,AST-0011704,Laptop,EOL within 24 months,2027,2027-05-20,,3788.38,Planning,Budget Approval
PRJ-000740,AST-0010780,Laptop,Past EOL,2027,2027-05-08,,1997.67,Planning,Security Exception
PRJ-000741,AST-0008400,Laptop,EOL within 12 months,2027,2027-09-12,,2188.24,Blocked,Application Dependency
PRJ-000742,AST-0019529,VDI Endpoint,EOL within 24 months,2028,2028-04-08,,849.2,Blocked,None
PRJ-000743,AST-0001542,Laptop,EOL within 12 months,2027,2027-11-30,2027-11-05,2207.26,Completed,Application Dependency
PRJ-000744,AST-0001482,Laptop,Past EOL,2026,2026-12-01,,1509.95,Planning,Application Dependency
PRJ-000745,AST-0023545,Wireless Access Point,EOL within 12 months,2028,2028-04-15,,788.35,Not Started,Change Freeze
PRJ-000746,AST-0021876,Access Switch,EOL within 24 months,2028,2028-02-10,,4739.9,In Progress,Budget Approval
PRJ-000747,AST-0006568,Laptop,Past EOL,2028,2028-03-30,,1681.61,Planning,Change Freeze
PRJ-000748,AST-0017026,Desktop,EOL within 12 months,2027,2027-10-28,,1184.26,Planning,Branch Scheduling
PRJ-000749,AST-0004974,Laptop,Past EOL,2027,2027-10-31,,1476.8,Planning,Vendor Lead Time
PRJ-000750,AST-0012577,Laptop,Past EOL,2027,2027-12-24,,1868.63,Planning,Application Dependency
PRJ-000751,AST-0023017,Router,EOL within 12 months,2028,2028-09-20,2028-08-31,7400.34,Completed,Security Exception
PRJ-000752,AST-0019088,VDI Endpoint,EOL within 12 months,2028,2028-12-25,,1056.61,Not Started,Branch Scheduling
PRJ-000753,AST-0012637,Laptop,EOL within 12 months,2028,2028-05-01,,1490.21,In Progress,Budget Approval
PRJ-000754,AST-0002395,Laptop,EOL within 24 months,2028,2028-04-02,,1530.19,Blocked,None
PRJ-000755,AST-0019045,VDI Endpoint,EOL within 24 months,2027,2027-08-30,,1180.47,Not Started,Vendor Lead Time
PRJ-000756,AST-0013400,Laptop,EOL within 24 months,2026,2026-06-28,,1585.24,Not Started,Security Exception
PRJ-000757,AST-0001409,Laptop,EOL within 24 months,2029,2029-01-04,,1706.43,Not Started,Branch Scheduling
PRJ-000758,AST-0004866,Laptop,Past EOL,2026,2026-12-02,2027-01-25,2000.76,Completed,Vendor Lead Time
PRJ-000759,AST-0014495,Desktop,EOL within 24 months,2027,2027-03-01,2027-05-16,991.91,Completed,Application Dependency
PRJ-000760,AST-0022720,Core Switch,EOL within 24 months,2027,2027-05-26,,20746.54,Planning,None
PRJ-000761,AST-0023169,Firewall,EOL within 12 months,2026,2026-08-24,,51279.27,Not Started,Application Dependency
PRJ-000762,AST-0011806,Laptop,EOL within 12 months,2026,2026-07-27,2026-10-13,2000.63,Completed,Branch Scheduling
PRJ-000763,AST-0018059,Desktop,EOL within 12 months,2028,2028-11-07,,1120.28,Not Started,None
PRJ-000764,AST-0010826,Laptop,EOL within 24 months,2026,2026-07-12,,3726.14,Not Started,Budget Approval
PRJ-000765,AST-0005977,Laptop,EOL within 24 months,2027,2027-10-20,,1856.62,Blocked,Vendor Lead Time
PRJ-000766,AST-0013366,Laptop,EOL within 24 months,2026,2026-07-21,2026-08-19,3189.41,Completed,None
PRJ-000767,AST-0016592,Desktop,EOL within 12 months,2028,2028-08-21,2028-09-30,1275.62,Completed,Branch Scheduling
PRJ-000768,AST-0011536,Laptop,EOL within 12 months,2026,2026-08-07,,1796.29,In Progress,None
PRJ-000769,AST-0001774,Laptop,EOL within 12 months,2026,2026-10-13,,1843.96,In Progress,Security Exception
PRJ-000770,AST-0023350,Wireless Access Point,EOL within 24 months,2028,2028-11-26,,1395.68,Planning,Vendor Lead Time
PRJ-000771,AST-0019324,VDI Endpoint,EOL within 12 months,2028,2028-07-12,,1320.24,Not Started,Security Exception
PRJ-000772,AST-0002085,Laptop,EOL within 24 months,2028,2028-08-28,,3135.87,Deferred,Vendor Lead Time
PRJ-000773,AST-0007818,Laptop,EOL within 12 months,2026,2026-10-25,,1494.04,Blocked,Vendor Lead Time
PRJ-000774,AST-0017440,Desktop,EOL within 12 months,2027,2027-05-12,,1058.62,Planning,Change Freeze
PRJ-000775,AST-0003518,Laptop,EOL within 12 months,2026,2026-08-28,,1589.33,Not Started,Budget Approval
PRJ-000776,AST-0008820,Laptop,EOL within 24 months,2028,2028-04-18,,2114.36,Not Started,Vendor Lead Time
PRJ-000777,AST-0001834,Laptop,EOL within 24 months,2027,2027-06-14,,3387.03,Planning,Change Freeze
PRJ-000778,AST-0022702,Core Switch,EOL within 24 months,2027,2027-03-03,2027-05-15,29544.39,Completed,Security Exception
PRJ-000779,AST-0011318,Laptop,EOL within 24 months,2028,2028-10-30,2028-10-18,2691.44,Completed,Change Freeze
PRJ-000780,AST-0003358,Laptop,EOL within 24 months,2027,2027-02-10,,3700.35,Not Started,Change Freeze
PRJ-000781,AST-0000348,Laptop,EOL within 12 months,2028,2028-12-30,2029-03-19,1852.68,Completed,Application Dependency
PRJ-000782,AST-0011752,Laptop,EOL within 24 months,2028,2028-01-14,2028-02-24,1622.41,Completed,Budget Approval
PRJ-000783,AST-0017704,Desktop,EOL within 24 months,2027,2027-04-12,,1106.0,In Progress,Budget Approval
PRJ-000784,AST-0007861,Laptop,Past EOL,2027,2027-04-02,,1463.9,Not Started,Change Freeze
PRJ-000785,AST-0003554,Laptop,EOL within 12 months,2028,2028-09-10,,2173.27,Planning,Application Dependency
PRJ-000786,AST-0006595,Laptop,EOL within 12 months,2027,2027-08-30,,2017.46,Not Started,Budget Approval
PRJ-000787,AST-0007689,Laptop,EOL within 12 months,2028,2028-12-17,,1885.29,Planning,Change Freeze
PRJ-000788,AST-0015938,Desktop,EOL within 12 months,2027,2027-10-05,,945.49,Not Started,Budget Approval
PRJ-000789,AST-0006845,Laptop,Past EOL,2028,2028-11-17,,1456.96,Planning,Branch Scheduling
PRJ-000790,AST-0013565,Laptop,Past EOL,2028,2028-09-04,,1931.93,In Progress,Change Freeze
PRJ-000791,AST-0003769,Laptop,Past EOL,2027,2027-07-18,,1581.66,In Progress,Vendor Lead Time
PRJ-000792,AST-0003525,Laptop,EOL within 24 months,2028,2028-06-23,,1637.79,Planning,Budget Approval
PRJ-000793,AST-0014462,Desktop,EOL within 24 months,2027,2027-04-03,,1255.92,In Progress,Security Exception
PRJ-000794,AST-0009601,Laptop,EOL within 24 months,2026,2026-09-05,,1902.19,Not Started,Budget Approval
PRJ-000795,AST-0004368,Laptop,Past EOL,2028,2028-03-28,2028-03-24,1955.0,Completed,Change Freeze
PRJ-000796,AST-0022034,Access Switch,EOL within 24 months,2028,2028-12-24,2029-01-04,4790.95,Completed,Vendor Lead Time
PRJ-000797,AST-0023224,Wireless Access Point,EOL within 12 months,2027,2027-03-11,,938.31,Blocked,Branch Scheduling
PRJ-000798,AST-0012142,Laptop,EOL within 24 months,2027,2027-12-27,,2192.8,Not Started,Budget Approval
PRJ-000799,AST-0011798,Laptop,Past EOL,2028,2028-06-19,,1614.97,Not Started,Application Dependency
PRJ-000800,AST-0003207,Laptop,EOL within 24 months,2026,2026-09-18,,1502.15,Planning,None
PRJ-000801,AST-0001076,Laptop,EOL within 12 months,2028,2028-03-11,,1981.42,Planning,Change Freeze
PRJ-000802,AST-0017097,Desktop,EOL within 12 months,2028,2028-05-27,2028-05-27,1414.02,Completed,None
PRJ-000803,AST-0007563,Laptop,EOL within 12 months,2028,2028-12-20,,1615.75,Not Started,Vendor Lead Time
PRJ-000804,AST-0016105,Desktop,EOL within 12 months,2028,2028-04-28,,1124.48,In Progress,Branch Scheduling
PRJ-000805,AST-0013351,Laptop,EOL within 12 months,2028,2028-10-31,,1938.78,Planning,Branch Scheduling
PRJ-000806,AST-0019333,VDI Endpoint,EOL within 12 months,2026,2026-08-25,,1189.21,Not Started,Budget Approval
PRJ-000807,AST-0003166,Laptop,EOL within 24 months,2027,2027-01-21,,3511.45,Not Started,Security Exception
PRJ-000808,AST-0021418,Server,EOL within 24 months,2026,2026-10-08,,11266.76,Planning,Vendor Lead Time
PRJ-000809,AST-0014416,Desktop,EOL within 24 months,2028,2028-08-16,,1095.81,Deferred,Vendor Lead Time
PRJ-000810,AST-0019781,VDI Endpoint,EOL within 24 months,2028,2028-04-08,,1150.37,Planning,Vendor Lead Time
PRJ-000811,AST-0010390,Laptop,Past EOL,2027,2027-07-14,,1373.65,Planning,Budget Approval
PRJ-000812,AST-0017081,Desktop,EOL within 24 months,2026,2026-11-10,,1216.83,In Progress,Budget Approval
PRJ-000813,AST-0017200,Desktop,EOL within 12 months,2027,2027-06-27,,1008.57,Deferred,Branch Scheduling
PRJ-000814,AST-0011876,Laptop,Past EOL,2026,2026-11-22,,1375.18,Not Started,Change Freeze
PRJ-000815,AST-0016158,Desktop,EOL within 24 months,2028,2028-08-18,,1097.51,In Progress,Change Freeze
PRJ-000816,AST-0021968,Access Switch,EOL within 24 months,2026,2026-10-14,,8334.52,Planning,Branch Scheduling
PRJ-000817,AST-0001900,Laptop,EOL within 12 months,2026,2026-06-17,,1951.96,Deferred,Change Freeze
PRJ-000818,AST-0018133,Desktop,EOL within 24 months,2027,2027-09-10,,1265.82,In Progress,Security Exception
PRJ-000819,AST-0016638,Desktop,EOL within 24 months,2026,2026-10-30,,1270.51,Not Started,Budget Approval
PRJ-000820,AST-0021372,Server,EOL within 24 months,2027,2027-02-15,2027-04-12,10666.11,Completed,None
PRJ-000821,AST-0007890,Laptop,EOL within 12 months,2026,2026-10-21,,2146.59,In Progress,Application Dependency
PRJ-000822,AST-0013054,Laptop,Past EOL,2027,2027-04-11,,1703.61,Planning,None
PRJ-000823,AST-0008353,Laptop,Past EOL,2028,2028-04-09,,1826.42,Not Started,Branch Scheduling
PRJ-000824,AST-0023128,Firewall,EOL within 12 months,2028,2028-06-23,,23791.64,Planning,Security Exception
PRJ-000825,AST-0004797,Laptop,Past EOL,2028,2028-12-17,,1772.88,Not Started,Vendor Lead Time
PRJ-000826,AST-0002844,Laptop,EOL within 12 months,2027,2027-05-13,,2002.04,In Progress,Branch Scheduling
PRJ-000827,AST-0004390,Laptop,Past EOL,2027,2027-08-08,,1344.82,In Progress,Change Freeze
PRJ-000828,AST-0015818,Desktop,EOL within 12 months,2028,2028-08-23,,1265.61,In Progress,Security Exception
PRJ-000829,AST-0012370,Laptop,EOL within 12 months,2027,2027-09-22,,1437.9,Not Started,Budget Approval
PRJ-000830,AST-0011251,Laptop,EOL within 24 months,2026,2026-06-25,,2180.77,In Progress,None
PRJ-000831,AST-0015000,Desktop,EOL within 12 months,2026,2026-10-14,,1174.1,Not Started,Vendor Lead Time
PRJ-000832,AST-0007197,Laptop,EOL within 12 months,2028,2028-04-04,,2149.66,Deferred,Branch Scheduling
PRJ-000833,AST-0009776,Laptop,EOL within 24 months,2026,2026-12-24,,2467.78,In Progress,Vendor Lead Time
PRJ-000834,AST-0018596,VDI Endpoint,EOL within 24 months,2028,2028-01-13,2028-01-06,1048.23,Completed,Security Exception
PRJ-000835,AST-0000340,Laptop,Past EOL,2027,2027-05-14,,1576.46,Planning,Security Exception
PRJ-000836,AST-0017322,Desktop,EOL within 24 months,2028,2028-04-14,,1193.72,Planning,Branch Scheduling
PRJ-000837,AST-0013354,Laptop,Past EOL,2027,2027-08-20,,1906.98,Not Started,None
PRJ-000838,AST-0020999,Server,EOL within 24 months,2027,2027-03-08,2027-04-26,13351.0,Completed,Vendor Lead Time
PRJ-000839,AST-0016124,Desktop,EOL within 12 months,2028,2028-01-09,,1327.25,Not Started,Change Freeze
PRJ-000840,AST-0010330,Laptop,EOL within 24 months,2027,2027-07-20,,2286.7,Blocked,None
PRJ-000841,AST-0008166,Laptop,EOL within 24 months,2027,2027-12-02,,2133.26,In Progress,Budget Approval
PRJ-000842,AST-0022784,Router,EOL within 12 months,2027,2027-04-14,,7902.66,Planning,Change Freeze
PRJ-000843,AST-0000853,Laptop,Past EOL,2028,2028-03-26,,1891.03,In Progress,Application Dependency
PRJ-000844,AST-0021445,Server,EOL within 24 months,2026,2026-08-05,,14522.54,Not Started,None
PRJ-000845,AST-0001970,Laptop,Past EOL,2029,2029-01-01,,1688.72,Not Started,Change Freeze
PRJ-000846,AST-0007194,Laptop,EOL within 24 months,2026,2026-10-03,,2997.4,Not Started,Vendor Lead Time
PRJ-000847,AST-0019834,VDI Endpoint,EOL within 24 months,2026,2026-07-03,,1039.99,In Progress,Vendor Lead Time
PRJ-000848,AST-0018684,VDI Endpoint,EOL within 12 months,2027,2027-11-15,,1463.87,Not Started,None
PRJ-000849,AST-0012754,Laptop,Past EOL,2026,2026-08-20,,1467.65,Blocked,Application Dependency
PRJ-000850,AST-0001563,Laptop,EOL within 12 months,2026,2026-06-18,,2073.4,Blocked,Budget Approval
PRJ-000851,AST-0002914,Laptop,EOL within 12 months,2028,2028-03-29,2028-04-14,1941.06,Completed,Application Dependency
PRJ-000852,AST-0005086,Laptop,EOL within 12 months,2027,2027-01-23,,1937.78,In Progress,Change Freeze
PRJ-000853,AST-0015291,Desktop,EOL within 24 months,2027,2027-12-14,,1283.25,Planning,Change Freeze
PRJ-000854,AST-0018342,Desktop,EOL within 24 months,2028,2028-06-21,,1094.28,In Progress,Budget Approval
PRJ-000855,AST-0002049,Laptop,EOL within 24 months,2026,2026-10-17,,1706.65,Not Started,Branch Scheduling
PRJ-000856,AST-0006783,Laptop,EOL within 24 months,2026,2026-10-05,,2017.23,Not Started,Vendor Lead Time
PRJ-000857,AST-0023625,Wireless Access Point,EOL within 24 months,2028,2028-01-03,,1298.51,Not Started,Budget Approval
PRJ-000858,AST-0004812,Laptop,EOL within 12 months,2027,2027-09-29,,1889.45,Not Started,None
PRJ-000859,AST-0013953,Laptop,EOL within 24 months,2027,2027-02-24,,2139.21,Not Started,Security Exception
PRJ-000860,AST-0016810,Desktop,EOL within 24 months,2027,2027-11-04,,1029.62,Planning,Security Exception
PRJ-000861,AST-0018799,VDI Endpoint,EOL within 12 months,2028,2028-02-06,,1159.67,Not Started,Change Freeze
PRJ-000862,AST-0014030,Desktop,EOL within 12 months,2027,2027-08-17,,1402.56,In Progress,Change Freeze
PRJ-000863,AST-0013755,Laptop,EOL within 12 months,2027,2027-04-14,,1406.61,Not Started,Change Freeze
PRJ-000864,AST-0016085,Desktop,EOL within 24 months,2028,2028-05-20,,1171.33,Planning,Change Freeze
PRJ-000865,AST-0009438,Laptop,Past EOL,2028,2028-04-10,2028-06-01,1698.4,Completed,Change Freeze
PRJ-000866,AST-0020278,Server,EOL within 24 months,2027,2027-02-21,,12192.44,Deferred,Security Exception
PRJ-000867,AST-0021912,Access Switch,EOL within 24 months,2028,2028-09-24,,5758.97,Deferred,Application Dependency
PRJ-000868,AST-0005243,Laptop,Past EOL,2027,2027-05-02,,1917.59,In Progress,Vendor Lead Time
PRJ-000869,AST-0006700,Laptop,Past EOL,2027,2027-04-25,,1534.43,Planning,Budget Approval
PRJ-000870,AST-0018338,Desktop,EOL within 24 months,2026,2026-06-15,,1107.15,In Progress,Change Freeze
PRJ-000871,AST-0007340,Laptop,Past EOL,2027,2027-12-11,,1494.8,In Progress,Change Freeze
PRJ-000872,AST-0000455,Laptop,EOL within 12 months,2028,2028-09-16,,2148.22,Not Started,Branch Scheduling
PRJ-000873,AST-0007368,Laptop,EOL within 24 months,2028,2028-10-18,,1684.69,Not Started,Vendor Lead Time
PRJ-000874,AST-0015730,Desktop,EOL within 12 months,2026,2026-08-14,,1074.3,Blocked,Application Dependency
PRJ-000875,AST-0009850,Laptop,EOL within 24 months,2026,2026-11-09,,3347.35,Not Started,Vendor Lead Time
PRJ-000876,AST-0010512,Laptop,EOL within 24 months,2027,2027-11-24,,3573.75,Planning,Security Exception
PRJ-000877,AST-0018105,Desktop,EOL within 12 months,2028,2028-06-22,,1153.15,Blocked,Vendor Lead Time
PRJ-000878,AST-0015944,Desktop,EOL within 12 months,2028,2028-11-18,,1195.1,In Progress,Branch Scheduling
PRJ-000879,AST-0013162,Laptop,EOL within 24 months,2028,2028-11-24,,3411.39,Not Started,None
PRJ-000880,AST-0006299,Laptop,EOL within 24 months,2027,2027-10-02,,1844.53,Not Started,Branch Scheduling
PRJ-000881,AST-0002641,Laptop,EOL within 12 months,2027,2027-05-08,,1679.23,Not Started,Vendor Lead Time
PRJ-000882,AST-0014096,Desktop,EOL within 12 months,2028,2028-05-08,,1375.15,Blocked,Vendor Lead Time
PRJ-000883,AST-0006731,Laptop,EOL within 24 months,2028,2028-06-25,,2213.12,Not Started,Security Exception
PRJ-000884,AST-0012544,Laptop,EOL within 24 months,2026,2026-06-06,,3054.35,Planning,Security Exception
PRJ-000885,AST-0017589,Desktop,EOL within 12 months,2027,2027-05-27,,1241.01,In Progress,Application Dependency
PRJ-000886,AST-0007893,Laptop,Past EOL,2027,2027-06-08,,1830.69,Not Started,Change Freeze
PRJ-000887,AST-0007133,Laptop,Past EOL,2028,2028-09-27,,1444.94,Planning,None
PRJ-000888,AST-0019687,VDI Endpoint,EOL within 24 months,2028,2028-06-15,,1084.99,Deferred,Vendor Lead Time
PRJ-000889,AST-0005886,Laptop,EOL within 24 months,2028,2028-11-28,,2415.2,Deferred,None
PRJ-000890,AST-0004477,Laptop,Past EOL,2028,2028-10-09,,1626.77,In Progress,Budget Approval
PRJ-000891,AST-0012510,Laptop,EOL within 12 months,2027,2027-11-25,,1623.8,Blocked,Budget Approval
PRJ-000892,AST-0009337,Laptop,EOL within 24 months,2028,2028-01-16,2028-03-03,1636.89,Completed,Branch Scheduling
PRJ-000893,AST-0004944,Laptop,EOL within 24 months,2028,2028-07-15,,1588.27,In Progress,Budget Approval
PRJ-000894,AST-0018542,VDI Endpoint,EOL within 24 months,2027,2027-06-25,,835.08,Not Started,Security Exception
PRJ-000895,AST-0012290,Laptop,EOL within 12 months,2028,2028-04-11,,1483.92,Planning,Branch Scheduling
PRJ-000896,AST-0016596,Desktop,EOL within 12 months,2027,2027-06-02,,1227.3,Planning,Change Freeze
PRJ-000897,AST-0018290,Desktop,EOL within 12 months,2027,2027-06-20,,1229.09,Planning,Security Exception
PRJ-000898,AST-0023339,Wireless Access Point,EOL within 12 months,2027,2027-11-21,,999.27,Not Started,Vendor Lead Time
PRJ-000899,AST-0019203,VDI Endpoint,EOL within 12 months,2026,2026-08-09,2026-09-17,1284.07,Completed,Vendor Lead Time
PRJ-000900,AST-0022834,Router,EOL within 12 months,2027,2027-08-09,,8808.52,Planning,Branch Scheduling
PRJ-000901,AST-0001422,Laptop,Past EOL,2027,2027-02-25,,2002.16,Planning,Budget Approval
PRJ-000902,AST-0016344,Desktop,EOL within 12 months,2028,2028-10-29,,1153.47,Not Started,Security Exception
PRJ-000903,AST-0001018,Laptop,Past EOL,2027,2027-02-07,,1951.67,Not Started,Vendor Lead Time
PRJ-000904,AST-0012857,Laptop,EOL within 12 months,2028,2028-12-26,,1538.25,Not Started,Application Dependency
PRJ-000905,AST-0002359,Laptop,EOL within 24 months,2027,2027-01-30,,1971.86,Not Started,Branch Scheduling
PRJ-000906,AST-0000027,Laptop,EOL within 24 months,2027,2027-10-22,,2041.03,Not Started,Application Dependency
PRJ-000907,AST-0023755,Wireless Access Point,EOL within 24 months,2027,2027-04-24,,1260.08,Planning,None
PRJ-000908,AST-0021583,Access Switch,EOL within 24 months,2026,2026-11-14,,6310.27,Planning,Security Exception
PRJ-000909,AST-0016636,Desktop,EOL within 24 months,2027,2027-09-20,,1157.69,Not Started,None
PRJ-000910,AST-0000143,Laptop,EOL within 24 months,2027,2027-12-08,,2416.13,Deferred,None
PRJ-000911,AST-0010148,Laptop,Past EOL,2027,2027-12-12,,1755.58,Not Started,Vendor Lead Time
PRJ-000912,AST-0001844,Laptop,Past EOL,2026,2026-11-14,,1803.68,Planning,Security Exception
PRJ-000913,AST-0008838,Laptop,Past EOL,2027,2027-08-17,,1720.32,In Progress,Budget Approval
PRJ-000914,AST-0007729,Laptop,Past EOL,2027,2027-05-01,,1757.19,Not Started,Branch Scheduling
PRJ-000915,AST-0002672,Laptop,EOL within 24 months,2027,2027-09-05,,2481.84,Not Started,Application Dependency
PRJ-000916,AST-0012181,Laptop,Past EOL,2026,2026-07-29,,1436.49,In Progress,Security Exception
PRJ-000917,AST-0022331,Access Switch,EOL within 24 months,2027,2027-05-21,,6506.67,Planning,None
PRJ-000918,AST-0002963,Laptop,EOL within 24 months,2028,2028-07-13,2028-07-27,2265.26,Completed,Change Freeze
PRJ-000919,AST-0006280,Laptop,EOL within 24 months,2026,2026-10-07,,3586.97,Not Started,Branch Scheduling
PRJ-000920,AST-0009325,Laptop,Past EOL,2026,2026-06-13,2026-07-28,1364.88,Completed,Change Freeze
PRJ-000921,AST-0012569,Laptop,Past EOL,2028,2028-01-22,,1769.78,Planning,Budget Approval
PRJ-000922,AST-0009238,Laptop,EOL within 12 months,2026,2026-10-31,,1477.71,Not Started,Change Freeze
PRJ-000923,AST-0009433,Laptop,EOL within 12 months,2027,2027-11-04,,1978.65,In Progress,Security Exception
PRJ-000924,AST-0008846,Laptop,Past EOL,2026,2026-06-06,2026-05-08,1604.46,Completed,Budget Approval
PRJ-000925,AST-0019520,VDI Endpoint,EOL within 24 months,2027,2027-10-02,,1200.4,In Progress,None
PRJ-000926,AST-0007108,Laptop,EOL within 24 months,2026,2026-06-26,,1603.48,Deferred,Branch Scheduling
PRJ-000927,AST-0012170,Laptop,EOL within 12 months,2028,2028-10-02,2028-12-13,1527.38,Completed,Security Exception
PRJ-000928,AST-0012596,Laptop,EOL within 24 months,2027,2027-01-10,,2784.39,In Progress,Budget Approval
PRJ-000929,AST-0000687,Laptop,Past EOL,2027,2027-07-15,,1511.96,In Progress,Application Dependency
PRJ-000930,AST-0014898,Desktop,EOL within 24 months,2028,2028-01-27,,1206.68,Planning,Security Exception
PRJ-000931,AST-0008506,Laptop,Past EOL,2027,2027-10-14,,1541.37,In Progress,Branch Scheduling
PRJ-000932,AST-0009572,Laptop,EOL within 12 months,2026,2026-07-27,,2136.12,Not Started,Security Exception
PRJ-000933,AST-0005875,Laptop,EOL within 24 months,2028,2028-07-08,,2390.03,Deferred,Vendor Lead Time
PRJ-000934,AST-0006387,Laptop,EOL within 12 months,2026,2026-10-01,2026-10-05,1854.76,Completed,Security Exception
PRJ-000935,AST-0010909,Laptop,EOL within 24 months,2028,2028-11-02,,2575.27,Deferred,Branch Scheduling
PRJ-000936,AST-0018341,Desktop,EOL within 24 months,2027,2027-10-27,,979.73,Deferred,Change Freeze
PRJ-000937,AST-0012097,Laptop,EOL within 12 months,2028,2028-02-12,,2005.84,Not Started,Branch Scheduling
PRJ-000938,AST-0018473,Desktop,EOL within 24 months,2027,2027-08-27,,886.83,Not Started,Security Exception
PRJ-000939,AST-0012755,Laptop,EOL within 12 months,2026,2026-12-07,,1529.55,In Progress,Change Freeze
PRJ-000940,AST-0012395,Laptop,Past EOL,2026,2026-11-29,,1850.47,Blocked,None
PRJ-000941,AST-0009852,Laptop,Past EOL,2026,2026-10-23,2026-11-02,1672.8,Completed,Security Exception
PRJ-000942,AST-0004648,Laptop,EOL within 24 months,2028,2028-05-27,,1778.61,Planning,Budget Approval
PRJ-000943,AST-0017564,Desktop,EOL within 24 months,2027,2027-08-01,2027-10-08,1184.72,Completed,Security Exception
PRJ-000944,AST-0010230,Laptop,EOL within 12 months,2028,2028-02-14,,1871.36,Planning,None
PRJ-000945,AST-0009666,Laptop,EOL within 24 months,2028,2028-10-24,2028-11-18,2204.78,Completed,Vendor Lead Time
PRJ-000946,AST-0014326,Desktop,EOL within 24 months,2028,2028-08-13,,1307.62,Deferred,Security Exception
PRJ-000947,AST-0009131,Laptop,Past EOL,2027,2027-06-21,,1938.1,Deferred,Security Exception
PRJ-000948,AST-0015601,Desktop,EOL within 24 months,2028,2028-11-06,,941.95,In Progress,Application Dependency
PRJ-000949,AST-0013528,Laptop,EOL within 12 months,2026,2026-08-05,,1734.92,Planning,Security Exception
PRJ-000950,AST-0005893,Laptop,EOL within 24 months,2027,2027-07-31,,1717.78,In Progress,None
PRJ-000951,AST-0013479,Laptop,Past EOL,2028,2028-10-07,,1785.15,Not Started,Vendor Lead Time
PRJ-000952,AST-0008482,Laptop,EOL within 24 months,2028,2028-02-24,2028-05-18,2447.19,Completed,Vendor Lead Time
PRJ-000953,AST-0012295,Laptop,EOL within 12 months,2027,2027-12-04,2028-01-21,1738.32,Completed,Branch Scheduling
PRJ-000954,AST-0009873,Laptop,EOL within 12 months,2026,2026-09-09,,1896.34,Not Started,Branch Scheduling
PRJ-000955,AST-0003725,Laptop,Past EOL,2027,2027-04-13,,1642.35,In Progress,Branch Scheduling
PRJ-000956,AST-0008046,Laptop,EOL within 12 months,2027,2027-02-16,,1672.84,Planning,Vendor Lead Time
PRJ-000957,AST-0006794,Laptop,EOL within 24 months,2028,2028-03-25,,3574.42,Deferred,Budget Approval
PRJ-000958,AST-0001798,Laptop,Past EOL,2027,2027-09-09,,1621.16,Not Started,Application Dependency
PRJ-000959,AST-0016379,Desktop,EOL within 12 months,2028,2028-10-21,,1307.39,Planning,Budget Approval
PRJ-000960,AST-0004624,Laptop,EOL within 12 months,2028,2028-07-09,,1710.76,Not Started,Security Exception
PRJ-000961,AST-0019877,VDI Endpoint,EOL within 12 months,2028,2028-05-14,,1035.13,Planning,Budget Approval
PRJ-000962,AST-0008183,Laptop,Past EOL,2028,2028-12-05,,1829.39,Not Started,Change Freeze
PRJ-000963,AST-0019982,VDI Endpoint,EOL within 12 months,2026,2026-11-11,,1409.28,In Progress,Branch Scheduling
PRJ-000964,AST-0016291,Desktop,EOL within 12 months,2028,2028-03-15,,1226.98,In Progress,Branch Scheduling
PRJ-000965,AST-0003127,Laptop,EOL within 12 months,2026,2026-10-24,,1452.49,Planning,Application Dependency
PRJ-000966,AST-0007226,Laptop,Past EOL,2026,2026-08-26,,1360.08,Planning,None
PRJ-000967,AST-0021816,Access Switch,EOL within 24 months,2028,2028-04-09,,8267.72,Not Started,Vendor Lead Time
PRJ-000968,AST-0019709,VDI Endpoint,EOL within 12 months,2027,2027-12-16,,1053.14,Planning,Security Exception
PRJ-000969,AST-0016674,Desktop,EOL within 12 months,2027,2027-09-07,,1390.33,Planning,Branch Scheduling
PRJ-000970,AST-0010711,Laptop,EOL within 12 months,2027,2027-04-05,,1989.12,Not Started,Security Exception
PRJ-000971,AST-0013409,Laptop,EOL within 24 months,2028,2028-12-06,,2730.8,Not Started,Vendor Lead Time
PRJ-000972,AST-0007918,Laptop,Past EOL,2027,2027-06-23,,1639.56,In Progress,Change Freeze
PRJ-000973,AST-0017002,Desktop,EOL within 12 months,2028,2028-04-26,,1151.99,In Progress,Vendor Lead Time
PRJ-000974,AST-0015244,Desktop,EOL within 24 months,2028,2028-04-02,,991.69,In Progress,Security Exception
PRJ-000975,AST-0016096,Desktop,EOL within 24 months,2026,2026-11-28,,1203.15,In Progress,Change Freeze
PRJ-000976,AST-0019290,VDI Endpoint,EOL within 12 months,2027,2027-10-30,,1102.25,Planning,None
PRJ-000977,AST-0005785,Laptop,EOL within 24 months,2028,2028-04-19,,1909.7,Not Started,Branch Scheduling
PRJ-000978,AST-0004094,Laptop,EOL within 24 months,2028,2028-03-29,,2324.54,Not Started,Security Exception
PRJ-000979,AST-0008398,Laptop,EOL within 24 months,2027,2027-06-17,,2840.95,Not Started,Security Exception
PRJ-000980,AST-0010082,Laptop,EOL within 24 months,2027,2027-02-28,,1533.0,In Progress,Security Exception
PRJ-000981,AST-0014814,Desktop,EOL within 24 months,2026,2026-12-15,,1014.93,Deferred,Security Exception
PRJ-000982,AST-0013288,Laptop,Past EOL,2026,2026-07-13,,1566.99,Deferred,Change Freeze
PRJ-000983,AST-0012116,Laptop,EOL within 12 months,2026,2026-09-27,,1913.93,Planning,Change Freeze
PRJ-000984,AST-0013669,Laptop,EOL within 24 months,2027,2027-05-31,,1657.36,Planning,Budget Approval
PRJ-000985,AST-0002285,Laptop,Past EOL,2028,2028-10-06,,1429.98,Planning,Security Exception
PRJ-000986,AST-0010062,Laptop,EOL within 24 months,2028,2028-06-27,,3458.13,In Progress,Vendor Lead Time
PRJ-000987,AST-0023438,Wireless Access Point,EOL within 24 months,2029,2029-01-01,,1279.2,Not Started,Change Freeze
PRJ-000988,AST-0012062,Laptop,Past EOL,2026,2026-08-09,,1640.22,Deferred,Vendor Lead Time
PRJ-000989,AST-0017286,Desktop,EOL within 12 months,2026,2026-12-14,,1299.02,Not Started,Budget Approval
PRJ-000990,AST-0007309,Laptop,EOL within 12 months,2028,2028-09-21,,1753.33,Not Started,Security Exception
PRJ-000991,AST-0018835,VDI Endpoint,EOL within 12 months,2028,2028-04-13,,1387.05,Planning,Budget Approval
PRJ-000992,AST-0005242,Laptop,EOL within 24 months,2027,2027-05-30,,2071.6,In Progress,Branch Scheduling
PRJ-000993,AST-0002327,Laptop,EOL within 12 months,2028,2028-12-04,,1682.5,Not Started,None
PRJ-000994,AST-0003064,Laptop,Past EOL,2027,2027-02-25,,1824.51,In Progress,Branch Scheduling
PRJ-000995,AST-0015093,Desktop,EOL within 24 months,2027,2027-06-06,,1110.7,Not Started,Vendor Lead Time
PRJ-000996,AST-0001396,Laptop,Past EOL,2027,2027-01-22,,1483.14,Planning,Security Exception
PRJ-000997,AST-0016234,Desktop,EOL within 24 months,2028,2028-05-05,2028-05-22,1276.38,Completed,Budget Approval
PRJ-000998,AST-0022883,Router,EOL within 12 months,2027,2027-07-26,,8979.67,Not Started,Security Exception
PRJ-000999,AST-0012672,Laptop,Past EOL,2028,2028-08-02,,1930.66,Planning,Budget Approval
PRJ-001000,AST-0016725,Desktop,EOL within 24 months,2027,2027-08-17,,964.0,Planning,Security Exception
PRJ-001001,AST-0000382,Laptop,EOL within 24 months,2027,2027-05-24,,3351.74,In Progress,Budget Approval
PRJ-001002,AST-0017855,Desktop,EOL within 12 months,2026,2026-12-10,,1415.7,Not Started,Security Exception
PRJ-001003,AST-0023302,Wireless Access Point,EOL within 12 months,2027,2027-09-16,,906.3,Not Started,Change Freeze
PRJ-001004,AST-0008957,Laptop,EOL within 24 months,2027,2027-11-12,,1788.4,Deferred,Vendor Lead Time
PRJ-001005,AST-0014554,Desktop,EOL within 24 months,2026,2026-09-04,,1119.12,Not Started,Application Dependency
PRJ-001006,AST-0002033,Laptop,Past EOL,2026,2026-10-25,,1388.37,In Progress,None
PRJ-001007,AST-0007904,Laptop,EOL within 24 months,2026,2026-08-18,,2417.51,Not Started,Vendor Lead Time
PRJ-001008,AST-0019903,VDI Endpoint,EOL within 12 months,2026,2026-09-25,,1370.6,Planning,None
PRJ-001009,AST-0004835,Laptop,Past EOL,2027,2027-02-05,,1680.42,Not Started,Application Dependency
PRJ-001010,AST-0011141,Laptop,Past EOL,2026,2026-10-14,,1997.57,Not Started,Vendor Lead Time
PRJ-001011,AST-0008512,Laptop,Past EOL,2026,2026-11-17,,1549.09,Planning,None
PRJ-001012,AST-0003379,Laptop,Past EOL,2028,2028-02-18,,1663.4,Planning,Branch Scheduling
PRJ-001013,AST-0009146,Laptop,EOL within 24 months,2027,2027-03-05,,2009.96,In Progress,Security Exception
PRJ-001014,AST-0013535,Laptop,EOL within 12 months,2027,2027-11-22,,2210.56,Planning,Security Exception
PRJ-001015,AST-0021865,Access Switch,EOL within 24 months,2028,2028-10-13,2028-12-31,8073.67,Completed,Budget Approval
PRJ-001016,AST-0017164,Desktop,EOL within 24 months,2026,2026-07-30,,1205.16,Planning,Branch Scheduling
PRJ-001017,AST-0006536,Laptop,Past EOL,2026,2026-07-30,,1941.87,In Progress,None
PRJ-001018,AST-0022939,Router,EOL within 12 months,2028,2028-12-29,,15259.5,Blocked,Budget Approval
PRJ-001019,AST-0014578,Desktop,EOL within 24 months,2026,2026-12-09,,1225.14,In Progress,Budget Approval
PRJ-001020,AST-0003608,Laptop,Past EOL,2027,2027-09-01,,1916.17,In Progress,Change Freeze
PRJ-001021,AST-0017102,Desktop,EOL within 12 months,2028,2028-11-23,,984.82,In Progress,Vendor Lead Time
PRJ-001022,AST-0019996,VDI Endpoint,EOL within 12 months,2026,2026-10-24,2027-01-02,1433.98,Completed,Application Dependency
PRJ-001023,AST-0017791,Desktop,EOL within 12 months,2028,2028-03-14,,1230.18,Not Started,Vendor Lead Time
PRJ-001024,AST-0016366,Desktop,EOL within 24 months,2027,2027-01-15,,946.79,Deferred,Security Exception
PRJ-001025,AST-0013700,Laptop,EOL within 24 months,2027,2027-05-15,,3816.26,Planning,Security Exception
PRJ-001026,AST-0016768,Desktop,EOL within 24 months,2028,2028-10-30,,1048.1,Not Started,Change Freeze
PRJ-001027,AST-0015973,Desktop,EOL within 12 months,2027,2027-05-31,,1056.64,Planning,Budget Approval
PRJ-001028,AST-0013113,Laptop,EOL within 12 months,2028,2028-02-03,,1876.37,Planning,Budget Approval
PRJ-001029,AST-0023250,Wireless Access Point,EOL within 24 months,2026,2026-08-18,2026-11-09,950.88,Completed,Budget Approval
PRJ-001030,AST-0020881,Server,EOL within 24 months,2027,2027-11-11,2028-01-05,12457.11,Completed,Vendor Lead Time
PRJ-001031,AST-0013571,Laptop,EOL within 24 months,2026,2026-08-21,2026-10-23,1726.18,Completed,Budget Approval
PRJ-001032,AST-0013215,Laptop,EOL within 12 months,2027,2027-10-12,,2080.99,Planning,Vendor Lead Time
PRJ-001033,AST-0007951,Laptop,EOL within 12 months,2028,2028-06-12,,1613.84,In Progress,Application Dependency
PRJ-001034,AST-0022767,Core Switch,EOL within 24 months,2026,2026-11-11,,23741.28,Planning,Application Dependency
PRJ-001035,AST-0004829,Laptop,Past EOL,2027,2027-07-11,,1841.12,In Progress,Application Dependency
PRJ-001036,AST-0005614,Laptop,EOL within 24 months,2028,2028-08-03,,1960.91,Not Started,Change Freeze
PRJ-001037,AST-0021020,Server,EOL within 24 months,2026,2026-07-07,2026-08-03,15466.33,Completed,Security Exception
PRJ-001038,AST-0001803,Laptop,EOL within 24 months,2026,2026-07-03,,1533.97,In Progress,Vendor Lead Time
PRJ-001039,AST-0011270,Laptop,Past EOL,2028,2028-04-28,,1631.77,Not Started,Budget Approval
PRJ-001040,AST-0019805,VDI Endpoint,EOL within 12 months,2027,2027-08-07,,1292.44,Planning,Security Exception
PRJ-001041,AST-0020599,Server,EOL within 24 months,2028,2028-09-01,,13620.56,Planning,Budget Approval
PRJ-001042,AST-0018215,Desktop,EOL within 24 months,2027,2027-04-16,,1053.93,Planning,Application Dependency
PRJ-001043,AST-0004269,Laptop,EOL within 24 months,2027,2027-08-01,2027-10-16,1706.04,Completed,Application Dependency
PRJ-001044,AST-0019367,VDI Endpoint,EOL within 24 months,2027,2027-08-26,,975.27,In Progress,Budget Approval
PRJ-001045,AST-0010845,Laptop,EOL within 24 months,2028,2028-05-02,2028-04-17,1964.91,Completed,Security Exception
PRJ-001046,AST-0013664,Laptop,EOL within 12 months,2027,2027-07-14,,2036.63,Not Started,Vendor Lead Time
PRJ-001047,AST-0022723,Core Switch,EOL within 24 months,2026,2026-12-31,,25089.92,In Progress,Budget Approval
PRJ-001048,AST-0001048,Laptop,Past EOL,2027,2027-03-14,,1763.4,Planning,Branch Scheduling
PRJ-001049,AST-0002081,Laptop,EOL within 24 months,2027,2027-08-26,,1648.81,In Progress,None
PRJ-001050,AST-0014042,Desktop,EOL within 12 months,2027,2027-10-31,2028-01-14,1175.04,Completed,Application Dependency
PRJ-001051,AST-0014295,Desktop,EOL within 24 months,2026,2026-09-19,,1131.54,Deferred,None
PRJ-001052,AST-0012464,Laptop,EOL within 12 months,2028,2028-09-12,2028-09-14,2211.13,Completed,Security Exception
PRJ-001053,AST-0004428,Laptop,EOL within 24 months,2028,2028-06-18,,3171.86,In Progress,Branch Scheduling
PRJ-001054,AST-0016489,Desktop,EOL within 24 months,2028,2028-06-13,,1144.09,Not Started,Application Dependency
PRJ-001055,AST-0010653,Laptop,EOL within 12 months,2027,2027-06-18,,2043.43,In Progress,Budget Approval
PRJ-001056,AST-0008618,Laptop,Past EOL,2026,2026-09-25,,1828.31,Planning,Vendor Lead Time
PRJ-001057,AST-0010058,Laptop,EOL within 12 months,2028,2028-12-14,,1850.65,In Progress,Branch Scheduling
PRJ-001058,AST-0015117,Desktop,EOL within 24 months,2026,2026-08-11,,1196.25,Blocked,Application Dependency
PRJ-001059,AST-0019401,VDI Endpoint,EOL within 24 months,2027,2027-11-07,,1076.09,Not Started,Change Freeze
PRJ-001060,AST-0003485,Laptop,EOL within 24 months,2027,2027-09-07,,1729.89,Not Started,Security Exception
PRJ-001061,AST-0019442,VDI Endpoint,EOL within 12 months,2028,2028-09-06,,1443.82,Deferred,None
PRJ-001062,AST-0010213,Laptop,Past EOL,2027,2027-01-03,,1704.93,Blocked,Branch Scheduling
PRJ-001063,AST-0017416,Desktop,EOL within 12 months,2028,2028-04-23,,1107.66,Blocked,Security Exception
PRJ-001064,AST-0001418,Laptop,EOL within 24 months,2028,2028-06-30,,1961.71,Not Started,Branch Scheduling
PRJ-001065,AST-0023895,Wireless Controller,EOL within 24 months,2028,2028-09-19,,11985.9,Planning,Branch Scheduling
PRJ-001066,AST-0017212,Desktop,EOL within 12 months,2028,2028-04-21,,1159.92,Planning,Branch Scheduling
PRJ-001067,AST-0004928,Laptop,Past EOL,2027,2027-09-16,,1823.79,In Progress,Security Exception
PRJ-001068,AST-0006147,Laptop,EOL within 12 months,2028,2028-03-29,,2075.58,Blocked,Budget Approval
PRJ-001069,AST-0012490,Laptop,Past EOL,2027,2027-10-09,,1571.44,In Progress,Application Dependency
PRJ-001070,AST-0023864,Wireless Access Point,EOL within 12 months,2027,2027-08-17,,913.79,Not Started,Vendor Lead Time
PRJ-001071,AST-0000037,Laptop,EOL within 24 months,2027,2027-11-25,,3301.31,Planning,Budget Approval
PRJ-001072,AST-0006681,Laptop,EOL within 24 months,2027,2027-09-05,2027-11-07,1849.52,Completed,Application Dependency
PRJ-001073,AST-0022074,Access Switch,EOL within 24 months,2028,2028-04-16,,7396.32,Not Started,Vendor Lead Time
PRJ-001074,AST-0007217,Laptop,Past EOL,2028,2028-02-03,,1492.54,Not Started,Change Freeze
PRJ-001075,AST-0019420,VDI Endpoint,EOL within 24 months,2028,2028-10-08,,931.88,Deferred,Application Dependency
PRJ-001076,AST-0001706,Laptop,EOL within 12 months,2028,2028-02-06,,1656.41,Planning,Security Exception
PRJ-001077,AST-0007514,Laptop,EOL within 12 months,2026,2026-11-28,,1560.43,In Progress,Security Exception
PRJ-001078,AST-0016939,Desktop,EOL within 12 months,2028,2028-11-19,,1200.78,Planning,Security Exception
PRJ-001079,AST-0002702,Laptop,Past EOL,2027,2027-03-24,,1868.63,Not Started,Budget Approval
PRJ-001080,AST-0002951,Laptop,EOL within 12 months,2028,2028-07-10,,2107.15,Deferred,None
PRJ-001081,AST-0017248,Desktop,EOL within 12 months,2027,2027-11-18,,1345.86,Planning,Vendor Lead Time
PRJ-001082,AST-0021298,Server,EOL within 24 months,2028,2028-05-05,,11298.48,Deferred,Change Freeze
PRJ-001083,AST-0022144,Access Switch,EOL within 24 months,2027,2027-08-05,,6489.64,Not Started,Application Dependency
PRJ-001084,AST-0004376,Laptop,Past EOL,2027,2027-09-08,,1380.47,In Progress,Branch Scheduling
PRJ-001085,AST-0018946,VDI Endpoint,EOL within 24 months,2028,2028-01-08,,980.28,Planning,Vendor Lead Time
PRJ-001086,AST-0022071,Access Switch,EOL within 24 months,2026,2026-08-11,2026-07-12,4872.37,Completed,Branch Scheduling
PRJ-001087,AST-0018329,Desktop,EOL within 24 months,2027,2027-12-06,,975.47,Planning,Budget Approval
PRJ-001088,AST-0010020,Laptop,Past EOL,2027,2027-04-19,,1493.81,Deferred,Branch Scheduling
PRJ-001089,AST-0012667,Laptop,EOL within 24 months,2027,2027-08-07,,2097.31,In Progress,Vendor Lead Time
PRJ-001090,AST-0000545,Laptop,EOL within 12 months,2027,2027-10-30,,1904.5,Not Started,Change Freeze
PRJ-001091,AST-0012526,Laptop,Past EOL,2028,2028-10-12,2028-10-29,1768.8,Completed,None
PRJ-001092,AST-0013434,Laptop,EOL within 24 months,2028,2028-04-16,,2377.02,Not Started,Budget Approval
PRJ-001093,AST-0002559,Laptop,Past EOL,2028,2028-08-12,,1420.62,Not Started,Application Dependency
PRJ-001094,AST-0001843,Laptop,EOL within 12 months,2027,2027-04-13,,1964.6,Planning,None
PRJ-001095,AST-0003129,Laptop,Past EOL,2028,2028-06-14,,1516.96,In Progress,Application Dependency
PRJ-001096,AST-0007687,Laptop,Past EOL,2026,2026-08-25,,1491.6,In Progress,Security Exception
PRJ-001097,AST-0005317,Laptop,EOL within 12 months,2027,2027-10-16,2027-10-15,1604.28,Completed,Application Dependency
PRJ-001098,AST-0018339,Desktop,EOL within 12 months,2028,2028-07-25,,1162.2,Not Started,Application Dependency
PRJ-001099,AST-0006938,Laptop,Past EOL,2028,2028-03-22,,1593.85,Planning,Branch Scheduling
PRJ-001100,AST-0018251,Desktop,EOL within 24 months,2028,2028-05-19,2028-06-16,1099.24,Completed,Vendor Lead Time
PRJ-001101,AST-0011836,Laptop,EOL within 24 months,2027,2027-02-11,,3020.04,In Progress,Branch Scheduling
PRJ-001102,AST-0006943,Laptop,EOL within 12 months,2028,2028-05-13,,1721.17,In Progress,Budget Approval
PRJ-001103,AST-0002532,Laptop,EOL within 12 months,2028,2028-03-26,,2210.7,In Progress,Vendor Lead Time
PRJ-001104,AST-0022706,Core Switch,EOL within 24 months,2026,2026-09-05,,27982.29,Planning,Application Dependency
PRJ-001105,AST-0011106,Laptop,Past EOL,2027,2027-11-16,,1428.71,Not Started,Security Exception
PRJ-001106,AST-0006933,Laptop,EOL within 24 months,2026,2026-11-24,,2289.74,Not Started,Budget Approval
PRJ-001107,AST-0011202,Laptop,EOL within 12 months,2028,2028-09-23,,1774.82,Planning,Security Exception
PRJ-001108,AST-0010657,Laptop,Past EOL,2028,2028-08-14,,1837.96,Planning,Branch Scheduling
PRJ-001109,AST-0016495,Desktop,EOL within 12 months,2028,2028-07-17,,1291.88,In Progress,Security Exception
PRJ-001110,AST-0015837,Desktop,EOL within 24 months,2027,2027-09-19,,1249.05,Planning,Budget Approval
PRJ-001111,AST-0014705,Desktop,EOL within 12 months,2027,2027-01-27,,1030.26,Not Started,Budget Approval
PRJ-001112,AST-0008977,Laptop,EOL within 12 months,2028,2028-03-14,,1850.34,Planning,Change Freeze
PRJ-001113,AST-0011576,Laptop,EOL within 24 months,2026,2026-10-09,,2164.64,Planning,Application Dependency
PRJ-001114,AST-0017863,Desktop,EOL within 12 months,2028,2028-09-20,,992.74,Not Started,Branch Scheduling
PRJ-001115,AST-0007995,Laptop,EOL within 12 months,2027,2027-04-11,,1794.26,In Progress,Security Exception
PRJ-001116,AST-0021315,Server,EOL within 24 months,2026,2026-12-07,,10816.81,In Progress,None
PRJ-001117,AST-0012530,Laptop,Past EOL,2027,2027-04-18,,1879.6,In Progress,Budget Approval
PRJ-001118,AST-0018815,VDI Endpoint,EOL within 24 months,2028,2028-07-28,,845.88,In Progress,Change Freeze
PRJ-001119,AST-0000105,Laptop,EOL within 12 months,2028,2028-07-09,2028-10-01,1573.13,Completed,Application Dependency
PRJ-001120,AST-0005085,Laptop,EOL within 24 months,2026,2026-09-05,2026-11-27,1982.04,Completed,Vendor Lead Time
PRJ-001121,AST-0000823,Laptop,EOL within 24 months,2026,2026-09-01,,3556.31,Blocked,Budget Approval
PRJ-001122,AST-0012447,Laptop,EOL within 24 months,2027,2027-11-04,,3828.02,In Progress,Budget Approval
PRJ-001123,AST-0017152,Desktop,EOL within 24 months,2027,2027-03-27,2027-05-29,950.2,Completed,Budget Approval
PRJ-001124,AST-0016623,Desktop,EOL within 12 months,2028,2028-12-24,,982.67,In Progress,None
PRJ-001125,AST-0007372,Laptop,EOL within 24 months,2028,2028-07-29,,1935.58,Not Started,Vendor Lead Time
PRJ-001126,AST-0003300,Laptop,EOL within 12 months,2027,2027-07-21,,1548.76,Planning,Vendor Lead Time
PRJ-001127,AST-0005506,Laptop,EOL within 24 months,2027,2027-05-02,,1794.87,In Progress,Vendor Lead Time
PRJ-001128,AST-0009462,Laptop,EOL within 12 months,2027,2027-01-03,,1511.56,Not Started,Vendor Lead Time
PRJ-001129,AST-0017626,Desktop,EOL within 24 months,2026,2026-12-06,,1329.03,Not Started,Branch Scheduling
PRJ-001130,AST-0006561,Laptop,EOL within 12 months,2027,2027-02-22,,1953.87,Deferred,Application Dependency
PRJ-001131,AST-0012069,Laptop,EOL within 12 months,2028,2028-11-26,2028-12-30,2033.04,Completed,None
PRJ-001132,AST-0000306,Laptop,Past EOL,2028,2028-07-20,,1704.4,Not Started,Branch Scheduling
PRJ-001133,AST-0016948,Desktop,EOL within 12 months,2027,2027-08-28,,1379.01,Deferred,Budget Approval
PRJ-001134,AST-0017479,Desktop,EOL within 24 months,2028,2028-01-23,,1125.42,In Progress,Branch Scheduling
PRJ-001135,AST-0003160,Laptop,EOL within 24 months,2027,2027-12-20,2028-01-24,1758.16,Completed,Application Dependency
PRJ-001136,AST-0012669,Laptop,EOL within 12 months,2026,2026-08-21,,1923.65,Deferred,Application Dependency
PRJ-001137,AST-0009805,Laptop,EOL within 12 months,2028,2028-06-24,,2014.11,In Progress,Vendor Lead Time
PRJ-001138,AST-0004259,Laptop,Past EOL,2026,2026-08-08,,1859.87,Planning,None
PRJ-001139,AST-0013435,Laptop,EOL within 24 months,2028,2028-01-22,,1697.08,In Progress,Budget Approval
PRJ-001140,AST-0007592,Laptop,EOL within 24 months,2029,2029-01-05,,1952.06,Planning,Budget Approval
PRJ-001141,AST-0007442,Laptop,EOL within 12 months,2026,2026-08-09,,2021.79,Deferred,None
PRJ-001142,AST-0004247,Laptop,EOL within 12 months,2026,2026-07-28,2026-10-09,2116.77,Completed,Change Freeze
PRJ-001143,AST-0003768,Laptop,Past EOL,2027,2027-03-26,,1497.52,Deferred,None
PRJ-001144,AST-0002184,Laptop,Past EOL,2027,2027-06-23,,1370.45,Planning,Branch Scheduling
PRJ-001145,AST-0019285,VDI Endpoint,EOL within 24 months,2026,2026-07-12,,1078.79,In Progress,Vendor Lead Time
PRJ-001146,AST-0019606,VDI Endpoint,EOL within 12 months,2026,2026-09-29,2026-11-05,1375.34,Completed,Security Exception
PRJ-001147,AST-0022251,Access Switch,EOL within 24 months,2028,2028-06-10,,4875.55,Planning,None
PRJ-001148,AST-0002829,Laptop,Past EOL,2027,2027-11-15,,1872.16,Not Started,None
PRJ-001149,AST-0003019,Laptop,EOL within 24 months,2026,2026-07-20,,2197.73,Planning,None
PRJ-001150,AST-0000502,Laptop,EOL within 12 months,2028,2028-04-26,2028-07-12,1472.81,Completed,Application Dependency
PRJ-001151,AST-0015033,Desktop,EOL within 12 months,2027,2027-02-28,,1158.48,Not Started,Branch Scheduling
PRJ-001152,AST-0013648,Laptop,Past EOL,2028,2028-06-29,,1517.82,Not Started,Security Exception
PRJ-001153,AST-0010484,Laptop,Past EOL,2027,2027-11-29,,1814.04,Planning,Vendor Lead Time
PRJ-001154,AST-0011427,Laptop,EOL within 24 months,2027,2027-06-28,,1810.29,Not Started,Branch Scheduling
PRJ-001155,AST-0002243,Laptop,Past EOL,2028,2028-03-29,,1678.99,In Progress,Change Freeze
PRJ-001156,AST-0007534,Laptop,Past EOL,2027,2027-10-05,,1451.32,In Progress,Branch Scheduling
PRJ-001157,AST-0014290,Desktop,EOL within 24 months,2026,2026-12-25,2026-12-19,1133.7,Completed,Branch Scheduling
PRJ-001158,AST-0019615,VDI Endpoint,EOL within 24 months,2028,2028-04-30,,1077.29,Not Started,Budget Approval
PRJ-001159,AST-0001590,Laptop,Past EOL,2028,2028-10-02,,1493.23,Not Started,Vendor Lead Time
PRJ-001160,AST-0012736,Laptop,EOL within 12 months,2028,2028-01-11,2028-02-02,1470.28,Completed,Security Exception
PRJ-001161,AST-0000044,Laptop,EOL within 24 months,2028,2028-06-18,,2453.77,Planning,Security Exception
PRJ-001162,AST-0019361,VDI Endpoint,EOL within 24 months,2028,2028-08-18,,1094.54,Not Started,None
PRJ-001163,AST-0015587,Desktop,EOL within 24 months,2027,2027-11-02,,1095.3,Not Started,None
PRJ-001164,AST-0012670,Laptop,Past EOL,2027,2027-09-23,,2009.76,In Progress,Budget Approval
PRJ-001165,AST-0009292,Laptop,EOL within 12 months,2028,2028-05-26,,1834.02,Not Started,Security Exception
PRJ-001166,AST-0008006,Laptop,EOL within 24 months,2028,2028-06-25,,2282.26,Planning,Vendor Lead Time
PRJ-001167,AST-0002187,Laptop,EOL within 12 months,2027,2027-09-27,,1569.43,Not Started,Branch Scheduling
PRJ-001168,AST-0014854,Desktop,EOL within 12 months,2026,2026-10-05,2026-12-23,1152.26,Completed,Budget Approval
PRJ-001169,AST-0014238,Desktop,EOL within 24 months,2027,2027-06-27,,1282.19,Planning,Application Dependency
PRJ-001170,AST-0010052,Laptop,Past EOL,2028,2028-10-16,,1405.65,Not Started,Change Freeze
PRJ-001171,AST-0006456,Laptop,EOL within 12 months,2026,2026-11-11,,1957.07,Blocked,Branch Scheduling
PRJ-001172,AST-0003828,Laptop,Past EOL,2026,2026-09-01,,1630.29,Not Started,Security Exception
PRJ-001173,AST-0009592,Laptop,EOL within 24 months,2026,2026-06-19,,2419.82,Not Started,Vendor Lead Time
PRJ-001174,AST-0004341,Laptop,EOL within 12 months,2028,2028-07-16,2028-06-27,1864.35,Completed,Change Freeze
PRJ-001175,AST-0004285,Laptop,Past EOL,2027,2027-10-30,,1574.04,Not Started,Budget Approval
PRJ-001176,AST-0007664,Laptop,Past EOL,2028,2028-08-27,,1848.04,In Progress,Security Exception
PRJ-001177,AST-0000136,Laptop,EOL within 12 months,2027,2027-08-16,2027-09-04,1500.6,Completed,Budget Approval
PRJ-001178,AST-0017918,Desktop,EOL within 24 months,2028,2028-08-11,,1162.06,Planning,Application Dependency
PRJ-001179,AST-0007526,Laptop,EOL within 12 months,2026,2026-08-09,,1664.16,Not Started,None
PRJ-001180,AST-0005264,Laptop,EOL within 24 months,2028,2028-11-11,,1671.27,Not Started,Budget Approval
PRJ-001181,AST-0011508,Laptop,EOL within 24 months,2027,2027-03-02,,1935.26,In Progress,Vendor Lead Time
PRJ-001182,AST-0023595,Wireless Access Point,EOL within 24 months,2027,2027-06-22,,1039.41,Planning,Application Dependency
PRJ-001183,AST-0019909,VDI Endpoint,EOL within 12 months,2028,2028-05-18,,1432.97,Not Started,Budget Approval
PRJ-001184,AST-0005787,Laptop,EOL within 12 months,2026,2026-08-30,,2069.04,Planning,Budget Approval
PRJ-001185,AST-0020110,Server,EOL within 24 months,2027,2027-10-28,,13103.12,Planning,Vendor Lead Time
PRJ-001186,AST-0012950,Laptop,EOL within 24 months,2027,2027-10-10,2027-10-11,3189.55,Completed,None
PRJ-001187,AST-0008142,Laptop,EOL within 24 months,2028,2028-07-13,,2235.86,Not Started,Vendor Lead Time
PRJ-001188,AST-0000350,Laptop,EOL within 12 months,2027,2027-07-25,,1701.66,In Progress,Security Exception
PRJ-001189,AST-0015031,Desktop,EOL within 12 months,2028,2028-02-23,,1151.42,In Progress,Application Dependency
PRJ-001190,AST-0001609,Laptop,Past EOL,2026,2026-06-13,,1371.86,Deferred,Application Dependency
PRJ-001191,AST-0004218,Laptop,EOL within 24 months,2028,2028-09-04,,1584.19,Blocked,Budget Approval
PRJ-001192,AST-0009546,Laptop,EOL within 12 months,2028,2028-05-25,,1965.2,Not Started,Change Freeze
PRJ-001193,AST-0009248,Laptop,Past EOL,2028,2028-03-19,,1824.67,Deferred,None
PRJ-001194,AST-0008585,Laptop,EOL within 24 months,2027,2027-08-08,2027-07-30,2277.57,Completed,Security Exception
PRJ-001195,AST-0003868,Laptop,EOL within 12 months,2026,2026-09-25,,1925.29,Not Started,Application Dependency
PRJ-001196,AST-0015330,Desktop,EOL within 12 months,2026,2026-12-21,,994.38,Planning,Branch Scheduling
PRJ-001197,AST-0014586,Desktop,EOL within 24 months,2026,2026-11-09,,1145.76,In Progress,Security Exception
PRJ-001198,AST-0006186,Laptop,EOL within 24 months,2026,2026-11-13,,3657.17,Planning,Change Freeze
PRJ-001199,AST-0000848,Laptop,Past EOL,2027,2027-10-07,,1703.36,Planning,Branch Scheduling
PRJ-001200,AST-0019381,VDI Endpoint,EOL within 12 months,2026,2026-10-29,,1288.17,Planning,Vendor Lead Time
PRJ-001201,AST-0007755,Laptop,Past EOL,2028,2028-10-26,,1901.17,Not Started,Vendor Lead Time
PRJ-001202,AST-0009168,Laptop,Past EOL,2027,2027-05-02,,1690.63,Not Started,Branch Scheduling
PRJ-001203,AST-0008663,Laptop,Past EOL,2027,2027-03-08,2027-05-02,1494.96,Completed,Change Freeze
PRJ-001204,AST-0015831,Desktop,EOL within 24 months,2028,2028-06-29,,908.88,Not Started,Change Freeze
PRJ-001205,AST-0008267,Laptop,Past EOL,2028,2028-01-17,,1581.35,Not Started,Application Dependency
PRJ-001206,AST-0016701,Desktop,EOL within 12 months,2027,2027-04-19,,1272.96,Not Started,None
PRJ-001207,AST-0004533,Laptop,EOL within 24 months,2027,2027-08-18,,2139.66,Deferred,None
PRJ-001208,AST-0009710,Laptop,EOL within 12 months,2028,2028-06-13,,1479.66,Not Started,Budget Approval
PRJ-001209,AST-0003988,Laptop,EOL within 12 months,2027,2027-11-16,,1896.76,Planning,Change Freeze
PRJ-001210,AST-0006603,Laptop,Past EOL,2026,2026-06-10,,1553.94,Deferred,Branch Scheduling
PRJ-001211,AST-0004410,Laptop,Past EOL,2026,2026-12-21,,1989.44,Not Started,Security Exception
PRJ-001212,AST-0005079,Laptop,Past EOL,2026,2026-07-22,,1734.08,Blocked,Vendor Lead Time
PRJ-001213,AST-0006119,Laptop,EOL within 12 months,2027,2027-01-08,,1723.45,Blocked,Security Exception
PRJ-001214,AST-0009729,Laptop,EOL within 24 months,2028,2028-11-24,,1752.04,Not Started,Application Dependency
PRJ-001215,AST-0013572,Laptop,EOL within 12 months,2026,2026-07-15,,2113.9,Not Started,Security Exception
PRJ-001216,AST-0000319,Laptop,EOL within 24 months,2026,2026-08-04,,2149.07,Blocked,None
PRJ-001217,AST-0021176,Server,EOL within 24 months,2028,2028-12-28,,14984.83,Not Started,None
PRJ-001218,AST-0021784,Access Switch,EOL within 24 months,2026,2026-11-26,,6572.36,Not Started,Change Freeze
PRJ-001219,AST-0012064,Laptop,EOL within 24 months,2027,2027-01-17,,2261.12,In Progress,Application Dependency
PRJ-001220,AST-0016979,Desktop,EOL within 12 months,2027,2027-12-05,,1329.49,Not Started,Application Dependency
PRJ-001221,AST-0006421,Laptop,Past EOL,2028,2028-12-08,,1762.09,Planning,Application Dependency
PRJ-001222,AST-0003494,Laptop,EOL within 12 months,2027,2027-05-23,,1556.8,Planning,Application Dependency
PRJ-001223,AST-0012691,Laptop,Past EOL,2026,2026-09-21,,1645.77,Planning,Security Exception
PRJ-001224,AST-0005675,Laptop,Past EOL,2028,2028-08-01,,1550.06,Not Started,Branch Scheduling
PRJ-001225,AST-0006169,Laptop,EOL within 24 months,2028,2028-09-04,2028-10-16,3002.91,Completed,Branch Scheduling
PRJ-001226,AST-0017247,Desktop,EOL within 24 months,2028,2028-10-20,,1264.39,Not Started,Security Exception
PRJ-001227,AST-0023329,Wireless Access Point,EOL within 24 months,2027,2027-07-25,,1646.31,Planning,Vendor Lead Time
PRJ-001228,AST-0001612,Laptop,Past EOL,2026,2026-07-07,,1643.26,Planning,None
PRJ-001229,AST-0017465,Desktop,EOL within 12 months,2028,2028-06-16,,1378.92,Blocked,Budget Approval
PRJ-001230,AST-0018187,Desktop,EOL within 24 months,2026,2026-10-30,,1042.61,Planning,Budget Approval
PRJ-001231,AST-0014717,Desktop,EOL within 12 months,2027,2027-06-04,,1122.61,Planning,Branch Scheduling
PRJ-001232,AST-0016377,Desktop,EOL within 12 months,2028,2028-04-19,2028-04-15,1416.56,Completed,Security Exception
PRJ-001233,AST-0019281,VDI Endpoint,EOL within 24 months,2026,2026-11-11,,837.71,In Progress,Security Exception
PRJ-001234,AST-0008266,Laptop,EOL within 12 months,2027,2027-03-07,2027-02-17,2062.69,Completed,Branch Scheduling
PRJ-001235,AST-0007000,Laptop,Past EOL,2026,2026-12-01,,2003.31,Planning,Vendor Lead Time
PRJ-001236,AST-0019637,VDI Endpoint,EOL within 24 months,2028,2028-06-30,,881.35,In Progress,None
PRJ-001237,AST-0008831,Laptop,EOL within 24 months,2026,2026-06-10,,2986.29,Planning,Security Exception
PRJ-001238,AST-0015749,Desktop,EOL within 24 months,2028,2028-01-25,,1186.38,Not Started,Vendor Lead Time
PRJ-001239,AST-0008313,Laptop,Past EOL,2027,2027-11-10,,1482.29,Deferred,Application Dependency
PRJ-001240,AST-0021517,Access Switch,EOL within 24 months,2028,2028-03-06,,7874.82,Not Started,None
PRJ-001241,AST-0003093,Laptop,Past EOL,2027,2027-10-29,,1676.05,In Progress,Vendor Lead Time
PRJ-001242,AST-0005231,Laptop,EOL within 12 months,2028,2028-09-25,,1486.93,Planning,None
PRJ-001243,AST-0012609,Laptop,EOL within 24 months,2026,2026-08-26,,2233.9,Planning,Security Exception
PRJ-001244,AST-0017304,Desktop,EOL within 12 months,2028,2028-09-17,2028-10-12,1348.11,Completed,Application Dependency
PRJ-001245,AST-0006007,Laptop,EOL within 12 months,2027,2027-05-09,,1597.83,In Progress,Change Freeze
PRJ-001246,AST-0010645,Laptop,EOL within 12 months,2027,2027-08-04,,1562.08,Planning,Security Exception
PRJ-001247,AST-0012371,Laptop,Past EOL,2026,2026-09-16,,1394.66,Planning,Vendor Lead Time
PRJ-001248,AST-0008213,Laptop,EOL within 24 months,2028,2028-12-26,,1566.26,Not Started,Application Dependency
PRJ-001249,AST-0017305,Desktop,EOL within 12 months,2028,2028-05-20,,1396.16,Planning,Branch Scheduling
PRJ-001250,AST-0006032,Laptop,Past EOL,2028,2028-02-20,,1771.94,Not Started,Application Dependency
PRJ-001251,AST-0005990,Laptop,EOL within 12 months,2027,2027-01-13,,1863.83,Not Started,None
PRJ-001252,AST-0000371,Laptop,EOL within 24 months,2026,2026-11-06,2026-11-30,3574.58,Completed,Change Freeze
PRJ-001253,AST-0013218,Laptop,Past EOL,2027,2027-07-13,,1878.23,Deferred,Branch Scheduling
PRJ-001254,AST-0014375,Desktop,EOL within 24 months,2027,2027-01-13,2027-03-28,999.07,Completed,Application Dependency
PRJ-001255,AST-0007026,Laptop,EOL within 12 months,2026,2026-10-01,,1728.22,Blocked,Vendor Lead Time
PRJ-001256,AST-0011725,Laptop,Past EOL,2028,2028-01-22,,1854.67,Planning,Security Exception
PRJ-001257,AST-0009724,Laptop,EOL within 24 months,2026,2026-07-07,,2042.21,Deferred,Vendor Lead Time
PRJ-001258,AST-0014463,Desktop,EOL within 12 months,2028,2028-07-02,,1015.07,Not Started,Change Freeze
PRJ-001259,AST-0007265,Laptop,EOL within 12 months,2028,2028-11-10,,2133.43,Deferred,Budget Approval
PRJ-001260,AST-0023784,Wireless Access Point,EOL within 24 months,2028,2028-04-05,2028-05-03,1038.65,Completed,Budget Approval
PRJ-001261,AST-0011843,Laptop,Past EOL,2026,2026-06-25,,1565.58,Deferred,Budget Approval
PRJ-001262,AST-0023020,Router,EOL within 12 months,2026,2026-06-30,,8357.09,Planning,Security Exception
PRJ-001263,AST-0000428,Laptop,Past EOL,2027,2027-04-10,2027-06-26,1601.9,Completed,Budget Approval
PRJ-001264,AST-0008273,Laptop,Past EOL,2026,2026-07-26,2026-07-25,2010.03,Completed,None
PRJ-001265,AST-0013753,Laptop,Past EOL,2027,2027-12-15,,1340.36,Deferred,Change Freeze
PRJ-001266,AST-0012250,Laptop,Past EOL,2027,2027-05-25,,1422.51,In Progress,Vendor Lead Time
PRJ-001267,AST-0011063,Laptop,Past EOL,2027,2027-04-01,,1423.12,Not Started,Change Freeze
PRJ-001268,AST-0015819,Desktop,EOL within 24 months,2026,2026-11-21,,1152.77,Planning,Vendor Lead Time
PRJ-001269,AST-0005592,Laptop,Past EOL,2026,2026-06-03,,1548.3,In Progress,Vendor Lead Time
PRJ-001270,AST-0013874,Laptop,EOL within 24 months,2027,2027-11-08,,1802.49,In Progress,Branch Scheduling
PRJ-001271,AST-0011213,Laptop,Past EOL,2028,2028-01-25,,1594.92,Not Started,Branch Scheduling
PRJ-001272,AST-0003950,Laptop,EOL within 12 months,2028,2028-11-12,,1495.94,Deferred,Branch Scheduling
PRJ-001273,AST-0021191,Server,EOL within 24 months,2026,2026-11-24,,13417.32,Not Started,Security Exception
PRJ-001274,AST-0012083,Laptop,EOL within 12 months,2028,2028-10-03,2028-10-30,1615.88,Completed,None
PRJ-001275,AST-0001123,Laptop,EOL within 24 months,2027,2027-02-23,,1600.86,In Progress,Branch Scheduling
PRJ-001276,AST-0000361,Laptop,Past EOL,2026,2026-09-07,,1530.49,Not Started,Budget Approval
PRJ-001277,AST-0003115,Laptop,Past EOL,2027,2027-08-04,,1586.02,In Progress,Vendor Lead Time
PRJ-001278,AST-0014990,Desktop,EOL within 12 months,2027,2027-10-26,,973.02,Not Started,None
PRJ-001279,AST-0015348,Desktop,EOL within 24 months,2026,2026-06-23,,1094.66,Planning,None
PRJ-001280,AST-0001010,Laptop,Past EOL,2028,2028-12-02,,1588.15,Deferred,Budget Approval
PRJ-001281,AST-0021136,Server,EOL within 24 months,2026,2026-08-03,,12473.81,Not Started,Vendor Lead Time
PRJ-001282,AST-0017400,Desktop,EOL within 12 months,2026,2026-08-29,,1228.55,In Progress,Application Dependency
PRJ-001283,AST-0011132,Laptop,Past EOL,2028,2028-08-23,,1396.29,Planning,None
PRJ-001284,AST-0007379,Laptop,EOL within 24 months,2028,2028-01-17,,1814.59,In Progress,None
PRJ-001285,AST-0017035,Desktop,EOL within 24 months,2027,2027-04-01,2027-03-21,1010.17,Completed,Budget Approval
PRJ-001286,AST-0015802,Desktop,EOL within 12 months,2026,2026-10-26,,1009.6,Planning,Change Freeze
PRJ-001287,AST-0000725,Laptop,Past EOL,2027,2027-05-24,,1480.23,In Progress,Branch Scheduling
PRJ-001288,AST-0005876,Laptop,Past EOL,2027,2027-05-16,,1886.93,Not Started,Vendor Lead Time
PRJ-001289,AST-0008463,Laptop,EOL within 24 months,2028,2028-10-11,,2320.72,Not Started,None
PRJ-001290,AST-0023427,Wireless Access Point,EOL within 24 months,2027,2027-09-24,,974.91,Not Started,Application Dependency
PRJ-001291,AST-0000227,Laptop,Past EOL,2028,2028-02-26,,1778.79,Planning,Application Dependency
PRJ-001292,AST-0023928,Storage,EOL within 24 months,2028,2028-10-09,,95611.59,Blocked,Security Exception
PRJ-001293,AST-0004584,Laptop,Past EOL,2027,2027-01-09,,1367.57,In Progress,Change Freeze
PRJ-001294,AST-0015557,Desktop,EOL within 12 months,2028,2028-09-20,2028-08-31,986.64,Completed,Change Freeze
PRJ-001295,AST-0004899,Laptop,EOL within 24 months,2026,2026-11-14,,3236.4,Deferred,Branch Scheduling
PRJ-001296,AST-0020357,Server,EOL within 24 months,2028,2028-05-15,,11983.24,Not Started,Vendor Lead Time
PRJ-001297,AST-0003750,Laptop,EOL within 12 months,2027,2027-04-29,,2077.36,Not Started,Branch Scheduling
PRJ-001298,AST-0018057,Desktop,EOL within 24 months,2028,2028-04-23,,1159.36,Planning,Application Dependency
PRJ-001299,AST-0012982,Laptop,EOL within 12 months,2026,2026-08-15,,2159.48,Deferred,Change Freeze
PRJ-001300,AST-0010738,Laptop,EOL within 24 months,2027,2027-03-07,,1618.96,Planning,Change Freeze
PRJ-001301,AST-0013580,Laptop,Past EOL,2026,2026-06-17,,1843.31,Planning,Application Dependency
PRJ-001302,AST-0009281,Laptop,EOL within 24 months,2028,2028-03-03,,1978.65,In Progress,Change Freeze
PRJ-001303,AST-0009893,Laptop,EOL within 12 months,2029,2029-01-04,,2069.37,Deferred,Application Dependency
PRJ-001304,AST-0018018,Desktop,EOL within 24 months,2028,2028-07-25,,1043.0,In Progress,None
PRJ-001305,AST-0018810,VDI Endpoint,EOL within 24 months,2028,2028-12-19,,1213.8,Planning,Budget Approval
PRJ-001306,AST-0006915,Laptop,EOL within 12 months,2028,2028-10-05,,2057.29,In Progress,Vendor Lead Time
PRJ-001307,AST-0017746,Desktop,EOL within 12 months,2026,2026-09-26,,1155.28,In Progress,Budget Approval
PRJ-001308,AST-0004586,Laptop,Past EOL,2026,2026-10-18,2026-10-29,1824.46,Completed,Change Freeze
PRJ-001309,AST-0015609,Desktop,EOL within 12 months,2026,2026-06-21,,1255.14,Planning,Application Dependency
PRJ-001310,AST-0005887,Laptop,Past EOL,2027,2027-02-04,2027-04-03,1395.79,Completed,Application Dependency
PRJ-001311,AST-0014434,Desktop,EOL within 24 months,2026,2026-11-14,2027-01-15,1209.49,Completed,Security Exception
PRJ-001312,AST-0017181,Desktop,EOL within 12 months,2028,2028-07-14,,1273.25,In Progress,Branch Scheduling
PRJ-001313,AST-0001726,Laptop,Past EOL,2028,2028-07-26,,1646.88,Planning,Security Exception
PRJ-001314,AST-0001091,Laptop,EOL within 12 months,2028,2028-01-09,2028-01-17,1702.3,Completed,Branch Scheduling
PRJ-001315,AST-0016486,Desktop,EOL within 12 months,2026,2026-07-05,,1054.49,In Progress,None
PRJ-001316,AST-0005756,Laptop,EOL within 12 months,2026,2026-06-07,,2207.0,Not Started,Budget Approval
PRJ-001317,AST-0015487,Desktop,EOL within 24 months,2026,2026-08-13,,1285.74,Deferred,Application Dependency
PRJ-001318,AST-0010442,Laptop,Past EOL,2027,2027-01-06,,1700.56,Not Started,Branch Scheduling
PRJ-001319,AST-0010252,Laptop,EOL within 24 months,2028,2028-12-20,,3755.4,In Progress,Change Freeze
PRJ-001320,AST-0015248,Desktop,EOL within 12 months,2026,2026-06-10,,1265.48,In Progress,Vendor Lead Time
PRJ-001321,AST-0001285,Laptop,EOL within 24 months,2028,2028-10-15,,1743.34,Blocked,Budget Approval
PRJ-001322,AST-0012397,Laptop,Past EOL,2027,2027-04-11,,1778.09,Not Started,None
PRJ-001323,AST-0018989,VDI Endpoint,EOL within 12 months,2027,2027-11-03,2028-01-25,1149.97,Completed,None
PRJ-001324,AST-0001741,Laptop,EOL within 12 months,2028,2028-06-16,,2084.02,Not Started,Budget Approval
PRJ-001325,AST-0016271,Desktop,EOL within 24 months,2026,2026-09-28,,1094.91,Deferred,None
PRJ-001326,AST-0007717,Laptop,EOL within 24 months,2026,2026-09-09,2026-08-15,1835.75,Completed,Vendor Lead Time
PRJ-001327,AST-0010320,Laptop,Past EOL,2026,2026-06-15,,1693.8,In Progress,Security Exception
PRJ-001328,AST-0012922,Laptop,EOL within 12 months,2028,2028-07-27,,1408.19,Deferred,Branch Scheduling
PRJ-001329,AST-0018030,Desktop,EOL within 24 months,2028,2028-09-10,,1038.63,Blocked,Branch Scheduling
PRJ-001330,AST-0016052,Desktop,EOL within 12 months,2027,2027-09-18,,1248.05,Planning,Vendor Lead Time
PRJ-001331,AST-0008539,Laptop,EOL within 24 months,2027,2027-10-10,,3602.34,In Progress,Branch Scheduling
PRJ-001332,AST-0000042,Laptop,EOL within 12 months,2028,2028-02-12,,1905.67,Planning,Budget Approval
PRJ-001333,AST-0010599,Laptop,EOL within 24 months,2028,2028-07-31,,2358.38,Planning,Branch Scheduling
PRJ-001334,AST-0012607,Laptop,EOL within 24 months,2028,2028-01-30,,1789.53,Planning,Branch Scheduling
PRJ-001335,AST-0008228,Laptop,Past EOL,2026,2026-08-25,,1846.26,Deferred,Budget Approval
PRJ-001336,AST-0018257,Desktop,EOL within 12 months,2027,2027-06-14,,1321.06,Planning,Budget Approval
PRJ-001337,AST-0003685,Laptop,EOL within 24 months,2026,2026-08-28,,1628.57,In Progress,Security Exception
PRJ-001338,AST-0017306,Desktop,EOL within 24 months,2028,2028-05-14,2028-05-17,1054.41,Completed,Branch Scheduling
PRJ-001339,AST-0013262,Laptop,EOL within 12 months,2027,2027-09-10,2027-09-20,1647.41,Completed,Security Exception
PRJ-001340,AST-0004440,Laptop,EOL within 12 months,2028,2028-10-12,2028-12-24,1507.85,Completed,Vendor Lead Time
PRJ-001341,AST-0014319,Desktop,EOL within 12 months,2026,2026-08-12,,1293.78,In Progress,Security Exception
PRJ-001342,AST-0008152,Laptop,Past EOL,2028,2028-12-02,2028-11-11,1643.92,Completed,None
PRJ-001343,AST-0006758,Laptop,Past EOL,2028,2028-01-01,,1881.47,In Progress,Change Freeze
PRJ-001344,AST-0006472,Laptop,EOL within 12 months,2028,2028-03-16,2028-02-21,1490.5,Completed,Change Freeze
PRJ-001345,AST-0018614,VDI Endpoint,EOL within 12 months,2026,2026-08-04,,1050.29,Planning,Application Dependency
PRJ-001346,AST-0015327,Desktop,EOL within 12 months,2027,2027-08-07,,1283.26,Not Started,Change Freeze
PRJ-001347,AST-0019443,VDI Endpoint,EOL within 24 months,2027,2027-12-31,,994.26,Not Started,Budget Approval
PRJ-001348,AST-0007992,Laptop,EOL within 12 months,2028,2028-12-07,,1819.08,Not Started,Vendor Lead Time
PRJ-001349,AST-0006374,Laptop,Past EOL,2026,2026-10-04,,1363.12,Not Started,None
PRJ-001350,AST-0000651,Laptop,Past EOL,2028,2028-04-16,,1538.07,Blocked,Branch Scheduling
PRJ-001351,AST-0016135,Desktop,EOL within 24 months,2028,2028-02-17,,984.98,In Progress,None
PRJ-001352,AST-0012102,Laptop,Past EOL,2026,2026-06-25,2026-08-15,1683.58,Completed,Branch Scheduling
PRJ-001353,AST-0011728,Laptop,Past EOL,2027,2027-02-09,,1661.97,Not Started,Security Exception
PRJ-001354,AST-0021593,Access Switch,EOL within 24 months,2028,2028-10-13,,8179.05,In Progress,Vendor Lead Time
PRJ-001355,AST-0018628,VDI Endpoint,EOL within 12 months,2027,2027-11-04,,1425.82,Planning,Change Freeze
PRJ-001356,AST-0012897,Laptop,EOL within 12 months,2027,2027-09-08,,1678.31,Not Started,None
PRJ-001357,AST-0006377,Laptop,Past EOL,2027,2027-03-27,,1763.5,Not Started,None
PRJ-001358,AST-0014029,Desktop,EOL within 12 months,2028,2028-03-30,,1323.47,Planning,Vendor Lead Time
PRJ-001359,AST-0002629,Laptop,EOL within 12 months,2027,2027-05-26,,1885.0,Deferred,Budget Approval
PRJ-001360,AST-0014751,Desktop,EOL within 12 months,2027,2027-08-27,,1294.17,Blocked,Budget Approval
PRJ-001361,AST-0000308,Laptop,EOL within 24 months,2027,2027-12-07,,2427.15,Not Started,Budget Approval
PRJ-001362,AST-0017597,Desktop,EOL within 12 months,2026,2026-12-01,,1126.2,Planning,Change Freeze
PRJ-001363,AST-0010671,Laptop,Past EOL,2027,2027-07-15,,1844.05,In Progress,Application Dependency
PRJ-001364,AST-0017196,Desktop,EOL within 12 months,2026,2026-09-03,,1306.15,Planning,Security Exception
PRJ-001365,AST-0006695,Laptop,EOL within 12 months,2027,2027-12-29,,1904.09,Planning,Security Exception
PRJ-001366,AST-0005940,Laptop,EOL within 24 months,2028,2028-06-16,2028-06-24,2104.13,Completed,Budget Approval
PRJ-001367,AST-0012861,Laptop,Past EOL,2028,2028-05-23,2028-08-07,1656.56,Completed,Security Exception
PRJ-001368,AST-0003334,Laptop,Past EOL,2027,2027-10-19,,1448.39,Planning,Budget Approval
PRJ-001369,AST-0023543,Wireless Access Point,EOL within 24 months,2028,2028-11-14,2028-11-12,1540.56,Completed,Application Dependency
PRJ-001370,AST-0016493,Desktop,EOL within 24 months,2026,2026-06-06,2026-06-09,1167.85,Completed,Application Dependency
PRJ-001371,AST-0013531,Laptop,Past EOL,2028,2028-10-21,,2024.72,Not Started,Vendor Lead Time
PRJ-001372,AST-0009358,Laptop,Past EOL,2027,2027-12-05,,1522.22,Planning,Budget Approval
PRJ-001373,AST-0013484,Laptop,Past EOL,2026,2026-06-24,,1629.25,Deferred,Vendor Lead Time
PRJ-001374,AST-0006335,Laptop,EOL within 12 months,2027,2027-11-29,2028-02-02,1469.72,Completed,Budget Approval
PRJ-001375,AST-0007996,Laptop,EOL within 12 months,2027,2027-04-10,,2113.3,Planning,Vendor Lead Time
PRJ-001376,AST-0008785,Laptop,Past EOL,2026,2026-11-24,,1970.16,Not Started,Branch Scheduling
PRJ-001377,AST-0010072,Laptop,Past EOL,2028,2028-12-13,,1609.29,Not Started,Branch Scheduling
PRJ-001378,AST-0003483,Laptop,EOL within 24 months,2026,2026-10-28,,2004.8,In Progress,Branch Scheduling
PRJ-001379,AST-0014957,Desktop,EOL within 12 months,2028,2028-03-11,,1234.94,Not Started,Security Exception
PRJ-001380,AST-0016025,Desktop,EOL within 12 months,2027,2027-04-25,,1149.21,Not Started,Change Freeze
PRJ-001381,AST-0008262,Laptop,EOL within 24 months,2028,2028-10-06,,2311.75,Planning,None
PRJ-001382,AST-0019173,VDI Endpoint,EOL within 24 months,2026,2026-11-22,,1087.84,Not Started,Application Dependency
PRJ-001383,AST-0019152,VDI Endpoint,EOL within 24 months,2026,2026-11-14,,1032.85,Planning,Security Exception
PRJ-001384,AST-0019023,VDI Endpoint,EOL within 24 months,2027,2027-04-11,,1150.88,Deferred,Budget Approval
PRJ-001385,AST-0016101,Desktop,EOL within 12 months,2026,2026-12-21,2027-01-09,1409.79,Completed,None
PRJ-001386,AST-0008165,Laptop,EOL within 12 months,2026,2026-07-19,,1657.28,Not Started,Change Freeze
PRJ-001387,AST-0017580,Desktop,EOL within 12 months,2026,2026-09-23,,973.38,In Progress,Vendor Lead Time
PRJ-001388,AST-0006909,Laptop,EOL within 24 months,2026,2026-07-09,,2083.19,In Progress,Vendor Lead Time
PRJ-001389,AST-0003212,Laptop,EOL within 24 months,2026,2026-08-14,,2434.77,Not Started,Budget Approval
PRJ-001390,AST-0014334,Desktop,EOL within 24 months,2026,2026-08-08,,870.56,Not Started,Security Exception
PRJ-001391,AST-0001887,Laptop,EOL within 12 months,2027,2027-05-02,,1452.45,Planning,None
PRJ-001392,AST-0000189,Laptop,Past EOL,2028,2028-10-31,,1823.06,Planning,Budget Approval
PRJ-001393,AST-0019473,VDI Endpoint,EOL within 12 months,2027,2027-07-19,,1399.78,Planning,None
PRJ-001394,AST-0003168,Laptop,Past EOL,2028,2028-10-14,,1867.86,Not Started,Security Exception
PRJ-001395,AST-0013410,Laptop,Past EOL,2026,2026-07-15,2026-08-28,1911.38,Completed,Branch Scheduling
PRJ-001396,AST-0011749,Laptop,EOL within 12 months,2028,2028-03-14,,1454.46,Not Started,Vendor Lead Time
PRJ-001397,AST-0019915,VDI Endpoint,EOL within 12 months,2027,2027-01-26,,1226.28,Blocked,Branch Scheduling
PRJ-001398,AST-0007692,Laptop,Past EOL,2028,2028-03-26,2028-03-12,1402.2,Completed,Budget Approval
PRJ-001399,AST-0017559,Desktop,EOL within 12 months,2026,2026-08-04,,1084.4,Planning,Budget Approval
PRJ-001400,AST-0012306,Laptop,Past EOL,2027,2027-07-01,,1787.23,Not Started,Budget Approval
PRJ-001401,AST-0020232,Server,EOL within 24 months,2026,2026-10-08,,10867.45,Planning,Budget Approval
PRJ-001402,AST-0002627,Laptop,EOL within 24 months,2028,2028-12-11,,2019.21,Blocked,Change Freeze
PRJ-001403,AST-0008828,Laptop,EOL within 24 months,2028,2028-04-21,,2710.14,Planning,Vendor Lead Time
PRJ-001404,AST-0018044,Desktop,EOL within 24 months,2028,2028-01-03,,1023.63,In Progress,Vendor Lead Time
PRJ-001405,AST-0007489,Laptop,EOL within 12 months,2027,2027-05-05,,1733.85,Not Started,None
PRJ-001406,AST-0008001,Laptop,Past EOL,2026,2026-07-18,,1992.39,Not Started,None
PRJ-001407,AST-0003366,Laptop,EOL within 24 months,2028,2028-05-25,,1752.8,Planning,None
PRJ-001408,AST-0016073,Desktop,EOL within 12 months,2027,2027-04-09,,1272.98,Not Started,Change Freeze
PRJ-001409,AST-0022995,Router,EOL within 12 months,2027,2027-12-25,,11864.05,In Progress,Change Freeze
PRJ-001410,AST-0008373,Laptop,EOL within 12 months,2027,2027-02-06,,1437.25,In Progress,Security Exception
PRJ-001411,AST-0001992,Laptop,Past EOL,2026,2026-06-08,,1837.96,Planning,Branch Scheduling
PRJ-001412,AST-0005275,Laptop,EOL within 24 months,2027,2027-10-26,,1685.97,Planning,Budget Approval
PRJ-001413,AST-0003368,Laptop,EOL within 12 months,2027,2027-06-15,,1684.24,Not Started,Application Dependency
PRJ-001414,AST-0017380,Desktop,EOL within 24 months,2027,2027-05-20,,1050.07,In Progress,Vendor Lead Time
PRJ-001415,AST-0001638,Laptop,EOL within 24 months,2027,2027-05-27,,2424.74,Not Started,Security Exception
PRJ-001416,AST-0005062,Laptop,EOL within 24 months,2026,2026-12-16,2027-02-15,2159.39,Completed,Budget Approval
PRJ-001417,AST-0011863,Laptop,EOL within 12 months,2028,2028-05-01,,2155.89,Deferred,Security Exception
PRJ-001418,AST-0016927,Desktop,EOL within 12 months,2028,2028-04-15,,1267.78,Not Started,None
PRJ-001419,AST-0004585,Laptop,EOL within 12 months,2028,2028-11-20,,1938.21,Not Started,Security Exception
PRJ-001420,AST-0014008,Desktop,EOL within 24 months,2027,2027-02-07,,1098.4,Planning,Security Exception
PRJ-001421,AST-0003470,Laptop,EOL within 24 months,2028,2028-08-11,,2089.77,Not Started,Change Freeze
PRJ-001422,AST-0013480,Laptop,Past EOL,2028,2028-08-03,,1382.42,In Progress,Branch Scheduling
PRJ-001423,AST-0003514,Laptop,EOL within 12 months,2026,2026-06-28,2026-07-16,1599.0,Completed,Change Freeze
PRJ-001424,AST-0004863,Laptop,Past EOL,2026,2026-06-07,,1483.54,In Progress,Change Freeze
PRJ-001425,AST-0000103,Laptop,EOL within 12 months,2028,2028-07-02,,1784.86,Not Started,Branch Scheduling
PRJ-001426,AST-0010185,Laptop,EOL within 12 months,2027,2027-02-10,,1754.33,In Progress,Budget Approval
PRJ-001427,AST-0011231,Laptop,Past EOL,2028,2028-06-12,,1620.35,Planning,Security Exception
PRJ-001428,AST-0018140,Desktop,EOL within 12 months,2028,2028-03-11,,1145.61,Planning,Change Freeze
PRJ-001429,AST-0000955,Laptop,EOL within 24 months,2028,2028-07-11,,1808.13,Not Started,Branch Scheduling
PRJ-001430,AST-0019438,VDI Endpoint,EOL within 24 months,2026,2026-12-03,,1117.95,Not Started,Application Dependency
PRJ-001431,AST-0000542,Laptop,EOL within 12 months,2026,2026-08-02,2026-10-07,1869.34,Completed,Branch Scheduling
PRJ-001432,AST-0010709,Laptop,Past EOL,2028,2028-12-08,,1961.36,In Progress,Budget Approval
PRJ-001433,AST-0007888,Laptop,EOL within 12 months,2027,2027-02-20,,1572.18,Not Started,Application Dependency
PRJ-001434,AST-0018088,Desktop,EOL within 12 months,2026,2026-09-29,,1196.95,In Progress,Vendor Lead Time
PRJ-001435,AST-0001023,Laptop,Past EOL,2027,2027-12-19,,1839.96,Deferred,Vendor Lead Time
PRJ-001436,AST-0005015,Laptop,EOL within 24 months,2028,2028-12-21,,1785.8,Planning,Security Exception
PRJ-001437,AST-0020499,Server,EOL within 24 months,2027,2027-09-27,2027-12-15,11837.68,Completed,Security Exception
PRJ-001438,AST-0022908,Router,EOL within 12 months,2028,2028-10-11,2029-01-06,6588.4,Completed,None
PRJ-001439,AST-0005800,Laptop,Past EOL,2027,2027-07-17,,1618.02,In Progress,None
PRJ-001440,AST-0015384,Desktop,EOL within 12 months,2028,2028-11-06,,1041.44,Deferred,Vendor Lead Time
PRJ-001441,AST-0001585,Laptop,EOL within 12 months,2027,2027-08-17,,1818.31,Planning,Branch Scheduling
PRJ-001442,AST-0019249,VDI Endpoint,EOL within 12 months,2027,2027-03-16,,1145.46,In Progress,Application Dependency
PRJ-001443,AST-0021614,Access Switch,EOL within 24 months,2028,2028-11-04,,9220.55,Not Started,Security Exception
PRJ-001444,AST-0003784,Laptop,EOL within 24 months,2026,2026-06-09,,2054.98,Planning,Vendor Lead Time
PRJ-001445,AST-0009478,Laptop,EOL within 12 months,2027,2027-04-15,,2000.0,Planning,Change Freeze
PRJ-001446,AST-0000245,Laptop,EOL within 12 months,2027,2027-08-30,,2013.37,Blocked,Security Exception
PRJ-001447,AST-0014715,Desktop,EOL within 24 months,2026,2026-10-31,,1077.96,Not Started,Application Dependency
PRJ-001448,AST-0023851,Wireless Access Point,EOL within 24 months,2028,2028-11-06,2028-12-10,1490.3,Completed,None
PRJ-001449,AST-0010788,Laptop,EOL within 24 months,2027,2027-12-20,,3063.08,Not Started,Vendor Lead Time
PRJ-001450,AST-0005027,Laptop,Past EOL,2028,2028-06-12,,1759.02,In Progress,Budget Approval
PRJ-001451,AST-0006656,Laptop,EOL within 24 months,2026,2026-08-02,,1951.74,Deferred,Branch Scheduling
PRJ-001452,AST-0018951,VDI Endpoint,EOL within 12 months,2028,2028-09-01,,1389.19,Not Started,Budget Approval
PRJ-001453,AST-0018308,Desktop,EOL within 24 months,2027,2027-06-15,,1012.24,Planning,Vendor Lead Time
PRJ-001454,AST-0006969,Laptop,EOL within 12 months,2028,2028-11-26,2029-01-18,1529.48,Completed,None
PRJ-001455,AST-0021867,Access Switch,EOL within 24 months,2027,2027-07-05,,4731.31,Planning,Branch Scheduling
PRJ-001456,AST-0007063,Laptop,EOL within 24 months,2028,2028-04-29,,3050.35,Blocked,Vendor Lead Time
PRJ-001457,AST-0015662,Desktop,EOL within 24 months,2026,2026-07-17,2026-09-09,1156.43,Completed,Branch Scheduling
PRJ-001458,AST-0005345,Laptop,Past EOL,2026,2026-11-10,,1701.04,Planning,Security Exception
PRJ-001459,AST-0009871,Laptop,EOL within 12 months,2027,2027-10-17,,2015.66,Not Started,Security Exception
PRJ-001460,AST-0000863,Laptop,Past EOL,2027,2027-06-29,2027-06-23,1525.11,Completed,Security Exception
PRJ-001461,AST-0015853,Desktop,EOL within 24 months,2027,2027-05-16,,1242.93,In Progress,Application Dependency
PRJ-001462,AST-0017823,Desktop,EOL within 12 months,2028,2028-03-07,,1339.58,In Progress,Branch Scheduling
PRJ-001463,AST-0016435,Desktop,EOL within 24 months,2026,2026-07-26,,1275.48,Blocked,Security Exception
PRJ-001464,AST-0005358,Laptop,EOL within 12 months,2028,2028-05-11,2028-07-24,1799.17,Completed,Branch Scheduling
PRJ-001465,AST-0002227,Laptop,EOL within 24 months,2027,2027-11-11,2028-01-24,2133.29,Completed,Budget Approval
PRJ-001466,AST-0001761,Laptop,Past EOL,2028,2028-07-19,,1394.55,Blocked,Application Dependency
PRJ-001467,AST-0011737,Laptop,EOL within 12 months,2028,2028-05-18,,1698.55,Planning,Budget Approval
PRJ-001468,AST-0021532,Access Switch,EOL within 24 months,2026,2026-08-10,,5938.75,In Progress,Vendor Lead Time
PRJ-001469,AST-0020703,Server,EOL within 24 months,2028,2028-10-24,,15184.05,Not Started,Application Dependency
PRJ-001470,AST-0012439,Laptop,EOL within 12 months,2027,2027-10-17,,1921.47,In Progress,Application Dependency
PRJ-001471,AST-0022029,Access Switch,EOL within 24 months,2026,2026-07-31,,5841.76,In Progress,Vendor Lead Time
PRJ-001472,AST-0004064,Laptop,EOL within 24 months,2028,2028-05-26,,1825.53,Deferred,Change Freeze
PRJ-001473,AST-0023041,Firewall,EOL within 12 months,2027,2027-07-03,,42493.27,In Progress,Security Exception
PRJ-001474,AST-0009314,Laptop,EOL within 24 months,2027,2027-05-05,,3248.88,Deferred,Budget Approval
PRJ-001475,AST-0019492,VDI Endpoint,EOL within 24 months,2026,2026-09-28,,959.65,In Progress,Budget Approval
PRJ-001476,AST-0014475,Desktop,EOL within 12 months,2027,2027-01-28,,1279.95,In Progress,Application Dependency
PRJ-001477,AST-0019715,VDI Endpoint,EOL within 24 months,2028,2028-08-22,,1154.34,Not Started,Budget Approval
PRJ-001478,AST-0010500,Laptop,Past EOL,2027,2027-08-19,,1971.05,Not Started,Security Exception
PRJ-001479,AST-0006167,Laptop,EOL within 12 months,2027,2027-06-09,,2038.1,Deferred,Application Dependency
PRJ-001480,AST-0022858,Router,EOL within 12 months,2028,2028-08-15,2028-07-23,8243.94,Completed,None
PRJ-001481,AST-0010858,Laptop,EOL within 24 months,2026,2026-11-12,,2149.33,Not Started,Application Dependency
PRJ-001482,AST-0018751,VDI Endpoint,EOL within 24 months,2027,2027-09-28,2027-12-03,827.69,Completed,Security Exception
PRJ-001483,AST-0008459,Laptop,EOL within 24 months,2028,2028-12-01,,2881.59,In Progress,Vendor Lead Time
PRJ-001484,AST-0003280,Laptop,EOL within 12 months,2027,2027-02-08,,2059.93,Deferred,Application Dependency
PRJ-001485,AST-0008803,Laptop,EOL within 24 months,2028,2028-04-12,,2950.01,In Progress,Vendor Lead Time
PRJ-001486,AST-0018217,Desktop,EOL within 24 months,2027,2027-08-11,,1034.3,Planning,Security Exception
PRJ-001487,AST-0012958,Laptop,EOL within 12 months,2026,2026-10-25,,1490.38,Planning,None
PRJ-001488,AST-0012193,Laptop,Past EOL,2027,2027-11-15,2027-10-16,1748.17,Completed,Security Exception
PRJ-001489,AST-0009510,Laptop,EOL within 12 months,2027,2027-07-27,,2008.24,Deferred,Budget Approval
PRJ-001490,AST-0013050,Laptop,Past EOL,2027,2027-04-29,2027-05-31,1744.24,Completed,Branch Scheduling
PRJ-001491,AST-0000108,Laptop,EOL within 24 months,2028,2028-12-16,,2197.07,Planning,Change Freeze
PRJ-001492,AST-0016510,Desktop,EOL within 24 months,2027,2027-06-06,,1196.96,Deferred,Change Freeze
PRJ-001493,AST-0013019,Laptop,EOL within 24 months,2026,2026-10-26,,2160.66,Planning,Vendor Lead Time
PRJ-001494,AST-0021542,Access Switch,EOL within 24 months,2028,2028-02-08,,5282.75,Planning,Security Exception
PRJ-001495,AST-0016322,Desktop,EOL within 12 months,2028,2028-03-04,,1120.0,In Progress,Application Dependency
PRJ-001496,AST-0008486,Laptop,Past EOL,2027,2027-02-18,,1685.32,Not Started,Vendor Lead Time
PRJ-001497,AST-0003456,Laptop,EOL within 12 months,2027,2027-03-19,,1681.99,Not Started,Budget Approval
PRJ-001498,AST-0003672,Laptop,EOL within 12 months,2027,2027-08-08,2027-07-25,2073.97,Completed,Vendor Lead Time
PRJ-001499,AST-0009170,Laptop,EOL within 24 months,2026,2026-09-20,2026-11-24,2579.42,Completed,Branch Scheduling
PRJ-001500,AST-0005239,Laptop,Past EOL,2026,2026-10-21,,1670.33,Not Started,Change Freeze
PRJ-001501,AST-0005689,Laptop,Past EOL,2026,2026-11-02,2026-10-25,1576.2,Completed,Application Dependency
PRJ-001502,AST-0008683,Laptop,EOL within 12 months,2028,2028-03-26,,1587.96,Deferred,Security Exception
PRJ-001503,AST-0016028,Desktop,EOL within 24 months,2027,2027-07-30,,1272.16,Deferred,Branch Scheduling
PRJ-001504,AST-0015766,Desktop,EOL within 24 months,2028,2028-02-03,,1298.72,Planning,Security Exception
PRJ-001505,AST-0016290,Desktop,EOL within 24 months,2026,2026-12-21,,989.54,In Progress,Branch Scheduling
PRJ-001506,AST-0012169,Laptop,Past EOL,2028,2028-10-27,2028-11-25,1936.78,Completed,Security Exception
PRJ-001507,AST-0016782,Desktop,EOL within 24 months,2028,2028-12-10,,1116.23,In Progress,Budget Approval
PRJ-001508,AST-0017353,Desktop,EOL within 12 months,2028,2028-08-13,,1042.4,Planning,Budget Approval
PRJ-001509,AST-0007624,Laptop,Past EOL,2028,2028-02-12,,1566.93,Planning,Budget Approval
PRJ-001510,AST-0014709,Desktop,EOL within 24 months,2028,2028-12-28,,921.13,Planning,Application Dependency
PRJ-001511,AST-0002645,Laptop,EOL within 24 months,2028,2028-06-06,,2807.44,Blocked,Application Dependency
PRJ-001512,AST-0022744,Core Switch,EOL within 24 months,2028,2028-05-08,2028-07-18,20653.1,Completed,Vendor Lead Time
PRJ-001513,AST-0023435,Wireless Access Point,EOL within 12 months,2028,2028-04-18,,832.09,Not Started,Change Freeze
PRJ-001514,AST-0008475,Laptop,EOL within 24 months,2028,2028-02-02,,1995.7,Not Started,Application Dependency
PRJ-001515,AST-0019484,VDI Endpoint,EOL within 12 months,2027,2027-01-15,,1270.65,Not Started,Branch Scheduling
PRJ-001516,AST-0018304,Desktop,EOL within 12 months,2028,2028-01-30,,1148.28,Not Started,Branch Scheduling
PRJ-001517,AST-0008208,Laptop,Past EOL,2028,2028-08-25,,1829.87,Planning,Application Dependency
PRJ-001518,AST-0005413,Laptop,Past EOL,2026,2026-12-23,2026-11-24,1581.46,Completed,Change Freeze
PRJ-001519,AST-0015389,Desktop,EOL within 12 months,2027,2027-12-15,,1064.76,Planning,Branch Scheduling
PRJ-001520,AST-0018336,Desktop,EOL within 12 months,2028,2028-08-20,,1067.42,Not Started,Vendor Lead Time
PRJ-001521,AST-0009428,Laptop,EOL within 12 months,2027,2027-02-08,,2044.07,Deferred,Security Exception
PRJ-001522,AST-0019184,VDI Endpoint,EOL within 24 months,2028,2028-08-06,,1044.51,Deferred,Security Exception
PRJ-001523,AST-0006034,Laptop,Past EOL,2028,2028-05-31,,1793.39,Planning,None
PRJ-001524,AST-0022704,Core Switch,EOL within 24 months,2028,2028-09-28,,26535.04,Blocked,Change Freeze
PRJ-001525,AST-0005425,Laptop,Past EOL,2028,2028-03-15,,1419.11,Not Started,Vendor Lead Time
PRJ-001526,AST-0013657,Laptop,Past EOL,2027,2027-01-28,,1665.21,Planning,None
PRJ-001527,AST-0011616,Laptop,Past EOL,2026,2026-06-29,,1904.91,Deferred,Application Dependency
PRJ-001528,AST-0013794,Laptop,EOL within 24 months,2026,2026-07-29,,1527.09,Not Started,Security Exception
PRJ-001529,AST-0016871,Desktop,EOL within 24 months,2028,2028-02-07,2028-03-08,858.8,Completed,Budget Approval
PRJ-001530,AST-0012209,Laptop,EOL within 12 months,2028,2028-07-01,,1706.09,Planning,Branch Scheduling
PRJ-001531,AST-0023016,Router,EOL within 12 months,2027,2027-09-15,,6317.31,Planning,Budget Approval
PRJ-001532,AST-0022875,Router,EOL within 12 months,2027,2027-09-10,,13271.92,Not Started,Budget Approval
PRJ-001533,AST-0011731,Laptop,EOL within 12 months,2026,2026-12-08,,1609.23,Not Started,Vendor Lead Time
PRJ-001534,AST-0018748,VDI Endpoint,EOL within 24 months,2028,2028-05-05,2028-05-18,830.72,Completed,Security Exception
PRJ-001535,AST-0022389,Access Switch,EOL within 24 months,2026,2026-11-10,2026-10-23,8894.8,Completed,Security Exception
PRJ-001536,AST-0007134,Laptop,EOL within 12 months,2027,2027-06-03,,1435.03,In Progress,Application Dependency
PRJ-001537,AST-0013993,Laptop,Past EOL,2027,2027-11-22,,1771.58,In Progress,Budget Approval
PRJ-001538,AST-0000153,Laptop,Past EOL,2027,2027-10-31,,1887.33,Not Started,None
PRJ-001539,AST-0005484,Laptop,EOL within 24 months,2028,2028-07-06,,3095.85,In Progress,None
PRJ-001540,AST-0004367,Laptop,Past EOL,2028,2028-09-28,,1512.09,Planning,Application Dependency
PRJ-001541,AST-0003097,Laptop,Past EOL,2026,2026-11-19,,1628.9,Planning,Branch Scheduling
PRJ-001542,AST-0000477,Laptop,EOL within 12 months,2027,2027-07-13,2027-08-09,2133.14,Completed,Budget Approval
PRJ-001543,AST-0012969,Laptop,Past EOL,2028,2028-06-23,,1905.57,In Progress,Security Exception
PRJ-001544,AST-0006073,Laptop,Past EOL,2027,2027-02-28,,1609.49,Not Started,Branch Scheduling
PRJ-001545,AST-0016703,Desktop,EOL within 24 months,2028,2028-05-05,,956.39,Deferred,Vendor Lead Time
PRJ-001546,AST-0010912,Laptop,EOL within 12 months,2026,2026-07-16,,1517.54,In Progress,Change Freeze
PRJ-001547,AST-0002338,Laptop,EOL within 12 months,2028,2028-09-15,2028-11-12,1676.73,Completed,Branch Scheduling
PRJ-001548,AST-0015791,Desktop,EOL within 24 months,2026,2026-09-26,,1029.65,Planning,Change Freeze
PRJ-001549,AST-0001500,Laptop,EOL within 12 months,2028,2028-02-23,,2067.15,Deferred,Branch Scheduling
PRJ-001550,AST-0022737,Core Switch,EOL within 24 months,2028,2028-04-09,,20345.17,Not Started,None
PRJ-001551,AST-0013104,Laptop,EOL within 24 months,2026,2026-08-19,,1504.75,In Progress,Application Dependency
PRJ-001552,AST-0008760,Laptop,Past EOL,2026,2026-10-16,,1792.65,Not Started,None
PRJ-001553,AST-0000870,Laptop,EOL within 12 months,2027,2027-11-05,,2091.38,In Progress,None
PRJ-001554,AST-0014706,Desktop,EOL within 24 months,2028,2028-06-11,,1157.96,Not Started,Budget Approval
PRJ-001555,AST-0017911,Desktop,EOL within 12 months,2028,2028-09-23,,979.81,Planning,Branch Scheduling
PRJ-001556,AST-0019646,VDI Endpoint,EOL within 24 months,2027,2027-04-23,,1210.15,Planning,Application Dependency
PRJ-001557,AST-0008908,Laptop,EOL within 12 months,2028,2028-09-28,,2106.22,Blocked,None
PRJ-001558,AST-0003386,Laptop,EOL within 12 months,2028,2028-07-02,,2039.31,Not Started,Vendor Lead Time
PRJ-001559,AST-0019018,VDI Endpoint,EOL within 12 months,2028,2028-05-25,,1295.84,Not Started,Vendor Lead Time
PRJ-001560,AST-0017021,Desktop,EOL within 24 months,2026,2026-09-24,,1009.46,Not Started,None
PRJ-001561,AST-0010567,Laptop,EOL within 12 months,2026,2026-08-10,,1885.77,Deferred,Branch Scheduling
PRJ-001562,AST-0002347,Laptop,EOL within 24 months,2027,2027-04-16,,3468.07,Blocked,None
PRJ-001563,AST-0001749,Laptop,EOL within 24 months,2028,2028-02-29,2028-03-04,3635.46,Completed,Application Dependency
PRJ-001564,AST-0010898,Laptop,Past EOL,2028,2028-04-10,,1676.24,Planning,Application Dependency
PRJ-001565,AST-0007886,Laptop,EOL within 24 months,2028,2028-08-24,,2457.42,Planning,Change Freeze
PRJ-001566,AST-0013296,Laptop,EOL within 12 months,2027,2027-09-01,,1627.42,Planning,None
PRJ-001567,AST-0000552,Laptop,EOL within 12 months,2028,2028-08-27,2028-10-03,1897.71,Completed,Vendor Lead Time
PRJ-001568,AST-0007477,Laptop,EOL within 24 months,2027,2027-07-24,,2112.69,Planning,Budget Approval
PRJ-001569,AST-0006699,Laptop,EOL within 24 months,2026,2026-09-28,2026-12-16,2126.97,Completed,Application Dependency
PRJ-001570,AST-0018432,Desktop,EOL within 12 months,2028,2028-04-18,,1290.11,Planning,Security Exception
PRJ-001571,AST-0021977,Access Switch,EOL within 24 months,2027,2027-08-06,2027-07-20,6537.41,Completed,Budget Approval
PRJ-001572,AST-0004909,Laptop,EOL within 12 months,2027,2027-04-19,,1763.22,Planning,Application Dependency
PRJ-001573,AST-0001455,Laptop,Past EOL,2027,2027-05-29,,1930.83,In Progress,Change Freeze
PRJ-001574,AST-0012704,Laptop,Past EOL,2027,2027-01-05,,1856.23,Deferred,Vendor Lead Time
PRJ-001575,AST-0019369,VDI Endpoint,EOL within 12 months,2027,2027-03-24,,1279.79,Deferred,Budget Approval
PRJ-001576,AST-0014152,Desktop,EOL within 12 months,2027,2027-01-26,2027-02-21,1202.13,Completed,Vendor Lead Time
PRJ-001577,AST-0018906,VDI Endpoint,EOL within 24 months,2028,2028-03-19,,983.95,Not Started,Change Freeze
PRJ-001578,AST-0009659,Laptop,EOL within 12 months,2027,2027-09-30,2027-12-22,1763.84,Completed,None
PRJ-001579,AST-0015518,Desktop,EOL within 24 months,2027,2027-05-22,,1275.37,Not Started,Change Freeze
PRJ-001580,AST-0000976,Laptop,EOL within 24 months,2027,2027-06-18,,1651.21,Deferred,Budget Approval
PRJ-001581,AST-0009232,Laptop,Past EOL,2027,2027-02-19,,1849.79,In Progress,None
PRJ-001582,AST-0014294,Desktop,EOL within 24 months,2028,2028-03-09,2028-03-29,1303.17,Completed,Budget Approval
PRJ-001583,AST-0009244,Laptop,EOL within 12 months,2027,2027-05-10,,1702.58,In Progress,None
PRJ-001584,AST-0014227,Desktop,EOL within 24 months,2028,2028-07-02,,1270.63,Deferred,Application Dependency
PRJ-001585,AST-0010048,Laptop,EOL within 24 months,2027,2027-02-11,,1707.2,Not Started,Budget Approval
PRJ-001586,AST-0010034,Laptop,Past EOL,2028,2028-04-23,,1587.35,Not Started,Branch Scheduling
PRJ-001587,AST-0019077,VDI Endpoint,EOL within 12 months,2028,2028-10-13,,1081.04,Planning,None
PRJ-001588,AST-0008087,Laptop,EOL within 24 months,2028,2028-02-01,2028-04-11,2204.0,Completed,Change Freeze
PRJ-001589,AST-0009109,Laptop,EOL within 12 months,2027,2027-05-16,,2080.84,Not Started,Vendor Lead Time
PRJ-001590,AST-0008160,Laptop,EOL within 24 months,2027,2027-07-25,,1523.07,Not Started,Security Exception
PRJ-001591,AST-0002509,Laptop,EOL within 24 months,2028,2028-10-07,,3805.52,Not Started,Security Exception
PRJ-001592,AST-0007473,Laptop,EOL within 12 months,2028,2028-05-25,,1597.69,Not Started,Budget Approval
PRJ-001593,AST-0017441,Desktop,EOL within 12 months,2028,2028-04-12,,1365.6,Not Started,Budget Approval
PRJ-001594,AST-0008949,Laptop,EOL within 24 months,2028,2028-05-07,,3439.36,In Progress,Budget Approval
PRJ-001595,AST-0017285,Desktop,EOL within 24 months,2028,2028-01-27,,857.76,In Progress,Branch Scheduling
PRJ-001596,AST-0015927,Desktop,EOL within 24 months,2027,2027-07-18,,1009.92,Deferred,Application Dependency
PRJ-001597,AST-0007071,Laptop,EOL within 12 months,2027,2027-02-21,,1674.1,Not Started,Branch Scheduling
PRJ-001598,AST-0012473,Laptop,Past EOL,2026,2026-06-17,,1354.34,Not Started,None
PRJ-001599,AST-0002685,Laptop,EOL within 24 months,2027,2027-02-08,,2392.96,In Progress,Application Dependency
PRJ-001600,AST-0013121,Laptop,Past EOL,2026,2026-09-19,,1390.25,Deferred,Security Exception
PRJ-001601,AST-0013920,Laptop,Past EOL,2027,2027-11-27,,1709.0,Planning,Vendor Lead Time
PRJ-001602,AST-0011500,Laptop,Past EOL,2026,2026-11-21,,1719.39,Planning,Application Dependency
PRJ-001603,AST-0023932,Storage,EOL within 24 months,2028,2028-07-07,2028-10-02,112875.68,Completed,Branch Scheduling
PRJ-001604,AST-0010932,Laptop,Past EOL,2027,2027-08-12,,1453.65,In Progress,Branch Scheduling
PRJ-001605,AST-0004141,Laptop,EOL within 12 months,2027,2027-06-08,,1903.36,Planning,Security Exception
PRJ-001606,AST-0001664,Laptop,EOL within 12 months,2028,2028-10-24,,1715.29,Planning,Vendor Lead Time
PRJ-001607,AST-0001052,Laptop,Past EOL,2028,2028-08-09,,1680.12,Deferred,Branch Scheduling
PRJ-001608,AST-0012165,Laptop,EOL within 12 months,2027,2027-02-01,,2126.7,Not Started,Budget Approval
PRJ-001609,AST-0015405,Desktop,EOL within 12 months,2027,2027-09-08,,1046.93,Planning,Budget Approval
PRJ-001610,AST-0007759,Laptop,EOL within 24 months,2027,2027-05-13,2027-05-24,2309.6,Completed,None
PRJ-001611,AST-0015655,Desktop,EOL within 24 months,2028,2028-06-12,,1105.54,Not Started,Application Dependency
PRJ-001612,AST-0004952,Laptop,EOL within 24 months,2028,2028-08-23,,1594.65,Not Started,Branch Scheduling
PRJ-001613,AST-0009045,Laptop,EOL within 12 months,2028,2028-03-21,2028-04-21,1464.79,Completed,Branch Scheduling
PRJ-001614,AST-0011055,Laptop,Past EOL,2028,2028-12-12,2029-02-22,1771.08,Completed,Budget Approval
PRJ-001615,AST-0019804,VDI Endpoint,EOL within 24 months,2028,2028-12-11,,1160.15,In Progress,Security Exception
PRJ-001616,AST-0006203,Laptop,EOL within 24 months,2027,2027-01-19,2027-03-09,1885.95,Completed,Vendor Lead Time
PRJ-001617,AST-0008670,Laptop,Past EOL,2028,2028-03-06,,1930.69,Planning,Branch Scheduling
PRJ-001618,AST-0016224,Desktop,EOL within 12 months,2027,2027-08-03,2027-10-14,1000.67,Completed,Branch Scheduling
PRJ-001619,AST-0004850,Laptop,EOL within 24 months,2027,2027-11-17,,1621.93,Not Started,Security Exception
PRJ-001620,AST-0000556,Laptop,EOL within 12 months,2027,2027-09-18,,1547.4,Deferred,Security Exception
PRJ-001621,AST-0001175,Laptop,EOL within 24 months,2027,2027-04-22,,1842.58,Not Started,Budget Approval
PRJ-001622,AST-0018509,VDI Endpoint,EOL within 12 months,2027,2027-11-27,,995.59,Not Started,Change Freeze
PRJ-001623,AST-0001904,Laptop,Past EOL,2026,2026-10-06,,1604.01,Deferred,None
PRJ-001624,AST-0018870,VDI Endpoint,EOL within 24 months,2026,2026-06-17,,834.08,Planning,None
PRJ-001625,AST-0018350,Desktop,EOL within 24 months,2028,2028-06-23,,1087.96,Deferred,Security Exception
PRJ-001626,AST-0022337,Access Switch,EOL within 24 months,2027,2027-06-27,,5373.61,Not Started,None
PRJ-001627,AST-0013699,Laptop,Past EOL,2028,2028-03-24,,1933.72,Planning,Change Freeze
PRJ-001628,AST-0002992,Laptop,EOL within 12 months,2028,2028-04-22,,1575.48,Planning,None
PRJ-001629,AST-0015650,Desktop,EOL within 12 months,2028,2028-04-18,,977.74,Planning,Change Freeze
PRJ-001630,AST-0015898,Desktop,EOL within 12 months,2027,2027-08-20,,1146.37,In Progress,Vendor Lead Time
PRJ-001631,AST-0008897,Laptop,EOL within 12 months,2028,2028-04-20,,1986.55,In Progress,Budget Approval
PRJ-001632,AST-0017280,Desktop,EOL within 24 months,2027,2027-06-18,,1256.51,In Progress,Branch Scheduling
PRJ-001633,AST-0017820,Desktop,EOL within 12 months,2027,2027-10-07,,1341.47,Planning,Change Freeze
PRJ-001634,AST-0006643,Laptop,EOL within 12 months,2027,2027-10-01,2027-10-26,1545.16,Completed,Budget Approval
PRJ-001635,AST-0015368,Desktop,EOL within 12 months,2027,2027-06-11,,1129.01,Deferred,Security Exception
PRJ-001636,AST-0004117,Laptop,EOL within 12 months,2028,2028-01-29,,1636.41,In Progress,Application Dependency
PRJ-001637,AST-0018466,Desktop,EOL within 12 months,2026,2026-07-28,2026-08-12,1049.71,Completed,None
PRJ-001638,AST-0008817,Laptop,Past EOL,2027,2027-06-28,,1922.45,Not Started,Budget Approval
PRJ-001639,AST-0002290,Laptop,EOL within 12 months,2026,2026-10-23,,1888.24,Blocked,Application Dependency
PRJ-001640,AST-0023258,Wireless Access Point,EOL within 12 months,2028,2028-03-13,,898.94,Not Started,Branch Scheduling
PRJ-001641,AST-0011124,Laptop,EOL within 24 months,2028,2028-09-25,2028-10-12,1526.32,Completed,Vendor Lead Time
PRJ-001642,AST-0023906,Storage,EOL within 24 months,2027,2027-05-02,2027-05-18,88560.82,Completed,Application Dependency
PRJ-001643,AST-0019229,VDI Endpoint,EOL within 24 months,2027,2027-03-02,,1068.58,In Progress,Branch Scheduling
PRJ-001644,AST-0014739,Desktop,EOL within 24 months,2028,2028-06-06,,1144.84,Not Started,Application Dependency
PRJ-001645,AST-0016225,Desktop,EOL within 24 months,2026,2026-10-05,,984.66,Planning,Application Dependency
PRJ-001646,AST-0007448,Laptop,EOL within 12 months,2026,2026-09-04,,1492.31,Not Started,Security Exception
PRJ-001647,AST-0014130,Desktop,EOL within 24 months,2028,2028-02-22,,1101.82,Not Started,Budget Approval
PRJ-001648,AST-0022153,Access Switch,EOL within 24 months,2028,2028-01-27,,5046.73,Deferred,Budget Approval
PRJ-001649,AST-0023371,Wireless Access Point,EOL within 24 months,2026,2026-12-16,,1101.08,Planning,Branch Scheduling
PRJ-001650,AST-0016118,Desktop,EOL within 12 months,2028,2028-03-30,,1385.69,In Progress,Application Dependency
PRJ-001651,AST-0005621,Laptop,EOL within 24 months,2027,2027-03-02,,1857.99,Planning,Vendor Lead Time
PRJ-001652,AST-0009313,Laptop,Past EOL,2028,2028-11-12,,1383.86,Planning,Application Dependency
PRJ-001653,AST-0008841,Laptop,Past EOL,2027,2027-07-07,,1523.97,Not Started,Security Exception
PRJ-001654,AST-0017350,Desktop,EOL within 12 months,2027,2027-06-04,2027-07-25,1417.01,Completed,None
PRJ-001655,AST-0002884,Laptop,Past EOL,2028,2028-03-03,,1690.74,Not Started,Change Freeze
PRJ-001656,AST-0017404,Desktop,EOL within 24 months,2026,2026-09-10,,1165.89,Not Started,Change Freeze
PRJ-001657,AST-0008345,Laptop,EOL within 24 months,2027,2027-09-17,2027-09-02,2205.99,Completed,Change Freeze
PRJ-001658,AST-0005324,Laptop,EOL within 12 months,2028,2028-05-01,2028-06-21,1497.87,Completed,Application Dependency
PRJ-001659,AST-0020263,Server,EOL within 24 months,2027,2027-04-21,,16151.72,In Progress,Budget Approval
PRJ-001660,AST-0000633,Laptop,Past EOL,2028,2028-11-07,2029-01-31,1586.16,Completed,Budget Approval
PRJ-001661,AST-0009010,Laptop,Past EOL,2028,2028-09-07,2028-10-05,1514.25,Completed,Vendor Lead Time
PRJ-001662,AST-0016758,Desktop,EOL within 24 months,2027,2027-08-29,,1326.17,Planning,Branch Scheduling
PRJ-001663,AST-0018090,Desktop,EOL within 24 months,2026,2026-06-04,2026-06-20,1200.1,Completed,Change Freeze
PRJ-001664,AST-0009028,Laptop,Past EOL,2027,2027-12-10,,1485.7,Not Started,Vendor Lead Time
PRJ-001665,AST-0016972,Desktop,EOL within 24 months,2026,2026-07-23,,946.12,In Progress,Change Freeze
PRJ-001666,AST-0019403,VDI Endpoint,EOL within 24 months,2027,2027-05-26,,840.96,Not Started,Branch Scheduling
PRJ-001667,AST-0010572,Laptop,EOL within 12 months,2027,2027-02-20,,2077.4,Planning,Branch Scheduling
PRJ-001668,AST-0008574,Laptop,EOL within 24 months,2028,2028-03-30,,2076.54,Deferred,None
PRJ-001669,AST-0010035,Laptop,EOL within 24 months,2028,2028-10-29,,1786.43,Deferred,Vendor Lead Time
PRJ-001670,AST-0010641,Laptop,EOL within 24 months,2028,2028-02-19,2028-04-19,3724.46,Completed,Application Dependency
PRJ-001671,AST-0007016,Laptop,Past EOL,2028,2028-08-26,,1576.04,In Progress,Vendor Lead Time
PRJ-001672,AST-0005737,Laptop,EOL within 24 months,2026,2026-10-19,,1573.62,In Progress,Security Exception
PRJ-001673,AST-0016455,Desktop,EOL within 12 months,2028,2028-10-07,,1039.0,Planning,None
PRJ-001674,AST-0014920,Desktop,EOL within 12 months,2028,2028-10-04,,1084.26,In Progress,Change Freeze
PRJ-001675,AST-0020775,Server,EOL within 24 months,2027,2027-12-05,,12117.9,Not Started,None
PRJ-001676,AST-0019154,VDI Endpoint,EOL within 12 months,2028,2028-07-28,,1183.34,In Progress,Vendor Lead Time
PRJ-001677,AST-0022945,Router,EOL within 12 months,2026,2026-11-23,,10727.75,Planning,Branch Scheduling
PRJ-001678,AST-0001641,Laptop,Past EOL,2028,2028-01-19,,1714.74,In Progress,None
PRJ-001679,AST-0010604,Laptop,EOL within 24 months,2027,2027-04-24,,3016.96,In Progress,Application Dependency
PRJ-001680,AST-0000457,Laptop,EOL within 24 months,2028,2028-08-09,,2742.35,Deferred,Branch Scheduling
PRJ-001681,AST-0014752,Desktop,EOL within 24 months,2027,2027-04-17,,1329.66,Blocked,Vendor Lead Time
PRJ-001682,AST-0003942,Laptop,EOL within 12 months,2026,2026-12-24,,1990.74,Planning,Budget Approval
PRJ-001683,AST-0002230,Laptop,EOL within 24 months,2026,2026-12-27,,2583.07,Planning,Application Dependency
PRJ-001684,AST-0009205,Laptop,EOL within 12 months,2026,2026-09-21,,2083.77,Planning,None
PRJ-001685,AST-0010397,Laptop,EOL within 24 months,2028,2028-07-30,2028-07-04,1754.98,Completed,Branch Scheduling
PRJ-001686,AST-0005169,Laptop,Past EOL,2028,2028-08-26,,1449.04,In Progress,Security Exception
PRJ-001687,AST-0010527,Laptop,EOL within 12 months,2027,2027-03-01,,1587.35,Not Started,Change Freeze
PRJ-001688,AST-0018288,Desktop,EOL within 24 months,2028,2028-01-16,2028-03-22,1163.11,Completed,Security Exception
PRJ-001689,AST-0016520,Desktop,EOL within 24 months,2028,2028-08-28,,1307.16,Deferred,None
PRJ-001690,AST-0004714,Laptop,EOL within 24 months,2026,2026-06-24,,1935.7,In Progress,Security Exception
PRJ-001691,AST-0010740,Laptop,EOL within 24 months,2027,2027-11-04,,1576.19,Not Started,Application Dependency
PRJ-001692,AST-0018653,VDI Endpoint,EOL within 24 months,2026,2026-09-22,,1128.85,Planning,None
PRJ-001693,AST-0005496,Laptop,EOL within 12 months,2028,2028-04-15,,1679.82,In Progress,Change Freeze
PRJ-001694,AST-0004910,Laptop,EOL within 12 months,2028,2028-01-17,,1940.06,In Progress,Vendor Lead Time
PRJ-001695,AST-0023890,Wireless Controller,EOL within 24 months,2027,2027-10-20,,12209.1,Not Started,Budget Approval
PRJ-001696,AST-0006626,Laptop,EOL within 24 months,2027,2027-08-01,,2258.06,Not Started,Vendor Lead Time
PRJ-001697,AST-0011260,Laptop,EOL within 12 months,2027,2027-09-19,,1900.49,Deferred,Application Dependency
PRJ-001698,AST-0006769,Laptop,Past EOL,2028,2028-12-16,,1989.59,Blocked,Application Dependency
PRJ-001699,AST-0004283,Laptop,EOL within 12 months,2027,2027-01-05,,2010.34,In Progress,Budget Approval
PRJ-001700,AST-0009594,Laptop,Past EOL,2027,2027-10-11,,1901.71,In Progress,Security Exception
PRJ-001701,AST-0011492,Laptop,Past EOL,2027,2027-05-29,,1613.32,Not Started,Vendor Lead Time
PRJ-001702,AST-0009350,Laptop,EOL within 12 months,2026,2026-06-04,,2018.39,Not Started,None
PRJ-001703,AST-0002870,Laptop,Past EOL,2027,2027-08-29,,2011.6,Planning,Vendor Lead Time
PRJ-001704,AST-0017150,Desktop,EOL within 24 months,2028,2028-12-08,2028-11-17,881.36,Completed,Branch Scheduling
PRJ-001705,AST-0023173,Firewall,EOL within 12 months,2028,2028-02-14,,59505.21,In Progress,None
PRJ-001706,AST-0017765,Desktop,EOL within 12 months,2026,2026-08-26,,970.71,In Progress,Vendor Lead Time
PRJ-001707,AST-0004214,Laptop,EOL within 12 months,2028,2028-11-02,2028-11-07,1742.13,Completed,Branch Scheduling
PRJ-001708,AST-0022877,Router,EOL within 12 months,2028,2028-02-16,,7623.63,Deferred,Application Dependency
PRJ-001709,AST-0021839,Access Switch,EOL within 24 months,2028,2028-02-17,,4767.88,Not Started,Change Freeze
PRJ-001710,AST-0022014,Access Switch,EOL within 24 months,2028,2028-04-06,,6738.09,Planning,Security Exception
PRJ-001711,AST-0020859,Server,EOL within 24 months,2027,2027-02-10,,12604.43,Planning,Security Exception
PRJ-001712,AST-0000762,Laptop,EOL within 24 months,2027,2027-03-12,,2677.75,In Progress,None
PRJ-001713,AST-0017445,Desktop,EOL within 12 months,2028,2028-04-12,,1152.88,Blocked,Application Dependency
PRJ-001714,AST-0009447,Laptop,Past EOL,2027,2027-10-14,,1754.77,Blocked,Budget Approval
PRJ-001715,AST-0006658,Laptop,EOL within 24 months,2028,2028-05-28,,2012.91,Planning,Branch Scheduling
PRJ-001716,AST-0001691,Laptop,EOL within 12 months,2026,2026-09-30,,1998.63,Not Started,Vendor Lead Time
PRJ-001717,AST-0019716,VDI Endpoint,EOL within 12 months,2026,2026-12-04,,1052.24,Planning,Application Dependency
PRJ-001718,AST-0000244,Laptop,Past EOL,2028,2028-12-27,2029-03-24,1446.72,Completed,Budget Approval
PRJ-001719,AST-0018136,Desktop,EOL within 24 months,2028,2028-05-14,,1246.84,In Progress,Change Freeze
PRJ-001720,AST-0009699,Laptop,EOL within 24 months,2028,2028-08-31,2028-11-27,1817.42,Completed,Application Dependency
PRJ-001721,AST-0008778,Laptop,Past EOL,2028,2028-02-01,,1342.97,Deferred,Change Freeze
PRJ-001722,AST-0018454,Desktop,EOL within 24 months,2028,2028-08-29,,974.52,Planning,Branch Scheduling
PRJ-001723,AST-0005180,Laptop,Past EOL,2026,2026-12-19,2026-12-22,1600.78,Completed,Application Dependency
PRJ-001724,AST-0009220,Laptop,Past EOL,2027,2027-10-01,,1965.16,In Progress,None
PRJ-001725,AST-0003916,Laptop,EOL within 24 months,2027,2027-04-12,,2277.86,Deferred,None
PRJ-001726,AST-0005946,Laptop,Past EOL,2026,2026-06-19,,1439.18,Planning,Budget Approval
PRJ-001727,AST-0001114,Laptop,EOL within 24 months,2027,2027-12-13,,1770.32,Deferred,None
PRJ-001728,AST-0021863,Access Switch,EOL within 24 months,2027,2027-11-05,,5777.79,In Progress,Vendor Lead Time
PRJ-001729,AST-0015727,Desktop,EOL within 24 months,2027,2027-06-09,,1088.71,Planning,Change Freeze
PRJ-001730,AST-0011519,Laptop,EOL within 12 months,2027,2027-03-22,,1541.66,Planning,Budget Approval
PRJ-001731,AST-0005854,Laptop,EOL within 24 months,2028,2028-04-26,,1565.57,In Progress,Branch Scheduling
PRJ-001732,AST-0020489,Server,EOL within 24 months,2027,2027-05-01,,14784.28,Planning,Vendor Lead Time
PRJ-001733,AST-0010768,Laptop,EOL within 24 months,2026,2026-08-17,,1694.5,Planning,Application Dependency
PRJ-001734,AST-0006462,Laptop,EOL within 12 months,2027,2027-07-21,,1988.21,In Progress,Vendor Lead Time
PRJ-001735,AST-0005043,Laptop,Past EOL,2028,2028-02-16,,1941.76,Not Started,Security Exception
PRJ-001736,AST-0022236,Access Switch,EOL within 24 months,2028,2028-04-01,,6773.14,In Progress,Application Dependency
PRJ-001737,AST-0021786,Access Switch,EOL within 24 months,2027,2027-10-16,,6367.63,Planning,Branch Scheduling
PRJ-001738,AST-0004394,Laptop,Past EOL,2027,2027-07-29,,1868.72,Deferred,Application Dependency
PRJ-001739,AST-0006538,Laptop,EOL within 24 months,2027,2027-12-19,,3635.93,In Progress,Application Dependency
PRJ-001740,AST-0022215,Access Switch,EOL within 24 months,2026,2026-07-05,,8840.93,Planning,Vendor Lead Time
PRJ-001741,AST-0008088,Laptop,Past EOL,2027,2027-07-29,,1452.63,Planning,Security Exception
PRJ-001742,AST-0022947,Router,EOL within 12 months,2027,2027-10-21,,10602.56,Planning,Application Dependency
PRJ-001743,AST-0019533,VDI Endpoint,EOL within 24 months,2028,2028-02-11,,1161.05,Planning,None
PRJ-001744,AST-0008910,Laptop,EOL within 12 months,2026,2026-09-10,,1748.65,Not Started,Budget Approval
PRJ-001745,AST-0019626,VDI Endpoint,EOL within 24 months,2027,2027-07-01,,1019.5,Planning,Vendor Lead Time
PRJ-001746,AST-0000240,Laptop,EOL within 12 months,2028,2028-05-25,,1529.53,Not Started,Security Exception
PRJ-001747,AST-0016252,Desktop,EOL within 24 months,2026,2026-06-27,,961.99,Planning,Application Dependency
PRJ-001748,AST-0020080,Server,EOL within 24 months,2027,2027-01-19,,13355.91,Blocked,Change Freeze
PRJ-001749,AST-0006239,Laptop,Past EOL,2026,2026-10-14,,1392.92,Planning,Vendor Lead Time
PRJ-001750,AST-0014210,Desktop,EOL within 24 months,2028,2028-12-09,,1011.11,Planning,Vendor Lead Time
PRJ-001751,AST-0017374,Desktop,EOL within 24 months,2028,2028-04-20,,983.82,In Progress,Change Freeze
PRJ-001752,AST-0009945,Laptop,EOL within 12 months,2028,2028-07-28,2028-10-19,1739.81,Completed,None
PRJ-001753,AST-0015005,Desktop,EOL within 12 months,2027,2027-09-10,,1014.86,In Progress,Budget Approval
PRJ-001754,AST-0015116,Desktop,EOL within 24 months,2028,2028-04-12,,1215.13,Planning,Application Dependency
PRJ-001755,AST-0009139,Laptop,EOL within 12 months,2027,2027-05-29,,1736.26,In Progress,None
PRJ-001756,AST-0004287,Laptop,EOL within 12 months,2028,2028-09-03,,2026.2,Planning,Vendor Lead Time
PRJ-001757,AST-0002372,Laptop,Past EOL,2027,2027-05-26,,1881.67,Not Started,Branch Scheduling
PRJ-001758,AST-0000198,Laptop,EOL within 24 months,2028,2028-06-17,,2186.65,In Progress,Security Exception
PRJ-001759,AST-0009107,Laptop,Past EOL,2028,2028-03-29,,1744.57,Not Started,Branch Scheduling
PRJ-001760,AST-0008034,Laptop,EOL within 24 months,2026,2026-10-26,,2610.3,Deferred,None
PRJ-001761,AST-0006436,Laptop,EOL within 24 months,2027,2027-02-26,,1671.39,Planning,Change Freeze
PRJ-001762,AST-0008360,Laptop,EOL within 12 months,2028,2028-01-28,,1503.12,Planning,Branch Scheduling
PRJ-001763,AST-0000498,Laptop,EOL within 24 months,2028,2028-09-19,,2216.89,In Progress,None
PRJ-001764,AST-0001842,Laptop,Past EOL,2027,2027-08-20,,1559.14,In Progress,Security Exception
PRJ-001765,AST-0022872,Router,EOL within 12 months,2028,2028-01-03,,12880.08,Planning,Vendor Lead Time
PRJ-001766,AST-0016889,Desktop,EOL within 24 months,2027,2027-03-15,,1221.53,Not Started,Change Freeze
PRJ-001767,AST-0019707,VDI Endpoint,EOL within 12 months,2027,2027-01-03,,1276.77,Planning,None
PRJ-001768,AST-0012863,Laptop,EOL within 24 months,2026,2026-07-08,,3802.02,In Progress,Budget Approval
PRJ-001769,AST-0017728,Desktop,EOL within 24 months,2026,2026-12-30,,1226.07,Not Started,Vendor Lead Time
PRJ-001770,AST-0015651,Desktop,EOL within 12 months,2026,2026-12-03,,1379.33,In Progress,Change Freeze
PRJ-001771,AST-0008915,Laptop,Past EOL,2028,2028-06-01,,1925.95,Deferred,Vendor Lead Time
PRJ-001772,AST-0009259,Laptop,EOL within 24 months,2028,2028-04-16,,1934.54,In Progress,Vendor Lead Time
PRJ-001773,AST-0005185,Laptop,EOL within 12 months,2027,2027-09-09,,1883.91,Not Started,Vendor Lead Time
PRJ-001774,AST-0005524,Laptop,EOL within 12 months,2027,2027-12-04,,2052.63,Planning,Application Dependency
PRJ-001775,AST-0021939,Access Switch,EOL within 24 months,2027,2027-11-09,,6712.64,Planning,Change Freeze
PRJ-001776,AST-0006601,Laptop,Past EOL,2027,2027-11-08,,1581.38,Deferred,Security Exception
PRJ-001777,AST-0014009,Desktop,EOL within 24 months,2028,2028-12-12,,1023.99,Deferred,Branch Scheduling
PRJ-001778,AST-0005206,Laptop,Past EOL,2027,2027-11-02,,1809.7,Planning,Application Dependency
PRJ-001779,AST-0008005,Laptop,Past EOL,2028,2028-07-12,,1809.33,Deferred,Application Dependency
PRJ-001780,AST-0022103,Access Switch,EOL within 24 months,2026,2026-08-10,,9078.72,Planning,Vendor Lead Time
PRJ-001781,AST-0019580,VDI Endpoint,EOL within 24 months,2026,2026-09-06,,1041.78,In Progress,None
PRJ-001782,AST-0023374,Wireless Access Point,EOL within 24 months,2027,2027-01-05,,988.39,Not Started,Vendor Lead Time
PRJ-001783,AST-0003371,Laptop,EOL within 12 months,2028,2028-12-14,2029-03-13,1894.72,Completed,Change Freeze
PRJ-001784,AST-0006355,Laptop,EOL within 24 months,2028,2028-10-19,,1884.41,Not Started,Application Dependency
PRJ-001785,AST-0000958,Laptop,EOL within 12 months,2026,2026-11-26,,1582.85,Planning,None
PRJ-001786,AST-0011166,Laptop,EOL within 24 months,2027,2027-03-21,,2566.96,Planning,Budget Approval
PRJ-001787,AST-0006367,Laptop,EOL within 24 months,2026,2026-09-12,,3704.84,Planning,Budget Approval
PRJ-001788,AST-0002651,Laptop,EOL within 12 months,2029,2029-01-01,,2035.77,Planning,Security Exception
PRJ-001789,AST-0000193,Laptop,Past EOL,2027,2027-06-20,2027-06-16,1816.9,Completed,Security Exception
PRJ-001790,AST-0011409,Laptop,EOL within 12 months,2027,2027-03-29,,1793.79,Planning,None
PRJ-001791,AST-0017731,Desktop,EOL within 12 months,2028,2028-12-07,,1168.55,Planning,Branch Scheduling
PRJ-001792,AST-0013656,Laptop,Past EOL,2027,2027-05-30,,1627.65,Planning,Branch Scheduling
PRJ-001793,AST-0012434,Laptop,EOL within 12 months,2026,2026-10-13,,1778.77,Not Started,Budget Approval
PRJ-001794,AST-0015541,Desktop,EOL within 12 months,2026,2026-07-15,,1113.18,Planning,Branch Scheduling
PRJ-001795,AST-0006934,Laptop,EOL within 12 months,2027,2027-11-30,,1450.48,Planning,Application Dependency
PRJ-001796,AST-0010901,Laptop,EOL within 24 months,2026,2026-10-16,,3132.91,Not Started,Vendor Lead Time
PRJ-001797,AST-0015608,Desktop,EOL within 12 months,2027,2027-02-06,,1244.56,In Progress,Branch Scheduling
PRJ-001798,AST-0021949,Access Switch,EOL within 24 months,2028,2028-02-05,,6814.6,Not Started,Application Dependency
PRJ-001799,AST-0012504,Laptop,EOL within 24 months,2028,2028-08-15,,1518.52,Planning,Branch Scheduling
PRJ-001800,AST-0019244,VDI Endpoint,EOL within 24 months,2028,2028-02-01,,1036.58,Not Started,Vendor Lead Time
PRJ-001801,AST-0016513,Desktop,EOL within 12 months,2027,2027-05-10,,1103.16,Not Started,Security Exception
PRJ-001802,AST-0005720,Laptop,EOL within 12 months,2028,2028-01-16,,2213.53,Planning,Vendor Lead Time
PRJ-001803,AST-0018081,Desktop,EOL within 12 months,2027,2027-06-17,,1111.45,Planning,Vendor Lead Time
PRJ-001804,AST-0021053,Server,EOL within 24 months,2028,2028-03-30,,12501.64,Planning,Vendor Lead Time
PRJ-001805,AST-0007530,Laptop,EOL within 24 months,2028,2028-03-01,,2037.88,Deferred,Security Exception
PRJ-001806,AST-0013209,Laptop,EOL within 12 months,2027,2027-09-26,2027-12-24,1460.72,Completed,None
PRJ-001807,AST-0002712,Laptop,EOL within 24 months,2028,2028-07-28,2028-10-07,1688.81,Completed,None
PRJ-001808,AST-0019358,VDI Endpoint,EOL within 24 months,2028,2028-03-12,,1104.68,In Progress,Security Exception
PRJ-001809,AST-0019193,VDI Endpoint,EOL within 24 months,2028,2028-03-13,,883.78,Not Started,None
PRJ-001810,AST-0010478,Laptop,EOL within 24 months,2026,2026-11-01,,1634.13,In Progress,Application Dependency
PRJ-001811,AST-0014067,Desktop,EOL within 12 months,2027,2027-11-21,,1228.89,Planning,None
PRJ-001812,AST-0009230,Laptop,Past EOL,2027,2027-08-20,,1481.62,Not Started,Branch Scheduling
PRJ-001813,AST-0013729,Laptop,EOL within 24 months,2027,2027-02-22,,3339.12,Not Started,None
PRJ-001814,AST-0018997,VDI Endpoint,EOL within 12 months,2028,2028-10-13,,1249.22,Not Started,Security Exception
PRJ-001815,AST-0000083,Laptop,Past EOL,2027,2027-12-08,,2007.64,Blocked,Security Exception
PRJ-001816,AST-0023046,Firewall,EOL within 12 months,2026,2026-12-23,,22322.1,Not Started,Security Exception
PRJ-001817,AST-0016837,Desktop,EOL within 12 months,2028,2028-03-30,,1258.66,Planning,Security Exception
PRJ-001818,AST-0021803,Access Switch,EOL within 24 months,2028,2028-04-07,2028-05-14,8233.83,Completed,Application Dependency
PRJ-001819,AST-0017083,Desktop,EOL within 24 months,2027,2027-02-08,,1021.75,Deferred,Change Freeze
PRJ-001820,AST-0012361,Laptop,EOL within 12 months,2026,2026-07-20,,1739.91,Planning,Application Dependency
PRJ-001821,AST-0011923,Laptop,EOL within 12 months,2028,2028-10-10,,1538.76,Not Started,Change Freeze
PRJ-001822,AST-0003662,Laptop,EOL within 24 months,2029,2029-01-02,,1589.25,Deferred,Budget Approval
PRJ-001823,AST-0013246,Laptop,EOL within 24 months,2028,2028-09-18,,1820.88,In Progress,None
PRJ-001824,AST-0012800,Laptop,Past EOL,2028,2028-10-09,2028-10-01,1911.45,Completed,Budget Approval
PRJ-001825,AST-0019801,VDI Endpoint,EOL within 12 months,2027,2027-07-30,,1384.74,Planning,Change Freeze
PRJ-001826,AST-0003941,Laptop,EOL within 12 months,2028,2028-01-29,,1687.85,Planning,Vendor Lead Time
PRJ-001827,AST-0008848,Laptop,Past EOL,2028,2028-03-02,,1555.27,Planning,Budget Approval
PRJ-001828,AST-0015483,Desktop,EOL within 24 months,2028,2028-09-10,,909.63,Not Started,Branch Scheduling
PRJ-001829,AST-0003006,Laptop,EOL within 24 months,2027,2027-05-12,,3387.47,Planning,Vendor Lead Time
PRJ-001830,AST-0013062,Laptop,Past EOL,2027,2027-03-06,2027-04-05,1920.34,Completed,None
PRJ-001831,AST-0006726,Laptop,EOL within 24 months,2027,2027-08-10,,3341.18,Deferred,Application Dependency
PRJ-001832,AST-0001625,Laptop,Past EOL,2028,2028-03-28,,1733.35,Deferred,None
PRJ-001833,AST-0005377,Laptop,EOL within 24 months,2028,2028-08-25,,1769.4,Not Started,None
PRJ-001834,AST-0007644,Laptop,Past EOL,2026,2026-09-02,,1661.37,Blocked,Branch Scheduling
PRJ-001835,AST-0007698,Laptop,EOL within 12 months,2028,2028-09-07,,2040.3,Deferred,Change Freeze
PRJ-001836,AST-0019417,VDI Endpoint,EOL within 12 months,2027,2027-08-09,,1452.63,Not Started,Vendor Lead Time
PRJ-001837,AST-0008220,Laptop,EOL within 24 months,2027,2027-05-01,,1978.4,Not Started,Change Freeze
PRJ-001838,AST-0018721,VDI Endpoint,EOL within 12 months,2028,2028-12-28,,1031.43,Not Started,None
PRJ-001839,AST-0001596,Laptop,Past EOL,2028,2028-11-28,2028-11-12,1895.46,Completed,Branch Scheduling
PRJ-001840,AST-0002978,Laptop,EOL within 12 months,2027,2027-02-23,2027-03-19,1869.4,Completed,Branch Scheduling
PRJ-001841,AST-0018303,Desktop,EOL within 12 months,2027,2027-09-19,,957.19,Planning,Budget Approval
PRJ-001842,AST-0018920,VDI Endpoint,EOL within 24 months,2026,2026-06-25,,837.35,In Progress,Security Exception
PRJ-001843,AST-0015331,Desktop,EOL within 24 months,2027,2027-08-07,,1028.07,In Progress,None
PRJ-001844,AST-0017413,Desktop,EOL within 12 months,2028,2028-01-27,,1180.15,In Progress,None
PRJ-001845,AST-0018947,VDI Endpoint,EOL within 12 months,2028,2028-03-01,,1102.13,Deferred,Change Freeze
PRJ-001846,AST-0020969,Server,EOL within 24 months,2028,2028-09-03,,11841.6,In Progress,Budget Approval
PRJ-001847,AST-0006651,Laptop,EOL within 24 months,2027,2027-12-20,,2098.11,Planning,None
PRJ-001848,AST-0000803,Laptop,Past EOL,2027,2027-08-22,,1356.06,Not Started,Security Exception
PRJ-001849,AST-0006659,Laptop,EOL within 12 months,2026,2026-12-26,,1804.67,Planning,Application Dependency
PRJ-001850,AST-0006048,Laptop,Past EOL,2027,2027-08-25,,1468.76,Not Started,Branch Scheduling
PRJ-001851,AST-0011215,Laptop,Past EOL,2028,2028-10-07,,1877.51,Not Started,Application Dependency
PRJ-001852,AST-0016791,Desktop,EOL within 24 months,2026,2026-12-04,,1168.23,In Progress,Security Exception
PRJ-001853,AST-0001107,Laptop,Past EOL,2028,2028-04-30,2028-06-04,1615.2,Completed,Vendor Lead Time
PRJ-001854,AST-0011486,Laptop,Past EOL,2026,2026-10-15,,1947.25,In Progress,Vendor Lead Time
PRJ-001855,AST-0008907,Laptop,EOL within 24 months,2026,2026-08-19,,3370.07,Not Started,Security Exception
PRJ-001856,AST-0002103,Laptop,EOL within 24 months,2028,2028-09-11,,1962.59,Planning,Vendor Lead Time
PRJ-001857,AST-0015233,Desktop,EOL within 12 months,2027,2027-11-26,,1293.38,Deferred,Security Exception
PRJ-001858,AST-0007527,Laptop,EOL within 12 months,2028,2028-01-17,,1503.4,Not Started,Vendor Lead Time
PRJ-001859,AST-0010830,Laptop,EOL within 24 months,2026,2026-11-06,2026-10-07,2041.9,Completed,None
PRJ-001860,AST-0013941,Laptop,EOL within 12 months,2027,2027-01-18,,1856.64,Planning,Application Dependency
PRJ-001861,AST-0005673,Laptop,Past EOL,2026,2026-12-23,,1561.23,In Progress,Change Freeze
PRJ-001862,AST-0011282,Laptop,Past EOL,2028,2028-05-14,,1757.78,Planning,Vendor Lead Time
PRJ-001863,AST-0011686,Laptop,Past EOL,2028,2028-04-14,,1749.02,In Progress,Security Exception
PRJ-001864,AST-0004179,Laptop,EOL within 24 months,2027,2027-01-21,,2078.19,Deferred,Security Exception
PRJ-001865,AST-0018988,VDI Endpoint,EOL within 24 months,2028,2028-09-28,,1120.9,Not Started,Vendor Lead Time
PRJ-001866,AST-0020906,Server,EOL within 24 months,2028,2028-12-01,2029-01-31,15824.76,Completed,Branch Scheduling
PRJ-001867,AST-0017205,Desktop,EOL within 24 months,2028,2028-01-20,,1238.5,In Progress,Application Dependency
PRJ-001868,AST-0023234,Wireless Access Point,EOL within 24 months,2027,2027-11-27,,1532.87,Planning,None
PRJ-001869,AST-0006591,Laptop,Past EOL,2027,2027-03-08,,1871.32,In Progress,Security Exception
PRJ-001870,AST-0004414,Laptop,EOL within 12 months,2027,2027-02-06,,1841.3,In Progress,Branch Scheduling
PRJ-001871,AST-0013754,Laptop,EOL within 12 months,2028,2028-02-26,,1470.6,Deferred,Change Freeze
PRJ-001872,AST-0005072,Laptop,EOL within 24 months,2026,2026-11-28,,2010.26,Planning,Application Dependency
PRJ-001873,AST-0012972,Laptop,EOL within 12 months,2027,2027-06-12,,1732.2,Not Started,Branch Scheduling
PRJ-001874,AST-0014338,Desktop,EOL within 24 months,2027,2027-10-06,,1159.58,Not Started,Budget Approval
PRJ-001875,AST-0014858,Desktop,EOL within 24 months,2027,2027-08-10,,1199.47,In Progress,None
PRJ-001876,AST-0014432,Desktop,EOL within 24 months,2028,2028-08-05,,975.42,Planning,Branch Scheduling
PRJ-001877,AST-0005212,Laptop,EOL within 24 months,2028,2028-05-26,,1500.81,Planning,Security Exception
PRJ-001878,AST-0005841,Laptop,EOL within 24 months,2028,2028-06-05,,2159.1,Planning,Vendor Lead Time
PRJ-001879,AST-0017206,Desktop,EOL within 24 months,2026,2026-07-30,,1238.43,In Progress,Budget Approval
PRJ-001880,AST-0015490,Desktop,EOL within 12 months,2027,2027-12-08,,1128.01,In Progress,Branch Scheduling
PRJ-001881,AST-0011887,Laptop,Past EOL,2028,2028-11-18,,1407.13,In Progress,Application Dependency
PRJ-001882,AST-0009445,Laptop,EOL within 24 months,2026,2026-10-19,,3721.54,Planning,Security Exception
PRJ-001883,AST-0012855,Laptop,Past EOL,2026,2026-12-01,,1514.23,Not Started,None
PRJ-001884,AST-0004619,Laptop,Past EOL,2028,2028-12-07,2029-01-24,1708.95,Completed,Application Dependency
PRJ-001885,AST-0004202,Laptop,EOL within 24 months,2027,2027-02-01,,3556.97,In Progress,Security Exception
PRJ-001886,AST-0006869,Laptop,EOL within 12 months,2027,2027-07-19,,1729.81,Planning,Vendor Lead Time
PRJ-001887,AST-0008842,Laptop,EOL within 24 months,2028,2028-04-03,,3536.31,Blocked,None
PRJ-001888,AST-0005696,Laptop,EOL within 24 months,2028,2028-06-23,,2336.29,Planning,Branch Scheduling
PRJ-001889,AST-0015074,Desktop,EOL within 12 months,2026,2026-07-06,,1120.96,Not Started,Application Dependency
PRJ-001890,AST-0015439,Desktop,EOL within 24 months,2026,2026-10-13,,1095.52,Not Started,None
PRJ-001891,AST-0006539,Laptop,Past EOL,2026,2026-10-04,,1517.12,Not Started,Branch Scheduling
PRJ-001892,AST-0007035,Laptop,EOL within 12 months,2028,2028-03-08,,1807.5,Blocked,Security Exception
PRJ-001893,AST-0005544,Laptop,EOL within 12 months,2028,2028-09-29,,1811.16,Deferred,Application Dependency
PRJ-001894,AST-0008365,Laptop,Past EOL,2028,2028-07-30,,1888.23,In Progress,Vendor Lead Time
PRJ-001895,AST-0002808,Laptop,EOL within 24 months,2027,2027-06-24,2027-09-17,1778.99,Completed,None
PRJ-001896,AST-0009020,Laptop,Past EOL,2028,2028-01-29,,1380.11,Planning,None
PRJ-001897,AST-0012573,Laptop,EOL within 24 months,2027,2027-05-19,2027-08-02,1553.58,Completed,Application Dependency
PRJ-001898,AST-0015391,Desktop,EOL within 12 months,2027,2027-02-13,,1203.34,In Progress,None
PRJ-001899,AST-0003479,Laptop,Past EOL,2026,2026-12-27,,1359.84,In Progress,Application Dependency
PRJ-001900,AST-0013597,Laptop,Past EOL,2026,2026-08-12,,1872.01,Deferred,None
PRJ-001901,AST-0023809,Wireless Access Point,EOL within 24 months,2026,2026-07-16,,906.35,In Progress,Application Dependency
PRJ-001902,AST-0003144,Laptop,Past EOL,2026,2026-11-08,,1561.83,Blocked,Change Freeze
PRJ-001903,AST-0017967,Desktop,EOL within 24 months,2028,2028-11-04,2029-01-22,1195.35,Completed,Security Exception
PRJ-001904,AST-0006550,Laptop,EOL within 12 months,2027,2027-08-07,,1992.98,In Progress,Change Freeze
PRJ-001905,AST-0021753,Access Switch,EOL within 24 months,2028,2028-09-01,2028-10-10,8434.75,Completed,Vendor Lead Time
PRJ-001906,AST-0013563,Laptop,Past EOL,2027,2027-03-31,,1690.14,Not Started,Vendor Lead Time
PRJ-001907,AST-0017756,Desktop,EOL within 24 months,2027,2027-09-27,,878.19,In Progress,Application Dependency
PRJ-001908,AST-0006762,Laptop,EOL within 24 months,2028,2028-06-08,2028-08-15,2170.13,Completed,Budget Approval
PRJ-001909,AST-0007758,Laptop,EOL within 12 months,2028,2028-07-08,,1477.24,Blocked,None
PRJ-001910,AST-0020813,Server,EOL within 24 months,2028,2028-02-29,,12462.16,Deferred,Budget Approval
PRJ-001911,AST-0013776,Laptop,Past EOL,2027,2027-02-23,2027-02-22,1430.74,Completed,Vendor Lead Time
PRJ-001912,AST-0003812,Laptop,EOL within 12 months,2027,2027-09-30,,1581.74,In Progress,Application Dependency
PRJ-001913,AST-0004560,Laptop,EOL within 12 months,2026,2026-08-01,,2174.51,Not Started,Security Exception
PRJ-001914,AST-0021761,Access Switch,EOL within 24 months,2027,2027-09-26,,6151.45,Blocked,Change Freeze
PRJ-001915,AST-0019051,VDI Endpoint,EOL within 24 months,2026,2026-10-10,2026-10-22,1061.25,Completed,Security Exception
PRJ-001916,AST-0016852,Desktop,EOL within 24 months,2026,2026-09-21,,1235.35,Deferred,Vendor Lead Time
PRJ-001917,AST-0004652,Laptop,EOL within 24 months,2026,2026-07-24,2026-08-15,3500.42,Completed,None
PRJ-001918,AST-0001884,Laptop,Past EOL,2027,2027-01-26,,1923.09,Blocked,Application Dependency
PRJ-001919,AST-0000399,Laptop,EOL within 24 months,2027,2027-07-15,,1744.11,Planning,Application Dependency
PRJ-001920,AST-0008929,Laptop,Past EOL,2029,2029-01-01,,1435.02,Planning,None
PRJ-001921,AST-0015592,Desktop,EOL within 12 months,2026,2026-11-21,,1231.2,In Progress,None
PRJ-001922,AST-0018411,Desktop,EOL within 12 months,2027,2027-10-15,,1023.97,In Progress,Application Dependency
PRJ-001923,AST-0005520,Laptop,Past EOL,2027,2027-04-25,,1512.54,Not Started,Security Exception
PRJ-001924,AST-0005730,Laptop,Past EOL,2028,2028-05-13,,1972.77,Deferred,Security Exception
PRJ-001925,AST-0010734,Laptop,EOL within 12 months,2028,2028-02-14,,2134.17,Not Started,Change Freeze
PRJ-001926,AST-0001527,Laptop,EOL within 24 months,2028,2028-06-23,,2760.02,Not Started,Security Exception
PRJ-001927,AST-0016305,Desktop,EOL within 12 months,2027,2027-01-07,,1312.5,Deferred,Application Dependency
PRJ-001928,AST-0003787,Laptop,Past EOL,2028,2028-07-30,,1974.22,Planning,Change Freeze
PRJ-001929,AST-0013165,Laptop,Past EOL,2028,2028-05-16,,1352.71,Not Started,Change Freeze
PRJ-001930,AST-0001084,Laptop,EOL within 12 months,2028,2028-11-24,,1898.22,Planning,Security Exception
PRJ-001931,AST-0011675,Laptop,EOL within 24 months,2026,2026-11-02,2026-12-24,2095.42,Completed,Application Dependency
PRJ-001932,AST-0016116,Desktop,EOL within 12 months,2027,2027-12-23,,1404.6,Not Started,Application Dependency
PRJ-001933,AST-0007748,Laptop,EOL within 12 months,2027,2027-11-08,2027-12-29,1834.86,Completed,Change Freeze
PRJ-001934,AST-0006376,Laptop,EOL within 24 months,2028,2028-05-30,2028-05-12,1701.0,Completed,Security Exception
PRJ-001935,AST-0009360,Laptop,EOL within 24 months,2026,2026-12-12,2027-01-03,1516.02,Completed,Vendor Lead Time
PRJ-001936,AST-0004611,Laptop,EOL within 24 months,2027,2027-04-26,,1589.47,Planning,Application Dependency
PRJ-001937,AST-0009678,Laptop,EOL within 24 months,2028,2028-01-09,,2337.25,Planning,Security Exception
PRJ-001938,AST-0014360,Desktop,EOL within 24 months,2028,2028-02-11,,1258.7,In Progress,None
PRJ-001939,AST-0012746,Laptop,EOL within 24 months,2028,2028-10-28,,1985.21,In Progress,None
PRJ-001940,AST-0009414,Laptop,EOL within 24 months,2027,2027-11-29,,2347.12,In Progress,Budget Approval
PRJ-001941,AST-0013157,Laptop,Past EOL,2027,2027-04-03,,1489.15,In Progress,Change Freeze
PRJ-001942,AST-0019683,VDI Endpoint,EOL within 12 months,2026,2026-11-25,,1435.78,Planning,Change Freeze
PRJ-001943,AST-0006358,Laptop,EOL within 12 months,2028,2028-02-25,,1643.04,Deferred,Vendor Lead Time
PRJ-001944,AST-0002005,Laptop,Past EOL,2027,2027-05-27,,1846.48,Planning,Budget Approval
PRJ-001945,AST-0022943,Router,EOL within 12 months,2026,2026-09-22,2026-10-06,8332.02,Completed,Security Exception
PRJ-001946,AST-0004166,Laptop,Past EOL,2027,2027-10-21,,1757.58,Not Started,Vendor Lead Time
PRJ-001947,AST-0000588,Laptop,EOL within 24 months,2028,2028-02-18,,2044.98,Planning,Change Freeze
PRJ-001948,AST-0010930,Laptop,EOL within 12 months,2026,2026-06-30,,2094.57,Not Started,Change Freeze
PRJ-001949,AST-0016606,Desktop,EOL within 12 months,2027,2027-11-21,,1287.66,Blocked,Application Dependency
PRJ-001950,AST-0004322,Laptop,Past EOL,2028,2028-12-09,,1670.42,Not Started,None
PRJ-001951,AST-0010663,Laptop,EOL within 24 months,2028,2028-07-25,,1648.01,In Progress,None
PRJ-001952,AST-0011948,Laptop,EOL within 24 months,2026,2026-12-01,,1565.69,Not Started,Security Exception
PRJ-001953,AST-0011821,Laptop,EOL within 24 months,2027,2027-11-02,,2230.13,Planning,Change Freeze
PRJ-001954,AST-0001877,Laptop,EOL within 12 months,2026,2026-11-15,,1661.17,Planning,Budget Approval
PRJ-001955,AST-0004766,Laptop,EOL within 24 months,2026,2026-06-23,2026-07-26,2001.38,Completed,Budget Approval
PRJ-001956,AST-0020571,Server,EOL within 24 months,2028,2028-08-30,,10900.2,Planning,Vendor Lead Time
PRJ-001957,AST-0018804,VDI Endpoint,EOL within 24 months,2026,2026-08-10,,887.67,Not Started,Application Dependency
PRJ-001958,AST-0023838,Wireless Access Point,EOL within 24 months,2027,2027-09-26,,1114.49,In Progress,Security Exception
PRJ-001959,AST-0017213,Desktop,EOL within 12 months,2027,2027-03-16,,1134.71,Deferred,Branch Scheduling
PRJ-001960,AST-0003630,Laptop,Past EOL,2027,2027-01-30,,1535.7,Planning,Vendor Lead Time
PRJ-001961,AST-0009819,Laptop,EOL within 12 months,2026,2026-08-19,,1564.88,In Progress,Change Freeze
PRJ-001962,AST-0002851,Laptop,EOL within 12 months,2028,2028-03-06,,1791.06,Deferred,Application Dependency
PRJ-001963,AST-0016211,Desktop,EOL within 24 months,2026,2026-12-28,,1103.04,Deferred,Change Freeze
PRJ-001964,AST-0022783,Router,EOL within 12 months,2028,2028-04-27,,12761.39,In Progress,Budget Approval
PRJ-001965,AST-0023101,Firewall,EOL within 24 months,2027,2027-05-14,,8277.63,Planning,Vendor Lead Time
PRJ-001966,AST-0001773,Laptop,Past EOL,2026,2026-12-03,,1856.91,Planning,Security Exception
PRJ-001967,AST-0015396,Desktop,EOL within 12 months,2027,2027-07-19,2027-09-05,1097.08,Completed,Branch Scheduling
PRJ-001968,AST-0021742,Access Switch,EOL within 24 months,2028,2028-12-17,,7100.12,Not Started,Application Dependency
PRJ-001969,AST-0004395,Laptop,EOL within 12 months,2027,2027-03-20,,1833.32,Planning,Budget Approval
PRJ-001970,AST-0010128,Laptop,EOL within 24 months,2027,2027-06-17,,1745.79,Deferred,Budget Approval
PRJ-001971,AST-0001553,Laptop,Past EOL,2028,2028-02-21,,1761.15,Deferred,Vendor Lead Time
PRJ-001972,AST-0014875,Desktop,EOL within 12 months,2027,2027-09-15,,948.85,Deferred,Change Freeze
PRJ-001973,AST-0001675,Laptop,EOL within 24 months,2028,2028-08-07,2028-11-03,2073.61,Completed,Security Exception
PRJ-001974,AST-0018109,Desktop,EOL within 12 months,2028,2028-01-12,,1059.04,Deferred,Branch Scheduling
PRJ-001975,AST-0019922,VDI Endpoint,EOL within 24 months,2027,2027-04-09,,990.76,In Progress,Vendor Lead Time
PRJ-001976,AST-0017560,Desktop,EOL within 24 months,2028,2028-10-14,,1225.17,Planning,Application Dependency
PRJ-001977,AST-0002612,Laptop,EOL within 12 months,2026,2026-06-16,,1769.52,In Progress,Application Dependency
PRJ-001978,AST-0003815,Laptop,EOL within 12 months,2027,2027-04-23,,1812.61,Planning,Security Exception
PRJ-001979,AST-0019028,VDI Endpoint,EOL within 24 months,2028,2028-12-30,2029-02-08,1143.35,Completed,Branch Scheduling
PRJ-001980,AST-0016666,Desktop,EOL within 24 months,2028,2028-06-19,,1125.35,Deferred,Security Exception
PRJ-001981,AST-0016327,Desktop,EOL within 24 months,2026,2026-12-31,,1094.59,Planning,Branch Scheduling
PRJ-001982,AST-0014526,Desktop,EOL within 24 months,2026,2026-09-23,,1012.66,Planning,Application Dependency
PRJ-001983,AST-0011338,Laptop,Past EOL,2026,2026-09-18,,1901.69,Not Started,Security Exception
PRJ-001984,AST-0016275,Desktop,EOL within 24 months,2028,2028-04-05,,1157.7,Not Started,Branch Scheduling
PRJ-001985,AST-0009012,Laptop,EOL within 12 months,2027,2027-09-27,,1902.39,Planning,Budget Approval
PRJ-001986,AST-0011914,Laptop,EOL within 12 months,2028,2028-05-18,,1899.3,Not Started,Budget Approval
PRJ-001987,AST-0007146,Laptop,EOL within 12 months,2027,2027-04-21,,1741.58,Planning,Budget Approval
PRJ-001988,AST-0009961,Laptop,Past EOL,2028,2028-08-14,,1855.46,Planning,Vendor Lead Time
PRJ-001989,AST-0011884,Laptop,EOL within 24 months,2027,2027-03-20,,3071.62,In Progress,Vendor Lead Time
PRJ-001990,AST-0014604,Desktop,EOL within 24 months,2027,2027-09-28,2027-10-30,1149.79,Completed,Change Freeze
PRJ-001991,AST-0001566,Laptop,Past EOL,2028,2028-08-29,,1391.32,Deferred,None
PRJ-001992,AST-0014327,Desktop,EOL within 12 months,2028,2028-09-24,,1366.22,Planning,Change Freeze
PRJ-001993,AST-0005500,Laptop,EOL within 12 months,2028,2028-10-04,,1634.8,Not Started,Budget Approval
PRJ-001994,AST-0015593,Desktop,EOL within 24 months,2027,2027-01-23,,1269.98,Planning,Budget Approval
PRJ-001995,AST-0004622,Laptop,EOL within 24 months,2027,2027-05-07,,2017.45,Not Started,Security Exception
PRJ-001996,AST-0013127,Laptop,EOL within 12 months,2027,2027-07-22,2027-10-07,2204.04,Completed,Branch Scheduling
PRJ-001997,AST-0013675,Laptop,EOL within 24 months,2027,2027-04-13,,1833.31,In Progress,Vendor Lead Time
PRJ-001998,AST-0001607,Laptop,EOL within 24 months,2027,2027-12-19,,2153.5,Not Started,Branch Scheduling
PRJ-001999,AST-0013476,Laptop,EOL within 12 months,2028,2028-02-24,,1569.28,In Progress,Application Dependency
PRJ-002000,AST-0008955,Laptop,Past EOL,2027,2027-10-03,2027-11-12,1781.23,Completed,Budget Approval
PRJ-002001,AST-0007061,Laptop,Past EOL,2027,2027-11-15,,1822.83,Not Started,Change Freeze
PRJ-002002,AST-0019774,VDI Endpoint,EOL within 24 months,2027,2027-08-20,,828.7,Not Started,Change Freeze
PRJ-002003,AST-0016681,Desktop,EOL within 12 months,2027,2027-01-29,,1260.79,Blocked,Budget Approval
PRJ-002004,AST-0018526,VDI Endpoint,EOL within 12 months,2027,2027-09-19,,1240.9,Planning,Change Freeze
PRJ-002005,AST-0019934,VDI Endpoint,EOL within 24 months,2027,2027-06-07,,1042.89,Blocked,Budget Approval
PRJ-002006,AST-0014270,Desktop,EOL within 24 months,2028,2028-01-03,,902.36,In Progress,Application Dependency
PRJ-002007,AST-0017703,Desktop,EOL within 24 months,2027,2027-06-26,,968.11,Planning,Security Exception
PRJ-002008,AST-0019340,VDI Endpoint,EOL within 24 months,2028,2028-02-21,2028-02-21,1068.69,Completed,Vendor Lead Time
PRJ-002009,AST-0008268,Laptop,EOL within 12 months,2028,2028-02-12,,2065.45,In Progress,Vendor Lead Time
PRJ-002010,AST-0013272,Laptop,EOL within 24 months,2028,2028-07-07,,3762.0,Planning,None
PRJ-002011,AST-0017435,Desktop,EOL within 24 months,2028,2028-04-24,,945.56,In Progress,Budget Approval
PRJ-002012,AST-0010486,Laptop,EOL within 24 months,2026,2026-10-21,,2118.81,Not Started,Branch Scheduling
PRJ-002013,AST-0010990,Laptop,Past EOL,2027,2027-01-24,,2024.87,Blocked,Change Freeze
PRJ-002014,AST-0011634,Laptop,Past EOL,2027,2027-06-28,,1828.92,Not Started,Vendor Lead Time
PRJ-002015,AST-0015762,Desktop,EOL within 24 months,2027,2027-05-16,,1237.44,Blocked,Application Dependency
PRJ-002016,AST-0014657,Desktop,EOL within 24 months,2027,2027-01-04,2027-02-03,1276.12,Completed,Vendor Lead Time
PRJ-002017,AST-0014606,Desktop,EOL within 24 months,2028,2028-12-01,,1338.66,Planning,Security Exception
PRJ-002018,AST-0002620,Laptop,Past EOL,2027,2027-01-22,,1557.1,In Progress,Budget Approval
PRJ-002019,AST-0016306,Desktop,EOL within 24 months,2027,2027-02-14,,1310.25,Not Started,None
PRJ-002020,AST-0014159,Desktop,EOL within 12 months,2028,2028-09-02,,982.9,Deferred,None
PRJ-002021,AST-0006066,Laptop,Past EOL,2028,2028-02-22,,1308.18,In Progress,Change Freeze
PRJ-002022,AST-0002891,Laptop,EOL within 24 months,2028,2028-05-16,,2022.56,Not Started,Security Exception
PRJ-002023,AST-0018639,VDI Endpoint,EOL within 12 months,2028,2028-06-20,,1241.8,Planning,Vendor Lead Time
PRJ-002024,AST-0002826,Laptop,Past EOL,2026,2026-12-04,2027-02-11,2011.28,Completed,Vendor Lead Time
PRJ-002025,AST-0017051,Desktop,EOL within 24 months,2026,2026-11-08,,985.07,Planning,Change Freeze
PRJ-002026,AST-0023111,Firewall,EOL within 12 months,2027,2027-01-04,,43339.22,Deferred,None
PRJ-002027,AST-0006353,Laptop,EOL within 24 months,2028,2028-12-13,,2375.75,Not Started,Vendor Lead Time
PRJ-002028,AST-0005867,Laptop,Past EOL,2026,2026-09-26,,1936.61,Deferred,Budget Approval
PRJ-002029,AST-0019829,VDI Endpoint,EOL within 24 months,2026,2026-08-19,,1087.49,Not Started,Change Freeze
PRJ-002030,AST-0022831,Router,EOL within 12 months,2026,2026-08-24,,7433.26,In Progress,Vendor Lead Time
PRJ-002031,AST-0003519,Laptop,EOL within 24 months,2027,2027-08-12,,1947.01,Planning,Vendor Lead Time
PRJ-002032,AST-0015198,Desktop,EOL within 12 months,2028,2028-12-23,2028-12-08,1096.44,Completed,Application Dependency
PRJ-002033,AST-0019265,VDI Endpoint,EOL within 12 months,2027,2027-04-20,,1185.29,Not Started,Security Exception
PRJ-002034,AST-0014896,Desktop,EOL within 24 months,2028,2028-11-05,,1032.19,Not Started,Application Dependency
PRJ-002035,AST-0007077,Laptop,Past EOL,2027,2027-07-25,,1668.63,In Progress,Vendor Lead Time
PRJ-002036,AST-0010250,Laptop,EOL within 24 months,2028,2028-04-09,,3775.85,Not Started,Branch Scheduling
PRJ-002037,AST-0017218,Desktop,EOL within 12 months,2028,2028-05-01,,1176.25,Planning,None
PRJ-002038,AST-0005607,Laptop,EOL within 12 months,2026,2026-09-12,,1769.75,Deferred,Vendor Lead Time
PRJ-002039,AST-0019588,VDI Endpoint,EOL within 12 months,2028,2028-08-07,2028-10-13,999.54,Completed,Change Freeze
PRJ-002040,AST-0009673,Laptop,Past EOL,2027,2027-12-31,2027-12-08,1729.84,Completed,Vendor Lead Time
PRJ-002041,AST-0023080,Firewall,EOL within 24 months,2027,2027-11-13,,11556.09,In Progress,Change Freeze
PRJ-002042,AST-0007685,Laptop,Past EOL,2027,2027-09-06,,1867.3,Planning,Branch Scheduling
PRJ-002043,AST-0000482,Laptop,EOL within 12 months,2028,2028-03-31,,1551.3,Planning,Branch Scheduling
PRJ-002044,AST-0009399,Laptop,EOL within 24 months,2026,2026-09-21,,1504.06,Not Started,Change Freeze
PRJ-002045,AST-0004840,Laptop,EOL within 12 months,2027,2027-10-26,,1494.23,Blocked,Vendor Lead Time
PRJ-002046,AST-0020047,Server,EOL within 24 months,2027,2027-09-22,2027-11-20,12605.37,Completed,Security Exception
PRJ-002047,AST-0015441,Desktop,EOL within 12 months,2028,2028-03-16,,1175.0,Deferred,Change Freeze
PRJ-002048,AST-0000776,Laptop,EOL within 12 months,2026,2026-09-02,,1848.56,Not Started,Security Exception
PRJ-002049,AST-0016141,Desktop,EOL within 24 months,2027,2027-04-02,,1135.21,Not Started,Vendor Lead Time
PRJ-002050,AST-0013771,Laptop,EOL within 24 months,2027,2027-07-07,,1953.11,Not Started,Security Exception
PRJ-002051,AST-0023005,Router,EOL within 12 months,2026,2026-06-07,2026-07-22,6797.52,Completed,Budget Approval
PRJ-002052,AST-0009825,Laptop,EOL within 12 months,2026,2026-12-13,,1899.28,Planning,Branch Scheduling
PRJ-002053,AST-0017346,Desktop,EOL within 24 months,2026,2026-06-10,,1155.17,In Progress,Branch Scheduling
PRJ-002054,AST-0015697,Desktop,EOL within 24 months,2027,2027-06-08,2027-08-20,1234.91,Completed,Vendor Lead Time
PRJ-002055,AST-0020761,Server,EOL within 24 months,2026,2026-09-21,,13594.44,Deferred,Budget Approval
PRJ-002056,AST-0018585,VDI Endpoint,EOL within 24 months,2027,2027-11-08,,1075.07,Planning,Branch Scheduling
PRJ-002057,AST-0007450,Laptop,Past EOL,2026,2026-08-05,,1447.5,Planning,Vendor Lead Time
PRJ-002058,AST-0018328,Desktop,EOL within 24 months,2026,2026-10-20,,1250.52,Planning,None
PRJ-002059,AST-0003813,Laptop,EOL within 12 months,2028,2028-10-13,,1431.35,Planning,Application Dependency
PRJ-002060,AST-0011800,Laptop,Past EOL,2028,2028-01-15,,1649.3,Planning,Application Dependency
PRJ-002061,AST-0014979,Desktop,EOL within 12 months,2027,2027-01-29,,1284.58,In Progress,Change Freeze
PRJ-002062,AST-0003138,Laptop,Past EOL,2028,2028-07-29,,1863.23,Planning,Application Dependency
PRJ-002063,AST-0019195,VDI Endpoint,EOL within 24 months,2027,2027-05-03,,1136.33,Blocked,Budget Approval
PRJ-002064,AST-0016056,Desktop,EOL within 12 months,2028,2028-04-21,,1212.23,Blocked,Change Freeze
PRJ-002065,AST-0016765,Desktop,EOL within 12 months,2027,2027-10-30,,1198.29,Not Started,Application Dependency
PRJ-002066,AST-0019907,VDI Endpoint,EOL within 24 months,2028,2028-12-11,,1146.13,Deferred,Budget Approval
PRJ-002067,AST-0022263,Access Switch,EOL within 24 months,2027,2027-09-17,,5909.87,In Progress,Security Exception
PRJ-002068,AST-0016058,Desktop,EOL within 24 months,2028,2028-01-08,,1226.34,Planning,Change Freeze
PRJ-002069,AST-0019979,VDI Endpoint,EOL within 24 months,2026,2026-12-19,,894.95,Deferred,Branch Scheduling
PRJ-002070,AST-0018034,Desktop,EOL within 12 months,2027,2027-03-21,2027-05-25,1063.41,Completed,Security Exception
PRJ-002071,AST-0017650,Desktop,EOL within 24 months,2027,2027-05-14,,975.79,Not Started,None
PRJ-002072,AST-0014233,Desktop,EOL within 12 months,2026,2026-12-11,,1040.13,In Progress,None
PRJ-002073,AST-0008232,Laptop,EOL within 24 months,2026,2026-11-30,,1986.96,In Progress,None
PRJ-002074,AST-0003622,Laptop,EOL within 12 months,2027,2027-06-07,,1630.06,Blocked,Branch Scheduling
PRJ-002075,AST-0018742,VDI Endpoint,EOL within 24 months,2026,2026-06-15,,987.29,Blocked,None
PRJ-002076,AST-0002816,Laptop,Past EOL,2028,2028-09-14,,1500.16,Not Started,None
PRJ-002077,AST-0011196,Laptop,EOL within 24 months,2028,2028-10-14,,2139.16,In Progress,Security Exception
PRJ-002078,AST-0018302,Desktop,EOL within 24 months,2027,2027-07-01,,1132.91,In Progress,Vendor Lead Time
PRJ-002079,AST-0008054,Laptop,EOL within 12 months,2027,2027-06-24,,1557.91,Planning,Application Dependency
PRJ-002080,AST-0008990,Laptop,EOL within 24 months,2027,2027-08-23,,1790.75,Not Started,Change Freeze
PRJ-002081,AST-0017385,Desktop,EOL within 12 months,2027,2027-09-30,,1247.01,In Progress,None
PRJ-002082,AST-0001849,Laptop,EOL within 12 months,2026,2026-12-26,,1843.79,In Progress,Application Dependency
PRJ-002083,AST-0010507,Laptop,Past EOL,2027,2027-08-25,,1721.89,Not Started,Vendor Lead Time
PRJ-002084,AST-0011332,Laptop,EOL within 12 months,2027,2027-05-09,,2139.53,Not Started,Branch Scheduling
PRJ-002085,AST-0020445,Server,EOL within 24 months,2028,2028-09-22,,13420.94,Not Started,Budget Approval
PRJ-002086,AST-0005698,Laptop,EOL within 24 months,2028,2028-09-12,,1947.08,Planning,None
PRJ-002087,AST-0020833,Server,EOL within 24 months,2027,2027-11-02,,10875.02,In Progress,Budget Approval
PRJ-002088,AST-0014511,Desktop,EOL within 12 months,2028,2028-10-16,,1004.62,In Progress,Application Dependency
PRJ-002089,AST-0021082,Server,EOL within 24 months,2026,2026-08-10,2026-10-04,11337.72,Completed,Budget Approval
PRJ-002090,AST-0005174,Laptop,Past EOL,2027,2027-11-28,,1840.44,Planning,Branch Scheduling
PRJ-002091,AST-0008156,Laptop,EOL within 12 months,2028,2028-02-03,2028-03-23,2068.77,Completed,Application Dependency
PRJ-002092,AST-0009841,Laptop,EOL within 12 months,2026,2026-11-18,2027-02-12,1905.22,Completed,Branch Scheduling
PRJ-002093,AST-0002768,Laptop,Past EOL,2028,2028-09-17,,1840.98,Not Started,Application Dependency
PRJ-002094,AST-0015824,Desktop,EOL within 24 months,2028,2028-12-21,2029-01-08,1207.3,Completed,Branch Scheduling
PRJ-002095,AST-0011046,Laptop,EOL within 24 months,2028,2028-06-07,,1854.46,In Progress,Application Dependency
PRJ-002096,AST-0015165,Desktop,EOL within 12 months,2026,2026-12-29,,1014.29,Not Started,Change Freeze
PRJ-002097,AST-0011877,Laptop,Past EOL,2028,2028-09-23,,1571.79,Not Started,Vendor Lead Time
PRJ-002098,AST-0015532,Desktop,EOL within 24 months,2028,2028-06-07,,1166.36,Planning,Vendor Lead Time
PRJ-002099,AST-0012019,Laptop,Past EOL,2028,2028-03-15,,1508.7,Not Started,Branch Scheduling
PRJ-002100,AST-0016328,Desktop,EOL within 12 months,2028,2028-10-18,,1382.44,In Progress,Budget Approval
PRJ-002101,AST-0016334,Desktop,EOL within 24 months,2028,2028-04-05,,1231.6,Not Started,Change Freeze
PRJ-002102,AST-0007969,Laptop,Past EOL,2028,2028-03-16,,1765.35,Blocked,Application Dependency
PRJ-002103,AST-0010586,Laptop,EOL within 12 months,2027,2027-01-29,,1431.89,Deferred,Vendor Lead Time
PRJ-002104,AST-0015055,Desktop,EOL within 24 months,2027,2027-06-16,,1100.88,Planning,Change Freeze
PRJ-002105,AST-0019082,VDI Endpoint,EOL within 24 months,2026,2026-06-23,,832.39,Not Started,None
PRJ-002106,AST-0015164,Desktop,EOL within 24 months,2026,2026-08-09,,955.37,Planning,Branch Scheduling
PRJ-002107,AST-0005582,Laptop,EOL within 12 months,2028,2028-02-29,,1493.6,Blocked,Budget Approval
PRJ-002108,AST-0011563,Laptop,EOL within 24 months,2028,2028-11-17,,2423.74,Planning,Branch Scheduling
PRJ-002109,AST-0015108,Desktop,EOL within 12 months,2027,2027-05-10,,1284.72,In Progress,Budget Approval
PRJ-002110,AST-0014704,Desktop,EOL within 24 months,2028,2028-10-08,,951.81,Planning,Budget Approval
PRJ-002111,AST-0020821,Server,EOL within 24 months,2028,2028-08-28,,13482.95,Planning,Budget Approval
PRJ-002112,AST-0015395,Desktop,EOL within 24 months,2028,2028-05-11,,1059.25,Not Started,Change Freeze
PRJ-002113,AST-0011578,Laptop,EOL within 24 months,2026,2026-11-21,,2985.2,In Progress,Change Freeze
PRJ-002114,AST-0012835,Laptop,EOL within 12 months,2027,2027-12-19,,1928.57,In Progress,Application Dependency
PRJ-002115,AST-0009206,Laptop,Past EOL,2027,2027-11-29,,1948.33,Planning,Security Exception
PRJ-002116,AST-0014325,Desktop,EOL within 24 months,2027,2027-01-05,,985.57,Planning,Application Dependency
PRJ-002117,AST-0016274,Desktop,EOL within 24 months,2026,2026-06-18,,1273.95,Planning,Branch Scheduling
PRJ-002118,AST-0004004,Laptop,EOL within 12 months,2027,2027-12-04,,1550.15,Planning,Application Dependency
PRJ-002119,AST-0002488,Laptop,EOL within 24 months,2026,2026-10-02,,3474.73,Blocked,Change Freeze
PRJ-002120,AST-0011715,Laptop,Past EOL,2028,2028-06-04,2028-05-27,1521.46,Completed,Branch Scheduling
PRJ-002121,AST-0011811,Laptop,Past EOL,2026,2026-11-09,,1927.29,Deferred,None
PRJ-002122,AST-0016811,Desktop,EOL within 12 months,2027,2027-10-12,,1193.41,Not Started,None
PRJ-002123,AST-0013347,Laptop,Past EOL,2027,2027-05-24,,1389.08,In Progress,Change Freeze
PRJ-002124,AST-0012494,Laptop,Past EOL,2028,2028-04-15,,1691.84,Planning,Budget Approval
PRJ-002125,AST-0011097,Laptop,EOL within 12 months,2027,2027-12-28,,1591.23,Blocked,Security Exception
PRJ-002126,AST-0019202,VDI Endpoint,EOL within 12 months,2028,2028-01-03,,1083.19,Planning,Vendor Lead Time
PRJ-002127,AST-0013379,Laptop,Past EOL,2027,2027-06-11,,1377.95,In Progress,Change Freeze
PRJ-002128,AST-0000529,Laptop,EOL within 12 months,2027,2027-08-16,2027-08-28,1501.79,Completed,Branch Scheduling
PRJ-002129,AST-0015639,Desktop,EOL within 24 months,2028,2028-05-10,,1192.88,Planning,Change Freeze
PRJ-002130,AST-0008083,Laptop,EOL within 12 months,2027,2027-04-16,2027-05-12,2108.06,Completed,Application Dependency
PRJ-002131,AST-0022902,Router,EOL within 12 months,2027,2027-03-19,,13221.46,Not Started,Change Freeze
PRJ-002132,AST-0019039,VDI Endpoint,EOL within 12 months,2027,2027-01-30,,1461.92,Not Started,Security Exception
PRJ-002133,AST-0002449,Laptop,Past EOL,2028,2028-08-23,,1457.9,Blocked,None
PRJ-002134,AST-0004979,Laptop,EOL within 24 months,2027,2027-09-07,,2001.34,Blocked,Application Dependency
PRJ-002135,AST-0013494,Laptop,EOL within 12 months,2028,2028-08-10,,1507.44,Not Started,None
PRJ-002136,AST-0004961,Laptop,Past EOL,2027,2027-12-04,,1819.21,Not Started,Security Exception
PRJ-002137,AST-0003033,Laptop,Past EOL,2028,2028-04-09,2028-03-27,1365.25,Completed,Budget Approval
PRJ-002138,AST-0005754,Laptop,Past EOL,2028,2028-12-23,,1428.22,Planning,Application Dependency
PRJ-002139,AST-0001885,Laptop,EOL within 12 months,2028,2028-08-16,,1998.92,Not Started,None
PRJ-002140,AST-0012098,Laptop,EOL within 12 months,2027,2027-12-12,,2082.49,Not Started,Budget Approval
PRJ-002141,AST-0010386,Laptop,EOL within 24 months,2028,2028-07-14,2028-07-03,1936.13,Completed,None
PRJ-002142,AST-0013764,Laptop,EOL within 12 months,2027,2027-12-24,,2159.57,Planning,Budget Approval
PRJ-002143,AST-0021717,Access Switch,EOL within 24 months,2027,2027-08-09,,6835.72,Planning,None
PRJ-002144,AST-0006527,Laptop,Past EOL,2026,2026-07-01,,1654.04,Planning,None
PRJ-002145,AST-0008924,Laptop,EOL within 24 months,2027,2027-05-04,2027-07-13,1876.86,Completed,Budget Approval
PRJ-002146,AST-0013833,Laptop,EOL within 12 months,2028,2028-12-12,,1973.22,Not Started,Security Exception
PRJ-002147,AST-0004575,Laptop,EOL within 24 months,2026,2026-12-25,,1971.26,Planning,Change Freeze
PRJ-002148,AST-0013071,Laptop,EOL within 24 months,2027,2027-02-21,,2708.19,Not Started,Branch Scheduling
PRJ-002149,AST-0014801,Desktop,EOL within 24 months,2028,2028-01-23,,1023.73,Planning,Branch Scheduling
PRJ-002150,AST-0006863,Laptop,EOL within 12 months,2027,2027-10-31,,1579.99,Blocked,Vendor Lead Time
PRJ-002151,AST-0007067,Laptop,EOL within 24 months,2028,2028-04-18,,2213.47,In Progress,None
PRJ-002152,AST-0004982,Laptop,EOL within 24 months,2027,2027-11-17,,2583.75,Not Started,Application Dependency
PRJ-002153,AST-0016483,Desktop,EOL within 24 months,2028,2028-03-11,,1283.63,In Progress,Change Freeze
PRJ-002154,AST-0015998,Desktop,EOL within 12 months,2026,2026-07-18,,973.48,Not Started,Application Dependency
PRJ-002155,AST-0004154,Laptop,EOL within 24 months,2027,2027-02-14,,1706.91,Planning,Vendor Lead Time
PRJ-002156,AST-0016928,Desktop,EOL within 24 months,2028,2028-12-20,,1075.02,In Progress,Budget Approval
PRJ-002157,AST-0003682,Laptop,EOL within 24 months,2027,2027-10-13,,3087.78,Not Started,Branch Scheduling
PRJ-002158,AST-0009253,Laptop,EOL within 24 months,2027,2027-06-21,,3818.47,Not Started,Vendor Lead Time
PRJ-002159,AST-0002405,Laptop,EOL within 24 months,2027,2027-12-07,,2815.29,Deferred,Security Exception
PRJ-002160,AST-0018165,Desktop,EOL within 24 months,2027,2027-07-14,,979.29,In Progress,Security Exception
PRJ-002161,AST-0010588,Laptop,EOL within 12 months,2028,2028-09-12,,2158.58,In Progress,None
PRJ-002162,AST-0002229,Laptop,EOL within 12 months,2027,2027-12-10,,1993.35,Not Started,Vendor Lead Time
PRJ-002163,AST-0005727,Laptop,Past EOL,2026,2026-07-22,,1555.61,In Progress,Budget Approval
PRJ-002164,AST-0014471,Desktop,EOL within 24 months,2026,2026-11-03,,1087.64,Deferred,Branch Scheduling
PRJ-002165,AST-0008066,Laptop,EOL within 12 months,2026,2026-08-16,,2034.13,In Progress,Branch Scheduling
PRJ-002166,AST-0022360,Access Switch,EOL within 24 months,2027,2027-04-04,,4729.63,Deferred,None
PRJ-002167,AST-0004912,Laptop,Past EOL,2026,2026-11-08,,1646.64,Not Started,Application Dependency
PRJ-002168,AST-0015277,Desktop,EOL within 24 months,2028,2028-02-15,,1078.77,Planning,Branch Scheduling
PRJ-002169,AST-0011360,Laptop,Past EOL,2027,2027-10-15,,1442.7,In Progress,Branch Scheduling
PRJ-002170,AST-0008619,Laptop,EOL within 12 months,2027,2027-06-30,,1820.73,Not Started,Security Exception
PRJ-002171,AST-0007303,Laptop,EOL within 12 months,2027,2027-09-27,,1934.52,Planning,Application Dependency
PRJ-002172,AST-0023638,Wireless Access Point,EOL within 24 months,2027,2027-10-25,,1218.93,In Progress,Branch Scheduling
PRJ-002173,AST-0001725,Laptop,Past EOL,2028,2028-12-20,2029-02-03,1887.33,Completed,Vendor Lead Time
PRJ-002174,AST-0013413,Laptop,EOL within 12 months,2026,2026-11-03,,2025.9,Not Started,Change Freeze
PRJ-002175,AST-0013618,Laptop,EOL within 24 months,2027,2027-07-18,,3292.42,Not Started,Budget Approval
PRJ-002176,AST-0005729,Laptop,EOL within 12 months,2027,2027-11-22,,1476.09,Not Started,None
PRJ-002177,AST-0010310,Laptop,EOL within 24 months,2027,2027-01-09,,2992.65,In Progress,Vendor Lead Time
PRJ-002178,AST-0017451,Desktop,EOL within 24 months,2026,2026-07-22,2026-08-30,1168.94,Completed,Application Dependency
PRJ-002179,AST-0018399,Desktop,EOL within 24 months,2027,2027-10-05,2027-09-07,922.6,Completed,None
PRJ-002180,AST-0009442,Laptop,EOL within 24 months,2027,2027-09-25,,2335.84,Not Started,Security Exception
PRJ-002181,AST-0005031,Laptop,EOL within 24 months,2028,2028-11-22,,1843.39,Not Started,Security Exception
PRJ-002182,AST-0001535,Laptop,Past EOL,2028,2028-04-01,,1469.62,Planning,Budget Approval
PRJ-002183,AST-0009618,Laptop,EOL within 24 months,2026,2026-09-09,,1972.94,Not Started,Vendor Lead Time
PRJ-002184,AST-0016594,Desktop,EOL within 12 months,2028,2028-01-22,,1153.26,Planning,Security Exception
PRJ-002185,AST-0006150,Laptop,EOL within 24 months,2028,2028-11-13,,1768.74,In Progress,Change Freeze
PRJ-002186,AST-0007121,Laptop,EOL within 12 months,2026,2026-09-04,,1671.32,Planning,Application Dependency
PRJ-002187,AST-0000646,Laptop,EOL within 12 months,2028,2028-01-19,,1837.58,In Progress,Change Freeze
PRJ-002188,AST-0020519,Server,EOL within 24 months,2028,2028-10-23,,11778.02,In Progress,Branch Scheduling
PRJ-002189,AST-0012348,Laptop,EOL within 12 months,2026,2026-09-18,,1766.25,In Progress,Branch Scheduling
PRJ-002190,AST-0010521,Laptop,EOL within 12 months,2027,2027-02-16,,1679.56,Not Started,Application Dependency
PRJ-002191,AST-0000486,Laptop,EOL within 24 months,2026,2026-10-24,2026-11-19,2987.58,Completed,Change Freeze
PRJ-002192,AST-0015440,Desktop,EOL within 12 months,2026,2026-08-12,,1365.25,Planning,Branch Scheduling
PRJ-002193,AST-0018125,Desktop,EOL within 12 months,2026,2026-12-09,,1234.26,Not Started,Security Exception
PRJ-002194,AST-0010209,Laptop,EOL within 12 months,2028,2028-08-17,,1445.55,Deferred,Budget Approval
PRJ-002195,AST-0003182,Laptop,Past EOL,2028,2028-09-05,2028-11-19,1493.37,Completed,None
PRJ-002196,AST-0017856,Desktop,EOL within 12 months,2026,2026-11-23,2026-11-11,962.24,Completed,Budget Approval
PRJ-002197,AST-0004375,Laptop,Past EOL,2027,2027-08-09,2027-08-07,1920.31,Completed,None
PRJ-002198,AST-0005173,Laptop,EOL within 12 months,2027,2027-07-12,,1860.41,In Progress,Branch Scheduling
PRJ-002199,AST-0018421,Desktop,EOL within 12 months,2029,2029-01-03,,1393.69,Deferred,Change Freeze
PRJ-002200,AST-0016457,Desktop,EOL within 24 months,2027,2027-12-14,2028-02-16,1010.76,Completed,Vendor Lead Time
PRJ-002201,AST-0016038,Desktop,EOL within 24 months,2027,2027-04-22,,1155.32,In Progress,Application Dependency
PRJ-002202,AST-0000624,Laptop,Past EOL,2027,2027-07-30,,1387.12,Planning,Budget Approval
PRJ-002203,AST-0002529,Laptop,EOL within 12 months,2028,2028-03-11,2028-05-02,1987.2,Completed,Budget Approval
PRJ-002204,AST-0002694,Laptop,EOL within 12 months,2027,2027-03-28,,1517.88,Planning,Application Dependency
PRJ-002205,AST-0012928,Laptop,Past EOL,2027,2027-11-14,,1415.16,Planning,Change Freeze
PRJ-002206,AST-0004607,Laptop,EOL within 12 months,2027,2027-06-25,,1496.77,Planning,Branch Scheduling
PRJ-002207,AST-0017882,Desktop,EOL within 24 months,2028,2028-11-21,2028-12-19,1006.91,Completed,Vendor Lead Time
PRJ-002208,AST-0009043,Laptop,Past EOL,2026,2026-10-24,2026-10-01,1730.26,Completed,None
PRJ-002209,AST-0008256,Laptop,EOL within 24 months,2028,2028-11-18,,2140.41,Planning,None
PRJ-002210,AST-0000729,Laptop,Past EOL,2028,2028-09-07,,1498.75,In Progress,Change Freeze
PRJ-002211,AST-0009070,Laptop,Past EOL,2028,2028-06-21,,1476.72,Not Started,Change Freeze
PRJ-002212,AST-0012666,Laptop,Past EOL,2027,2027-04-26,,1547.11,Not Started,Vendor Lead Time
PRJ-002213,AST-0000988,Laptop,Past EOL,2028,2028-10-11,,1507.19,Not Started,Security Exception
PRJ-002214,AST-0022352,Access Switch,EOL within 24 months,2027,2027-03-29,,6288.91,Not Started,Application Dependency
PRJ-002215,AST-0005793,Laptop,Past EOL,2027,2027-01-02,2027-02-23,1650.67,Completed,Vendor Lead Time
PRJ-002216,AST-0009828,Laptop,Past EOL,2027,2027-02-25,,1790.99,Not Started,Budget Approval
PRJ-002217,AST-0015586,Desktop,EOL within 24 months,2027,2027-05-10,,958.14,In Progress,Change Freeze
PRJ-002218,AST-0018846,VDI Endpoint,EOL within 24 months,2026,2026-12-01,,845.96,Blocked,Branch Scheduling
PRJ-002219,AST-0013929,Laptop,EOL within 12 months,2028,2028-12-21,,2129.72,Not Started,Change Freeze
PRJ-002220,AST-0008456,Laptop,EOL within 12 months,2028,2028-09-23,,1712.21,Blocked,Application Dependency
PRJ-002221,AST-0018138,Desktop,EOL within 24 months,2027,2027-03-07,2027-04-09,1001.04,Completed,None
PRJ-002222,AST-0016763,Desktop,EOL within 24 months,2027,2027-06-28,,1078.61,Not Started,Security Exception
PRJ-002223,AST-0001892,Laptop,EOL within 12 months,2027,2027-07-04,,1441.99,In Progress,Vendor Lead Time
PRJ-002224,AST-0016438,Desktop,EOL within 24 months,2029,2029-01-01,,1271.03,In Progress,Security Exception
PRJ-002225,AST-0008563,Laptop,Past EOL,2028,2028-12-18,,1611.18,Planning,Branch Scheduling
PRJ-002226,AST-0009651,Laptop,EOL within 12 months,2028,2028-10-16,,1729.04,Planning,Branch Scheduling
PRJ-002227,AST-0006125,Laptop,EOL within 12 months,2029,2029-01-03,,1602.38,Planning,Vendor Lead Time
PRJ-002228,AST-0015086,Desktop,EOL within 12 months,2027,2027-04-22,,1297.2,Not Started,Budget Approval
PRJ-002229,AST-0011929,Laptop,EOL within 24 months,2028,2028-01-03,,2583.82,Deferred,Vendor Lead Time
PRJ-002230,AST-0001570,Laptop,EOL within 24 months,2028,2028-04-03,2028-06-04,1741.05,Completed,Budget Approval
PRJ-002231,AST-0006114,Laptop,EOL within 24 months,2028,2028-07-06,,1757.39,Planning,Application Dependency
PRJ-002232,AST-0005802,Laptop,EOL within 24 months,2026,2026-06-23,,3551.59,Not Started,Change Freeze
PRJ-002233,AST-0006590,Laptop,Past EOL,2028,2028-10-12,,1913.47,Blocked,Branch Scheduling
PRJ-002234,AST-0006502,Laptop,EOL within 24 months,2028,2028-05-17,,2597.55,In Progress,Budget Approval
PRJ-002235,AST-0014992,Desktop,EOL within 24 months,2026,2026-12-09,,1288.3,Deferred,Branch Scheduling
PRJ-002236,AST-0001856,Laptop,EOL within 24 months,2028,2028-06-24,,3140.91,Planning,None
PRJ-002237,AST-0012202,Laptop,EOL within 12 months,2028,2028-02-14,,2134.0,Planning,Application Dependency
PRJ-002238,AST-0005813,Laptop,EOL within 24 months,2028,2028-05-16,,1897.55,In Progress,None
PRJ-002239,AST-0015569,Desktop,EOL within 12 months,2028,2028-06-21,,1143.04,Planning,Application Dependency
PRJ-002240,AST-0008774,Laptop,Past EOL,2028,2028-05-24,2028-07-02,1736.5,Completed,Change Freeze
PRJ-002241,AST-0014167,Desktop,EOL within 24 months,2028,2028-10-19,,1040.3,Not Started,Application Dependency
PRJ-002242,AST-0007230,Laptop,Past EOL,2027,2027-12-08,,1895.47,In Progress,Application Dependency
PRJ-002243,AST-0011527,Laptop,EOL within 12 months,2028,2028-02-09,2028-03-12,1855.73,Completed,Vendor Lead Time
PRJ-002244,AST-0007871,Laptop,Past EOL,2028,2028-08-18,,1838.98,Not Started,Budget Approval
PRJ-002245,AST-0006209,Laptop,Past EOL,2027,2027-09-23,,1652.83,Deferred,Branch Scheduling
PRJ-002246,AST-0020524,Server,EOL within 24 months,2027,2027-01-10,,13833.72,Planning,Budget Approval
PRJ-002247,AST-0009640,Laptop,EOL within 12 months,2027,2027-04-17,2027-04-20,1883.56,Completed,Branch Scheduling
PRJ-002248,AST-0006062,Laptop,EOL within 12 months,2026,2026-12-26,,1855.35,Deferred,Branch Scheduling
PRJ-002249,AST-0011269,Laptop,EOL within 24 months,2026,2026-08-26,,1912.39,Planning,None
PRJ-002250,AST-0013128,Laptop,Past EOL,2026,2026-10-30,,1778.99,Planning,Application Dependency
PRJ-002251,AST-0016562,Desktop,EOL within 24 months,2026,2026-07-30,,955.86,In Progress,Budget Approval
PRJ-002252,AST-0008869,Laptop,EOL within 24 months,2028,2028-02-13,,1878.64,In Progress,Security Exception
PRJ-002253,AST-0013564,Laptop,Past EOL,2028,2028-03-06,,1870.87,Not Started,Branch Scheduling
PRJ-002254,AST-0001077,Laptop,Past EOL,2027,2027-10-04,,1366.34,Deferred,Security Exception
PRJ-002255,AST-0017588,Desktop,EOL within 12 months,2028,2028-05-27,,1309.71,Not Started,Branch Scheduling
PRJ-002256,AST-0011387,Laptop,EOL within 24 months,2028,2028-07-23,,2898.41,Planning,Vendor Lead Time
PRJ-002257,AST-0019675,VDI Endpoint,EOL within 24 months,2028,2028-05-17,,1200.77,Not Started,None
PRJ-002258,AST-0003377,Laptop,Past EOL,2026,2026-11-13,,1684.28,Not Started,None
PRJ-002259,AST-0023230,Wireless Access Point,EOL within 24 months,2028,2028-12-18,,1555.86,Deferred,Branch Scheduling
PRJ-002260,AST-0007878,Laptop,EOL within 12 months,2028,2028-04-06,,1938.66,Deferred,Budget Approval
PRJ-002261,AST-0011908,Laptop,EOL within 12 months,2027,2027-06-19,,1842.89,Not Started,Branch Scheduling
PRJ-002262,AST-0012520,Laptop,EOL within 24 months,2026,2026-09-23,,2052.59,Deferred,Branch Scheduling
PRJ-002263,AST-0006092,Laptop,Past EOL,2026,2026-11-13,,1566.25,In Progress,Budget Approval
PRJ-002264,AST-0007505,Laptop,EOL within 12 months,2027,2027-01-18,,1957.43,In Progress,Branch Scheduling
PRJ-002265,AST-0016090,Desktop,EOL within 12 months,2027,2027-04-25,,1167.66,Not Started,Budget Approval
PRJ-002266,AST-0016010,Desktop,EOL within 12 months,2027,2027-05-22,2027-05-12,1195.5,Completed,Change Freeze
PRJ-002267,AST-0019880,VDI Endpoint,EOL within 24 months,2028,2028-02-24,,1133.91,Deferred,Security Exception
PRJ-002268,AST-0006667,Laptop,EOL within 24 months,2026,2026-08-16,,2236.98,In Progress,Application Dependency
PRJ-002269,AST-0015663,Desktop,EOL within 24 months,2027,2027-06-10,2027-07-11,892.68,Completed,Change Freeze
PRJ-002270,AST-0001333,Laptop,EOL within 24 months,2028,2028-07-07,2028-09-09,1675.95,Completed,Vendor Lead Time
PRJ-002271,AST-0018534,VDI Endpoint,EOL within 24 months,2027,2027-04-06,,816.54,Not Started,Application Dependency
PRJ-002272,AST-0017204,Desktop,EOL within 24 months,2027,2027-02-06,,909.12,Not Started,Application Dependency
PRJ-002273,AST-0022101,Access Switch,EOL within 24 months,2027,2027-02-13,,7119.07,Not Started,Security Exception
PRJ-002274,AST-0018914,VDI Endpoint,EOL within 24 months,2028,2028-12-05,,1126.74,Not Started,Change Freeze
PRJ-002275,AST-0017403,Desktop,EOL within 12 months,2028,2028-04-27,,1113.42,Not Started,Application Dependency
PRJ-002276,AST-0017179,Desktop,EOL within 12 months,2026,2026-11-19,,1149.38,Not Started,Security Exception
PRJ-002277,AST-0007983,Laptop,EOL within 12 months,2026,2026-11-03,,1485.43,Not Started,Change Freeze
PRJ-002278,AST-0005626,Laptop,Past EOL,2028,2028-10-14,,1645.14,Not Started,Security Exception
PRJ-002279,AST-0000397,Laptop,Past EOL,2028,2028-11-09,,1816.08,Not Started,Budget Approval
PRJ-002280,AST-0001316,Laptop,Past EOL,2028,2028-03-08,2028-04-07,1698.63,Completed,Application Dependency
PRJ-002281,AST-0001069,Laptop,EOL within 12 months,2027,2027-05-12,,1953.68,In Progress,Security Exception
PRJ-002282,AST-0003903,Laptop,Past EOL,2027,2027-02-18,2027-01-23,1988.39,Completed,Budget Approval
PRJ-002283,AST-0006615,Laptop,Past EOL,2027,2027-07-08,,1566.05,In Progress,Vendor Lead Time
PRJ-002284,AST-0011006,Laptop,Past EOL,2028,2028-05-08,2028-06-17,1747.71,Completed,Change Freeze
PRJ-002285,AST-0009384,Laptop,EOL within 24 months,2027,2027-04-12,,1758.87,Planning,Change Freeze
PRJ-002286,AST-0008789,Laptop,EOL within 12 months,2028,2028-04-07,,1684.17,Not Started,None
PRJ-002287,AST-0004643,Laptop,Past EOL,2028,2028-06-28,,1623.24,Not Started,Vendor Lead Time
PRJ-002288,AST-0007189,Laptop,EOL within 12 months,2026,2026-07-13,,1735.81,Not Started,Vendor Lead Time
PRJ-002289,AST-0013996,Laptop,Past EOL,2028,2028-03-17,,1446.8,Planning,Application Dependency
PRJ-002290,AST-0007470,Laptop,EOL within 12 months,2026,2026-08-10,2026-11-07,1862.97,Completed,Application Dependency
PRJ-002291,AST-0023862,Wireless Access Point,EOL within 24 months,2026,2026-12-12,,915.33,Planning,None
PRJ-002292,AST-0017415,Desktop,EOL within 12 months,2026,2026-10-08,,961.72,Blocked,Change Freeze
PRJ-002293,AST-0005521,Laptop,EOL within 12 months,2028,2028-01-31,,2100.6,Not Started,Branch Scheduling
PRJ-002294,AST-0022313,Access Switch,EOL within 24 months,2028,2028-01-18,2028-02-13,4769.02,Completed,Change Freeze
PRJ-002295,AST-0016716,Desktop,EOL within 12 months,2028,2028-07-28,,1409.17,Not Started,Change Freeze
PRJ-002296,AST-0016507,Desktop,EOL within 24 months,2028,2028-03-27,2028-03-25,1137.07,Completed,Change Freeze
PRJ-002297,AST-0021748,Access Switch,EOL within 24 months,2028,2028-02-17,,6755.64,Blocked,None
PRJ-002298,AST-0010429,Laptop,Past EOL,2028,2028-04-23,,1411.4,Planning,Vendor Lead Time
PRJ-002299,AST-0023632,Wireless Access Point,EOL within 12 months,2026,2026-11-07,2026-11-02,879.07,Completed,Application Dependency
PRJ-002300,AST-0004340,Laptop,EOL within 24 months,2028,2028-06-27,,2018.34,Planning,None
PRJ-002301,AST-0002246,Laptop,Past EOL,2028,2028-09-02,,1853.04,Not Started,None
PRJ-002302,AST-0006352,Laptop,Past EOL,2028,2028-02-22,,1933.12,Not Started,Vendor Lead Time
PRJ-002303,AST-0016699,Desktop,EOL within 12 months,2027,2027-02-24,,1295.18,Not Started,None
PRJ-002304,AST-0016078,Desktop,EOL within 24 months,2028,2028-11-01,,1181.45,Not Started,None
PRJ-002305,AST-0002465,Laptop,EOL within 12 months,2027,2027-10-30,,1557.97,Not Started,Application Dependency
PRJ-002306,AST-0017692,Desktop,EOL within 24 months,2027,2027-12-30,,998.3,Not Started,Application Dependency
PRJ-002307,AST-0011571,Laptop,Past EOL,2026,2026-11-03,,1650.18,Planning,Vendor Lead Time
PRJ-002308,AST-0008877,Laptop,EOL within 12 months,2028,2028-04-21,,1993.75,Planning,Budget Approval
PRJ-002309,AST-0000795,Laptop,EOL within 24 months,2027,2027-04-19,,1852.86,In Progress,Change Freeze
PRJ-002310,AST-0008207,Laptop,EOL within 24 months,2027,2027-11-09,,3443.9,Not Started,Budget Approval
PRJ-002311,AST-0000096,Laptop,Past EOL,2028,2028-07-22,,1778.54,Planning,Security Exception
PRJ-002312,AST-0003753,Laptop,EOL within 12 months,2026,2026-08-16,,1490.49,In Progress,Change Freeze
PRJ-002313,AST-0007258,Laptop,EOL within 12 months,2026,2026-09-03,,1965.6,Blocked,Vendor Lead Time
PRJ-002314,AST-0000979,Laptop,Past EOL,2028,2028-06-01,,1481.09,Planning,None
PRJ-002315,AST-0020686,Server,EOL within 24 months,2028,2028-10-05,,15286.37,In Progress,Branch Scheduling
PRJ-002316,AST-0021643,Access Switch,EOL within 24 months,2028,2028-07-27,,5502.26,Planning,Branch Scheduling
PRJ-002317,AST-0002117,Laptop,EOL within 24 months,2027,2027-05-19,,3331.51,In Progress,Branch Scheduling
PRJ-002318,AST-0008366,Laptop,Past EOL,2028,2028-05-10,,1368.99,Planning,Branch Scheduling
PRJ-002319,AST-0006604,Laptop,EOL within 12 months,2027,2027-11-13,,1821.82,In Progress,None
PRJ-002320,AST-0014156,Desktop,EOL within 24 months,2026,2026-09-05,2026-12-01,1144.13,Completed,Security Exception
PRJ-002321,AST-0019014,VDI Endpoint,EOL within 24 months,2026,2026-06-03,,940.81,Deferred,None
PRJ-002322,AST-0017334,Desktop,EOL within 24 months,2028,2028-01-18,,906.52,Not Started,Change Freeze
PRJ-002323,AST-0011874,Laptop,EOL within 12 months,2027,2027-11-24,,2176.62,In Progress,Application Dependency
PRJ-002324,AST-0005540,Laptop,EOL within 24 months,2026,2026-12-03,,1831.53,Deferred,Security Exception
PRJ-002325,AST-0014252,Desktop,EOL within 12 months,2028,2028-05-18,,1129.1,In Progress,None
PRJ-002326,AST-0010668,Laptop,EOL within 24 months,2028,2028-01-06,2027-12-22,1720.88,Completed,Change Freeze
PRJ-002327,AST-0000207,Laptop,EOL within 24 months,2026,2026-12-18,,1561.45,Planning,Application Dependency
PRJ-002328,AST-0009779,Laptop,EOL within 24 months,2026,2026-07-04,,1807.81,In Progress,Vendor Lead Time
PRJ-002329,AST-0000639,Laptop,EOL within 24 months,2028,2028-03-22,,2100.86,In Progress,Budget Approval
PRJ-002330,AST-0011192,Laptop,EOL within 12 months,2028,2028-02-24,,2122.03,In Progress,Vendor Lead Time
PRJ-002331,AST-0016443,Desktop,EOL within 12 months,2027,2027-03-03,,1054.7,In Progress,Application Dependency
PRJ-002332,AST-0009809,Laptop,Past EOL,2028,2028-08-08,2028-08-29,1600.98,Completed,Security Exception
PRJ-002333,AST-0007642,Laptop,Past EOL,2028,2028-07-23,2028-09-26,1754.45,Completed,Branch Scheduling
PRJ-002334,AST-0012489,Laptop,EOL within 24 months,2027,2027-05-17,2027-06-18,2346.29,Completed,Change Freeze
PRJ-002335,AST-0010047,Laptop,Past EOL,2027,2027-03-14,,1614.75,In Progress,None
PRJ-002336,AST-0012110,Laptop,EOL within 12 months,2027,2027-11-22,,2101.19,Not Started,Application Dependency
PRJ-002337,AST-0020930,Server,EOL within 24 months,2026,2026-06-04,,10866.12,In Progress,Vendor Lead Time
PRJ-002338,AST-0010224,Laptop,EOL within 12 months,2028,2028-07-28,,2141.17,Planning,Vendor Lead Time
PRJ-002339,AST-0015344,Desktop,EOL within 24 months,2027,2027-11-21,,1083.11,Not Started,Budget Approval
PRJ-002340,AST-0011345,Laptop,EOL within 12 months,2028,2028-10-20,,1832.52,In Progress,Security Exception
PRJ-002341,AST-0000155,Laptop,EOL within 12 months,2026,2026-09-22,,1468.94,Not Started,Vendor Lead Time
PRJ-002342,AST-0002476,Laptop,EOL within 12 months,2027,2027-03-25,,1885.18,Planning,Security Exception
PRJ-002343,AST-0016531,Desktop,EOL within 12 months,2027,2027-10-19,,1360.82,Not Started,Budget Approval
PRJ-002344,AST-0000839,Laptop,EOL within 24 months,2027,2027-12-02,,1769.44,Not Started,Vendor Lead Time
PRJ-002345,AST-0002242,Laptop,EOL within 12 months,2026,2026-09-02,,1718.88,In Progress,Change Freeze
PRJ-002346,AST-0023628,Wireless Access Point,EOL within 24 months,2027,2027-07-11,,1440.73,In Progress,Branch Scheduling
PRJ-002347,AST-0003502,Laptop,Past EOL,2027,2027-09-12,,1689.56,Blocked,Vendor Lead Time
PRJ-002348,AST-0009653,Laptop,EOL within 24 months,2027,2027-03-14,,2490.95,In Progress,Change Freeze
PRJ-002349,AST-0005100,Laptop,EOL within 24 months,2028,2028-08-23,,3127.19,In Progress,Vendor Lead Time
PRJ-002350,AST-0014193,Desktop,EOL within 24 months,2028,2028-08-30,,1154.19,In Progress,Branch Scheduling
PRJ-002351,AST-0008890,Laptop,EOL within 12 months,2028,2028-03-16,,2056.61,Planning,Security Exception
PRJ-002352,AST-0019961,VDI Endpoint,EOL within 24 months,2027,2027-11-17,,1042.53,In Progress,None
PRJ-002353,AST-0018937,VDI Endpoint,EOL within 24 months,2027,2027-05-08,2027-06-06,915.7,Completed,Budget Approval
PRJ-002354,AST-0017039,Desktop,EOL within 24 months,2026,2026-09-13,,984.51,Not Started,Security Exception
PRJ-002355,AST-0004549,Laptop,EOL within 12 months,2026,2026-06-07,,1839.38,In Progress,Security Exception
PRJ-002356,AST-0012259,Laptop,Past EOL,2026,2026-10-31,,1675.45,Not Started,Vendor Lead Time
PRJ-002357,AST-0016423,Desktop,EOL within 12 months,2028,2028-10-29,,1074.56,Not Started,None
PRJ-002358,AST-0004305,Laptop,EOL within 12 months,2027,2027-04-10,,1941.15,Planning,Budget Approval
PRJ-002359,AST-0015786,Desktop,EOL within 12 months,2027,2027-06-11,,1402.38,In Progress,Budget Approval
PRJ-002360,AST-0013439,Laptop,EOL within 12 months,2026,2026-09-06,,1771.63,Planning,Change Freeze
PRJ-002361,AST-0010361,Laptop,EOL within 12 months,2027,2027-06-23,,1909.78,Deferred,Vendor Lead Time
PRJ-002362,AST-0001734,Laptop,EOL within 12 months,2027,2027-01-06,,1686.1,Not Started,Vendor Lead Time
PRJ-002363,AST-0002060,Laptop,Past EOL,2027,2027-06-03,,1933.58,Not Started,Application Dependency
PRJ-002364,AST-0015851,Desktop,EOL within 24 months,2028,2028-05-02,,974.09,In Progress,Security Exception
PRJ-002365,AST-0009324,Laptop,EOL within 24 months,2026,2026-06-03,,1698.9,Deferred,Application Dependency
PRJ-002366,AST-0004200,Laptop,Past EOL,2027,2027-09-30,,1539.87,Not Started,Branch Scheduling
PRJ-002367,AST-0007539,Laptop,EOL within 12 months,2026,2026-08-24,,1974.61,In Progress,Change Freeze
PRJ-002368,AST-0013909,Laptop,EOL within 12 months,2026,2026-09-05,,1946.01,Not Started,None
PRJ-002369,AST-0000010,Laptop,Past EOL,2027,2027-11-28,,1706.4,Blocked,None
PRJ-002370,AST-0015336,Desktop,EOL within 24 months,2028,2028-03-23,2028-06-12,1025.36,Completed,Change Freeze
PRJ-002371,AST-0012231,Laptop,EOL within 24 months,2027,2027-05-25,,3836.94,Not Started,Change Freeze
PRJ-002372,AST-0013770,Laptop,Past EOL,2026,2026-08-09,,1530.38,In Progress,Vendor Lead Time
PRJ-002373,AST-0001762,Laptop,EOL within 12 months,2028,2028-02-26,,1813.08,Planning,Vendor Lead Time
PRJ-002374,AST-0014088,Desktop,EOL within 12 months,2027,2027-08-03,,995.48,Planning,Application Dependency
PRJ-002375,AST-0004427,Laptop,Past EOL,2028,2028-12-23,2029-02-17,1431.63,Completed,Vendor Lead Time
PRJ-002376,AST-0006813,Laptop,Past EOL,2028,2028-03-24,,1818.82,Planning,Change Freeze
PRJ-002377,AST-0000483,Laptop,EOL within 24 months,2028,2028-02-04,,3785.01,Planning,None
PRJ-002378,AST-0012625,Laptop,EOL within 12 months,2028,2028-10-05,,2177.83,Planning,Vendor Lead Time
PRJ-002379,AST-0006926,Laptop,EOL within 24 months,2027,2027-09-27,2027-09-27,2941.48,Completed,Application Dependency
PRJ-002380,AST-0019457,VDI Endpoint,EOL within 12 months,2027,2027-10-30,,1048.7,Planning,Application Dependency
PRJ-002381,AST-0017838,Desktop,EOL within 24 months,2028,2028-07-24,,1123.11,Deferred,None
PRJ-002382,AST-0009499,Laptop,EOL within 12 months,2026,2026-06-13,2026-07-30,2051.85,Completed,Security Exception
PRJ-002383,AST-0014469,Desktop,EOL within 24 months,2028,2028-03-08,2028-05-07,1110.09,Completed,None
PRJ-002384,AST-0011065,Laptop,Past EOL,2028,2028-02-07,,1419.74,Planning,Branch Scheduling
PRJ-002385,AST-0015121,Desktop,EOL within 12 months,2027,2027-12-25,2028-02-20,1162.97,Completed,Change Freeze
PRJ-002386,AST-0005044,Laptop,EOL within 12 months,2026,2026-10-23,,2071.6,Not Started,None
PRJ-002387,AST-0004940,Laptop,Past EOL,2027,2027-02-04,,1345.17,Deferred,Vendor Lead Time
PRJ-002388,AST-0015463,Desktop,EOL within 12 months,2027,2027-09-21,,1089.26,Planning,Change Freeze
PRJ-002389,AST-0001278,Laptop,EOL within 12 months,2026,2026-06-19,,1982.14,Not Started,Budget Approval
PRJ-002390,AST-0014113,Desktop,EOL within 12 months,2028,2028-04-22,,957.44,Planning,Budget Approval
PRJ-002391,AST-0018744,VDI Endpoint,EOL within 24 months,2028,2028-11-01,,1042.18,Not Started,None
PRJ-002392,AST-0019623,VDI Endpoint,EOL within 24 months,2028,2028-06-19,,1163.42,Not Started,Security Exception
PRJ-002393,AST-0012006,Laptop,EOL within 24 months,2028,2028-02-29,,1808.54,Not Started,Change Freeze
PRJ-002394,AST-0010347,Laptop,EOL within 12 months,2028,2028-10-05,,1605.11,In Progress,Security Exception
PRJ-002395,AST-0009434,Laptop,EOL within 12 months,2027,2027-12-08,,1914.46,Blocked,Branch Scheduling
PRJ-002396,AST-0016142,Desktop,EOL within 12 months,2028,2028-12-08,,1164.54,Planning,Application Dependency
PRJ-002397,AST-0000271,Laptop,EOL within 12 months,2028,2028-03-15,,1999.63,Not Started,Security Exception
PRJ-002398,AST-0000621,Laptop,EOL within 24 months,2028,2028-04-26,,1802.26,Not Started,None
PRJ-002399,AST-0019887,VDI Endpoint,EOL within 24 months,2026,2026-11-22,,887.63,Planning,Security Exception
PRJ-002400,AST-0011711,Laptop,EOL within 24 months,2027,2027-08-18,,2147.66,Planning,Application Dependency
PRJ-002401,AST-0000626,Laptop,EOL within 12 months,2026,2026-09-11,,2051.46,In Progress,Vendor Lead Time
PRJ-002402,AST-0013496,Laptop,EOL within 12 months,2026,2026-06-03,,2084.6,Not Started,Security Exception
PRJ-002403,AST-0009890,Laptop,EOL within 12 months,2028,2028-03-08,2028-04-07,1713.67,Completed,Branch Scheduling
PRJ-002404,AST-0005789,Laptop,Past EOL,2028,2028-02-14,2028-01-17,1654.77,Completed,Application Dependency
PRJ-002405,AST-0007409,Laptop,EOL within 24 months,2028,2028-07-27,,1818.81,Deferred,Budget Approval
PRJ-002406,AST-0005665,Laptop,Past EOL,2027,2027-12-29,,1734.64,In Progress,Budget Approval
PRJ-002407,AST-0007274,Laptop,Past EOL,2028,2028-06-12,,1558.63,In Progress,None
PRJ-002408,AST-0016654,Desktop,EOL within 24 months,2027,2027-08-16,2027-08-05,993.6,Completed,Branch Scheduling
PRJ-002409,AST-0009175,Laptop,EOL within 24 months,2027,2027-08-04,2027-07-23,1532.21,Completed,Change Freeze
PRJ-002410,AST-0005207,Laptop,EOL within 24 months,2028,2028-10-28,,1896.9,Not Started,Budget Approval
PRJ-002411,AST-0004841,Laptop,Past EOL,2026,2026-12-10,,1381.35,Planning,Budget Approval
PRJ-002412,AST-0002807,Laptop,Past EOL,2027,2027-11-23,,1558.06,In Progress,None
PRJ-002413,AST-0009062,Laptop,EOL within 12 months,2028,2028-09-11,,1819.41,Planning,Branch Scheduling
PRJ-002414,AST-0017104,Desktop,EOL within 24 months,2028,2028-11-26,,1020.93,Not Started,Branch Scheduling
PRJ-002415,AST-0004938,Laptop,EOL within 12 months,2028,2028-08-07,,1492.69,Planning,None
PRJ-002416,AST-0005388,Laptop,Past EOL,2028,2028-04-10,,1713.74,Planning,Budget Approval
PRJ-002417,AST-0009540,Laptop,EOL within 12 months,2027,2027-08-10,,1786.94,Not Started,Application Dependency
PRJ-002418,AST-0004787,Laptop,Past EOL,2027,2027-09-04,,1482.38,Deferred,Budget Approval
PRJ-002419,AST-0002556,Laptop,Past EOL,2028,2028-07-16,,1882.58,Not Started,Vendor Lead Time
PRJ-002420,AST-0020955,Server,EOL within 24 months,2028,2028-07-14,,12810.78,In Progress,Change Freeze
PRJ-002421,AST-0000345,Laptop,Past EOL,2026,2026-06-20,,1408.75,Planning,Application Dependency
PRJ-002422,AST-0000915,Laptop,EOL within 12 months,2028,2028-01-17,,1801.33,Planning,Security Exception
PRJ-002423,AST-0010883,Laptop,EOL within 12 months,2026,2026-12-22,,1559.57,Planning,Change Freeze
PRJ-002424,AST-0018040,Desktop,EOL within 12 months,2028,2028-10-10,,1367.32,Planning,Branch Scheduling
PRJ-002425,AST-0016641,Desktop,EOL within 12 months,2027,2027-06-10,,968.6,In Progress,Vendor Lead Time
PRJ-002426,AST-0001748,Laptop,EOL within 24 months,2028,2028-06-18,,3114.75,In Progress,Change Freeze
PRJ-002427,AST-0007263,Laptop,Past EOL,2027,2027-07-25,2027-08-17,1573.83,Completed,None
PRJ-002428,AST-0017499,Desktop,EOL within 12 months,2027,2027-09-26,,1250.68,Not Started,Budget Approval
PRJ-002429,AST-0014331,Desktop,EOL within 12 months,2026,2026-06-11,,961.55,Planning,None
PRJ-002430,AST-0015745,Desktop,EOL within 24 months,2027,2027-11-08,,952.37,In Progress,Branch Scheduling
PRJ-002431,AST-0006749,Laptop,EOL within 24 months,2028,2028-09-25,2028-10-25,1860.8,Completed,Branch Scheduling
PRJ-002432,AST-0009125,Laptop,EOL within 24 months,2027,2027-03-15,,1781.69,Planning,Vendor Lead Time
PRJ-002433,AST-0014245,Desktop,EOL within 24 months,2028,2028-06-10,,881.51,Planning,Change Freeze
PRJ-002434,AST-0018286,Desktop,EOL within 12 months,2027,2027-07-14,,1351.5,Deferred,Change Freeze
PRJ-002435,AST-0003861,Laptop,EOL within 12 months,2028,2028-04-08,,1959.54,Not Started,Branch Scheduling
PRJ-002436,AST-0017906,Desktop,EOL within 12 months,2027,2027-08-02,,1349.41,Planning,Application Dependency
PRJ-002437,AST-0017912,Desktop,EOL within 24 months,2027,2027-12-14,,1316.43,Planning,None
PRJ-002438,AST-0018180,Desktop,EOL within 12 months,2027,2027-02-10,,1065.18,Deferred,Vendor Lead Time
PRJ-002439,AST-0005502,Laptop,EOL within 24 months,2028,2028-03-29,,1869.99,Deferred,Change Freeze
PRJ-002440,AST-0000978,Laptop,EOL within 24 months,2028,2028-03-15,,1672.92,Deferred,Change Freeze
PRJ-002441,AST-0011115,Laptop,Past EOL,2028,2028-05-17,,1582.37,Not Started,Vendor Lead Time
PRJ-002442,AST-0003997,Laptop,EOL within 12 months,2027,2027-03-11,,2075.78,Not Started,None
PRJ-002443,AST-0005627,Laptop,EOL within 24 months,2028,2028-01-05,,2139.46,Not Started,Budget Approval
PRJ-002444,AST-0002570,Laptop,EOL within 24 months,2026,2026-09-07,2026-08-16,2703.51,Completed,Branch Scheduling
PRJ-002445,AST-0017060,Desktop,EOL within 24 months,2027,2027-07-12,,1178.72,Not Started,None
PRJ-002446,AST-0012308,Laptop,EOL within 24 months,2028,2028-12-04,,1545.12,Blocked,Change Freeze
PRJ-002447,AST-0004452,Laptop,Past EOL,2027,2027-11-06,,1450.04,In Progress,Vendor Lead Time
PRJ-002448,AST-0021085,Server,EOL within 24 months,2028,2028-04-08,,12745.66,In Progress,None
PRJ-002449,AST-0018885,VDI Endpoint,EOL within 24 months,2027,2027-10-28,,1135.59,Not Started,Budget Approval
PRJ-002450,AST-0001910,Laptop,Past EOL,2026,2026-07-19,,1612.54,Planning,Budget Approval
PRJ-002451,AST-0022097,Access Switch,EOL within 24 months,2028,2028-09-21,2028-11-25,7465.12,Completed,Application Dependency
PRJ-002452,AST-0002233,Laptop,Past EOL,2028,2028-12-21,,1910.85,Blocked,Security Exception
PRJ-002453,AST-0023764,Wireless Access Point,EOL within 24 months,2027,2027-08-30,2027-09-26,1200.84,Completed,Budget Approval
PRJ-002454,AST-0022856,Router,EOL within 12 months,2027,2027-07-07,,7931.28,Planning,Vendor Lead Time
PRJ-002455,AST-0001998,Laptop,Past EOL,2027,2027-08-22,,1695.88,Not Started,Security Exception
PRJ-002456,AST-0000543,Laptop,EOL within 24 months,2027,2027-09-12,,3192.78,In Progress,Security Exception
PRJ-002457,AST-0012770,Laptop,Past EOL,2027,2027-08-17,,1654.38,Planning,Change Freeze
PRJ-002458,AST-0007544,Laptop,Past EOL,2028,2028-03-04,,1815.49,Planning,None
PRJ-002459,AST-0020441,Server,EOL within 24 months,2028,2028-01-05,,12924.15,Not Started,Branch Scheduling
PRJ-002460,AST-0016362,Desktop,EOL within 12 months,2026,2026-10-02,,1046.61,In Progress,Vendor Lead Time
PRJ-002461,AST-0017608,Desktop,EOL within 24 months,2028,2028-10-12,,1112.13,Planning,Security Exception
PRJ-002462,AST-0009228,Laptop,EOL within 12 months,2026,2026-08-31,,1763.89,Planning,Security Exception
PRJ-002463,AST-0012199,Laptop,EOL within 12 months,2028,2028-02-04,,2045.03,In Progress,Change Freeze
PRJ-002464,AST-0019197,VDI Endpoint,EOL within 12 months,2027,2027-08-30,,1129.37,Planning,Security Exception
PRJ-002465,AST-0022840,Router,EOL within 12 months,2028,2028-03-19,2028-06-06,13599.82,Completed,Vendor Lead Time
PRJ-002466,AST-0004204,Laptop,EOL within 24 months,2028,2028-04-21,,2475.5,Not Started,Application Dependency
PRJ-002467,AST-0012844,Laptop,Past EOL,2028,2028-12-05,,1726.96,Planning,Change Freeze
PRJ-002468,AST-0001108,Laptop,EOL within 12 months,2027,2027-01-28,,1934.49,Not Started,Budget Approval
PRJ-002469,AST-0013064,Laptop,Past EOL,2026,2026-07-09,,1468.07,Planning,Branch Scheduling
PRJ-002470,AST-0011880,Laptop,EOL within 24 months,2026,2026-08-30,,3094.49,Planning,Security Exception
PRJ-002471,AST-0015551,Desktop,EOL within 24 months,2028,2028-11-21,,1200.31,Deferred,Application Dependency
PRJ-002472,AST-0012166,Laptop,Past EOL,2027,2027-04-02,,1416.76,Not Started,Vendor Lead Time
PRJ-002473,AST-0016217,Desktop,EOL within 12 months,2028,2028-12-08,,1332.02,Deferred,None
PRJ-002474,AST-0018196,Desktop,EOL within 24 months,2027,2027-09-20,,1018.36,In Progress,Application Dependency
PRJ-002475,AST-0015821,Desktop,EOL within 12 months,2026,2026-10-02,,994.67,Planning,Branch Scheduling
PRJ-002476,AST-0018608,VDI Endpoint,EOL within 12 months,2028,2028-03-17,,1191.24,Not Started,Budget Approval
PRJ-002477,AST-0021707,Access Switch,EOL within 24 months,2027,2027-05-30,,6113.3,In Progress,Security Exception
PRJ-002478,AST-0001745,Laptop,Past EOL,2027,2027-11-16,,1830.08,Not Started,Application Dependency
PRJ-002479,AST-0023917,Storage,EOL within 24 months,2026,2026-11-19,,81778.7,In Progress,None
PRJ-002480,AST-0021969,Access Switch,EOL within 24 months,2028,2028-07-17,,9387.49,Not Started,Application Dependency
PRJ-002481,AST-0003820,Laptop,Past EOL,2028,2028-09-26,,1657.99,Deferred,Vendor Lead Time
PRJ-002482,AST-0007923,Laptop,EOL within 24 months,2028,2028-06-11,,1502.2,Deferred,Vendor Lead Time
PRJ-002483,AST-0000114,Laptop,Past EOL,2026,2026-08-15,,1479.2,Not Started,Branch Scheduling
PRJ-002484,AST-0016923,Desktop,EOL within 12 months,2027,2027-10-14,2027-10-30,1297.94,Completed,None
PRJ-002485,AST-0007260,Laptop,EOL within 24 months,2026,2026-08-06,,2493.84,Not Started,Application Dependency
PRJ-002486,AST-0011895,Laptop,EOL within 24 months,2028,2028-05-30,,2166.75,Blocked,Branch Scheduling
PRJ-002487,AST-0019554,VDI Endpoint,EOL within 12 months,2027,2027-01-18,,1235.52,Not Started,Branch Scheduling
PRJ-002488,AST-0002613,Laptop,EOL within 12 months,2026,2026-07-22,2026-06-27,2014.94,Completed,None
PRJ-002489,AST-0015360,Desktop,EOL within 24 months,2026,2026-12-23,,1101.47,Blocked,Application Dependency
PRJ-002490,AST-0001451,Laptop,Past EOL,2028,2028-03-04,2028-05-20,1410.72,Completed,Security Exception
PRJ-002491,AST-0006559,Laptop,EOL within 12 months,2028,2028-08-23,,1478.03,Planning,Branch Scheduling
PRJ-002492,AST-0005967,Laptop,EOL within 12 months,2027,2027-08-27,2027-09-22,1865.56,Completed,Application Dependency
PRJ-002493,AST-0002212,Laptop,EOL within 24 months,2026,2026-08-14,,3008.79,Planning,Application Dependency
PRJ-002494,AST-0015618,Desktop,EOL within 24 months,2028,2028-11-07,,904.36,In Progress,Branch Scheduling
PRJ-002495,AST-0016312,Desktop,EOL within 24 months,2026,2026-08-10,,1189.35,Deferred,Vendor Lead Time
PRJ-002496,AST-0017291,Desktop,EOL within 24 months,2027,2027-04-08,,1119.06,Not Started,Vendor Lead Time
PRJ-002497,AST-0010601,Laptop,Past EOL,2027,2027-06-09,,1436.62,Deferred,Change Freeze
PRJ-002498,AST-0000358,Laptop,EOL within 24 months,2026,2026-06-18,,1975.01,Planning,Branch Scheduling
PRJ-002499,AST-0008497,Laptop,EOL within 24 months,2027,2027-04-12,,3534.45,In Progress,Application Dependency
PRJ-002500,AST-0022897,Router,EOL within 12 months,2027,2027-05-23,,11138.4,Not Started,Budget Approval
PRJ-002501,AST-0001290,Laptop,EOL within 12 months,2027,2027-02-11,,1786.07,In Progress,None
PRJ-002502,AST-0000627,Laptop,EOL within 12 months,2028,2028-03-28,,1538.78,Not Started,Branch Scheduling
PRJ-002503,AST-0013689,Laptop,EOL within 24 months,2028,2028-10-29,,2200.06,Not Started,Security Exception
PRJ-002504,AST-0016213,Desktop,EOL within 12 months,2028,2028-09-25,2028-09-21,1167.17,Completed,Application Dependency
PRJ-002505,AST-0023719,Wireless Access Point,EOL within 24 months,2027,2027-06-20,2027-06-23,1625.57,Completed,Budget Approval
PRJ-002506,AST-0019700,VDI Endpoint,EOL within 12 months,2028,2028-03-25,,1338.22,In Progress,Change Freeze
PRJ-002507,AST-0014815,Desktop,EOL within 24 months,2028,2028-11-18,,935.88,Planning,Vendor Lead Time
PRJ-002508,AST-0021392,Server,EOL within 24 months,2028,2028-02-06,,13972.97,Planning,Security Exception
PRJ-002509,AST-0003443,Laptop,EOL within 24 months,2026,2026-12-29,,1704.5,Not Started,Change Freeze
PRJ-002510,AST-0019153,VDI Endpoint,EOL within 12 months,2027,2027-09-20,2027-11-28,1064.33,Completed,Security Exception
PRJ-002511,AST-0011364,Laptop,Past EOL,2027,2027-11-20,,1402.9,Blocked,Vendor Lead Time
PRJ-002512,AST-0005786,Laptop,EOL within 12 months,2028,2028-10-29,,1618.36,Planning,Application Dependency
PRJ-002513,AST-0011075,Laptop,EOL within 12 months,2026,2026-06-30,,1991.46,Planning,Change Freeze
PRJ-002514,AST-0007103,Laptop,Past EOL,2027,2027-06-01,,1774.66,In Progress,Change Freeze
PRJ-002515,AST-0017185,Desktop,EOL within 24 months,2028,2028-12-19,,1077.01,Planning,Security Exception
PRJ-002516,AST-0001635,Laptop,Past EOL,2026,2026-11-15,,2011.56,Planning,Change Freeze
PRJ-002517,AST-0008036,Laptop,EOL within 24 months,2026,2026-06-05,,2037.36,Planning,Change Freeze
PRJ-002518,AST-0019544,VDI Endpoint,EOL within 24 months,2028,2028-02-27,,909.03,In Progress,Security Exception
PRJ-002519,AST-0008610,Laptop,EOL within 24 months,2026,2026-12-14,,2380.44,Deferred,Change Freeze
PRJ-002520,AST-0005061,Laptop,EOL within 12 months,2028,2028-03-24,,1975.41,Planning,Budget Approval
PRJ-002521,AST-0012802,Laptop,Past EOL,2027,2027-07-05,,1742.13,In Progress,Application Dependency
PRJ-002522,AST-0000884,Laptop,EOL within 12 months,2027,2027-06-17,,1995.36,Not Started,Branch Scheduling
PRJ-002523,AST-0015294,Desktop,EOL within 24 months,2028,2028-11-27,,960.9,Not Started,Branch Scheduling
PRJ-002524,AST-0013449,Laptop,EOL within 24 months,2027,2027-01-04,,3659.03,In Progress,Branch Scheduling
PRJ-002525,AST-0002432,Laptop,EOL within 12 months,2027,2027-05-19,2027-07-26,1795.15,Completed,None
PRJ-002526,AST-0022993,Router,EOL within 12 months,2027,2027-11-15,,14903.05,In Progress,Budget Approval
PRJ-002527,AST-0011632,Laptop,EOL within 24 months,2027,2027-08-20,,1874.6,Deferred,Change Freeze
PRJ-002528,AST-0012715,Laptop,Past EOL,2028,2028-11-10,,1614.08,In Progress,Application Dependency
PRJ-002529,AST-0012462,Laptop,EOL within 12 months,2028,2028-07-27,,1988.31,Deferred,Change Freeze
PRJ-002530,AST-0008102,Laptop,EOL within 12 months,2026,2026-11-04,,1495.46,In Progress,Security Exception
PRJ-002531,AST-0020647,Server,EOL within 24 months,2027,2027-06-11,,13836.04,Not Started,None
PRJ-002532,AST-0001388,Laptop,Past EOL,2026,2026-09-30,,1825.12,Planning,Application Dependency
PRJ-002533,AST-0022185,Access Switch,EOL within 24 months,2026,2026-11-30,,6099.43,Not Started,Vendor Lead Time
PRJ-002534,AST-0015177,Desktop,EOL within 24 months,2026,2026-06-11,,994.6,Planning,Change Freeze
PRJ-002535,AST-0018254,Desktop,EOL within 24 months,2026,2026-07-14,,1104.82,Planning,Application Dependency
PRJ-002536,AST-0009082,Laptop,Past EOL,2028,2028-12-17,,1712.69,Planning,Budget Approval
PRJ-002537,AST-0021529,Access Switch,EOL within 24 months,2026,2026-09-08,,5650.61,In Progress,Vendor Lead Time
PRJ-002538,AST-0022300,Access Switch,EOL within 24 months,2026,2026-09-22,,6689.75,Planning,Change Freeze
PRJ-002539,AST-0009300,Laptop,EOL within 12 months,2027,2027-06-02,,1764.63,Deferred,Application Dependency
PRJ-002540,AST-0022342,Access Switch,EOL within 24 months,2028,2028-12-31,,5635.81,Not Started,Budget Approval
PRJ-002541,AST-0018029,Desktop,EOL within 24 months,2027,2027-01-02,,1074.86,In Progress,Branch Scheduling
PRJ-002542,AST-0019991,VDI Endpoint,EOL within 12 months,2028,2028-08-08,,1295.45,Not Started,Application Dependency
PRJ-002543,AST-0003708,Laptop,Past EOL,2028,2028-12-25,,1432.63,Not Started,Budget Approval
PRJ-002544,AST-0003201,Laptop,Past EOL,2028,2028-09-20,2028-11-10,1594.43,Completed,Security Exception
PRJ-002545,AST-0005927,Laptop,EOL within 12 months,2028,2028-08-06,,1700.36,Not Started,Change Freeze
PRJ-002546,AST-0019213,VDI Endpoint,EOL within 24 months,2028,2028-10-29,,862.14,Blocked,Branch Scheduling
PRJ-002547,AST-0015278,Desktop,EOL within 12 months,2028,2028-01-30,,1248.17,Not Started,Vendor Lead Time
PRJ-002548,AST-0010061,Laptop,Past EOL,2028,2028-07-04,,1530.39,In Progress,Branch Scheduling
PRJ-002549,AST-0012078,Laptop,EOL within 12 months,2028,2028-02-16,,1869.16,In Progress,Application Dependency
PRJ-002550,AST-0004500,Laptop,EOL within 24 months,2027,2027-05-05,,2354.33,Planning,Vendor Lead Time
PRJ-002551,AST-0001945,Laptop,EOL within 12 months,2026,2026-09-19,,1519.22,Not Started,Security Exception
PRJ-002552,AST-0015381,Desktop,EOL within 12 months,2026,2026-07-08,,1218.63,Not Started,Application Dependency
PRJ-002553,AST-0011644,Laptop,EOL within 12 months,2026,2026-07-16,,1475.05,In Progress,Security Exception
PRJ-002554,AST-0022984,Router,EOL within 12 months,2028,2028-01-23,,6763.6,Deferred,Application Dependency
PRJ-002555,AST-0004245,Laptop,EOL within 12 months,2027,2027-07-26,,1532.18,In Progress,Budget Approval
PRJ-002556,AST-0016987,Desktop,EOL within 12 months,2028,2028-12-04,,1026.65,Not Started,Budget Approval
PRJ-002557,AST-0006115,Laptop,Past EOL,2028,2028-02-07,,1341.79,Planning,None
PRJ-002558,AST-0006829,Laptop,EOL within 24 months,2027,2027-09-28,2027-08-29,2070.21,Completed,Change Freeze
PRJ-002559,AST-0007501,Laptop,EOL within 12 months,2026,2026-10-26,,2011.46,In Progress,Budget Approval
PRJ-002560,AST-0002997,Laptop,EOL within 12 months,2028,2028-02-22,2028-04-23,1884.93,Completed,Vendor Lead Time
PRJ-002561,AST-0004786,Laptop,EOL within 12 months,2027,2027-09-18,,1984.88,Blocked,Application Dependency
PRJ-002562,AST-0015716,Desktop,EOL within 12 months,2029,2029-01-03,,950.42,In Progress,Security Exception
PRJ-002563,AST-0001244,Laptop,Past EOL,2027,2027-08-25,,1733.06,Blocked,None
PRJ-002564,AST-0000325,Laptop,Past EOL,2028,2028-08-10,,1847.91,Deferred,Branch Scheduling
PRJ-002565,AST-0007697,Laptop,EOL within 24 months,2027,2027-02-13,,2435.67,Deferred,None
PRJ-002566,AST-0006471,Laptop,Past EOL,2027,2027-01-21,,1889.1,Blocked,Vendor Lead Time
PRJ-002567,AST-0015967,Desktop,EOL within 24 months,2027,2027-03-28,,1111.28,Deferred,Application Dependency
PRJ-002568,AST-0002178,Laptop,EOL within 12 months,2027,2027-07-11,2027-08-23,2039.22,Completed,Application Dependency
PRJ-002569,AST-0018481,Desktop,EOL within 12 months,2028,2028-05-21,2028-05-24,1207.21,Completed,Branch Scheduling
PRJ-002570,AST-0015588,Desktop,EOL within 12 months,2027,2027-11-09,,1349.43,In Progress,Vendor Lead Time
PRJ-002571,AST-0014617,Desktop,EOL within 24 months,2026,2026-10-10,,1263.98,Planning,Branch Scheduling
PRJ-002572,AST-0010171,Laptop,EOL within 24 months,2026,2026-12-12,,1720.88,Deferred,Security Exception
PRJ-002573,AST-0008081,Laptop,EOL within 24 months,2028,2028-03-05,,3511.49,Planning,Application Dependency
PRJ-002574,AST-0015965,Desktop,EOL within 12 months,2028,2028-03-08,,1079.64,In Progress,Application Dependency
PRJ-002575,AST-0019507,VDI Endpoint,EOL within 24 months,2028,2028-10-22,,1202.67,Deferred,Branch Scheduling
PRJ-002576,AST-0000910,Laptop,EOL within 24 months,2026,2026-11-21,,1864.79,Not Started,Vendor Lead Time
PRJ-002577,AST-0011565,Laptop,EOL within 12 months,2028,2028-03-20,,1665.71,Not Started,Budget Approval
PRJ-002578,AST-0008148,Laptop,EOL within 24 months,2028,2028-11-02,,2992.84,Not Started,Application Dependency
PRJ-002579,AST-0008216,Laptop,EOL within 24 months,2028,2028-02-05,,3612.11,Planning,Security Exception
PRJ-002580,AST-0016851,Desktop,EOL within 12 months,2027,2027-04-05,,1292.04,Not Started,Branch Scheduling
PRJ-002581,AST-0002490,Laptop,EOL within 12 months,2028,2028-05-07,,1936.19,Not Started,Budget Approval
PRJ-002582,AST-0003761,Laptop,Past EOL,2027,2027-09-21,,1482.88,Blocked,Vendor Lead Time
PRJ-002583,AST-0011670,Laptop,EOL within 24 months,2027,2027-05-04,,1768.54,Planning,Security Exception
PRJ-002584,AST-0002486,Laptop,EOL within 12 months,2028,2028-02-06,,1903.71,Planning,Change Freeze
PRJ-002585,AST-0018324,Desktop,EOL within 12 months,2027,2027-04-10,,1405.0,In Progress,Application Dependency
PRJ-002586,AST-0015343,Desktop,EOL within 24 months,2028,2028-03-04,,1253.85,Not Started,Security Exception
PRJ-002587,AST-0016185,Desktop,EOL within 12 months,2027,2027-05-05,,1228.17,In Progress,Security Exception
PRJ-002588,AST-0017095,Desktop,EOL within 12 months,2028,2028-02-27,,961.96,Not Started,Application Dependency
PRJ-002589,AST-0000712,Laptop,Past EOL,2027,2027-04-17,,1351.45,Planning,Vendor Lead Time
PRJ-002590,AST-0012572,Laptop,EOL within 24 months,2028,2028-08-14,,3533.02,Not Started,Budget Approval
PRJ-002591,AST-0017707,Desktop,EOL within 24 months,2028,2028-08-24,,1074.17,Planning,None
PRJ-002592,AST-0017321,Desktop,EOL within 24 months,2026,2026-09-29,,1254.19,Not Started,Branch Scheduling
PRJ-002593,AST-0006069,Laptop,EOL within 24 months,2027,2027-05-15,2027-05-29,2867.23,Completed,Vendor Lead Time
PRJ-002594,AST-0008641,Laptop,EOL within 24 months,2028,2028-12-13,,3308.43,In Progress,Application Dependency
PRJ-002595,AST-0017930,Desktop,EOL within 24 months,2028,2028-01-10,,931.5,Not Started,None
PRJ-002596,AST-0015432,Desktop,EOL within 24 months,2026,2026-08-02,,1052.18,Deferred,Change Freeze
PRJ-002597,AST-0016665,Desktop,EOL within 12 months,2027,2027-10-10,,1100.86,Not Started,Change Freeze
PRJ-002598,AST-0007519,Laptop,EOL within 12 months,2026,2026-09-28,2026-10-05,1973.82,Completed,Branch Scheduling
PRJ-002599,AST-0002125,Laptop,Past EOL,2026,2026-11-11,2026-12-01,1947.89,Completed,Security Exception
PRJ-002600,AST-0002343,Laptop,EOL within 24 months,2028,2028-07-18,2028-10-07,1931.99,Completed,Change Freeze
PRJ-002601,AST-0003325,Laptop,EOL within 12 months,2027,2027-01-19,2027-03-05,1793.38,Completed,Budget Approval
PRJ-002602,AST-0013947,Laptop,EOL within 24 months,2028,2028-05-21,2028-06-22,1601.33,Completed,Application Dependency
PRJ-002603,AST-0015526,Desktop,EOL within 12 months,2026,2026-09-05,,1299.23,Deferred,None
PRJ-002604,AST-0021353,Server,EOL within 24 months,2027,2027-11-30,,15094.1,Blocked,Branch Scheduling
PRJ-002605,AST-0002150,Laptop,Past EOL,2028,2028-06-22,,1731.87,Deferred,Change Freeze
PRJ-002606,AST-0001648,Laptop,EOL within 24 months,2026,2026-07-18,2026-09-12,1635.69,Completed,Vendor Lead Time
PRJ-002607,AST-0001429,Laptop,EOL within 12 months,2026,2026-10-14,,1692.43,Not Started,Change Freeze
PRJ-002608,AST-0020198,Server,EOL within 24 months,2027,2027-10-30,,12366.64,Blocked,Change Freeze
PRJ-002609,AST-0023754,Wireless Access Point,EOL within 12 months,2028,2028-09-09,2028-09-03,816.49,Completed,Branch Scheduling
PRJ-002610,AST-0020215,Server,EOL within 24 months,2027,2027-06-22,,12682.63,Deferred,Branch Scheduling
PRJ-002611,AST-0002287,Laptop,EOL within 24 months,2028,2028-05-12,,1881.24,Blocked,Budget Approval
PRJ-002612,AST-0014543,Desktop,EOL within 24 months,2027,2027-10-31,,1171.77,Planning,Vendor Lead Time
PRJ-002613,AST-0015661,Desktop,EOL within 12 months,2026,2026-07-19,,1155.08,Deferred,Budget Approval
PRJ-002614,AST-0010376,Laptop,Past EOL,2028,2028-06-10,,1674.85,Not Started,Vendor Lead Time
PRJ-002615,AST-0022141,Access Switch,EOL within 24 months,2027,2027-03-08,,8370.12,Planning,Branch Scheduling
PRJ-002616,AST-0009862,Laptop,EOL within 24 months,2028,2028-12-05,,2375.93,Deferred,Application Dependency
PRJ-002617,AST-0012086,Laptop,EOL within 24 months,2027,2027-09-18,,2091.15,In Progress,Branch Scheduling
PRJ-002618,AST-0002195,Laptop,Past EOL,2028,2028-11-01,,1722.6,In Progress,Budget Approval
PRJ-002619,AST-0009226,Laptop,EOL within 12 months,2026,2026-10-25,,1979.67,Blocked,Vendor Lead Time
PRJ-002620,AST-0012429,Laptop,Past EOL,2027,2027-04-07,,1926.85,Blocked,Change Freeze
PRJ-002621,AST-0002249,Laptop,EOL within 24 months,2028,2028-08-07,,1854.52,In Progress,Change Freeze
PRJ-002622,AST-0020960,Server,EOL within 24 months,2028,2028-08-26,,12686.41,Deferred,Vendor Lead Time
PRJ-002623,AST-0019586,VDI Endpoint,EOL within 24 months,2027,2027-10-25,,985.36,Planning,Application Dependency
PRJ-002624,AST-0000076,Laptop,Past EOL,2027,2027-01-28,,1917.59,In Progress,Branch Scheduling
PRJ-002625,AST-0015817,Desktop,EOL within 12 months,2027,2027-12-27,,1175.99,Planning,Application Dependency
PRJ-002626,AST-0010892,Laptop,EOL within 24 months,2028,2028-11-03,,1548.4,Deferred,Branch Scheduling
PRJ-002627,AST-0013488,Laptop,Past EOL,2027,2027-08-30,,1508.3,In Progress,None
PRJ-002628,AST-0003625,Laptop,EOL within 12 months,2028,2028-02-18,,1618.47,Not Started,Application Dependency
PRJ-002629,AST-0005040,Laptop,EOL within 24 months,2028,2028-04-16,2028-07-06,1762.41,Completed,Security Exception
PRJ-002630,AST-0012195,Laptop,Past EOL,2027,2027-12-01,,1352.21,Deferred,Budget Approval
PRJ-002631,AST-0016451,Desktop,EOL within 24 months,2028,2028-07-10,,1043.2,In Progress,Security Exception
PRJ-002632,AST-0018024,Desktop,EOL within 12 months,2027,2027-10-07,2027-11-14,1118.88,Completed,Change Freeze
PRJ-002633,AST-0013407,Laptop,EOL within 24 months,2028,2028-12-19,,3250.64,Deferred,Application Dependency
PRJ-002634,AST-0013950,Laptop,EOL within 24 months,2027,2027-10-29,,2894.59,In Progress,Branch Scheduling
PRJ-002635,AST-0011631,Laptop,EOL within 12 months,2028,2028-02-02,,1739.7,In Progress,Branch Scheduling
PRJ-002636,AST-0012486,Laptop,EOL within 12 months,2028,2028-04-18,,1530.25,Deferred,Vendor Lead Time
PRJ-002637,AST-0006728,Laptop,EOL within 12 months,2027,2027-07-18,,2148.5,Planning,Security Exception
PRJ-002638,AST-0023630,Wireless Access Point,EOL within 12 months,2026,2026-06-23,,736.28,Not Started,None
PRJ-002639,AST-0017226,Desktop,EOL within 24 months,2027,2027-01-06,,1033.53,Planning,Vendor Lead Time
PRJ-002640,AST-0013305,Laptop,EOL within 24 months,2028,2028-09-16,,1918.48,Planning,Change Freeze
PRJ-002641,AST-0004434,Laptop,Past EOL,2028,2028-08-25,,1741.08,Not Started,Vendor Lead Time
PRJ-002642,AST-0003520,Laptop,Past EOL,2028,2028-04-11,,1475.17,Blocked,Security Exception
PRJ-002643,AST-0018017,Desktop,EOL within 24 months,2027,2027-04-20,,1157.76,Not Started,Budget Approval
PRJ-002644,AST-0022817,Router,EOL within 12 months,2028,2028-08-09,,8258.89,Deferred,Application Dependency
PRJ-002645,AST-0023136,Firewall,EOL within 12 months,2027,2027-08-06,,26085.45,Not Started,Budget Approval
PRJ-002646,AST-0019952,VDI Endpoint,EOL within 12 months,2028,2028-05-14,,1120.98,Not Started,Security Exception
PRJ-002647,AST-0004380,Laptop,EOL within 24 months,2028,2028-09-05,,1744.41,Not Started,Application Dependency
PRJ-002648,AST-0010897,Laptop,Past EOL,2026,2026-09-05,,1837.01,Planning,None
PRJ-002649,AST-0014339,Desktop,EOL within 24 months,2027,2027-12-30,,1110.18,Deferred,Security Exception
PRJ-002650,AST-0011507,Laptop,EOL within 24 months,2028,2028-09-12,,3064.55,Not Started,Security Exception
PRJ-002651,AST-0008325,Laptop,EOL within 12 months,2027,2027-02-13,,1964.67,Planning,Budget Approval
PRJ-002652,AST-0010193,Laptop,Past EOL,2028,2028-09-04,,1382.16,Planning,None
PRJ-002653,AST-0021183,Server,EOL within 24 months,2028,2028-12-09,,14539.79,In Progress,Budget Approval
PRJ-002654,AST-0014983,Desktop,EOL within 12 months,2028,2028-01-17,,1277.89,Deferred,Branch Scheduling
PRJ-002655,AST-0005913,Laptop,EOL within 24 months,2028,2028-10-26,,2407.64,Not Started,Security Exception
PRJ-002656,AST-0009308,Laptop,EOL within 24 months,2028,2028-05-01,,2033.58,In Progress,Branch Scheduling
PRJ-002657,AST-0016325,Desktop,EOL within 12 months,2027,2027-01-08,,1104.5,In Progress,Budget Approval
PRJ-002658,AST-0006278,Laptop,EOL within 24 months,2026,2026-09-29,2026-12-08,1803.96,Completed,Application Dependency
PRJ-002659,AST-0023683,Wireless Access Point,EOL within 24 months,2028,2028-02-12,,1453.39,In Progress,Budget Approval
PRJ-002660,AST-0000645,Laptop,Past EOL,2029,2029-01-02,,1827.05,In Progress,Security Exception
PRJ-002661,AST-0010183,Laptop,EOL within 12 months,2028,2028-02-10,,1487.73,In Progress,Vendor Lead Time
PRJ-002662,AST-0017414,Desktop,EOL within 12 months,2027,2027-07-14,,1123.15,Not Started,Application Dependency
PRJ-002663,AST-0003740,Laptop,EOL within 24 months,2028,2028-08-05,2028-10-31,3503.26,Completed,Budget Approval
PRJ-002664,AST-0015150,Desktop,EOL within 24 months,2026,2026-10-12,,1310.15,Planning,Vendor Lead Time
PRJ-002665,AST-0016564,Desktop,EOL within 24 months,2026,2026-06-17,,1126.05,Not Started,Branch Scheduling
PRJ-002666,AST-0004003,Laptop,Past EOL,2027,2027-02-06,2027-01-22,1985.93,Completed,None
PRJ-002667,AST-0012358,Laptop,EOL within 12 months,2027,2027-09-24,,1503.69,Blocked,Vendor Lead Time
PRJ-002668,AST-0016529,Desktop,EOL within 24 months,2027,2027-05-02,,999.23,Not Started,Application Dependency
PRJ-002669,AST-0001032,Laptop,EOL within 12 months,2028,2028-01-29,,1799.68,Deferred,Branch Scheduling
PRJ-002670,AST-0015883,Desktop,EOL within 24 months,2028,2028-04-16,,971.42,Planning,Budget Approval
PRJ-002671,AST-0011350,Laptop,EOL within 24 months,2028,2028-06-20,,1558.12,In Progress,Security Exception
PRJ-002672,AST-0005476,Laptop,Past EOL,2028,2028-01-18,2028-03-22,1822.55,Completed,Vendor Lead Time
PRJ-002673,AST-0009902,Laptop,Past EOL,2026,2026-07-15,,1477.84,Not Started,Branch Scheduling
PRJ-002674,AST-0020199,Server,EOL within 24 months,2027,2027-11-17,,14629.8,Blocked,Application Dependency
PRJ-002675,AST-0014248,Desktop,EOL within 24 months,2027,2027-12-28,,1273.5,Planning,None
PRJ-002676,AST-0022944,Router,EOL within 12 months,2026,2026-06-24,,13648.85,Not Started,Branch Scheduling
PRJ-002677,AST-0022886,Router,EOL within 12 months,2028,2028-09-16,,12301.2,Planning,Application Dependency
PRJ-002678,AST-0013549,Laptop,EOL within 12 months,2028,2028-01-07,,2003.51,In Progress,Budget Approval
PRJ-002679,AST-0016840,Desktop,EOL within 12 months,2027,2027-01-12,,1039.19,In Progress,None
PRJ-002680,AST-0000566,Laptop,EOL within 24 months,2026,2026-12-17,,2187.87,Planning,Budget Approval
PRJ-002681,AST-0019738,VDI Endpoint,EOL within 24 months,2026,2026-12-13,,1077.58,Planning,Budget Approval
PRJ-002682,AST-0010211,Laptop,EOL within 24 months,2027,2027-04-02,,3705.62,Not Started,Application Dependency
PRJ-002683,AST-0004244,Laptop,Past EOL,2028,2028-08-13,,1533.07,Not Started,Application Dependency
PRJ-002684,AST-0002732,Laptop,Past EOL,2026,2026-09-22,,1376.0,Blocked,Change Freeze
PRJ-002685,AST-0000963,Laptop,EOL within 12 months,2026,2026-08-05,,1507.34,In Progress,Budget Approval
PRJ-002686,AST-0008420,Laptop,Past EOL,2027,2027-01-20,,1794.31,Planning,Budget Approval
PRJ-002687,AST-0011036,Laptop,Past EOL,2027,2027-08-01,,1959.96,Not Started,Application Dependency
PRJ-002688,AST-0002972,Laptop,EOL within 12 months,2027,2027-01-29,,1650.75,In Progress,Vendor Lead Time
PRJ-002689,AST-0019047,VDI Endpoint,EOL within 12 months,2027,2027-07-14,,1065.17,Deferred,Budget Approval
PRJ-002690,AST-0002386,Laptop,EOL within 24 months,2027,2027-03-18,,1835.93,Planning,Change Freeze
PRJ-002691,AST-0018940,VDI Endpoint,EOL within 24 months,2027,2027-03-30,,1026.37,Deferred,Budget Approval
PRJ-002692,AST-0021067,Server,EOL within 24 months,2027,2027-07-04,,13830.59,In Progress,Vendor Lead Time
PRJ-002693,AST-0022061,Access Switch,EOL within 24 months,2026,2026-10-13,2026-12-30,6795.07,Completed,Branch Scheduling
PRJ-002694,AST-0009213,Laptop,EOL within 24 months,2027,2027-08-10,,2080.1,Not Started,Security Exception
PRJ-002695,AST-0007802,Laptop,Past EOL,2028,2028-02-22,,1704.95,Planning,Application Dependency
PRJ-002696,AST-0017464,Desktop,EOL within 24 months,2028,2028-07-01,,1103.23,Not Started,Budget Approval
PRJ-002697,AST-0002893,Laptop,EOL within 24 months,2028,2028-03-14,,3569.89,Planning,Application Dependency
PRJ-002698,AST-0010014,Laptop,Past EOL,2028,2028-03-17,,1469.88,Deferred,Vendor Lead Time
PRJ-002699,AST-0006528,Laptop,EOL within 24 months,2028,2028-06-20,,3826.16,Blocked,Security Exception
PRJ-002700,AST-0001398,Laptop,Past EOL,2027,2027-12-05,,1915.68,Deferred,None
PRJ-002701,AST-0023174,Firewall,EOL within 24 months,2028,2028-06-01,,11873.44,Planning,Vendor Lead Time
PRJ-002702,AST-0002871,Laptop,EOL within 12 months,2026,2026-09-18,,1543.65,Not Started,Security Exception
PRJ-002703,AST-0019624,VDI Endpoint,EOL within 12 months,2026,2026-06-12,,1331.48,In Progress,Vendor Lead Time
PRJ-002704,AST-0003114,Laptop,EOL within 24 months,2028,2028-07-23,,3151.51,Deferred,Vendor Lead Time
PRJ-002705,AST-0016744,Desktop,EOL within 12 months,2028,2028-04-06,,1257.08,Planning,Application Dependency
PRJ-002706,AST-0014046,Desktop,EOL within 24 months,2026,2026-06-30,2026-06-28,1258.72,Completed,Budget Approval
PRJ-002707,AST-0008742,Laptop,EOL within 12 months,2026,2026-10-28,,1925.86,In Progress,Vendor Lead Time
PRJ-002708,AST-0013359,Laptop,EOL within 12 months,2027,2027-10-30,,1953.36,Not Started,Change Freeze
PRJ-002709,AST-0007834,Laptop,Past EOL,2027,2027-08-17,,1485.1,Planning,Security Exception
PRJ-002710,AST-0004192,Laptop,EOL within 12 months,2027,2027-11-26,,1486.23,Not Started,Security Exception
PRJ-002711,AST-0002518,Laptop,EOL within 12 months,2028,2028-12-09,,2176.13,Deferred,Vendor Lead Time
PRJ-002712,AST-0015488,Desktop,EOL within 24 months,2028,2028-09-25,,1024.66,Deferred,Budget Approval
PRJ-002713,AST-0001004,Laptop,Past EOL,2028,2028-09-29,2028-11-09,1411.18,Completed,Budget Approval
PRJ-002714,AST-0021962,Access Switch,EOL within 24 months,2028,2028-04-02,,7842.33,Planning,Security Exception
PRJ-002715,AST-0013142,Laptop,EOL within 12 months,2027,2027-06-28,,1566.02,Planning,Application Dependency
PRJ-002716,AST-0005678,Laptop,Past EOL,2027,2027-11-27,,1325.15,Not Started,Change Freeze
PRJ-002717,AST-0014098,Desktop,EOL within 12 months,2027,2027-09-02,,1321.45,Not Started,Change Freeze
PRJ-002718,AST-0006584,Laptop,EOL within 24 months,2027,2027-09-13,,1697.83,In Progress,Security Exception
PRJ-002719,AST-0019821,VDI Endpoint,EOL within 24 months,2028,2028-12-11,,811.29,In Progress,Vendor Lead Time
PRJ-002720,AST-0013954,Laptop,Past EOL,2027,2027-12-23,,2014.04,Not Started,Branch Scheduling
PRJ-002721,AST-0012873,Laptop,EOL within 24 months,2026,2026-12-13,,2986.97,Deferred,Application Dependency
PRJ-002722,AST-0023245,Wireless Access Point,EOL within 24 months,2026,2026-08-14,,1358.41,In Progress,Vendor Lead Time
PRJ-002723,AST-0017774,Desktop,EOL within 12 months,2027,2027-03-02,,1238.71,Planning,Vendor Lead Time
PRJ-002724,AST-0000605,Laptop,EOL within 12 months,2027,2027-04-23,,1672.58,In Progress,Application Dependency
PRJ-002725,AST-0013306,Laptop,EOL within 12 months,2026,2026-06-30,,1637.23,Planning,Security Exception
PRJ-002726,AST-0017740,Desktop,EOL within 24 months,2027,2027-11-10,2027-12-01,1162.89,Completed,Branch Scheduling
PRJ-002727,AST-0007565,Laptop,EOL within 24 months,2027,2027-05-10,,1879.36,In Progress,Application Dependency
PRJ-002728,AST-0018665,VDI Endpoint,EOL within 12 months,2026,2026-07-05,,1142.22,Not Started,Change Freeze
PRJ-002729,AST-0010317,Laptop,EOL within 24 months,2028,2028-11-11,2028-12-01,2238.4,Completed,Security Exception
PRJ-002730,AST-0008385,Laptop,EOL within 24 months,2028,2028-12-07,,1821.1,Planning,Vendor Lead Time
PRJ-002731,AST-0018370,Desktop,EOL within 24 months,2028,2028-12-23,,1219.99,Not Started,Budget Approval
PRJ-002732,AST-0006081,Laptop,Past EOL,2028,2028-08-13,,1721.45,Planning,Branch Scheduling
PRJ-002733,AST-0005629,Laptop,EOL within 12 months,2026,2026-08-08,,2039.99,Planning,Branch Scheduling
PRJ-002734,AST-0017433,Desktop,EOL within 12 months,2027,2027-11-13,,1331.53,Not Started,Vendor Lead Time
PRJ-002735,AST-0001140,Laptop,EOL within 12 months,2028,2028-06-18,2028-08-18,2055.95,Completed,Application Dependency
PRJ-002736,AST-0013964,Laptop,EOL within 24 months,2028,2028-07-22,2028-09-24,1808.82,Completed,Branch Scheduling
PRJ-002737,AST-0002483,Laptop,EOL within 12 months,2028,2028-07-24,,1933.14,In Progress,Security Exception
PRJ-002738,AST-0013992,Laptop,EOL within 12 months,2027,2027-10-16,,2084.33,In Progress,Vendor Lead Time
PRJ-002739,AST-0001287,Laptop,EOL within 24 months,2028,2028-03-29,2028-04-06,1540.67,Completed,Security Exception
PRJ-002740,AST-0015596,Desktop,EOL within 24 months,2026,2026-06-10,,1029.48,Planning,Application Dependency
PRJ-002741,AST-0002823,Laptop,EOL within 12 months,2027,2027-03-30,,1640.52,Planning,Branch Scheduling
PRJ-002742,AST-0000032,Laptop,EOL within 12 months,2026,2026-08-29,,1954.31,Planning,None
PRJ-002743,AST-0010220,Laptop,EOL within 12 months,2027,2027-01-11,,1965.54,Deferred,Security Exception
PRJ-002744,AST-0006018,Laptop,EOL within 12 months,2026,2026-08-13,2026-07-22,1792.58,Completed,Application Dependency
PRJ-002745,AST-0007394,Laptop,EOL within 12 months,2028,2028-03-17,,1862.71,Deferred,None
PRJ-002746,AST-0018375,Desktop,EOL within 24 months,2028,2028-10-28,,1279.5,Planning,Branch Scheduling
PRJ-002747,AST-0007773,Laptop,EOL within 12 months,2027,2027-07-31,,1903.77,In Progress,Security Exception
PRJ-002748,AST-0014782,Desktop,EOL within 12 months,2027,2027-03-01,,1132.61,Not Started,Security Exception
PRJ-002749,AST-0012220,Laptop,EOL within 24 months,2027,2027-10-01,,3684.28,In Progress,Security Exception
PRJ-002750,AST-0002130,Laptop,Past EOL,2027,2027-06-25,,1427.3,Not Started,Vendor Lead Time
PRJ-002751,AST-0011781,Laptop,EOL within 12 months,2028,2028-04-30,2028-05-08,1470.38,Completed,None
PRJ-002752,AST-0016967,Desktop,EOL within 12 months,2026,2026-11-07,,1027.86,In Progress,None
PRJ-002753,AST-0019470,VDI Endpoint,EOL within 24 months,2028,2028-09-26,,1191.7,Planning,None
PRJ-002754,AST-0005781,Laptop,Past EOL,2028,2028-05-29,,1634.98,Planning,Vendor Lead Time
PRJ-002755,AST-0008918,Laptop,EOL within 12 months,2028,2028-09-09,,1486.36,In Progress,Branch Scheduling
PRJ-002756,AST-0006532,Laptop,Past EOL,2028,2028-11-16,,1884.92,In Progress,Budget Approval
PRJ-002757,AST-0001094,Laptop,EOL within 24 months,2028,2028-02-20,,2037.96,Planning,Change Freeze
PRJ-002758,AST-0013681,Laptop,EOL within 24 months,2028,2028-12-07,2029-01-21,3214.08,Completed,Security Exception
PRJ-002759,AST-0006412,Laptop,EOL within 12 months,2027,2027-06-16,,1573.45,In Progress,None
PRJ-002760,AST-0011434,Laptop,Past EOL,2028,2028-11-14,,1931.16,In Progress,Change Freeze
PRJ-002761,AST-0016526,Desktop,EOL within 12 months,2026,2026-09-24,,1208.25,In Progress,Change Freeze
PRJ-002762,AST-0014142,Desktop,EOL within 24 months,2027,2027-08-08,,993.46,Blocked,Vendor Lead Time
PRJ-002763,AST-0012399,Laptop,EOL within 12 months,2027,2027-10-13,2027-10-22,1881.78,Completed,Vendor Lead Time
PRJ-002764,AST-0010409,Laptop,Past EOL,2027,2027-01-08,,1489.88,Not Started,Branch Scheduling
PRJ-002765,AST-0018852,VDI Endpoint,EOL within 24 months,2028,2028-03-25,,857.21,Planning,Branch Scheduling
PRJ-002766,AST-0002264,Laptop,EOL within 12 months,2026,2026-07-30,,1577.61,Not Started,Branch Scheduling
PRJ-002767,AST-0004830,Laptop,EOL within 12 months,2028,2028-08-30,,1831.65,Planning,Change Freeze
PRJ-002768,AST-0004593,Laptop,EOL within 12 months,2028,2028-12-04,,2036.08,Blocked,Budget Approval
PRJ-002769,AST-0016576,Desktop,EOL within 24 months,2028,2028-01-11,,1167.94,Not Started,Application Dependency
PRJ-002770,AST-0000459,Laptop,EOL within 24 months,2028,2028-11-30,,3310.84,Planning,Budget Approval
PRJ-002771,AST-0008646,Laptop,EOL within 24 months,2027,2027-07-30,,3474.99,Deferred,Budget Approval
PRJ-002772,AST-0013069,Laptop,Past EOL,2028,2028-07-06,,1379.15,Deferred,Security Exception
PRJ-002773,AST-0005111,Laptop,EOL within 24 months,2028,2028-07-10,2028-08-30,3721.24,Completed,Application Dependency
PRJ-002774,AST-0015770,Desktop,EOL within 12 months,2028,2028-10-23,,1037.39,In Progress,None
PRJ-002775,AST-0022814,Router,EOL within 12 months,2028,2028-09-04,,13778.43,Deferred,Security Exception
PRJ-002776,AST-0003899,Laptop,EOL within 12 months,2026,2026-12-11,,1873.01,Planning,Security Exception
PRJ-002777,AST-0014207,Desktop,EOL within 12 months,2026,2026-12-28,2027-02-25,997.37,Completed,Security Exception
PRJ-002778,AST-0017666,Desktop,EOL within 24 months,2028,2028-09-10,,1007.37,Not Started,Branch Scheduling
PRJ-002779,AST-0006870,Laptop,EOL within 12 months,2027,2027-11-18,,1769.8,Not Started,None
PRJ-002780,AST-0000349,Laptop,EOL within 12 months,2028,2028-10-02,,1553.69,In Progress,Change Freeze
PRJ-002781,AST-0023631,Wireless Access Point,EOL within 24 months,2027,2027-07-04,,891.98,Not Started,Change Freeze
PRJ-002782,AST-0005705,Laptop,EOL within 12 months,2027,2027-02-16,,2044.08,Planning,Security Exception
PRJ-002783,AST-0008688,Laptop,EOL within 24 months,2027,2027-11-09,,2171.91,Deferred,Vendor Lead Time
PRJ-002784,AST-0010430,Laptop,Past EOL,2027,2027-10-10,,1513.95,Planning,Vendor Lead Time
PRJ-002785,AST-0020243,Server,EOL within 24 months,2027,2027-01-09,,12448.01,Not Started,Security Exception
PRJ-002786,AST-0009038,Laptop,EOL within 12 months,2028,2028-12-02,,1965.35,Planning,Security Exception
PRJ-002787,AST-0018356,Desktop,EOL within 24 months,2027,2027-06-29,,959.21,Not Started,Change Freeze
PRJ-002788,AST-0006853,Laptop,Past EOL,2026,2026-09-15,,1364.55,Planning,Branch Scheduling
PRJ-002789,AST-0002707,Laptop,EOL within 12 months,2026,2026-09-11,,2074.55,Planning,Application Dependency
PRJ-002790,AST-0005237,Laptop,EOL within 24 months,2027,2027-08-01,,1882.45,Blocked,Branch Scheduling
PRJ-002791,AST-0003337,Laptop,EOL within 24 months,2027,2027-03-19,,1757.87,Planning,Vendor Lead Time
PRJ-002792,AST-0006339,Laptop,EOL within 12 months,2027,2027-11-07,,2019.05,Blocked,Budget Approval
PRJ-002793,AST-0010464,Laptop,EOL within 24 months,2027,2027-07-21,,1818.04,Not Started,Application Dependency
PRJ-002794,AST-0000017,Laptop,EOL within 12 months,2027,2027-04-07,2027-06-26,1757.0,Completed,Budget Approval
PRJ-002795,AST-0016742,Desktop,EOL within 12 months,2027,2027-07-24,,1240.03,Deferred,Change Freeze
PRJ-002796,AST-0003452,Laptop,EOL within 24 months,2027,2027-09-15,2027-10-23,1673.19,Completed,Application Dependency
PRJ-002797,AST-0006682,Laptop,EOL within 24 months,2028,2028-05-08,,1559.71,Not Started,None
PRJ-002798,AST-0001065,Laptop,EOL within 24 months,2028,2028-06-07,,1541.15,Planning,Application Dependency
PRJ-002799,AST-0023345,Wireless Access Point,EOL within 24 months,2027,2027-01-30,,1098.88,Planning,Application Dependency
PRJ-002800,AST-0016597,Desktop,EOL within 24 months,2027,2027-10-25,,1345.73,Deferred,Security Exception
PRJ-002801,AST-0007914,Laptop,EOL within 24 months,2028,2028-05-09,,3827.67,Planning,None
PRJ-002802,AST-0002583,Laptop,Past EOL,2026,2026-10-09,,1874.74,In Progress,Branch Scheduling
PRJ-002803,AST-0010284,Laptop,EOL within 24 months,2027,2027-03-22,,1964.87,Deferred,Vendor Lead Time
PRJ-002804,AST-0000235,Laptop,Past EOL,2027,2027-03-30,,1745.4,Not Started,None
PRJ-002805,AST-0011298,Laptop,EOL within 24 months,2027,2027-05-11,,2422.75,Planning,Vendor Lead Time
PRJ-002806,AST-0006858,Laptop,Past EOL,2027,2027-08-14,,1435.96,Planning,None
PRJ-002807,AST-0016068,Desktop,EOL within 24 months,2028,2028-05-25,2028-07-30,988.93,Completed,Budget Approval
PRJ-002808,AST-0007051,Laptop,EOL within 24 months,2026,2026-09-21,,2985.17,Not Started,Change Freeze
PRJ-002809,AST-0015658,Desktop,EOL within 24 months,2026,2026-12-03,,1055.54,Deferred,Change Freeze
PRJ-002810,AST-0011178,Laptop,Past EOL,2027,2027-12-09,,1625.17,Planning,Branch Scheduling
PRJ-002811,AST-0019095,VDI Endpoint,EOL within 24 months,2028,2028-07-08,2028-06-27,822.08,Completed,Budget Approval
PRJ-002812,AST-0021740,Access Switch,EOL within 24 months,2027,2027-03-20,,5685.86,Planning,Security Exception
PRJ-002813,AST-0022997,Router,EOL within 12 months,2028,2028-05-11,2028-07-27,6429.71,Completed,Budget Approval
PRJ-002814,AST-0009855,Laptop,EOL within 24 months,2028,2028-04-25,,2195.67,Planning,Vendor Lead Time
PRJ-002815,AST-0012352,Laptop,EOL within 12 months,2028,2028-03-03,,2083.02,Planning,Branch Scheduling
PRJ-002816,AST-0006065,Laptop,EOL within 24 months,2028,2028-02-09,,1682.92,In Progress,Security Exception
PRJ-002817,AST-0003347,Laptop,Past EOL,2027,2027-04-03,,1719.78,In Progress,Vendor Lead Time
PRJ-002818,AST-0016538,Desktop,EOL within 12 months,2027,2027-05-04,2027-08-02,1326.18,Completed,Security Exception
PRJ-002819,AST-0016278,Desktop,EOL within 12 months,2027,2027-05-02,,1292.26,Planning,Branch Scheduling
PRJ-002820,AST-0001941,Laptop,EOL within 12 months,2026,2026-08-08,,2130.97,Blocked,None
PRJ-002821,AST-0015789,Desktop,EOL within 12 months,2027,2027-07-10,,1166.77,Not Started,Vendor Lead Time
PRJ-002822,AST-0009709,Laptop,EOL within 12 months,2027,2027-11-11,,1859.34,Not Started,None
PRJ-002823,AST-0000819,Laptop,EOL within 24 months,2026,2026-10-08,,3191.6,Deferred,None
PRJ-002824,AST-0015812,Desktop,EOL within 24 months,2028,2028-09-24,,994.59,Planning,Security Exception
PRJ-002825,AST-0013017,Laptop,EOL within 12 months,2028,2028-04-25,,1724.57,Not Started,Vendor Lead Time
PRJ-002826,AST-0016817,Desktop,EOL within 24 months,2028,2028-09-12,,925.86,Not Started,Application Dependency
PRJ-002827,AST-0019957,VDI Endpoint,EOL within 24 months,2026,2026-10-06,,879.88,Not Started,Application Dependency
PRJ-002828,AST-0023062,Firewall,EOL within 24 months,2028,2028-03-26,2028-02-25,10539.32,Completed,Change Freeze
PRJ-002829,AST-0003617,Laptop,Past EOL,2027,2027-05-08,,1522.88,In Progress,None
PRJ-002830,AST-0002257,Laptop,Past EOL,2028,2028-07-28,,1663.88,Planning,Branch Scheduling
PRJ-002831,AST-0005742,Laptop,EOL within 12 months,2028,2028-06-16,,1550.04,Planning,None
PRJ-002832,AST-0019924,VDI Endpoint,EOL within 24 months,2028,2028-08-14,2028-11-10,819.43,Completed,None
PRJ-002833,AST-0021275,Server,EOL within 24 months,2027,2027-06-21,,11485.03,Deferred,Branch Scheduling
PRJ-002834,AST-0001977,Laptop,EOL within 12 months,2027,2027-11-07,,1994.51,Deferred,Change Freeze
PRJ-002835,AST-0005619,Laptop,Past EOL,2026,2026-11-05,,1705.3,In Progress,Application Dependency
PRJ-002836,AST-0015184,Desktop,EOL within 24 months,2028,2028-04-10,,989.61,Planning,Branch Scheduling
PRJ-002837,AST-0011825,Laptop,EOL within 24 months,2026,2026-12-06,,2135.91,Not Started,Security Exception
PRJ-002838,AST-0019065,VDI Endpoint,EOL within 12 months,2028,2028-01-30,,1094.04,Deferred,Change Freeze
PRJ-002839,AST-0015548,Desktop,EOL within 24 months,2027,2027-12-29,,901.54,In Progress,Change Freeze
PRJ-002840,AST-0005240,Laptop,EOL within 12 months,2027,2027-10-04,,1562.22,Not Started,Branch Scheduling
PRJ-002841,AST-0008548,Laptop,Past EOL,2026,2026-10-01,,1728.84,Not Started,Change Freeze
PRJ-002842,AST-0009512,Laptop,Past EOL,2028,2028-12-22,,1880.31,Planning,Application Dependency
PRJ-002843,AST-0008121,Laptop,EOL within 12 months,2027,2027-03-17,,2033.38,In Progress,Budget Approval
PRJ-002844,AST-0018346,Desktop,EOL within 12 months,2027,2027-01-04,,1251.7,In Progress,Application Dependency
PRJ-002845,AST-0002926,Laptop,EOL within 24 months,2026,2026-09-15,,2233.42,In Progress,Vendor Lead Time
PRJ-002846,AST-0023415,Wireless Access Point,EOL within 24 months,2028,2028-02-09,,1226.95,In Progress,Application Dependency
PRJ-002847,AST-0016139,Desktop,EOL within 12 months,2027,2027-06-29,,984.73,In Progress,None
PRJ-002848,AST-0012688,Laptop,EOL within 12 months,2027,2027-03-19,,1691.13,Not Started,None
PRJ-002849,AST-0014129,Desktop,EOL within 24 months,2028,2028-04-21,,1199.44,Not Started,Budget Approval
PRJ-002850,AST-0005080,Laptop,EOL within 12 months,2028,2028-10-07,,1636.69,Planning,Budget Approval
PRJ-002851,AST-0012686,Laptop,EOL within 12 months,2028,2028-10-07,,1679.49,In Progress,Vendor Lead Time
PRJ-002852,AST-0018501,VDI Endpoint,EOL within 24 months,2027,2027-12-26,,933.8,Planning,Budget Approval
PRJ-002853,AST-0006420,Laptop,EOL within 12 months,2028,2028-04-06,,2204.91,Not Started,Vendor Lead Time
PRJ-002854,AST-0012632,Laptop,EOL within 12 months,2026,2026-07-21,,1851.17,Planning,None
PRJ-002855,AST-0012356,Laptop,Past EOL,2028,2028-04-13,,1371.88,Not Started,Change Freeze
PRJ-002856,AST-0016453,Desktop,EOL within 12 months,2027,2027-10-03,,1240.74,Not Started,Security Exception
PRJ-002857,AST-0005103,Laptop,Past EOL,2027,2027-10-24,,1680.73,Not Started,Security Exception
PRJ-002858,AST-0009912,Laptop,EOL within 24 months,2028,2028-02-18,,3296.57,Planning,Vendor Lead Time
PRJ-002859,AST-0002158,Laptop,Past EOL,2028,2028-09-05,,1669.18,Not Started,Branch Scheduling
PRJ-002860,AST-0001293,Laptop,EOL within 12 months,2028,2028-10-04,,1617.73,Planning,Branch Scheduling
PRJ-002861,AST-0007308,Laptop,Past EOL,2029,2029-01-06,,1356.65,Blocked,Security Exception
PRJ-002862,AST-0009180,Laptop,Past EOL,2028,2028-04-12,,1731.1,Deferred,Branch Scheduling
PRJ-002863,AST-0008707,Laptop,Past EOL,2027,2027-09-16,,1655.07,Planning,Budget Approval
PRJ-002864,AST-0012445,Laptop,EOL within 12 months,2028,2028-04-22,,1735.8,Not Started,None
PRJ-002865,AST-0015857,Desktop,EOL within 24 months,2028,2028-12-16,2029-02-02,1006.31,Completed,Budget Approval
PRJ-002866,AST-0017093,Desktop,EOL within 12 months,2027,2027-05-07,,951.98,Deferred,Security Exception
PRJ-002867,AST-0013547,Laptop,EOL within 24 months,2028,2028-06-25,,1619.65,In Progress,Application Dependency
PRJ-002868,AST-0009429,Laptop,EOL within 12 months,2028,2028-06-25,2028-09-09,1670.71,Completed,Application Dependency
PRJ-002869,AST-0012924,Laptop,Past EOL,2028,2028-12-07,,1938.21,In Progress,Change Freeze
PRJ-002870,AST-0002331,Laptop,EOL within 24 months,2028,2028-08-09,,1550.58,Not Started,Application Dependency
PRJ-002871,AST-0016408,Desktop,EOL within 12 months,2028,2028-05-23,,1032.85,In Progress,Budget Approval
PRJ-002872,AST-0009177,Laptop,EOL within 24 months,2028,2028-05-16,,2293.18,Planning,Vendor Lead Time
PRJ-002873,AST-0009760,Laptop,EOL within 24 months,2027,2027-11-18,,1927.36,Planning,Vendor Lead Time
PRJ-002874,AST-0008305,Laptop,EOL within 24 months,2027,2027-12-27,,2312.21,Deferred,Budget Approval
PRJ-002875,AST-0005576,Laptop,EOL within 24 months,2026,2026-12-30,,3690.89,Not Started,Budget Approval
PRJ-002876,AST-0012838,Laptop,EOL within 12 months,2026,2026-07-03,,1856.2,Deferred,Branch Scheduling
PRJ-002877,AST-0011792,Laptop,Past EOL,2027,2027-12-28,,2013.17,In Progress,Security Exception
PRJ-002878,AST-0004865,Laptop,Past EOL,2026,2026-12-02,,1827.9,Planning,Change Freeze
PRJ-002879,AST-0013994,Laptop,Past EOL,2027,2027-12-10,,1461.7,Planning,None
PRJ-002880,AST-0012570,Laptop,Past EOL,2026,2026-11-13,,1842.13,In Progress,Vendor Lead Time
PRJ-002881,AST-0000429,Laptop,EOL within 24 months,2027,2027-06-14,,3136.01,Planning,Vendor Lead Time
PRJ-002882,AST-0015225,Desktop,EOL within 24 months,2028,2028-01-07,,981.09,In Progress,None
PRJ-002883,AST-0014686,Desktop,EOL within 24 months,2028,2028-04-16,,1229.91,Deferred,Security Exception
PRJ-002884,AST-0012995,Laptop,EOL within 24 months,2027,2027-07-13,,1721.47,Not Started,Vendor Lead Time
PRJ-002885,AST-0013504,Laptop,Past EOL,2028,2028-12-25,,1383.56,Planning,Vendor Lead Time
PRJ-002886,AST-0008065,Laptop,Past EOL,2027,2027-06-19,,1403.65,Not Started,None
PRJ-002887,AST-0017595,Desktop,EOL within 24 months,2027,2027-02-18,,1249.83,In Progress,Security Exception
PRJ-002888,AST-0004396,Laptop,EOL within 24 months,2027,2027-11-25,,3725.67,In Progress,Application Dependency
PRJ-002889,AST-0009997,Laptop,Past EOL,2028,2028-06-14,2028-08-11,1513.15,Completed,Application Dependency
PRJ-002890,AST-0008140,Laptop,EOL within 24 months,2028,2028-07-08,,1970.8,In Progress,Vendor Lead Time
PRJ-002891,AST-0015412,Desktop,EOL within 24 months,2028,2028-03-25,,1026.47,Not Started,Vendor Lead Time
PRJ-002892,AST-0009029,Laptop,EOL within 12 months,2027,2027-04-11,,2074.1,In Progress,Change Freeze
PRJ-002893,AST-0017931,Desktop,EOL within 24 months,2028,2028-03-19,,995.12,In Progress,Budget Approval
PRJ-002894,AST-0007116,Laptop,EOL within 12 months,2028,2028-07-05,2028-06-12,1581.32,Completed,Security Exception
PRJ-002895,AST-0004602,Laptop,Past EOL,2027,2027-03-20,,1860.83,Deferred,Change Freeze
PRJ-002896,AST-0013515,Laptop,EOL within 12 months,2026,2026-10-09,,1519.34,Planning,Application Dependency
PRJ-002897,AST-0006273,Laptop,EOL within 24 months,2028,2028-08-02,,3833.9,In Progress,Security Exception
PRJ-002898,AST-0010535,Laptop,EOL within 24 months,2026,2026-12-02,,2032.53,Not Started,Change Freeze
PRJ-002899,AST-0021373,Server,EOL within 24 months,2029,2029-01-06,,12328.56,In Progress,Change Freeze
PRJ-002900,AST-0011451,Laptop,EOL within 12 months,2027,2027-06-09,,1645.25,Planning,Security Exception
PRJ-002901,AST-0018114,Desktop,EOL within 12 months,2027,2027-03-03,,1416.04,In Progress,Vendor Lead Time
PRJ-002902,AST-0019627,VDI Endpoint,EOL within 24 months,2026,2026-08-28,,1023.97,Not Started,Budget Approval
PRJ-002903,AST-0005096,Laptop,Past EOL,2028,2028-11-25,2028-11-28,1464.62,Completed,Vendor Lead Time
PRJ-002904,AST-0006402,Laptop,EOL within 12 months,2028,2028-09-02,,1827.02,In Progress,Budget Approval
PRJ-002905,AST-0012723,Laptop,EOL within 12 months,2027,2027-03-26,2027-04-14,1629.37,Completed,Vendor Lead Time
PRJ-002906,AST-0005809,Laptop,EOL within 24 months,2026,2026-11-12,,3479.65,Not Started,Application Dependency
PRJ-002907,AST-0004849,Laptop,EOL within 12 months,2026,2026-10-06,,1672.86,Planning,Branch Scheduling
PRJ-002908,AST-0018497,Desktop,EOL within 24 months,2026,2026-10-19,,937.12,In Progress,Application Dependency
PRJ-002909,AST-0019634,VDI Endpoint,EOL within 12 months,2026,2026-08-26,,1251.44,In Progress,None
PRJ-002910,AST-0012339,Laptop,Past EOL,2028,2028-06-19,,1720.54,Deferred,Branch Scheduling
PRJ-002911,AST-0001367,Laptop,EOL within 24 months,2026,2026-10-12,,3263.05,Not Started,Application Dependency
PRJ-002912,AST-0017821,Desktop,EOL within 24 months,2026,2026-08-05,,1227.56,Planning,None
PRJ-002913,AST-0012009,Laptop,EOL within 24 months,2028,2028-08-04,,3313.01,Not Started,Budget Approval
PRJ-002914,AST-0014530,Desktop,EOL within 12 months,2027,2027-02-27,,1348.91,Planning,Budget Approval
PRJ-002915,AST-0012256,Laptop,EOL within 24 months,2027,2027-12-25,,1776.87,In Progress,Vendor Lead Time
PRJ-002916,AST-0005263,Laptop,EOL within 24 months,2027,2027-02-19,,2220.34,Not Started,Application Dependency
PRJ-002917,AST-0005559,Laptop,EOL within 12 months,2028,2028-04-26,,1910.99,Planning,Security Exception
PRJ-002918,AST-0012534,Laptop,Past EOL,2027,2027-09-25,,1517.72,In Progress,Branch Scheduling
PRJ-002919,AST-0017127,Desktop,EOL within 24 months,2028,2028-09-15,,1014.92,Not Started,Vendor Lead Time
PRJ-002920,AST-0001740,Laptop,EOL within 12 months,2027,2027-03-02,,1435.39,Not Started,Change Freeze
PRJ-002921,AST-0002789,Laptop,Past EOL,2028,2028-04-20,,1681.47,In Progress,Branch Scheduling
PRJ-002922,AST-0009557,Laptop,Past EOL,2028,2028-04-14,2028-06-03,1764.67,Completed,Branch Scheduling
PRJ-002923,AST-0009145,Laptop,Past EOL,2028,2028-12-30,,1652.71,Not Started,Security Exception
PRJ-002924,AST-0010046,Laptop,EOL within 24 months,2026,2026-12-01,,3323.18,Not Started,Budget Approval
PRJ-002925,AST-0014435,Desktop,EOL within 24 months,2026,2026-12-25,,1231.96,Not Started,Application Dependency
PRJ-002926,AST-0004543,Laptop,EOL within 24 months,2027,2027-02-19,2027-04-24,3192.96,Completed,Application Dependency
PRJ-002927,AST-0002399,Laptop,EOL within 12 months,2028,2028-02-13,,1847.11,Not Started,Vendor Lead Time
PRJ-002928,AST-0018244,Desktop,EOL within 12 months,2027,2027-08-29,,1311.23,In Progress,Security Exception
PRJ-002929,AST-0006896,Laptop,Past EOL,2027,2027-06-04,,1629.57,Planning,Application Dependency
PRJ-002930,AST-0008118,Laptop,EOL within 12 months,2027,2027-01-10,,2043.4,In Progress,Security Exception
PRJ-002931,AST-0009299,Laptop,EOL within 24 months,2028,2028-07-15,,3442.53,Planning,Budget Approval
PRJ-002932,AST-0015262,Desktop,EOL within 24 months,2027,2027-07-17,2027-08-27,1222.33,Completed,Application Dependency
PRJ-002933,AST-0023342,Wireless Access Point,EOL within 24 months,2026,2026-08-29,,901.52,Planning,Security Exception
PRJ-002934,AST-0001543,Laptop,Past EOL,2028,2028-07-26,2028-10-21,1673.17,Completed,None
PRJ-002935,AST-0022705,Core Switch,EOL within 24 months,2027,2027-07-25,,27814.81,Not Started,None
PRJ-002936,AST-0005272,Laptop,EOL within 12 months,2029,2029-01-02,,1643.01,In Progress,Security Exception
PRJ-002937,AST-0001369,Laptop,Past EOL,2027,2027-09-16,,1598.99,Not Started,Vendor Lead Time
PRJ-002938,AST-0023863,Wireless Access Point,EOL within 24 months,2027,2027-09-08,2027-09-29,1349.38,Completed,Application Dependency
PRJ-002939,AST-0022046,Access Switch,EOL within 24 months,2028,2028-12-05,,6212.67,Not Started,Branch Scheduling
PRJ-002940,AST-0019374,VDI Endpoint,EOL within 24 months,2028,2028-10-25,,1016.57,Blocked,None
PRJ-002941,AST-0019757,VDI Endpoint,EOL within 12 months,2026,2026-06-26,,1474.64,Not Started,Change Freeze
PRJ-002942,AST-0006703,Laptop,EOL within 12 months,2026,2026-07-11,,1616.99,Deferred,Change Freeze
PRJ-002943,AST-0009789,Laptop,Past EOL,2028,2028-01-25,,1732.59,Blocked,Vendor Lead Time
PRJ-002944,AST-0012035,Laptop,EOL within 24 months,2027,2027-12-03,,2205.65,Blocked,None
PRJ-002945,AST-0005292,Laptop,EOL within 24 months,2028,2028-08-07,,2095.56,Planning,Change Freeze
PRJ-002946,AST-0017273,Desktop,EOL within 12 months,2028,2028-01-22,2028-03-18,1190.55,Completed,Budget Approval
PRJ-002947,AST-0001154,Laptop,EOL within 24 months,2026,2026-07-09,,2210.71,Planning,Branch Scheduling
PRJ-002948,AST-0023335,Wireless Access Point,EOL within 24 months,2026,2026-09-06,,1517.33,Not Started,Branch Scheduling
PRJ-002949,AST-0005073,Laptop,EOL within 12 months,2026,2026-12-28,,1648.17,Planning,None
PRJ-002950,AST-0004809,Laptop,EOL within 24 months,2027,2027-01-06,,1732.51,Not Started,Security Exception
PRJ-002951,AST-0018073,Desktop,EOL within 24 months,2027,2027-01-14,,1034.25,Planning,Budget Approval
PRJ-002952,AST-0000948,Laptop,EOL within 12 months,2027,2027-11-03,,1495.3,Planning,Application Dependency
PRJ-002953,AST-0011401,Laptop,EOL within 24 months,2027,2027-12-18,,2216.41,In Progress,Budget Approval
PRJ-002954,AST-0001549,Laptop,EOL within 24 months,2027,2027-12-04,,2154.69,Not Started,Branch Scheduling
PRJ-002955,AST-0000367,Laptop,EOL within 24 months,2027,2027-03-19,2027-04-02,3154.67,Completed,Change Freeze
PRJ-002956,AST-0002741,Laptop,EOL within 12 months,2028,2028-04-05,,1841.83,Not Started,Budget Approval
PRJ-002957,AST-0012852,Laptop,EOL within 24 months,2027,2027-10-17,,2006.84,Planning,Branch Scheduling
PRJ-002958,AST-0018549,VDI Endpoint,EOL within 12 months,2028,2028-03-24,,1192.27,Planning,Vendor Lead Time
PRJ-002959,AST-0009880,Laptop,EOL within 24 months,2026,2026-07-12,,2314.54,Planning,None
PRJ-002960,AST-0005660,Laptop,EOL within 24 months,2026,2026-06-02,,3063.88,Planning,Application Dependency
PRJ-002961,AST-0003389,Laptop,EOL within 24 months,2027,2027-03-18,,2117.46,Not Started,Change Freeze
PRJ-002962,AST-0010268,Laptop,EOL within 24 months,2028,2028-03-20,,3270.23,Planning,Application Dependency
PRJ-002963,AST-0003222,Laptop,EOL within 24 months,2028,2028-10-01,,2023.55,Not Started,Budget Approval
PRJ-002964,AST-0007465,Laptop,Past EOL,2028,2028-03-01,,1358.04,In Progress,Security Exception
PRJ-002965,AST-0007700,Laptop,EOL within 24 months,2028,2028-01-27,,3268.72,Not Started,Budget Approval
PRJ-002966,AST-0012103,Laptop,EOL within 12 months,2027,2027-07-04,,1518.29,Deferred,Change Freeze
PRJ-002967,AST-0020150,Server,EOL within 24 months,2026,2026-09-01,,10612.56,Planning,Branch Scheduling
PRJ-002968,AST-0016134,Desktop,EOL within 12 months,2027,2027-04-28,,1234.67,Deferred,Security Exception
PRJ-002969,AST-0011255,Laptop,Past EOL,2027,2027-02-24,,2003.12,Planning,Change Freeze
PRJ-002970,AST-0010970,Laptop,EOL within 12 months,2027,2027-07-15,,2141.52,In Progress,Change Freeze
PRJ-002971,AST-0000741,Laptop,EOL within 24 months,2028,2028-06-03,,2629.4,In Progress,Branch Scheduling
PRJ-002972,AST-0021787,Access Switch,EOL within 24 months,2026,2026-07-09,,6697.2,In Progress,Branch Scheduling
PRJ-002973,AST-0005914,Laptop,EOL within 24 months,2027,2027-03-20,,2186.37,Not Started,Branch Scheduling
PRJ-002974,AST-0001481,Laptop,Past EOL,2026,2026-06-19,,1371.27,In Progress,Budget Approval
PRJ-002975,AST-0000087,Laptop,EOL within 24 months,2027,2027-06-05,,2568.9,In Progress,Branch Scheduling
PRJ-002976,AST-0013768,Laptop,Past EOL,2026,2026-12-12,2027-02-20,2023.56,Completed,Application Dependency
PRJ-002977,AST-0011464,Laptop,EOL within 24 months,2026,2026-08-25,,2081.05,In Progress,Application Dependency
PRJ-002978,AST-0015568,Desktop,EOL within 12 months,2026,2026-12-17,2027-01-27,1331.22,Completed,None
PRJ-002979,AST-0011593,Laptop,EOL within 24 months,2028,2028-03-21,2028-03-13,3468.22,Completed,Security Exception
PRJ-002980,AST-0002232,Laptop,EOL within 24 months,2027,2027-07-14,,1871.59,Planning,Security Exception
PRJ-002981,AST-0009391,Laptop,EOL within 24 months,2026,2026-11-23,,1507.67,Not Started,Vendor Lead Time
PRJ-002982,AST-0016196,Desktop,EOL within 12 months,2028,2028-05-21,,1083.39,In Progress,Application Dependency
PRJ-002983,AST-0001090,Laptop,EOL within 24 months,2028,2028-10-03,,1700.51,Blocked,Budget Approval
PRJ-002984,AST-0006232,Laptop,EOL within 24 months,2028,2028-09-05,2028-11-30,1907.0,Completed,Change Freeze
PRJ-002985,AST-0018577,VDI Endpoint,EOL within 12 months,2028,2028-10-12,,1427.95,Not Started,Change Freeze
PRJ-002986,AST-0011927,Laptop,EOL within 24 months,2028,2028-12-11,,2848.89,Not Started,Application Dependency
PRJ-002987,AST-0011910,Laptop,EOL within 24 months,2027,2027-04-13,,3329.94,Not Started,Application Dependency
PRJ-002988,AST-0009420,Laptop,EOL within 12 months,2028,2028-12-24,,1966.87,Not Started,Application Dependency
PRJ-002989,AST-0002727,Laptop,EOL within 12 months,2027,2027-11-26,,1954.92,In Progress,Change Freeze
PRJ-002990,AST-0009550,Laptop,EOL within 24 months,2027,2027-04-14,,1891.58,Planning,Budget Approval
PRJ-002991,AST-0006156,Laptop,Past EOL,2027,2027-05-12,2027-06-09,1779.8,Completed,None
PRJ-002992,AST-0008859,Laptop,EOL within 24 months,2026,2026-11-23,,1742.41,Planning,Change Freeze
PRJ-002993,AST-0019669,VDI Endpoint,EOL within 12 months,2028,2028-07-14,,1130.69,Deferred,None
PRJ-002994,AST-0016371,Desktop,EOL within 12 months,2028,2028-07-26,,1101.16,Not Started,Budget Approval
PRJ-002995,AST-0004407,Laptop,Past EOL,2027,2027-06-12,2027-06-07,1850.17,Completed,Vendor Lead Time
PRJ-002996,AST-0004735,Laptop,EOL within 24 months,2028,2028-11-29,,3366.27,Deferred,Security Exception
PRJ-002997,AST-0011853,Laptop,EOL within 24 months,2027,2027-06-04,,2628.68,Planning,Budget Approval
PRJ-002998,AST-0001415,Laptop,EOL within 12 months,2026,2026-08-05,2026-08-03,1597.13,Completed,Security Exception
PRJ-002999,AST-0008523,Laptop,Past EOL,2027,2027-10-08,,1701.58,In Progress,Branch Scheduling
PRJ-003000,AST-0017715,Desktop,EOL within 24 months,2028,2028-02-28,,1223.59,Not Started,Security Exception
PRJ-003001,AST-0001327,Laptop,EOL within 12 months,2028,2028-01-06,,2092.81,Planning,Application Dependency
PRJ-003002,AST-0012139,Laptop,EOL within 12 months,2027,2027-09-06,2027-11-24,1672.95,Completed,Security Exception
PRJ-003003,AST-0007502,Laptop,Past EOL,2028,2028-01-21,,1977.51,In Progress,None
PRJ-003004,AST-0004962,Laptop,EOL within 24 months,2027,2027-02-02,,2189.08,Planning,Branch Scheduling
PRJ-003005,AST-0010178,Laptop,EOL within 12 months,2026,2026-08-21,,2067.3,Not Started,Vendor Lead Time
PRJ-003006,AST-0010037,Laptop,EOL within 12 months,2027,2027-12-06,,2193.91,Planning,None
PRJ-003007,AST-0019668,VDI Endpoint,EOL within 24 months,2027,2027-06-29,,967.82,Planning,Vendor Lead Time
PRJ-003008,AST-0000041,Laptop,Past EOL,2028,2028-09-24,,1911.67,In Progress,Security Exception
PRJ-003009,AST-0007289,Laptop,EOL within 12 months,2027,2027-03-31,,2158.09,In Progress,Change Freeze
PRJ-003010,AST-0015506,Desktop,EOL within 12 months,2027,2027-07-24,,979.84,In Progress,None
PRJ-003011,AST-0020084,Server,EOL within 24 months,2027,2027-12-25,,11218.86,Blocked,None
PRJ-003012,AST-0001848,Laptop,EOL within 12 months,2028,2028-12-04,,1539.59,Not Started,Security Exception
PRJ-003013,AST-0013778,Laptop,EOL within 24 months,2028,2028-11-20,2028-11-13,1641.45,Completed,Application Dependency
PRJ-003014,AST-0012528,Laptop,EOL within 24 months,2027,2027-03-31,,1715.84,Planning,Security Exception
PRJ-003015,AST-0018129,Desktop,EOL within 24 months,2028,2028-10-03,,1205.96,Planning,Branch Scheduling
PRJ-003016,AST-0017191,Desktop,EOL within 12 months,2028,2028-07-28,,1294.55,Not Started,Change Freeze
PRJ-003017,AST-0017497,Desktop,EOL within 24 months,2027,2027-12-23,2027-12-16,1171.43,Completed,Application Dependency
PRJ-003018,AST-0018319,Desktop,EOL within 24 months,2028,2028-08-06,,1105.43,Blocked,Budget Approval
PRJ-003019,AST-0013507,Laptop,EOL within 12 months,2027,2027-12-07,,1814.29,Planning,Application Dependency
PRJ-003020,AST-0008669,Laptop,Past EOL,2026,2026-12-28,,1540.67,In Progress,Budget Approval
PRJ-003021,AST-0000080,Laptop,EOL within 24 months,2028,2028-10-13,,3740.9,In Progress,Application Dependency
PRJ-003022,AST-0005928,Laptop,EOL within 12 months,2027,2027-02-11,2027-04-25,1760.31,Completed,Vendor Lead Time
PRJ-003023,AST-0023911,Storage,EOL within 24 months,2027,2027-11-07,,112780.55,In Progress,Security Exception
PRJ-003024,AST-0020896,Server,EOL within 24 months,2028,2028-01-26,,12149.12,Planning,None
PRJ-003025,AST-0022371,Access Switch,EOL within 24 months,2028,2028-03-20,,7868.29,Planning,Branch Scheduling
PRJ-003026,AST-0000142,Laptop,EOL within 12 months,2027,2027-07-31,,1765.46,Planning,Branch Scheduling
PRJ-003027,AST-0019033,VDI Endpoint,EOL within 24 months,2028,2028-12-21,,1005.57,Planning,Branch Scheduling
PRJ-003028,AST-0014955,Desktop,EOL within 24 months,2026,2026-10-22,,1157.03,Not Started,Application Dependency
PRJ-003029,AST-0017530,Desktop,EOL within 12 months,2027,2027-01-19,,1383.49,Deferred,Application Dependency
PRJ-003030,AST-0023783,Wireless Access Point,EOL within 24 months,2028,2028-05-07,,1256.58,In Progress,Branch Scheduling
PRJ-003031,AST-0004949,Laptop,EOL within 12 months,2027,2027-08-27,,1579.41,Not Started,Security Exception
PRJ-003032,AST-0019570,VDI Endpoint,EOL within 24 months,2027,2027-09-22,2027-10-01,1046.3,Completed,Application Dependency
PRJ-003033,AST-0018151,Desktop,EOL within 12 months,2028,2028-01-20,,1393.54,In Progress,Change Freeze
PRJ-003034,AST-0022311,Access Switch,EOL within 24 months,2026,2026-10-28,,4882.65,Deferred,Branch Scheduling
PRJ-003035,AST-0011000,Laptop,EOL within 24 months,2029,2029-01-02,,1935.12,Deferred,Change Freeze
PRJ-003036,AST-0002469,Laptop,Past EOL,2027,2027-07-20,,1541.92,Planning,Change Freeze
PRJ-003037,AST-0007654,Laptop,EOL within 12 months,2028,2028-06-19,,1847.5,In Progress,Vendor Lead Time
PRJ-003038,AST-0014887,Desktop,EOL within 24 months,2026,2026-07-04,,1294.77,Not Started,Branch Scheduling
PRJ-003039,AST-0003418,Laptop,EOL within 12 months,2026,2026-08-29,,1604.03,In Progress,Branch Scheduling
PRJ-003040,AST-0011981,Laptop,EOL within 24 months,2028,2028-07-03,,2154.14,In Progress,None
PRJ-003041,AST-0009087,Laptop,EOL within 12 months,2028,2028-05-04,,2209.76,Deferred,None
PRJ-003042,AST-0019848,VDI Endpoint,EOL within 12 months,2027,2027-06-22,,1305.81,In Progress,Application Dependency
PRJ-003043,AST-0021560,Access Switch,EOL within 24 months,2028,2028-03-08,,6389.01,Planning,None
PRJ-003044,AST-0014873,Desktop,EOL within 24 months,2028,2028-08-16,,1216.56,Not Started,Security Exception
PRJ-003045,AST-0014406,Desktop,EOL within 12 months,2026,2026-07-07,,1256.05,Planning,Branch Scheduling
PRJ-003046,AST-0003199,Laptop,EOL within 24 months,2028,2028-02-14,,3200.32,In Progress,Application Dependency
PRJ-003047,AST-0019015,VDI Endpoint,EOL within 12 months,2027,2027-02-17,,1344.99,In Progress,Security Exception
PRJ-003048,AST-0002502,Laptop,Past EOL,2026,2026-12-16,,1978.89,Blocked,None
PRJ-003049,AST-0021723,Access Switch,EOL within 24 months,2027,2027-04-13,,6886.64,Planning,Security Exception
PRJ-003050,AST-0010816,Laptop,EOL within 12 months,2026,2026-07-24,,1557.22,Planning,Branch Scheduling
PRJ-003051,AST-0008989,Laptop,EOL within 12 months,2027,2027-10-29,,2013.27,Blocked,None
PRJ-003052,AST-0005650,Laptop,Past EOL,2027,2027-12-16,2027-12-14,1458.57,Completed,Branch Scheduling
PRJ-003053,AST-0019150,VDI Endpoint,EOL within 24 months,2027,2027-10-28,,899.82,Planning,Budget Approval
PRJ-003054,AST-0016778,Desktop,EOL within 24 months,2026,2026-09-09,,1278.71,Not Started,Branch Scheduling
PRJ-003055,AST-0003901,Laptop,Past EOL,2027,2027-07-05,,1518.73,Not Started,Change Freeze
PRJ-003056,AST-0000513,Laptop,EOL within 12 months,2026,2026-09-18,2026-11-25,1511.3,Completed,Change Freeze
PRJ-003057,AST-0020908,Server,EOL within 24 months,2027,2027-01-20,2027-03-18,14281.14,Completed,Change Freeze
PRJ-003058,AST-0003004,Laptop,EOL within 24 months,2027,2027-11-17,2027-10-21,1538.19,Completed,Change Freeze
PRJ-003059,AST-0021893,Access Switch,EOL within 24 months,2027,2027-06-20,,7404.43,Deferred,Budget Approval
PRJ-003060,AST-0001143,Laptop,EOL within 12 months,2026,2026-06-21,,1491.0,Not Started,None
PRJ-003061,AST-0014426,Desktop,EOL within 12 months,2027,2027-01-13,2027-01-21,982.89,Completed,None
PRJ-003062,AST-0019326,VDI Endpoint,EOL within 24 months,2027,2027-02-06,,930.88,Not Started,Vendor Lead Time
PRJ-003063,AST-0000837,Laptop,EOL within 12 months,2028,2028-06-16,,1807.52,In Progress,Vendor Lead Time
PRJ-003064,AST-0010192,Laptop,EOL within 12 months,2027,2027-07-29,,1568.83,Not Started,Vendor Lead Time
PRJ-003065,AST-0001013,Laptop,EOL within 24 months,2027,2027-09-17,,3435.85,Not Started,Change Freeze
PRJ-003066,AST-0015269,Desktop,EOL within 12 months,2028,2028-03-13,,1262.52,Not Started,Application Dependency
PRJ-003067,AST-0011172,Laptop,EOL within 12 months,2027,2027-12-22,,1728.17,Not Started,Budget Approval
PRJ-003068,AST-0003289,Laptop,EOL within 12 months,2026,2026-12-04,,1491.08,Not Started,Change Freeze
PRJ-003069,AST-0020879,Server,EOL within 24 months,2027,2027-07-18,,12803.66,Planning,Budget Approval
PRJ-003070,AST-0003818,Laptop,Past EOL,2028,2028-04-18,,1780.45,In Progress,Vendor Lead Time
PRJ-003071,AST-0014965,Desktop,EOL within 24 months,2027,2027-12-21,,1116.93,Not Started,Application Dependency
PRJ-003072,AST-0008536,Laptop,EOL within 24 months,2028,2028-04-25,,2208.55,Not Started,Vendor Lead Time
PRJ-003073,AST-0002479,Laptop,EOL within 24 months,2028,2028-09-11,,2761.05,Planning,None
PRJ-003074,AST-0019250,VDI Endpoint,EOL within 12 months,2028,2028-02-09,,1132.4,Not Started,Application Dependency
PRJ-003075,AST-0017843,Desktop,EOL within 12 months,2026,2026-06-04,,1257.68,Not Started,None
PRJ-003076,AST-0016651,Desktop,EOL within 12 months,2028,2028-01-18,,1131.21,In Progress,Change Freeze
PRJ-003077,AST-0019243,VDI Endpoint,EOL within 12 months,2028,2028-09-23,,1225.52,Planning,Budget Approval
PRJ-003078,AST-0006579,Laptop,Past EOL,2027,2027-09-05,,1541.35,Blocked,Change Freeze
PRJ-003079,AST-0001908,Laptop,Past EOL,2026,2026-10-19,,1359.71,In Progress,Application Dependency
PRJ-003080,AST-0020678,Server,EOL within 24 months,2028,2028-04-07,,10506.01,Not Started,Change Freeze
PRJ-003081,AST-0010585,Laptop,EOL within 24 months,2026,2026-06-29,,1765.29,Planning,None
PRJ-003082,AST-0000966,Laptop,Past EOL,2027,2027-10-25,,1946.76,Not Started,Security Exception
PRJ-003083,AST-0012549,Laptop,EOL within 12 months,2027,2027-08-19,2027-08-27,1563.96,Completed,Vendor Lead Time
PRJ-003084,AST-0009212,Laptop,EOL within 24 months,2028,2028-09-15,,2330.47,Not Started,Branch Scheduling
PRJ-003085,AST-0012060,Laptop,Past EOL,2028,2028-06-08,,1742.58,In Progress,Application Dependency
PRJ-003086,AST-0008175,Laptop,EOL within 24 months,2028,2028-08-30,,1623.24,Deferred,Vendor Lead Time
PRJ-003087,AST-0015921,Desktop,EOL within 24 months,2028,2028-11-10,2028-12-15,995.85,Completed,None
PRJ-003088,AST-0014492,Desktop,EOL within 12 months,2028,2028-02-08,,1340.73,Not Started,None
PRJ-003089,AST-0010329,Laptop,EOL within 12 months,2028,2028-02-14,,1727.13,Planning,Budget Approval
PRJ-003090,AST-0014173,Desktop,EOL within 12 months,2026,2026-11-06,,1286.79,In Progress,None
PRJ-003091,AST-0001480,Laptop,Past EOL,2027,2027-04-27,2027-03-28,1595.09,Completed,Branch Scheduling
PRJ-003092,AST-0001125,Laptop,Past EOL,2028,2028-05-26,,1719.81,Planning,Branch Scheduling
PRJ-003093,AST-0013193,Laptop,EOL within 24 months,2027,2027-06-27,2027-08-10,3673.12,Completed,Budget Approval
PRJ-003094,AST-0002501,Laptop,EOL within 24 months,2028,2028-05-15,,1887.39,Deferred,Application Dependency
PRJ-003095,AST-0013859,Laptop,Past EOL,2026,2026-10-21,2026-10-09,1553.3,Completed,Change Freeze
PRJ-003096,AST-0005842,Laptop,EOL within 24 months,2027,2027-12-24,,2119.65,Not Started,Change Freeze
PRJ-003097,AST-0008136,Laptop,Past EOL,2027,2027-07-16,,1546.61,Deferred,None
PRJ-003098,AST-0004801,Laptop,Past EOL,2028,2028-06-01,,1782.58,Not Started,Branch Scheduling
PRJ-003099,AST-0017008,Desktop,EOL within 24 months,2028,2028-09-14,,1001.28,Not Started,None
PRJ-003100,AST-0007281,Laptop,EOL within 12 months,2026,2026-10-15,,1775.06,In Progress,Vendor Lead Time
PRJ-003101,AST-0012100,Laptop,Past EOL,2027,2027-03-27,,2024.49,In Progress,Branch Scheduling
PRJ-003102,AST-0019875,VDI Endpoint,EOL within 12 months,2027,2027-08-08,,1236.48,Not Started,Change Freeze
PRJ-003103,AST-0022884,Router,EOL within 12 months,2026,2026-12-27,,13218.43,Planning,Budget Approval
PRJ-003104,AST-0007275,Laptop,Past EOL,2027,2027-04-29,,1608.73,Blocked,Security Exception
PRJ-003105,AST-0007628,Laptop,Past EOL,2026,2026-11-01,,1431.01,Not Started,Change Freeze
PRJ-003106,AST-0005038,Laptop,EOL within 12 months,2026,2026-09-27,,2033.51,In Progress,Application Dependency
PRJ-003107,AST-0000508,Laptop,EOL within 12 months,2028,2028-01-24,,2155.39,In Progress,Budget Approval
PRJ-003108,AST-0013234,Laptop,EOL within 24 months,2026,2026-06-11,2026-06-01,2862.12,Completed,Application Dependency
PRJ-003109,AST-0021664,Access Switch,EOL within 24 months,2027,2027-12-25,,7433.18,Planning,Branch Scheduling
PRJ-003110,AST-0022881,Router,EOL within 12 months,2026,2026-09-30,,8113.52,In Progress,Change Freeze
PRJ-003111,AST-0015010,Desktop,EOL within 24 months,2027,2027-10-01,,1243.55,Blocked,Branch Scheduling
PRJ-003112,AST-0018959,VDI Endpoint,EOL within 24 months,2028,2028-10-22,,914.12,Not Started,Change Freeze
PRJ-003113,AST-0003290,Laptop,Past EOL,2027,2027-07-29,2027-09-13,1831.74,Completed,Security Exception
PRJ-003114,AST-0011955,Laptop,Past EOL,2027,2027-11-01,,1500.94,Not Started,Security Exception
PRJ-003115,AST-0003560,Laptop,EOL within 12 months,2027,2027-10-26,,1820.99,Not Started,None
PRJ-003116,AST-0004878,Laptop,Past EOL,2028,2028-10-22,,1730.83,Planning,Change Freeze
PRJ-003117,AST-0003053,Laptop,Past EOL,2026,2026-11-21,,1558.15,In Progress,Vendor Lead Time
PRJ-003118,AST-0002247,Laptop,EOL within 12 months,2028,2028-01-17,,1932.69,Deferred,Application Dependency
PRJ-003119,AST-0012326,Laptop,EOL within 12 months,2028,2028-02-27,,1886.32,In Progress,Vendor Lead Time
PRJ-003120,AST-0017480,Desktop,EOL within 12 months,2028,2028-10-15,,953.02,In Progress,None
PRJ-003121,AST-0022206,Access Switch,EOL within 24 months,2028,2028-02-13,,9518.2,Planning,Application Dependency
PRJ-003122,AST-0005217,Laptop,EOL within 12 months,2027,2027-09-04,,1813.99,Not Started,Vendor Lead Time
PRJ-003123,AST-0017188,Desktop,EOL within 12 months,2027,2027-03-17,,1265.05,Not Started,Vendor Lead Time
PRJ-003124,AST-0016874,Desktop,EOL within 24 months,2027,2027-06-30,,1307.51,Not Started,None
PRJ-003125,AST-0007012,Laptop,EOL within 24 months,2027,2027-05-28,,2145.08,Not Started,Vendor Lead Time
PRJ-003126,AST-0009935,Laptop,Past EOL,2028,2028-12-28,,1398.63,Deferred,Vendor Lead Time
PRJ-003127,AST-0018500,Desktop,EOL within 24 months,2028,2028-06-14,,908.57,In Progress,Change Freeze
PRJ-003128,AST-0007180,Laptop,EOL within 24 months,2027,2027-12-14,,1720.03,In Progress,Security Exception
PRJ-003129,AST-0014918,Desktop,EOL within 24 months,2028,2028-05-10,2028-06-09,1314.23,Completed,Branch Scheduling
PRJ-003130,AST-0005525,Laptop,EOL within 24 months,2026,2026-06-24,,2906.36,Not Started,Budget Approval
PRJ-003131,AST-0013955,Laptop,Past EOL,2026,2026-11-29,,1796.53,Planning,Change Freeze
PRJ-003132,AST-0010923,Laptop,EOL within 12 months,2028,2028-12-15,,1538.49,Planning,Branch Scheduling
PRJ-003133,AST-0000241,Laptop,EOL within 24 months,2026,2026-11-06,,2237.68,In Progress,Vendor Lead Time
PRJ-003134,AST-0015732,Desktop,EOL within 24 months,2026,2026-11-14,,1132.23,Planning,Change Freeze
PRJ-003135,AST-0010987,Laptop,EOL within 24 months,2028,2028-10-10,,2138.5,Deferred,Change Freeze
PRJ-003136,AST-0007167,Laptop,Past EOL,2027,2027-01-13,2027-03-20,1758.07,Completed,Branch Scheduling
PRJ-003137,AST-0010283,Laptop,EOL within 24 months,2027,2027-02-28,2027-03-02,1753.67,Completed,Application Dependency
PRJ-003138,AST-0000296,Laptop,EOL within 12 months,2026,2026-10-25,,2154.37,Blocked,Application Dependency
PRJ-003139,AST-0006024,Laptop,EOL within 24 months,2028,2028-06-09,,1713.89,Not Started,Security Exception
PRJ-003140,AST-0010546,Laptop,EOL within 24 months,2027,2027-07-05,,2747.42,Deferred,Change Freeze
PRJ-003141,AST-0005319,Laptop,Past EOL,2028,2028-07-24,,1753.71,Planning,Branch Scheduling
PRJ-003142,AST-0018210,Desktop,EOL within 12 months,2026,2026-10-08,,1088.98,Deferred,Vendor Lead Time
PRJ-003143,AST-0018123,Desktop,EOL within 12 months,2028,2028-06-16,,958.99,Planning,Vendor Lead Time
PRJ-003144,AST-0023310,Wireless Access Point,EOL within 24 months,2028,2028-11-23,,916.44,In Progress,Change Freeze
PRJ-003145,AST-0005167,Laptop,EOL within 12 months,2026,2026-07-23,2026-10-08,2003.37,Completed,Change Freeze
PRJ-003146,AST-0022929,Router,EOL within 12 months,2028,2028-08-31,2028-10-20,11305.01,Completed,Branch Scheduling
PRJ-003147,AST-0003121,Laptop,EOL within 24 months,2026,2026-10-12,2026-10-23,2819.73,Completed,Change Freeze
PRJ-003148,AST-0023385,Wireless Access Point,EOL within 24 months,2027,2027-08-26,,1244.04,In Progress,Budget Approval
PRJ-003149,AST-0021798,Access Switch,EOL within 24 months,2028,2028-11-26,,6651.35,Planning,Change Freeze
PRJ-003150,AST-0009505,Laptop,Past EOL,2026,2026-07-27,,1850.86,Not Started,Security Exception
PRJ-003151,AST-0017110,Desktop,EOL within 12 months,2027,2027-03-13,2027-05-11,1375.24,Completed,Change Freeze
PRJ-003152,AST-0017772,Desktop,EOL within 12 months,2028,2028-07-24,,1130.42,Blocked,Vendor Lead Time
PRJ-003153,AST-0001515,Laptop,EOL within 24 months,2026,2026-09-25,,2740.54,In Progress,Budget Approval
PRJ-003154,AST-0018977,VDI Endpoint,EOL within 24 months,2028,2028-07-27,,854.4,In Progress,None
PRJ-003155,AST-0006914,Laptop,EOL within 24 months,2028,2028-05-07,,2818.22,Blocked,None
PRJ-003156,AST-0000932,Laptop,EOL within 12 months,2028,2028-09-21,,1901.65,In Progress,Branch Scheduling
PRJ-003157,AST-0003390,Laptop,EOL within 12 months,2026,2026-08-05,,1907.05,Not Started,Budget Approval
PRJ-003158,AST-0009388,Laptop,Past EOL,2028,2028-02-01,2028-01-25,1821.38,Completed,Change Freeze
PRJ-003159,AST-0002669,Laptop,EOL within 24 months,2028,2028-03-25,,1759.8,Not Started,None
PRJ-003160,AST-0023675,Wireless Access Point,EOL within 24 months,2027,2027-09-26,,1543.31,Not Started,Application Dependency
PRJ-003161,AST-0014694,Desktop,EOL within 24 months,2027,2027-10-23,,1059.32,Not Started,Security Exception
PRJ-003162,AST-0011860,Laptop,EOL within 24 months,2028,2028-08-29,,3417.63,Not Started,Budget Approval
PRJ-003163,AST-0002397,Laptop,EOL within 12 months,2026,2026-10-03,,1623.82,Deferred,None
PRJ-003164,AST-0016802,Desktop,EOL within 24 months,2028,2028-10-12,,935.86,In Progress,Application Dependency
PRJ-003165,AST-0019413,VDI Endpoint,EOL within 12 months,2027,2027-08-17,,1177.51,Planning,Branch Scheduling
PRJ-003166,AST-0016959,Desktop,EOL within 24 months,2028,2028-01-22,,1270.29,In Progress,Application Dependency
PRJ-003167,AST-0010505,Laptop,Past EOL,2027,2027-05-18,,1631.6,In Progress,None
PRJ-003168,AST-0008018,Laptop,Past EOL,2027,2027-02-02,,1442.7,In Progress,Budget Approval
PRJ-003169,AST-0000820,Laptop,EOL within 24 months,2027,2027-05-03,,2428.13,Planning,Branch Scheduling
PRJ-003170,AST-0005513,Laptop,Past EOL,2028,2028-04-18,,1528.22,Planning,Application Dependency
PRJ-003171,AST-0017665,Desktop,EOL within 24 months,2028,2028-10-03,,1002.56,Planning,Branch Scheduling
PRJ-003172,AST-0012443,Laptop,EOL within 12 months,2027,2027-05-26,2027-05-11,1968.09,Completed,Vendor Lead Time
PRJ-003173,AST-0002050,Laptop,Past EOL,2026,2026-09-16,,1911.93,Not Started,Change Freeze
PRJ-003174,AST-0008654,Laptop,Past EOL,2028,2028-10-28,,1868.4,In Progress,Budget Approval
PRJ-003175,AST-0002713,Laptop,EOL within 24 months,2028,2028-05-31,,2277.47,In Progress,Branch Scheduling
PRJ-003176,AST-0006476,Laptop,EOL within 12 months,2028,2028-02-16,,1754.89,Not Started,Security Exception
PRJ-003177,AST-0013331,Laptop,Past EOL,2026,2026-10-09,,1878.52,In Progress,Budget Approval
PRJ-003178,AST-0011808,Laptop,Past EOL,2027,2027-02-22,,1906.69,In Progress,None
PRJ-003179,AST-0018299,Desktop,EOL within 24 months,2028,2028-03-18,,1279.23,Deferred,Change Freeze
PRJ-003180,AST-0010708,Laptop,EOL within 12 months,2028,2028-09-12,,1785.58,In Progress,Security Exception
PRJ-003181,AST-0022736,Core Switch,EOL within 24 months,2027,2027-05-21,,22973.55,Not Started,Vendor Lead Time
PRJ-003182,AST-0009194,Laptop,EOL within 12 months,2028,2028-12-09,,1791.49,Deferred,Change Freeze
PRJ-003183,AST-0007722,Laptop,EOL within 12 months,2026,2026-12-24,,1534.2,In Progress,Branch Scheduling
PRJ-003184,AST-0015531,Desktop,EOL within 12 months,2027,2027-06-23,2027-08-10,1261.41,Completed,None
PRJ-003185,AST-0007955,Laptop,Past EOL,2026,2026-11-25,,1791.4,Not Started,Change Freeze
PRJ-003186,AST-0018321,Desktop,EOL within 12 months,2028,2028-04-05,,1389.04,Not Started,Change Freeze
PRJ-003187,AST-0011903,Laptop,EOL within 12 months,2027,2027-07-02,,1945.89,Not Started,Vendor Lead Time
PRJ-003188,AST-0009306,Laptop,EOL within 12 months,2027,2027-09-14,,1445.78,Not Started,Budget Approval
PRJ-003189,AST-0003281,Laptop,Past EOL,2027,2027-08-02,,1391.12,Not Started,None
PRJ-003190,AST-0006552,Laptop,EOL within 12 months,2026,2026-10-29,,1681.75,Not Started,Security Exception
PRJ-003191,AST-0004698,Laptop,Past EOL,2028,2028-08-30,,1892.68,Not Started,Budget Approval
PRJ-003192,AST-0015131,Desktop,EOL within 12 months,2027,2027-01-03,,955.24,Deferred,Change Freeze
PRJ-003193,AST-0018495,Desktop,EOL within 12 months,2026,2026-12-01,,964.77,In Progress,Application Dependency
PRJ-003194,AST-0008783,Laptop,Past EOL,2028,2028-06-07,,1350.62,Planning,Security Exception
PRJ-003195,AST-0014512,Desktop,EOL within 24 months,2027,2027-07-12,,1019.88,Deferred,Budget Approval
PRJ-003196,AST-0006011,Laptop,EOL within 24 months,2027,2027-12-19,,3108.23,Not Started,Security Exception
PRJ-003197,AST-0004508,Laptop,EOL within 12 months,2028,2028-10-04,2028-09-26,1610.11,Completed,Vendor Lead Time
PRJ-003198,AST-0005960,Laptop,EOL within 24 months,2027,2027-02-23,2027-03-01,1862.08,Completed,Branch Scheduling
PRJ-003199,AST-0019266,VDI Endpoint,EOL within 12 months,2028,2028-07-31,,1240.97,In Progress,Vendor Lead Time
PRJ-003200,AST-0007376,Laptop,Past EOL,2028,2028-01-24,,1752.32,Not Started,Change Freeze
PRJ-003201,AST-0005449,Laptop,EOL within 24 months,2026,2026-07-20,,2043.04,In Progress,Change Freeze
PRJ-003202,AST-0020535,Server,EOL within 24 months,2027,2027-04-22,2027-06-14,12369.25,Completed,None
PRJ-003203,AST-0005339,Laptop,EOL within 24 months,2026,2026-07-29,2026-07-19,3228.6,Completed,Change Freeze
PRJ-003204,AST-0001037,Laptop,Past EOL,2028,2028-12-05,,1777.7,In Progress,Branch Scheduling
PRJ-003205,AST-0004625,Laptop,EOL within 12 months,2028,2028-01-05,,1657.35,Deferred,Branch Scheduling
PRJ-003206,AST-0023200,Wireless Access Point,EOL within 24 months,2027,2027-10-31,2027-10-14,1078.01,Completed,Change Freeze
PRJ-003207,AST-0009515,Laptop,Past EOL,2027,2027-01-16,,1935.15,Blocked,Security Exception
PRJ-003208,AST-0005519,Laptop,Past EOL,2028,2028-07-31,,1383.37,In Progress,Branch Scheduling
PRJ-003209,AST-0002845,Laptop,EOL within 24 months,2026,2026-07-09,,2721.06,In Progress,Security Exception
PRJ-003210,AST-0010100,Laptop,EOL within 24 months,2027,2027-03-21,,1507.46,Not Started,None
PRJ-003211,AST-0011336,Laptop,EOL within 24 months,2026,2026-06-20,,3686.04,Not Started,Security Exception
PRJ-003212,AST-0014597,Desktop,EOL within 24 months,2026,2026-07-11,2026-09-01,1250.87,Completed,Application Dependency
PRJ-003213,AST-0012562,Laptop,EOL within 12 months,2028,2028-01-23,,2019.78,Planning,Branch Scheduling
PRJ-003214,AST-0011881,Laptop,Past EOL,2028,2028-04-30,2028-07-27,1665.15,Completed,Application Dependency
PRJ-003215,AST-0011530,Laptop,Past EOL,2026,2026-12-25,,1758.34,Planning,Budget Approval
PRJ-003216,AST-0003351,Laptop,EOL within 24 months,2027,2027-02-10,,2671.08,Planning,Change Freeze
PRJ-003217,AST-0001895,Laptop,Past EOL,2027,2027-09-22,,1411.49,Planning,Application Dependency
PRJ-003218,AST-0016288,Desktop,EOL within 24 months,2028,2028-10-20,,1053.05,Deferred,Application Dependency
PRJ-003219,AST-0008375,Laptop,EOL within 24 months,2028,2028-07-19,,3015.78,In Progress,Branch Scheduling
PRJ-003220,AST-0001198,Laptop,Past EOL,2028,2028-06-19,,1565.6,Blocked,Change Freeze
PRJ-003221,AST-0020265,Server,EOL within 24 months,2028,2028-06-01,,12550.81,In Progress,Budget Approval
PRJ-003222,AST-0004165,Laptop,EOL within 24 months,2027,2027-07-21,2027-08-13,1892.69,Completed,Security Exception
PRJ-003223,AST-0023211,Wireless Access Point,EOL within 24 months,2028,2028-01-05,2028-03-17,1307.52,Completed,Budget Approval
PRJ-003224,AST-0010511,Laptop,EOL within 24 months,2028,2028-04-18,,1807.0,Not Started,Application Dependency
PRJ-003225,AST-0001080,Laptop,EOL within 24 months,2028,2028-09-07,,1545.93,Deferred,Change Freeze
PRJ-003226,AST-0011872,Laptop,EOL within 12 months,2026,2026-06-25,,2227.33,Not Started,Branch Scheduling
PRJ-003227,AST-0005812,Laptop,Past EOL,2026,2026-07-12,,1775.16,Blocked,Application Dependency
PRJ-003228,AST-0009854,Laptop,EOL within 12 months,2028,2028-11-09,,1903.66,Planning,Vendor Lead Time
PRJ-003229,AST-0008205,Laptop,EOL within 24 months,2026,2026-09-29,,1715.28,In Progress,Application Dependency
PRJ-003230,AST-0005561,Laptop,EOL within 24 months,2026,2026-08-30,,2177.67,Not Started,None
PRJ-003231,AST-0015589,Desktop,EOL within 24 months,2028,2028-09-02,,1140.77,Deferred,Security Exception
PRJ-003232,AST-0021152,Server,EOL within 24 months,2028,2028-06-03,,12368.21,Planning,Security Exception
PRJ-003233,AST-0000947,Laptop,EOL within 24 months,2026,2026-09-14,,1757.94,Planning,Branch Scheduling
PRJ-003234,AST-0004059,Laptop,EOL within 12 months,2028,2028-04-21,,2035.68,Planning,Security Exception
PRJ-003235,AST-0007193,Laptop,EOL within 12 months,2028,2028-10-11,,1648.92,Planning,Change Freeze
PRJ-003236,AST-0021983,Access Switch,EOL within 24 months,2028,2028-03-12,,8539.06,Not Started,Change Freeze
PRJ-003237,AST-0005902,Laptop,EOL within 24 months,2027,2027-02-14,,1831.86,Planning,Change Freeze
PRJ-003238,AST-0019199,VDI Endpoint,EOL within 12 months,2028,2028-01-07,,1191.72,Deferred,None
PRJ-003239,AST-0001509,Laptop,EOL within 24 months,2028,2028-09-30,,2031.4,In Progress,Security Exception
PRJ-003240,AST-0007015,Laptop,EOL within 12 months,2028,2028-05-10,,1923.46,Planning,Security Exception
PRJ-003241,AST-0005200,Laptop,EOL within 24 months,2028,2028-01-12,2028-02-15,2237.09,Completed,Application Dependency
PRJ-003242,AST-0000051,Laptop,EOL within 24 months,2026,2026-11-16,,1635.95,Not Started,Security Exception
PRJ-003243,AST-0009719,Laptop,Past EOL,2028,2028-10-15,2028-11-05,1894.45,Completed,Vendor Lead Time
PRJ-003244,AST-0000888,Laptop,Past EOL,2026,2026-07-20,,1680.6,Not Started,Security Exception
PRJ-003245,AST-0009891,Laptop,EOL within 24 months,2028,2028-08-31,,2732.6,In Progress,Change Freeze
PRJ-003246,AST-0017109,Desktop,EOL within 24 months,2028,2028-05-07,,1338.82,Not Started,Application Dependency
PRJ-003247,AST-0019192,VDI Endpoint,EOL within 12 months,2028,2028-03-13,,1453.51,In Progress,Branch Scheduling
PRJ-003248,AST-0015038,Desktop,EOL within 12 months,2028,2028-04-16,,1245.37,Deferred,None
PRJ-003249,AST-0022828,Router,EOL within 12 months,2027,2027-12-29,,7189.49,In Progress,Vendor Lead Time
PRJ-003250,AST-0005493,Laptop,EOL within 24 months,2027,2027-01-04,,1814.86,Planning,Application Dependency
PRJ-003251,AST-0004757,Laptop,EOL within 12 months,2028,2028-04-08,2028-03-31,1955.19,Completed,None
PRJ-003252,AST-0019701,VDI Endpoint,EOL within 12 months,2026,2026-09-30,,1173.21,Planning,Application Dependency
PRJ-003253,AST-0011346,Laptop,EOL within 24 months,2028,2028-07-03,,1920.94,Planning,Branch Scheduling
PRJ-003254,AST-0008544,Laptop,EOL within 24 months,2026,2026-06-25,,2869.5,Planning,Change Freeze
PRJ-003255,AST-0020451,Server,EOL within 24 months,2027,2027-05-13,,11906.22,Planning,Change Freeze
PRJ-003256,AST-0002498,Laptop,EOL within 24 months,2027,2027-03-27,2027-06-16,3558.45,Completed,Change Freeze
PRJ-003257,AST-0003313,Laptop,EOL within 24 months,2028,2028-06-05,,1999.93,In Progress,Vendor Lead Time
PRJ-003258,AST-0013984,Laptop,EOL within 24 months,2027,2027-12-24,,2039.57,In Progress,None
PRJ-003259,AST-0009464,Laptop,EOL within 12 months,2027,2027-04-17,2027-06-21,1943.81,Completed,Application Dependency
PRJ-003260,AST-0000075,Laptop,Past EOL,2026,2026-09-04,,1896.99,In Progress,Vendor Lead Time
PRJ-003261,AST-0012834,Laptop,Past EOL,2026,2026-11-25,,1906.64,In Progress,None
PRJ-003262,AST-0005385,Laptop,Past EOL,2027,2027-12-28,2028-03-16,1779.4,Completed,Branch Scheduling
PRJ-003263,AST-0005846,Laptop,EOL within 24 months,2028,2028-09-26,,2569.41,Blocked,Budget Approval
PRJ-003264,AST-0006067,Laptop,Past EOL,2027,2027-07-01,,1747.92,In Progress,Application Dependency
PRJ-003265,AST-0017359,Desktop,EOL within 12 months,2027,2027-08-25,2027-08-22,971.18,Completed,None
PRJ-003266,AST-0019772,VDI Endpoint,EOL within 12 months,2027,2027-09-04,,1241.55,Deferred,Branch Scheduling
PRJ-003267,AST-0004487,Laptop,EOL within 24 months,2026,2026-11-27,2027-01-17,1544.04,Completed,Vendor Lead Time
PRJ-003268,AST-0022952,Router,EOL within 12 months,2027,2027-05-27,,13422.09,Not Started,None
PRJ-003269,AST-0010395,Laptop,Past EOL,2028,2028-10-03,,1796.9,Not Started,Change Freeze
PRJ-003270,AST-0004224,Laptop,EOL within 12 months,2028,2028-07-07,,1611.41,In Progress,Vendor Lead Time
PRJ-003271,AST-0011263,Laptop,EOL within 24 months,2028,2028-02-01,,3349.95,In Progress,Application Dependency
PRJ-003272,AST-0007553,Laptop,EOL within 12 months,2028,2028-03-29,,1652.36,Not Started,Branch Scheduling
PRJ-003273,AST-0016621,Desktop,EOL within 24 months,2028,2028-02-18,,1183.28,In Progress,Change Freeze
PRJ-003274,AST-0006613,Laptop,EOL within 24 months,2026,2026-06-23,,1631.22,Not Started,Application Dependency
PRJ-003275,AST-0005194,Laptop,Past EOL,2028,2028-11-13,,1948.15,Planning,Application Dependency
PRJ-003276,AST-0009704,Laptop,Past EOL,2027,2027-09-03,,1379.8,Planning,Security Exception
PRJ-003277,AST-0011541,Laptop,EOL within 12 months,2027,2027-08-08,,1810.54,Planning,None
PRJ-003278,AST-0002458,Laptop,EOL within 12 months,2027,2027-09-19,,1847.66,In Progress,Vendor Lead Time
PRJ-003279,AST-0011802,Laptop,EOL within 24 months,2026,2026-07-13,,3224.77,Planning,Vendor Lead Time
PRJ-003280,AST-0002390,Laptop,EOL within 24 months,2028,2028-07-28,,2093.09,Planning,Application Dependency
PRJ-003281,AST-0014577,Desktop,EOL within 24 months,2027,2027-08-01,,1132.26,Planning,Change Freeze
PRJ-003282,AST-0000561,Laptop,EOL within 24 months,2028,2028-08-16,,2295.49,Deferred,None
PRJ-003283,AST-0015021,Desktop,EOL within 12 months,2026,2026-09-29,,1033.22,Not Started,Budget Approval
PRJ-003284,AST-0023801,Wireless Access Point,EOL within 24 months,2028,2028-05-07,2028-08-04,1610.66,Completed,Budget Approval
PRJ-003285,AST-0002974,Laptop,Past EOL,2026,2026-11-26,,1559.28,Blocked,Branch Scheduling
PRJ-003286,AST-0000744,Laptop,EOL within 12 months,2026,2026-06-13,,1769.23,Planning,Security Exception
PRJ-003287,AST-0010088,Laptop,Past EOL,2028,2028-08-05,,1455.37,Not Started,Security Exception
PRJ-003288,AST-0003155,Laptop,EOL within 24 months,2028,2028-11-20,,3726.25,Planning,Security Exception
PRJ-003289,AST-0009113,Laptop,Past EOL,2028,2028-12-24,,1357.26,Planning,Budget Approval
PRJ-003290,AST-0017476,Desktop,EOL within 12 months,2028,2028-10-09,,1051.76,Not Started,Budget Approval
PRJ-003291,AST-0009687,Laptop,EOL within 12 months,2028,2028-09-10,,1524.94,In Progress,Application Dependency
PRJ-003292,AST-0019427,VDI Endpoint,EOL within 12 months,2026,2026-10-31,,1080.69,Planning,Budget Approval
PRJ-003293,AST-0011924,Laptop,EOL within 12 months,2026,2026-06-21,2026-08-07,1935.05,Completed,Application Dependency
PRJ-003294,AST-0001703,Laptop,Past EOL,2028,2028-04-10,2028-06-08,1642.87,Completed,Change Freeze
PRJ-003295,AST-0023750,Wireless Access Point,EOL within 12 months,2028,2028-04-03,2028-03-29,953.5,Completed,None
PRJ-003296,AST-0013081,Laptop,EOL within 12 months,2026,2026-10-22,,1617.61,Not Started,Application Dependency
PRJ-003297,AST-0015257,Desktop,EOL within 12 months,2026,2026-06-27,,1043.89,Not Started,Vendor Lead Time
PRJ-003298,AST-0019953,VDI Endpoint,EOL within 12 months,2027,2027-05-25,,1386.03,Planning,Vendor Lead Time
PRJ-003299,AST-0003409,Laptop,EOL within 12 months,2027,2027-08-23,,1517.58,Not Started,Security Exception
PRJ-003300,AST-0019662,VDI Endpoint,EOL within 12 months,2028,2028-06-05,2028-05-18,1323.81,Completed,Change Freeze
PRJ-003301,AST-0015978,Desktop,EOL within 12 months,2027,2027-11-07,,1387.03,In Progress,None
PRJ-003302,AST-0016757,Desktop,EOL within 12 months,2028,2028-08-28,,1206.07,In Progress,Security Exception
PRJ-003303,AST-0014352,Desktop,EOL within 12 months,2026,2026-09-05,,1394.15,Not Started,Change Freeze
PRJ-003304,AST-0007779,Laptop,EOL within 12 months,2028,2028-04-13,,1401.03,In Progress,Security Exception
PRJ-003305,AST-0014006,Desktop,EOL within 24 months,2027,2027-11-25,,1243.59,Planning,Change Freeze
PRJ-003306,AST-0014441,Desktop,EOL within 24 months,2028,2028-03-29,,1055.78,In Progress,Change Freeze
PRJ-003307,AST-0001967,Laptop,Past EOL,2027,2027-04-20,,1495.57,Not Started,Branch Scheduling
PRJ-003308,AST-0000234,Laptop,EOL within 12 months,2026,2026-09-14,,1942.7,Deferred,Security Exception
PRJ-003309,AST-0012882,Laptop,Past EOL,2028,2028-01-28,,1365.5,Not Started,Application Dependency
PRJ-003310,AST-0002843,Laptop,Past EOL,2027,2027-11-12,,1779.26,Deferred,Application Dependency
PRJ-003311,AST-0013608,Laptop,EOL within 12 months,2027,2027-01-21,,1695.6,Not Started,Application Dependency
PRJ-003312,AST-0012575,Laptop,EOL within 12 months,2026,2026-09-19,,1995.28,Not Started,Security Exception
PRJ-003313,AST-0008668,Laptop,EOL within 12 months,2026,2026-07-01,,1692.97,In Progress,None
PRJ-003314,AST-0009974,Laptop,Past EOL,2028,2028-04-13,,1832.6,Not Started,None
PRJ-003315,AST-0003683,Laptop,EOL within 24 months,2026,2026-10-29,,1876.53,Deferred,None
PRJ-003316,AST-0023888,Wireless Controller,EOL within 24 months,2027,2027-02-25,2027-03-10,10358.03,Completed,Application Dependency
PRJ-003317,AST-0019394,VDI Endpoint,EOL within 24 months,2026,2026-12-23,,1121.57,Planning,Change Freeze
PRJ-003318,AST-0013051,Laptop,EOL within 12 months,2027,2027-02-09,,1879.61,In Progress,Vendor Lead Time
PRJ-003319,AST-0019613,VDI Endpoint,EOL within 24 months,2026,2026-06-03,,1084.41,In Progress,Change Freeze
PRJ-003320,AST-0003190,Laptop,Past EOL,2028,2028-06-12,,1586.34,In Progress,Application Dependency
PRJ-003321,AST-0017721,Desktop,EOL within 24 months,2027,2027-12-08,,1091.1,In Progress,Security Exception
PRJ-003322,AST-0014468,Desktop,EOL within 12 months,2026,2026-12-11,,1127.01,Planning,Change Freeze
PRJ-003323,AST-0009336,Laptop,EOL within 12 months,2026,2026-09-28,,2073.31,Not Started,None
PRJ-003324,AST-0005214,Laptop,EOL within 12 months,2027,2027-01-31,,1790.12,Deferred,Application Dependency
PRJ-003325,AST-0015635,Desktop,EOL within 24 months,2028,2028-01-27,2028-02-04,1330.11,Completed,Branch Scheduling
PRJ-003326,AST-0011959,Laptop,Past EOL,2027,2027-07-14,,1765.83,In Progress,Branch Scheduling
PRJ-003327,AST-0014089,Desktop,EOL within 24 months,2027,2027-09-08,2027-09-12,1162.57,Completed,Security Exception
PRJ-003328,AST-0001743,Laptop,EOL within 24 months,2027,2027-01-14,,1998.74,Not Started,Budget Approval
PRJ-003329,AST-0011489,Laptop,EOL within 24 months,2028,2028-01-06,,2591.5,Deferred,Application Dependency
PRJ-003330,AST-0004566,Laptop,EOL within 24 months,2028,2028-01-24,,3068.88,Not Started,None
PRJ-003331,AST-0004599,Laptop,EOL within 12 months,2027,2027-10-05,,1668.23,Blocked,Budget Approval
PRJ-003332,AST-0007296,Laptop,Past EOL,2027,2027-08-29,,1449.64,Not Started,Branch Scheduling
PRJ-003333,AST-0008944,Laptop,Past EOL,2028,2028-01-29,,1438.97,In Progress,Security Exception
PRJ-003334,AST-0016119,Desktop,EOL within 24 months,2028,2028-03-30,,876.42,Planning,Budget Approval
PRJ-003335,AST-0022972,Router,EOL within 12 months,2027,2027-03-14,,11175.12,Not Started,Budget Approval
PRJ-003336,AST-0001462,Laptop,EOL within 12 months,2027,2027-12-03,,1607.4,In Progress,Security Exception
PRJ-003337,AST-0004029,Laptop,EOL within 12 months,2026,2026-06-13,,2118.87,In Progress,Branch Scheduling
PRJ-003338,AST-0014421,Desktop,EOL within 24 months,2028,2028-09-02,,1290.13,Deferred,Vendor Lead Time
PRJ-003339,AST-0005634,Laptop,EOL within 12 months,2027,2027-01-31,2027-03-17,1679.11,Completed,Branch Scheduling
PRJ-003340,AST-0007739,Laptop,Past EOL,2027,2027-04-19,,1790.24,In Progress,Branch Scheduling
PRJ-003341,AST-0013310,Laptop,Past EOL,2028,2028-02-22,,1460.0,Not Started,Security Exception
PRJ-003342,AST-0010524,Laptop,Past EOL,2028,2028-06-30,,1511.51,Planning,None
PRJ-003343,AST-0009036,Laptop,EOL within 24 months,2026,2026-06-22,,1679.11,Deferred,Vendor Lead Time
PRJ-003344,AST-0023883,Wireless Controller,EOL within 24 months,2026,2026-07-02,,10710.95,Not Started,Branch Scheduling
PRJ-003345,AST-0001847,Laptop,EOL within 12 months,2027,2027-10-08,,1904.42,Planning,Change Freeze
PRJ-003346,AST-0005795,Laptop,Past EOL,2028,2028-06-17,,1382.3,Not Started,Branch Scheduling
PRJ-003347,AST-0014323,Desktop,EOL within 12 months,2027,2027-12-23,,985.12,Planning,Budget Approval
PRJ-003348,AST-0001676,Laptop,Past EOL,2028,2028-10-08,,1645.93,Deferred,Vendor Lead Time
PRJ-003349,AST-0021594,Access Switch,EOL within 24 months,2026,2026-07-26,,6999.2,Not Started,Change Freeze
PRJ-003350,AST-0001944,Laptop,EOL within 12 months,2027,2027-08-31,,1884.59,Not Started,Security Exception
PRJ-003351,AST-0001342,Laptop,Past EOL,2026,2026-10-01,,1355.93,In Progress,Change Freeze
PRJ-003352,AST-0002912,Laptop,EOL within 24 months,2028,2028-09-03,,1681.29,Not Started,Budget Approval
PRJ-003353,AST-0008564,Laptop,EOL within 24 months,2027,2027-11-06,,2802.11,In Progress,Security Exception
PRJ-003354,AST-0004844,Laptop,Past EOL,2028,2028-12-14,,1514.11,Deferred,Security Exception
PRJ-003355,AST-0014863,Desktop,EOL within 12 months,2026,2026-09-13,,1022.12,In Progress,Change Freeze
PRJ-003356,AST-0013823,Laptop,EOL within 24 months,2027,2027-11-24,,1622.6,In Progress,None
PRJ-003357,AST-0012232,Laptop,Past EOL,2027,2027-02-09,,1973.94,In Progress,Application Dependency
PRJ-003358,AST-0008569,Laptop,EOL within 24 months,2027,2027-08-26,,2011.71,Not Started,Budget Approval
PRJ-003359,AST-0008453,Laptop,EOL within 24 months,2026,2026-11-26,,2176.7,Not Started,Change Freeze
PRJ-003360,AST-0002375,Laptop,Past EOL,2028,2028-04-21,2028-07-14,1510.04,Completed,Application Dependency
PRJ-003361,AST-0019204,VDI Endpoint,EOL within 12 months,2027,2027-02-20,,1453.4,Deferred,Budget Approval
PRJ-003362,AST-0018581,VDI Endpoint,EOL within 24 months,2028,2028-09-16,,958.28,Not Started,None
PRJ-003363,AST-0012067,Laptop,EOL within 24 months,2027,2027-04-13,,1701.28,Planning,Branch Scheduling
PRJ-003364,AST-0011564,Laptop,EOL within 12 months,2028,2028-01-06,,1866.16,Not Started,Budget Approval
PRJ-003365,AST-0018966,VDI Endpoint,EOL within 12 months,2028,2028-04-27,2028-06-10,1238.36,Completed,Security Exception
PRJ-003366,AST-0003398,Laptop,EOL within 24 months,2028,2028-03-25,2028-03-14,3582.75,Completed,Vendor Lead Time
PRJ-003367,AST-0003307,Laptop,Past EOL,2026,2026-08-31,,1689.3,Deferred,Security Exception
PRJ-003368,AST-0017972,Desktop,EOL within 12 months,2026,2026-06-02,,1278.8,Planning,Branch Scheduling
PRJ-003369,AST-0016753,Desktop,EOL within 12 months,2026,2026-12-10,2026-11-27,1054.11,Completed,Vendor Lead Time
PRJ-003370,AST-0018536,VDI Endpoint,EOL within 24 months,2028,2028-09-20,,973.43,Deferred,Application Dependency
PRJ-003371,AST-0002824,Laptop,EOL within 24 months,2027,2027-11-19,,3761.76,Not Started,None
PRJ-003372,AST-0015989,Desktop,EOL within 12 months,2026,2026-07-05,,1399.8,Not Started,Security Exception
PRJ-003373,AST-0021888,Access Switch,EOL within 24 months,2028,2028-07-14,2028-06-23,8472.2,Completed,None
PRJ-003374,AST-0016161,Desktop,EOL within 12 months,2027,2027-11-12,,1043.23,Not Started,None
PRJ-003375,AST-0007613,Laptop,EOL within 12 months,2027,2027-01-10,,2104.88,Not Started,Branch Scheduling
PRJ-003376,AST-0005209,Laptop,EOL within 12 months,2027,2027-11-29,,1548.32,Not Started,Application Dependency
PRJ-003377,AST-0017216,Desktop,EOL within 24 months,2027,2027-02-06,,1019.96,Not Started,Security Exception
PRJ-003378,AST-0005922,Laptop,Past EOL,2027,2027-02-09,,2007.41,Planning,Application Dependency
PRJ-003379,AST-0004692,Laptop,Past EOL,2028,2028-10-15,,2019.38,Not Started,Branch Scheduling
PRJ-003380,AST-0022375,Access Switch,EOL within 24 months,2027,2027-04-11,2027-04-14,5552.03,Completed,Branch Scheduling
PRJ-003381,AST-0021107,Server,EOL within 24 months,2028,2028-11-28,,12356.81,In Progress,Application Dependency
PRJ-003382,AST-0004383,Laptop,EOL within 12 months,2027,2027-11-25,,1484.08,Planning,Change Freeze
PRJ-003383,AST-0003747,Laptop,EOL within 24 months,2026,2026-09-26,,1959.28,Planning,None
PRJ-003384,AST-0019876,VDI Endpoint,EOL within 12 months,2026,2026-09-18,,1155.04,Planning,Application Dependency
PRJ-003385,AST-0000896,Laptop,EOL within 12 months,2027,2027-10-26,,1843.99,Not Started,Branch Scheduling
PRJ-003386,AST-0000993,Laptop,EOL within 12 months,2027,2027-09-27,,1582.37,Blocked,Application Dependency
PRJ-003387,AST-0005110,Laptop,EOL within 24 months,2027,2027-06-22,2027-08-01,3036.69,Completed,None
PRJ-003388,AST-0003961,Laptop,Past EOL,2027,2027-07-06,,1917.2,Not Started,Branch Scheduling
PRJ-003389,AST-0011709,Laptop,EOL within 12 months,2027,2027-01-08,,2200.36,Not Started,Budget Approval
PRJ-003390,AST-0005340,Laptop,Past EOL,2027,2027-01-07,,1905.42,Planning,Application Dependency
PRJ-003391,AST-0006351,Laptop,EOL within 12 months,2026,2026-11-22,2027-02-17,2180.88,Completed,Branch Scheduling
PRJ-003392,AST-0015757,Desktop,EOL within 24 months,2026,2026-10-29,,1349.41,In Progress,Security Exception
PRJ-003393,AST-0001595,Laptop,Past EOL,2027,2027-03-19,,1602.73,Planning,Branch Scheduling
PRJ-003394,AST-0002837,Laptop,Past EOL,2028,2028-01-15,,1775.46,In Progress,Application Dependency
PRJ-003395,AST-0004110,Laptop,Past EOL,2028,2028-08-07,2028-10-09,1870.03,Completed,Change Freeze
PRJ-003396,AST-0023056,Firewall,EOL within 12 months,2026,2026-07-07,,48972.25,In Progress,Branch Scheduling
PRJ-003397,AST-0009790,Laptop,EOL within 24 months,2027,2027-06-06,,2419.5,Planning,Budget Approval
PRJ-003398,AST-0023603,Wireless Access Point,EOL within 24 months,2027,2027-03-23,2027-03-07,1004.01,Completed,Vendor Lead Time
PRJ-003399,AST-0007887,Laptop,EOL within 24 months,2027,2027-12-26,,1737.72,Deferred,Budget Approval
PRJ-003400,AST-0023510,Wireless Access Point,EOL within 24 months,2027,2027-06-15,,1003.67,Planning,Vendor Lead Time
PRJ-003401,AST-0003980,Laptop,EOL within 24 months,2028,2028-03-25,,1856.09,Not Started,Security Exception
PRJ-003402,AST-0004070,Laptop,EOL within 12 months,2028,2028-07-27,,1672.92,Not Started,Budget Approval
PRJ-003403,AST-0002137,Laptop,EOL within 24 months,2026,2026-10-07,,3782.08,Deferred,Application Dependency
PRJ-003404,AST-0013750,Laptop,EOL within 24 months,2026,2026-09-01,,2958.73,Planning,Branch Scheduling
PRJ-003405,AST-0002177,Laptop,EOL within 24 months,2027,2027-09-27,,2257.89,Planning,Budget Approval
PRJ-003406,AST-0016070,Desktop,EOL within 12 months,2026,2026-11-06,,1111.72,Planning,Application Dependency
PRJ-003407,AST-0001224,Laptop,EOL within 24 months,2028,2028-07-25,,1867.4,In Progress,Vendor Lead Time
PRJ-003408,AST-0002692,Laptop,EOL within 12 months,2026,2026-10-01,,1472.72,Deferred,Vendor Lead Time
PRJ-003409,AST-0018750,VDI Endpoint,EOL within 24 months,2028,2028-06-16,,930.1,Planning,None
PRJ-003410,AST-0008204,Laptop,Past EOL,2026,2026-11-27,,1615.21,Not Started,Application Dependency
PRJ-003411,AST-0011420,Laptop,EOL within 24 months,2027,2027-05-09,2027-04-15,3018.33,Completed,Application Dependency
PRJ-003412,AST-0006895,Laptop,EOL within 12 months,2026,2026-11-12,,1614.98,In Progress,Change Freeze
PRJ-003413,AST-0021842,Access Switch,EOL within 24 months,2026,2026-06-05,,6715.75,Deferred,Branch Scheduling
PRJ-003414,AST-0019145,VDI Endpoint,EOL within 12 months,2026,2026-10-28,2026-10-26,1281.86,Completed,Budget Approval
PRJ-003415,AST-0016893,Desktop,EOL within 24 months,2028,2028-11-28,,1069.54,Blocked,Budget Approval
PRJ-003416,AST-0005424,Laptop,EOL within 24 months,2026,2026-08-02,,1641.08,Planning,Application Dependency
PRJ-003417,AST-0003686,Laptop,EOL within 12 months,2028,2028-10-28,,1950.82,Planning,None
PRJ-003418,AST-0023913,Storage,EOL within 24 months,2026,2026-10-29,,97605.3,Not Started,Vendor Lead Time
PRJ-003419,AST-0021243,Server,EOL within 24 months,2026,2026-10-06,,14544.14,Planning,Application Dependency
PRJ-003420,AST-0014930,Desktop,EOL within 12 months,2028,2028-05-26,,1251.31,In Progress,Security Exception
PRJ-003421,AST-0000336,Laptop,EOL within 12 months,2027,2027-07-24,,1733.83,Planning,Branch Scheduling
PRJ-003422,AST-0003721,Laptop,Past EOL,2028,2028-04-08,,1536.32,Planning,Change Freeze
PRJ-003423,AST-0017960,Desktop,EOL within 24 months,2027,2027-12-13,2028-03-06,1037.41,Completed,Application Dependency
PRJ-003424,AST-0018292,Desktop,EOL within 24 months,2028,2028-01-07,,1180.11,Planning,Application Dependency
PRJ-003425,AST-0017713,Desktop,EOL within 24 months,2028,2028-05-29,,1163.67,Deferred,Security Exception
PRJ-003426,AST-0008439,Laptop,EOL within 12 months,2028,2028-10-04,,1702.27,Not Started,None
PRJ-003427,AST-0016937,Desktop,EOL within 12 months,2027,2027-08-26,,1323.0,Not Started,Change Freeze
PRJ-003428,AST-0012822,Laptop,EOL within 12 months,2026,2026-08-28,,1772.2,Blocked,Vendor Lead Time
PRJ-003429,AST-0019867,VDI Endpoint,EOL within 24 months,2028,2028-02-06,,978.26,Not Started,Security Exception
PRJ-003430,AST-0017448,Desktop,EOL within 12 months,2027,2027-04-29,,1267.24,Deferred,Budget Approval
PRJ-003431,AST-0006897,Laptop,EOL within 12 months,2027,2027-10-05,2027-12-29,1473.11,Completed,Security Exception
PRJ-003432,AST-0020907,Server,EOL within 24 months,2028,2028-08-29,,14056.23,Not Started,Change Freeze
PRJ-003433,AST-0000857,Laptop,Past EOL,2026,2026-07-25,,1895.18,In Progress,Vendor Lead Time
PRJ-003434,AST-0016881,Desktop,EOL within 24 months,2026,2026-12-25,,944.26,In Progress,Branch Scheduling
PRJ-003435,AST-0005447,Laptop,Past EOL,2027,2027-01-31,2027-04-11,1585.89,Completed,Vendor Lead Time
PRJ-003436,AST-0015695,Desktop,EOL within 12 months,2028,2028-03-30,,1093.29,Planning,Change Freeze
PRJ-003437,AST-0000352,Laptop,EOL within 24 months,2028,2028-08-28,,1505.34,Planning,Budget Approval
PRJ-003438,AST-0001027,Laptop,EOL within 24 months,2026,2026-06-06,,2799.93,Planning,Application Dependency
PRJ-003439,AST-0018921,VDI Endpoint,EOL within 12 months,2028,2028-06-25,,1203.48,Not Started,Budget Approval
PRJ-003440,AST-0016591,Desktop,EOL within 24 months,2026,2026-11-05,2027-01-05,1087.04,Completed,Vendor Lead Time
PRJ-003441,AST-0017865,Desktop,EOL within 24 months,2027,2027-03-17,2027-06-11,904.38,Completed,None
PRJ-003442,AST-0013956,Laptop,EOL within 24 months,2028,2028-04-06,,1974.91,In Progress,Change Freeze
PRJ-003443,AST-0019406,VDI Endpoint,EOL within 24 months,2028,2028-10-08,2028-12-15,1139.2,Completed,Budget Approval
PRJ-003444,AST-0011882,Laptop,Past EOL,2027,2027-02-08,,1974.62,Not Started,Budget Approval
PRJ-003445,AST-0013888,Laptop,Past EOL,2028,2028-07-25,,1800.52,Planning,None
PRJ-003446,AST-0010095,Laptop,Past EOL,2026,2026-08-27,2026-08-14,1503.21,Completed,Vendor Lead Time
PRJ-003447,AST-0013395,Laptop,EOL within 24 months,2028,2028-03-30,,2838.9,In Progress,Budget Approval
PRJ-003448,AST-0016848,Desktop,EOL within 12 months,2027,2027-05-09,,978.74,Planning,None
PRJ-003449,AST-0016232,Desktop,EOL within 24 months,2028,2028-02-15,,945.84,Not Started,None
PRJ-003450,AST-0002301,Laptop,Past EOL,2027,2027-10-06,,1489.08,In Progress,None
PRJ-003451,AST-0000849,Laptop,Past EOL,2027,2027-08-15,,1884.86,Deferred,Branch Scheduling
PRJ-003452,AST-0015323,Desktop,EOL within 24 months,2026,2026-08-06,,1177.49,In Progress,Vendor Lead Time
PRJ-003453,AST-0023349,Wireless Access Point,EOL within 12 months,2026,2026-07-24,,727.5,In Progress,None
PRJ-003454,AST-0023561,Wireless Access Point,EOL within 24 months,2028,2028-01-20,,1262.08,Not Started,Security Exception
PRJ-003455,AST-0015781,Desktop,EOL within 12 months,2026,2026-11-25,,1256.31,Not Started,Branch Scheduling
PRJ-003456,AST-0007475,Laptop,EOL within 24 months,2028,2028-06-18,,1943.81,Planning,None
PRJ-003457,AST-0021230,Server,EOL within 24 months,2027,2027-05-24,,11022.2,In Progress,Vendor Lead Time
PRJ-003458,AST-0015091,Desktop,EOL within 12 months,2027,2027-07-15,,960.92,In Progress,Branch Scheduling
PRJ-003459,AST-0011855,Laptop,EOL within 24 months,2028,2028-05-20,,1713.77,In Progress,Security Exception
PRJ-003460,AST-0014280,Desktop,EOL within 12 months,2027,2027-05-03,2027-07-09,1045.79,Completed,Vendor Lead Time
PRJ-003461,AST-0022846,Router,EOL within 12 months,2028,2028-05-27,,11638.99,In Progress,Branch Scheduling
PRJ-003462,AST-0010011,Laptop,Past EOL,2027,2027-03-10,,1434.53,Deferred,Branch Scheduling
PRJ-003463,AST-0006890,Laptop,EOL within 12 months,2026,2026-06-16,,1727.74,Not Started,Budget Approval
PRJ-003464,AST-0022272,Access Switch,EOL within 24 months,2028,2028-06-08,,6556.61,In Progress,Application Dependency
PRJ-003465,AST-0008101,Laptop,EOL within 24 months,2027,2027-12-01,,2175.31,Not Started,Budget Approval
PRJ-003466,AST-0013423,Laptop,EOL within 12 months,2027,2027-05-22,2027-08-17,1584.73,Completed,None
PRJ-003467,AST-0020975,Server,EOL within 24 months,2027,2027-08-24,,11707.45,Deferred,Budget Approval
PRJ-003468,AST-0015698,Desktop,EOL within 24 months,2028,2028-12-01,,1255.06,Not Started,Security Exception
PRJ-003469,AST-0011068,Laptop,EOL within 24 months,2027,2027-06-11,,2057.45,Not Started,Branch Scheduling
PRJ-003470,AST-0002846,Laptop,Past EOL,2028,2028-01-02,,1852.58,Not Started,Branch Scheduling
PRJ-003471,AST-0004525,Laptop,EOL within 24 months,2027,2027-08-19,2027-08-03,2076.46,Completed,Budget Approval
PRJ-003472,AST-0012407,Laptop,EOL within 24 months,2027,2027-07-30,2027-07-20,3767.77,Completed,None
PRJ-003473,AST-0008470,Laptop,EOL within 24 months,2027,2027-10-15,,3123.01,Planning,Change Freeze
PRJ-003474,AST-0013527,Laptop,EOL within 24 months,2026,2026-08-11,,1949.1,Not Started,Change Freeze
PRJ-003475,AST-0016863,Desktop,EOL within 12 months,2027,2027-06-03,,1288.98,Planning,Vendor Lead Time
PRJ-003476,AST-0003710,Laptop,Past EOL,2026,2026-11-12,,1861.38,Deferred,Vendor Lead Time
PRJ-003477,AST-0018868,VDI Endpoint,EOL within 24 months,2028,2028-02-13,,1191.9,Planning,Vendor Lead Time
PRJ-003478,AST-0013712,Laptop,EOL within 12 months,2028,2028-06-29,,2024.36,In Progress,Branch Scheduling
PRJ-003479,AST-0003060,Laptop,EOL within 24 months,2027,2027-04-26,,2998.07,Not Started,Vendor Lead Time
PRJ-003480,AST-0006981,Laptop,EOL within 12 months,2027,2027-07-12,,1445.06,Deferred,Vendor Lead Time
PRJ-003481,AST-0005685,Laptop,EOL within 12 months,2028,2028-05-11,2028-07-10,2038.76,Completed,Vendor Lead Time
PRJ-003482,AST-0019336,VDI Endpoint,EOL within 12 months,2027,2027-12-07,,1043.17,Not Started,Security Exception
PRJ-003483,AST-0018323,Desktop,EOL within 12 months,2026,2026-10-16,2027-01-02,998.78,Completed,Application Dependency
PRJ-003484,AST-0019284,VDI Endpoint,EOL within 12 months,2027,2027-10-18,2027-11-01,1163.14,Completed,Change Freeze
PRJ-003485,AST-0018124,Desktop,EOL within 12 months,2026,2026-12-27,,1215.86,In Progress,Application Dependency
PRJ-003486,AST-0016973,Desktop,EOL within 24 months,2026,2026-11-01,,1154.45,In Progress,None
PRJ-003487,AST-0010710,Laptop,Past EOL,2027,2027-01-10,,1315.26,Planning,Vendor Lead Time
PRJ-003488,AST-0015268,Desktop,EOL within 12 months,2028,2028-08-20,,1416.07,Planning,Branch Scheduling
PRJ-003489,AST-0015106,Desktop,EOL within 12 months,2028,2028-05-19,,1247.05,Planning,Vendor Lead Time
PRJ-003490,AST-0002207,Laptop,EOL within 24 months,2027,2027-05-04,,3794.57,Deferred,Vendor Lead Time
PRJ-003491,AST-0012728,Laptop,EOL within 12 months,2026,2026-11-22,,1945.79,Deferred,Change Freeze
PRJ-003492,AST-0011569,Laptop,EOL within 12 months,2027,2027-07-08,2027-07-04,1541.15,Completed,Application Dependency
PRJ-003493,AST-0010666,Laptop,Past EOL,2026,2026-12-06,2027-01-02,1605.92,Completed,Budget Approval
PRJ-003494,AST-0010907,Laptop,Past EOL,2027,2027-07-04,,1365.0,In Progress,Budget Approval
PRJ-003495,AST-0016842,Desktop,EOL within 12 months,2028,2028-07-12,,1053.88,Not Started,Application Dependency
PRJ-003496,AST-0017036,Desktop,EOL within 24 months,2027,2027-05-12,,1050.76,Planning,Budget Approval
PRJ-003497,AST-0012853,Laptop,EOL within 24 months,2028,2028-11-25,,1634.31,In Progress,None
PRJ-003498,AST-0012495,Laptop,EOL within 24 months,2026,2026-07-04,2026-08-23,3598.87,Completed,Security Exception
PRJ-003499,AST-0000746,Laptop,Past EOL,2026,2026-06-19,,1760.24,Planning,Budget Approval
PRJ-003500,AST-0023189,Wireless Access Point,EOL within 24 months,2027,2027-12-31,2027-12-30,1027.78,Completed,Change Freeze
PRJ-003501,AST-0009877,Laptop,EOL within 24 months,2028,2028-09-12,,1797.71,Not Started,Branch Scheduling
PRJ-003502,AST-0008032,Laptop,Past EOL,2028,2028-11-30,,1968.38,Deferred,None
PRJ-003503,AST-0008243,Laptop,EOL within 24 months,2027,2027-02-07,,3399.22,Planning,Application Dependency
PRJ-003504,AST-0008410,Laptop,EOL within 12 months,2026,2026-08-11,,1811.99,Not Started,Application Dependency
PRJ-003505,AST-0011050,Laptop,Past EOL,2027,2027-03-14,,1650.02,Not Started,Branch Scheduling
PRJ-003506,AST-0019858,VDI Endpoint,EOL within 12 months,2026,2026-11-20,,1085.33,In Progress,Application Dependency
PRJ-003507,AST-0000742,Laptop,EOL within 24 months,2028,2028-06-06,,1835.48,Planning,Branch Scheduling
PRJ-003508,AST-0017115,Desktop,EOL within 24 months,2028,2028-01-25,,1163.01,Deferred,Change Freeze
PRJ-003509,AST-0003123,Laptop,Past EOL,2028,2028-02-07,,1664.84,Not Started,Security Exception
PRJ-003510,AST-0017742,Desktop,EOL within 24 months,2028,2028-03-17,,1048.89,In Progress,Vendor Lead Time
PRJ-003511,AST-0004054,Laptop,EOL within 24 months,2027,2027-11-17,,2260.31,Not Started,Change Freeze
PRJ-003512,AST-0006521,Laptop,EOL within 24 months,2028,2028-05-31,2028-08-04,3707.98,Completed,Branch Scheduling
PRJ-003513,AST-0003088,Laptop,EOL within 12 months,2026,2026-11-01,,1962.27,Planning,Change Freeze
PRJ-003514,AST-0013769,Laptop,EOL within 24 months,2028,2028-05-25,,2349.34,Not Started,None
PRJ-003515,AST-0010669,Laptop,Past EOL,2028,2028-11-27,,1787.31,Planning,None
PRJ-003516,AST-0011663,Laptop,EOL within 12 months,2027,2027-09-13,,1911.67,Deferred,Security Exception
PRJ-003517,AST-0000056,Laptop,EOL within 24 months,2027,2027-01-04,,1834.84,Not Started,Application Dependency
PRJ-003518,AST-0001412,Laptop,Past EOL,2028,2028-09-15,,1824.04,Not Started,Change Freeze
PRJ-003519,AST-0011682,Laptop,Past EOL,2028,2028-12-07,2029-03-04,1781.9,Completed,Branch Scheduling
PRJ-003520,AST-0018615,VDI Endpoint,EOL within 24 months,2026,2026-06-06,,835.48,In Progress,Security Exception
PRJ-003521,AST-0008614,Laptop,Past EOL,2028,2028-08-07,,1604.47,Not Started,Application Dependency
PRJ-003522,AST-0002508,Laptop,EOL within 24 months,2027,2027-06-17,,3603.3,Blocked,None
PRJ-003523,AST-0002407,Laptop,Past EOL,2026,2026-07-04,,1794.25,Blocked,Change Freeze
PRJ-003524,AST-0005611,Laptop,EOL within 12 months,2026,2026-06-23,,1977.53,Planning,Vendor Lead Time
PRJ-003525,AST-0000782,Laptop,EOL within 12 months,2028,2028-07-09,,1757.56,Not Started,Branch Scheduling
PRJ-003526,AST-0012590,Laptop,EOL within 24 months,2028,2028-11-17,,2024.02,In Progress,Branch Scheduling
PRJ-003527,AST-0017668,Desktop,EOL within 12 months,2028,2028-08-14,,997.47,Not Started,Change Freeze
PRJ-003528,AST-0016045,Desktop,EOL within 12 months,2027,2027-11-18,,1148.85,Not Started,Vendor Lead Time
PRJ-003529,AST-0004385,Laptop,EOL within 12 months,2026,2026-12-05,,1697.43,Planning,Budget Approval
PRJ-003530,AST-0022212,Access Switch,EOL within 24 months,2027,2027-01-15,,5176.94,In Progress,Vendor Lead Time
PRJ-003531,AST-0005743,Laptop,EOL within 24 months,2028,2028-11-17,,1585.18,Not Started,Budget Approval
PRJ-003532,AST-0019714,VDI Endpoint,EOL within 12 months,2028,2028-06-02,,1357.17,Not Started,Branch Scheduling
PRJ-003533,AST-0011310,Laptop,Past EOL,2026,2026-11-28,,1369.57,In Progress,Application Dependency
PRJ-003534,AST-0015256,Desktop,EOL within 24 months,2028,2028-02-27,,1060.77,Deferred,Budget Approval
PRJ-003535,AST-0002021,Laptop,Past EOL,2027,2027-03-28,,1806.29,Planning,Vendor Lead Time
PRJ-003536,AST-0015361,Desktop,EOL within 24 months,2026,2026-07-26,,1282.21,Not Started,Security Exception
PRJ-003537,AST-0002644,Laptop,EOL within 12 months,2026,2026-10-25,2026-09-27,1660.93,Completed,None
PRJ-003538,AST-0019593,VDI Endpoint,EOL within 24 months,2028,2028-06-29,,835.27,In Progress,Application Dependency
PRJ-003539,AST-0013226,Laptop,EOL within 12 months,2027,2027-04-01,,2047.98,Planning,Security Exception
PRJ-003540,AST-0022965,Router,EOL within 12 months,2027,2027-01-02,,6709.87,Not Started,Change Freeze
PRJ-003541,AST-0017197,Desktop,EOL within 24 months,2028,2028-04-03,,1023.24,Deferred,Budget Approval
PRJ-003542,AST-0003025,Laptop,Past EOL,2027,2027-07-04,,1612.74,In Progress,Budget Approval
PRJ-003543,AST-0009939,Laptop,EOL within 12 months,2026,2026-10-16,,1820.8,Blocked,None
PRJ-003544,AST-0003546,Laptop,EOL within 12 months,2028,2028-06-01,,1584.9,In Progress,Security Exception
PRJ-003545,AST-0014446,Desktop,EOL within 24 months,2026,2026-07-11,,990.02,Planning,Security Exception
PRJ-003546,AST-0011064,Laptop,EOL within 24 months,2027,2027-12-26,,2917.09,Planning,Vendor Lead Time
PRJ-003547,AST-0017542,Desktop,EOL within 12 months,2027,2027-09-05,,1047.36,Planning,Budget Approval
PRJ-003548,AST-0006297,Laptop,Past EOL,2028,2028-06-02,,1799.96,Not Started,Security Exception
PRJ-003549,AST-0009129,Laptop,EOL within 12 months,2027,2027-12-05,,1717.03,Not Started,Security Exception
PRJ-003550,AST-0018242,Desktop,EOL within 24 months,2028,2028-06-20,,932.11,Not Started,Change Freeze
PRJ-003551,AST-0002293,Laptop,EOL within 24 months,2026,2026-07-12,2026-06-20,2978.96,Completed,None
PRJ-003552,AST-0009334,Laptop,EOL within 24 months,2028,2028-10-11,,2807.11,In Progress,Change Freeze
PRJ-003553,AST-0014122,Desktop,EOL within 12 months,2026,2026-11-05,,1342.05,Not Started,Budget Approval
PRJ-003554,AST-0008903,Laptop,Past EOL,2027,2027-10-13,,1366.36,Planning,Budget Approval
PRJ-003555,AST-0013194,Laptop,EOL within 12 months,2027,2027-06-11,,1777.55,In Progress,Vendor Lead Time
PRJ-003556,AST-0000833,Laptop,Past EOL,2028,2028-09-01,,1899.33,Planning,Application Dependency
PRJ-003557,AST-0002663,Laptop,Past EOL,2027,2027-03-14,,1712.88,Planning,Application Dependency
PRJ-003558,AST-0015865,Desktop,EOL within 24 months,2027,2027-11-09,,1242.8,Not Started,Vendor Lead Time
PRJ-003559,AST-0011399,Laptop,Past EOL,2027,2027-07-24,,1379.13,In Progress,Application Dependency
PRJ-003560,AST-0002600,Laptop,EOL within 24 months,2028,2028-11-12,,1858.47,Not Started,Vendor Lead Time
PRJ-003561,AST-0001122,Laptop,EOL within 24 months,2027,2027-11-17,,2187.13,Not Started,Security Exception
PRJ-003562,AST-0014975,Desktop,EOL within 12 months,2026,2026-09-16,,1158.58,Deferred,Change Freeze
PRJ-003563,AST-0000375,Laptop,EOL within 24 months,2028,2028-02-04,,1912.96,Not Started,Security Exception
PRJ-003564,AST-0007137,Laptop,Past EOL,2028,2028-11-28,,1844.57,Planning,Branch Scheduling
PRJ-003565,AST-0008258,Laptop,EOL within 24 months,2028,2028-03-15,,1711.55,Not Started,Budget Approval
PRJ-003566,AST-0022026,Access Switch,EOL within 24 months,2027,2027-05-15,,9589.68,Blocked,Change Freeze
PRJ-003567,AST-0001845,Laptop,EOL within 12 months,2028,2028-09-10,,2021.24,Planning,Application Dependency
PRJ-003568,AST-0003224,Laptop,Past EOL,2028,2028-03-26,,1347.33,Planning,Budget Approval
PRJ-003569,AST-0021015,Server,EOL within 24 months,2026,2026-11-01,,14987.26,Not Started,None
PRJ-003570,AST-0014465,Desktop,EOL within 24 months,2028,2028-02-16,2028-02-02,1182.48,Completed,Application Dependency
PRJ-003571,AST-0008109,Laptop,EOL within 12 months,2027,2027-04-12,,1513.1,Not Started,Branch Scheduling
PRJ-003572,AST-0012172,Laptop,EOL within 24 months,2028,2028-03-25,,2962.09,In Progress,Branch Scheduling
PRJ-003573,AST-0010581,Laptop,EOL within 12 months,2028,2028-06-17,,1603.76,Not Started,Vendor Lead Time
PRJ-003574,AST-0021749,Access Switch,EOL within 24 months,2028,2028-07-03,,5569.01,Deferred,Security Exception
PRJ-003575,AST-0019972,VDI Endpoint,EOL within 12 months,2027,2027-11-11,,1082.43,In Progress,None
PRJ-003576,AST-0019411,VDI Endpoint,EOL within 12 months,2028,2028-10-01,2028-12-26,1082.57,Completed,Security Exception
PRJ-003577,AST-0021189,Server,EOL within 24 months,2026,2026-09-04,2026-11-03,13941.1,Completed,Change Freeze
PRJ-003578,AST-0015456,Desktop,EOL within 12 months,2028,2028-01-28,,1244.95,Not Started,Branch Scheduling
PRJ-003579,AST-0020753,Server,EOL within 24 months,2028,2028-05-11,,13639.06,Planning,Budget Approval
PRJ-003580,AST-0019006,VDI Endpoint,EOL within 12 months,2027,2027-12-21,,1057.87,In Progress,Application Dependency
PRJ-003581,AST-0004243,Laptop,Past EOL,2027,2027-12-30,,1709.78,Planning,Budget Approval
PRJ-003582,AST-0010963,Laptop,EOL within 24 months,2027,2027-01-28,,2183.35,Planning,Security Exception
PRJ-003583,AST-0001049,Laptop,EOL within 24 months,2027,2027-01-31,,3606.75,Planning,Change Freeze
PRJ-003584,AST-0014090,Desktop,EOL within 12 months,2028,2028-08-07,,1031.65,Not Started,Vendor Lead Time
PRJ-003585,AST-0009564,Laptop,EOL within 12 months,2026,2026-08-21,,1598.27,In Progress,Change Freeze
PRJ-003586,AST-0001056,Laptop,EOL within 24 months,2027,2027-07-03,,1873.21,In Progress,Change Freeze
PRJ-003587,AST-0004990,Laptop,EOL within 24 months,2028,2028-08-20,2028-07-27,2879.95,Completed,Budget Approval
PRJ-003588,AST-0007507,Laptop,EOL within 12 months,2028,2028-12-28,,1692.43,Blocked,Change Freeze
PRJ-003589,AST-0006033,Laptop,EOL within 24 months,2028,2028-03-27,,2435.39,In Progress,Change Freeze
PRJ-003590,AST-0001868,Laptop,EOL within 12 months,2028,2028-07-03,,1722.05,Not Started,Branch Scheduling
PRJ-003591,AST-0002899,Laptop,Past EOL,2027,2027-06-10,2027-08-24,1835.32,Completed,Branch Scheduling
PRJ-003592,AST-0001712,Laptop,EOL within 12 months,2026,2026-12-06,,2038.21,Not Started,Security Exception
PRJ-003593,AST-0013277,Laptop,Past EOL,2027,2027-03-22,,1878.35,Planning,Budget Approval
PRJ-003594,AST-0010479,Laptop,EOL within 12 months,2028,2028-09-02,,2053.32,Deferred,Security Exception
PRJ-003595,AST-0001567,Laptop,Past EOL,2027,2027-01-25,,1523.65,Planning,Branch Scheduling
PRJ-003596,AST-0019653,VDI Endpoint,EOL within 12 months,2027,2027-05-06,,1250.4,Not Started,Security Exception
PRJ-003597,AST-0009357,Laptop,EOL within 24 months,2027,2027-10-16,,2907.33,In Progress,None
PRJ-003598,AST-0016466,Desktop,EOL within 12 months,2028,2028-08-16,,1234.04,In Progress,Application Dependency
PRJ-003599,AST-0015373,Desktop,EOL within 12 months,2028,2028-11-25,,971.29,Deferred,None
PRJ-003600,AST-0013321,Laptop,EOL within 24 months,2027,2027-02-18,,3371.35,In Progress,None
PRJ-003601,AST-0019384,VDI Endpoint,EOL within 12 months,2026,2026-08-07,,1243.94,In Progress,Branch Scheduling
PRJ-003602,AST-0006687,Laptop,Past EOL,2027,2027-06-09,,1370.66,In Progress,Vendor Lead Time
PRJ-003603,AST-0011153,Laptop,EOL within 12 months,2027,2027-01-10,,1598.33,Deferred,Security Exception
PRJ-003604,AST-0010889,Laptop,EOL within 12 months,2027,2027-06-05,,1819.47,Not Started,Change Freeze
PRJ-003605,AST-0022726,Core Switch,EOL within 24 months,2026,2026-06-19,,22823.75,In Progress,Change Freeze
PRJ-003606,AST-0011441,Laptop,EOL within 12 months,2027,2027-07-20,,1585.84,Not Started,Change Freeze
PRJ-003607,AST-0020437,Server,EOL within 24 months,2027,2027-04-14,,14440.75,Deferred,Budget Approval
PRJ-003608,AST-0013588,Laptop,EOL within 12 months,2026,2026-08-01,2026-09-24,1826.49,Completed,Security Exception
PRJ-003609,AST-0017522,Desktop,EOL within 24 months,2026,2026-12-16,,911.43,In Progress,Vendor Lead Time
PRJ-003610,AST-0007123,Laptop,EOL within 12 months,2028,2028-05-19,2028-06-20,1830.17,Completed,Change Freeze
PRJ-003611,AST-0008709,Laptop,Past EOL,2027,2027-02-17,,1366.93,Not Started,None
PRJ-003612,AST-0021622,Access Switch,EOL within 24 months,2027,2027-07-11,,7189.1,Blocked,Vendor Lead Time
PRJ-003613,AST-0011425,Laptop,EOL within 24 months,2026,2026-11-29,,2340.75,Not Started,Vendor Lead Time
PRJ-003614,AST-0012134,Laptop,EOL within 12 months,2027,2027-04-14,,1927.73,Planning,None
PRJ-003615,AST-0012051,Laptop,EOL within 12 months,2026,2026-08-13,,1503.64,Not Started,Change Freeze
PRJ-003616,AST-0004486,Laptop,EOL within 24 months,2028,2028-03-04,,1658.11,Not Started,Security Exception
PRJ-003617,AST-0000831,Laptop,EOL within 24 months,2026,2026-09-26,,1985.21,Not Started,Vendor Lead Time
PRJ-003618,AST-0002511,Laptop,EOL within 12 months,2028,2028-03-21,,1999.32,Planning,None
PRJ-003619,AST-0011759,Laptop,EOL within 24 months,2028,2028-12-14,,2129.73,Not Started,Vendor Lead Time
PRJ-003620,AST-0021545,Access Switch,EOL within 24 months,2028,2028-02-03,,6698.02,In Progress,Budget Approval
PRJ-003621,AST-0005666,Laptop,Past EOL,2028,2028-01-07,,1374.88,Not Started,Vendor Lead Time
PRJ-003622,AST-0005715,Laptop,EOL within 24 months,2027,2027-03-17,,3503.25,In Progress,Branch Scheduling
PRJ-003623,AST-0015098,Desktop,EOL within 12 months,2028,2028-10-23,,1278.11,Deferred,Vendor Lead Time
PRJ-003624,AST-0009683,Laptop,EOL within 12 months,2027,2027-08-02,,1642.15,Deferred,Branch Scheduling
PRJ-003625,AST-0002181,Laptop,EOL within 24 months,2026,2026-06-26,,3027.35,Deferred,Application Dependency
PRJ-003626,AST-0014684,Desktop,EOL within 12 months,2028,2028-06-28,2028-08-16,1416.6,Completed,Branch Scheduling
PRJ-003627,AST-0001831,Laptop,EOL within 12 months,2028,2028-06-11,,1549.19,Planning,Branch Scheduling
PRJ-003628,AST-0001242,Laptop,EOL within 12 months,2028,2028-04-19,,1610.75,Planning,Security Exception
PRJ-003629,AST-0006233,Laptop,Past EOL,2028,2028-05-28,,1936.99,Not Started,Change Freeze
PRJ-003630,AST-0002167,Laptop,EOL within 24 months,2028,2028-05-09,,3688.99,Deferred,Security Exception
PRJ-003631,AST-0008617,Laptop,Past EOL,2028,2028-06-05,,1632.72,In Progress,Change Freeze
PRJ-003632,AST-0012032,Laptop,Past EOL,2028,2028-08-22,,1903.53,In Progress,Vendor Lead Time
PRJ-003633,AST-0012268,Laptop,EOL within 12 months,2028,2028-07-26,,1996.75,Not Started,None
PRJ-003634,AST-0008404,Laptop,EOL within 24 months,2026,2026-08-08,,3292.31,Deferred,Security Exception
PRJ-003635,AST-0003935,Laptop,EOL within 12 months,2028,2028-08-08,,1534.06,Not Started,Budget Approval
PRJ-003636,AST-0011448,Laptop,EOL within 24 months,2028,2028-02-04,,2283.48,Not Started,Budget Approval
PRJ-003637,AST-0003330,Laptop,Past EOL,2028,2028-10-13,,1472.28,Deferred,Change Freeze
PRJ-003638,AST-0022937,Router,EOL within 12 months,2026,2026-09-11,,7779.61,In Progress,Security Exception
PRJ-003639,AST-0016733,Desktop,EOL within 24 months,2028,2028-08-31,2028-09-21,1127.45,Completed,Application Dependency
PRJ-003640,AST-0014707,Desktop,EOL within 12 months,2028,2028-03-17,,1164.7,Not Started,Security Exception
PRJ-003641,AST-0013105,Laptop,EOL within 12 months,2028,2028-06-26,,1889.62,Not Started,Budget Approval
PRJ-003642,AST-0014062,Desktop,EOL within 12 months,2028,2028-05-22,,1090.35,In Progress,Budget Approval
PRJ-003643,AST-0022973,Router,EOL within 12 months,2026,2026-06-20,,7282.22,Not Started,None
PRJ-003644,AST-0007950,Laptop,EOL within 24 months,2027,2027-01-31,2027-02-23,1688.69,Completed,Vendor Lead Time
PRJ-003645,AST-0011901,Laptop,EOL within 12 months,2027,2027-03-04,2027-02-19,1602.58,Completed,Budget Approval
PRJ-003646,AST-0008621,Laptop,EOL within 24 months,2028,2028-07-22,,1517.91,Planning,Vendor Lead Time
PRJ-003647,AST-0013847,Laptop,Past EOL,2027,2027-06-20,,1379.71,In Progress,Branch Scheduling
PRJ-003648,AST-0008716,Laptop,EOL within 12 months,2027,2027-06-19,,1659.46,Deferred,Vendor Lead Time
PRJ-003649,AST-0002670,Laptop,EOL within 12 months,2026,2026-06-30,,1723.27,Not Started,Budget Approval
PRJ-003650,AST-0008894,Laptop,EOL within 12 months,2028,2028-03-30,,2064.23,Planning,None
PRJ-003651,AST-0002098,Laptop,EOL within 24 months,2028,2028-08-24,,1756.98,Not Started,Security Exception
PRJ-003652,AST-0001423,Laptop,EOL within 12 months,2027,2027-10-28,,2079.37,Planning,Vendor Lead Time
PRJ-003653,AST-0010607,Laptop,Past EOL,2027,2027-09-16,,1818.51,Deferred,Branch Scheduling
PRJ-003654,AST-0020144,Server,EOL within 24 months,2027,2027-07-27,,12676.17,Not Started,Branch Scheduling
PRJ-003655,AST-0017874,Desktop,EOL within 24 months,2027,2027-06-12,,1242.27,Planning,Change Freeze
PRJ-003656,AST-0000416,Laptop,EOL within 12 months,2027,2027-05-14,,2104.09,Planning,Security Exception
PRJ-003657,AST-0001777,Laptop,Past EOL,2028,2028-06-19,,1361.06,Planning,Change Freeze
PRJ-003658,AST-0013736,Laptop,Past EOL,2028,2028-12-26,2029-02-03,1805.96,Completed,Budget Approval
PRJ-003659,AST-0002921,Laptop,EOL within 24 months,2027,2027-11-21,2028-02-07,3702.87,Completed,Change Freeze
PRJ-003660,AST-0001557,Laptop,Past EOL,2026,2026-07-10,,1354.14,In Progress,Security Exception
PRJ-003661,AST-0004726,Laptop,EOL within 24 months,2028,2028-07-05,,3789.66,In Progress,Security Exception
PRJ-003662,AST-0019043,VDI Endpoint,EOL within 24 months,2028,2028-05-19,2028-05-21,862.06,Completed,Budget Approval
PRJ-003663,AST-0023463,Wireless Access Point,EOL within 24 months,2026,2026-10-12,,1338.68,In Progress,Branch Scheduling
PRJ-003664,AST-0001466,Laptop,EOL within 24 months,2028,2028-09-18,,1518.96,Planning,Branch Scheduling
PRJ-003665,AST-0014436,Desktop,EOL within 12 months,2027,2027-08-15,,965.44,Planning,Vendor Lead Time
PRJ-003666,AST-0012656,Laptop,EOL within 12 months,2027,2027-07-02,,1851.9,Not Started,Branch Scheduling
PRJ-003667,AST-0002000,Laptop,Past EOL,2026,2026-06-30,,1935.81,In Progress,Application Dependency
PRJ-003668,AST-0016316,Desktop,EOL within 24 months,2026,2026-07-12,,1170.55,Deferred,Vendor Lead Time
PRJ-003669,AST-0006388,Laptop,Past EOL,2026,2026-08-01,,1589.77,Not Started,Application Dependency
PRJ-003670,AST-0004985,Laptop,Past EOL,2028,2028-03-22,2028-04-21,1369.62,Completed,Branch Scheduling
PRJ-003671,AST-0017995,Desktop,EOL within 24 months,2028,2028-01-15,,1034.55,Not Started,Change Freeze
PRJ-003672,AST-0003476,Laptop,Past EOL,2027,2027-02-21,,1619.39,Not Started,Branch Scheduling
PRJ-003673,AST-0013078,Laptop,EOL within 12 months,2026,2026-09-14,,1747.24,Deferred,Change Freeze
PRJ-003674,AST-0010113,Laptop,Past EOL,2027,2027-10-25,,1701.33,In Progress,Vendor Lead Time
PRJ-003675,AST-0013442,Laptop,Past EOL,2028,2028-07-27,,1376.96,Not Started,Vendor Lead Time
PRJ-003676,AST-0018903,VDI Endpoint,EOL within 24 months,2027,2027-09-28,,856.53,Not Started,Vendor Lead Time
PRJ-003677,AST-0009803,Laptop,EOL within 12 months,2027,2027-10-05,,1572.57,Not Started,Change Freeze
PRJ-003678,AST-0003436,Laptop,EOL within 24 months,2028,2028-02-13,2028-01-18,2942.81,Completed,Application Dependency
PRJ-003679,AST-0018765,VDI Endpoint,EOL within 24 months,2027,2027-04-03,,815.13,Not Started,None
PRJ-003680,AST-0017545,Desktop,EOL within 12 months,2027,2027-06-07,,1029.49,Planning,None
PRJ-003681,AST-0020409,Server,EOL within 24 months,2028,2028-08-26,,14809.33,Not Started,Budget Approval
PRJ-003682,AST-0007346,Laptop,Past EOL,2027,2027-05-26,2027-06-06,1571.25,Completed,Branch Scheduling
PRJ-003683,AST-0006602,Laptop,Past EOL,2027,2027-01-05,2027-02-01,1388.53,Completed,Vendor Lead Time
PRJ-003684,AST-0000501,Laptop,EOL within 24 months,2027,2027-05-31,,1696.94,Not Started,Security Exception
PRJ-003685,AST-0017019,Desktop,EOL within 24 months,2026,2026-06-03,,1272.49,Planning,Application Dependency
PRJ-003686,AST-0008515,Laptop,EOL within 24 months,2027,2027-12-22,,3359.95,Deferred,Security Exception
PRJ-003687,AST-0019363,VDI Endpoint,EOL within 12 months,2026,2026-10-21,,1094.75,Not Started,Security Exception
PRJ-003688,AST-0011297,Laptop,EOL within 24 months,2028,2028-06-24,,2588.51,In Progress,Branch Scheduling
PRJ-003689,AST-0013843,Laptop,Past EOL,2027,2027-12-13,,1738.29,Not Started,Change Freeze
PRJ-003690,AST-0013552,Laptop,EOL within 24 months,2027,2027-09-29,,3238.2,Not Started,Application Dependency
PRJ-003691,AST-0018132,Desktop,EOL within 12 months,2028,2028-01-14,2027-12-24,1207.72,Completed,Security Exception
PRJ-003692,AST-0011697,Laptop,EOL within 12 months,2028,2028-08-03,2028-09-19,1399.37,Completed,Application Dependency
PRJ-003693,AST-0018300,Desktop,EOL within 12 months,2028,2028-01-17,,1046.33,Not Started,Vendor Lead Time
PRJ-003694,AST-0000674,Laptop,EOL within 12 months,2027,2027-01-16,,2052.1,In Progress,Vendor Lead Time
PRJ-003695,AST-0000887,Laptop,EOL within 12 months,2028,2028-05-09,,2216.9,In Progress,Security Exception
PRJ-003696,AST-0011514,Laptop,EOL within 24 months,2027,2027-09-05,,1531.51,Deferred,Vendor Lead Time
PRJ-003697,AST-0010079,Laptop,EOL within 12 months,2027,2027-01-27,,1814.19,In Progress,Budget Approval
PRJ-003698,AST-0017430,Desktop,EOL within 24 months,2027,2027-09-13,2027-08-20,1093.47,Completed,Budget Approval
PRJ-003699,AST-0015926,Desktop,EOL within 12 months,2027,2027-05-22,2027-05-08,1237.51,Completed,Security Exception
PRJ-003700,AST-0009255,Laptop,EOL within 12 months,2026,2026-11-12,,1591.16,Planning,None
PRJ-003701,AST-0003020,Laptop,EOL within 12 months,2028,2028-03-13,,2087.99,In Progress,Branch Scheduling
PRJ-003702,AST-0014867,Desktop,EOL within 24 months,2027,2027-08-08,2027-08-22,1136.36,Completed,None
PRJ-003703,AST-0023489,Wireless Access Point,EOL within 24 months,2027,2027-03-02,,996.71,Blocked,None
PRJ-003704,AST-0012321,Laptop,Past EOL,2026,2026-10-09,,1595.89,Planning,Security Exception
PRJ-003705,AST-0022847,Router,EOL within 12 months,2027,2027-11-30,,8923.18,In Progress,Security Exception
PRJ-003706,AST-0019872,VDI Endpoint,EOL within 24 months,2028,2028-10-25,,1141.5,In Progress,Security Exception
PRJ-003707,AST-0007825,Laptop,EOL within 12 months,2028,2028-05-16,,1550.28,Deferred,Budget Approval
PRJ-003708,AST-0018113,Desktop,EOL within 12 months,2027,2027-08-13,2027-07-17,1122.36,Completed,Branch Scheduling
PRJ-003709,AST-0014744,Desktop,EOL within 12 months,2028,2028-12-04,,1173.22,Planning,Vendor Lead Time
PRJ-003710,AST-0008847,Laptop,EOL within 24 months,2027,2027-04-27,,3343.55,Planning,Budget Approval
PRJ-003711,AST-0018245,Desktop,EOL within 24 months,2027,2027-11-14,,891.26,In Progress,Branch Scheduling
PRJ-003712,AST-0016047,Desktop,EOL within 24 months,2028,2028-06-15,,1336.32,In Progress,None
PRJ-003713,AST-0013164,Laptop,EOL within 24 months,2027,2027-11-25,,1764.89,Not Started,Branch Scheduling
PRJ-003714,AST-0004605,Laptop,EOL within 24 months,2028,2028-08-31,,2831.51,Blocked,Branch Scheduling
PRJ-003715,AST-0011470,Laptop,Past EOL,2028,2028-07-10,,1634.49,Not Started,Vendor Lead Time
PRJ-003716,AST-0007317,Laptop,EOL within 24 months,2027,2027-11-20,,2585.94,In Progress,Vendor Lead Time
PRJ-003717,AST-0008623,Laptop,EOL within 24 months,2027,2027-06-09,,2038.12,Deferred,Application Dependency
PRJ-003718,AST-0010387,Laptop,EOL within 24 months,2028,2028-11-09,,2305.53,In Progress,Application Dependency
PRJ-003719,AST-0018726,VDI Endpoint,EOL within 12 months,2027,2027-04-18,,1357.43,Not Started,Budget Approval
PRJ-003720,AST-0011461,Laptop,Past EOL,2026,2026-06-04,,1749.95,In Progress,Vendor Lead Time
PRJ-003721,AST-0010154,Laptop,EOL within 12 months,2026,2026-08-02,2026-07-27,1487.92,Completed,Application Dependency
PRJ-003722,AST-0019869,VDI Endpoint,EOL within 24 months,2026,2026-06-30,,1117.71,Planning,Branch Scheduling
PRJ-003723,AST-0008318,Laptop,EOL within 12 months,2028,2028-07-10,,1996.51,Not Started,Budget Approval
PRJ-003724,AST-0010929,Laptop,EOL within 24 months,2027,2027-09-06,,3124.96,In Progress,Application Dependency
PRJ-003725,AST-0000640,Laptop,EOL within 12 months,2028,2028-10-11,,1589.19,Not Started,Security Exception
PRJ-003726,AST-0009298,Laptop,EOL within 24 months,2026,2026-09-27,,2027.23,Planning,None
PRJ-003727,AST-0000644,Laptop,EOL within 12 months,2027,2027-01-19,,1583.72,Deferred,Budget Approval
PRJ-003728,AST-0011128,Laptop,EOL within 24 months,2028,2028-06-08,,2304.26,In Progress,Branch Scheduling
PRJ-003729,AST-0021710,Access Switch,EOL within 24 months,2027,2027-01-13,,9073.43,Planning,Branch Scheduling
PRJ-003730,AST-0018618,VDI Endpoint,EOL within 12 months,2028,2028-02-11,,1077.32,In Progress,Budget Approval
PRJ-003731,AST-0020256,Server,EOL within 24 months,2026,2026-08-05,,12923.87,Not Started,Change Freeze
PRJ-003732,AST-0014741,Desktop,EOL within 24 months,2027,2027-01-13,,861.3,In Progress,Change Freeze
PRJ-003733,AST-0023119,Firewall,EOL within 24 months,2027,2027-10-03,,9901.02,Not Started,None
PRJ-003734,AST-0002475,Laptop,EOL within 24 months,2027,2027-07-30,,1533.51,Deferred,Budget Approval
PRJ-003735,AST-0010259,Laptop,Past EOL,2027,2027-07-19,,1895.96,Not Started,Change Freeze
PRJ-003736,AST-0019513,VDI Endpoint,EOL within 24 months,2026,2026-11-11,,1123.63,In Progress,Budget Approval
PRJ-003737,AST-0008807,Laptop,EOL within 24 months,2028,2028-09-14,,3323.47,Planning,Branch Scheduling
PRJ-003738,AST-0002959,Laptop,EOL within 12 months,2026,2026-07-16,,1521.18,Not Started,Security Exception
PRJ-003739,AST-0007718,Laptop,EOL within 24 months,2027,2027-04-01,2027-05-18,3756.3,Completed,Application Dependency
PRJ-003740,AST-0019749,VDI Endpoint,EOL within 24 months,2026,2026-09-27,2026-12-03,1175.39,Completed,Vendor Lead Time
PRJ-003741,AST-0014804,Desktop,EOL within 24 months,2028,2028-11-10,2029-01-27,986.06,Completed,Change Freeze
PRJ-003742,AST-0009976,Laptop,EOL within 24 months,2027,2027-05-08,,1944.59,Not Started,Application Dependency
PRJ-003743,AST-0019541,VDI Endpoint,EOL within 12 months,2028,2028-02-25,,1341.61,Not Started,Change Freeze
PRJ-003744,AST-0013265,Laptop,EOL within 12 months,2027,2027-01-29,2027-02-19,2004.65,Completed,Budget Approval
PRJ-003745,AST-0016783,Desktop,EOL within 12 months,2028,2028-09-11,,1370.63,Deferred,None
PRJ-003746,AST-0018074,Desktop,EOL within 12 months,2027,2027-01-10,,1112.05,Planning,None
PRJ-003747,AST-0000264,Laptop,EOL within 24 months,2027,2027-09-01,,2061.82,Not Started,None
PRJ-003748,AST-0000493,Laptop,EOL within 24 months,2027,2027-11-28,,2015.71,Planning,Branch Scheduling
PRJ-003749,AST-0022357,Access Switch,EOL within 24 months,2027,2027-07-19,,5190.04,Planning,None
PRJ-003750,AST-0010216,Laptop,EOL within 12 months,2027,2027-03-10,,2146.94,Deferred,Application Dependency
PRJ-003751,AST-0003120,Laptop,EOL within 12 months,2028,2028-08-01,,1919.44,Not Started,Branch Scheduling
PRJ-003752,AST-0004606,Laptop,Past EOL,2027,2027-08-31,,1358.22,Not Started,Branch Scheduling
PRJ-003753,AST-0017592,Desktop,EOL within 12 months,2028,2028-10-05,,1112.03,Not Started,Security Exception
PRJ-003754,AST-0001385,Laptop,Past EOL,2028,2028-07-28,,1502.7,In Progress,None
PRJ-003755,AST-0002719,Laptop,EOL within 24 months,2028,2028-12-28,2028-12-22,1695.97,Completed,Vendor Lead Time
PRJ-003756,AST-0005828,Laptop,EOL within 24 months,2026,2026-12-11,,2022.87,Not Started,Budget Approval
PRJ-003757,AST-0008355,Laptop,Past EOL,2027,2027-08-10,,1536.82,Not Started,Branch Scheduling
PRJ-003758,AST-0011362,Laptop,Past EOL,2028,2028-01-28,,1704.52,Blocked,Vendor Lead Time
PRJ-003759,AST-0007175,Laptop,EOL within 12 months,2027,2027-03-04,,1701.04,In Progress,Change Freeze
PRJ-003760,AST-0001550,Laptop,EOL within 12 months,2028,2028-02-10,,1780.2,Blocked,Security Exception
PRJ-003761,AST-0008726,Laptop,EOL within 24 months,2027,2027-10-22,,2636.7,Not Started,None
PRJ-003762,AST-0014713,Desktop,EOL within 24 months,2028,2028-07-13,,1214.07,Not Started,None
PRJ-003763,AST-0000035,Laptop,Past EOL,2026,2026-06-19,,1497.41,In Progress,Security Exception
PRJ-003764,AST-0009844,Laptop,Past EOL,2027,2027-09-22,,1466.8,Planning,Application Dependency
PRJ-003765,AST-0014819,Desktop,EOL within 24 months,2027,2027-05-23,,1147.25,Not Started,Budget Approval
PRJ-003766,AST-0009894,Laptop,EOL within 12 months,2026,2026-07-02,,2221.69,In Progress,Vendor Lead Time
PRJ-003767,AST-0000739,Laptop,EOL within 24 months,2027,2027-02-14,,3077.18,In Progress,Security Exception
PRJ-003768,AST-0014608,Desktop,EOL within 12 months,2028,2028-05-18,,1345.22,In Progress,Application Dependency
PRJ-003769,AST-0022951,Router,EOL within 12 months,2027,2027-06-03,,8770.41,In Progress,Budget Approval
PRJ-003770,AST-0014101,Desktop,EOL within 24 months,2027,2027-01-07,,1236.1,Not Started,Application Dependency
PRJ-003771,AST-0013654,Laptop,EOL within 12 months,2027,2027-08-11,,1907.36,Planning,Vendor Lead Time
PRJ-003772,AST-0014258,Desktop,EOL within 12 months,2028,2028-05-10,,1327.85,Not Started,None
PRJ-003773,AST-0000812,Laptop,EOL within 12 months,2027,2027-09-20,,2059.21,Not Started,Vendor Lead Time
PRJ-003774,AST-0009901,Laptop,EOL within 12 months,2027,2027-01-21,2027-03-04,1723.54,Completed,Change Freeze
PRJ-003775,AST-0000829,Laptop,EOL within 24 months,2028,2028-07-06,,3154.53,Not Started,Vendor Lead Time
PRJ-003776,AST-0016640,Desktop,EOL within 12 months,2028,2028-08-15,,1244.63,Not Started,Application Dependency
PRJ-003777,AST-0015764,Desktop,EOL within 12 months,2027,2027-02-26,,1084.19,Not Started,Branch Scheduling
PRJ-003778,AST-0017132,Desktop,EOL within 12 months,2027,2027-08-31,,946.07,Not Started,Change Freeze
PRJ-003779,AST-0009427,Laptop,EOL within 24 months,2026,2026-11-08,,2108.41,Not Started,Branch Scheduling
PRJ-003780,AST-0015082,Desktop,EOL within 24 months,2027,2027-01-10,,1126.09,In Progress,Security Exception
PRJ-003781,AST-0007981,Laptop,EOL within 12 months,2027,2027-04-14,,1802.12,Planning,None
PRJ-003782,AST-0002194,Laptop,EOL within 24 months,2028,2028-08-03,,2681.56,In Progress,None
PRJ-003783,AST-0015534,Desktop,EOL within 12 months,2028,2028-11-13,,1326.21,Planning,Application Dependency
PRJ-003784,AST-0006997,Laptop,EOL within 24 months,2028,2028-08-01,,2147.51,Planning,Change Freeze
PRJ-003785,AST-0008055,Laptop,EOL within 24 months,2028,2028-05-05,2028-05-10,1732.59,Completed,Change Freeze
PRJ-003786,AST-0012157,Laptop,Past EOL,2028,2028-04-26,,1749.67,In Progress,Vendor Lead Time
PRJ-003787,AST-0009792,Laptop,EOL within 24 months,2028,2028-04-06,,2009.07,Blocked,None
PRJ-003788,AST-0013678,Laptop,Past EOL,2027,2027-03-14,,1726.46,Planning,Security Exception
PRJ-003789,AST-0016982,Desktop,EOL within 24 months,2026,2026-07-02,,982.89,Blocked,Change Freeze
PRJ-003790,AST-0010433,Laptop,Past EOL,2028,2028-06-27,,1738.25,Deferred,Vendor Lead Time
PRJ-003791,AST-0021613,Access Switch,EOL within 24 months,2028,2028-07-09,,6491.96,Planning,Application Dependency
PRJ-003792,AST-0004641,Laptop,EOL within 24 months,2028,2028-03-15,,1878.12,Planning,Branch Scheduling
PRJ-003793,AST-0022896,Router,EOL within 12 months,2027,2027-06-12,,14371.98,Not Started,Budget Approval
PRJ-003794,AST-0008319,Laptop,EOL within 24 months,2026,2026-07-20,,2102.98,Not Started,Branch Scheduling
PRJ-003795,AST-0007462,Laptop,EOL within 12 months,2027,2027-03-19,,2030.17,Blocked,Change Freeze
PRJ-003796,AST-0014806,Desktop,EOL within 12 months,2027,2027-10-21,2027-10-09,1180.89,Completed,Branch Scheduling
PRJ-003797,AST-0020645,Server,EOL within 24 months,2027,2027-10-28,2027-12-12,13282.73,Completed,Branch Scheduling
PRJ-003798,AST-0002368,Laptop,EOL within 24 months,2028,2028-11-09,,2149.9,Blocked,None
PRJ-003799,AST-0014735,Desktop,EOL within 12 months,2027,2027-09-28,,1000.92,Planning,Security Exception
PRJ-003800,AST-0007941,Laptop,Past EOL,2026,2026-09-06,,1813.29,Planning,Security Exception
PRJ-003801,AST-0007594,Laptop,Past EOL,2028,2028-12-05,,2015.31,Not Started,Application Dependency
PRJ-003802,AST-0018390,Desktop,EOL within 12 months,2026,2026-06-04,2026-07-11,965.05,Completed,Change Freeze
PRJ-003803,AST-0001978,Laptop,EOL within 24 months,2027,2027-12-26,2027-11-29,2165.48,Completed,Change Freeze
PRJ-003804,AST-0007165,Laptop,Past EOL,2026,2026-11-18,,1580.42,In Progress,Vendor Lead Time
PRJ-003805,AST-0007172,Laptop,EOL within 24 months,2026,2026-06-22,,2252.85,Not Started,Application Dependency
PRJ-003806,AST-0016761,Desktop,EOL within 12 months,2026,2026-06-14,,1163.32,Planning,Budget Approval
PRJ-003807,AST-0020331,Server,EOL within 24 months,2028,2028-01-18,2028-01-17,12966.76,Completed,Security Exception
PRJ-003808,AST-0023782,Wireless Access Point,EOL within 12 months,2027,2027-12-03,2027-11-08,1076.03,Completed,Branch Scheduling
PRJ-003809,AST-0018763,VDI Endpoint,EOL within 24 months,2028,2028-04-23,,1159.21,Not Started,Branch Scheduling
PRJ-003810,AST-0000520,Laptop,Past EOL,2027,2027-10-23,,1604.25,Not Started,Branch Scheduling
PRJ-003811,AST-0007752,Laptop,EOL within 12 months,2027,2027-05-10,,2015.45,Deferred,None
PRJ-003812,AST-0013453,Laptop,EOL within 24 months,2027,2027-02-03,,2310.13,Not Started,Branch Scheduling
PRJ-003813,AST-0017362,Desktop,EOL within 12 months,2028,2028-01-09,2028-01-02,1162.84,Completed,Vendor Lead Time
PRJ-003814,AST-0010369,Laptop,EOL within 24 months,2028,2028-08-06,,2416.53,Not Started,Security Exception
PRJ-003815,AST-0016227,Desktop,EOL within 12 months,2028,2028-06-24,,1165.7,In Progress,Vendor Lead Time
PRJ-003816,AST-0018733,VDI Endpoint,EOL within 24 months,2026,2026-11-23,,1083.01,Not Started,Security Exception
PRJ-003817,AST-0019696,VDI Endpoint,EOL within 24 months,2026,2026-10-08,,887.6,Planning,None
PRJ-003818,AST-0002522,Laptop,EOL within 12 months,2027,2027-03-24,,1913.21,Planning,Application Dependency
PRJ-003819,AST-0007625,Laptop,Past EOL,2026,2026-06-05,2026-05-29,1660.88,Completed,Application Dependency
PRJ-003820,AST-0018517,VDI Endpoint,EOL within 24 months,2027,2027-01-21,,1079.55,In Progress,Branch Scheduling
PRJ-003821,AST-0018857,VDI Endpoint,EOL within 12 months,2028,2028-09-04,,1084.13,In Progress,Change Freeze
PRJ-003822,AST-0004478,Laptop,Past EOL,2028,2028-07-26,2028-08-29,1827.42,Completed,Budget Approval
PRJ-003823,AST-0022762,Core Switch,EOL within 24 months,2028,2028-06-02,2028-06-11,24705.59,Completed,Vendor Lead Time
PRJ-003824,AST-0008744,Laptop,EOL within 24 months,2027,2027-01-24,,2873.71,Not Started,Application Dependency
PRJ-003825,AST-0004337,Laptop,EOL within 12 months,2027,2027-08-24,,1809.46,Planning,Application Dependency
PRJ-003826,AST-0001914,Laptop,Past EOL,2028,2028-11-21,,1794.3,Planning,Vendor Lead Time
PRJ-003827,AST-0009285,Laptop,EOL within 24 months,2027,2027-07-22,,2031.48,Planning,None
PRJ-003828,AST-0007321,Laptop,EOL within 24 months,2027,2027-04-04,,1942.06,Planning,Branch Scheduling
PRJ-003829,AST-0014998,Desktop,EOL within 12 months,2028,2028-12-18,,1311.05,In Progress,None
PRJ-003830,AST-0019618,VDI Endpoint,EOL within 24 months,2026,2026-11-16,,1018.27,Planning,Security Exception
PRJ-003831,AST-0021914,Access Switch,EOL within 24 months,2028,2028-10-28,,8614.19,Planning,Budget Approval
PRJ-003832,AST-0018575,VDI Endpoint,EOL within 24 months,2028,2028-08-09,,1167.74,In Progress,Application Dependency
PRJ-003833,AST-0009533,Laptop,Past EOL,2027,2027-08-01,,1468.25,Planning,Application Dependency
PRJ-003834,AST-0004567,Laptop,EOL within 24 months,2027,2027-10-06,,2396.26,Planning,Application Dependency
PRJ-003835,AST-0017201,Desktop,EOL within 24 months,2028,2028-07-08,,952.29,Planning,Branch Scheduling
PRJ-003836,AST-0011308,Laptop,EOL within 12 months,2027,2027-10-03,,1645.39,In Progress,Vendor Lead Time
PRJ-003837,AST-0014637,Desktop,EOL within 24 months,2026,2026-12-03,,1064.08,Planning,None
PRJ-003838,AST-0008469,Laptop,Past EOL,2028,2028-03-06,,1370.29,Blocked,Branch Scheduling
PRJ-003839,AST-0007728,Laptop,EOL within 24 months,2027,2027-10-13,,3067.48,Not Started,Change Freeze
PRJ-003840,AST-0007405,Laptop,EOL within 12 months,2028,2028-08-21,2028-10-18,1861.58,Completed,Budget Approval
PRJ-003841,AST-0016396,Desktop,EOL within 12 months,2028,2028-11-18,,945.0,In Progress,Security Exception
PRJ-003842,AST-0004674,Laptop,Past EOL,2027,2027-02-10,,1831.97,Deferred,Application Dependency
PRJ-003843,AST-0004369,Laptop,Past EOL,2027,2027-09-03,,1696.28,Planning,None
PRJ-003844,AST-0011907,Laptop,Past EOL,2028,2028-04-26,,1467.42,Planning,Budget Approval
PRJ-003845,AST-0016057,Desktop,EOL within 12 months,2027,2027-01-13,2026-12-28,1322.49,Completed,Budget Approval
PRJ-003846,AST-0016477,Desktop,EOL within 12 months,2027,2027-12-21,,1266.29,Deferred,None
PRJ-003847,AST-0005934,Laptop,EOL within 12 months,2026,2026-07-13,,1677.28,In Progress,Branch Scheduling
PRJ-003848,AST-0008503,Laptop,Past EOL,2027,2027-10-30,2027-10-16,1932.95,Completed,Change Freeze
PRJ-003849,AST-0013521,Laptop,Past EOL,2027,2027-09-27,,1507.16,Planning,Change Freeze
PRJ-003850,AST-0014825,Desktop,EOL within 24 months,2028,2028-09-03,,1281.18,Not Started,Vendor Lead Time
PRJ-003851,AST-0018490,Desktop,EOL within 12 months,2026,2026-12-06,,1036.76,Planning,Vendor Lead Time
PRJ-003852,AST-0004934,Laptop,EOL within 24 months,2028,2028-03-08,,2076.26,In Progress,None
PRJ-003853,AST-0019426,VDI Endpoint,EOL within 12 months,2027,2027-04-05,,1327.09,Blocked,None
PRJ-003854,AST-0005817,Laptop,EOL within 24 months,2028,2028-01-04,2028-03-17,1697.35,Completed,Budget Approval
PRJ-003855,AST-0023607,Wireless Access Point,EOL within 12 months,2027,2027-02-28,,961.04,In Progress,None
PRJ-003856,AST-0021612,Access Switch,EOL within 24 months,2027,2027-07-29,,6683.96,Not Started,Branch Scheduling
PRJ-003857,AST-0007812,Laptop,EOL within 12 months,2027,2027-10-31,,2034.36,In Progress,Application Dependency
PRJ-003858,AST-0008797,Laptop,EOL within 24 months,2027,2027-04-13,,1789.38,Planning,None
PRJ-003859,AST-0012752,Laptop,EOL within 12 months,2028,2028-01-28,,1849.22,Not Started,Branch Scheduling
PRJ-003860,AST-0016109,Desktop,EOL within 24 months,2026,2026-11-29,2027-02-20,1097.7,Completed,None
PRJ-003861,AST-0001981,Laptop,EOL within 12 months,2027,2027-04-12,,1976.71,In Progress,Budget Approval
PRJ-003862,AST-0021272,Server,EOL within 24 months,2028,2028-12-12,,10391.61,Planning,Application Dependency
PRJ-003863,AST-0020957,Server,EOL within 24 months,2026,2026-12-29,,10743.18,Planning,Security Exception
PRJ-003864,AST-0015479,Desktop,EOL within 12 months,2027,2027-05-10,2027-07-15,1261.73,Completed,Security Exception
PRJ-003865,AST-0002403,Laptop,EOL within 24 months,2027,2027-03-13,,1505.09,Planning,Application Dependency
PRJ-003866,AST-0011773,Laptop,Past EOL,2028,2028-03-22,,1869.81,In Progress,Vendor Lead Time
PRJ-003867,AST-0011839,Laptop,EOL within 24 months,2028,2028-01-28,,2371.47,Planning,Change Freeze
PRJ-003868,AST-0003225,Laptop,Past EOL,2027,2027-07-02,,1363.95,Deferred,Budget Approval
PRJ-003869,AST-0004049,Laptop,EOL within 24 months,2028,2028-10-01,,3628.8,Planning,Application Dependency
PRJ-003870,AST-0014571,Desktop,EOL within 24 months,2026,2026-06-17,,1228.41,In Progress,Branch Scheduling
PRJ-003871,AST-0016301,Desktop,EOL within 12 months,2026,2026-12-19,2027-02-24,1105.26,Completed,None
PRJ-003872,AST-0019242,VDI Endpoint,EOL within 24 months,2026,2026-10-21,,965.8,Deferred,Change Freeze
PRJ-003873,AST-0010982,Laptop,EOL within 24 months,2028,2028-08-04,,1864.19,In Progress,None
PRJ-003874,AST-0000568,Laptop,EOL within 12 months,2027,2027-10-22,,2070.42,Not Started,Vendor Lead Time
PRJ-003875,AST-0010632,Laptop,EOL within 12 months,2027,2027-05-06,,2106.42,Planning,Branch Scheduling
PRJ-003876,AST-0023222,Wireless Access Point,EOL within 24 months,2026,2026-12-29,,1246.86,Planning,Change Freeze
PRJ-003877,AST-0015708,Desktop,EOL within 24 months,2028,2028-04-27,,1344.83,Not Started,Budget Approval
PRJ-003878,AST-0015264,Desktop,EOL within 12 months,2027,2027-12-23,,1165.04,Planning,Branch Scheduling
PRJ-003879,AST-0008952,Laptop,EOL within 12 months,2027,2027-03-26,,1923.68,Planning,Vendor Lead Time
PRJ-003880,AST-0012630,Laptop,Past EOL,2027,2027-03-20,,1592.58,Planning,Vendor Lead Time
PRJ-003881,AST-0006000,Laptop,EOL within 12 months,2027,2027-08-30,,1900.71,Deferred,Branch Scheduling
PRJ-003882,AST-0001435,Laptop,EOL within 24 months,2028,2028-07-14,,2083.44,In Progress,Budget Approval
PRJ-003883,AST-0014283,Desktop,EOL within 24 months,2026,2026-10-20,,1175.44,In Progress,None
PRJ-003884,AST-0006676,Laptop,EOL within 24 months,2029,2029-01-05,,2921.36,Blocked,Budget Approval
PRJ-003885,AST-0005350,Laptop,Past EOL,2028,2028-12-13,,1544.48,In Progress,Vendor Lead Time
PRJ-003886,AST-0000252,Laptop,EOL within 24 months,2028,2028-06-24,,1991.51,Planning,Branch Scheduling
PRJ-003887,AST-0009181,Laptop,EOL within 24 months,2026,2026-07-12,,1698.75,Not Started,Vendor Lead Time
PRJ-003888,AST-0014121,Desktop,EOL within 24 months,2028,2028-02-02,,1252.72,Deferred,Security Exception
PRJ-003889,AST-0012555,Laptop,Past EOL,2028,2028-12-21,,1432.83,In Progress,Branch Scheduling
PRJ-003890,AST-0023593,Wireless Access Point,EOL within 24 months,2026,2026-12-23,,1528.46,Planning,Security Exception
PRJ-003891,AST-0021103,Server,EOL within 24 months,2027,2027-11-24,,15949.92,Not Started,Security Exception
PRJ-003892,AST-0004959,Laptop,EOL within 12 months,2028,2028-11-04,2029-01-27,1578.29,Completed,Branch Scheduling
PRJ-003893,AST-0007350,Laptop,Past EOL,2028,2028-05-18,,1592.76,In Progress,Vendor Lead Time
PRJ-003894,AST-0005136,Laptop,Past EOL,2028,2028-04-14,,1629.87,In Progress,Budget Approval
PRJ-003895,AST-0023159,Firewall,EOL within 12 months,2028,2028-06-26,,19719.29,In Progress,None
PRJ-003896,AST-0008835,Laptop,EOL within 24 months,2028,2028-11-01,,2051.64,Blocked,Branch Scheduling
PRJ-003897,AST-0001576,Laptop,Past EOL,2027,2027-01-25,,1817.75,Deferred,Vendor Lead Time
PRJ-003898,AST-0020589,Server,EOL within 24 months,2026,2026-06-21,,14409.5,Not Started,Budget Approval
PRJ-003899,AST-0009860,Laptop,Past EOL,2028,2028-06-15,2028-08-15,1604.23,Completed,Branch Scheduling
PRJ-003900,AST-0018973,VDI Endpoint,EOL within 12 months,2027,2027-05-17,,1040.85,Not Started,None
PRJ-003901,AST-0006984,Laptop,EOL within 24 months,2028,2028-10-13,,3121.69,Planning,Vendor Lead Time
PRJ-003902,AST-0012629,Laptop,EOL within 24 months,2027,2027-08-12,,2216.75,In Progress,Security Exception
PRJ-003903,AST-0017203,Desktop,EOL within 12 months,2027,2027-01-05,,1285.93,Planning,Branch Scheduling
PRJ-003904,AST-0001040,Laptop,EOL within 24 months,2028,2028-05-02,,1886.12,Not Started,Security Exception
PRJ-003905,AST-0017178,Desktop,EOL within 12 months,2028,2028-07-13,,1408.74,Planning,Vendor Lead Time
PRJ-003906,AST-0016324,Desktop,EOL within 24 months,2026,2026-09-15,2026-08-23,1133.24,Completed,Budget Approval
PRJ-003907,AST-0023499,Wireless Access Point,EOL within 24 months,2026,2026-08-22,,1427.22,Blocked,None
PRJ-003908,AST-0023384,Wireless Access Point,EOL within 12 months,2026,2026-10-25,,1003.95,In Progress,None
PRJ-003909,AST-0004027,Laptop,Past EOL,2026,2026-11-27,,1989.55,In Progress,Vendor Lead Time
PRJ-003910,AST-0022004,Access Switch,EOL within 24 months,2028,2028-08-09,,7992.35,In Progress,Budget Approval
PRJ-003911,AST-0017924,Desktop,EOL within 12 months,2028,2028-01-19,,1209.85,Deferred,Security Exception
PRJ-003912,AST-0001902,Laptop,EOL within 24 months,2028,2028-02-22,2028-03-07,2473.32,Completed,None
PRJ-003913,AST-0015814,Desktop,EOL within 12 months,2027,2027-02-26,,1144.92,Deferred,Security Exception
PRJ-003914,AST-0012945,Laptop,EOL within 12 months,2028,2028-05-27,,1762.44,Planning,Security Exception
PRJ-003915,AST-0005896,Laptop,Past EOL,2028,2028-06-01,,1378.92,In Progress,Security Exception
PRJ-003916,AST-0023397,Wireless Access Point,EOL within 12 months,2027,2027-04-17,,917.4,Not Started,Branch Scheduling
PRJ-003917,AST-0015258,Desktop,EOL within 24 months,2028,2028-06-24,,1008.6,Not Started,None
PRJ-003918,AST-0018389,Desktop,EOL within 24 months,2028,2028-08-29,,902.35,Planning,Branch Scheduling
PRJ-003919,AST-0017964,Desktop,EOL within 12 months,2028,2028-08-10,2028-08-17,1324.35,Completed,Application Dependency
PRJ-003920,AST-0005968,Laptop,EOL within 24 months,2027,2027-10-04,,1748.17,Not Started,Budget Approval
PRJ-003921,AST-0019814,VDI Endpoint,EOL within 12 months,2028,2028-09-10,,1282.08,Planning,Change Freeze
PRJ-003922,AST-0006825,Laptop,EOL within 12 months,2028,2028-02-06,,1460.26,Planning,Branch Scheduling
PRJ-003923,AST-0008857,Laptop,EOL within 24 months,2027,2027-08-17,,1848.86,Blocked,Change Freeze
PRJ-003924,AST-0002291,Laptop,Past EOL,2028,2028-06-06,,1866.14,Not Started,None
PRJ-003925,AST-0017748,Desktop,EOL within 24 months,2026,2026-08-27,,1225.56,Planning,Budget Approval
PRJ-003926,AST-0000842,Laptop,EOL within 24 months,2026,2026-11-29,,1956.03,Planning,Vendor Lead Time
PRJ-003927,AST-0008853,Laptop,EOL within 24 months,2026,2026-07-28,,2581.07,Deferred,Branch Scheduling
PRJ-003928,AST-0018731,VDI Endpoint,EOL within 24 months,2027,2027-09-13,,1094.7,Not Started,Application Dependency
PRJ-003929,AST-0009001,Laptop,EOL within 24 months,2027,2027-01-08,,3838.03,In Progress,Change Freeze
PRJ-003930,AST-0008628,Laptop,EOL within 24 months,2027,2027-05-21,2027-08-17,2493.42,Completed,Security Exception
PRJ-003931,AST-0018858,VDI Endpoint,EOL within 12 months,2028,2028-12-08,,1251.76,Deferred,Vendor Lead Time
PRJ-003932,AST-0009088,Laptop,Past EOL,2027,2027-03-04,,1841.3,In Progress,Branch Scheduling
PRJ-003933,AST-0015891,Desktop,EOL within 24 months,2026,2026-11-21,,1239.21,In Progress,Branch Scheduling
PRJ-003934,AST-0018805,VDI Endpoint,EOL within 12 months,2026,2026-07-03,,1474.05,Not Started,Budget Approval
PRJ-003935,AST-0015132,Desktop,EOL within 24 months,2028,2028-02-10,2028-03-14,1167.2,Completed,Application Dependency
PRJ-003936,AST-0010910,Laptop,EOL within 12 months,2027,2027-10-15,,1636.57,Planning,None
PRJ-003937,AST-0014897,Desktop,EOL within 12 months,2026,2026-11-09,,1378.15,In Progress,Budget Approval
PRJ-003938,AST-0007949,Laptop,Past EOL,2027,2027-04-13,2027-03-30,1488.5,Completed,Application Dependency
PRJ-003939,AST-0012501,Laptop,EOL within 24 months,2027,2027-04-20,,1700.31,Planning,Budget Approval
PRJ-003940,AST-0001432,Laptop,EOL within 12 months,2027,2027-08-19,,1921.9,Not Started,Branch Scheduling
PRJ-003941,AST-0011666,Laptop,EOL within 12 months,2028,2028-12-11,,1697.67,In Progress,Branch Scheduling
PRJ-003942,AST-0010538,Laptop,EOL within 12 months,2026,2026-12-07,,1904.87,Planning,Vendor Lead Time
PRJ-003943,AST-0003762,Laptop,EOL within 12 months,2027,2027-10-31,,1650.33,Planning,Change Freeze
PRJ-003944,AST-0017806,Desktop,EOL within 12 months,2027,2027-02-12,2027-01-13,1096.98,Completed,Vendor Lead Time
PRJ-003945,AST-0003010,Laptop,EOL within 24 months,2026,2026-09-10,2026-11-02,3579.92,Completed,Budget Approval
PRJ-003946,AST-0011371,Laptop,Past EOL,2027,2027-11-05,2027-10-17,1592.95,Completed,Change Freeze
PRJ-003947,AST-0021252,Server,EOL within 24 months,2026,2026-12-04,,12730.98,In Progress,Branch Scheduling
PRJ-003948,AST-0013884,Laptop,EOL within 12 months,2026,2026-09-16,,2208.03,Not Started,Security Exception
PRJ-003949,AST-0007794,Laptop,Past EOL,2027,2027-06-17,,1367.22,Planning,Branch Scheduling
PRJ-003950,AST-0015364,Desktop,EOL within 12 months,2027,2027-07-18,,1332.8,Planning,None
PRJ-003951,AST-0014913,Desktop,EOL within 24 months,2026,2026-07-09,,981.93,Not Started,Application Dependency
PRJ-003952,AST-0007710,Laptop,Past EOL,2028,2028-06-02,,1558.48,Not Started,None
PRJ-003953,AST-0003209,Laptop,Past EOL,2028,2028-05-07,2028-06-23,1885.85,Completed,Branch Scheduling
PRJ-003954,AST-0016342,Desktop,EOL within 24 months,2028,2028-08-29,,1221.41,Not Started,Vendor Lead Time
PRJ-003955,AST-0012292,Laptop,Past EOL,2028,2028-03-23,,1919.04,Planning,Budget Approval
PRJ-003956,AST-0016268,Desktop,EOL within 12 months,2027,2027-02-08,,1381.62,Planning,Vendor Lead Time
PRJ-003957,AST-0009363,Laptop,EOL within 24 months,2027,2027-04-12,,1547.97,Planning,Application Dependency
PRJ-003958,AST-0015060,Desktop,EOL within 12 months,2028,2028-05-15,2028-08-01,1108.2,Completed,Vendor Lead Time
PRJ-003959,AST-0017194,Desktop,EOL within 24 months,2028,2028-05-02,,935.96,In Progress,Application Dependency
PRJ-003960,AST-0017238,Desktop,EOL within 24 months,2027,2027-06-24,2027-05-31,971.37,Completed,Security Exception
PRJ-003961,AST-0005625,Laptop,Past EOL,2027,2027-07-02,,1414.43,Planning,Change Freeze
PRJ-003962,AST-0008182,Laptop,Past EOL,2027,2027-06-29,2027-07-13,1403.59,Completed,Change Freeze
PRJ-003963,AST-0011708,Laptop,Past EOL,2027,2027-11-19,,1551.49,Not Started,Budget Approval
PRJ-003964,AST-0007873,Laptop,Past EOL,2026,2026-12-21,,1431.72,Not Started,Budget Approval
PRJ-003965,AST-0010888,Laptop,EOL within 24 months,2028,2028-07-29,,1664.66,Not Started,Security Exception
PRJ-003966,AST-0007588,Laptop,EOL within 12 months,2027,2027-12-22,,1513.0,Planning,Application Dependency
PRJ-003967,AST-0018722,VDI Endpoint,EOL within 24 months,2027,2027-02-27,,1001.3,In Progress,Change Freeze
PRJ-003968,AST-0003343,Laptop,Past EOL,2027,2027-03-23,,1386.03,Planning,None
PRJ-003969,AST-0013210,Laptop,Past EOL,2026,2026-11-11,,1812.66,In Progress,Application Dependency
PRJ-003970,AST-0002076,Laptop,EOL within 12 months,2028,2028-07-11,,1682.63,Not Started,Security Exception
PRJ-003971,AST-0010518,Laptop,Past EOL,2027,2027-06-07,,1351.95,Planning,Application Dependency
PRJ-003972,AST-0002474,Laptop,EOL within 12 months,2027,2027-12-20,2028-01-10,1518.85,Completed,Application Dependency
PRJ-003973,AST-0003805,Laptop,Past EOL,2028,2028-09-06,,1989.73,Planning,Change Freeze
PRJ-003974,AST-0004989,Laptop,Past EOL,2028,2028-08-03,,1664.44,Planning,Security Exception
PRJ-003975,AST-0018364,Desktop,EOL within 24 months,2027,2027-11-24,2028-02-14,1331.91,Completed,Security Exception
PRJ-003976,AST-0010621,Laptop,EOL within 12 months,2026,2026-06-11,,1644.98,In Progress,None
PRJ-003977,AST-0019672,VDI Endpoint,EOL within 24 months,2028,2028-07-30,,818.95,Planning,Security Exception
PRJ-003978,AST-0015158,Desktop,EOL within 24 months,2028,2028-12-18,,963.86,Not Started,Branch Scheduling
PRJ-003979,AST-0019299,VDI Endpoint,EOL within 12 months,2026,2026-08-15,,1052.6,Blocked,Application Dependency
PRJ-003980,AST-0009264,Laptop,Past EOL,2028,2028-08-18,,1706.61,Not Started,Budget Approval
PRJ-003981,AST-0012795,Laptop,Past EOL,2028,2028-10-18,2028-12-06,1549.04,Completed,Budget Approval
PRJ-003982,AST-0015782,Desktop,EOL within 12 months,2028,2028-09-22,,1352.87,Planning,Application Dependency
PRJ-003983,AST-0017382,Desktop,EOL within 12 months,2027,2027-10-06,,982.42,In Progress,Vendor Lead Time
PRJ-003984,AST-0010895,Laptop,Past EOL,2027,2027-01-31,2027-04-22,1922.08,Completed,Branch Scheduling
PRJ-003985,AST-0013473,Laptop,EOL within 12 months,2028,2028-08-12,,1663.9,In Progress,Application Dependency
PRJ-003986,AST-0022347,Access Switch,EOL within 24 months,2027,2027-03-12,2027-05-27,6621.08,Completed,Change Freeze
PRJ-003987,AST-0012551,Laptop,EOL within 24 months,2027,2027-06-10,,2002.68,In Progress,Budget Approval
PRJ-003988,AST-0017078,Desktop,EOL within 24 months,2027,2027-06-29,,1071.6,Not Started,Change Freeze
PRJ-003989,AST-0023598,Wireless Access Point,EOL within 24 months,2028,2028-01-04,,1342.7,Deferred,Budget Approval
PRJ-003990,AST-0002252,Laptop,Past EOL,2028,2028-06-29,,1717.86,Not Started,Budget Approval
PRJ-003991,AST-0016720,Desktop,EOL within 12 months,2027,2027-05-29,,1027.65,Not Started,Application Dependency
PRJ-003992,AST-0010294,Laptop,Past EOL,2026,2026-11-01,2026-11-07,2021.9,Completed,Budget Approval
PRJ-003993,AST-0014502,Desktop,EOL within 12 months,2026,2026-11-04,2026-12-22,1319.14,Completed,Change Freeze
PRJ-003994,AST-0012939,Laptop,EOL within 24 months,2027,2027-01-26,,1855.99,Not Started,Branch Scheduling
PRJ-003995,AST-0002942,Laptop,Past EOL,2026,2026-08-21,,1762.63,Not Started,Application Dependency
PRJ-003996,AST-0012974,Laptop,Past EOL,2026,2026-07-11,,1710.51,Deferred,None
PRJ-003997,AST-0003449,Laptop,EOL within 24 months,2026,2026-07-27,2026-09-01,2495.51,Completed,Vendor Lead Time
PRJ-003998,AST-0020196,Server,EOL within 24 months,2027,2027-03-14,,14718.38,Planning,Application Dependency
PRJ-003999,AST-0017902,Desktop,EOL within 24 months,2028,2028-05-30,,1022.92,In Progress,Change Freeze
PRJ-004000,AST-0005147,Laptop,Past EOL,2026,2026-12-19,,1328.55,Not Started,Vendor Lead Time
PRJ-004001,AST-0003712,Laptop,EOL within 12 months,2028,2028-10-04,,1974.85,Planning,Vendor Lead Time
PRJ-004002,AST-0001406,Laptop,Past EOL,2027,2027-12-20,,1882.17,Not Started,Application Dependency
PRJ-004003,AST-0004281,Laptop,EOL within 12 months,2026,2026-10-09,,1518.23,Not Started,Branch Scheduling
PRJ-004004,AST-0009941,Laptop,EOL within 12 months,2028,2028-08-11,,1476.92,Blocked,None
PRJ-004005,AST-0007719,Laptop,EOL within 12 months,2027,2027-11-05,,1851.51,Planning,Budget Approval
PRJ-004006,AST-0009906,Laptop,EOL within 24 months,2026,2026-09-24,,2357.17,Planning,Branch Scheduling
PRJ-004007,AST-0003361,Laptop,Past EOL,2028,2028-03-27,,1417.08,Not Started,None
PRJ-004008,AST-0000530,Laptop,Past EOL,2028,2028-06-18,,1695.48,In Progress,Change Freeze
PRJ-004009,AST-0022932,Router,EOL within 12 months,2028,2028-05-20,,8701.41,Planning,Application Dependency
PRJ-004010,AST-0017492,Desktop,EOL within 12 months,2028,2028-04-24,,1209.57,Not Started,Application Dependency
PRJ-004011,AST-0004926,Laptop,Past EOL,2027,2027-10-06,,1739.33,Planning,Change Freeze
PRJ-004012,AST-0006181,Laptop,EOL within 24 months,2027,2027-04-19,,3566.61,Planning,Vendor Lead Time
PRJ-004013,AST-0001471,Laptop,EOL within 24 months,2028,2028-08-14,,1498.7,Planning,Branch Scheduling
PRJ-004014,AST-0009547,Laptop,EOL within 24 months,2026,2026-12-02,,2690.29,Not Started,Security Exception
PRJ-004015,AST-0012117,Laptop,Past EOL,2027,2027-07-30,,1430.06,Planning,None
PRJ-004016,AST-0010131,Laptop,EOL within 12 months,2027,2027-01-30,,1553.37,In Progress,Branch Scheduling
PRJ-004017,AST-0009701,Laptop,EOL within 12 months,2026,2026-10-14,,1606.38,Not Started,None
PRJ-004018,AST-0017276,Desktop,EOL within 24 months,2027,2027-09-07,,898.82,Deferred,Vendor Lead Time
PRJ-004019,AST-0015037,Desktop,EOL within 12 months,2026,2026-09-23,2026-08-24,1400.06,Completed,Change Freeze
PRJ-004020,AST-0018144,Desktop,EOL within 24 months,2026,2026-08-03,,1305.98,Deferred,Change Freeze
PRJ-004021,AST-0003772,Laptop,EOL within 12 months,2028,2028-03-12,,1900.05,Planning,Vendor Lead Time
PRJ-004022,AST-0007744,Laptop,EOL within 12 months,2027,2027-12-25,,1904.32,Planning,Application Dependency
PRJ-004023,AST-0013548,Laptop,EOL within 12 months,2028,2028-01-27,,1417.43,Planning,Application Dependency
PRJ-004024,AST-0017153,Desktop,EOL within 24 months,2027,2027-07-09,,1013.58,Deferred,Security Exception
PRJ-004025,AST-0014770,Desktop,EOL within 12 months,2027,2027-02-07,,1346.95,Planning,Change Freeze
PRJ-004026,AST-0006832,Laptop,EOL within 12 months,2028,2028-10-19,,2144.03,In Progress,Change Freeze
PRJ-004027,AST-0002029,Laptop,Past EOL,2026,2026-08-22,,2021.12,Not Started,Application Dependency
PRJ-004028,AST-0008422,Laptop,EOL within 12 months,2026,2026-12-19,,2078.12,Planning,Security Exception
PRJ-004029,AST-0011159,Laptop,Past EOL,2027,2027-10-24,,1795.24,Blocked,Vendor Lead Time
PRJ-004030,AST-0002890,Laptop,EOL within 12 months,2027,2027-04-09,,1841.38,Not Started,Security Exception
PRJ-004031,AST-0004948,Laptop,EOL within 24 months,2026,2026-11-16,,2148.08,Not Started,Application Dependency
PRJ-004032,AST-0003491,Laptop,EOL within 12 months,2027,2027-01-24,,1982.87,Deferred,None
PRJ-004033,AST-0007028,Laptop,EOL within 24 months,2028,2028-08-03,,3007.59,Not Started,Vendor Lead Time
PRJ-004034,AST-0005232,Laptop,Past EOL,2027,2027-05-29,,1385.47,Planning,Branch Scheduling
PRJ-004035,AST-0019521,VDI Endpoint,EOL within 24 months,2028,2028-01-03,,836.01,Deferred,Budget Approval
PRJ-004036,AST-0022746,Core Switch,EOL within 24 months,2028,2028-12-04,2028-12-19,21363.73,Completed,Application Dependency
PRJ-004037,AST-0009752,Laptop,EOL within 24 months,2026,2026-08-19,,1716.24,Blocked,Application Dependency
PRJ-004038,AST-0002735,Laptop,EOL within 12 months,2028,2028-12-15,,1877.52,Blocked,None
PRJ-004039,AST-0014772,Desktop,EOL within 12 months,2028,2028-02-07,,1165.96,Planning,Budget Approval
PRJ-004040,AST-0022730,Core Switch,EOL within 24 months,2027,2027-08-10,,25047.08,Not Started,Vendor Lead Time
PRJ-004041,AST-0012197,Laptop,EOL within 24 months,2028,2028-11-20,,1726.48,In Progress,Branch Scheduling
PRJ-004042,AST-0013444,Laptop,EOL within 24 months,2028,2028-07-29,2028-09-19,2069.78,Completed,None
PRJ-004043,AST-0008764,Laptop,EOL within 12 months,2028,2028-04-28,,1832.3,Planning,Vendor Lead Time
PRJ-004044,AST-0018348,Desktop,EOL within 12 months,2027,2027-10-18,,1267.91,Not Started,Application Dependency
PRJ-004045,AST-0001976,Laptop,Past EOL,2027,2027-03-11,,1700.14,In Progress,Vendor Lead Time
PRJ-004046,AST-0019685,VDI Endpoint,EOL within 24 months,2028,2028-12-05,2029-02-15,906.8,Completed,Budget Approval
PRJ-004047,AST-0008064,Laptop,EOL within 24 months,2026,2026-12-18,,2625.7,Planning,Vendor Lead Time
PRJ-004048,AST-0009101,Laptop,EOL within 24 months,2028,2028-05-24,,2100.91,Not Started,None
PRJ-004049,AST-0015189,Desktop,EOL within 12 months,2026,2026-08-22,2026-10-08,1314.82,Completed,Security Exception
PRJ-004050,AST-0022733,Core Switch,EOL within 24 months,2027,2027-05-31,2027-08-10,23548.86,Completed,Security Exception
PRJ-004051,AST-0011167,Laptop,EOL within 24 months,2026,2026-12-05,,2932.53,Planning,Change Freeze
PRJ-004052,AST-0017826,Desktop,EOL within 12 months,2026,2026-10-19,,1393.55,Deferred,Vendor Lead Time
PRJ-004053,AST-0012327,Laptop,Past EOL,2028,2028-06-29,,1831.25,In Progress,Vendor Lead Time
PRJ-004054,AST-0013921,Laptop,Past EOL,2027,2027-08-09,2027-10-27,1765.57,Completed,Vendor Lead Time
PRJ-004055,AST-0007315,Laptop,EOL within 12 months,2026,2026-07-28,2026-10-22,1725.18,Completed,Budget Approval
PRJ-004056,AST-0004886,Laptop,EOL within 12 months,2026,2026-06-27,,1686.68,Not Started,Security Exception
PRJ-004057,AST-0002370,Laptop,EOL within 24 months,2028,2028-08-24,2028-11-03,2064.17,Completed,None
PRJ-004058,AST-0003895,Laptop,EOL within 24 months,2027,2027-11-04,2027-11-14,2253.87,Completed,Branch Scheduling
PRJ-004059,AST-0000045,Laptop,EOL within 24 months,2027,2027-01-19,2027-01-07,2670.65,Completed,Vendor Lead Time
PRJ-004060,AST-0019486,VDI Endpoint,EOL within 12 months,2028,2028-12-19,2029-01-02,1063.91,Completed,Security Exception
PRJ-004061,AST-0000167,Laptop,Past EOL,2027,2027-11-06,,1323.29,Not Started,Application Dependency
PRJ-004062,AST-0017080,Desktop,EOL within 12 months,2028,2028-08-07,,1002.02,In Progress,Change Freeze
PRJ-004063,AST-0006441,Laptop,EOL within 24 months,2028,2028-07-05,,2220.43,Planning,Security Exception
PRJ-004064,AST-0015799,Desktop,EOL within 24 months,2026,2026-09-08,,1131.37,Not Started,None
PRJ-004065,AST-0020466,Server,EOL within 24 months,2027,2027-02-13,,12017.35,In Progress,Security Exception
PRJ-004066,AST-0008049,Laptop,EOL within 24 months,2026,2026-08-30,,2024.19,Blocked,Vendor Lead Time
PRJ-004067,AST-0003283,Laptop,EOL within 12 months,2026,2026-08-21,2026-08-10,1476.28,Completed,None
PRJ-004068,AST-0023029,Router,EOL within 12 months,2027,2027-10-31,,12135.4,Planning,Application Dependency
PRJ-004069,AST-0006431,Laptop,EOL within 24 months,2027,2027-08-05,,1525.98,Planning,Budget Approval
PRJ-004070,AST-0004408,Laptop,EOL within 12 months,2026,2026-06-25,,1743.64,In Progress,Budget Approval
PRJ-004071,AST-0003047,Laptop,EOL within 12 months,2027,2027-09-03,,1741.78,Planning,None
PRJ-004072,AST-0011195,Laptop,EOL within 12 months,2028,2028-10-23,,2050.37,Planning,Vendor Lead Time
PRJ-004073,AST-0016244,Desktop,EOL within 12 months,2028,2028-03-30,,1192.37,Deferred,Security Exception
PRJ-004074,AST-0014727,Desktop,EOL within 24 months,2028,2028-02-29,,935.54,Planning,Vendor Lead Time
PRJ-004075,AST-0007597,Laptop,Past EOL,2028,2028-05-31,,1925.97,Planning,None
PRJ-004076,AST-0003472,Laptop,EOL within 12 months,2028,2028-05-27,,2030.9,Planning,Vendor Lead Time
PRJ-004077,AST-0009690,Laptop,EOL within 24 months,2028,2028-06-09,,2087.15,Planning,Security Exception
PRJ-004078,AST-0005644,Laptop,Past EOL,2026,2026-09-16,,1401.07,In Progress,Budget Approval
PRJ-004079,AST-0005429,Laptop,EOL within 24 months,2028,2028-07-31,,1844.04,Planning,Branch Scheduling
PRJ-004080,AST-0016164,Desktop,EOL within 24 months,2028,2028-10-15,,1013.94,In Progress,Budget Approval
PRJ-004081,AST-0009970,Laptop,EOL within 12 months,2026,2026-09-06,,1816.67,Not Started,Branch Scheduling
PRJ-004082,AST-0011419,Laptop,EOL within 24 months,2028,2028-12-03,,2240.83,In Progress,Vendor Lead Time
PRJ-004083,AST-0017770,Desktop,EOL within 12 months,2027,2027-12-01,2028-01-09,1267.8,Completed,Budget Approval
PRJ-004084,AST-0003018,Laptop,EOL within 12 months,2028,2028-04-10,,2083.42,Not Started,Change Freeze
PRJ-004085,AST-0000363,Laptop,EOL within 24 months,2027,2027-01-30,,2014.18,Deferred,Application Dependency
PRJ-004086,AST-0000507,Laptop,EOL within 12 months,2027,2027-05-20,,1613.95,Not Started,Security Exception
PRJ-004087,AST-0000669,Laptop,EOL within 12 months,2028,2028-10-13,,2072.52,In Progress,Application Dependency
PRJ-004088,AST-0000298,Laptop,EOL within 24 months,2027,2027-09-24,,2256.33,Not Started,Budget Approval
PRJ-004089,AST-0005213,Laptop,EOL within 24 months,2027,2027-05-14,,2906.05,Not Started,Budget Approval
PRJ-004090,AST-0005258,Laptop,Past EOL,2028,2028-11-27,,1733.79,In Progress,Security Exception
PRJ-004091,AST-0009621,Laptop,EOL within 24 months,2028,2028-06-05,,1713.58,Planning,Security Exception
PRJ-004092,AST-0018083,Desktop,EOL within 12 months,2026,2026-07-27,,977.0,Planning,Budget Approval
PRJ-004093,AST-0004035,Laptop,EOL within 12 months,2027,2027-07-11,,1989.71,Planning,Application Dependency
PRJ-004094,AST-0021759,Access Switch,EOL within 24 months,2028,2028-01-11,,6750.13,Not Started,Budget Approval
PRJ-004095,AST-0018413,Desktop,EOL within 12 months,2027,2027-12-21,,1050.66,In Progress,Branch Scheduling
PRJ-004096,AST-0008179,Laptop,Past EOL,2028,2028-02-15,,1772.7,Not Started,Budget Approval
PRJ-004097,AST-0002755,Laptop,Past EOL,2027,2027-02-25,,1889.4,Deferred,Application Dependency
PRJ-004098,AST-0016337,Desktop,EOL within 24 months,2027,2027-12-05,,1174.14,Planning,None
PRJ-004099,AST-0004147,Laptop,EOL within 12 months,2028,2028-03-14,,1760.44,Planning,Change Freeze
PRJ-004100,AST-0009658,Laptop,EOL within 24 months,2027,2027-10-12,,2081.93,In Progress,Branch Scheduling
PRJ-004101,AST-0022940,Router,EOL within 12 months,2028,2028-05-21,,11079.57,Planning,Security Exception
PRJ-004102,AST-0004251,Laptop,EOL within 24 months,2026,2026-10-07,2026-11-05,3506.09,Completed,Branch Scheduling
PRJ-004103,AST-0011976,Laptop,EOL within 24 months,2027,2027-04-30,,2371.89,Planning,Application Dependency
PRJ-004104,AST-0000997,Laptop,Past EOL,2028,2028-10-22,,1426.45,Not Started,Security Exception
PRJ-004105,AST-0020920,Server,EOL within 24 months,2028,2028-12-15,,15418.64,Planning,None
PRJ-004106,AST-0015481,Desktop,EOL within 24 months,2027,2027-12-04,2027-11-07,1230.88,Completed,None
PRJ-004107,AST-0014680,Desktop,EOL within 12 months,2026,2026-07-31,,1122.22,Deferred,Budget Approval
PRJ-004108,AST-0007305,Laptop,EOL within 12 months,2028,2028-10-10,,2060.0,Not Started,Vendor Lead Time
PRJ-004109,AST-0015987,Desktop,EOL within 12 months,2026,2026-10-25,,1330.55,Deferred,Budget Approval
PRJ-004110,AST-0019371,VDI Endpoint,EOL within 12 months,2027,2027-11-27,2028-02-15,1453.46,Completed,Application Dependency
PRJ-004111,AST-0004263,Laptop,EOL within 12 months,2027,2027-06-25,,1851.92,Not Started,Security Exception
PRJ-004112,AST-0000335,Laptop,Past EOL,2027,2027-04-03,,1434.42,Planning,Security Exception
PRJ-004113,AST-0014045,Desktop,EOL within 24 months,2027,2027-11-01,,1230.81,Not Started,Budget Approval
PRJ-004114,AST-0015543,Desktop,EOL within 12 months,2027,2027-05-09,,1028.23,Not Started,None
PRJ-004115,AST-0017726,Desktop,EOL within 12 months,2028,2028-12-20,,956.56,Not Started,Vendor Lead Time
PRJ-004116,AST-0011947,Laptop,Past EOL,2028,2028-12-09,,1954.15,Deferred,None
PRJ-004117,AST-0010106,Laptop,Past EOL,2027,2027-04-16,,1360.37,Not Started,Security Exception
PRJ-004118,AST-0005305,Laptop,Past EOL,2028,2028-12-19,,1585.06,Blocked,Budget Approval
PRJ-004119,AST-0019524,VDI Endpoint,EOL within 12 months,2028,2028-06-17,2028-09-13,1476.94,Completed,Budget Approval
PRJ-004120,AST-0014812,Desktop,EOL within 24 months,2027,2027-07-28,,1143.11,Not Started,Security Exception
PRJ-004121,AST-0014229,Desktop,EOL within 12 months,2028,2028-10-15,,1386.64,Deferred,Security Exception
PRJ-004122,AST-0011156,Laptop,EOL within 24 months,2026,2026-07-29,,2707.6,Deferred,Branch Scheduling
PRJ-004123,AST-0009520,Laptop,EOL within 12 months,2028,2028-04-28,,1590.32,Not Started,Branch Scheduling
PRJ-004124,AST-0003437,Laptop,EOL within 24 months,2028,2028-03-11,,1994.3,In Progress,Vendor Lead Time
PRJ-004125,AST-0022154,Access Switch,EOL within 24 months,2026,2026-10-24,2026-11-15,9445.36,Completed,Security Exception
PRJ-004126,AST-0015600,Desktop,EOL within 12 months,2026,2026-12-02,,1379.76,Blocked,Budget Approval
PRJ-004127,AST-0023594,Wireless Access Point,EOL within 24 months,2027,2027-05-04,2027-05-03,1188.68,Completed,Branch Scheduling
PRJ-004128,AST-0017149,Desktop,EOL within 24 months,2027,2027-09-18,,1206.03,Deferred,Branch Scheduling
PRJ-004129,AST-0012879,Laptop,Past EOL,2026,2026-06-25,,1699.64,Not Started,None
PRJ-004130,AST-0005878,Laptop,EOL within 24 months,2027,2027-11-20,,3354.75,Not Started,Security Exception
PRJ-004131,AST-0001690,Laptop,EOL within 12 months,2026,2026-08-03,,2004.67,Not Started,Budget Approval
PRJ-004132,AST-0004923,Laptop,EOL within 12 months,2028,2028-04-11,,2156.31,Not Started,Application Dependency
PRJ-004133,AST-0013090,Laptop,EOL within 12 months,2027,2027-11-06,,1488.88,Not Started,Budget Approval
PRJ-004134,AST-0010228,Laptop,Past EOL,2026,2026-10-27,2027-01-01,1826.86,Completed,Change Freeze
PRJ-004135,AST-0015533,Desktop,EOL within 12 months,2028,2028-08-08,,1161.35,Planning,None
PRJ-004136,AST-0015554,Desktop,EOL within 12 months,2026,2026-12-22,2027-03-01,956.8,Completed,Budget Approval
PRJ-004137,AST-0019280,VDI Endpoint,EOL within 12 months,2026,2026-09-15,,996.3,Not Started,None
PRJ-004138,AST-0013796,Laptop,EOL within 24 months,2027,2027-12-27,,2066.51,Planning,Budget Approval
PRJ-004139,AST-0012886,Laptop,EOL within 12 months,2027,2027-12-10,,1753.25,Planning,Security Exception
PRJ-004140,AST-0002162,Laptop,EOL within 24 months,2026,2026-08-30,,1615.75,In Progress,Vendor Lead Time
PRJ-004141,AST-0009861,Laptop,EOL within 12 months,2028,2028-11-29,,1933.91,In Progress,None
PRJ-004142,AST-0015282,Desktop,EOL within 12 months,2028,2028-07-28,,1177.97,In Progress,Budget Approval
PRJ-004143,AST-0008788,Laptop,Past EOL,2028,2028-02-09,,1776.43,Planning,None
PRJ-004144,AST-0006228,Laptop,EOL within 24 months,2027,2027-04-05,,3027.43,Blocked,Change Freeze
PRJ-004145,AST-0003014,Laptop,EOL within 12 months,2027,2027-03-09,,1781.06,In Progress,Change Freeze
PRJ-004146,AST-0008053,Laptop,Past EOL,2027,2027-01-12,,1846.96,Not Started,Security Exception
PRJ-004147,AST-0017366,Desktop,EOL within 24 months,2026,2026-11-04,2026-11-19,1297.32,Completed,None
PRJ-004148,AST-0016929,Desktop,EOL within 24 months,2027,2027-05-29,,1338.21,Planning,Budget Approval
PRJ-004149,AST-0017903,Desktop,EOL within 12 months,2026,2026-09-22,,993.45,Planning,Vendor Lead Time
PRJ-004150,AST-0008961,Laptop,Past EOL,2028,2028-06-03,,1495.83,Planning,Budget Approval
PRJ-004151,AST-0006088,Laptop,EOL within 24 months,2028,2028-03-09,,1759.01,Planning,Change Freeze
PRJ-004152,AST-0023217,Wireless Access Point,EOL within 24 months,2027,2027-06-22,,1588.95,Not Started,Change Freeze
PRJ-004153,AST-0019629,VDI Endpoint,EOL within 24 months,2028,2028-08-26,,880.58,Not Started,Application Dependency
PRJ-004154,AST-0003030,Laptop,Past EOL,2026,2026-12-18,,1851.58,Not Started,Branch Scheduling
PRJ-004155,AST-0010003,Laptop,EOL within 24 months,2028,2028-03-15,,3534.55,Planning,Branch Scheduling
PRJ-004156,AST-0004334,Laptop,EOL within 24 months,2027,2027-11-24,,1746.06,Deferred,Application Dependency
PRJ-004157,AST-0004667,Laptop,EOL within 12 months,2027,2027-08-09,,2173.03,In Progress,None
PRJ-004158,AST-0004030,Laptop,EOL within 12 months,2027,2027-09-12,,1941.81,Not Started,Change Freeze
PRJ-004159,AST-0002861,Laptop,Past EOL,2028,2028-05-18,,1659.87,Not Started,None
PRJ-004160,AST-0009217,Laptop,EOL within 24 months,2027,2027-07-05,,1957.39,In Progress,Branch Scheduling
PRJ-004161,AST-0011610,Laptop,Past EOL,2028,2028-01-17,,1766.93,In Progress,Application Dependency
PRJ-004162,AST-0019239,VDI Endpoint,EOL within 24 months,2027,2027-08-24,,931.32,In Progress,Application Dependency
PRJ-004163,AST-0001850,Laptop,EOL within 12 months,2026,2026-10-26,,1945.62,Not Started,Application Dependency
PRJ-004164,AST-0013001,Laptop,Past EOL,2028,2028-09-01,,1632.84,In Progress,Application Dependency
PRJ-004165,AST-0007076,Laptop,EOL within 24 months,2026,2026-07-02,,2846.79,Deferred,None
PRJ-004166,AST-0018443,Desktop,EOL within 24 months,2027,2027-10-17,,1173.11,Deferred,Branch Scheduling
PRJ-004167,AST-0016363,Desktop,EOL within 12 months,2028,2028-01-23,2028-01-08,1205.48,Completed,None
PRJ-004168,AST-0017131,Desktop,EOL within 12 months,2027,2027-04-29,,1176.12,Not Started,Application Dependency
PRJ-004169,AST-0000827,Laptop,EOL within 24 months,2027,2027-06-22,2027-07-28,2157.02,Completed,Application Dependency
PRJ-004170,AST-0006379,Laptop,EOL within 12 months,2028,2028-03-07,,1624.53,Not Started,Budget Approval
PRJ-004171,AST-0013995,Laptop,Past EOL,2027,2027-11-02,,1678.56,Not Started,Vendor Lead Time
PRJ-004172,AST-0008457,Laptop,EOL within 24 months,2028,2028-04-10,2028-04-29,3417.41,Completed,Branch Scheduling
PRJ-004173,AST-0019558,VDI Endpoint,EOL within 24 months,2027,2027-05-31,,1092.19,Not Started,None
PRJ-004174,AST-0015437,Desktop,EOL within 24 months,2028,2028-08-16,,1160.82,Planning,Vendor Lead Time
PRJ-004175,AST-0015017,Desktop,EOL within 12 months,2027,2027-12-03,,1237.13,Not Started,Security Exception
PRJ-004176,AST-0007068,Laptop,Past EOL,2028,2028-10-15,2028-11-16,1796.04,Completed,None
PRJ-004177,AST-0013727,Laptop,EOL within 24 months,2028,2028-10-20,,3757.03,In Progress,Budget Approval
PRJ-004178,AST-0014184,Desktop,EOL within 12 months,2027,2027-09-23,2027-11-20,1168.32,Completed,Branch Scheduling
PRJ-004179,AST-0012535,Laptop,EOL within 12 months,2026,2026-11-15,,1873.48,Not Started,Security Exception
PRJ-004180,AST-0015153,Desktop,EOL within 24 months,2027,2027-09-29,,1279.88,Not Started,Application Dependency
PRJ-004181,AST-0002748,Laptop,EOL within 24 months,2028,2028-09-16,,1866.4,Planning,Branch Scheduling
PRJ-004182,AST-0008315,Laptop,EOL within 12 months,2026,2026-12-14,,2124.14,Planning,None
PRJ-004183,AST-0023290,Wireless Access Point,EOL within 24 months,2028,2028-01-10,,1510.51,In Progress,Branch Scheduling
PRJ-004184,AST-0007239,Laptop,EOL within 12 months,2026,2026-10-24,,2120.79,Planning,Branch Scheduling
PRJ-004185,AST-0012628,Laptop,EOL within 24 months,2028,2028-08-19,,1627.99,In Progress,Change Freeze
PRJ-004186,AST-0014607,Desktop,EOL within 24 months,2028,2028-07-09,,1278.09,In Progress,Branch Scheduling
PRJ-004187,AST-0005204,Laptop,Past EOL,2027,2027-06-03,,1374.75,Planning,Change Freeze
PRJ-004188,AST-0005412,Laptop,Past EOL,2028,2028-11-09,,1730.66,Not Started,Change Freeze
PRJ-004189,AST-0002841,Laptop,EOL within 12 months,2028,2028-08-24,,2120.32,Planning,Change Freeze
PRJ-004190,AST-0010578,Laptop,Past EOL,2027,2027-09-12,,1469.35,In Progress,Branch Scheduling
PRJ-004191,AST-0008809,Laptop,EOL within 24 months,2026,2026-11-03,,2165.75,Planning,Security Exception
PRJ-004192,AST-0021362,Server,EOL within 24 months,2028,2028-07-19,,12983.39,Planning,Branch Scheduling
PRJ-004193,AST-0023019,Router,EOL within 12 months,2027,2027-02-19,,8682.86,In Progress,Branch Scheduling
PRJ-004194,AST-0021824,Access Switch,EOL within 24 months,2028,2028-10-15,,9068.74,Deferred,Branch Scheduling
PRJ-004195,AST-0015939,Desktop,EOL within 24 months,2027,2027-05-13,,1168.97,Not Started,Application Dependency
PRJ-004196,AST-0003348,Laptop,EOL within 12 months,2028,2028-04-06,,1584.75,Planning,None
PRJ-004197,AST-0019649,VDI Endpoint,EOL within 12 months,2027,2027-03-01,,1236.97,Planning,Vendor Lead Time
PRJ-004198,AST-0005161,Laptop,Past EOL,2028,2028-11-08,,1719.55,Planning,Security Exception
PRJ-004199,AST-0014345,Desktop,EOL within 24 months,2029,2029-01-06,,979.35,Blocked,Branch Scheduling
PRJ-004200,AST-0012803,Laptop,EOL within 12 months,2028,2028-01-16,,1726.68,Not Started,Budget Approval
PRJ-004201,AST-0022110,Access Switch,EOL within 24 months,2028,2028-04-30,2028-07-17,5057.47,Completed,Security Exception
PRJ-004202,AST-0016571,Desktop,EOL within 24 months,2026,2026-12-04,,858.14,Planning,None
PRJ-004203,AST-0001879,Laptop,EOL within 12 months,2026,2026-09-24,,1664.3,In Progress,Change Freeze
PRJ-004204,AST-0007300,Laptop,EOL within 12 months,2027,2027-05-26,,1464.81,Planning,None
PRJ-004205,AST-0018056,Desktop,EOL within 12 months,2028,2028-06-28,,1001.63,Planning,Vendor Lead Time
PRJ-004206,AST-0013077,Laptop,EOL within 12 months,2027,2027-01-02,,1834.93,Not Started,Change Freeze
PRJ-004207,AST-0000023,Laptop,EOL within 12 months,2026,2026-08-20,,1964.78,In Progress,Branch Scheduling
PRJ-004208,AST-0018068,Desktop,EOL within 12 months,2028,2028-10-20,2028-10-01,1055.21,Completed,Budget Approval
PRJ-004209,AST-0002169,Laptop,Past EOL,2026,2026-10-29,2026-12-11,1429.44,Completed,Security Exception
PRJ-004210,AST-0011893,Laptop,EOL within 12 months,2027,2027-08-22,,2144.39,Blocked,None
PRJ-004211,AST-0016128,Desktop,EOL within 12 months,2028,2028-02-28,,1331.07,Not Started,Vendor Lead Time
PRJ-004212,AST-0004017,Laptop,EOL within 12 months,2027,2027-04-09,,1626.67,Planning,Security Exception
PRJ-004213,AST-0018086,Desktop,EOL within 12 months,2028,2028-10-25,,1020.83,Deferred,Change Freeze
PRJ-004214,AST-0005078,Laptop,EOL within 24 months,2026,2026-11-11,,3203.44,Planning,Application Dependency
PRJ-004215,AST-0005710,Laptop,EOL within 24 months,2028,2028-08-11,,2102.77,In Progress,Change Freeze
PRJ-004216,AST-0009675,Laptop,EOL within 12 months,2026,2026-07-13,,1702.43,Blocked,None
PRJ-004217,AST-0006191,Laptop,Past EOL,2027,2027-06-27,,1514.05,Not Started,Vendor Lead Time
PRJ-004218,AST-0004449,Laptop,EOL within 24 months,2028,2028-05-23,,1764.97,In Progress,Vendor Lead Time
PRJ-004219,AST-0012829,Laptop,EOL within 12 months,2027,2027-09-10,,1957.71,In Progress,Change Freeze
PRJ-004220,AST-0014412,Desktop,EOL within 12 months,2027,2027-01-01,,1112.42,In Progress,Application Dependency
PRJ-004221,AST-0008850,Laptop,EOL within 24 months,2028,2028-07-01,2028-06-13,1815.97,Completed,Change Freeze
PRJ-004222,AST-0011179,Laptop,Past EOL,2028,2028-03-13,,1572.6,Blocked,Change Freeze
PRJ-004223,AST-0022773,Core Switch,EOL within 24 months,2027,2027-10-19,,23612.69,Not Started,Budget Approval
PRJ-004224,AST-0012013,Laptop,EOL within 24 months,2028,2028-11-15,,2474.73,Planning,Vendor Lead Time
PRJ-004225,AST-0007813,Laptop,EOL within 12 months,2027,2027-10-05,,1860.26,In Progress,None
PRJ-004226,AST-0003264,Laptop,EOL within 24 months,2026,2026-07-22,,2314.97,Planning,Change Freeze
PRJ-004227,AST-0023313,Wireless Access Point,EOL within 12 months,2027,2027-08-27,,948.55,In Progress,Security Exception
PRJ-004228,AST-0002868,Laptop,EOL within 24 months,2026,2026-07-27,,2097.29,Planning,Security Exception
PRJ-004229,AST-0015341,Desktop,EOL within 12 months,2026,2026-07-28,,1417.18,Deferred,None
PRJ-004230,AST-0015941,Desktop,EOL within 24 months,2028,2028-01-03,,1344.41,Planning,None
PRJ-004231,AST-0011469,Laptop,EOL within 12 months,2027,2027-07-23,,1831.23,Not Started,Vendor Lead Time
PRJ-004232,AST-0002182,Laptop,EOL within 24 months,2028,2028-02-22,,2308.89,In Progress,Budget Approval
PRJ-004233,AST-0010558,Laptop,Past EOL,2028,2028-04-06,,1536.95,In Progress,Application Dependency
PRJ-004234,AST-0007268,Laptop,EOL within 24 months,2027,2027-02-02,,1866.84,Planning,Application Dependency
PRJ-004235,AST-0017631,Desktop,EOL within 12 months,2026,2026-06-21,,1044.72,Deferred,Vendor Lead Time
PRJ-004236,AST-0000442,Laptop,EOL within 12 months,2026,2026-11-09,,1635.91,Blocked,None
PRJ-004237,AST-0007767,Laptop,EOL within 12 months,2027,2027-12-28,,1527.28,Planning,Change Freeze
PRJ-004238,AST-0015065,Desktop,EOL within 24 months,2027,2027-05-31,,1135.56,Planning,Security Exception
PRJ-004239,AST-0008824,Laptop,Past EOL,2027,2027-03-30,,1533.45,Planning,Budget Approval
PRJ-004240,AST-0021897,Access Switch,EOL within 24 months,2026,2026-11-06,,6852.1,In Progress,Application Dependency
PRJ-004241,AST-0018353,Desktop,EOL within 12 months,2028,2028-12-23,,991.73,In Progress,Security Exception
PRJ-004242,AST-0000362,Laptop,EOL within 24 months,2026,2026-11-15,,1487.63,In Progress,Budget Approval
PRJ-004243,AST-0009634,Laptop,Past EOL,2027,2027-09-29,,1533.53,Planning,Branch Scheduling
PRJ-004244,AST-0003178,Laptop,Past EOL,2028,2028-05-22,,1470.98,Not Started,Budget Approval
PRJ-004245,AST-0013813,Laptop,EOL within 12 months,2026,2026-06-30,,1716.37,Planning,Branch Scheduling
PRJ-004246,AST-0018013,Desktop,EOL within 24 months,2027,2027-12-26,,1099.84,Blocked,Branch Scheduling
PRJ-004247,AST-0011146,Laptop,EOL within 24 months,2028,2028-05-27,,2214.99,In Progress,Change Freeze
PRJ-004248,AST-0015414,Desktop,EOL within 12 months,2028,2028-08-12,,992.63,Planning,None
PRJ-004249,AST-0011245,Laptop,EOL within 24 months,2028,2028-07-03,,3503.74,In Progress,None
PRJ-004250,AST-0012415,Laptop,EOL within 12 months,2028,2028-04-18,,1979.03,In Progress,None
PRJ-004251,AST-0016828,Desktop,EOL within 24 months,2027,2027-11-22,,1178.26,In Progress,None
PRJ-004252,AST-0023765,Wireless Access Point,EOL within 24 months,2027,2027-03-30,,1089.33,Planning,Branch Scheduling
PRJ-004253,AST-0006238,Laptop,EOL within 24 months,2026,2026-10-06,,3171.06,Not Started,Branch Scheduling
PRJ-004254,AST-0022811,Router,EOL within 12 months,2027,2027-04-21,,14620.8,Not Started,Change Freeze
PRJ-004255,AST-0008973,Laptop,EOL within 12 months,2027,2027-04-26,,1989.99,Planning,Vendor Lead Time
PRJ-004256,AST-0015787,Desktop,EOL within 12 months,2027,2027-09-26,,1068.02,In Progress,Security Exception
PRJ-004257,AST-0017256,Desktop,EOL within 24 months,2026,2026-10-10,,919.51,Planning,None
PRJ-004258,AST-0000355,Laptop,Past EOL,2027,2027-06-21,,1810.73,Not Started,Branch Scheduling
PRJ-004259,AST-0006709,Laptop,EOL within 12 months,2027,2027-06-03,2027-07-14,2134.26,Completed,Security Exception
PRJ-004260,AST-0017072,Desktop,EOL within 12 months,2026,2026-10-03,,1022.12,Deferred,Branch Scheduling
PRJ-004261,AST-0004256,Laptop,EOL within 24 months,2027,2027-01-15,,2153.27,Planning,Change Freeze
PRJ-004262,AST-0016993,Desktop,EOL within 12 months,2028,2028-05-18,2028-07-25,1299.97,Completed,Application Dependency
PRJ-004263,AST-0020156,Server,EOL within 24 months,2028,2028-03-31,,14706.61,In Progress,Branch Scheduling
PRJ-004264,AST-0010341,Laptop,EOL within 24 months,2028,2028-01-26,,3802.31,In Progress,None
PRJ-004265,AST-0023451,Wireless Access Point,EOL within 24 months,2027,2027-01-25,,916.11,Planning,Budget Approval
PRJ-004266,AST-0002147,Laptop,Past EOL,2028,2028-05-07,2028-07-22,1816.98,Completed,Vendor Lead Time
PRJ-004267,AST-0000275,Laptop,EOL within 24 months,2027,2027-11-24,,2196.81,Not Started,None
PRJ-004268,AST-0019186,VDI Endpoint,EOL within 24 months,2026,2026-06-25,2026-06-26,1125.27,Completed,Budget Approval
PRJ-004269,AST-0019454,VDI Endpoint,EOL within 24 months,2027,2027-08-14,,1081.33,Not Started,Branch Scheduling
PRJ-004270,AST-0006905,Laptop,Past EOL,2026,2026-08-05,,1981.88,Not Started,Branch Scheduling
PRJ-004271,AST-0004939,Laptop,Past EOL,2027,2027-01-22,,1394.71,Planning,Change Freeze
PRJ-004272,AST-0022117,Access Switch,EOL within 24 months,2027,2027-02-03,,8141.12,Not Started,Application Dependency
PRJ-004273,AST-0017535,Desktop,EOL within 24 months,2026,2026-12-19,,1001.66,In Progress,Application Dependency
PRJ-004274,AST-0012542,Laptop,Past EOL,2028,2028-05-04,,1967.51,In Progress,None
PRJ-004275,AST-0000212,Laptop,Past EOL,2027,2027-09-02,,1464.81,In Progress,Change Freeze
PRJ-004276,AST-0020642,Server,EOL within 24 months,2027,2027-12-22,,13597.6,Planning,Security Exception
PRJ-004277,AST-0001464,Laptop,EOL within 12 months,2028,2028-03-10,,2179.53,Not Started,Budget Approval
PRJ-004278,AST-0013327,Laptop,EOL within 24 months,2027,2027-06-06,,1540.41,Deferred,Application Dependency
PRJ-004279,AST-0007964,Laptop,EOL within 24 months,2026,2026-06-17,,1727.49,Planning,None
PRJ-004280,AST-0002639,Laptop,EOL within 24 months,2027,2027-06-25,2027-08-30,3196.59,Completed,Change Freeze
PRJ-004281,AST-0013715,Laptop,EOL within 24 months,2026,2026-10-30,,1518.22,Planning,Branch Scheduling
PRJ-004282,AST-0004908,Laptop,Past EOL,2026,2026-06-15,,1958.85,Not Started,Budget Approval
PRJ-004283,AST-0010890,Laptop,EOL within 24 months,2028,2028-11-11,,2319.1,Not Started,None
PRJ-004284,AST-0003229,Laptop,Past EOL,2026,2026-12-29,,1562.55,Deferred,Budget Approval
PRJ-004285,AST-0018851,VDI Endpoint,EOL within 24 months,2027,2027-02-21,,1119.81,Deferred,Application Dependency
PRJ-004286,AST-0012474,Laptop,Past EOL,2028,2028-12-23,,1416.04,In Progress,None
PRJ-004287,AST-0002084,Laptop,Past EOL,2027,2027-03-13,,1361.18,Not Started,Budget Approval
PRJ-004288,AST-0022053,Access Switch,EOL within 24 months,2026,2026-06-27,,6549.56,In Progress,Change Freeze
PRJ-004289,AST-0008870,Laptop,EOL within 12 months,2028,2028-08-19,,1544.53,Planning,Branch Scheduling
PRJ-004290,AST-0017927,Desktop,EOL within 24 months,2028,2028-04-20,,1145.5,Planning,Application Dependency
PRJ-004291,AST-0006406,Laptop,Past EOL,2028,2028-05-24,,1813.2,Not Started,Security Exception
PRJ-004292,AST-0018672,VDI Endpoint,EOL within 12 months,2026,2026-12-04,,1009.49,Not Started,Security Exception
PRJ-004293,AST-0018203,Desktop,EOL within 12 months,2028,2028-02-24,2028-02-08,1153.1,Completed,Branch Scheduling
PRJ-004294,AST-0017478,Desktop,EOL within 12 months,2026,2026-08-26,,1366.91,Planning,Application Dependency
PRJ-004295,AST-0013300,Laptop,EOL within 12 months,2028,2028-08-14,,2080.03,Planning,Vendor Lead Time
PRJ-004296,AST-0021827,Access Switch,EOL within 24 months,2026,2026-09-21,,7691.76,Planning,Branch Scheduling
PRJ-004297,AST-0018716,VDI Endpoint,EOL within 24 months,2027,2027-09-01,,1078.51,Blocked,Vendor Lead Time
PRJ-004298,AST-0009959,Laptop,EOL within 24 months,2028,2028-02-05,,3610.46,Not Started,Change Freeze
PRJ-004299,AST-0015011,Desktop,EOL within 24 months,2027,2027-09-16,2027-11-19,1190.28,Completed,Budget Approval
PRJ-004300,AST-0012179,Laptop,Past EOL,2028,2028-03-07,,1435.15,Not Started,Application Dependency
PRJ-004301,AST-0010600,Laptop,EOL within 24 months,2027,2027-10-28,,1768.47,Planning,Branch Scheduling
PRJ-004302,AST-0009279,Laptop,Past EOL,2028,2028-11-03,,1667.02,Planning,Change Freeze
PRJ-004303,AST-0017112,Desktop,EOL within 12 months,2028,2028-07-06,,1145.23,Not Started,None
PRJ-004304,AST-0006715,Laptop,EOL within 24 months,2027,2027-07-21,,1699.79,Not Started,Change Freeze
PRJ-004305,AST-0009985,Laptop,EOL within 24 months,2028,2028-04-03,,1564.22,Not Started,Change Freeze
PRJ-004306,AST-0006283,Laptop,Past EOL,2028,2028-12-26,,1427.11,Blocked,Application Dependency
PRJ-004307,AST-0023197,Wireless Access Point,EOL within 12 months,2028,2028-01-10,,922.59,Deferred,Budget Approval
PRJ-004308,AST-0019130,VDI Endpoint,EOL within 12 months,2027,2027-10-29,,1413.85,Planning,Branch Scheduling
PRJ-004309,AST-0000074,Laptop,Past EOL,2026,2026-08-06,,1633.4,Not Started,Change Freeze
PRJ-004310,AST-0023889,Wireless Controller,EOL within 24 months,2026,2026-09-22,,12147.24,Deferred,Budget Approval
PRJ-004311,AST-0011054,Laptop,EOL within 24 months,2027,2027-02-12,2027-01-29,1794.4,Completed,Branch Scheduling
PRJ-004312,AST-0014780,Desktop,EOL within 24 months,2027,2027-03-05,,1102.28,Not Started,None
PRJ-004313,AST-0017849,Desktop,EOL within 24 months,2027,2027-03-16,,940.02,Not Started,Budget Approval
PRJ-004314,AST-0009104,Laptop,EOL within 24 months,2028,2028-09-01,,3305.64,Planning,Branch Scheduling
PRJ-004315,AST-0003883,Laptop,Past EOL,2027,2027-12-30,,1580.55,Planning,None
PRJ-004316,AST-0002312,Laptop,EOL within 12 months,2027,2027-06-14,,1620.83,Planning,Security Exception
PRJ-004317,AST-0017699,Desktop,EOL within 12 months,2028,2028-09-09,2028-11-20,1177.22,Completed,None
PRJ-004318,AST-0003738,Laptop,EOL within 24 months,2027,2027-02-03,,1839.15,Not Started,None
PRJ-004319,AST-0003421,Laptop,EOL within 24 months,2028,2028-05-29,,2342.14,Planning,Security Exception
PRJ-004320,AST-0021641,Access Switch,EOL within 24 months,2027,2027-01-14,,7803.82,In Progress,Change Freeze
PRJ-004321,AST-0012002,Laptop,EOL within 24 months,2027,2027-11-02,,2750.4,Planning,Branch Scheduling
PRJ-004322,AST-0005837,Laptop,EOL within 24 months,2028,2028-05-24,,2274.87,In Progress,Application Dependency
PRJ-004323,AST-0023737,Wireless Access Point,EOL within 24 months,2027,2027-07-27,,1214.08,Planning,Change Freeze
PRJ-004324,AST-0007487,Laptop,Past EOL,2026,2026-12-27,,1408.96,Planning,Budget Approval
PRJ-004325,AST-0021618,Access Switch,EOL within 24 months,2026,2026-08-14,2026-11-08,6804.05,Completed,Application Dependency
PRJ-004326,AST-0005023,Laptop,EOL within 12 months,2027,2027-01-23,,1482.65,Planning,Branch Scheduling
PRJ-004327,AST-0007997,Laptop,EOL within 24 months,2026,2026-09-04,,1808.17,In Progress,Application Dependency
PRJ-004328,AST-0023227,Wireless Access Point,EOL within 12 months,2028,2028-01-14,,1046.33,Planning,Security Exception
PRJ-004329,AST-0021611,Access Switch,EOL within 24 months,2028,2028-11-03,,8994.2,Blocked,None
PRJ-004330,AST-0013412,Laptop,EOL within 24 months,2028,2028-11-21,,3334.11,Planning,Budget Approval
PRJ-004331,AST-0012096,Laptop,Past EOL,2027,2027-01-03,,1661.42,In Progress,Branch Scheduling
PRJ-004332,AST-0005373,Laptop,EOL within 24 months,2027,2027-03-04,2027-02-22,2119.61,Completed,Application Dependency
PRJ-004333,AST-0018193,Desktop,EOL within 24 months,2026,2026-09-01,,998.52,Planning,Security Exception
PRJ-004334,AST-0004291,Laptop,Past EOL,2027,2027-10-29,,2020.77,Not Started,Vendor Lead Time
PRJ-004335,AST-0002757,Laptop,Past EOL,2026,2026-10-21,,1727.17,Planning,Application Dependency
PRJ-004336,AST-0004684,Laptop,EOL within 12 months,2027,2027-11-03,,1609.16,In Progress,Change Freeze
PRJ-004337,AST-0011066,Laptop,Past EOL,2028,2028-06-21,2028-07-01,1568.75,Completed,Branch Scheduling
PRJ-004338,AST-0000764,Laptop,EOL within 24 months,2028,2028-05-12,,3375.8,Planning,Budget Approval
PRJ-004339,AST-0000694,Laptop,Past EOL,2027,2027-12-19,,1783.41,Not Started,None
PRJ-004340,AST-0005547,Laptop,Past EOL,2028,2028-07-12,,2002.83,Planning,Branch Scheduling
PRJ-004341,AST-0014483,Desktop,EOL within 24 months,2026,2026-09-18,,919.61,Planning,None
PRJ-004342,AST-0003999,Laptop,Past EOL,2027,2027-02-04,2027-02-24,1677.06,Completed,Vendor Lead Time
PRJ-004343,AST-0002325,Laptop,EOL within 12 months,2028,2028-01-14,,1974.13,Not Started,Application Dependency
PRJ-004344,AST-0016456,Desktop,EOL within 12 months,2028,2028-08-08,2028-07-27,1323.35,Completed,Change Freeze
PRJ-004345,AST-0019851,VDI Endpoint,EOL within 24 months,2026,2026-10-10,,915.48,Deferred,Change Freeze
PRJ-004346,AST-0017049,Desktop,EOL within 24 months,2028,2028-05-24,,1222.75,In Progress,Vendor Lead Time
PRJ-004347,AST-0017042,Desktop,EOL within 24 months,2026,2026-12-07,2027-01-23,1243.02,Completed,Vendor Lead Time
PRJ-004348,AST-0004783,Laptop,EOL within 12 months,2028,2028-05-24,,1836.21,Not Started,Application Dependency
PRJ-004349,AST-0015284,Desktop,EOL within 24 months,2028,2028-08-27,2028-11-21,1133.04,Completed,Change Freeze
PRJ-004350,AST-0002615,Laptop,EOL within 12 months,2028,2028-08-11,,2215.28,Not Started,Budget Approval
PRJ-004351,AST-0009297,Laptop,EOL within 12 months,2028,2028-09-11,,1460.26,In Progress,Security Exception
PRJ-004352,AST-0015345,Desktop,EOL within 12 months,2026,2026-08-24,,1267.63,Not Started,None
PRJ-004353,AST-0000652,Laptop,EOL within 24 months,2028,2028-05-21,,2442.77,Planning,Change Freeze
PRJ-004354,AST-0008549,Laptop,Past EOL,2029,2029-01-04,,1517.06,In Progress,None
PRJ-004355,AST-0018964,VDI Endpoint,EOL within 12 months,2028,2028-03-22,,1089.62,Planning,Branch Scheduling
PRJ-004356,AST-0006772,Laptop,EOL within 24 months,2028,2028-05-08,,2232.28,Not Started,Change Freeze
PRJ-004357,AST-0018084,Desktop,EOL within 12 months,2027,2027-10-16,,1395.46,Planning,Change Freeze
PRJ-004358,AST-0011970,Laptop,EOL within 24 months,2028,2028-11-12,2029-01-19,3261.97,Completed,Branch Scheduling
PRJ-004359,AST-0017014,Desktop,EOL within 12 months,2027,2027-07-13,,1365.78,Planning,Vendor Lead Time
PRJ-004360,AST-0007243,Laptop,EOL within 24 months,2026,2026-08-26,2026-08-18,2350.41,Completed,Branch Scheduling
PRJ-004361,AST-0002277,Laptop,Past EOL,2028,2028-03-04,,1637.99,Planning,Change Freeze
PRJ-004362,AST-0016382,Desktop,EOL within 12 months,2027,2027-05-20,2027-06-12,1254.05,Completed,Change Freeze
PRJ-004363,AST-0014560,Desktop,EOL within 24 months,2029,2029-01-02,,929.49,Blocked,Security Exception
PRJ-004364,AST-0015890,Desktop,EOL within 12 months,2028,2028-03-24,,1010.35,In Progress,Application Dependency
PRJ-004365,AST-0002730,Laptop,EOL within 24 months,2028,2028-05-16,2028-08-11,1816.88,Completed,Branch Scheduling
PRJ-004366,AST-0010202,Laptop,EOL within 24 months,2027,2027-08-13,,1874.52,Planning,Change Freeze
PRJ-004367,AST-0004981,Laptop,EOL within 24 months,2026,2026-12-13,,2009.41,Deferred,Security Exception
PRJ-004368,AST-0016577,Desktop,EOL within 24 months,2027,2027-10-25,,1259.45,Not Started,None
PRJ-004369,AST-0013247,Laptop,Past EOL,2026,2026-08-23,,1418.43,Planning,Application Dependency
PRJ-004370,AST-0005905,Laptop,EOL within 24 months,2028,2028-03-06,2028-05-07,3007.89,Completed,None
PRJ-004371,AST-0010246,Laptop,EOL within 24 months,2028,2028-05-21,,2986.11,Planning,Change Freeze
PRJ-004372,AST-0012837,Laptop,EOL within 24 months,2027,2027-01-30,,2450.16,Planning,None
PRJ-004373,AST-0006808,Laptop,Past EOL,2026,2026-10-18,,1795.83,In Progress,Security Exception
PRJ-004374,AST-0000704,Laptop,EOL within 12 months,2027,2027-04-19,,1521.08,Planning,Vendor Lead Time
PRJ-004375,AST-0023821,Wireless Access Point,EOL within 24 months,2028,2028-09-07,,1213.19,In Progress,Vendor Lead Time
PRJ-004376,AST-0004318,Laptop,Past EOL,2028,2028-07-12,,2008.69,Not Started,None
PRJ-004377,AST-0002026,Laptop,EOL within 24 months,2028,2028-07-21,,3530.96,Deferred,Security Exception
PRJ-004378,AST-0007637,Laptop,EOL within 12 months,2027,2027-09-30,,1660.71,Planning,None
PRJ-004379,AST-0015911,Desktop,EOL within 12 months,2026,2026-09-02,,1412.6,Planning,Application Dependency
PRJ-004380,AST-0012377,Laptop,EOL within 12 months,2027,2027-01-21,,1596.67,Not Started,Vendor Lead Time
PRJ-004381,AST-0001351,Laptop,EOL within 24 months,2026,2026-08-12,,1773.7,In Progress,Change Freeze
PRJ-004382,AST-0010263,Laptop,EOL within 12 months,2028,2028-10-20,,1407.65,Not Started,None
PRJ-004383,AST-0016878,Desktop,EOL within 12 months,2026,2026-10-23,,1275.48,Not Started,Vendor Lead Time
PRJ-004384,AST-0018697,VDI Endpoint,EOL within 24 months,2028,2028-10-18,,820.58,In Progress,Vendor Lead Time
PRJ-004385,AST-0009503,Laptop,Past EOL,2028,2028-10-18,,1707.81,Planning,Application Dependency
PRJ-004386,AST-0012173,Laptop,Past EOL,2027,2027-05-21,,1523.24,Deferred,Vendor Lead Time
PRJ-004387,AST-0005421,Laptop,EOL within 12 months,2028,2028-05-04,,2045.65,In Progress,Vendor Lead Time
PRJ-004388,AST-0008441,Laptop,EOL within 12 months,2028,2028-08-28,2028-07-31,1482.1,Completed,Security Exception
PRJ-004389,AST-0002586,Laptop,EOL within 24 months,2027,2027-11-29,,2209.55,Planning,Application Dependency
PRJ-004390,AST-0004066,Laptop,EOL within 12 months,2027,2027-05-22,,1545.34,Planning,Application Dependency
PRJ-004391,AST-0000783,Laptop,EOL within 24 months,2027,2027-07-09,,3805.89,Planning,Budget Approval
PRJ-004392,AST-0019654,VDI Endpoint,EOL within 24 months,2028,2028-07-13,,1163.8,Planning,Security Exception
PRJ-004393,AST-0008867,Laptop,EOL within 24 months,2028,2028-01-31,,2963.59,Not Started,Vendor Lead Time
PRJ-004394,AST-0002638,Laptop,EOL within 12 months,2026,2026-12-19,,1718.13,Not Started,Change Freeze
PRJ-004395,AST-0015180,Desktop,EOL within 24 months,2028,2028-11-18,,917.73,Not Started,Branch Scheduling
PRJ-004396,AST-0011353,Laptop,EOL within 12 months,2028,2028-01-10,,1842.3,Not Started,Budget Approval
PRJ-004397,AST-0008116,Laptop,EOL within 24 months,2027,2027-10-05,,3683.47,Not Started,Branch Scheduling
PRJ-004398,AST-0003159,Laptop,EOL within 24 months,2027,2027-05-09,,2394.16,Not Started,Branch Scheduling
PRJ-004399,AST-0007022,Laptop,EOL within 12 months,2028,2028-01-20,2028-01-01,1852.51,Completed,None
PRJ-004400,AST-0007323,Laptop,EOL within 12 months,2027,2027-10-31,2028-01-13,1940.37,Completed,Security Exception
PRJ-004401,AST-0013236,Laptop,EOL within 24 months,2027,2027-01-24,,2281.11,In Progress,Budget Approval
PRJ-004402,AST-0021850,Access Switch,EOL within 24 months,2026,2026-12-27,,5600.19,In Progress,None
PRJ-004403,AST-0019277,VDI Endpoint,EOL within 12 months,2027,2027-11-09,,1106.26,In Progress,Change Freeze
PRJ-004404,AST-0012962,Laptop,EOL within 12 months,2028,2028-12-14,,1486.89,Planning,Change Freeze
PRJ-004405,AST-0012848,Laptop,EOL within 12 months,2027,2027-09-15,,1781.08,Not Started,Security Exception
PRJ-004406,AST-0007339,Laptop,EOL within 24 months,2026,2026-07-30,,2011.03,Not Started,Budget Approval
PRJ-004407,AST-0014573,Desktop,EOL within 12 months,2027,2027-06-22,,1066.7,In Progress,Branch Scheduling
PRJ-004408,AST-0009262,Laptop,Past EOL,2026,2026-06-28,,1605.78,Planning,Branch Scheduling
PRJ-004409,AST-0015041,Desktop,EOL within 12 months,2026,2026-06-24,,1090.86,Planning,Branch Scheduling
PRJ-004410,AST-0003902,Laptop,EOL within 24 months,2027,2027-07-21,,2716.89,Planning,Change Freeze
PRJ-004411,AST-0021058,Server,EOL within 24 months,2026,2026-07-26,,13521.21,Planning,Branch Scheduling
PRJ-004412,AST-0013276,Laptop,Past EOL,2028,2028-04-01,,1965.9,Not Started,Vendor Lead Time
PRJ-004413,AST-0010595,Laptop,EOL within 24 months,2028,2028-11-19,,2149.52,Planning,Security Exception
PRJ-004414,AST-0004581,Laptop,Past EOL,2027,2027-05-13,,1404.1,Planning,Vendor Lead Time
PRJ-004415,AST-0002762,Laptop,EOL within 24 months,2027,2027-09-14,,1766.22,Planning,Security Exception
PRJ-004416,AST-0014877,Desktop,EOL within 24 months,2028,2028-11-14,2028-11-24,1222.62,Completed,Budget Approval
PRJ-004417,AST-0015197,Desktop,EOL within 12 months,2027,2027-08-24,,1111.19,Not Started,Budget Approval
PRJ-004418,AST-0019115,VDI Endpoint,EOL within 24 months,2027,2027-12-24,,862.95,Not Started,Change Freeze
PRJ-004419,AST-0001133,Laptop,EOL within 12 months,2027,2027-10-19,2027-09-28,1536.45,Completed,None
PRJ-004420,AST-0008181,Laptop,EOL within 24 months,2028,2028-08-25,2028-08-22,2098.56,Completed,Application Dependency
PRJ-004421,AST-0019099,VDI Endpoint,EOL within 12 months,2026,2026-09-04,,1026.68,In Progress,Change Freeze
PRJ-004422,AST-0018954,VDI Endpoint,EOL within 24 months,2027,2027-12-20,,898.86,Not Started,Security Exception
PRJ-004423,AST-0015367,Desktop,EOL within 12 months,2027,2027-06-05,,1204.82,Planning,Change Freeze
PRJ-004424,AST-0004637,Laptop,Past EOL,2026,2026-06-05,,1868.59,Blocked,Vendor Lead Time
PRJ-004425,AST-0001943,Laptop,EOL within 12 months,2028,2028-06-08,,1553.62,In Progress,Budget Approval
PRJ-004426,AST-0011204,Laptop,EOL within 24 months,2026,2026-09-01,,2425.41,Not Started,Change Freeze
PRJ-004427,AST-0010305,Laptop,EOL within 24 months,2026,2026-06-04,,1933.35,Planning,Branch Scheduling
PRJ-004428,AST-0010840,Laptop,EOL within 12 months,2026,2026-11-12,,2070.72,In Progress,None
PRJ-004429,AST-0022732,Core Switch,EOL within 24 months,2028,2028-01-14,,20221.76,In Progress,Security Exception
PRJ-004430,AST-0023899,Wireless Controller,EOL within 24 months,2027,2027-05-23,,9577.15,Planning,None
PRJ-004431,AST-0006797,Laptop,EOL within 12 months,2028,2028-08-13,,2039.26,In Progress,Application Dependency
PRJ-004432,AST-0010454,Laptop,EOL within 12 months,2028,2028-05-04,,1906.1,In Progress,Branch Scheduling
PRJ-004433,AST-0012016,Laptop,EOL within 24 months,2027,2027-11-24,,2202.99,Planning,Branch Scheduling
PRJ-004434,AST-0011609,Laptop,EOL within 24 months,2028,2028-10-09,,2076.93,Not Started,Security Exception
PRJ-004435,AST-0021955,Access Switch,EOL within 24 months,2027,2027-12-08,,5916.95,Planning,Branch Scheduling
PRJ-004436,AST-0014980,Desktop,EOL within 24 months,2028,2028-02-12,,924.98,Not Started,Security Exception
PRJ-004437,AST-0007667,Laptop,Past EOL,2028,2028-10-21,,1970.79,Not Started,Branch Scheduling
PRJ-004438,AST-0016780,Desktop,EOL within 12 months,2028,2028-11-17,,1248.01,Not Started,Application Dependency
PRJ-004439,AST-0008691,Laptop,EOL within 24 months,2027,2027-02-26,,2274.3,Planning,Security Exception
PRJ-004440,AST-0013959,Laptop,EOL within 24 months,2027,2027-05-27,,1792.91,Not Started,Budget Approval
PRJ-004441,AST-0013524,Laptop,EOL within 12 months,2028,2028-12-04,,2078.89,Planning,Change Freeze
PRJ-004442,AST-0002208,Laptop,EOL within 24 months,2026,2026-09-01,,1884.92,In Progress,Change Freeze
PRJ-004443,AST-0013332,Laptop,Past EOL,2027,2027-03-29,,1887.98,Planning,Vendor Lead Time
PRJ-004444,AST-0008561,Laptop,EOL within 24 months,2027,2027-03-28,,3180.57,Planning,Branch Scheduling
PRJ-004445,AST-0019926,VDI Endpoint,EOL within 24 months,2028,2028-07-15,,843.27,Planning,Application Dependency
PRJ-004446,AST-0016961,Desktop,EOL within 12 months,2027,2027-10-24,,1394.03,Planning,Application Dependency
PRJ-004447,AST-0017258,Desktop,EOL within 12 months,2027,2027-03-19,,1296.53,Not Started,Budget Approval
PRJ-004448,AST-0019103,VDI Endpoint,EOL within 12 months,2028,2028-03-09,,1378.83,Planning,Branch Scheduling
PRJ-004449,AST-0020633,Server,EOL within 24 months,2027,2027-02-25,,12377.8,Not Started,Change Freeze
PRJ-004450,AST-0011078,Laptop,Past EOL,2028,2028-02-25,2028-03-02,1458.04,Completed,Application Dependency
PRJ-004451,AST-0007742,Laptop,EOL within 24 months,2027,2027-04-01,,2682.85,In Progress,Security Exception
PRJ-004452,AST-0007645,Laptop,Past EOL,2026,2026-09-02,,1911.02,Planning,Security Exception
PRJ-004453,AST-0007840,Laptop,EOL within 12 months,2028,2028-07-03,,2077.3,In Progress,Branch Scheduling
PRJ-004454,AST-0015999,Desktop,EOL within 24 months,2026,2026-08-05,,1010.17,In Progress,None
PRJ-004455,AST-0011994,Laptop,Past EOL,2028,2028-02-27,,1759.54,Planning,Change Freeze
PRJ-004456,AST-0009579,Laptop,EOL within 24 months,2028,2028-12-16,,1822.62,Deferred,Budget Approval
PRJ-004457,AST-0018554,VDI Endpoint,EOL within 12 months,2027,2027-05-27,,1381.8,Deferred,Budget Approval
PRJ-004458,AST-0023874,Wireless Access Point,EOL within 12 months,2028,2028-06-23,,1045.63,Not Started,Application Dependency
PRJ-004459,AST-0001634,Laptop,Past EOL,2027,2027-02-01,,1398.05,Planning,Security Exception
PRJ-004460,AST-0001229,Laptop,EOL within 24 months,2027,2027-07-30,2027-07-30,3623.25,Completed,Branch Scheduling
PRJ-004461,AST-0010221,Laptop,Past EOL,2027,2027-01-01,,1416.99,Not Started,Application Dependency
PRJ-004462,AST-0001459,Laptop,Past EOL,2027,2027-08-21,,1921.24,In Progress,Application Dependency
PRJ-004463,AST-0018551,VDI Endpoint,EOL within 24 months,2028,2028-05-16,,1096.72,In Progress,Change Freeze
PRJ-004464,AST-0010198,Laptop,EOL within 24 months,2027,2027-10-12,,2716.6,In Progress,Application Dependency
PRJ-004465,AST-0005008,Laptop,EOL within 12 months,2027,2027-08-05,,1657.93,In Progress,Change Freeze
PRJ-004466,AST-0016378,Desktop,EOL within 24 months,2027,2027-05-29,2027-08-10,1192.71,Completed,Change Freeze
PRJ-004467,AST-0014480,Desktop,EOL within 12 months,2027,2027-02-18,,1010.31,Planning,Security Exception
PRJ-004468,AST-0008173,Laptop,EOL within 12 months,2026,2026-10-18,,1552.22,In Progress,Branch Scheduling
PRJ-004469,AST-0010470,Laptop,EOL within 12 months,2026,2026-10-29,,1832.86,Not Started,Change Freeze
PRJ-004470,AST-0019813,VDI Endpoint,EOL within 24 months,2027,2027-08-06,,1173.78,Deferred,Branch Scheduling
PRJ-004471,AST-0000323,Laptop,EOL within 24 months,2026,2026-09-22,,2106.22,Not Started,None
PRJ-004472,AST-0005336,Laptop,EOL within 24 months,2027,2027-10-17,,2073.24,Not Started,Security Exception
PRJ-004473,AST-0016303,Desktop,EOL within 12 months,2028,2028-06-14,,1120.87,Not Started,Branch Scheduling
PRJ-004474,AST-0002519,Laptop,EOL within 12 months,2027,2027-08-04,,1678.23,Not Started,Change Freeze
PRJ-004475,AST-0017408,Desktop,EOL within 12 months,2026,2026-10-31,,1090.13,Planning,Branch Scheduling
PRJ-004476,AST-0012709,Laptop,EOL within 12 months,2028,2028-07-11,,2181.38,In Progress,Change Freeze
PRJ-004477,AST-0001260,Laptop,EOL within 24 months,2027,2027-02-04,,3461.43,Deferred,Change Freeze
PRJ-004478,AST-0017891,Desktop,EOL within 24 months,2027,2027-09-07,,1279.16,Not Started,Security Exception
PRJ-004479,AST-0006042,Laptop,Past EOL,2028,2028-01-26,,1463.38,Planning,None
PRJ-004480,AST-0004352,Laptop,EOL within 24 months,2026,2026-11-06,2026-11-27,3633.3,Completed,Change Freeze
PRJ-004481,AST-0013129,Laptop,EOL within 24 months,2028,2028-03-27,,1679.63,Not Started,Change Freeze
PRJ-004482,AST-0003799,Laptop,Past EOL,2026,2026-12-28,,1359.76,Planning,Application Dependency
PRJ-004483,AST-0013665,Laptop,EOL within 24 months,2029,2029-01-02,,2049.98,Blocked,None
PRJ-004484,AST-0006109,Laptop,EOL within 12 months,2027,2027-08-23,,1557.72,Planning,None
PRJ-004485,AST-0014257,Desktop,EOL within 12 months,2027,2027-02-24,2027-04-04,1161.21,Completed,None
PRJ-004486,AST-0011477,Laptop,Past EOL,2027,2027-10-23,,1810.89,In Progress,None
PRJ-004487,AST-0007188,Laptop,EOL within 24 months,2027,2027-05-22,,3359.72,Not Started,Change Freeze
PRJ-004488,AST-0017436,Desktop,EOL within 24 months,2028,2028-11-15,,860.67,Not Started,Change Freeze
PRJ-004489,AST-0006609,Laptop,Past EOL,2028,2028-12-24,,1932.73,Planning,None
PRJ-004490,AST-0019895,VDI Endpoint,EOL within 24 months,2027,2027-02-07,,849.47,In Progress,Change Freeze
PRJ-004491,AST-0006453,Laptop,EOL within 24 months,2027,2027-01-10,,3174.79,Planning,Budget Approval
PRJ-004492,AST-0016387,Desktop,EOL within 12 months,2027,2027-10-09,,1060.64,Planning,Budget Approval
PRJ-004493,AST-0017836,Desktop,EOL within 12 months,2026,2026-07-10,2026-07-05,1374.06,Completed,Application Dependency
PRJ-004494,AST-0005397,Laptop,EOL within 24 months,2028,2028-09-11,,1538.74,Planning,None
PRJ-004495,AST-0001105,Laptop,Past EOL,2027,2027-08-10,2027-09-19,1987.36,Completed,Change Freeze
PRJ-004496,AST-0003515,Laptop,EOL within 24 months,2028,2028-03-15,,2334.74,Not Started,Branch Scheduling
PRJ-004497,AST-0012211,Laptop,EOL within 24 months,2027,2027-09-03,,1871.56,Planning,Budget Approval
PRJ-004498,AST-0014052,Desktop,EOL within 24 months,2028,2028-06-04,,1105.11,In Progress,Vendor Lead Time
PRJ-004499,AST-0015289,Desktop,EOL within 24 months,2028,2028-08-09,,1177.78,Planning,Security Exception
PRJ-004500,AST-0006564,Laptop,EOL within 12 months,2027,2027-05-03,,1606.62,Planning,Vendor Lead Time
PRJ-004501,AST-0019313,VDI Endpoint,EOL within 12 months,2028,2028-08-24,,1129.07,In Progress,None
PRJ-004502,AST-0000299,Laptop,EOL within 12 months,2026,2026-06-11,,1892.12,Blocked,Branch Scheduling
PRJ-004503,AST-0000800,Laptop,EOL within 24 months,2026,2026-06-09,,3653.82,Not Started,None
PRJ-004504,AST-0022297,Access Switch,EOL within 24 months,2028,2028-07-12,,9167.13,Not Started,Change Freeze
PRJ-004505,AST-0017759,Desktop,EOL within 12 months,2027,2027-03-18,,984.3,Not Started,None
PRJ-004506,AST-0016015,Desktop,EOL within 12 months,2026,2026-08-23,,1076.42,Planning,Change Freeze
PRJ-004507,AST-0016266,Desktop,EOL within 24 months,2028,2028-06-28,,1078.55,Not Started,Branch Scheduling
PRJ-004508,AST-0009151,Laptop,Past EOL,2028,2028-02-29,,1431.77,Blocked,Change Freeze
PRJ-004509,AST-0017819,Desktop,EOL within 12 months,2027,2027-08-26,,982.74,Not Started,Budget Approval
PRJ-004510,AST-0018736,VDI Endpoint,EOL within 12 months,2027,2027-04-21,,1159.4,Planning,None
PRJ-004511,AST-0015919,Desktop,EOL within 24 months,2028,2028-03-07,,1260.5,Deferred,Change Freeze
PRJ-004512,AST-0020586,Server,EOL within 24 months,2027,2027-04-30,2027-06-21,10902.36,Completed,Application Dependency
PRJ-004513,AST-0014915,Desktop,EOL within 24 months,2026,2026-07-19,2026-07-25,988.68,Completed,Security Exception
PRJ-004514,AST-0015691,Desktop,EOL within 24 months,2026,2026-11-09,,928.26,Not Started,Vendor Lead Time
PRJ-004515,AST-0002283,Laptop,EOL within 24 months,2026,2026-07-28,,2052.71,Planning,Vendor Lead Time
PRJ-004516,AST-0017020,Desktop,EOL within 24 months,2026,2026-10-29,,1183.39,Not Started,Budget Approval
PRJ-004517,AST-0001427,Laptop,Past EOL,2028,2028-05-16,,1531.55,In Progress,Change Freeze
PRJ-004518,AST-0002313,Laptop,Past EOL,2028,2028-07-26,,1769.87,In Progress,Branch Scheduling
PRJ-004519,AST-0006106,Laptop,Past EOL,2026,2026-10-07,,1336.04,In Progress,Security Exception
PRJ-004520,AST-0003922,Laptop,EOL within 24 months,2027,2027-01-26,,2951.04,In Progress,Application Dependency
PRJ-004521,AST-0011439,Laptop,EOL within 12 months,2027,2027-10-08,,1892.02,Planning,None
PRJ-004522,AST-0021466,Server,EOL within 24 months,2027,2027-08-25,2027-08-01,15905.38,Completed,Application Dependency
PRJ-004523,AST-0021627,Access Switch,EOL within 24 months,2028,2028-11-02,,6832.89,Deferred,Application Dependency
PRJ-004524,AST-0010981,Laptop,EOL within 12 months,2026,2026-07-20,,1559.49,Planning,Vendor Lead Time
PRJ-004525,AST-0022821,Router,EOL within 12 months,2027,2027-03-23,,14858.34,Planning,None
PRJ-004526,AST-0018566,VDI Endpoint,EOL within 12 months,2028,2028-03-29,,1194.2,Blocked,Branch Scheduling
PRJ-004527,AST-0004271,Laptop,EOL within 12 months,2028,2028-10-19,,1761.68,In Progress,Security Exception
PRJ-004528,AST-0009376,Laptop,Past EOL,2027,2027-11-06,,1502.34,Not Started,Budget Approval
PRJ-004529,AST-0006766,Laptop,Past EOL,2028,2028-02-27,,1882.08,In Progress,None
PRJ-004530,AST-0017138,Desktop,EOL within 24 months,2026,2026-12-27,,1228.21,Not Started,Vendor Lead Time
PRJ-004531,AST-0003956,Laptop,EOL within 24 months,2027,2027-09-17,,2084.27,Planning,Branch Scheduling
PRJ-004532,AST-0002028,Laptop,EOL within 12 months,2028,2028-03-15,,1919.22,Not Started,Security Exception
PRJ-004533,AST-0023367,Wireless Access Point,EOL within 24 months,2028,2028-01-31,,970.21,Not Started,None
PRJ-004534,AST-0023246,Wireless Access Point,EOL within 24 months,2028,2028-11-15,2028-11-22,1593.32,Completed,Vendor Lead Time
PRJ-004535,AST-0014002,Desktop,EOL within 24 months,2027,2027-06-30,,1033.93,Planning,Security Exception
PRJ-004536,AST-0003697,Laptop,Past EOL,2026,2026-12-02,,1883.28,Not Started,Change Freeze
PRJ-004537,AST-0016877,Desktop,EOL within 12 months,2026,2026-08-07,2026-10-28,1274.64,Completed,Application Dependency
PRJ-004538,AST-0017990,Desktop,EOL within 12 months,2028,2028-06-06,,1117.93,Not Started,Vendor Lead Time
PRJ-004539,AST-0007982,Laptop,Past EOL,2027,2027-01-08,,1581.01,In Progress,Application Dependency
PRJ-004540,AST-0013267,Laptop,EOL within 24 months,2027,2027-11-21,,3448.07,Planning,Application Dependency
PRJ-004541,AST-0010606,Laptop,EOL within 12 months,2028,2028-07-17,,1814.95,Not Started,None
PRJ-004542,AST-0000980,Laptop,Past EOL,2027,2027-12-28,,1625.58,Deferred,Change Freeze
PRJ-004543,AST-0003798,Laptop,EOL within 24 months,2028,2028-12-24,2028-12-14,1899.59,Completed,Branch Scheduling
PRJ-004544,AST-0023887,Wireless Controller,EOL within 24 months,2027,2027-09-01,,12411.52,In Progress,Application Dependency
PRJ-004545,AST-0005290,Laptop,EOL within 24 months,2027,2027-06-04,,2108.45,Not Started,Branch Scheduling
PRJ-004546,AST-0011181,Laptop,EOL within 24 months,2026,2026-06-10,2026-06-02,3205.39,Completed,Change Freeze
PRJ-004547,AST-0016360,Desktop,EOL within 24 months,2027,2027-10-18,2027-11-21,1068.62,Completed,Vendor Lead Time
PRJ-004548,AST-0018934,VDI Endpoint,EOL within 12 months,2028,2028-03-25,2028-03-10,1358.11,Completed,None
PRJ-004549,AST-0012163,Laptop,EOL within 12 months,2028,2028-07-08,,2025.27,Deferred,Vendor Lead Time
PRJ-004550,AST-0005861,Laptop,EOL within 12 months,2027,2027-11-09,2027-10-27,1504.98,Completed,Application Dependency
PRJ-004551,AST-0007205,Laptop,EOL within 24 months,2027,2027-03-07,,2483.39,Planning,Security Exception
PRJ-004552,AST-0019741,VDI Endpoint,EOL within 24 months,2028,2028-01-27,,1008.71,Deferred,Budget Approval
PRJ-004553,AST-0012216,Laptop,Past EOL,2028,2028-08-07,,1519.21,Not Started,None
PRJ-004554,AST-0012012,Laptop,EOL within 24 months,2026,2026-07-10,,1827.82,Not Started,Vendor Lead Time
PRJ-004555,AST-0001899,Laptop,Past EOL,2028,2028-02-16,,1485.5,Planning,None
PRJ-004556,AST-0011617,Laptop,EOL within 12 months,2026,2026-12-20,,2139.68,Not Started,Budget Approval
PRJ-004557,AST-0015690,Desktop,EOL within 24 months,2028,2028-07-25,,1274.74,Not Started,Budget Approval
PRJ-004558,AST-0005892,Laptop,EOL within 24 months,2027,2027-04-07,,1941.95,In Progress,Vendor Lead Time
PRJ-004559,AST-0020204,Server,EOL within 24 months,2028,2028-10-22,,12735.55,Planning,Change Freeze
PRJ-004560,AST-0021960,Access Switch,EOL within 24 months,2027,2027-05-04,,5541.9,Not Started,Budget Approval
PRJ-004561,AST-0000381,Laptop,Past EOL,2028,2028-07-12,,1894.72,Not Started,Branch Scheduling
PRJ-004562,AST-0002063,Laptop,Past EOL,2026,2026-10-09,,1654.41,Not Started,Branch Scheduling
PRJ-004563,AST-0017915,Desktop,EOL within 24 months,2027,2027-12-10,,1213.75,In Progress,Budget Approval
PRJ-004564,AST-0000003,Laptop,EOL within 24 months,2026,2026-06-08,,1744.77,Planning,Security Exception
PRJ-004565,AST-0011170,Laptop,EOL within 12 months,2026,2026-07-21,,2084.76,Planning,Application Dependency
PRJ-004566,AST-0008864,Laptop,Past EOL,2028,2028-12-21,,1491.22,In Progress,Budget Approval
PRJ-004567,AST-0019058,VDI Endpoint,EOL within 24 months,2026,2026-11-18,,1148.88,Planning,Application Dependency
PRJ-004568,AST-0002634,Laptop,EOL within 12 months,2028,2028-06-06,,1767.52,Deferred,Change Freeze
PRJ-004569,AST-0014335,Desktop,EOL within 12 months,2026,2026-10-30,,1126.71,Blocked,Security Exception
PRJ-004570,AST-0000478,Laptop,EOL within 24 months,2026,2026-12-15,,1927.09,Not Started,Budget Approval
PRJ-004571,AST-0012676,Laptop,EOL within 24 months,2027,2027-08-12,2027-08-17,1906.12,Completed,Application Dependency
PRJ-004572,AST-0004725,Laptop,EOL within 24 months,2028,2028-03-28,,3057.37,In Progress,Branch Scheduling
PRJ-004573,AST-0004697,Laptop,EOL within 12 months,2028,2028-05-31,,1508.72,Deferred,Budget Approval
PRJ-004574,AST-0000479,Laptop,EOL within 12 months,2028,2028-08-03,,1814.98,Not Started,Budget Approval
PRJ-004575,AST-0010931,Laptop,EOL within 24 months,2026,2026-11-24,2026-12-19,3256.68,Completed,Vendor Lead Time
PRJ-004576,AST-0002155,Laptop,Past EOL,2026,2026-09-10,,1634.52,In Progress,Vendor Lead Time
PRJ-004577,AST-0003336,Laptop,EOL within 24 months,2027,2027-09-19,2027-10-17,2184.63,Completed,Security Exception
PRJ-004578,AST-0000048,Laptop,EOL within 12 months,2028,2028-04-27,,2084.54,Not Started,None
PRJ-004579,AST-0008826,Laptop,EOL within 12 months,2028,2028-10-18,,1732.21,Not Started,Vendor Lead Time
PRJ-004580,AST-0000129,Laptop,Past EOL,2026,2026-08-21,,1408.03,In Progress,None
PRJ-004581,AST-0001389,Laptop,EOL within 12 months,2027,2027-08-03,,1843.1,In Progress,Branch Scheduling
PRJ-004582,AST-0016986,Desktop,EOL within 12 months,2027,2027-09-21,,1122.0,Deferred,Vendor Lead Time
PRJ-004583,AST-0016506,Desktop,EOL within 24 months,2028,2028-08-15,,1018.59,In Progress,None
PRJ-004584,AST-0005697,Laptop,Past EOL,2027,2027-03-26,,1639.01,Planning,Branch Scheduling
PRJ-004585,AST-0005669,Laptop,Past EOL,2027,2027-06-03,,1856.16,Not Started,None
PRJ-004586,AST-0004749,Laptop,EOL within 24 months,2028,2028-09-05,2028-11-23,2955.58,Completed,Vendor Lead Time
PRJ-004587,AST-0009403,Laptop,Past EOL,2027,2027-09-24,,1979.75,In Progress,Change Freeze
PRJ-004588,AST-0006424,Laptop,Past EOL,2026,2026-12-19,,1762.25,Deferred,None
PRJ-004589,AST-0009380,Laptop,EOL within 12 months,2028,2028-11-24,,2033.2,Not Started,Security Exception
PRJ-004590,AST-0008855,Laptop,EOL within 12 months,2027,2027-05-04,,1985.06,Not Started,None
PRJ-004591,AST-0018568,VDI Endpoint,EOL within 24 months,2026,2026-06-09,,1096.48,Not Started,Change Freeze
PRJ-004592,AST-0008448,Laptop,EOL within 24 months,2026,2026-09-24,,2658.72,Planning,Budget Approval
PRJ-004593,AST-0017563,Desktop,EOL within 12 months,2028,2028-06-05,,1072.36,Not Started,Security Exception
PRJ-004594,AST-0002335,Laptop,EOL within 24 months,2027,2027-06-10,,1517.05,Not Started,Branch Scheduling
PRJ-004595,AST-0010188,Laptop,EOL within 12 months,2026,2026-07-04,,1522.5,Blocked,None
PRJ-004596,AST-0019431,VDI Endpoint,EOL within 12 months,2027,2027-04-10,,1318.4,Blocked,None
PRJ-004597,AST-0004777,Laptop,Past EOL,2028,2028-07-21,2028-07-29,1596.35,Completed,None
PRJ-004598,AST-0011400,Laptop,Past EOL,2027,2027-01-29,,1721.74,Not Started,Vendor Lead Time
PRJ-004599,AST-0003937,Laptop,EOL within 12 months,2027,2027-10-18,,1750.62,In Progress,Security Exception
PRJ-004600,AST-0003931,Laptop,EOL within 12 months,2028,2028-06-07,,1461.42,Planning,Security Exception
PRJ-004601,AST-0018996,VDI Endpoint,EOL within 12 months,2028,2028-04-26,,1282.69,In Progress,Change Freeze
PRJ-004602,AST-0007078,Laptop,EOL within 12 months,2027,2027-02-01,2027-04-20,1749.48,Completed,Branch Scheduling
PRJ-004603,AST-0013235,Laptop,EOL within 12 months,2028,2028-11-21,,1461.04,In Progress,Vendor Lead Time
PRJ-004604,AST-0001560,Laptop,EOL within 12 months,2026,2026-11-27,,1846.12,Not Started,Application Dependency
PRJ-004605,AST-0006348,Laptop,EOL within 24 months,2026,2026-10-21,,3473.78,Deferred,Branch Scheduling
PRJ-004606,AST-0000964,Laptop,EOL within 12 months,2028,2028-05-22,,1804.17,Planning,Branch Scheduling
PRJ-004607,AST-0009485,Laptop,EOL within 12 months,2027,2027-01-31,,1901.63,Not Started,Change Freeze
PRJ-004608,AST-0003955,Laptop,EOL within 24 months,2027,2027-10-29,,2092.77,Deferred,Change Freeze
PRJ-004609,AST-0010861,Laptop,Past EOL,2028,2028-12-24,2029-02-07,1992.89,Completed,Budget Approval
PRJ-004610,AST-0022150,Access Switch,EOL within 24 months,2026,2026-10-15,,6784.54,Planning,Application Dependency
PRJ-004611,AST-0016860,Desktop,EOL within 12 months,2028,2028-08-05,,978.96,In Progress,Budget Approval
PRJ-004612,AST-0006710,Laptop,EOL within 24 months,2026,2026-06-14,,2246.12,Planning,Application Dependency
PRJ-004613,AST-0017396,Desktop,EOL within 24 months,2028,2028-04-26,,1327.79,Planning,Budget Approval
PRJ-004614,AST-0016012,Desktop,EOL within 12 months,2028,2028-07-25,,998.15,In Progress,Vendor Lead Time
PRJ-004615,AST-0023006,Router,EOL within 12 months,2027,2027-07-13,,13975.59,Not Started,Security Exception
PRJ-004616,AST-0013073,Laptop,Past EOL,2027,2027-01-22,,1551.13,Planning,Vendor Lead Time
PRJ-004617,AST-0011997,Laptop,Past EOL,2027,2027-04-25,,1614.54,Not Started,Security Exception
PRJ-004618,AST-0006747,Laptop,EOL within 24 months,2027,2027-10-09,,2479.47,Deferred,Branch Scheduling
PRJ-004619,AST-0016907,Desktop,EOL within 24 months,2028,2028-02-18,2028-02-26,931.92,Completed,None
PRJ-004620,AST-0019200,VDI Endpoint,EOL within 12 months,2028,2028-12-04,,1333.19,Not Started,Budget Approval
PRJ-004621,AST-0008059,Laptop,EOL within 24 months,2027,2027-12-02,,2178.3,Not Started,Branch Scheduling
PRJ-004622,AST-0011517,Laptop,EOL within 12 months,2027,2027-04-20,2027-04-14,2214.36,Completed,Budget Approval
PRJ-004623,AST-0014600,Desktop,EOL within 12 months,2027,2027-05-03,,967.04,Blocked,Budget Approval
PRJ-004624,AST-0015466,Desktop,EOL within 12 months,2026,2026-12-10,,1241.74,In Progress,Budget Approval
PRJ-004625,AST-0019528,VDI Endpoint,EOL within 24 months,2027,2027-10-16,,849.8,In Progress,Security Exception
PRJ-004626,AST-0010801,Laptop,EOL within 24 months,2028,2028-02-05,,2397.74,Deferred,None
PRJ-004627,AST-0017529,Desktop,EOL within 24 months,2026,2026-12-24,,1050.18,Planning,Application Dependency
PRJ-004628,AST-0008815,Laptop,EOL within 24 months,2028,2028-03-25,2028-03-25,2397.09,Completed,None
PRJ-004629,AST-0009667,Laptop,EOL within 24 months,2027,2027-09-14,,3525.33,Planning,Branch Scheduling
PRJ-004630,AST-0018474,Desktop,EOL within 12 months,2028,2028-05-07,,1080.29,Planning,Branch Scheduling
PRJ-004631,AST-0020062,Server,EOL within 24 months,2026,2026-06-29,,10729.14,Not Started,Security Exception
PRJ-004632,AST-0008112,Laptop,Past EOL,2026,2026-11-02,2026-11-07,1978.54,Completed,Vendor Lead Time
PRJ-004633,AST-0014765,Desktop,EOL within 12 months,2029,2029-01-01,,1309.61,Deferred,Security Exception
PRJ-004634,AST-0014396,Desktop,EOL within 24 months,2028,2028-03-10,,1229.01,Planning,None
PRJ-004635,AST-0015797,Desktop,EOL within 24 months,2026,2026-09-22,,956.24,Deferred,Security Exception
PRJ-004636,AST-0020882,Server,EOL within 24 months,2028,2028-10-07,,14865.87,Not Started,Security Exception
PRJ-004637,AST-0006744,Laptop,EOL within 12 months,2028,2028-02-29,,2055.32,Not Started,Budget Approval
PRJ-004638,AST-0018134,Desktop,EOL within 24 months,2028,2028-07-23,,900.71,Not Started,Security Exception
PRJ-004639,AST-0011630,Laptop,EOL within 12 months,2027,2027-04-27,2027-06-12,2065.05,Completed,Change Freeze
PRJ-004640,AST-0001966,Laptop,EOL within 24 months,2026,2026-09-05,,2798.67,Planning,Vendor Lead Time
PRJ-004641,AST-0012621,Laptop,EOL within 12 months,2027,2027-07-29,,1983.4,Planning,Vendor Lead Time
PRJ-004642,AST-0006315,Laptop,EOL within 24 months,2026,2026-09-03,,2078.55,In Progress,Security Exception
PRJ-004643,AST-0001731,Laptop,Past EOL,2027,2027-08-01,,1396.65,Planning,None
PRJ-004644,AST-0015423,Desktop,EOL within 24 months,2026,2026-08-26,,1172.32,Planning,None
PRJ-004645,AST-0020052,Server,EOL within 24 months,2026,2026-10-22,,14376.03,Not Started,Vendor Lead Time
PRJ-004646,AST-0016839,Desktop,EOL within 12 months,2027,2027-02-20,,1164.33,In Progress,Vendor Lead Time
PRJ-004647,AST-0016121,Desktop,EOL within 24 months,2027,2027-06-28,,1075.07,Blocked,Budget Approval
PRJ-004648,AST-0000169,Laptop,Past EOL,2028,2028-08-08,,1704.01,Blocked,Security Exception
PRJ-004649,AST-0006146,Laptop,Past EOL,2028,2028-08-07,,1813.3,Planning,Vendor Lead Time
PRJ-004650,AST-0008425,Laptop,EOL within 24 months,2027,2027-12-27,,1585.82,Not Started,Security Exception
PRJ-004651,AST-0021777,Access Switch,EOL within 24 months,2027,2027-06-21,,6561.5,In Progress,Budget Approval
PRJ-004652,AST-0008146,Laptop,EOL within 24 months,2027,2027-02-20,2027-03-21,1597.31,Completed,Application Dependency
PRJ-004653,AST-0018368,Desktop,EOL within 12 months,2026,2026-10-04,,1239.32,In Progress,Budget Approval
PRJ-004654,AST-0010427,Laptop,Past EOL,2026,2026-11-04,,1371.42,Planning,None
PRJ-004655,AST-0016882,Desktop,EOL within 24 months,2026,2026-12-23,,1096.89,Planning,Branch Scheduling
PRJ-004656,AST-0004558,Laptop,EOL within 24 months,2027,2027-07-04,,2253.25,Blocked,Security Exception
PRJ-004657,AST-0015078,Desktop,EOL within 12 months,2028,2028-05-30,,1099.27,Not Started,Branch Scheduling
PRJ-004658,AST-0005137,Laptop,Past EOL,2027,2027-01-24,,1359.47,Planning,Change Freeze
PRJ-004659,AST-0004466,Laptop,EOL within 24 months,2026,2026-12-08,2027-02-12,3698.29,Completed,Security Exception
PRJ-004660,AST-0022030,Access Switch,EOL within 24 months,2028,2028-03-15,,6855.97,In Progress,Application Dependency
PRJ-004661,AST-0017526,Desktop,EOL within 24 months,2026,2026-07-18,,1117.38,Not Started,Application Dependency
PRJ-004662,AST-0014552,Desktop,EOL within 12 months,2027,2027-09-02,,1351.53,Not Started,Budget Approval
PRJ-004663,AST-0008865,Laptop,Past EOL,2027,2027-05-26,,1824.9,Planning,Application Dependency
PRJ-004664,AST-0006112,Laptop,EOL within 24 months,2026,2026-06-12,,2917.48,Not Started,Change Freeze
PRJ-004665,AST-0004048,Laptop,Past EOL,2028,2028-05-15,,1578.54,Not Started,Branch Scheduling
PRJ-004666,AST-0013144,Laptop,Past EOL,2027,2027-02-14,,2005.69,Not Started,Vendor Lead Time
PRJ-004667,AST-0011388,Laptop,EOL within 24 months,2028,2028-07-07,2028-09-29,1640.54,Completed,Vendor Lead Time
PRJ-004668,AST-0008473,Laptop,EOL within 24 months,2027,2027-08-05,,1818.02,Deferred,Application Dependency
PRJ-004669,AST-0009876,Laptop,EOL within 12 months,2028,2028-08-24,,1989.7,In Progress,Budget Approval
PRJ-004670,AST-0005538,Laptop,EOL within 24 months,2027,2027-07-20,,3404.13,Not Started,Vendor Lead Time
PRJ-004671,AST-0004676,Laptop,EOL within 24 months,2028,2028-06-12,2028-06-07,1727.18,Completed,Vendor Lead Time
PRJ-004672,AST-0018812,VDI Endpoint,EOL within 24 months,2027,2027-07-17,,1119.48,Planning,Change Freeze
PRJ-004673,AST-0001428,Laptop,EOL within 24 months,2027,2027-07-12,,1944.65,Not Started,Branch Scheduling
PRJ-004674,AST-0003581,Laptop,Past EOL,2028,2028-02-15,,1428.44,Planning,None
PRJ-004675,AST-0014650,Desktop,EOL within 24 months,2027,2027-06-28,2027-08-14,1303.95,Completed,Vendor Lead Time
PRJ-004676,AST-0016739,Desktop,EOL within 12 months,2028,2028-07-27,,1162.5,Planning,Vendor Lead Time
PRJ-004677,AST-0009868,Laptop,EOL within 24 months,2028,2028-10-21,,1928.31,In Progress,None
PRJ-004678,AST-0007584,Laptop,Past EOL,2026,2026-09-13,,1655.94,Not Started,Budget Approval
PRJ-004679,AST-0010266,Laptop,Past EOL,2027,2027-11-01,,1926.7,Planning,Budget Approval
PRJ-004680,AST-0000258,Laptop,EOL within 12 months,2027,2027-08-25,,2097.73,Planning,Application Dependency
PRJ-004681,AST-0013330,Laptop,EOL within 24 months,2026,2026-06-19,2026-05-20,1842.03,Completed,Security Exception
PRJ-004682,AST-0002833,Laptop,Past EOL,2027,2027-08-19,,1491.83,In Progress,Security Exception
PRJ-004683,AST-0007863,Laptop,Past EOL,2026,2026-08-21,,1819.03,Not Started,Application Dependency
PRJ-004684,AST-0012864,Laptop,Past EOL,2027,2027-07-12,,1712.1,Planning,Application Dependency
PRJ-004685,AST-0011846,Laptop,Past EOL,2027,2027-03-28,,1386.36,In Progress,Application Dependency
PRJ-004686,AST-0008402,Laptop,EOL within 24 months,2027,2027-05-09,,2303.85,Planning,Vendor Lead Time
PRJ-004687,AST-0012749,Laptop,EOL within 24 months,2028,2028-01-24,,3450.42,In Progress,Vendor Lead Time
PRJ-004688,AST-0018588,VDI Endpoint,EOL within 24 months,2028,2028-08-12,,1123.32,Blocked,Change Freeze
PRJ-004689,AST-0016807,Desktop,EOL within 12 months,2027,2027-10-05,,1136.44,In Progress,Change Freeze
PRJ-004690,AST-0016380,Desktop,EOL within 12 months,2028,2028-08-13,,1344.51,Planning,Branch Scheduling
PRJ-004691,AST-0018167,Desktop,EOL within 12 months,2028,2028-03-23,,1412.99,Not Started,Security Exception
PRJ-004692,AST-0015836,Desktop,EOL within 24 months,2027,2027-09-04,,955.84,Planning,Vendor Lead Time
PRJ-004693,AST-0013200,Laptop,EOL within 24 months,2028,2028-12-07,,1885.79,In Progress,Budget Approval
PRJ-004694,AST-0003914,Laptop,EOL within 24 months,2028,2028-02-17,,2652.6,Planning,Branch Scheduling
PRJ-004695,AST-0005881,Laptop,Past EOL,2027,2027-08-08,,1442.94,Not Started,Change Freeze
PRJ-004696,AST-0019344,VDI Endpoint,EOL within 12 months,2028,2028-04-07,,1337.77,In Progress,Change Freeze
PRJ-004697,AST-0001738,Laptop,Past EOL,2028,2028-01-16,,1750.98,Not Started,None
PRJ-004698,AST-0013752,Laptop,EOL within 24 months,2027,2027-01-10,,1828.41,In Progress,Application Dependency
PRJ-004699,AST-0017452,Desktop,EOL within 12 months,2026,2026-07-16,,958.16,In Progress,None
PRJ-004700,AST-0023707,Wireless Access Point,EOL within 24 months,2028,2028-06-23,,1577.77,In Progress,Budget Approval
PRJ-004701,AST-0002320,Laptop,EOL within 24 months,2027,2027-11-28,,1779.78,Deferred,Vendor Lead Time
PRJ-004702,AST-0003298,Laptop,EOL within 12 months,2028,2028-01-04,,1599.98,Not Started,Security Exception
PRJ-004703,AST-0019942,VDI Endpoint,EOL within 12 months,2027,2027-11-23,2028-01-17,1110.28,Completed,Branch Scheduling
PRJ-004704,AST-0003284,Laptop,Past EOL,2028,2028-02-16,,1402.11,Deferred,Budget Approval
PRJ-004705,AST-0007665,Laptop,EOL within 24 months,2028,2028-05-07,,2950.06,Planning,Vendor Lead Time
PRJ-004706,AST-0004872,Laptop,EOL within 24 months,2027,2027-01-16,,2038.67,Not Started,Budget Approval
PRJ-004707,AST-0022076,Access Switch,EOL within 24 months,2028,2028-05-22,,7742.22,In Progress,Vendor Lead Time
PRJ-004708,AST-0004464,Laptop,Past EOL,2028,2028-01-24,,2006.69,Blocked,Security Exception
PRJ-004709,AST-0008130,Laptop,EOL within 24 months,2026,2026-06-05,,2786.43,Not Started,Change Freeze
PRJ-004710,AST-0004947,Laptop,Past EOL,2027,2027-11-26,,1452.26,Planning,Application Dependency
PRJ-004711,AST-0003116,Laptop,Past EOL,2028,2028-01-19,,1921.47,Blocked,Branch Scheduling
PRJ-004712,AST-0005279,Laptop,Past EOL,2028,2028-06-01,,1626.16,Planning,None
PRJ-004713,AST-0016076,Desktop,EOL within 24 months,2026,2026-07-01,,1279.24,Blocked,Branch Scheduling
PRJ-004714,AST-0016067,Desktop,EOL within 12 months,2028,2028-01-29,,1392.08,In Progress,Budget Approval
PRJ-004715,AST-0021464,Server,EOL within 24 months,2027,2027-12-09,,15450.56,Deferred,Application Dependency
PRJ-004716,AST-0003802,Laptop,Past EOL,2027,2027-02-22,,1746.09,Planning,Application Dependency
PRJ-004717,AST-0022830,Router,EOL within 12 months,2028,2028-04-30,,14785.57,Not Started,Budget Approval
PRJ-004718,AST-0011960,Laptop,Past EOL,2027,2027-06-30,,1747.22,Planning,Change Freeze
PRJ-004719,AST-0010144,Laptop,EOL within 24 months,2027,2027-04-01,,2842.85,In Progress,None
PRJ-004720,AST-0012254,Laptop,EOL within 24 months,2026,2026-12-10,,1791.61,Not Started,None
PRJ-004721,AST-0002655,Laptop,EOL within 12 months,2028,2028-03-08,,2181.42,Not Started,Application Dependency
PRJ-004722,AST-0016713,Desktop,EOL within 12 months,2026,2026-08-02,2026-10-05,978.98,Completed,Vendor Lead Time
PRJ-004723,AST-0008721,Laptop,EOL within 24 months,2028,2028-05-30,,3644.83,Deferred,None
PRJ-004724,AST-0016480,Desktop,EOL within 24 months,2027,2027-11-02,,875.94,In Progress,Application Dependency
PRJ-004725,AST-0013832,Laptop,EOL within 12 months,2027,2027-10-12,,1789.77,Deferred,Security Exception
PRJ-004726,AST-0005268,Laptop,EOL within 24 months,2028,2028-04-22,,1696.71,Not Started,Application Dependency
PRJ-004727,AST-0005077,Laptop,EOL within 12 months,2026,2026-08-28,,1839.68,In Progress,Branch Scheduling
PRJ-004728,AST-0013575,Laptop,Past EOL,2028,2028-03-09,,1468.02,Blocked,Change Freeze
PRJ-004729,AST-0007811,Laptop,EOL within 12 months,2028,2028-10-05,,1473.71,Not Started,Security Exception
PRJ-004730,AST-0006598,Laptop,EOL within 12 months,2026,2026-08-01,,1800.24,Planning,Budget Approval
PRJ-004731,AST-0004209,Laptop,EOL within 12 months,2028,2028-01-12,,1831.68,In Progress,Budget Approval
PRJ-004732,AST-0000181,Laptop,Past EOL,2027,2027-01-01,,1962.48,Planning,Change Freeze
PRJ-004733,AST-0006983,Laptop,EOL within 24 months,2029,2029-01-05,,1981.33,In Progress,Budget Approval
PRJ-004734,AST-0010298,Laptop,EOL within 24 months,2027,2027-01-06,,2806.35,Planning,Branch Scheduling
PRJ-004735,AST-0018819,VDI Endpoint,EOL within 12 months,2027,2027-02-16,,1135.65,Deferred,Vendor Lead Time
PRJ-004736,AST-0007458,Laptop,EOL within 12 months,2028,2028-06-01,2028-07-06,1868.84,Completed,Security Exception
PRJ-004737,AST-0009239,Laptop,EOL within 24 months,2026,2026-07-26,2026-10-16,1549.01,Completed,Vendor Lead Time
PRJ-004738,AST-0009247,Laptop,EOL within 12 months,2027,2027-10-03,,1868.98,Planning,Budget Approval
PRJ-004739,AST-0023828,Wireless Access Point,EOL within 24 months,2027,2027-04-16,,1080.8,Deferred,Branch Scheduling
PRJ-004740,AST-0017122,Desktop,EOL within 12 months,2026,2026-07-31,2026-08-14,1049.41,Completed,Security Exception
PRJ-004741,AST-0011618,Laptop,EOL within 24 months,2027,2027-11-13,,2291.07,Planning,None
PRJ-004742,AST-0013780,Laptop,EOL within 24 months,2027,2027-12-05,,3285.67,Not Started,Branch Scheduling
PRJ-004743,AST-0007876,Laptop,Past EOL,2027,2027-04-25,,1950.25,Planning,Change Freeze
PRJ-004744,AST-0005516,Laptop,EOL within 24 months,2026,2026-08-16,,2064.29,Not Started,Budget Approval
PRJ-004745,AST-0006743,Laptop,EOL within 12 months,2027,2027-11-07,2028-01-05,2083.56,Completed,Branch Scheduling
PRJ-004746,AST-0012174,Laptop,Past EOL,2027,2027-03-28,,1638.65,Planning,Branch Scheduling
PRJ-004747,AST-0001865,Laptop,EOL within 24 months,2028,2028-09-25,,1502.86,Planning,Security Exception
PRJ-004748,AST-0007517,Laptop,EOL within 12 months,2027,2027-08-02,,1692.13,In Progress,Budget Approval
PRJ-004749,AST-0005989,Laptop,Past EOL,2028,2028-09-18,2028-11-21,1658.73,Completed,Vendor Lead Time
PRJ-004750,AST-0009328,Laptop,EOL within 24 months,2027,2027-01-26,,3677.99,Deferred,Budget Approval
PRJ-004751,AST-0005733,Laptop,EOL within 12 months,2028,2028-10-17,2028-12-22,1963.05,Completed,None
PRJ-004752,AST-0019235,VDI Endpoint,EOL within 12 months,2027,2027-12-10,,1268.81,In Progress,Application Dependency
PRJ-004753,AST-0021580,Access Switch,EOL within 24 months,2026,2026-09-29,2026-10-13,5467.32,Completed,Branch Scheduling
PRJ-004754,AST-0012353,Laptop,EOL within 12 months,2027,2027-09-13,,1818.9,In Progress,None
PRJ-004755,AST-0005755,Laptop,EOL within 24 months,2027,2027-07-18,,1969.42,Planning,Application Dependency
PRJ-004756,AST-0018663,VDI Endpoint,EOL within 12 months,2026,2026-12-18,,1460.47,Not Started,None
PRJ-004757,AST-0006458,Laptop,EOL within 24 months,2026,2026-09-03,2026-10-14,3381.06,Completed,Security Exception
PRJ-004758,AST-0022048,Access Switch,EOL within 24 months,2027,2027-12-07,,9459.36,Deferred,Vendor Lead Time
PRJ-004759,AST-0015537,Desktop,EOL within 24 months,2027,2027-05-10,,1095.98,Not Started,Branch Scheduling
PRJ-004760,AST-0011862,Laptop,EOL within 12 months,2026,2026-07-26,,1979.01,In Progress,Branch Scheduling
PRJ-004761,AST-0005025,Laptop,EOL within 12 months,2027,2027-05-04,,2095.17,Not Started,Change Freeze
PRJ-004762,AST-0019398,VDI Endpoint,EOL within 24 months,2027,2027-11-25,,835.85,Planning,None
PRJ-004763,AST-0014007,Desktop,EOL within 24 months,2028,2028-06-09,,1135.45,Not Started,Vendor Lead Time
PRJ-004764,AST-0006898,Laptop,EOL within 12 months,2027,2027-02-04,,1748.38,Deferred,Vendor Lead Time
PRJ-004765,AST-0022775,Core Switch,EOL within 24 months,2027,2027-06-28,,24565.25,Planning,Branch Scheduling
PRJ-004766,AST-0018758,VDI Endpoint,EOL within 24 months,2027,2027-04-01,,828.97,Planning,Branch Scheduling
PRJ-004767,AST-0008843,Laptop,EOL within 24 months,2027,2027-04-10,,2316.36,Blocked,Application Dependency
PRJ-004768,AST-0002489,Laptop,EOL within 24 months,2028,2028-06-03,,1757.19,Planning,Budget Approval
PRJ-004769,AST-0018450,Desktop,EOL within 12 months,2027,2027-02-21,2027-03-07,1019.47,Completed,Application Dependency
PRJ-004770,AST-0012354,Laptop,EOL within 24 months,2027,2027-11-03,,2037.87,Blocked,Application Dependency
PRJ-004771,AST-0001921,Laptop,EOL within 12 months,2027,2027-06-14,,1496.84,Planning,Application Dependency
PRJ-004772,AST-0019511,VDI Endpoint,EOL within 12 months,2028,2028-02-06,,1343.11,Planning,Security Exception
PRJ-004773,AST-0005674,Laptop,Past EOL,2027,2027-11-07,,1943.09,Planning,None
PRJ-004774,AST-0013418,Laptop,EOL within 24 months,2028,2028-02-14,2028-04-11,3502.51,Completed,Vendor Lead Time
PRJ-004775,AST-0008015,Laptop,EOL within 12 months,2027,2027-07-11,,1920.84,In Progress,Change Freeze
PRJ-004776,AST-0021992,Access Switch,EOL within 24 months,2027,2027-07-12,,6103.54,Not Started,Security Exception
PRJ-004777,AST-0002219,Laptop,EOL within 24 months,2028,2028-10-10,2029-01-08,2926.97,Completed,Branch Scheduling
PRJ-004778,AST-0002947,Laptop,Past EOL,2028,2028-07-22,,1751.77,Deferred,None
PRJ-004779,AST-0003886,Laptop,EOL within 12 months,2026,2026-12-09,,2164.39,Not Started,Change Freeze
PRJ-004780,AST-0009631,Laptop,Past EOL,2026,2026-08-18,,1743.18,Deferred,Change Freeze
PRJ-004781,AST-0019514,VDI Endpoint,EOL within 24 months,2027,2027-06-04,,1094.22,In Progress,Change Freeze
PRJ-004782,AST-0007712,Laptop,EOL within 24 months,2027,2027-03-25,,2041.39,Not Started,Application Dependency
PRJ-004783,AST-0022933,Router,EOL within 12 months,2027,2027-12-12,,8858.66,Planning,Budget Approval
PRJ-004784,AST-0000273,Laptop,EOL within 24 months,2028,2028-11-11,,3018.05,Planning,Vendor Lead Time
PRJ-004785,AST-0014425,Desktop,EOL within 12 months,2027,2027-08-16,2027-10-28,984.97,Completed,Branch Scheduling
PRJ-004786,AST-0015163,Desktop,EOL within 12 months,2028,2028-10-07,,966.32,Not Started,Security Exception
PRJ-004787,AST-0017401,Desktop,EOL within 12 months,2027,2027-07-04,,1339.39,In Progress,Branch Scheduling
PRJ-004788,AST-0001060,Laptop,EOL within 24 months,2028,2028-12-23,2028-12-27,2113.57,Completed,Vendor Lead Time
PRJ-004789,AST-0018513,VDI Endpoint,EOL within 24 months,2028,2028-05-19,,886.62,Deferred,Vendor Lead Time
PRJ-004790,AST-0007933,Laptop,Past EOL,2026,2026-08-05,,1359.87,Not Started,Application Dependency
PRJ-004791,AST-0017958,Desktop,EOL within 12 months,2028,2028-11-03,,1381.01,Planning,Budget Approval
PRJ-004792,AST-0004911,Laptop,Past EOL,2026,2026-06-15,,1839.18,In Progress,Change Freeze
PRJ-004793,AST-0018042,Desktop,EOL within 24 months,2028,2028-04-17,2028-03-21,962.42,Completed,Budget Approval
PRJ-004794,AST-0013523,Laptop,EOL within 24 months,2027,2027-02-20,,1720.19,Planning,Vendor Lead Time
PRJ-004795,AST-0001192,Laptop,EOL within 12 months,2028,2028-07-12,,1973.43,Not Started,Branch Scheduling
PRJ-004796,AST-0015450,Desktop,EOL within 12 months,2028,2028-12-06,,1082.28,In Progress,Application Dependency
PRJ-004797,AST-0022325,Access Switch,EOL within 24 months,2028,2028-07-04,,5268.89,Planning,Branch Scheduling
PRJ-004798,AST-0005796,Laptop,EOL within 12 months,2027,2027-10-06,,1876.79,Planning,Budget Approval
PRJ-004799,AST-0014528,Desktop,EOL within 12 months,2026,2026-06-21,2026-09-08,1028.68,Completed,Branch Scheduling
PRJ-004800,AST-0007084,Laptop,EOL within 12 months,2028,2028-03-28,,1908.7,Not Started,Change Freeze
PRJ-004801,AST-0002353,Laptop,Past EOL,2027,2027-03-01,,1949.87,Planning,Vendor Lead Time
PRJ-004802,AST-0011432,Laptop,EOL within 24 months,2026,2026-10-13,,2384.16,In Progress,Vendor Lead Time
PRJ-004803,AST-0010700,Laptop,Past EOL,2027,2027-10-03,,1800.57,Deferred,Security Exception
PRJ-004804,AST-0013677,Laptop,Past EOL,2027,2027-06-10,,1533.76,In Progress,Branch Scheduling
PRJ-004805,AST-0009402,Laptop,Past EOL,2027,2027-04-30,,1795.77,In Progress,Change Freeze
PRJ-004806,AST-0001405,Laptop,EOL within 24 months,2027,2027-10-29,,1714.98,In Progress,Security Exception
PRJ-004807,AST-0001494,Laptop,EOL within 12 months,2027,2027-03-06,,1848.59,Not Started,Budget Approval
PRJ-004808,AST-0009981,Laptop,EOL within 24 months,2028,2028-12-23,,2185.36,Not Started,None
PRJ-004809,AST-0017977,Desktop,EOL within 12 months,2028,2028-08-17,,994.42,Planning,None
PRJ-004810,AST-0005827,Laptop,EOL within 12 months,2026,2026-06-11,,1876.25,Planning,Change Freeze
PRJ-004811,AST-0006071,Laptop,EOL within 24 months,2028,2028-03-02,,3240.96,Not Started,Security Exception
PRJ-004812,AST-0017579,Desktop,EOL within 24 months,2027,2027-06-02,,1130.19,In Progress,Vendor Lead Time
PRJ-004813,AST-0004119,Laptop,EOL within 24 months,2027,2027-06-23,2027-07-04,3359.77,Completed,Change Freeze
PRJ-004814,AST-0010004,Laptop,EOL within 12 months,2026,2026-11-07,,1867.13,In Progress,None
PRJ-004815,AST-0011287,Laptop,EOL within 12 months,2027,2027-05-01,2027-06-29,2042.72,Completed,Security Exception
PRJ-004816,AST-0018153,Desktop,EOL within 24 months,2028,2028-06-04,,975.76,Not Started,Vendor Lead Time
PRJ-004817,AST-0004984,Laptop,EOL within 24 months,2027,2027-12-18,2027-12-17,2135.86,Completed,Branch Scheduling
PRJ-004818,AST-0007778,Laptop,EOL within 12 months,2026,2026-10-26,,1491.46,Planning,Security Exception
PRJ-004819,AST-0006380,Laptop,Past EOL,2027,2027-05-18,,1631.17,Not Started,Change Freeze
PRJ-004820,AST-0016888,Desktop,EOL within 12 months,2027,2027-05-27,,1063.03,Deferred,Change Freeze
PRJ-004821,AST-0006816,Laptop,Past EOL,2027,2027-03-25,,1635.25,In Progress,Vendor Lead Time
PRJ-004822,AST-0008122,Laptop,EOL within 24 months,2028,2028-02-08,2028-02-20,1597.31,Completed,Branch Scheduling
PRJ-004823,AST-0022315,Access Switch,EOL within 24 months,2026,2026-07-14,,7832.38,Planning,None
PRJ-004824,AST-0018226,Desktop,EOL within 24 months,2027,2027-05-09,,1065.25,Planning,None
PRJ-004825,AST-0022083,Access Switch,EOL within 24 months,2027,2027-09-22,,8874.62,Deferred,Budget Approval
PRJ-004826,AST-0002916,Laptop,EOL within 24 months,2027,2027-05-28,,1733.83,Not Started,Branch Scheduling
PRJ-004827,AST-0000695,Laptop,EOL within 12 months,2028,2028-10-14,,1425.37,Planning,Change Freeze
PRJ-004828,AST-0007829,Laptop,EOL within 24 months,2027,2027-06-04,,2015.04,Not Started,Budget Approval
PRJ-004829,AST-0004671,Laptop,EOL within 24 months,2026,2026-07-26,,2354.12,In Progress,Change Freeze
PRJ-004830,AST-0011516,Laptop,Past EOL,2027,2027-08-26,,1611.18,Planning,Change Freeze
PRJ-004831,AST-0014697,Desktop,EOL within 24 months,2028,2028-09-08,2028-10-02,1192.15,Completed,Application Dependency
PRJ-004832,AST-0000134,Laptop,Past EOL,2026,2026-11-20,2027-01-28,1371.97,Completed,Application Dependency
PRJ-004833,AST-0005271,Laptop,EOL within 12 months,2027,2027-03-10,,1664.07,In Progress,Security Exception
PRJ-004834,AST-0004445,Laptop,EOL within 12 months,2028,2028-02-03,,2079.91,Deferred,None
PRJ-004835,AST-0022282,Access Switch,EOL within 24 months,2026,2026-11-14,,7301.59,Not Started,Vendor Lead Time
PRJ-004836,AST-0017890,Desktop,EOL within 12 months,2027,2027-10-16,,1221.77,In Progress,None
PRJ-004837,AST-0023281,Wireless Access Point,EOL within 12 months,2026,2026-09-27,,787.09,Planning,Vendor Lead Time
PRJ-004838,AST-0014054,Desktop,EOL within 24 months,2028,2028-07-06,,1037.36,Not Started,Change Freeze
PRJ-004839,AST-0006362,Laptop,EOL within 12 months,2028,2028-12-16,2029-02-13,1650.44,Completed,Change Freeze
PRJ-004840,AST-0006519,Laptop,Past EOL,2026,2026-11-06,,1552.72,Deferred,Application Dependency
PRJ-004841,AST-0013031,Laptop,EOL within 12 months,2027,2027-09-20,,1677.61,Planning,None
PRJ-004842,AST-0000686,Laptop,EOL within 12 months,2026,2026-09-12,2026-11-06,1688.52,Completed,Change Freeze
PRJ-004843,AST-0011594,Laptop,EOL within 24 months,2027,2027-11-10,,2638.19,Deferred,Branch Scheduling
PRJ-004844,AST-0012631,Laptop,EOL within 24 months,2028,2028-06-28,,2093.37,Not Started,Budget Approval
PRJ-004845,AST-0021725,Access Switch,EOL within 24 months,2027,2027-09-07,,6783.79,Planning,Security Exception
PRJ-004846,AST-0018901,VDI Endpoint,EOL within 12 months,2027,2027-10-27,,1471.47,Planning,Branch Scheduling
PRJ-004847,AST-0005014,Laptop,EOL within 12 months,2027,2027-08-14,,1428.33,Not Started,None
PRJ-004848,AST-0005734,Laptop,EOL within 24 months,2027,2027-09-02,,1778.03,Blocked,Budget Approval
PRJ-004849,AST-0003446,Laptop,EOL within 12 months,2027,2027-02-18,,2025.82,Planning,Application Dependency
PRJ-004850,AST-0014070,Desktop,EOL within 12 months,2028,2028-04-03,,1343.44,Not Started,Change Freeze
PRJ-004851,AST-0019793,VDI Endpoint,EOL within 24 months,2028,2028-10-13,,1062.29,In Progress,Budget Approval
PRJ-004852,AST-0010135,Laptop,EOL within 12 months,2027,2027-10-06,,1785.97,Planning,Application Dependency
PRJ-004853,AST-0012011,Laptop,EOL within 24 months,2028,2028-07-17,,2615.94,Not Started,Change Freeze
PRJ-004854,AST-0009077,Laptop,EOL within 12 months,2027,2027-03-03,,1917.97,Planning,Change Freeze
PRJ-004855,AST-0023465,Wireless Access Point,EOL within 12 months,2027,2027-05-12,,861.97,Not Started,Budget Approval
PRJ-004856,AST-0008371,Laptop,Past EOL,2026,2026-06-29,,1950.0,Planning,Budget Approval
PRJ-004857,AST-0016072,Desktop,EOL within 12 months,2028,2028-08-29,,1326.44,In Progress,Application Dependency
PRJ-004858,AST-0002820,Laptop,EOL within 12 months,2027,2027-12-15,,1558.09,Not Started,Application Dependency
PRJ-004859,AST-0014168,Desktop,EOL within 24 months,2027,2027-09-28,,1164.21,Not Started,Branch Scheduling
PRJ-004860,AST-0011283,Laptop,EOL within 24 months,2028,2028-08-02,,3528.13,Planning,Vendor Lead Time
PRJ-004861,AST-0016277,Desktop,EOL within 24 months,2028,2028-03-16,,1317.28,Deferred,Vendor Lead Time
PRJ-004862,AST-0001936,Laptop,Past EOL,2027,2027-07-21,,1787.84,Not Started,Change Freeze
PRJ-004863,AST-0013746,Laptop,Past EOL,2027,2027-01-22,,1663.3,Blocked,None
PRJ-004864,AST-0010038,Laptop,EOL within 12 months,2028,2028-09-03,,1508.74,Planning,Security Exception
PRJ-004865,AST-0015775,Desktop,EOL within 12 months,2028,2028-05-01,,1287.18,Planning,None
PRJ-004866,AST-0018156,Desktop,EOL within 24 months,2027,2027-07-18,,1265.89,Planning,Change Freeze
PRJ-004867,AST-0001721,Laptop,Past EOL,2028,2028-10-05,,1308.37,Deferred,Application Dependency
PRJ-004868,AST-0015636,Desktop,EOL within 24 months,2028,2028-03-09,,1044.44,Planning,None
PRJ-004869,AST-0015326,Desktop,EOL within 24 months,2028,2028-10-13,,1084.02,Not Started,None
PRJ-004870,AST-0002311,Laptop,Past EOL,2027,2027-07-29,,1494.52,Not Started,Budget Approval
PRJ-004871,AST-0001250,Laptop,Past EOL,2028,2028-09-13,2028-09-24,1446.82,Completed,Security Exception
PRJ-004872,AST-0018558,VDI Endpoint,EOL within 12 months,2027,2027-09-05,,1453.54,Not Started,None
PRJ-004873,AST-0015152,Desktop,EOL within 12 months,2028,2028-05-14,,1413.75,Not Started,Change Freeze
PRJ-004874,AST-0017498,Desktop,EOL within 24 months,2026,2026-07-14,,1262.66,Not Started,Application Dependency
PRJ-004875,AST-0000373,Laptop,EOL within 12 months,2028,2028-03-28,,1876.19,In Progress,Change Freeze
PRJ-004876,AST-0008834,Laptop,Past EOL,2028,2028-06-03,,1648.88,Deferred,Vendor Lead Time
PRJ-004877,AST-0011337,Laptop,EOL within 24 months,2026,2026-09-11,,2652.88,In Progress,Change Freeze
PRJ-004878,AST-0022078,Access Switch,EOL within 24 months,2028,2028-06-10,,6025.4,Planning,Vendor Lead Time
PRJ-004879,AST-0001994,Laptop,Past EOL,2028,2028-09-15,,1754.17,Planning,Application Dependency
PRJ-004880,AST-0012138,Laptop,EOL within 24 months,2026,2026-10-06,,3825.39,Not Started,None
PRJ-004881,AST-0007038,Laptop,Past EOL,2026,2026-08-31,,1676.11,Blocked,Change Freeze
PRJ-004882,AST-0011700,Laptop,EOL within 12 months,2028,2028-03-24,,1752.8,In Progress,Vendor Lead Time
PRJ-004883,AST-0010529,Laptop,EOL within 12 months,2027,2027-01-17,,1522.2,In Progress,Security Exception
PRJ-004884,AST-0003038,Laptop,EOL within 24 months,2026,2026-12-01,,2647.09,In Progress,Vendor Lead Time
PRJ-004885,AST-0016602,Desktop,EOL within 12 months,2027,2027-04-04,2027-03-06,1045.93,Completed,Branch Scheduling
PRJ-004886,AST-0000331,Laptop,EOL within 12 months,2027,2027-09-27,,1979.79,Not Started,Budget Approval
PRJ-004887,AST-0003241,Laptop,EOL within 12 months,2027,2027-06-07,,1905.04,Planning,Budget Approval
PRJ-004888,AST-0017050,Desktop,EOL within 12 months,2028,2028-04-05,,1222.59,Planning,Security Exception
PRJ-004889,AST-0009755,Laptop,Past EOL,2027,2027-12-28,,1800.86,Blocked,Budget Approval
PRJ-004890,AST-0005818,Laptop,EOL within 24 months,2026,2026-12-03,,2288.72,Blocked,Budget Approval
PRJ-004891,AST-0002269,Laptop,EOL within 12 months,2028,2028-04-23,2028-06-07,1669.39,Completed,None
PRJ-004892,AST-0005017,Laptop,Past EOL,2027,2027-11-04,,1485.88,Not Started,Security Exception
PRJ-004893,AST-0008612,Laptop,EOL within 12 months,2026,2026-08-12,2026-07-15,1844.47,Completed,None
PRJ-004894,AST-0000923,Laptop,Past EOL,2027,2027-07-23,,1720.84,In Progress,Change Freeze
PRJ-004895,AST-0006784,Laptop,EOL within 24 months,2028,2028-08-31,,2146.85,In Progress,Change Freeze
PRJ-004896,AST-0007906,Laptop,EOL within 24 months,2027,2027-04-02,2027-06-06,1982.88,Completed,None
PRJ-004897,AST-0001639,Laptop,EOL within 12 months,2028,2028-03-03,,1634.23,In Progress,Application Dependency
PRJ-004898,AST-0015130,Desktop,EOL within 24 months,2028,2028-03-21,,1211.09,Planning,None
PRJ-004899,AST-0007870,Laptop,EOL within 12 months,2027,2027-04-28,,1898.54,Deferred,Application Dependency
PRJ-004900,AST-0011295,Laptop,Past EOL,2026,2026-12-31,,1589.71,Not Started,None
PRJ-004901,AST-0010704,Laptop,Past EOL,2028,2028-07-13,,1898.5,Not Started,Change Freeze
PRJ-004902,AST-0020189,Server,EOL within 24 months,2028,2028-12-21,,13507.87,Not Started,Vendor Lead Time
PRJ-004903,AST-0005510,Laptop,EOL within 24 months,2026,2026-08-17,,3655.59,Planning,Vendor Lead Time
PRJ-004904,AST-0001216,Laptop,Past EOL,2028,2028-05-03,,1593.8,Planning,Vendor Lead Time
PRJ-004905,AST-0005328,Laptop,EOL within 24 months,2028,2028-04-26,,2346.02,Not Started,Change Freeze
PRJ-004906,AST-0012708,Laptop,EOL within 12 months,2027,2027-08-20,,1973.12,Not Started,Change Freeze
PRJ-004907,AST-0016373,Desktop,EOL within 24 months,2027,2027-04-26,,991.11,Deferred,Change Freeze
PRJ-004908,AST-0013141,Laptop,EOL within 12 months,2028,2028-06-11,,2163.33,Blocked,None
PRJ-004909,AST-0014723,Desktop,EOL within 12 months,2027,2027-03-25,,1161.09,Not Started,Branch Scheduling
PRJ-004910,AST-0000604,Laptop,Past EOL,2026,2026-08-31,,1476.24,Planning,Vendor Lead Time
PRJ-004911,AST-0011823,Laptop,Past EOL,2027,2027-12-29,,1717.85,In Progress,Change Freeze
PRJ-004912,AST-0002417,Laptop,EOL within 24 months,2028,2028-10-31,,2345.48,In Progress,Branch Scheduling
PRJ-004913,AST-0019268,VDI Endpoint,EOL within 12 months,2028,2028-03-18,,1214.99,Planning,Application Dependency
PRJ-004914,AST-0022769,Core Switch,EOL within 24 months,2026,2026-07-15,2026-08-02,24581.7,Completed,Vendor Lead Time
PRJ-004915,AST-0017124,Desktop,EOL within 24 months,2028,2028-06-05,,1259.49,In Progress,Budget Approval
PRJ-004916,AST-0009397,Laptop,EOL within 12 months,2028,2028-07-22,,1668.6,Planning,Change Freeze
PRJ-004917,AST-0022887,Router,EOL within 12 months,2028,2028-09-04,,6352.4,Not Started,Security Exception
PRJ-004918,AST-0019170,VDI Endpoint,EOL within 24 months,2028,2028-10-14,,1023.25,Planning,None
PRJ-004919,AST-0013901,Laptop,Past EOL,2026,2026-07-29,,1729.6,Not Started,None
PRJ-004920,AST-0002025,Laptop,EOL within 12 months,2026,2026-12-09,,2079.99,Planning,None
PRJ-004921,AST-0017427,Desktop,EOL within 12 months,2028,2028-05-31,,1093.39,Not Started,Application Dependency
PRJ-004922,AST-0011694,Laptop,Past EOL,2026,2026-09-15,,1746.34,Planning,Budget Approval
PRJ-004923,AST-0004082,Laptop,EOL within 24 months,2028,2028-10-29,,2585.23,Not Started,Branch Scheduling
PRJ-004924,AST-0019261,VDI Endpoint,EOL within 12 months,2027,2027-09-01,,1140.59,Planning,Change Freeze
PRJ-004925,AST-0014033,Desktop,EOL within 24 months,2028,2028-01-20,,901.54,In Progress,None
PRJ-004926,AST-0012252,Laptop,EOL within 24 months,2027,2027-08-26,,2613.61,Blocked,Application Dependency
PRJ-004927,AST-0004199,Laptop,EOL within 24 months,2026,2026-06-28,,1756.76,In Progress,Vendor Lead Time
PRJ-004928,AST-0008346,Laptop,Past EOL,2027,2027-04-12,,1712.75,Deferred,Vendor Lead Time
PRJ-004929,AST-0003973,Laptop,EOL within 12 months,2026,2026-08-15,,1747.96,Planning,Change Freeze
PRJ-004930,AST-0009196,Laptop,EOL within 24 months,2027,2027-08-25,,2288.92,Planning,Budget Approval
PRJ-004931,AST-0006260,Laptop,EOL within 24 months,2028,2028-02-25,,1796.85,Planning,Budget Approval
PRJ-004932,AST-0019538,VDI Endpoint,EOL within 24 months,2028,2028-12-26,,1162.2,In Progress,Budget Approval
PRJ-004933,AST-0005267,Laptop,Past EOL,2027,2027-08-24,,1536.52,Not Started,Branch Scheduling
PRJ-004934,AST-0001476,Laptop,Past EOL,2028,2028-04-03,,1421.14,Not Started,None
PRJ-004935,AST-0013895,Laptop,EOL within 12 months,2027,2027-05-31,,2020.8,Planning,Budget Approval
PRJ-004936,AST-0001545,Laptop,EOL within 12 months,2028,2028-02-03,,1908.65,Planning,None
PRJ-004937,AST-0002442,Laptop,Past EOL,2026,2026-07-29,,1565.38,In Progress,Budget Approval
PRJ-004938,AST-0022317,Access Switch,EOL within 24 months,2026,2026-07-08,2026-08-20,7073.29,Completed,Application Dependency
PRJ-004939,AST-0014187,Desktop,EOL within 12 months,2026,2026-07-10,,1311.04,Blocked,Application Dependency
PRJ-004940,AST-0014661,Desktop,EOL within 24 months,2027,2027-06-09,,915.97,Not Started,Change Freeze
PRJ-004941,AST-0014372,Desktop,EOL within 24 months,2028,2028-12-26,,1254.89,In Progress,Application Dependency
PRJ-004942,AST-0004730,Laptop,EOL within 12 months,2026,2026-07-03,,1961.27,Not Started,Vendor Lead Time
PRJ-004943,AST-0001608,Laptop,EOL within 24 months,2028,2028-02-05,,3469.43,Not Started,Branch Scheduling
PRJ-004944,AST-0013666,Laptop,Past EOL,2027,2027-06-08,2027-07-01,1414.32,Completed,Vendor Lead Time
PRJ-004945,AST-0014329,Desktop,EOL within 24 months,2026,2026-09-27,,1329.64,In Progress,Branch Scheduling
PRJ-004946,AST-0000016,Laptop,EOL within 24 months,2028,2028-08-19,,3295.1,Not Started,Change Freeze
PRJ-004947,AST-0014589,Desktop,EOL within 12 months,2028,2028-06-20,,1375.26,Not Started,Branch Scheduling
PRJ-004948,AST-0005253,Laptop,Past EOL,2026,2026-12-13,,1311.22,Planning,Vendor Lead Time
PRJ-004949,AST-0004739,Laptop,EOL within 24 months,2026,2026-10-07,,2105.39,Deferred,Application Dependency
PRJ-004950,AST-0020582,Server,EOL within 24 months,2027,2027-03-21,,11917.67,In Progress,None
PRJ-004951,AST-0008580,Laptop,EOL within 24 months,2028,2028-01-08,,1852.51,Not Started,Vendor Lead Time
PRJ-004952,AST-0007734,Laptop,EOL within 24 months,2027,2027-08-04,,1901.18,Not Started,Vendor Lead Time
PRJ-004953,AST-0010350,Laptop,EOL within 12 months,2028,2028-12-25,,2040.13,Blocked,Change Freeze
PRJ-004954,AST-0019574,VDI Endpoint,EOL within 24 months,2028,2028-11-28,2029-01-27,941.65,Completed,Branch Scheduling
PRJ-004955,AST-0019439,VDI Endpoint,EOL within 24 months,2026,2026-11-02,2026-11-27,1071.56,Completed,Change Freeze
PRJ-004956,AST-0003700,Laptop,Past EOL,2028,2028-03-28,,1405.26,Deferred,Application Dependency
PRJ-004957,AST-0016393,Desktop,EOL within 12 months,2026,2026-09-24,,1086.55,Deferred,Vendor Lead Time
PRJ-004958,AST-0015669,Desktop,EOL within 24 months,2028,2028-09-01,,975.74,In Progress,Application Dependency
PRJ-004959,AST-0018366,Desktop,EOL within 12 months,2027,2027-06-17,,1329.07,Blocked,Vendor Lead Time
PRJ-004960,AST-0009424,Laptop,EOL within 12 months,2027,2027-04-16,,1672.25,In Progress,Budget Approval
PRJ-004961,AST-0018051,Desktop,EOL within 12 months,2028,2028-06-28,,1373.78,Deferred,Budget Approval
PRJ-004962,AST-0007596,Laptop,EOL within 12 months,2027,2027-01-15,,2055.67,Not Started,None
PRJ-004963,AST-0005405,Laptop,Past EOL,2027,2027-11-20,,1523.42,In Progress,None
PRJ-004964,AST-0011490,Laptop,EOL within 12 months,2026,2026-08-02,,2080.93,In Progress,Change Freeze
PRJ-004965,AST-0008154,Laptop,Past EOL,2027,2027-07-31,,1438.97,Not Started,Change Freeze
PRJ-004966,AST-0002439,Laptop,EOL within 24 months,2026,2026-11-13,2027-01-25,2265.06,Completed,Change Freeze
PRJ-004967,AST-0014490,Desktop,EOL within 12 months,2027,2027-08-03,,1217.16,Not Started,Vendor Lead Time
PRJ-004968,AST-0002214,Laptop,EOL within 12 months,2026,2026-08-10,,1947.38,In Progress,Branch Scheduling
PRJ-004969,AST-0010105,Laptop,EOL within 12 months,2027,2027-05-03,,1577.79,Deferred,Branch Scheduling
PRJ-004970,AST-0009096,Laptop,Past EOL,2026,2026-10-11,,1354.28,Deferred,Security Exception
PRJ-004971,AST-0013857,Laptop,Past EOL,2027,2027-10-12,,1546.53,Planning,Vendor Lead Time
PRJ-004972,AST-0019971,VDI Endpoint,EOL within 12 months,2027,2027-01-20,,1316.77,Not Started,Branch Scheduling
PRJ-004973,AST-0012089,Laptop,EOL within 12 months,2027,2027-08-26,,1731.89,Deferred,Application Dependency
PRJ-004974,AST-0006016,Laptop,Past EOL,2027,2027-04-02,2027-04-09,1600.82,Completed,None
PRJ-004975,AST-0014128,Desktop,EOL within 12 months,2027,2027-05-20,,1171.85,Not Started,None
PRJ-004976,AST-0023615,Wireless Access Point,EOL within 24 months,2028,2028-08-07,,1133.65,In Progress,Budget Approval
PRJ-004977,AST-0000860,Laptop,Past EOL,2027,2027-09-11,2027-09-07,1921.88,Completed,Security Exception
PRJ-004978,AST-0004986,Laptop,EOL within 24 months,2027,2027-05-04,,2056.38,Planning,Security Exception
PRJ-004979,AST-0016741,Desktop,EOL within 24 months,2028,2028-09-25,,1316.04,Planning,Branch Scheduling
PRJ-004980,AST-0006182,Laptop,EOL within 12 months,2027,2027-02-11,,1613.94,Deferred,Budget Approval
PRJ-004981,AST-0014841,Desktop,EOL within 12 months,2028,2028-10-18,,1391.82,Not Started,Budget Approval
PRJ-004982,AST-0009885,Laptop,EOL within 12 months,2026,2026-06-24,2026-07-14,1520.64,Completed,None
PRJ-004983,AST-0013640,Laptop,Past EOL,2027,2027-01-15,2027-02-18,1406.65,Completed,Security Exception
PRJ-004984,AST-0009411,Laptop,EOL within 24 months,2026,2026-11-28,,1719.36,Deferred,Change Freeze
PRJ-004985,AST-0014417,Desktop,EOL within 12 months,2028,2028-04-12,,1306.77,Not Started,Application Dependency
PRJ-004986,AST-0020682,Server,EOL within 24 months,2028,2028-06-17,,14476.6,In Progress,Branch Scheduling
PRJ-004987,AST-0018801,VDI Endpoint,EOL within 12 months,2027,2027-01-05,,1188.06,Not Started,None
PRJ-004988,AST-0007723,Laptop,EOL within 24 months,2027,2027-01-30,,1831.42,Planning,None
PRJ-004989,AST-0009240,Laptop,Past EOL,2027,2027-12-12,2028-03-10,1711.04,Completed,Vendor Lead Time
PRJ-004990,AST-0017301,Desktop,EOL within 24 months,2027,2027-03-01,,935.94,Deferred,Change Freeze
PRJ-004991,AST-0015852,Desktop,EOL within 12 months,2028,2028-09-16,,1087.91,Deferred,Budget Approval
PRJ-004992,AST-0015172,Desktop,EOL within 24 months,2027,2027-03-27,,1146.03,Not Started,Change Freeze
PRJ-004993,AST-0017875,Desktop,EOL within 12 months,2027,2027-06-09,,1309.09,Planning,Application Dependency
PRJ-004994,AST-0021899,Access Switch,EOL within 24 months,2027,2027-03-24,,6121.19,Not Started,None
PRJ-004995,AST-0001425,Laptop,EOL within 12 months,2028,2028-10-30,,1777.35,Deferred,None
PRJ-004996,AST-0003793,Laptop,Past EOL,2026,2026-08-17,,1955.89,Deferred,None
PRJ-004997,AST-0011878,Laptop,EOL within 24 months,2027,2027-05-21,,1723.59,Planning,Budget Approval
PRJ-004998,AST-0006877,Laptop,EOL within 12 months,2026,2026-09-07,2026-10-29,1606.58,Completed,None
PRJ-004999,AST-0015881,Desktop,EOL within 12 months,2028,2028-10-15,,1173.78,Not Started,Security Exception
PRJ-005000,AST-0014049,Desktop,EOL within 12 months,2028,2028-02-26,,950.04,Planning,None
PRJ-005001,AST-0012311,Laptop,EOL within 12 months,2026,2026-10-04,,1667.0,In Progress,Change Freeze
PRJ-005002,AST-0021892,Access Switch,EOL within 24 months,2026,2026-06-24,,9627.7,In Progress,Change Freeze
PRJ-005003,AST-0001099,Laptop,Past EOL,2027,2027-08-13,,1379.49,In Progress,Vendor Lead Time
PRJ-005004,AST-0016676,Desktop,EOL within 12 months,2026,2026-09-11,,1303.99,Deferred,None
PRJ-005005,AST-0007127,Laptop,EOL within 24 months,2028,2028-09-02,,2118.6,Not Started,Branch Scheduling
PRJ-005006,AST-0005640,Laptop,Past EOL,2027,2027-02-17,,1379.34,In Progress,Change Freeze
PRJ-005007,AST-0011403,Laptop,Past EOL,2026,2026-12-23,,1742.16,Planning,Security Exception
PRJ-005008,AST-0014504,Desktop,EOL within 12 months,2027,2027-12-06,,1140.75,In Progress,Vendor Lead Time
PRJ-005009,AST-0022000,Access Switch,EOL within 24 months,2026,2026-12-07,,5677.77,Planning,Budget Approval
PRJ-005010,AST-0001710,Laptop,Past EOL,2028,2028-03-13,2028-04-29,1976.32,Completed,Vendor Lead Time
PRJ-005011,AST-0009475,Laptop,EOL within 12 months,2026,2026-10-02,,2194.19,Blocked,Branch Scheduling
PRJ-005012,AST-0011276,Laptop,EOL within 12 months,2026,2026-11-02,,1824.79,In Progress,Application Dependency
PRJ-005013,AST-0006163,Laptop,Past EOL,2028,2028-05-08,,1785.87,Not Started,None
PRJ-005014,AST-0012362,Laptop,Past EOL,2028,2028-02-05,,1488.56,Planning,Vendor Lead Time
PRJ-005015,AST-0007533,Laptop,EOL within 24 months,2028,2028-08-05,,2091.19,Planning,Change Freeze
PRJ-005016,AST-0008704,Laptop,Past EOL,2028,2028-04-03,,1484.55,Deferred,Application Dependency
PRJ-005017,AST-0001180,Laptop,EOL within 12 months,2027,2027-10-30,,1645.17,In Progress,Vendor Lead Time
PRJ-005018,AST-0014894,Desktop,EOL within 24 months,2027,2027-12-17,,1305.1,Blocked,Budget Approval
PRJ-005019,AST-0005289,Laptop,EOL within 24 months,2028,2028-12-23,2028-12-16,2459.9,Completed,Budget Approval
PRJ-005020,AST-0010557,Laptop,EOL within 24 months,2027,2027-07-07,,2784.89,Not Started,Security Exception
PRJ-005021,AST-0009694,Laptop,EOL within 24 months,2027,2027-09-25,,2272.35,Planning,Application Dependency
PRJ-005022,AST-0021521,Access Switch,EOL within 24 months,2026,2026-12-28,,8181.82,Not Started,Budget Approval
PRJ-005023,AST-0002097,Laptop,EOL within 12 months,2027,2027-04-18,,1486.33,In Progress,None
PRJ-005024,AST-0017955,Desktop,EOL within 12 months,2028,2028-08-21,,1159.78,In Progress,Vendor Lead Time
PRJ-005025,AST-0007577,Laptop,Past EOL,2028,2028-11-19,,1566.55,Planning,Branch Scheduling
PRJ-005026,AST-0018729,VDI Endpoint,EOL within 12 months,2028,2028-01-13,2028-02-29,1204.82,Completed,None
PRJ-005027,AST-0001386,Laptop,Past EOL,2026,2026-09-21,,1593.9,Not Started,None
PRJ-005028,AST-0002779,Laptop,EOL within 12 months,2027,2027-06-06,,1728.28,Planning,Security Exception
PRJ-005029,AST-0005274,Laptop,Past EOL,2027,2027-10-13,,1543.26,Not Started,Change Freeze
PRJ-005030,AST-0013508,Laptop,EOL within 24 months,2027,2027-03-28,2027-06-21,1577.43,Completed,None
PRJ-005031,AST-0011912,Laptop,Past EOL,2026,2026-08-28,,1786.94,Blocked,Security Exception
PRJ-005032,AST-0017133,Desktop,EOL within 24 months,2027,2027-03-24,2027-03-11,1035.17,Completed,Application Dependency
PRJ-005033,AST-0014529,Desktop,EOL within 24 months,2027,2027-02-12,,1220.64,Not Started,Change Freeze
PRJ-005034,AST-0015319,Desktop,EOL within 12 months,2028,2028-11-13,,1114.23,Blocked,Budget Approval
PRJ-005035,AST-0015334,Desktop,EOL within 24 months,2026,2026-11-24,2026-12-10,1204.42,Completed,None
PRJ-005036,AST-0003321,Laptop,Past EOL,2027,2027-06-07,,1970.22,In Progress,None
PRJ-005037,AST-0018198,Desktop,EOL within 12 months,2029,2029-01-02,,1258.85,Deferred,Vendor Lead Time
PRJ-005038,AST-0001783,Laptop,EOL within 24 months,2026,2026-09-13,,1606.35,Planning,Security Exception
PRJ-005039,AST-0007740,Laptop,Past EOL,2028,2028-04-04,,1939.62,Not Started,Budget Approval
PRJ-005040,AST-0010096,Laptop,EOL within 12 months,2027,2027-02-23,,2152.29,Planning,Budget Approval
PRJ-005041,AST-0007074,Laptop,EOL within 24 months,2027,2027-10-27,,3608.32,Blocked,Branch Scheduling
PRJ-005042,AST-0010076,Laptop,EOL within 12 months,2028,2028-04-11,,1780.18,Planning,Vendor Lead Time
PRJ-005043,AST-0018150,Desktop,EOL within 24 months,2027,2027-07-10,,880.01,Planning,Application Dependency
PRJ-005044,AST-0023487,Wireless Access Point,EOL within 12 months,2027,2027-02-16,,967.54,In Progress,Vendor Lead Time
PRJ-005045,AST-0021940,Access Switch,EOL within 24 months,2026,2026-10-01,,7903.13,Blocked,Branch Scheduling
PRJ-005046,AST-0019717,VDI Endpoint,EOL within 24 months,2027,2027-08-17,,1074.87,Planning,Application Dependency
PRJ-005047,AST-0016764,Desktop,EOL within 24 months,2026,2026-08-31,,1062.31,In Progress,Security Exception
PRJ-005048,AST-0019332,VDI Endpoint,EOL within 24 months,2027,2027-09-21,,901.95,Planning,Branch Scheduling
PRJ-005049,AST-0023267,Wireless Access Point,EOL within 24 months,2026,2026-09-10,2026-10-11,1273.61,Completed,None
PRJ-005050,AST-0016132,Desktop,EOL within 12 months,2026,2026-09-28,2026-11-21,1365.94,Completed,None
PRJ-005051,AST-0007591,Laptop,Past EOL,2026,2026-10-02,,1362.07,Planning,Vendor Lead Time
PRJ-005052,AST-0012063,Laptop,EOL within 12 months,2027,2027-06-24,,2007.55,Planning,Change Freeze
PRJ-005053,AST-0002170,Laptop,Past EOL,2028,2028-10-12,,1575.71,In Progress,None
PRJ-005054,AST-0010988,Laptop,Past EOL,2026,2026-10-09,,1984.2,In Progress,Budget Approval
PRJ-005055,AST-0008582,Laptop,EOL within 24 months,2027,2027-07-13,,3058.89,Planning,Application Dependency
PRJ-005056,AST-0001686,Laptop,EOL within 24 months,2027,2027-06-09,,1631.5,Not Started,Application Dependency
PRJ-005057,AST-0018347,Desktop,EOL within 12 months,2028,2028-07-11,,1009.7,Not Started,Budget Approval
PRJ-005058,AST-0012819,Laptop,Past EOL,2027,2027-03-27,,1717.93,Deferred,None
PRJ-005059,AST-0012153,Laptop,EOL within 24 months,2026,2026-09-11,,1990.3,Planning,Security Exception
PRJ-005060,AST-0008595,Laptop,Past EOL,2028,2028-10-20,2028-09-25,1899.66,Completed,Security Exception
PRJ-005061,AST-0018836,VDI Endpoint,EOL within 24 months,2027,2027-02-14,,1015.1,Blocked,Branch Scheduling
PRJ-005062,AST-0015895,Desktop,EOL within 12 months,2028,2028-07-14,,1148.24,Not Started,Branch Scheduling
PRJ-005063,AST-0006460,Laptop,EOL within 12 months,2027,2027-10-17,,1401.08,Planning,Change Freeze
PRJ-005064,AST-0009171,Laptop,EOL within 12 months,2027,2027-02-17,,1656.7,In Progress,None
PRJ-005065,AST-0007002,Laptop,Past EOL,2028,2028-07-18,,1393.23,Planning,Branch Scheduling
PRJ-005066,AST-0011796,Laptop,EOL within 12 months,2028,2028-12-04,,1894.42,Not Started,Application Dependency
PRJ-005067,AST-0014467,Desktop,EOL within 24 months,2028,2028-03-12,,1332.95,Not Started,Branch Scheduling
PRJ-005068,AST-0013459,Laptop,Past EOL,2028,2028-09-26,,1499.95,Planning,Budget Approval
PRJ-005069,AST-0013149,Laptop,EOL within 12 months,2027,2027-10-19,,1762.2,Blocked,Change Freeze
PRJ-005070,AST-0023274,Wireless Access Point,EOL within 24 months,2027,2027-12-10,,1482.47,Planning,Branch Scheduling
PRJ-005071,AST-0008795,Laptop,EOL within 24 months,2028,2028-07-12,,2727.82,Deferred,Branch Scheduling
PRJ-005072,AST-0011691,Laptop,Past EOL,2027,2027-04-10,,1814.72,Deferred,Budget Approval
PRJ-005073,AST-0008780,Laptop,EOL within 24 months,2027,2027-08-04,,1860.97,Not Started,Vendor Lead Time
PRJ-005074,AST-0017978,Desktop,EOL within 12 months,2027,2027-09-11,,1339.44,Not Started,Application Dependency
PRJ-005075,AST-0010877,Laptop,EOL within 12 months,2026,2026-08-26,2026-08-19,1593.22,Completed,Change Freeze
PRJ-005076,AST-0004274,Laptop,Past EOL,2027,2027-08-23,,1904.09,Planning,Application Dependency
PRJ-005077,AST-0013569,Laptop,EOL within 24 months,2029,2029-01-04,,2621.89,Planning,Branch Scheduling
PRJ-005078,AST-0004734,Laptop,EOL within 24 months,2028,2028-01-02,,3609.18,Planning,Branch Scheduling
PRJ-005079,AST-0008682,Laptop,Past EOL,2027,2027-11-21,,1987.58,In Progress,Change Freeze
PRJ-005080,AST-0004960,Laptop,EOL within 12 months,2028,2028-08-04,,2100.73,Not Started,Vendor Lead Time
PRJ-005081,AST-0000585,Laptop,EOL within 12 months,2028,2028-01-03,,2142.01,In Progress,Budget Approval
PRJ-005082,AST-0021460,Server,EOL within 24 months,2027,2027-04-24,,11485.67,In Progress,Vendor Lead Time
PRJ-005083,AST-0002351,Laptop,EOL within 12 months,2027,2027-02-14,,1677.17,Planning,Budget Approval
PRJ-005084,AST-0018249,Desktop,EOL within 12 months,2027,2027-06-10,,1241.92,Not Started,Security Exception
PRJ-005085,AST-0019670,VDI Endpoint,EOL within 24 months,2028,2028-01-22,,834.97,Deferred,Application Dependency
PRJ-005086,AST-0001538,Laptop,EOL within 24 months,2028,2028-11-08,,1570.29,Deferred,Branch Scheduling
PRJ-005087,AST-0000956,Laptop,Past EOL,2028,2028-06-23,,1739.44,In Progress,None
PRJ-005088,AST-0012538,Laptop,EOL within 12 months,2028,2028-09-23,,1717.26,Not Started,Vendor Lead Time
PRJ-005089,AST-0010513,Laptop,Past EOL,2028,2028-12-19,2029-02-15,1706.8,Completed,Security Exception
PRJ-005090,AST-0003161,Laptop,EOL within 24 months,2028,2028-08-30,,3634.21,In Progress,None
PRJ-005091,AST-0004889,Laptop,EOL within 12 months,2028,2028-01-09,2028-01-30,1744.2,Completed,Vendor Lead Time
PRJ-005092,AST-0004763,Laptop,Past EOL,2029,2029-01-05,,1817.8,Not Started,Budget Approval
PRJ-005093,AST-0000840,Laptop,Past EOL,2028,2028-09-23,2028-09-19,1889.23,Completed,Change Freeze
PRJ-005094,AST-0002003,Laptop,EOL within 24 months,2026,2026-08-07,2026-09-04,1931.1,Completed,Security Exception
PRJ-005095,AST-0010291,Laptop,EOL within 24 months,2026,2026-06-12,,1930.63,Not Started,Vendor Lead Time
PRJ-005096,AST-0016850,Desktop,EOL within 12 months,2028,2028-06-08,,1414.19,In Progress,Application Dependency
PRJ-005097,AST-0004252,Laptop,EOL within 12 months,2028,2028-05-04,,2109.19,Planning,Budget Approval
PRJ-005098,AST-0022708,Core Switch,EOL within 24 months,2027,2027-07-31,2027-07-13,27312.9,Completed,Application Dependency
PRJ-005099,AST-0010986,Laptop,EOL within 24 months,2026,2026-11-13,,2017.83,In Progress,Change Freeze
PRJ-005100,AST-0007926,Laptop,EOL within 12 months,2026,2026-09-22,,1971.78,Blocked,Application Dependency
PRJ-005101,AST-0000175,Laptop,Past EOL,2028,2028-09-05,,1607.95,In Progress,Security Exception
PRJ-005102,AST-0005438,Laptop,EOL within 12 months,2026,2026-08-22,,1446.36,Not Started,Application Dependency
PRJ-005103,AST-0004530,Laptop,Past EOL,2027,2027-12-17,,1753.71,Planning,Change Freeze
PRJ-005104,AST-0013855,Laptop,EOL within 24 months,2028,2028-09-01,,2174.74,Not Started,Budget Approval
PRJ-005105,AST-0012739,Laptop,EOL within 24 months,2026,2026-11-03,2026-11-06,2159.12,Completed,Budget Approval
PRJ-005106,AST-0014758,Desktop,EOL within 24 months,2028,2028-12-25,2028-12-30,1108.32,Completed,None
PRJ-005107,AST-0005165,Laptop,EOL within 24 months,2027,2027-12-07,,3568.64,Not Started,None
PRJ-005108,AST-0019850,VDI Endpoint,EOL within 12 months,2028,2028-01-30,,1208.16,Planning,Vendor Lead Time
PRJ-005109,AST-0005296,Laptop,EOL within 12 months,2028,2028-07-08,,1507.64,Not Started,None
PRJ-005110,AST-0011581,Laptop,EOL within 12 months,2026,2026-11-24,,2031.41,In Progress,Security Exception
PRJ-005111,AST-0000538,Laptop,EOL within 12 months,2027,2027-08-23,2027-11-20,1620.95,Completed,Application Dependency
PRJ-005112,AST-0023592,Wireless Access Point,EOL within 24 months,2027,2027-09-12,,1032.73,Not Started,Application Dependency
PRJ-005113,AST-0023285,Wireless Access Point,EOL within 24 months,2027,2027-05-02,,1221.49,Not Started,Budget Approval
PRJ-005114,AST-0000518,Laptop,EOL within 12 months,2026,2026-11-02,,1588.69,Not Started,Application Dependency
PRJ-005115,AST-0013948,Laptop,EOL within 24 months,2027,2027-05-29,,2090.33,Deferred,Security Exception
PRJ-005116,AST-0008224,Laptop,Past EOL,2027,2027-07-30,,1698.76,In Progress,Security Exception
PRJ-005117,AST-0011673,Laptop,EOL within 12 months,2028,2028-05-19,,1398.75,In Progress,Security Exception
PRJ-005118,AST-0013615,Laptop,Past EOL,2027,2027-01-10,2027-02-08,1421.17,Completed,Budget Approval
PRJ-005119,AST-0002455,Laptop,Past EOL,2026,2026-12-02,,1528.68,Planning,None
PRJ-005120,AST-0017234,Desktop,EOL within 24 months,2027,2027-12-06,,1216.96,Not Started,Change Freeze
PRJ-005121,AST-0000034,Laptop,Past EOL,2027,2027-11-10,,1338.67,Planning,None
PRJ-005122,AST-0005021,Laptop,Past EOL,2028,2028-07-04,,1417.83,Planning,Vendor Lead Time
PRJ-005123,AST-0006320,Laptop,EOL within 12 months,2028,2028-12-25,,1660.52,Not Started,Change Freeze
PRJ-005124,AST-0021845,Access Switch,EOL within 24 months,2028,2028-06-01,,4723.87,In Progress,Vendor Lead Time
PRJ-005125,AST-0000866,Laptop,EOL within 12 months,2028,2028-06-01,,1486.49,Planning,Branch Scheduling
PRJ-005126,AST-0012565,Laptop,EOL within 12 months,2029,2029-01-06,,1828.27,In Progress,Budget Approval
PRJ-005127,AST-0021703,Access Switch,EOL within 24 months,2028,2028-10-07,,5437.94,In Progress,Branch Scheduling
PRJ-005128,AST-0023034,Firewall,EOL within 24 months,2026,2026-12-16,,11305.99,Deferred,Budget Approval
PRJ-005129,AST-0019078,VDI Endpoint,EOL within 24 months,2026,2026-10-01,,1120.64,Not Started,Application Dependency
PRJ-005130,AST-0011723,Laptop,EOL within 24 months,2028,2028-10-25,,2784.68,Planning,None
PRJ-005131,AST-0003069,Laptop,EOL within 24 months,2028,2028-04-14,,1755.46,Not Started,Change Freeze
PRJ-005132,AST-0013682,Laptop,Past EOL,2026,2026-06-25,,1935.84,Not Started,Branch Scheduling
PRJ-005133,AST-0016610,Desktop,EOL within 12 months,2027,2027-11-07,,1127.09,Planning,Application Dependency
PRJ-005134,AST-0018627,VDI Endpoint,EOL within 12 months,2028,2028-09-14,,1305.71,In Progress,Change Freeze
PRJ-005135,AST-0014069,Desktop,EOL within 24 months,2027,2027-01-17,2027-03-11,1032.7,Completed,Security Exception
PRJ-005136,AST-0018664,VDI Endpoint,EOL within 12 months,2028,2028-07-09,2028-10-03,1007.1,Completed,Budget Approval
PRJ-005137,AST-0007763,Laptop,EOL within 12 months,2026,2026-11-17,,2007.55,In Progress,Security Exception
PRJ-005138,AST-0012500,Laptop,Past EOL,2028,2028-11-16,2028-11-23,1506.86,Completed,Change Freeze
PRJ-005139,AST-0001370,Laptop,EOL within 24 months,2028,2028-03-25,2028-03-24,2418.2,Completed,Security Exception
PRJ-005140,AST-0018623,VDI Endpoint,EOL within 24 months,2027,2027-06-18,,1108.24,Deferred,Vendor Lead Time
PRJ-005141,AST-0013862,Laptop,EOL within 24 months,2027,2027-04-29,,3605.41,In Progress,Vendor Lead Time
PRJ-005142,AST-0004062,Laptop,EOL within 24 months,2026,2026-10-04,,2109.61,Deferred,Change Freeze
PRJ-005143,AST-0001763,Laptop,EOL within 12 months,2028,2028-07-24,,1887.73,Deferred,None
PRJ-005144,AST-0011032,Laptop,Past EOL,2028,2028-03-13,,1497.13,Not Started,Change Freeze
PRJ-005145,AST-0015937,Desktop,EOL within 24 months,2027,2027-05-11,,1225.58,Not Started,Vendor Lead Time
PRJ-005146,AST-0003203,Laptop,EOL within 24 months,2027,2027-09-24,,2039.17,Deferred,Security Exception
PRJ-005147,AST-0011235,Laptop,EOL within 12 months,2028,2028-07-08,,1910.69,In Progress,Application Dependency
PRJ-005148,AST-0009580,Laptop,EOL within 12 months,2028,2028-06-06,,1457.37,Not Started,Change Freeze
PRJ-005149,AST-0013661,Laptop,Past EOL,2027,2027-07-09,,1732.69,Not Started,Security Exception
PRJ-005150,AST-0005752,Laptop,Past EOL,2026,2026-12-15,,1936.13,Not Started,Vendor Lead Time
PRJ-005151,AST-0015761,Desktop,EOL within 24 months,2027,2027-11-26,,1119.62,Planning,Security Exception
PRJ-005152,AST-0010822,Laptop,EOL within 12 months,2027,2027-10-09,,1690.26,Not Started,Change Freeze
PRJ-005153,AST-0023317,Wireless Access Point,EOL within 24 months,2027,2027-05-02,,1201.37,Planning,Branch Scheduling
PRJ-005154,AST-0022832,Router,EOL within 12 months,2028,2028-01-05,2027-12-25,10635.0,Completed,Security Exception
PRJ-005155,AST-0018496,Desktop,EOL within 12 months,2028,2028-02-18,,1033.11,Planning,None
PRJ-005156,AST-0021128,Server,EOL within 24 months,2028,2028-10-14,2028-10-07,15127.5,Completed,Vendor Lead Time
PRJ-005157,AST-0019799,VDI Endpoint,EOL within 24 months,2026,2026-10-02,2026-12-01,917.0,Completed,Security Exception
PRJ-005158,AST-0018456,Desktop,EOL within 12 months,2028,2028-05-05,,1203.95,Not Started,Application Dependency
PRJ-005159,AST-0016472,Desktop,EOL within 12 months,2027,2027-03-07,,1109.19,Deferred,Change Freeze
PRJ-005160,AST-0023582,Wireless Access Point,EOL within 24 months,2027,2027-11-24,,1211.16,Planning,Vendor Lead Time
PRJ-005161,AST-0015039,Desktop,EOL within 24 months,2028,2028-02-18,2028-01-29,1023.33,Completed,None
PRJ-005162,AST-0017485,Desktop,EOL within 24 months,2026,2026-12-08,,906.48,Planning,Vendor Lead Time
PRJ-005163,AST-0010332,Laptop,EOL within 24 months,2028,2028-08-07,,1826.98,Not Started,Security Exception
PRJ-005164,AST-0018449,Desktop,EOL within 24 months,2028,2028-08-25,,990.09,In Progress,Branch Scheduling
PRJ-005165,AST-0002664,Laptop,EOL within 12 months,2026,2026-11-08,,2146.14,In Progress,Vendor Lead Time
PRJ-005166,AST-0017309,Desktop,EOL within 24 months,2027,2027-05-22,2027-05-02,943.73,Completed,Change Freeze
PRJ-005167,AST-0012491,Laptop,EOL within 12 months,2026,2026-10-14,,2129.31,Planning,Application Dependency
PRJ-005168,AST-0022918,Router,EOL within 12 months,2027,2027-02-25,,6276.51,Blocked,Vendor Lead Time
PRJ-005169,AST-0000998,Laptop,EOL within 24 months,2027,2027-04-10,,1982.24,In Progress,Change Freeze
PRJ-005170,AST-0015452,Desktop,EOL within 12 months,2027,2027-08-12,,1141.6,Planning,Vendor Lead Time
PRJ-005171,AST-0010642,Laptop,EOL within 12 months,2026,2026-07-18,2026-08-02,1872.65,Completed,Change Freeze
PRJ-005172,AST-0020929,Server,EOL within 24 months,2028,2028-11-14,,11336.8,Deferred,Branch Scheduling
PRJ-005173,AST-0005517,Laptop,EOL within 12 months,2026,2026-09-07,,1773.88,Not Started,Application Dependency
PRJ-005174,AST-0016697,Desktop,EOL within 12 months,2028,2028-01-21,2028-01-08,974.39,Completed,Vendor Lead Time
PRJ-005175,AST-0003794,Laptop,EOL within 24 months,2028,2028-05-29,,1620.97,Not Started,Branch Scheduling
PRJ-005176,AST-0015585,Desktop,EOL within 12 months,2026,2026-06-15,,1337.61,Not Started,Vendor Lead Time
PRJ-005177,AST-0021971,Access Switch,EOL within 24 months,2028,2028-10-27,,6531.63,In Progress,Application Dependency
PRJ-005178,AST-0001305,Laptop,EOL within 12 months,2028,2028-09-22,,1673.8,Planning,Security Exception
PRJ-005179,AST-0019106,VDI Endpoint,EOL within 24 months,2026,2026-11-04,,820.83,In Progress,Branch Scheduling
PRJ-005180,AST-0003543,Laptop,EOL within 12 months,2027,2027-03-01,,1658.06,Planning,None
PRJ-005181,AST-0001859,Laptop,Past EOL,2027,2027-02-03,,1372.35,Planning,Change Freeze
PRJ-005182,AST-0021792,Access Switch,EOL within 24 months,2026,2026-10-06,,6348.19,Blocked,Application Dependency
PRJ-005183,AST-0016030,Desktop,EOL within 24 months,2026,2026-11-03,,900.78,Planning,Application Dependency
PRJ-005184,AST-0023933,Storage,EOL within 24 months,2026,2026-11-09,,87873.33,In Progress,Application Dependency
PRJ-005185,AST-0012978,Laptop,EOL within 24 months,2027,2027-08-27,2027-11-21,3453.53,Completed,Security Exception
PRJ-005186,AST-0004532,Laptop,Past EOL,2028,2028-01-03,,1532.89,Not Started,Budget Approval
PRJ-005187,AST-0010418,Laptop,Past EOL,2026,2026-08-01,,1673.16,In Progress,Change Freeze
PRJ-005188,AST-0014287,Desktop,EOL within 12 months,2026,2026-08-21,,1011.2,Not Started,Application Dependency
PRJ-005189,AST-0019823,VDI Endpoint,EOL within 12 months,2028,2028-09-05,,1335.88,Not Started,Application Dependency
PRJ-005190,AST-0001194,Laptop,EOL within 24 months,2028,2028-12-16,,1950.94,Deferred,Branch Scheduling
PRJ-005191,AST-0018824,VDI Endpoint,EOL within 24 months,2027,2027-02-13,,1064.67,Blocked,Branch Scheduling
PRJ-005192,AST-0003561,Laptop,Past EOL,2027,2027-09-13,,1661.6,Not Started,None
PRJ-005193,AST-0021877,Access Switch,EOL within 24 months,2028,2028-12-14,,5883.49,In Progress,Application Dependency
PRJ-005194,AST-0020729,Server,EOL within 24 months,2027,2027-01-31,,13515.51,Not Started,Budget Approval
PRJ-005195,AST-0008387,Laptop,EOL within 12 months,2028,2028-08-04,,1971.9,Planning,Vendor Lead Time
PRJ-005196,AST-0012581,Laptop,EOL within 12 months,2026,2026-07-21,,1533.53,In Progress,Branch Scheduling
PRJ-005197,AST-0004771,Laptop,Past EOL,2027,2027-10-03,,1589.02,Planning,Application Dependency
PRJ-005198,AST-0009486,Laptop,Past EOL,2027,2027-11-12,,1927.07,In Progress,Branch Scheduling
PRJ-005199,AST-0007092,Laptop,EOL within 24 months,2026,2026-10-16,2026-11-15,1789.67,Completed,Application Dependency
PRJ-005200,AST-0003039,Laptop,EOL within 12 months,2027,2027-08-31,,2022.77,Not Started,Application Dependency
PRJ-005201,AST-0009628,Laptop,Past EOL,2027,2027-07-30,,1694.25,Not Started,Budget Approval
PRJ-005202,AST-0007653,Laptop,Past EOL,2027,2027-04-23,,1483.0,Not Started,Change Freeze
PRJ-005203,AST-0002855,Laptop,EOL within 12 months,2028,2028-03-11,,1597.65,Blocked,None
PRJ-005204,AST-0015634,Desktop,EOL within 12 months,2027,2027-10-26,,1093.42,Planning,Application Dependency
PRJ-005205,AST-0009120,Laptop,Past EOL,2029,2029-01-04,,1365.44,Not Started,Application Dependency
PRJ-005206,AST-0006499,Laptop,EOL within 24 months,2029,2029-01-06,,3654.35,In Progress,Branch Scheduling
PRJ-005207,AST-0012975,Laptop,Past EOL,2027,2027-01-30,,1601.38,Blocked,Security Exception
PRJ-005208,AST-0008390,Laptop,EOL within 12 months,2028,2028-11-04,,1890.0,Deferred,Budget Approval
PRJ-005209,AST-0014615,Desktop,EOL within 12 months,2027,2027-06-29,,1102.01,Not Started,Security Exception
PRJ-005210,AST-0016422,Desktop,EOL within 12 months,2027,2027-07-06,2027-07-05,1022.85,Completed,Change Freeze
PRJ-005211,AST-0016340,Desktop,EOL within 12 months,2027,2027-01-31,,1003.82,In Progress,Budget Approval
PRJ-005212,AST-0019121,VDI Endpoint,EOL within 24 months,2027,2027-03-04,,1112.01,Planning,Vendor Lead Time
PRJ-005213,AST-0012379,Laptop,EOL within 24 months,2026,2026-12-06,,3035.53,Not Started,Budget Approval
PRJ-005214,AST-0001828,Laptop,EOL within 24 months,2028,2028-11-12,,3232.75,Planning,Budget Approval
PRJ-005215,AST-0017316,Desktop,EOL within 12 months,2027,2027-02-04,,1179.02,Not Started,Application Dependency
PRJ-005216,AST-0001053,Laptop,Past EOL,2028,2028-10-22,2028-09-22,1468.08,Completed,Vendor Lead Time
PRJ-005217,AST-0003678,Laptop,Past EOL,2028,2028-01-21,,1447.58,In Progress,Vendor Lead Time
PRJ-005218,AST-0009444,Laptop,EOL within 12 months,2027,2027-06-11,,1528.97,In Progress,Budget Approval
PRJ-005219,AST-0023183,Wireless Access Point,EOL within 12 months,2028,2028-12-08,,1012.35,In Progress,Budget Approval
PRJ-005220,AST-0009990,Laptop,EOL within 24 months,2027,2027-10-10,,3153.5,Planning,None
PRJ-005221,AST-0018395,Desktop,EOL within 24 months,2027,2027-12-20,,1274.08,Planning,Branch Scheduling
PRJ-005222,AST-0021591,Access Switch,EOL within 24 months,2027,2027-07-23,,5386.31,Not Started,Vendor Lead Time
PRJ-005223,AST-0015366,Desktop,EOL within 24 months,2028,2028-06-03,,1215.94,Planning,Vendor Lead Time
PRJ-005224,AST-0012336,Laptop,EOL within 12 months,2027,2027-05-27,2027-05-13,1627.58,Completed,Vendor Lead Time
PRJ-005225,AST-0008692,Laptop,EOL within 12 months,2027,2027-11-10,2027-12-26,1692.31,Completed,None
PRJ-005226,AST-0020392,Server,EOL within 24 months,2028,2028-01-04,,10638.21,Planning,Branch Scheduling
PRJ-005227,AST-0007087,Laptop,Past EOL,2027,2027-02-03,,1927.14,Not Started,Budget Approval
PRJ-005228,AST-0020820,Server,EOL within 24 months,2026,2026-10-16,,12565.77,In Progress,Vendor Lead Time
PRJ-005229,AST-0000389,Laptop,EOL within 24 months,2027,2027-07-04,,2752.28,Not Started,Vendor Lead Time
PRJ-005230,AST-0015237,Desktop,EOL within 12 months,2028,2028-04-08,,959.08,Planning,None
PRJ-005231,AST-0018093,Desktop,EOL within 12 months,2027,2027-05-19,,1262.06,Not Started,Security Exception
PRJ-005232,AST-0009775,Laptop,EOL within 24 months,2026,2026-06-05,,1948.66,Blocked,None
PRJ-005233,AST-0019081,VDI Endpoint,EOL within 12 months,2027,2027-03-17,,1153.97,Planning,Security Exception
PRJ-005234,AST-0019726,VDI Endpoint,EOL within 24 months,2028,2028-12-11,,1079.33,Not Started,Branch Scheduling
PRJ-005235,AST-0002690,Laptop,EOL within 12 months,2028,2028-02-13,,1682.26,In Progress,None
PRJ-005236,AST-0002024,Laptop,EOL within 12 months,2028,2028-08-09,2028-09-10,2070.88,Completed,Vendor Lead Time
PRJ-005237,AST-0010299,Laptop,Past EOL,2026,2026-06-29,,1365.86,Not Started,Change Freeze
PRJ-005238,AST-0014370,Desktop,EOL within 12 months,2027,2027-05-27,,1100.6,Not Started,Budget Approval
PRJ-005239,AST-0005798,Laptop,EOL within 24 months,2028,2028-06-23,2028-09-03,3173.4,Completed,Vendor Lead Time
PRJ-005240,AST-0002225,Laptop,EOL within 12 months,2028,2028-12-01,,2034.99,In Progress,Application Dependency
PRJ-005241,AST-0018557,VDI Endpoint,EOL within 12 months,2028,2028-10-28,,1372.61,Blocked,Application Dependency
PRJ-005242,AST-0009158,Laptop,EOL within 12 months,2027,2027-08-24,2027-07-31,1729.22,Completed,None
PRJ-005243,AST-0015508,Desktop,EOL within 24 months,2028,2028-12-27,,1068.17,In Progress,Branch Scheduling
PRJ-005244,AST-0005278,Laptop,EOL within 24 months,2027,2027-02-20,,3596.61,Planning,Application Dependency
PRJ-005245,AST-0003112,Laptop,EOL within 12 months,2028,2028-10-26,,1620.89,In Progress,Security Exception
PRJ-005246,AST-0005128,Laptop,Past EOL,2027,2027-02-19,2027-04-18,1876.89,Completed,Vendor Lead Time
PRJ-005247,AST-0002780,Laptop,Past EOL,2028,2028-11-13,,1928.91,Planning,Change Freeze
PRJ-005248,AST-0022135,Access Switch,EOL within 24 months,2028,2028-12-12,,6781.78,Planning,Security Exception
PRJ-005249,AST-0000883,Laptop,Past EOL,2027,2027-12-09,,1872.4,In Progress,Change Freeze
PRJ-005250,AST-0003413,Laptop,EOL within 12 months,2026,2026-10-03,,1882.98,In Progress,Application Dependency
PRJ-005251,AST-0015402,Desktop,EOL within 24 months,2026,2026-06-27,,1016.74,Not Started,Budget Approval
PRJ-005252,AST-0006094,Laptop,EOL within 24 months,2026,2026-06-28,2026-09-11,3058.95,Completed,None
PRJ-005253,AST-0011706,Laptop,Past EOL,2028,2028-01-28,,1873.5,In Progress,Vendor Lead Time
PRJ-005254,AST-0005671,Laptop,Past EOL,2028,2028-05-17,,1774.04,In Progress,Branch Scheduling
PRJ-005255,AST-0023007,Router,EOL within 12 months,2027,2027-11-19,,14612.85,Planning,Change Freeze
PRJ-005256,AST-0005858,Laptop,EOL within 24 months,2027,2027-05-13,2027-07-30,1678.59,Completed,Branch Scheduling
PRJ-005257,AST-0022797,Router,EOL within 12 months,2027,2027-04-28,,7620.17,Not Started,Budget Approval
PRJ-005258,AST-0019428,VDI Endpoint,EOL within 24 months,2026,2026-08-08,,852.44,Deferred,Budget Approval
PRJ-005259,AST-0016652,Desktop,EOL within 24 months,2028,2028-02-05,,910.99,Planning,Vendor Lead Time
PRJ-005260,AST-0008184,Laptop,Past EOL,2028,2028-12-26,,1856.68,Blocked,Branch Scheduling
PRJ-005261,AST-0010899,Laptop,EOL within 12 months,2027,2027-09-06,,2060.69,Deferred,Security Exception
PRJ-005262,AST-0001360,Laptop,Past EOL,2026,2026-11-06,,1373.66,Planning,None
PRJ-005263,AST-0010273,Laptop,Past EOL,2027,2027-01-18,2027-03-15,1498.34,Completed,Vendor Lead Time
PRJ-005264,AST-0016310,Desktop,EOL within 12 months,2027,2027-06-05,,1081.4,In Progress,Budget Approval
PRJ-005265,AST-0003065,Laptop,EOL within 12 months,2028,2028-12-26,,1772.89,Planning,Security Exception
PRJ-005266,AST-0007741,Laptop,EOL within 12 months,2026,2026-09-30,2026-11-10,1649.42,Completed,Branch Scheduling
PRJ-005267,AST-0006533,Laptop,EOL within 12 months,2028,2028-10-01,,2074.34,Not Started,Application Dependency
PRJ-005268,AST-0013722,Laptop,EOL within 24 months,2028,2028-11-16,,2775.9,Blocked,Vendor Lead Time
PRJ-005269,AST-0009290,Laptop,EOL within 24 months,2028,2028-07-18,,1495.9,Planning,Budget Approval
PRJ-005270,AST-0019846,VDI Endpoint,EOL within 24 months,2027,2027-01-30,,1124.21,Not Started,Vendor Lead Time
PRJ-005271,AST-0008008,Laptop,Past EOL,2026,2026-09-17,,1914.7,Blocked,Vendor Lead Time
PRJ-005272,AST-0012522,Laptop,EOL within 24 months,2028,2028-06-06,,3472.38,Deferred,Application Dependency
PRJ-005273,AST-0012871,Laptop,EOL within 12 months,2026,2026-12-25,,1836.71,In Progress,None
PRJ-005274,AST-0016418,Desktop,EOL within 12 months,2027,2027-12-02,2028-02-08,1222.95,Completed,None
PRJ-005275,AST-0015729,Desktop,EOL within 24 months,2028,2028-01-03,,1261.54,Planning,Application Dependency
PRJ-005276,AST-0001346,Laptop,EOL within 12 months,2026,2026-08-01,,1555.55,Deferred,Branch Scheduling
PRJ-005277,AST-0020733,Server,EOL within 24 months,2027,2027-01-21,,11833.72,In Progress,Application Dependency
PRJ-005278,AST-0015322,Desktop,EOL within 24 months,2026,2026-06-03,2026-07-09,1068.02,Completed,None
PRJ-005279,AST-0010516,Laptop,EOL within 12 months,2028,2028-07-18,2028-06-19,1918.19,Completed,Change Freeze
PRJ-005280,AST-0021819,Access Switch,EOL within 24 months,2028,2028-09-09,2028-08-18,9601.7,Completed,Security Exception
PRJ-005281,AST-0003872,Laptop,EOL within 12 months,2028,2028-08-15,,1548.53,Not Started,Application Dependency
PRJ-005282,AST-0005342,Laptop,Past EOL,2028,2028-01-23,,1879.84,Deferred,Budget Approval
PRJ-005283,AST-0002394,Laptop,EOL within 24 months,2028,2028-12-18,,3489.33,Not Started,None
PRJ-005284,AST-0003674,Laptop,EOL within 24 months,2028,2028-03-29,,1642.28,Blocked,None
PRJ-005285,AST-0016942,Desktop,EOL within 12 months,2027,2027-01-18,,1127.47,In Progress,Application Dependency
PRJ-005286,AST-0022112,Access Switch,EOL within 24 months,2027,2027-06-19,2027-09-04,6094.16,Completed,None
PRJ-005287,AST-0017762,Desktop,EOL within 12 months,2026,2026-06-02,,1233.8,In Progress,Change Freeze
PRJ-005288,AST-0017575,Desktop,EOL within 24 months,2027,2027-06-27,2027-08-30,1073.57,Completed,None
PRJ-005289,AST-0005898,Laptop,EOL within 24 months,2028,2028-04-25,,2407.44,Deferred,Change Freeze
PRJ-005290,AST-0008554,Laptop,Past EOL,2027,2027-06-18,,1530.21,In Progress,Branch Scheduling
PRJ-005291,AST-0008769,Laptop,EOL within 24 months,2028,2028-09-12,2028-09-03,2794.15,Completed,None
PRJ-005292,AST-0006638,Laptop,EOL within 12 months,2027,2027-05-24,2027-06-25,1826.99,Completed,Budget Approval
PRJ-005293,AST-0005070,Laptop,Past EOL,2027,2027-08-05,,1466.55,In Progress,Security Exception
PRJ-005294,AST-0015105,Desktop,EOL within 24 months,2026,2026-09-18,,1048.01,Planning,Security Exception
PRJ-005295,AST-0015087,Desktop,EOL within 24 months,2028,2028-02-04,,1311.7,In Progress,Application Dependency
PRJ-005296,AST-0005221,Laptop,Past EOL,2028,2028-12-01,,1607.37,Planning,Budget Approval
PRJ-005297,AST-0013809,Laptop,Past EOL,2028,2028-09-30,,1831.35,Deferred,Application Dependency
PRJ-005298,AST-0012856,Laptop,Past EOL,2026,2026-12-29,,1385.62,In Progress,Security Exception
PRJ-005299,AST-0014085,Desktop,EOL within 24 months,2028,2028-09-18,,1127.05,Deferred,Branch Scheduling
PRJ-005300,AST-0000953,Laptop,EOL within 24 months,2028,2028-06-22,,2100.58,In Progress,Security Exception
PRJ-005301,AST-0009477,Laptop,Past EOL,2027,2027-05-02,2027-04-22,1817.22,Completed,Application Dependency
PRJ-005302,AST-0004010,Laptop,EOL within 12 months,2028,2028-03-04,,1914.7,Not Started,Branch Scheduling
PRJ-005303,AST-0004963,Laptop,EOL within 12 months,2027,2027-06-23,2027-07-29,1704.35,Completed,None
PRJ-005304,AST-0016914,Desktop,EOL within 24 months,2027,2027-08-25,,1156.79,Blocked,Change Freeze
PRJ-005305,AST-0008386,Laptop,EOL within 24 months,2027,2027-12-01,2027-11-14,1900.95,Completed,None
PRJ-005306,AST-0019884,VDI Endpoint,EOL within 24 months,2027,2027-06-24,2027-06-20,1153.05,Completed,None
PRJ-005307,AST-0018546,VDI Endpoint,EOL within 12 months,2026,2026-11-30,,1455.4,Blocked,Change Freeze
PRJ-005308,AST-0010287,Laptop,EOL within 12 months,2028,2028-06-10,,1815.53,Blocked,Application Dependency
PRJ-005309,AST-0002580,Laptop,EOL within 12 months,2027,2027-12-01,,1795.65,Blocked,Security Exception
PRJ-005310,AST-0000681,Laptop,EOL within 12 months,2028,2028-10-27,2028-10-21,1737.15,Completed,Change Freeze
PRJ-005311,AST-0006164,Laptop,EOL within 12 months,2027,2027-12-01,,1833.09,Not Started,Application Dependency
PRJ-005312,AST-0019865,VDI Endpoint,EOL within 24 months,2026,2026-12-31,,819.35,Planning,Application Dependency
PRJ-005313,AST-0009608,Laptop,EOL within 12 months,2027,2027-11-27,,1579.02,Planning,Change Freeze
PRJ-005314,AST-0015880,Desktop,EOL within 12 months,2028,2028-06-25,,1107.96,Blocked,Vendor Lead Time
PRJ-005315,AST-0019728,VDI Endpoint,EOL within 24 months,2028,2028-07-18,,1107.52,In Progress,Vendor Lead Time
PRJ-005316,AST-0000411,Laptop,EOL within 24 months,2026,2026-10-19,,1921.09,Planning,Branch Scheduling
PRJ-005317,AST-0013582,Laptop,EOL within 24 months,2028,2028-09-06,,1932.44,In Progress,Vendor Lead Time
PRJ-005318,AST-0013134,Laptop,Past EOL,2027,2027-08-02,2027-07-15,1682.61,Completed,Change Freeze
PRJ-005319,AST-0019854,VDI Endpoint,EOL within 12 months,2026,2026-11-16,2026-12-17,1431.62,Completed,Security Exception
PRJ-005320,AST-0009732,Laptop,Past EOL,2028,2028-07-29,,2004.44,In Progress,Change Freeze
PRJ-005321,AST-0002272,Laptop,Past EOL,2026,2026-09-25,,1341.73,Not Started,Vendor Lead Time
PRJ-005322,AST-0023133,Firewall,EOL within 12 months,2028,2028-03-30,,26980.09,Planning,Change Freeze
PRJ-005323,AST-0014190,Desktop,EOL within 24 months,2028,2028-01-28,,1054.02,Not Started,Application Dependency
PRJ-005324,AST-0002151,Laptop,EOL within 12 months,2028,2028-12-09,2029-02-02,1735.11,Completed,Branch Scheduling
PRJ-005325,AST-0002496,Laptop,EOL within 12 months,2028,2028-04-05,2028-05-06,1943.14,Completed,Change Freeze
PRJ-005326,AST-0007635,Laptop,Past EOL,2028,2028-07-12,,1928.91,In Progress,Change Freeze
PRJ-005327,AST-0004505,Laptop,Past EOL,2027,2027-10-13,,1650.2,In Progress,Change Freeze
PRJ-005328,AST-0014261,Desktop,EOL within 24 months,2027,2027-08-10,,1012.81,Planning,Vendor Lead Time
PRJ-005329,AST-0004087,Laptop,EOL within 12 months,2027,2027-03-14,,1621.1,Not Started,None
PRJ-005330,AST-0017158,Desktop,EOL within 24 months,2028,2028-01-08,,1226.16,Not Started,Vendor Lead Time
PRJ-005331,AST-0009361,Laptop,Past EOL,2028,2028-10-27,,1734.35,Not Started,Vendor Lead Time
PRJ-005332,AST-0003040,Laptop,EOL within 12 months,2027,2027-09-23,,1995.5,In Progress,None
PRJ-005333,AST-0012874,Laptop,EOL within 12 months,2028,2028-01-02,,1617.38,Not Started,Branch Scheduling
PRJ-005334,AST-0009155,Laptop,EOL within 24 months,2028,2028-07-20,,3108.72,In Progress,Security Exception
PRJ-005335,AST-0019736,VDI Endpoint,EOL within 24 months,2028,2028-03-19,,1181.52,Deferred,Branch Scheduling
PRJ-005336,AST-0015443,Desktop,EOL within 24 months,2027,2027-10-10,,1272.83,In Progress,Change Freeze
PRJ-005337,AST-0021634,Access Switch,EOL within 24 months,2029,2029-01-06,,6668.96,Planning,Application Dependency
PRJ-005338,AST-0017246,Desktop,EOL within 12 months,2027,2027-06-29,,1165.89,Deferred,Vendor Lead Time
PRJ-005339,AST-0007313,Laptop,EOL within 24 months,2027,2027-01-15,,2135.0,Not Started,Branch Scheduling
PRJ-005340,AST-0007389,Laptop,EOL within 24 months,2028,2028-12-30,,2453.55,In Progress,Application Dependency
PRJ-005341,AST-0018723,VDI Endpoint,EOL within 12 months,2028,2028-02-04,,1031.34,Not Started,None
PRJ-005342,AST-0006966,Laptop,EOL within 12 months,2026,2026-10-12,,1635.17,Not Started,Branch Scheduling
PRJ-005343,AST-0018276,Desktop,EOL within 12 months,2028,2028-05-22,,1380.94,Planning,Budget Approval
PRJ-005344,AST-0006811,Laptop,Past EOL,2027,2027-01-30,,1692.39,Not Started,Branch Scheduling
PRJ-005345,AST-0005695,Laptop,EOL within 24 months,2028,2028-05-01,,1552.3,Not Started,None
PRJ-005346,AST-0012705,Laptop,EOL within 24 months,2027,2027-07-30,,1843.88,Deferred,Branch Scheduling
PRJ-005347,AST-0022862,Router,EOL within 12 months,2027,2027-01-19,,14783.39,Deferred,Branch Scheduling
PRJ-005348,AST-0007334,Laptop,EOL within 24 months,2027,2027-12-06,,1702.55,Planning,Vendor Lead Time
PRJ-005349,AST-0017620,Desktop,EOL within 24 months,2028,2028-02-17,,864.86,Deferred,None
PRJ-005350,AST-0019218,VDI Endpoint,EOL within 24 months,2027,2027-06-21,,1168.18,Not Started,Security Exception
PRJ-005351,AST-0004736,Laptop,Past EOL,2028,2028-07-12,,2016.14,Planning,None
PRJ-005352,AST-0018122,Desktop,EOL within 12 months,2028,2028-08-03,2028-07-07,993.39,Completed,Change Freeze
PRJ-005353,AST-0003256,Laptop,Past EOL,2026,2026-10-12,,1429.84,Planning,Budget Approval
PRJ-005354,AST-0007671,Laptop,EOL within 24 months,2027,2027-12-13,2028-03-12,2142.98,Completed,Budget Approval
PRJ-005355,AST-0014431,Desktop,EOL within 24 months,2027,2027-04-16,,876.41,In Progress,Security Exception
PRJ-005356,AST-0020961,Server,EOL within 24 months,2028,2028-09-14,,12654.51,Blocked,Branch Scheduling
PRJ-005357,AST-0021513,Access Switch,EOL within 24 months,2027,2027-03-20,2027-03-09,8958.89,Completed,Budget Approval
PRJ-005358,AST-0019555,VDI Endpoint,EOL within 12 months,2028,2028-06-03,2028-05-06,1345.46,Completed,Budget Approval
PRJ-005359,AST-0001044,Laptop,EOL within 12 months,2028,2028-05-04,,1832.13,In Progress,Budget Approval
PRJ-005360,AST-0015226,Desktop,EOL within 12 months,2027,2027-01-26,,1364.06,Planning,Security Exception
PRJ-005361,AST-0021823,Access Switch,EOL within 24 months,2027,2027-02-23,,5468.33,In Progress,None
PRJ-005362,AST-0010747,Laptop,EOL within 24 months,2027,2027-12-13,,2946.76,Planning,Branch Scheduling
PRJ-005363,AST-0003189,Laptop,EOL within 24 months,2027,2027-11-12,,2457.17,Planning,Application Dependency
PRJ-005364,AST-0005417,Laptop,EOL within 24 months,2027,2027-11-25,2027-10-27,1923.58,Completed,Change Freeze
PRJ-005365,AST-0007860,Laptop,EOL within 24 months,2027,2027-04-29,,3625.71,In Progress,None
PRJ-005366,AST-0015864,Desktop,EOL within 12 months,2027,2027-10-03,,967.11,In Progress,Change Freeze
PRJ-005367,AST-0005972,Laptop,Past EOL,2028,2028-01-08,,1445.76,In Progress,Application Dependency
PRJ-005368,AST-0007140,Laptop,EOL within 24 months,2028,2028-03-05,,2079.33,Planning,Vendor Lead Time
PRJ-005369,AST-0008285,Laptop,EOL within 24 months,2028,2028-02-13,2028-02-08,1691.38,Completed,None
PRJ-005370,AST-0011011,Laptop,Past EOL,2027,2027-01-08,,1557.85,Not Started,Application Dependency
PRJ-005371,AST-0003008,Laptop,EOL within 12 months,2027,2027-04-29,,1978.72,In Progress,Application Dependency
PRJ-005372,AST-0015190,Desktop,EOL within 12 months,2027,2027-09-06,,1033.64,Planning,Branch Scheduling
PRJ-005373,AST-0002337,Laptop,Past EOL,2027,2027-11-11,,1930.13,Planning,Budget Approval
PRJ-005374,AST-0003149,Laptop,EOL within 24 months,2026,2026-11-03,,2117.58,Not Started,Vendor Lead Time
PRJ-005375,AST-0000351,Laptop,Past EOL,2026,2026-08-07,,1785.0,Blocked,Change Freeze
PRJ-005376,AST-0008979,Laptop,EOL within 24 months,2027,2027-02-11,,1533.17,Deferred,Application Dependency
PRJ-005377,AST-0008079,Laptop,Past EOL,2028,2028-09-10,,1615.24,Not Started,Application Dependency
PRJ-005378,AST-0005938,Laptop,Past EOL,2027,2027-04-30,,1601.88,Deferred,None
PRJ-005379,AST-0008442,Laptop,Past EOL,2027,2027-03-15,,1634.92,Not Started,Application Dependency
PRJ-005380,AST-0000159,Laptop,Past EOL,2028,2028-04-29,,1766.2,In Progress,None
PRJ-005381,AST-0005602,Laptop,EOL within 24 months,2028,2028-07-18,,2046.23,Not Started,Application Dependency
PRJ-005382,AST-0014296,Desktop,EOL within 12 months,2026,2026-12-23,,1174.93,Blocked,Security Exception
PRJ-005383,AST-0019905,VDI Endpoint,EOL within 24 months,2027,2027-05-13,,980.06,In Progress,Vendor Lead Time
PRJ-005384,AST-0023578,Wireless Access Point,EOL within 24 months,2028,2028-08-23,,1575.07,Planning,Application Dependency
PRJ-005385,AST-0006444,Laptop,EOL within 24 months,2027,2027-03-21,,2440.48,Planning,Branch Scheduling
PRJ-005386,AST-0000419,Laptop,Past EOL,2027,2027-07-11,,1355.4,Planning,Branch Scheduling
PRJ-005387,AST-0001927,Laptop,Past EOL,2026,2026-09-11,,1554.2,In Progress,Vendor Lead Time
PRJ-005388,AST-0005912,Laptop,Past EOL,2027,2027-06-19,,1769.64,Deferred,Budget Approval
PRJ-005389,AST-0012508,Laptop,EOL within 24 months,2028,2028-07-04,,2107.3,In Progress,Application Dependency
PRJ-005390,AST-0012453,Laptop,Past EOL,2028,2028-10-31,,1334.39,Planning,Application Dependency
PRJ-005391,AST-0022210,Access Switch,EOL within 24 months,2027,2027-10-12,,6446.62,Deferred,Budget Approval
PRJ-005392,AST-0017037,Desktop,EOL within 12 months,2028,2028-05-23,2028-07-01,1047.64,Completed,Change Freeze
PRJ-005393,AST-0005618,Laptop,EOL within 12 months,2028,2028-08-08,,1503.19,Planning,Application Dependency
PRJ-005394,AST-0011733,Laptop,EOL within 12 months,2026,2026-08-08,,1607.01,Planning,Change Freeze
PRJ-005395,AST-0004472,Laptop,EOL within 12 months,2027,2027-04-07,,1996.9,In Progress,Security Exception
PRJ-005396,AST-0017519,Desktop,EOL within 12 months,2027,2027-06-20,2027-07-26,1289.66,Completed,Change Freeze
PRJ-005397,AST-0019337,VDI Endpoint,EOL within 12 months,2027,2027-04-13,2027-06-24,1342.02,Completed,Change Freeze
PRJ-005398,AST-0006800,Laptop,EOL within 12 months,2028,2028-04-17,,1561.64,Not Started,Vendor Lead Time
PRJ-005399,AST-0003619,Laptop,EOL within 24 months,2026,2026-08-10,,2837.1,Deferred,None
PRJ-005400,AST-0009723,Laptop,EOL within 24 months,2028,2028-09-18,2028-10-13,1775.64,Completed,Branch Scheduling
PRJ-005401,AST-0018265,Desktop,EOL within 12 months,2026,2026-12-21,,1234.06,In Progress,Application Dependency
PRJ-005402,AST-0007033,Laptop,EOL within 24 months,2026,2026-11-14,,3632.21,Not Started,Change Freeze
PRJ-005403,AST-0004355,Laptop,EOL within 24 months,2027,2027-12-24,2027-11-26,2936.15,Completed,Application Dependency
PRJ-005404,AST-0003184,Laptop,EOL within 12 months,2028,2028-04-14,,1821.45,Planning,None
PRJ-005405,AST-0008883,Laptop,EOL within 12 months,2028,2028-11-05,,1617.3,Planning,Branch Scheduling
PRJ-005406,AST-0017961,Desktop,EOL within 24 months,2028,2028-12-29,,933.06,In Progress,Budget Approval
PRJ-005407,AST-0012061,Laptop,EOL within 24 months,2026,2026-10-08,2026-11-02,1992.61,Completed,Security Exception
PRJ-005408,AST-0003512,Laptop,EOL within 12 months,2028,2028-10-24,,1672.96,In Progress,Application Dependency
PRJ-005409,AST-0012627,Laptop,Past EOL,2026,2026-11-04,,1775.37,Not Started,Change Freeze
PRJ-005410,AST-0021621,Access Switch,EOL within 24 months,2027,2027-10-25,,7272.43,Planning,Security Exception
PRJ-005411,AST-0011931,Laptop,EOL within 12 months,2028,2028-01-15,,2045.1,Planning,Branch Scheduling
PRJ-005412,AST-0019702,VDI Endpoint,EOL within 12 months,2026,2026-09-23,,1249.32,Not Started,None
PRJ-005413,AST-0012984,Laptop,EOL within 24 months,2028,2028-05-20,2028-07-20,1568.41,Completed,Budget Approval
PRJ-005414,AST-0015006,Desktop,EOL within 24 months,2027,2027-07-15,,1103.09,Deferred,Budget Approval
PRJ-005415,AST-0008967,Laptop,EOL within 12 months,2026,2026-07-05,,1516.29,Planning,None
PRJ-005416,AST-0018050,Desktop,EOL within 24 months,2027,2027-01-06,,1142.59,Not Started,Budget Approval
PRJ-005417,AST-0013631,Laptop,Past EOL,2027,2027-05-14,,1929.24,Not Started,Security Exception
PRJ-005418,AST-0005383,Laptop,EOL within 24 months,2026,2026-11-07,,3797.43,Deferred,Vendor Lead Time
PRJ-005419,AST-0008399,Laptop,EOL within 12 months,2028,2028-09-05,,2074.46,In Progress,Application Dependency
PRJ-005420,AST-0000259,Laptop,Past EOL,2026,2026-12-15,,1358.82,Deferred,Branch Scheduling
PRJ-005421,AST-0010206,Laptop,EOL within 24 months,2027,2027-02-03,,1866.92,Planning,Vendor Lead Time
PRJ-005422,AST-0018070,Desktop,EOL within 24 months,2027,2027-02-12,2027-02-17,910.6,Completed,Change Freeze
PRJ-005423,AST-0017876,Desktop,EOL within 24 months,2027,2027-05-16,,1291.99,Not Started,Branch Scheduling
PRJ-005424,AST-0022966,Router,EOL within 12 months,2027,2027-04-30,,8891.58,Not Started,Application Dependency
PRJ-005425,AST-0017434,Desktop,EOL within 24 months,2027,2027-02-05,,1020.48,Planning,Branch Scheduling
PRJ-005426,AST-0001522,Laptop,Past EOL,2027,2027-12-30,,1808.77,In Progress,Change Freeze
PRJ-005427,AST-0008693,Laptop,Past EOL,2028,2028-04-24,,1827.98,Planning,Security Exception
PRJ-005428,AST-0001489,Laptop,EOL within 24 months,2027,2027-05-13,,2318.92,Planning,Budget Approval
PRJ-005429,AST-0005899,Laptop,Past EOL,2027,2027-04-02,,1715.31,In Progress,Change Freeze
PRJ-005430,AST-0002578,Laptop,EOL within 12 months,2026,2026-10-19,,2029.1,Not Started,Security Exception
PRJ-005431,AST-0018644,VDI Endpoint,EOL within 24 months,2027,2027-09-17,,1027.67,In Progress,Branch Scheduling
PRJ-005432,AST-0011794,Laptop,EOL within 24 months,2026,2026-06-24,2026-08-22,3533.19,Completed,Budget Approval
PRJ-005433,AST-0014685,Desktop,EOL within 12 months,2026,2026-08-30,,1416.21,Not Started,Budget Approval
PRJ-005434,AST-0022372,Access Switch,EOL within 24 months,2027,2027-03-26,,7245.66,In Progress,Change Freeze
PRJ-005435,AST-0021741,Access Switch,EOL within 24 months,2028,2028-09-06,,6044.34,Planning,Vendor Lead Time
PRJ-005436,AST-0009274,Laptop,EOL within 24 months,2026,2026-10-05,,1973.69,Not Started,Vendor Lead Time
PRJ-005437,AST-0022124,Access Switch,EOL within 24 months,2028,2028-06-20,,5916.3,In Progress,None
PRJ-005438,AST-0009066,Laptop,EOL within 24 months,2027,2027-12-12,,1786.33,In Progress,Application Dependency
PRJ-005439,AST-0019773,VDI Endpoint,EOL within 12 months,2028,2028-01-02,,1388.73,Not Started,Budget Approval
PRJ-005440,AST-0005599,Laptop,Past EOL,2027,2027-09-20,,1429.3,Deferred,Vendor Lead Time
PRJ-005441,AST-0001151,Laptop,Past EOL,2027,2027-04-06,2027-05-16,1912.96,Completed,Budget Approval
PRJ-005442,AST-0006940,Laptop,EOL within 12 months,2028,2028-10-17,,1871.16,Planning,Vendor Lead Time
PRJ-005443,AST-0012044,Laptop,Past EOL,2028,2028-07-01,,1653.29,Deferred,Application Dependency
PRJ-005444,AST-0006721,Laptop,Past EOL,2026,2026-08-07,,1745.67,Not Started,None
PRJ-005445,AST-0021836,Access Switch,EOL within 24 months,2026,2026-08-30,,6738.65,Blocked,Vendor Lead Time
PRJ-005446,AST-0011625,Laptop,EOL within 12 months,2027,2027-04-27,2027-04-15,1864.94,Completed,None
PRJ-005447,AST-0008342,Laptop,Past EOL,2026,2026-12-29,,1626.56,Not Started,Vendor Lead Time
PRJ-005448,AST-0006593,Laptop,Past EOL,2028,2028-04-11,,1415.78,Not Started,Budget Approval
PRJ-005449,AST-0001172,Laptop,EOL within 12 months,2026,2026-10-22,,1560.62,Not Started,Change Freeze
PRJ-005450,AST-0006077,Laptop,Past EOL,2028,2028-01-14,,1797.23,In Progress,Security Exception
PRJ-005451,AST-0003945,Laptop,EOL within 12 months,2028,2028-04-18,,1888.46,Planning,Application Dependency
PRJ-005452,AST-0003876,Laptop,EOL within 12 months,2028,2028-11-30,2029-02-18,2175.64,Completed,Application Dependency
PRJ-005453,AST-0007862,Laptop,EOL within 12 months,2027,2027-06-15,,1778.5,In Progress,Vendor Lead Time
PRJ-005454,AST-0011741,Laptop,EOL within 12 months,2028,2028-08-06,,1838.81,Planning,Budget Approval
PRJ-005455,AST-0018169,Desktop,EOL within 12 months,2028,2028-09-12,,995.72,Deferred,Change Freeze
PRJ-005456,AST-0017062,Desktop,EOL within 24 months,2027,2027-09-27,,1035.01,Planning,None
PRJ-005457,AST-0017159,Desktop,EOL within 24 months,2027,2027-12-24,,980.97,In Progress,Branch Scheduling
PRJ-005458,AST-0017523,Desktop,EOL within 12 months,2028,2028-08-02,,998.01,In Progress,Branch Scheduling
PRJ-005459,AST-0016202,Desktop,EOL within 12 months,2028,2028-11-09,,946.44,In Progress,Vendor Lead Time
PRJ-005460,AST-0020831,Server,EOL within 24 months,2027,2027-11-25,,10721.4,Not Started,Security Exception
PRJ-005461,AST-0022873,Router,EOL within 12 months,2028,2028-04-15,,10497.74,Not Started,Security Exception
PRJ-005462,AST-0023773,Wireless Access Point,EOL within 12 months,2027,2027-01-28,,981.71,In Progress,Application Dependency
PRJ-005463,AST-0001876,Laptop,EOL within 24 months,2026,2026-12-29,,2982.21,Deferred,None
PRJ-005464,AST-0010134,Laptop,Past EOL,2027,2027-09-02,,1699.19,Not Started,Vendor Lead Time
PRJ-005465,AST-0013339,Laptop,EOL within 24 months,2027,2027-03-06,,2263.3,In Progress,Change Freeze
PRJ-005466,AST-0001188,Laptop,EOL within 24 months,2028,2028-04-01,,3003.68,In Progress,Branch Scheduling
PRJ-005467,AST-0016546,Desktop,EOL within 12 months,2027,2027-09-22,,1258.97,Planning,Security Exception
PRJ-005468,AST-0006799,Laptop,Past EOL,2027,2027-11-22,,1927.5,Blocked,Budget Approval
PRJ-005469,AST-0003453,Laptop,Past EOL,2028,2028-05-20,,1643.48,Not Started,Branch Scheduling
PRJ-005470,AST-0006293,Laptop,Past EOL,2027,2027-05-20,,1656.01,Not Started,Branch Scheduling
PRJ-005471,AST-0011751,Laptop,EOL within 12 months,2026,2026-06-23,,1941.98,Planning,Security Exception
PRJ-005472,AST-0003218,Laptop,EOL within 12 months,2027,2027-06-23,,1461.79,Planning,Branch Scheduling
PRJ-005473,AST-0005553,Laptop,EOL within 24 months,2028,2028-03-19,,2081.4,In Progress,None
PRJ-005474,AST-0010781,Laptop,EOL within 24 months,2028,2028-11-26,,1488.77,Deferred,Application Dependency
PRJ-005475,AST-0002657,Laptop,EOL within 24 months,2028,2028-05-08,,1974.81,Not Started,Application Dependency
PRJ-005476,AST-0017467,Desktop,EOL within 24 months,2028,2028-12-16,,1197.65,Deferred,None
PRJ-005477,AST-0008777,Laptop,EOL within 12 months,2028,2028-07-06,,1611.84,Not Started,Budget Approval
PRJ-005478,AST-0003972,Laptop,Past EOL,2026,2026-11-12,2026-12-14,1385.08,Completed,Branch Scheduling
PRJ-005479,AST-0003037,Laptop,EOL within 12 months,2026,2026-07-20,,1693.62,Planning,Security Exception
PRJ-005480,AST-0008024,Laptop,EOL within 12 months,2027,2027-06-15,,1513.73,Planning,Branch Scheduling
PRJ-005481,AST-0018798,VDI Endpoint,EOL within 24 months,2028,2028-09-01,,833.03,Planning,None
PRJ-005482,AST-0016717,Desktop,EOL within 24 months,2026,2026-07-02,,1155.51,Not Started,Vendor Lead Time
PRJ-005483,AST-0005035,Laptop,Past EOL,2026,2026-11-26,,1631.69,Deferred,Budget Approval
PRJ-005484,AST-0000265,Laptop,EOL within 24 months,2028,2028-03-01,,2954.68,Blocked,Branch Scheduling
PRJ-005485,AST-0005851,Laptop,EOL within 24 months,2026,2026-07-25,,2003.0,Not Started,Branch Scheduling
PRJ-005486,AST-0021102,Server,EOL within 24 months,2028,2028-06-11,,13869.48,Planning,Branch Scheduling
PRJ-005487,AST-0022990,Router,EOL within 12 months,2027,2027-01-21,,10461.59,In Progress,Branch Scheduling
PRJ-005488,AST-0012894,Laptop,EOL within 24 months,2028,2028-07-31,,2212.36,In Progress,Budget Approval
PRJ-005489,AST-0016705,Desktop,EOL within 12 months,2028,2028-06-16,2028-07-26,1077.3,Completed,Change Freeze
PRJ-005490,AST-0008443,Laptop,Past EOL,2027,2027-02-08,,1642.24,Not Started,Application Dependency
PRJ-005491,AST-0017536,Desktop,EOL within 24 months,2026,2026-06-26,,1241.67,Not Started,Application Dependency
PRJ-005492,AST-0007367,Laptop,Past EOL,2028,2028-04-04,,1542.32,Planning,Vendor Lead Time
PRJ-005493,AST-0021642,Access Switch,EOL within 24 months,2027,2027-04-20,2027-05-29,6950.77,Completed,Security Exception
PRJ-005494,AST-0001213,Laptop,EOL within 12 months,2027,2027-06-21,,1786.27,Not Started,None
PRJ-005495,AST-0008913,Laptop,EOL within 12 months,2028,2028-08-20,,1823.05,Not Started,Security Exception
PRJ-005496,AST-0016653,Desktop,EOL within 24 months,2027,2027-10-22,,1083.11,Planning,Change Freeze
PRJ-005497,AST-0010137,Laptop,EOL within 24 months,2027,2027-06-06,,2417.75,In Progress,Branch Scheduling
PRJ-005498,AST-0017879,Desktop,EOL within 12 months,2028,2028-01-07,,1235.84,Not Started,Vendor Lead Time
PRJ-005499,AST-0016808,Desktop,EOL within 24 months,2027,2027-02-18,,1310.41,Blocked,Security Exception
PRJ-005500,AST-0007934,Laptop,EOL within 12 months,2028,2028-09-14,,1906.83,Deferred,None
PRJ-005501,AST-0017235,Desktop,EOL within 12 months,2028,2028-02-20,2028-03-30,1115.12,Completed,Branch Scheduling
PRJ-005502,AST-0002280,Laptop,EOL within 12 months,2028,2028-07-14,,1667.39,In Progress,Budget Approval
PRJ-005503,AST-0016787,Desktop,EOL within 12 months,2028,2028-11-07,,972.1,Planning,Security Exception
PRJ-005504,AST-0013758,Laptop,EOL within 12 months,2028,2028-08-21,2028-09-01,1556.57,Completed,Budget Approval
PRJ-005505,AST-0004785,Laptop,Past EOL,2026,2026-12-18,,1356.87,Planning,None
PRJ-005506,AST-0007833,Laptop,EOL within 24 months,2026,2026-06-08,,1694.4,Not Started,Vendor Lead Time
PRJ-005507,AST-0010404,Laptop,Past EOL,2026,2026-10-13,,1727.55,Planning,Budget Approval
PRJ-005508,AST-0012373,Laptop,EOL within 24 months,2026,2026-11-20,,1998.72,In Progress,Budget Approval
PRJ-005509,AST-0014498,Desktop,EOL within 12 months,2026,2026-12-28,,1217.78,Planning,None
PRJ-005510,AST-0019467,VDI Endpoint,EOL within 24 months,2028,2028-05-03,,1083.36,Deferred,Change Freeze
PRJ-005511,AST-0004210,Laptop,EOL within 24 months,2026,2026-09-10,,1901.78,Planning,Branch Scheduling
PRJ-005512,AST-0003477,Laptop,EOL within 12 months,2026,2026-09-04,,1495.83,Planning,None
PRJ-005513,AST-0009845,Laptop,Past EOL,2028,2028-01-09,,1531.43,Not Started,Application Dependency
PRJ-005514,AST-0007364,Laptop,EOL within 12 months,2027,2027-06-30,2027-09-04,1842.26,Completed,Security Exception
PRJ-005515,AST-0018047,Desktop,EOL within 12 months,2027,2027-04-26,,1155.27,Not Started,Budget Approval
PRJ-005516,AST-0008565,Laptop,Past EOL,2027,2027-10-10,,1549.29,Planning,Branch Scheduling
PRJ-005517,AST-0001950,Laptop,EOL within 24 months,2028,2028-12-01,,2094.65,Planning,Branch Scheduling
PRJ-005518,AST-0016092,Desktop,EOL within 12 months,2028,2028-09-22,,1404.67,Planning,Branch Scheduling
PRJ-005519,AST-0016022,Desktop,EOL within 24 months,2026,2026-07-17,,1061.75,Not Started,Security Exception
PRJ-005520,AST-0009123,Laptop,EOL within 24 months,2027,2027-11-21,,1833.93,In Progress,Vendor Lead Time
PRJ-005521,AST-0006576,Laptop,EOL within 24 months,2027,2027-08-17,2027-10-19,2330.49,Completed,Security Exception
PRJ-005522,AST-0017684,Desktop,EOL within 24 months,2026,2026-09-29,,927.28,In Progress,Change Freeze
PRJ-005523,AST-0021576,Access Switch,EOL within 24 months,2028,2028-05-12,,5734.14,In Progress,Security Exception
PRJ-005524,AST-0018520,VDI Endpoint,EOL within 12 months,2026,2026-07-09,,996.89,Deferred,None
PRJ-005525,AST-0003856,Laptop,EOL within 24 months,2028,2028-11-16,,3487.32,Planning,Change Freeze
PRJ-005526,AST-0006231,Laptop,EOL within 24 months,2027,2027-03-12,,3377.28,Deferred,Security Exception
PRJ-005527,AST-0021808,Access Switch,EOL within 24 months,2028,2028-02-01,2028-02-23,9567.13,Completed,Vendor Lead Time
PRJ-005528,AST-0005924,Laptop,Past EOL,2027,2027-12-09,,1448.58,In Progress,Security Exception
PRJ-005529,AST-0003651,Laptop,EOL within 12 months,2027,2027-10-04,,1638.35,Planning,Change Freeze
PRJ-005530,AST-0008799,Laptop,EOL within 12 months,2027,2027-08-11,,2130.85,Planning,Budget Approval
PRJ-005531,AST-0007705,Laptop,Past EOL,2028,2028-01-07,,1562.32,Planning,Change Freeze
PRJ-005532,AST-0009161,Laptop,EOL within 12 months,2027,2027-05-21,,1884.38,Planning,Security Exception
PRJ-005533,AST-0003627,Laptop,EOL within 24 months,2027,2027-05-13,,2361.11,In Progress,Security Exception
PRJ-005534,AST-0018766,VDI Endpoint,EOL within 24 months,2027,2027-12-08,2028-02-17,844.16,Completed,Security Exception
PRJ-005535,AST-0020011,Server,EOL within 24 months,2028,2028-06-19,,15196.81,Not Started,Vendor Lead Time
PRJ-005536,AST-0003654,Laptop,EOL within 24 months,2026,2026-11-15,,2284.09,Blocked,Vendor Lead Time
PRJ-005537,AST-0002701,Laptop,Past EOL,2026,2026-08-27,,1505.64,In Progress,Vendor Lead Time
PRJ-005538,AST-0003462,Laptop,EOL within 24 months,2028,2028-12-02,,2377.69,Planning,Branch Scheduling
PRJ-005539,AST-0010548,Laptop,Past EOL,2028,2028-03-17,,1719.04,Not Started,Security Exception
PRJ-005540,AST-0012497,Laptop,EOL within 12 months,2027,2027-01-22,2027-04-10,1940.41,Completed,Security Exception
PRJ-005541,AST-0001007,Laptop,EOL within 12 months,2027,2027-03-08,,2004.53,Not Started,Application Dependency
PRJ-005542,AST-0009610,Laptop,EOL within 12 months,2028,2028-10-29,,1862.89,Deferred,Change Freeze
PRJ-005543,AST-0004351,Laptop,EOL within 24 months,2027,2027-02-21,,2326.71,In Progress,None
PRJ-005544,AST-0009149,Laptop,EOL within 24 months,2026,2026-12-02,,2062.81,Not Started,None
PRJ-005545,AST-0012196,Laptop,Past EOL,2026,2026-10-19,,1485.85,Not Started,Application Dependency
PRJ-005546,AST-0014762,Desktop,EOL within 12 months,2027,2027-11-04,,1385.91,In Progress,Budget Approval
PRJ-005547,AST-0013057,Laptop,EOL within 12 months,2028,2028-08-17,,2058.34,In Progress,Budget Approval
PRJ-005548,AST-0019175,VDI Endpoint,EOL within 12 months,2028,2028-12-27,2029-03-09,1343.29,Completed,Budget Approval
PRJ-005549,AST-0005987,Laptop,Past EOL,2026,2026-11-19,2026-11-05,1717.62,Completed,Budget Approval
PRJ-005550,AST-0017298,Desktop,EOL within 24 months,2027,2027-01-31,,1086.04,Not Started,Budget Approval
PRJ-005551,AST-0023476,Wireless Access Point,EOL within 24 months,2028,2028-08-13,,1189.55,Not Started,Application Dependency
PRJ-005552,AST-0014203,Desktop,EOL within 24 months,2027,2027-01-21,,961.47,Not Started,Application Dependency
PRJ-005553,AST-0014865,Desktop,EOL within 24 months,2026,2026-07-30,,900.56,Planning,Budget Approval
PRJ-005554,AST-0018423,Desktop,EOL within 24 months,2028,2028-08-30,2028-10-03,934.65,Completed,Security Exception
PRJ-005555,AST-0005187,Laptop,EOL within 24 months,2028,2028-09-03,,1706.82,In Progress,Budget Approval
PRJ-005556,AST-0016832,Desktop,EOL within 12 months,2027,2027-12-04,2027-12-18,1039.4,Completed,Vendor Lead Time
PRJ-005557,AST-0011274,Laptop,EOL within 12 months,2026,2026-11-14,,2139.45,Not Started,Security Exception
PRJ-005558,AST-0012248,Laptop,EOL within 12 months,2027,2027-09-08,2027-10-15,1960.43,Completed,Change Freeze
PRJ-005559,AST-0004651,Laptop,EOL within 24 months,2027,2027-02-21,,2029.14,Not Started,Security Exception
PRJ-005560,AST-0014136,Desktop,EOL within 24 months,2028,2028-09-13,,901.98,In Progress,Vendor Lead Time
PRJ-005561,AST-0019931,VDI Endpoint,EOL within 24 months,2027,2027-01-29,,1212.91,Deferred,None
PRJ-005562,AST-0001951,Laptop,Past EOL,2027,2027-04-22,2027-05-11,1745.02,Completed,Budget Approval
PRJ-005563,AST-0022324,Access Switch,EOL within 24 months,2027,2027-09-01,,4965.69,Planning,Application Dependency
PRJ-005564,AST-0012662,Laptop,Past EOL,2027,2027-05-26,,1630.37,Blocked,Budget Approval
PRJ-005565,AST-0004304,Laptop,Past EOL,2028,2028-01-10,,1740.59,In Progress,None
PRJ-005566,AST-0011942,Laptop,EOL within 12 months,2029,2029-01-02,,1650.63,In Progress,None
PRJ-005567,AST-0017082,Desktop,EOL within 24 months,2027,2027-05-28,,889.61,Deferred,Security Exception
PRJ-005568,AST-0013583,Laptop,Past EOL,2028,2028-12-16,,1559.23,Not Started,Budget Approval
PRJ-005569,AST-0018681,VDI Endpoint,EOL within 12 months,2027,2027-04-27,,1205.51,Blocked,Branch Scheduling
PRJ-005570,AST-0000830,Laptop,EOL within 24 months,2028,2028-07-04,2028-06-26,2122.85,Completed,Security Exception
PRJ-005571,AST-0011665,Laptop,Past EOL,2028,2028-12-01,,1355.8,Planning,Budget Approval
PRJ-005572,AST-0006056,Laptop,Past EOL,2028,2028-05-25,,1624.93,Deferred,Application Dependency
PRJ-005573,AST-0008378,Laptop,Past EOL,2028,2028-05-18,,1606.64,In Progress,Change Freeze
PRJ-005574,AST-0019086,VDI Endpoint,EOL within 24 months,2026,2026-10-14,,872.93,In Progress,Budget Approval
PRJ-005575,AST-0007164,Laptop,Past EOL,2028,2028-10-13,,1563.36,Planning,None
PRJ-005576,AST-0011286,Laptop,EOL within 24 months,2028,2028-08-05,,1861.56,In Progress,Budget Approval
PRJ-005577,AST-0012095,Laptop,EOL within 12 months,2027,2027-05-01,2027-04-07,1811.2,Completed,Security Exception
PRJ-005578,AST-0000464,Laptop,EOL within 24 months,2027,2027-04-23,,3258.66,Deferred,Security Exception
PRJ-005579,AST-0005247,Laptop,EOL within 12 months,2029,2029-01-03,2029-02-13,1827.07,Completed,Branch Scheduling
PRJ-005580,AST-0010334,Laptop,Past EOL,2028,2028-11-29,2029-02-19,1749.9,Completed,Security Exception
PRJ-005581,AST-0018023,Desktop,EOL within 24 months,2027,2027-02-20,,1199.2,Planning,Vendor Lead Time
PRJ-005582,AST-0016795,Desktop,EOL within 24 months,2028,2028-09-01,,958.11,Blocked,Budget Approval
PRJ-005583,AST-0001472,Laptop,Past EOL,2028,2028-06-10,,1808.57,Planning,Application Dependency
PRJ-005584,AST-0021647,Access Switch,EOL within 24 months,2029,2029-01-05,,7314.43,Deferred,Budget Approval
PRJ-005585,AST-0014860,Desktop,EOL within 12 months,2027,2027-03-31,,1342.87,Planning,None
PRJ-005586,AST-0007298,Laptop,EOL within 24 months,2027,2027-01-26,,2204.53,Planning,Branch Scheduling
PRJ-005587,AST-0011941,Laptop,Past EOL,2028,2028-06-12,,1769.09,Planning,Security Exception
PRJ-005588,AST-0012398,Laptop,EOL within 12 months,2027,2027-07-18,,2103.13,In Progress,None
PRJ-005589,AST-0017402,Desktop,EOL within 12 months,2027,2027-03-10,,1409.83,Not Started,Branch Scheduling
PRJ-005590,AST-0000661,Laptop,EOL within 24 months,2026,2026-11-14,,3333.79,Planning,Security Exception
PRJ-005591,AST-0012188,Laptop,EOL within 12 months,2028,2028-08-27,2028-08-27,2167.54,Completed,None
PRJ-005592,AST-0010138,Laptop,EOL within 24 months,2028,2028-01-05,,3783.37,Blocked,Branch Scheduling
PRJ-005593,AST-0021297,Server,EOL within 24 months,2027,2027-04-12,,12839.67,Not Started,Change Freeze
PRJ-005594,AST-0000432,Laptop,EOL within 24 months,2027,2027-02-17,2027-01-29,2712.54,Completed,Vendor Lead Time
PRJ-005595,AST-0013393,Laptop,EOL within 24 months,2027,2027-11-01,,2884.53,Planning,Branch Scheduling
PRJ-005596,AST-0021670,Access Switch,EOL within 24 months,2028,2028-08-25,,8995.69,Deferred,Budget Approval
PRJ-005597,AST-0006711,Laptop,Past EOL,2028,2028-02-07,,1466.76,Planning,Branch Scheduling
PRJ-005598,AST-0022254,Access Switch,EOL within 24 months,2027,2027-05-14,,6998.92,Deferred,Application Dependency
PRJ-005599,AST-0008234,Laptop,Past EOL,2026,2026-12-05,,1350.25,In Progress,Vendor Lead Time
PRJ-005600,AST-0007242,Laptop,EOL within 12 months,2028,2028-09-22,,1869.95,Planning,Security Exception
PRJ-005601,AST-0017952,Desktop,EOL within 24 months,2028,2028-04-30,,951.38,Not Started,Change Freeze
PRJ-005602,AST-0007262,Laptop,Past EOL,2026,2026-09-21,,1446.03,Not Started,None
PRJ-005603,AST-0012769,Laptop,Past EOL,2026,2026-07-11,,1676.06,In Progress,Security Exception
PRJ-005604,AST-0000660,Laptop,EOL within 24 months,2027,2027-09-04,,2029.58,Planning,None
PRJ-005605,AST-0008591,Laptop,EOL within 24 months,2028,2028-10-21,,2707.59,Planning,None
PRJ-005606,AST-0004919,Laptop,EOL within 24 months,2028,2028-11-30,,3245.97,Planning,Application Dependency
PRJ-005607,AST-0007138,Laptop,EOL within 12 months,2027,2027-11-02,,1490.95,Planning,Change Freeze
PRJ-005608,AST-0015372,Desktop,EOL within 24 months,2027,2027-08-13,,996.43,Not Started,Branch Scheduling
PRJ-005609,AST-0009051,Laptop,EOL within 12 months,2027,2027-12-30,,1592.0,Planning,Budget Approval
PRJ-005610,AST-0021916,Access Switch,EOL within 24 months,2028,2028-08-08,,6337.58,Planning,Security Exception
PRJ-005611,AST-0017894,Desktop,EOL within 24 months,2027,2027-07-31,2027-10-23,1115.25,Completed,Change Freeze
PRJ-005612,AST-0004113,Laptop,EOL within 24 months,2028,2028-09-11,2028-10-05,1902.42,Completed,Vendor Lead Time
PRJ-005613,AST-0013457,Laptop,EOL within 12 months,2027,2027-12-22,,2028.02,In Progress,None
PRJ-005614,AST-0018515,VDI Endpoint,EOL within 12 months,2027,2027-09-07,2027-10-06,1412.85,Completed,Budget Approval
PRJ-005615,AST-0019577,VDI Endpoint,EOL within 24 months,2028,2028-12-18,,1126.86,In Progress,None
PRJ-005616,AST-0012481,Laptop,EOL within 12 months,2027,2027-09-24,,1744.2,Planning,Change Freeze
PRJ-005617,AST-0004211,Laptop,Past EOL,2028,2028-05-23,2028-06-05,1843.92,Completed,Branch Scheduling
PRJ-005618,AST-0005057,Laptop,Past EOL,2027,2027-12-16,,1981.7,Planning,Branch Scheduling
PRJ-005619,AST-0013850,Laptop,Past EOL,2027,2027-05-23,,1766.74,Not Started,Vendor Lead Time
PRJ-005620,AST-0014318,Desktop,EOL within 24 months,2026,2026-09-11,,1076.22,Not Started,Security Exception
PRJ-005621,AST-0013726,Laptop,EOL within 12 months,2027,2027-03-12,,1652.17,Deferred,Application Dependency
PRJ-005622,AST-0023614,Wireless Access Point,EOL within 24 months,2027,2027-01-22,,887.31,Planning,Vendor Lead Time
PRJ-005623,AST-0002932,Laptop,EOL within 24 months,2027,2027-11-29,,2089.67,In Progress,Security Exception
PRJ-005624,AST-0021327,Server,EOL within 24 months,2027,2027-04-18,,12474.5,Blocked,Branch Scheduling
PRJ-005625,AST-0009903,Laptop,Past EOL,2027,2027-11-25,,1922.77,Planning,Vendor Lead Time
PRJ-005626,AST-0016190,Desktop,EOL within 12 months,2028,2028-11-16,,1120.96,In Progress,Application Dependency
PRJ-005627,AST-0013798,Laptop,EOL within 24 months,2027,2027-12-19,,1654.4,Blocked,Change Freeze
PRJ-005628,AST-0013897,Laptop,EOL within 12 months,2026,2026-10-08,,1866.96,Planning,Security Exception
PRJ-005629,AST-0008664,Laptop,Past EOL,2028,2028-06-05,2028-08-23,1508.67,Completed,Budget Approval
PRJ-005630,AST-0005041,Laptop,Past EOL,2028,2028-03-03,,1794.13,Planning,Budget Approval
PRJ-005631,AST-0004176,Laptop,EOL within 24 months,2027,2027-04-18,,2788.91,Not Started,Security Exception
PRJ-005632,AST-0013837,Laptop,EOL within 12 months,2027,2027-12-27,,1702.34,In Progress,None
PRJ-005633,AST-0017367,Desktop,EOL within 24 months,2026,2026-09-28,,1304.28,Planning,Application Dependency
PRJ-005634,AST-0003469,Laptop,Past EOL,2027,2027-08-10,,1913.86,Planning,Application Dependency
PRJ-005635,AST-0018457,Desktop,EOL within 12 months,2028,2028-01-22,,988.72,Planning,Vendor Lead Time
PRJ-005636,AST-0006644,Laptop,EOL within 24 months,2027,2027-11-12,,2079.4,Planning,Branch Scheduling
PRJ-005637,AST-0007781,Laptop,Past EOL,2028,2028-12-30,2029-02-09,1824.63,Completed,None
PRJ-005638,AST-0014881,Desktop,EOL within 12 months,2026,2026-09-08,,1344.03,Not Started,Application Dependency
PRJ-005639,AST-0002304,Laptop,EOL within 12 months,2028,2028-02-29,,1985.26,Not Started,Branch Scheduling
PRJ-005640,AST-0001960,Laptop,EOL within 24 months,2026,2026-09-05,,1514.24,Blocked,Budget Approval
PRJ-005641,AST-0012524,Laptop,EOL within 24 months,2028,2028-04-16,,2201.38,Planning,Branch Scheduling
PRJ-005642,AST-0022925,Router,EOL within 12 months,2027,2027-05-17,,6365.4,Not Started,None
PRJ-005643,AST-0013027,Laptop,EOL within 24 months,2027,2027-06-20,,1825.88,In Progress,Application Dependency
PRJ-005644,AST-0010570,Laptop,EOL within 24 months,2027,2027-10-06,,2112.28,Not Started,None
PRJ-005645,AST-0012389,Laptop,Past EOL,2028,2028-05-20,,1427.4,Planning,Budget Approval
PRJ-005646,AST-0022092,Access Switch,EOL within 24 months,2026,2026-08-22,,6849.99,In Progress,Application Dependency
PRJ-005647,AST-0015072,Desktop,EOL within 12 months,2027,2027-06-24,,1249.72,Not Started,Budget Approval
PRJ-005648,AST-0003219,Laptop,EOL within 12 months,2027,2027-01-27,,1638.97,Planning,Budget Approval
PRJ-005649,AST-0009967,Laptop,EOL within 12 months,2027,2027-04-05,,2001.29,Not Started,Application Dependency
PRJ-005650,AST-0009813,Laptop,EOL within 12 months,2028,2028-04-30,,1462.82,Planning,Branch Scheduling
PRJ-005651,AST-0004403,Laptop,Past EOL,2027,2027-06-17,,1705.8,Planning,None
PRJ-005652,AST-0011272,Laptop,Past EOL,2026,2026-12-03,,1612.65,Planning,Change Freeze
PRJ-005653,AST-0008948,Laptop,EOL within 24 months,2027,2027-07-09,2027-09-28,1964.75,Completed,Branch Scheduling
PRJ-005654,AST-0000070,Laptop,EOL within 24 months,2027,2027-08-19,,1635.96,Planning,Branch Scheduling
PRJ-005655,AST-0009960,Laptop,EOL within 12 months,2028,2028-08-26,,1533.19,In Progress,None
PRJ-005656,AST-0015615,Desktop,EOL within 24 months,2028,2028-05-20,,1264.68,Deferred,Change Freeze
PRJ-005657,AST-0018362,Desktop,EOL within 12 months,2028,2028-06-26,,1395.69,Planning,Security Exception
PRJ-005658,AST-0005107,Laptop,EOL within 12 months,2028,2028-03-01,,1998.85,Planning,Vendor Lead Time
PRJ-005659,AST-0015092,Desktop,EOL within 12 months,2028,2028-06-02,,1076.98,Planning,Change Freeze
PRJ-005660,AST-0018043,Desktop,EOL within 24 months,2026,2026-06-27,,1051.76,Not Started,Branch Scheduling
PRJ-005661,AST-0011466,Laptop,Past EOL,2027,2027-03-24,,1370.16,In Progress,Change Freeze
PRJ-005662,AST-0012624,Laptop,EOL within 12 months,2027,2027-09-26,,1906.1,Not Started,Application Dependency
PRJ-005663,AST-0020293,Server,EOL within 24 months,2027,2027-11-13,,13777.32,Deferred,Change Freeze
PRJ-005664,AST-0018565,VDI Endpoint,EOL within 24 months,2027,2027-04-11,,971.11,In Progress,Branch Scheduling
PRJ-005665,AST-0004125,Laptop,EOL within 24 months,2026,2026-09-28,,1937.35,Deferred,Change Freeze
PRJ-005666,AST-0004076,Laptop,Past EOL,2027,2027-12-26,,1807.02,Planning,Change Freeze
PRJ-005667,AST-0017410,Desktop,EOL within 12 months,2027,2027-06-09,,1206.67,Planning,Branch Scheduling
PRJ-005668,AST-0011703,Laptop,Past EOL,2028,2028-04-13,,1532.12,In Progress,Vendor Lead Time
PRJ-005669,AST-0017600,Desktop,EOL within 12 months,2027,2027-06-22,,1383.38,Not Started,Application Dependency
PRJ-005670,AST-0001694,Laptop,EOL within 12 months,2028,2028-04-06,,1656.14,Not Started,Security Exception
PRJ-005671,AST-0012664,Laptop,EOL within 24 months,2027,2027-06-13,,1862.31,Planning,Vendor Lead Time
PRJ-005672,AST-0009389,Laptop,Past EOL,2027,2027-05-19,,1631.45,In Progress,Branch Scheduling
PRJ-005673,AST-0001456,Laptop,Past EOL,2028,2028-11-25,,1881.67,In Progress,Budget Approval
PRJ-005674,AST-0004230,Laptop,EOL within 12 months,2027,2027-07-26,,2037.79,Not Started,Budget Approval
PRJ-005675,AST-0018960,VDI Endpoint,EOL within 12 months,2027,2027-11-25,2027-11-26,1265.45,Completed,Budget Approval
PRJ-005676,AST-0012224,Laptop,EOL within 24 months,2027,2027-11-13,,3660.83,Not Started,Change Freeze
PRJ-005677,AST-0002624,Laptop,EOL within 12 months,2026,2026-10-24,,1519.46,Planning,Security Exception
PRJ-005678,AST-0005542,Laptop,EOL within 12 months,2028,2028-08-02,,2000.89,Not Started,Vendor Lead Time
PRJ-005679,AST-0009911,Laptop,Past EOL,2026,2026-10-26,,1839.86,Not Started,None
PRJ-005680,AST-0023559,Wireless Access Point,EOL within 24 months,2027,2027-12-30,,1102.11,In Progress,Vendor Lead Time
PRJ-005681,AST-0023316,Wireless Access Point,EOL within 24 months,2028,2028-09-05,,1486.13,Planning,Security Exception
PRJ-005682,AST-0017331,Desktop,EOL within 24 months,2027,2027-08-16,2027-10-18,1091.22,Completed,Application Dependency
PRJ-005683,AST-0021049,Server,EOL within 24 months,2028,2028-04-08,,13231.21,Blocked,Change Freeze
PRJ-005684,AST-0001999,Laptop,EOL within 12 months,2027,2027-07-11,,1767.5,Blocked,Change Freeze
PRJ-005685,AST-0019526,VDI Endpoint,EOL within 12 months,2027,2027-05-13,,1165.53,Deferred,Budget Approval
PRJ-005686,AST-0017045,Desktop,EOL within 12 months,2027,2027-03-03,,1079.49,Planning,Vendor Lead Time
PRJ-005687,AST-0012751,Laptop,Past EOL,2028,2028-05-10,,1523.85,In Progress,Budget Approval
PRJ-005688,AST-0006886,Laptop,EOL within 12 months,2027,2027-07-06,,1692.58,Planning,Security Exception
PRJ-005689,AST-0019459,VDI Endpoint,EOL within 24 months,2028,2028-12-03,,1117.04,Planning,Vendor Lead Time
PRJ-005690,AST-0003073,Laptop,EOL within 24 months,2026,2026-06-09,2026-05-13,2679.16,Completed,Security Exception
PRJ-005691,AST-0011849,Laptop,Past EOL,2026,2026-12-03,2026-12-18,1548.53,Completed,Application Dependency
PRJ-005692,AST-0021484,Server,EOL within 24 months,2027,2027-09-06,,13303.39,Not Started,Branch Scheduling
PRJ-005693,AST-0000654,Laptop,Past EOL,2027,2027-04-21,2027-06-18,1788.17,Completed,Vendor Lead Time
PRJ-005694,AST-0010190,Laptop,EOL within 24 months,2027,2027-07-09,,2138.63,Not Started,Budget Approval
PRJ-005695,AST-0022724,Core Switch,EOL within 24 months,2027,2027-12-17,,26721.77,Planning,Branch Scheduling
PRJ-005696,AST-0003884,Laptop,EOL within 24 months,2027,2027-08-31,,2190.43,Planning,Change Freeze
PRJ-005697,AST-0015947,Desktop,EOL within 24 months,2026,2026-07-20,,975.46,Not Started,Application Dependency
PRJ-005698,AST-0007209,Laptop,EOL within 12 months,2026,2026-06-12,,1756.91,Planning,Vendor Lead Time
PRJ-005699,AST-0017257,Desktop,EOL within 24 months,2027,2027-04-26,,1037.22,Not Started,Branch Scheduling
PRJ-005700,AST-0023190,Wireless Access Point,EOL within 12 months,2027,2027-03-30,,1062.33,Planning,Change Freeze
PRJ-005701,AST-0016263,Desktop,EOL within 12 months,2026,2026-07-30,,1321.12,In Progress,Application Dependency
PRJ-005702,AST-0015137,Desktop,EOL within 12 months,2028,2028-07-28,,1132.76,Planning,Vendor Lead Time
PRJ-005703,AST-0015027,Desktop,EOL within 12 months,2028,2028-12-18,,992.84,Blocked,Change Freeze
PRJ-005704,AST-0005943,Laptop,EOL within 24 months,2026,2026-11-29,,3143.53,Planning,Vendor Lead Time
PRJ-005705,AST-0017489,Desktop,EOL within 24 months,2026,2026-08-02,,1301.35,Not Started,Change Freeze
PRJ-005706,AST-0019690,VDI Endpoint,EOL within 24 months,2027,2027-07-03,,842.96,Not Started,Branch Scheduling
PRJ-005707,AST-0018511,VDI Endpoint,EOL within 12 months,2026,2026-12-09,,1481.98,In Progress,Budget Approval
PRJ-005708,AST-0018524,VDI Endpoint,EOL within 24 months,2028,2028-01-12,2028-01-20,1082.27,Completed,Vendor Lead Time
PRJ-005709,AST-0016589,Desktop,EOL within 24 months,2027,2027-08-08,,993.39,In Progress,Change Freeze
PRJ-005710,AST-0001391,Laptop,Past EOL,2028,2028-08-08,,1407.7,Not Started,Security Exception
PRJ-005711,AST-0009085,Laptop,EOL within 12 months,2026,2026-10-03,,1533.77,Blocked,Branch Scheduling
PRJ-005712,AST-0015300,Desktop,EOL within 12 months,2026,2026-07-15,,1133.66,Not Started,Application Dependency
PRJ-005713,AST-0005387,Laptop,EOL within 12 months,2027,2027-11-14,,1892.71,Not Started,Change Freeze
PRJ-005714,AST-0016975,Desktop,EOL within 24 months,2027,2027-11-06,2027-10-11,1290.35,Completed,Budget Approval
PRJ-005715,AST-0007271,Laptop,Past EOL,2027,2027-11-03,,1852.82,Not Started,None
PRJ-005716,AST-0009136,Laptop,EOL within 12 months,2028,2028-11-30,,1791.26,In Progress,None
PRJ-005717,AST-0014044,Desktop,EOL within 24 months,2028,2028-12-05,,1122.52,Planning,Branch Scheduling
PRJ-005718,AST-0014241,Desktop,EOL within 24 months,2026,2026-11-21,,1042.87,Deferred,Branch Scheduling
PRJ-005719,AST-0005034,Laptop,EOL within 24 months,2028,2028-07-17,,2002.88,Not Started,Branch Scheduling
PRJ-005720,AST-0003500,Laptop,EOL within 24 months,2027,2027-03-12,,2728.51,Planning,Change Freeze
PRJ-005721,AST-0012682,Laptop,EOL within 12 months,2027,2027-12-30,,1824.81,Not Started,Application Dependency
PRJ-005722,AST-0022928,Router,EOL within 12 months,2027,2027-12-23,,6316.5,In Progress,Application Dependency
PRJ-005723,AST-0004782,Laptop,EOL within 24 months,2028,2028-05-02,2028-06-22,1941.48,Completed,Branch Scheduling
PRJ-005724,AST-0017730,Desktop,EOL within 12 months,2026,2026-06-08,,1130.37,Planning,Change Freeze
PRJ-005725,AST-0005379,Laptop,EOL within 24 months,2027,2027-10-21,,2085.52,Planning,Branch Scheduling
PRJ-005726,AST-0009224,Laptop,EOL within 24 months,2028,2028-10-21,2028-12-17,2708.58,Completed,Budget Approval
PRJ-005727,AST-0010109,Laptop,EOL within 12 months,2027,2027-10-25,,1574.84,Planning,Branch Scheduling
PRJ-005728,AST-0006202,Laptop,EOL within 12 months,2028,2028-04-27,,2008.26,Not Started,None
PRJ-005729,AST-0006920,Laptop,EOL within 24 months,2028,2028-05-25,,1902.27,In Progress,None
PRJ-005730,AST-0019704,VDI Endpoint,EOL within 12 months,2027,2027-01-05,,1466.61,Planning,Vendor Lead Time
PRJ-005731,AST-0010635,Laptop,Past EOL,2027,2027-09-22,2027-10-15,1343.16,Completed,Change Freeze
PRJ-005732,AST-0008942,Laptop,EOL within 24 months,2028,2028-08-25,,1721.16,Planning,Security Exception
PRJ-005733,AST-0013384,Laptop,Past EOL,2027,2027-07-29,,1662.57,Not Started,Application Dependency
PRJ-005734,AST-0006518,Laptop,EOL within 24 months,2028,2028-02-15,2028-04-27,3341.86,Completed,Change Freeze
PRJ-005735,AST-0013089,Laptop,EOL within 12 months,2026,2026-12-26,,1649.32,Planning,Application Dependency
PRJ-005736,AST-0013762,Laptop,Past EOL,2026,2026-12-20,2026-11-24,1534.82,Completed,Budget Approval
PRJ-005737,AST-0000931,Laptop,Past EOL,2028,2028-05-21,2028-07-08,1776.96,Completed,Application Dependency
PRJ-005738,AST-0003261,Laptop,EOL within 12 months,2028,2028-08-02,,1527.06,Not Started,Application Dependency
PRJ-005739,AST-0015772,Desktop,EOL within 24 months,2027,2027-02-18,,1139.42,Planning,Security Exception
PRJ-005740,AST-0016035,Desktop,EOL within 12 months,2027,2027-12-25,,1174.97,Planning,Branch Scheduling
PRJ-005741,AST-0009408,Laptop,EOL within 12 months,2027,2027-03-06,,2158.32,Planning,Security Exception
PRJ-005742,AST-0013295,Laptop,EOL within 12 months,2027,2027-11-12,,1469.54,Planning,None
PRJ-005743,AST-0008476,Laptop,EOL within 12 months,2027,2027-06-07,,1974.07,Planning,None
PRJ-005744,AST-0012907,Laptop,EOL within 24 months,2026,2026-09-17,,2628.96,Not Started,Vendor Lead Time
PRJ-005745,AST-0012947,Laptop,EOL within 12 months,2027,2027-05-17,2027-06-05,1962.89,Completed,Change Freeze
PRJ-005746,AST-0004681,Laptop,EOL within 24 months,2026,2026-08-08,,2137.53,In Progress,Branch Scheduling
PRJ-005747,AST-0017260,Desktop,EOL within 12 months,2027,2027-08-30,,1291.48,Not Started,Security Exception
PRJ-005748,AST-0010149,Laptop,EOL within 12 months,2026,2026-08-09,,1786.18,Deferred,None
PRJ-005749,AST-0013445,Laptop,EOL within 12 months,2028,2028-08-25,,1983.11,Not Started,Budget Approval
PRJ-005750,AST-0012233,Laptop,EOL within 24 months,2027,2027-01-04,,1876.51,Not Started,Vendor Lead Time
PRJ-005751,AST-0001980,Laptop,EOL within 24 months,2026,2026-10-08,,2195.05,Not Started,Vendor Lead Time
PRJ-005752,AST-0019603,VDI Endpoint,EOL within 12 months,2027,2027-01-17,2026-12-20,1231.53,Completed,Change Freeze
PRJ-005753,AST-0001097,Laptop,EOL within 24 months,2028,2028-01-29,,2752.92,Planning,Vendor Lead Time
PRJ-005754,AST-0013417,Laptop,EOL within 12 months,2026,2026-07-29,2026-08-24,1811.04,Completed,Change Freeze
PRJ-005755,AST-0012335,Laptop,EOL within 12 months,2028,2028-04-18,2028-04-02,1444.42,Completed,Application Dependency
PRJ-005756,AST-0015365,Desktop,EOL within 12 months,2026,2026-12-15,,1145.64,In Progress,Budget Approval
PRJ-005757,AST-0014798,Desktop,EOL within 24 months,2028,2028-06-29,2028-07-16,903.41,Completed,Application Dependency
PRJ-005758,AST-0017412,Desktop,EOL within 12 months,2028,2028-08-21,,1378.23,In Progress,Change Freeze
PRJ-005759,AST-0004516,Laptop,EOL within 12 months,2028,2028-08-07,,1836.99,Not Started,Change Freeze
PRJ-005760,AST-0016974,Desktop,EOL within 12 months,2027,2027-09-10,,1338.7,In Progress,Application Dependency
PRJ-005761,AST-0006100,Laptop,Past EOL,2028,2028-02-28,2028-04-10,1381.6,Completed,Security Exception
PRJ-005762,AST-0009014,Laptop,EOL within 24 months,2026,2026-12-14,,1627.64,Planning,None
PRJ-005763,AST-0022348,Access Switch,EOL within 24 months,2026,2026-10-05,,4686.75,Not Started,None
PRJ-005764,AST-0001005,Laptop,EOL within 24 months,2027,2027-12-13,,1783.78,Not Started,Security Exception
PRJ-005765,AST-0022354,Access Switch,EOL within 24 months,2028,2028-04-04,,8524.25,Planning,None
PRJ-005766,AST-0013008,Laptop,Past EOL,2026,2026-07-17,,1951.16,Not Started,Branch Scheduling
PRJ-005767,AST-0014692,Desktop,EOL within 12 months,2028,2028-02-08,,1315.33,Blocked,Budget Approval
PRJ-005768,AST-0018183,Desktop,EOL within 12 months,2027,2027-08-15,,1221.73,Not Started,Security Exception
PRJ-005769,AST-0008270,Laptop,EOL within 24 months,2028,2028-12-14,2028-11-18,3481.41,Completed,Change Freeze
PRJ-005770,AST-0023280,Wireless Access Point,EOL within 24 months,2028,2028-09-21,,1023.94,Not Started,Application Dependency
PRJ-005771,AST-0019699,VDI Endpoint,EOL within 24 months,2026,2026-08-19,,1065.96,Not Started,Change Freeze
PRJ-005772,AST-0014478,Desktop,EOL within 24 months,2027,2027-01-29,,1289.69,Not Started,Application Dependency
PRJ-005773,AST-0004295,Laptop,EOL within 12 months,2027,2027-05-15,,2046.84,In Progress,Application Dependency
PRJ-005774,AST-0005514,Laptop,Past EOL,2028,2028-02-17,,1491.19,Not Started,Budget Approval
PRJ-005775,AST-0001071,Laptop,EOL within 24 months,2028,2028-01-18,,3276.67,Planning,None
PRJ-005776,AST-0014525,Desktop,EOL within 24 months,2026,2026-11-20,2026-11-26,1284.74,Completed,None
PRJ-005777,AST-0007827,Laptop,Past EOL,2026,2026-10-31,,1930.49,Deferred,Change Freeze
PRJ-005778,AST-0022822,Router,EOL within 12 months,2026,2026-12-04,2026-12-17,9076.98,Completed,Security Exception
PRJ-005779,AST-0004608,Laptop,EOL within 24 months,2028,2028-08-11,,3258.78,Not Started,Budget Approval
PRJ-005780,AST-0008062,Laptop,EOL within 24 months,2028,2028-07-18,,2816.04,In Progress,Vendor Lead Time
PRJ-005781,AST-0005150,Laptop,EOL within 24 months,2028,2028-10-06,,1504.09,Planning,None
PRJ-005782,AST-0012738,Laptop,EOL within 12 months,2026,2026-12-17,,1640.71,Not Started,Vendor Lead Time
PRJ-005783,AST-0005418,Laptop,EOL within 12 months,2027,2027-01-06,,2061.1,Not Started,Budget Approval
PRJ-005784,AST-0023185,Wireless Access Point,EOL within 24 months,2028,2028-09-02,2028-08-29,1261.73,Completed,Branch Scheduling
PRJ-005785,AST-0005351,Laptop,EOL within 12 months,2028,2028-03-31,,1890.21,Not Started,Budget Approval
PRJ-005786,AST-0009711,Laptop,EOL within 12 months,2027,2027-10-19,,1438.09,In Progress,Change Freeze
PRJ-005787,AST-0004191,Laptop,EOL within 24 months,2028,2028-08-17,,1490.22,Not Started,Branch Scheduling
PRJ-005788,AST-0019435,VDI Endpoint,EOL within 12 months,2027,2027-08-25,,1036.06,Planning,Budget Approval
PRJ-005789,AST-0005490,Laptop,Past EOL,2027,2027-02-28,2027-03-11,1769.11,Completed,Application Dependency
PRJ-005790,AST-0001558,Laptop,Past EOL,2028,2028-09-11,2028-09-05,1978.39,Completed,Vendor Lead Time
PRJ-005791,AST-0006809,Laptop,EOL within 24 months,2027,2027-09-01,,1732.35,In Progress,Change Freeze
PRJ-005792,AST-0014547,Desktop,EOL within 12 months,2028,2028-04-09,,1038.25,In Progress,Budget Approval
PRJ-005793,AST-0023116,Firewall,EOL within 24 months,2027,2027-07-15,2027-10-08,8227.49,Completed,Application Dependency
PRJ-005794,AST-0013782,Laptop,EOL within 24 months,2027,2027-08-21,,2111.99,Planning,Application Dependency
PRJ-005795,AST-0002171,Laptop,EOL within 24 months,2028,2028-10-15,,1815.4,Not Started,None
PRJ-005796,AST-0000715,Laptop,Past EOL,2028,2028-11-10,,1908.08,Not Started,Vendor Lead Time
PRJ-005797,AST-0011845,Laptop,EOL within 24 months,2028,2028-10-28,2028-10-10,2011.84,Completed,Budget Approval
PRJ-005798,AST-0009966,Laptop,EOL within 24 months,2028,2028-11-24,,3086.12,Not Started,None
PRJ-005799,AST-0005983,Laptop,EOL within 12 months,2027,2027-04-30,,1538.26,Planning,Budget Approval
PRJ-005800,AST-0020973,Server,EOL within 24 months,2027,2027-04-13,,12918.45,Deferred,Branch Scheduling
PRJ-005801,AST-0009091,Laptop,EOL within 12 months,2026,2026-06-02,2026-06-08,1521.87,Completed,Application Dependency
PRJ-005802,AST-0011201,Laptop,EOL within 12 months,2028,2028-09-11,,2014.96,Planning,None
PRJ-005803,AST-0021599,Access Switch,EOL within 24 months,2026,2026-10-07,,6061.91,Planning,Change Freeze
PRJ-005804,AST-0023616,Wireless Access Point,EOL within 24 months,2026,2026-08-30,,863.2,In Progress,Application Dependency
PRJ-005805,AST-0005399,Laptop,EOL within 24 months,2027,2027-05-23,,1867.85,Blocked,Change Freeze
PRJ-005806,AST-0018237,Desktop,EOL within 12 months,2027,2027-09-21,,970.52,Deferred,Application Dependency
PRJ-005807,AST-0014902,Desktop,EOL within 12 months,2027,2027-03-09,,1249.51,In Progress,None
PRJ-005808,AST-0002873,Laptop,EOL within 24 months,2027,2027-03-30,,2230.39,Planning,Budget Approval
PRJ-005809,AST-0012777,Laptop,EOL within 12 months,2028,2028-05-03,,1542.09,Deferred,Vendor Lead Time
PRJ-005810,AST-0018755,VDI Endpoint,EOL within 12 months,2028,2028-04-17,,1166.5,Not Started,Vendor Lead Time
PRJ-005811,AST-0000286,Laptop,EOL within 12 months,2027,2027-04-29,,1662.29,Not Started,Security Exception
PRJ-005812,AST-0003292,Laptop,Past EOL,2028,2028-07-08,,1773.81,In Progress,None
PRJ-005813,AST-0011911,Laptop,Past EOL,2028,2028-08-10,,1942.54,Planning,Change Freeze
PRJ-005814,AST-0019862,VDI Endpoint,EOL within 24 months,2027,2027-06-22,,1063.75,In Progress,Security Exception
PRJ-005815,AST-0016628,Desktop,EOL within 24 months,2026,2026-07-16,,1016.2,Planning,Change Freeze
PRJ-005816,AST-0021008,Server,EOL within 24 months,2027,2027-11-29,,11357.36,Planning,Branch Scheduling
PRJ-005817,AST-0022861,Router,EOL within 12 months,2028,2028-03-28,,13396.34,Planning,Branch Scheduling
PRJ-005818,AST-0023552,Wireless Access Point,EOL within 12 months,2027,2027-06-10,,762.58,Deferred,Change Freeze
PRJ-005819,AST-0014760,Desktop,EOL within 24 months,2026,2026-06-13,2026-09-11,1124.52,Completed,Application Dependency
PRJ-005820,AST-0005249,Laptop,Past EOL,2027,2027-01-03,2027-01-23,1635.68,Completed,Budget Approval
PRJ-005821,AST-0003314,Laptop,Past EOL,2027,2027-12-28,,1928.45,In Progress,Vendor Lead Time
PRJ-005822,AST-0008573,Laptop,Past EOL,2028,2028-09-01,,1836.67,Not Started,Budget Approval
PRJ-005823,AST-0016179,Desktop,EOL within 12 months,2026,2026-09-01,2026-08-24,1265.44,Completed,Security Exception
PRJ-005824,AST-0006428,Laptop,EOL within 24 months,2027,2027-04-22,,1500.84,Planning,Budget Approval
PRJ-005825,AST-0007452,Laptop,EOL within 12 months,2027,2027-01-25,2027-01-24,1720.6,Completed,Budget Approval
PRJ-005826,AST-0009074,Laptop,EOL within 12 months,2028,2028-02-20,,1756.89,In Progress,Application Dependency
PRJ-005827,AST-0011323,Laptop,EOL within 12 months,2028,2028-03-24,,1581.9,Planning,Budget Approval
PRJ-005828,AST-0000057,Laptop,EOL within 24 months,2028,2028-01-19,2028-04-02,1775.31,Completed,Change Freeze
PRJ-005829,AST-0017460,Desktop,EOL within 24 months,2028,2028-12-06,,1267.88,Planning,Security Exception
PRJ-005830,AST-0013130,Laptop,EOL within 24 months,2028,2028-10-21,,3792.64,Not Started,Branch Scheduling
PRJ-005831,AST-0006141,Laptop,EOL within 24 months,2027,2027-02-06,,3672.29,Planning,Budget Approval
PRJ-005832,AST-0009824,Laptop,Past EOL,2027,2027-11-15,2027-12-23,1768.52,Completed,Application Dependency
PRJ-005833,AST-0002958,Laptop,EOL within 12 months,2027,2027-11-30,,1859.53,In Progress,None
PRJ-005834,AST-0006804,Laptop,Past EOL,2027,2027-08-11,,1763.98,Not Started,Vendor Lead Time
PRJ-005835,AST-0004067,Laptop,EOL within 12 months,2028,2028-03-03,,1495.65,Blocked,None
PRJ-005836,AST-0005048,Laptop,EOL within 24 months,2027,2027-10-14,,1722.95,Planning,Branch Scheduling
PRJ-005837,AST-0005656,Laptop,Past EOL,2028,2028-12-08,,2024.31,Deferred,Security Exception
PRJ-005838,AST-0013460,Laptop,Past EOL,2028,2028-02-11,,1486.08,In Progress,Budget Approval
PRJ-005839,AST-0015904,Desktop,EOL within 24 months,2027,2027-08-13,,901.05,Not Started,Branch Scheduling
PRJ-005840,AST-0004023,Laptop,Past EOL,2028,2028-11-06,,1917.76,Not Started,Budget Approval
PRJ-005841,AST-0012210,Laptop,Past EOL,2026,2026-06-06,,1836.72,In Progress,Security Exception
PRJ-005842,AST-0014424,Desktop,EOL within 12 months,2026,2026-11-09,,1126.19,Blocked,None
PRJ-005843,AST-0012030,Laptop,EOL within 24 months,2026,2026-08-25,,3205.72,Not Started,Budget Approval
PRJ-005844,AST-0011125,Laptop,EOL within 12 months,2028,2028-09-06,,1978.53,Planning,Security Exception
PRJ-005845,AST-0009059,Laptop,EOL within 12 months,2027,2027-01-11,,1813.81,Blocked,None
PRJ-005846,AST-0012005,Laptop,Past EOL,2026,2026-08-04,,1684.26,Deferred,Vendor Lead Time
PRJ-005847,AST-0019871,VDI Endpoint,EOL within 12 months,2027,2027-10-23,,1150.65,Not Started,Change Freeze
PRJ-005848,AST-0021590,Access Switch,EOL within 24 months,2028,2028-04-18,,9420.57,In Progress,Change Freeze
PRJ-005849,AST-0022777,Core Switch,EOL within 24 months,2026,2026-12-10,,19952.75,Deferred,Branch Scheduling
PRJ-005850,AST-0003774,Laptop,EOL within 24 months,2028,2028-03-17,,1704.34,Not Started,Security Exception
PRJ-005851,AST-0002941,Laptop,EOL within 12 months,2026,2026-11-04,,1651.03,In Progress,Application Dependency
PRJ-005852,AST-0008171,Laptop,EOL within 12 months,2026,2026-07-03,,1697.83,Not Started,Vendor Lead Time
PRJ-005853,AST-0002267,Laptop,Past EOL,2026,2026-08-20,,1743.25,Planning,None
PRJ-005854,AST-0016524,Desktop,EOL within 24 months,2026,2026-08-19,,1331.53,Not Started,Change Freeze
PRJ-005855,AST-0017119,Desktop,EOL within 24 months,2029,2029-01-05,,880.22,In Progress,Security Exception
PRJ-005856,AST-0017659,Desktop,EOL within 24 months,2027,2027-07-21,,1153.26,Not Started,Vendor Lead Time
PRJ-005857,AST-0021988,Access Switch,EOL within 24 months,2028,2028-11-12,,8406.37,Blocked,Budget Approval
PRJ-005858,AST-0001485,Laptop,Past EOL,2028,2028-05-20,,1622.07,In Progress,Security Exception
PRJ-005859,AST-0002901,Laptop,EOL within 12 months,2027,2027-12-23,,2201.73,Not Started,Change Freeze
PRJ-005860,AST-0018137,Desktop,EOL within 24 months,2027,2027-02-01,,904.41,Not Started,None
PRJ-005861,AST-0012309,Laptop,EOL within 24 months,2028,2028-01-13,,2716.34,Planning,Application Dependency
PRJ-005862,AST-0001503,Laptop,Past EOL,2028,2028-03-06,,1384.92,Not Started,Vendor Lead Time
PRJ-005863,AST-0012502,Laptop,EOL within 12 months,2027,2027-10-12,,1501.9,In Progress,Change Freeze
PRJ-005864,AST-0010502,Laptop,EOL within 24 months,2026,2026-10-27,,1730.05,Planning,Change Freeze
PRJ-005865,AST-0006050,Laptop,EOL within 24 months,2027,2027-03-29,,2118.81,In Progress,Budget Approval
PRJ-005866,AST-0010200,Laptop,EOL within 12 months,2027,2027-07-09,,1683.13,Planning,Application Dependency
PRJ-005867,AST-0016774,Desktop,EOL within 12 months,2028,2028-01-10,,1142.99,In Progress,Budget Approval
PRJ-005868,AST-0021860,Access Switch,EOL within 24 months,2026,2026-06-02,,8262.77,Not Started,None
PRJ-005869,AST-0009957,Laptop,EOL within 12 months,2028,2028-06-06,,1717.97,In Progress,Application Dependency
PRJ-005870,AST-0014051,Desktop,EOL within 12 months,2028,2028-09-26,,1137.71,Not Started,Application Dependency
PRJ-005871,AST-0008772,Laptop,EOL within 12 months,2026,2026-08-22,,1514.45,Planning,Budget Approval
PRJ-005872,AST-0007901,Laptop,EOL within 24 months,2027,2027-10-10,,3416.82,Planning,Branch Scheduling
PRJ-005873,AST-0006234,Laptop,EOL within 12 months,2029,2029-01-05,,1628.19,Planning,Budget Approval
PRJ-005874,AST-0017907,Desktop,EOL within 12 months,2027,2027-04-21,,1407.14,In Progress,Budget Approval
PRJ-005875,AST-0008452,Laptop,Past EOL,2028,2028-06-19,,1610.9,Deferred,Branch Scheduling
PRJ-005876,AST-0014298,Desktop,EOL within 24 months,2027,2027-09-29,2027-12-25,1254.47,Completed,Branch Scheduling
PRJ-005877,AST-0004568,Laptop,EOL within 24 months,2027,2027-04-27,,2127.76,In Progress,Security Exception
PRJ-005878,AST-0009851,Laptop,EOL within 12 months,2026,2026-07-17,,1634.62,Not Started,Change Freeze
PRJ-005879,AST-0014816,Desktop,EOL within 24 months,2027,2027-04-08,,1018.02,Planning,Application Dependency
PRJ-005880,AST-0016167,Desktop,EOL within 12 months,2028,2028-02-25,,1385.35,Planning,None
PRJ-005881,AST-0000156,Laptop,EOL within 24 months,2028,2028-05-18,,3074.36,In Progress,Security Exception
PRJ-005882,AST-0011716,Laptop,Past EOL,2027,2027-12-23,,1663.09,In Progress,None
PRJ-005883,AST-0012557,Laptop,Past EOL,2026,2026-06-20,,1581.31,Not Started,Security Exception
PRJ-005884,AST-0010501,Laptop,Past EOL,2028,2028-02-21,2028-03-09,1984.69,Completed,Change Freeze
PRJ-005885,AST-0004980,Laptop,EOL within 24 months,2026,2026-08-26,,3119.99,Not Started,Security Exception
PRJ-005886,AST-0012574,Laptop,EOL within 12 months,2028,2028-07-25,,1653.16,In Progress,Change Freeze
PRJ-005887,AST-0020706,Server,EOL within 24 months,2028,2028-10-23,,12284.54,In Progress,Change Freeze
PRJ-005888,AST-0007280,Laptop,EOL within 24 months,2027,2027-02-05,,1747.88,Planning,Application Dependency
PRJ-005889,AST-0013482,Laptop,Past EOL,2027,2027-01-28,2027-01-27,1981.88,Completed,Change Freeze
PRJ-005890,AST-0015724,Desktop,EOL within 12 months,2026,2026-06-18,,982.16,Planning,None
PRJ-005891,AST-0013320,Laptop,EOL within 24 months,2026,2026-09-28,,3563.37,Deferred,Application Dependency
PRJ-005892,AST-0020785,Server,EOL within 24 months,2026,2026-06-24,,10524.47,Deferred,None
PRJ-005893,AST-0017926,Desktop,EOL within 24 months,2028,2028-10-13,,1131.94,Not Started,None
PRJ-005894,AST-0018694,VDI Endpoint,EOL within 24 months,2028,2028-03-17,2028-04-16,1063.75,Completed,None
PRJ-005895,AST-0015793,Desktop,EOL within 24 months,2027,2027-12-17,,1093.84,Not Started,Budget Approval
PRJ-005896,AST-0019331,VDI Endpoint,EOL within 24 months,2027,2027-06-13,,1156.7,Planning,Vendor Lead Time
PRJ-005897,AST-0005436,Laptop,Past EOL,2028,2028-12-05,,1632.9,Not Started,Budget Approval
PRJ-005898,AST-0012459,Laptop,EOL within 12 months,2028,2028-07-21,,1894.11,In Progress,Change Freeze
PRJ-005899,AST-0003153,Laptop,EOL within 24 months,2027,2027-02-26,,1833.02,Not Started,Vendor Lead Time
PRJ-005900,AST-0001520,Laptop,EOL within 24 months,2029,2029-01-06,2029-03-30,3368.2,Completed,Security Exception
PRJ-005901,AST-0000248,Laptop,EOL within 12 months,2027,2027-11-23,,1902.55,In Progress,Change Freeze
PRJ-005902,AST-0016938,Desktop,EOL within 24 months,2026,2026-12-29,,1055.62,Not Started,Budget Approval
PRJ-005903,AST-0019129,VDI Endpoint,EOL within 12 months,2026,2026-12-01,,1221.76,In Progress,Security Exception
PRJ-005904,AST-0019226,VDI Endpoint,EOL within 24 months,2027,2027-07-01,,1172.36,Planning,Budget Approval
PRJ-005905,AST-0007651,Laptop,EOL within 24 months,2028,2028-11-06,,3096.74,Planning,Vendor Lead Time
PRJ-005906,AST-0015174,Desktop,EOL within 12 months,2028,2028-07-22,,1105.24,In Progress,Application Dependency
PRJ-005907,AST-0012887,Laptop,EOL within 24 months,2027,2027-01-26,,2021.04,In Progress,None
PRJ-005908,AST-0005579,Laptop,Past EOL,2027,2027-09-15,2027-10-05,1743.4,Completed,Change Freeze
PRJ-005909,AST-0013849,Laptop,EOL within 12 months,2027,2027-11-14,,1974.62,Deferred,Budget Approval
PRJ-005910,AST-0010420,Laptop,EOL within 24 months,2026,2026-08-16,2026-11-14,1909.99,Completed,Change Freeze
PRJ-005911,AST-0000094,Laptop,EOL within 12 months,2028,2028-05-25,,1776.42,Planning,Budget Approval
PRJ-005912,AST-0007600,Laptop,EOL within 12 months,2028,2028-04-01,,1709.16,Planning,Security Exception
PRJ-005913,AST-0009643,Laptop,Past EOL,2026,2026-08-22,,1441.41,Not Started,Application Dependency
PRJ-005914,AST-0000025,Laptop,EOL within 24 months,2028,2028-03-06,,2568.07,In Progress,Application Dependency
PRJ-005915,AST-0012022,Laptop,EOL within 12 months,2028,2028-03-31,,1852.62,Not Started,None
PRJ-005916,AST-0010616,Laptop,Past EOL,2027,2027-09-08,,1721.38,Planning,Branch Scheduling
PRJ-005917,AST-0014791,Desktop,EOL within 24 months,2028,2028-09-05,,993.64,Planning,Vendor Lead Time
PRJ-005918,AST-0013250,Laptop,EOL within 12 months,2027,2027-10-25,,1882.53,Planning,Branch Scheduling
PRJ-005919,AST-0017508,Desktop,EOL within 12 months,2027,2027-01-03,,1117.73,In Progress,Budget Approval
PRJ-005920,AST-0004372,Laptop,EOL within 12 months,2028,2028-12-12,,1764.4,In Progress,None
PRJ-005921,AST-0017105,Desktop,EOL within 24 months,2027,2027-06-20,,1198.42,Planning,Branch Scheduling
PRJ-005922,AST-0002953,Laptop,EOL within 24 months,2027,2027-05-30,,3062.29,Planning,Vendor Lead Time
PRJ-005923,AST-0023780,Wireless Access Point,EOL within 12 months,2028,2028-05-15,,955.62,Deferred,None
PRJ-005924,AST-0006083,Laptop,Past EOL,2027,2027-05-29,2027-04-30,1894.59,Completed,Change Freeze
PRJ-005925,AST-0005420,Laptop,Past EOL,2028,2028-05-09,,1719.55,Planning,Vendor Lead Time
PRJ-005926,AST-0019042,VDI Endpoint,EOL within 24 months,2027,2027-10-18,,839.42,In Progress,None
PRJ-005927,AST-0005406,Laptop,Past EOL,2026,2026-10-28,,1494.32,Not Started,Vendor Lead Time
PRJ-005928,AST-0013913,Laptop,EOL within 24 months,2027,2027-10-30,,2327.01,Blocked,None
PRJ-005929,AST-0015275,Desktop,EOL within 12 months,2028,2028-02-10,,1217.96,Blocked,Change Freeze
PRJ-005930,AST-0022976,Router,EOL within 12 months,2027,2027-11-10,,12440.0,Blocked,Security Exception
PRJ-005931,AST-0005142,Laptop,EOL within 12 months,2028,2028-03-15,,1649.72,Deferred,Change Freeze
PRJ-005932,AST-0015422,Desktop,EOL within 12 months,2026,2026-09-12,,1044.3,Not Started,Security Exception
PRJ-005933,AST-0014689,Desktop,EOL within 12 months,2028,2028-04-22,,1182.83,In Progress,Branch Scheduling
PRJ-005934,AST-0001271,Laptop,Past EOL,2028,2028-08-05,,1319.26,Deferred,Application Dependency
PRJ-005935,AST-0020635,Server,EOL within 24 months,2028,2028-11-07,,15873.49,In Progress,Budget Approval
PRJ-005936,AST-0019984,VDI Endpoint,EOL within 24 months,2028,2028-08-13,2028-09-30,1186.39,Completed,Change Freeze
PRJ-005937,AST-0003760,Laptop,Past EOL,2027,2027-10-15,2027-09-29,1480.27,Completed,Budget Approval
PRJ-005938,AST-0007946,Laptop,EOL within 12 months,2028,2028-04-05,2028-06-07,1898.74,Completed,Budget Approval
PRJ-005939,AST-0002074,Laptop,Past EOL,2028,2028-10-07,,1752.4,Planning,Application Dependency
PRJ-005940,AST-0006625,Laptop,EOL within 24 months,2028,2028-06-28,,1684.73,Planning,Branch Scheduling
PRJ-005941,AST-0006090,Laptop,EOL within 12 months,2026,2026-07-24,,2005.6,Planning,Budget Approval
PRJ-005942,AST-0003221,Laptop,EOL within 24 months,2026,2026-10-03,2026-10-06,1514.72,Completed,Security Exception
PRJ-005943,AST-0017017,Desktop,EOL within 24 months,2026,2026-11-28,,1197.66,Not Started,Change Freeze
PRJ-005944,AST-0007704,Laptop,EOL within 12 months,2026,2026-11-08,,1895.56,Blocked,Vendor Lead Time
PRJ-005945,AST-0016521,Desktop,EOL within 24 months,2028,2028-04-11,2028-03-16,1221.83,Completed,Budget Approval
PRJ-005946,AST-0003258,Laptop,EOL within 24 months,2027,2027-02-20,2027-02-04,1517.22,Completed,Security Exception
PRJ-005947,AST-0003612,Laptop,EOL within 12 months,2026,2026-08-13,,1737.35,Planning,Budget Approval
PRJ-005948,AST-0023716,Wireless Access Point,EOL within 12 months,2028,2028-02-13,,807.57,Deferred,Security Exception
PRJ-005949,AST-0007257,Laptop,EOL within 24 months,2027,2027-10-25,,2675.39,In Progress,Vendor Lead Time
PRJ-005950,AST-0023840,Wireless Access Point,EOL within 12 months,2028,2028-09-02,,884.05,Not Started,Budget Approval
PRJ-005951,AST-0002198,Laptop,Past EOL,2026,2026-10-02,,1628.46,In Progress,None
PRJ-005952,AST-0015418,Desktop,EOL within 24 months,2027,2027-06-23,2027-07-29,1348.99,Completed,Security Exception
PRJ-005953,AST-0016372,Desktop,EOL within 12 months,2027,2027-11-24,,1170.54,Planning,Budget Approval
PRJ-005954,AST-0000991,Laptop,EOL within 24 months,2028,2028-09-16,2028-10-15,1947.79,Completed,Branch Scheduling
PRJ-005955,AST-0007806,Laptop,Past EOL,2028,2028-10-03,2028-12-07,1923.15,Completed,Vendor Lead Time
PRJ-005956,AST-0018655,VDI Endpoint,EOL within 24 months,2028,2028-12-23,,1000.16,Not Started,None
PRJ-005957,AST-0016367,Desktop,EOL within 12 months,2026,2026-11-04,2027-01-17,1388.46,Completed,Vendor Lead Time
PRJ-005958,AST-0011561,Laptop,Past EOL,2026,2026-08-26,,1877.42,In Progress,Change Freeze
PRJ-005959,AST-0005505,Laptop,EOL within 24 months,2027,2027-07-28,2027-07-19,3354.96,Completed,Application Dependency
PRJ-005960,AST-0005810,Laptop,EOL within 24 months,2027,2027-10-18,,3172.63,Not Started,Vendor Lead Time
PRJ-005961,AST-0023649,Wireless Access Point,EOL within 24 months,2028,2028-01-09,,1311.04,Planning,Vendor Lead Time
PRJ-005962,AST-0017656,Desktop,EOL within 12 months,2028,2028-08-31,,1306.33,Planning,Budget Approval
PRJ-005963,AST-0011433,Laptop,EOL within 24 months,2028,2028-11-04,,2721.15,In Progress,Vendor Lead Time
PRJ-005964,AST-0000916,Laptop,EOL within 24 months,2028,2028-12-17,,1616.02,Not Started,Budget Approval
PRJ-005965,AST-0002827,Laptop,EOL within 24 months,2027,2027-02-07,,1807.95,In Progress,Budget Approval
PRJ-005966,AST-0016186,Desktop,EOL within 24 months,2027,2027-01-16,,921.15,Deferred,Vendor Lead Time
PRJ-005967,AST-0022287,Access Switch,EOL within 24 months,2026,2026-07-27,2026-08-12,7227.04,Completed,Security Exception
PRJ-005968,AST-0001813,Laptop,EOL within 12 months,2026,2026-09-07,,2069.14,Blocked,None
PRJ-005969,AST-0015673,Desktop,EOL within 12 months,2027,2027-03-22,,1116.47,Not Started,Branch Scheduling
PRJ-005970,AST-0011223,Laptop,EOL within 24 months,2028,2028-02-04,,2174.08,Not Started,Security Exception
PRJ-005971,AST-0005024,Laptop,Past EOL,2027,2027-03-08,,1735.46,Planning,Vendor Lead Time
PRJ-005972,AST-0015424,Desktop,EOL within 24 months,2028,2028-12-04,,1017.77,Not Started,Change Freeze
PRJ-005973,AST-0009037,Laptop,Past EOL,2026,2026-07-05,,1910.11,In Progress,None
PRJ-005974,AST-0016866,Desktop,EOL within 24 months,2028,2028-11-01,2028-12-30,1022.35,Completed,Budget Approval
PRJ-005975,AST-0010162,Laptop,EOL within 12 months,2028,2028-02-05,,2140.56,In Progress,Vendor Lead Time
PRJ-005976,AST-0004091,Laptop,EOL within 12 months,2028,2028-11-05,,1417.89,Blocked,Security Exception
PRJ-005977,AST-0012997,Laptop,Past EOL,2027,2027-04-13,,1625.92,Deferred,None
PRJ-005978,AST-0003496,Laptop,Past EOL,2026,2026-08-25,2026-10-29,1924.88,Completed,Change Freeze
PRJ-005979,AST-0017444,Desktop,EOL within 24 months,2027,2027-03-05,,1200.46,Deferred,Branch Scheduling
PRJ-005980,AST-0010737,Laptop,Past EOL,2027,2027-02-25,,1479.77,Blocked,Budget Approval
PRJ-005981,AST-0023702,Wireless Access Point,EOL within 24 months,2028,2028-03-29,,1125.11,Deferred,Branch Scheduling
PRJ-005982,AST-0008723,Laptop,EOL within 24 months,2026,2026-06-22,,2169.51,Not Started,Application Dependency
PRJ-005983,AST-0007688,Laptop,EOL within 12 months,2027,2027-12-18,,1776.46,Not Started,Security Exception
PRJ-005984,AST-0008987,Laptop,Past EOL,2028,2028-12-15,,1809.34,Planning,Branch Scheduling
PRJ-005985,AST-0007277,Laptop,EOL within 24 months,2028,2028-06-08,,2888.65,Planning,Security Exception
PRJ-005986,AST-0000102,Laptop,EOL within 24 months,2027,2027-03-06,,2582.33,In Progress,None
PRJ-005987,AST-0021911,Access Switch,EOL within 24 months,2026,2026-11-05,2026-10-08,5283.77,Completed,Branch Scheduling
PRJ-005988,AST-0003566,Laptop,EOL within 12 months,2028,2028-10-17,,2027.51,Not Started,Security Exception
PRJ-005989,AST-0019748,VDI Endpoint,EOL within 24 months,2027,2027-06-06,,1122.65,Not Started,Change Freeze
PRJ-005990,AST-0006648,Laptop,EOL within 12 months,2026,2026-12-28,,2065.67,Planning,Security Exception
PRJ-005991,AST-0003353,Laptop,Past EOL,2027,2027-01-04,,1508.68,Planning,Branch Scheduling
PRJ-005992,AST-0006070,Laptop,Past EOL,2028,2028-02-25,,1963.25,In Progress,Change Freeze
PRJ-005993,AST-0021909,Access Switch,EOL within 24 months,2027,2027-12-27,,7995.42,Planning,Vendor Lead Time
PRJ-005994,AST-0005869,Laptop,EOL within 12 months,2027,2027-11-01,,1859.67,Not Started,Application Dependency
PRJ-005995,AST-0010316,Laptop,Past EOL,2028,2028-07-24,,1686.0,In Progress,None
PRJ-005996,AST-0004879,Laptop,EOL within 12 months,2028,2028-11-25,2028-12-22,2071.87,Completed,Change Freeze
PRJ-005997,AST-0012027,Laptop,EOL within 12 months,2026,2026-06-20,,2126.49,In Progress,Vendor Lead Time
PRJ-005998,AST-0011386,Laptop,EOL within 24 months,2028,2028-10-24,,3532.12,Not Started,Change Freeze
PRJ-005999,AST-0005739,Laptop,EOL within 12 months,2028,2028-09-22,,1887.18,Deferred,Vendor Lead Time
PRJ-006000,AST-0012529,Laptop,EOL within 12 months,2028,2028-10-22,,2181.51,Planning,Budget Approval
PRJ-006001,AST-0004311,Laptop,Past EOL,2027,2027-08-27,,1407.45,Planning,Budget Approval
PRJ-006002,AST-0008801,Laptop,EOL within 12 months,2027,2027-02-22,,1967.63,Not Started,Branch Scheduling
PRJ-006003,AST-0015249,Desktop,EOL within 12 months,2028,2028-12-22,2029-01-15,1333.18,Completed,Change Freeze
PRJ-006004,AST-0010362,Laptop,EOL within 24 months,2027,2027-05-07,,1919.57,In Progress,Vendor Lead Time
PRJ-006005,AST-0006041,Laptop,Past EOL,2028,2028-01-07,,1690.52,In Progress,Budget Approval
PRJ-006006,AST-0013403,Laptop,EOL within 12 months,2026,2026-07-31,,2066.78,Planning,Branch Scheduling
PRJ-006007,AST-0017520,Desktop,EOL within 24 months,2026,2026-07-03,,975.53,Not Started,Vendor Lead Time
PRJ-006008,AST-0015646,Desktop,EOL within 12 months,2026,2026-08-30,,1231.6,Not Started,Branch Scheduling
PRJ-006009,AST-0013559,Laptop,EOL within 12 months,2026,2026-12-27,,2104.94,Planning,Branch Scheduling
PRJ-006010,AST-0020060,Server,EOL within 24 months,2026,2026-09-21,,12817.13,Planning,None
PRJ-006011,AST-0000752,Laptop,EOL within 12 months,2027,2027-07-29,,1637.1,Planning,Change Freeze
PRJ-006012,AST-0004074,Laptop,EOL within 24 months,2027,2027-06-26,2027-05-31,1694.87,Completed,None
PRJ-006013,AST-0006936,Laptop,EOL within 24 months,2028,2028-12-07,,1884.48,Not Started,Vendor Lead Time
PRJ-006014,AST-0002883,Laptop,EOL within 12 months,2028,2028-12-12,,1759.27,Planning,Budget Approval
PRJ-006015,AST-0009141,Laptop,EOL within 24 months,2028,2028-12-20,,1568.07,Not Started,None
PRJ-006016,AST-0003327,Laptop,Past EOL,2028,2028-10-06,,1316.29,In Progress,Branch Scheduling
PRJ-006017,AST-0000514,Laptop,EOL within 12 months,2028,2028-06-14,,1530.49,Planning,Application Dependency
PRJ-006018,AST-0009369,Laptop,EOL within 24 months,2027,2027-12-01,,2176.3,In Progress,Vendor Lead Time
PRJ-006019,AST-0008089,Laptop,EOL within 24 months,2027,2027-09-18,2027-12-03,1851.55,Completed,Budget Approval
PRJ-006020,AST-0000499,Laptop,EOL within 24 months,2028,2028-07-05,,2148.89,Planning,Budget Approval
PRJ-006021,AST-0016635,Desktop,EOL within 12 months,2028,2028-10-26,,1348.13,Planning,Budget Approval
PRJ-006022,AST-0005784,Laptop,EOL within 12 months,2028,2028-08-14,,1558.6,Planning,Vendor Lead Time
PRJ-006023,AST-0016605,Desktop,EOL within 24 months,2027,2027-08-26,,1191.96,In Progress,Application Dependency
PRJ-006024,AST-0001533,Laptop,Past EOL,2027,2027-12-13,,1647.78,Not Started,Application Dependency
PRJ-006025,AST-0001376,Laptop,Past EOL,2028,2028-05-11,,1684.84,Planning,None
PRJ-006026,AST-0007468,Laptop,EOL within 12 months,2028,2028-04-27,,1644.55,Not Started,Vendor Lead Time
PRJ-006027,AST-0004821,Laptop,EOL within 12 months,2026,2026-08-21,,1582.4,Not Started,Change Freeze
PRJ-006028,AST-0019339,VDI Endpoint,EOL within 12 months,2027,2027-01-30,2027-03-31,1081.05,Completed,Application Dependency
PRJ-006029,AST-0008604,Laptop,EOL within 12 months,2028,2028-03-01,,1821.56,Not Started,Change Freeze
PRJ-006030,AST-0016412,Desktop,EOL within 24 months,2027,2027-02-15,,971.62,Planning,Application Dependency
PRJ-006031,AST-0009040,Laptop,Past EOL,2028,2028-07-12,,1789.3,In Progress,Branch Scheduling
PRJ-006032,AST-0013562,Laptop,EOL within 12 months,2028,2028-09-28,,1909.62,Planning,Change Freeze
PRJ-006033,AST-0006727,Laptop,EOL within 12 months,2026,2026-12-12,,1853.2,Deferred,None
PRJ-006034,AST-0016192,Desktop,EOL within 12 months,2028,2028-07-04,,1186.95,Not Started,Change Freeze
PRJ-006035,AST-0003628,Laptop,EOL within 12 months,2026,2026-10-13,,1584.47,Planning,Vendor Lead Time
PRJ-006036,AST-0022745,Core Switch,EOL within 24 months,2028,2028-11-19,,25530.23,Blocked,Vendor Lead Time
PRJ-006037,AST-0016200,Desktop,EOL within 12 months,2028,2028-07-21,,1276.18,Deferred,Security Exception
PRJ-006038,AST-0000536,Laptop,EOL within 24 months,2028,2028-11-26,,1834.67,Planning,Branch Scheduling
PRJ-006039,AST-0001280,Laptop,Past EOL,2028,2028-04-13,,1418.44,In Progress,None
PRJ-006040,AST-0001477,Laptop,Past EOL,2027,2027-09-16,,1351.33,Not Started,Vendor Lead Time
PRJ-006041,AST-0010579,Laptop,Past EOL,2028,2028-09-13,,1799.97,Deferred,Application Dependency
PRJ-006042,AST-0015909,Desktop,EOL within 12 months,2028,2028-11-16,,1105.21,In Progress,Vendor Lead Time
PRJ-006043,AST-0007322,Laptop,EOL within 12 months,2026,2026-11-23,,1515.91,In Progress,Security Exception
PRJ-006044,AST-0018484,Desktop,EOL within 12 months,2026,2026-07-03,,1050.22,Deferred,None
PRJ-006045,AST-0013391,Laptop,EOL within 12 months,2028,2028-09-17,,1897.63,Planning,Vendor Lead Time
PRJ-006046,AST-0008023,Laptop,Past EOL,2026,2026-08-29,,1487.53,In Progress,Vendor Lead Time
PRJ-006047,AST-0018593,VDI Endpoint,EOL within 12 months,2027,2027-06-04,,1140.86,Not Started,Vendor Lead Time
PRJ-006048,AST-0008555,Laptop,Past EOL,2027,2027-07-21,,1899.88,In Progress,Security Exception
PRJ-006049,AST-0003312,Laptop,Past EOL,2026,2026-08-11,,1810.62,Deferred,Security Exception
PRJ-006050,AST-0017527,Desktop,EOL within 12 months,2028,2028-09-27,,1266.85,Planning,Budget Approval
PRJ-006051,AST-0011025,Laptop,EOL within 24 months,2028,2028-12-28,,1765.13,Not Started,Application Dependency
PRJ-006052,AST-0012107,Laptop,Past EOL,2028,2028-04-02,,1943.68,Planning,Vendor Lead Time
PRJ-006053,AST-0017922,Desktop,EOL within 12 months,2026,2026-08-23,,1269.87,Not Started,Security Exception
PRJ-006054,AST-0013716,Laptop,Past EOL,2027,2027-11-25,2027-11-28,1666.76,Completed,Application Dependency
PRJ-006055,AST-0014623,Desktop,EOL within 24 months,2027,2027-05-18,,1327.37,Planning,Branch Scheduling
PRJ-006056,AST-0023434,Wireless Access Point,EOL within 24 months,2027,2027-11-26,2028-02-08,1152.57,Completed,Change Freeze
PRJ-006057,AST-0014185,Desktop,EOL within 12 months,2028,2028-12-03,,1006.07,Planning,Security Exception
PRJ-006058,AST-0002254,Laptop,EOL within 24 months,2027,2027-11-02,,3760.38,Planning,Branch Scheduling
PRJ-006059,AST-0001024,Laptop,EOL within 24 months,2027,2027-09-26,,3517.45,Not Started,Security Exception
PRJ-006060,AST-0002710,Laptop,Past EOL,2027,2027-10-05,2027-09-20,1704.79,Completed,Branch Scheduling
PRJ-006061,AST-0006341,Laptop,EOL within 12 months,2026,2026-12-21,,1564.84,Deferred,Vendor Lead Time
PRJ-006062,AST-0004123,Laptop,EOL within 24 months,2028,2028-03-19,,1982.85,In Progress,Security Exception
PRJ-006063,AST-0015308,Desktop,EOL within 12 months,2027,2027-11-10,,1254.83,Planning,Change Freeze
PRJ-006064,AST-0005162,Laptop,Past EOL,2027,2027-03-19,,1495.58,Not Started,Change Freeze
PRJ-006065,AST-0005003,Laptop,EOL within 24 months,2028,2028-06-08,,3032.54,In Progress,Application Dependency
PRJ-006066,AST-0001657,Laptop,EOL within 24 months,2028,2028-03-26,,2981.99,Planning,Application Dependency
PRJ-006067,AST-0012041,Laptop,EOL within 12 months,2028,2028-05-14,,1650.99,Not Started,Vendor Lead Time
PRJ-006068,AST-0002911,Laptop,EOL within 24 months,2027,2027-04-14,2027-03-16,1970.29,Completed,Budget Approval
PRJ-006069,AST-0012653,Laptop,EOL within 12 months,2028,2028-10-05,,1704.49,Not Started,Security Exception
PRJ-006070,AST-0022345,Access Switch,EOL within 24 months,2028,2028-05-22,,7007.81,In Progress,Vendor Lead Time
PRJ-006071,AST-0018111,Desktop,EOL within 12 months,2028,2028-06-13,,1386.37,Deferred,Security Exception
PRJ-006072,AST-0010024,Laptop,EOL within 24 months,2026,2026-09-04,2026-10-24,2605.1,Completed,Branch Scheduling
PRJ-006073,AST-0011599,Laptop,EOL within 12 months,2027,2027-08-23,,1635.98,Not Started,Change Freeze
PRJ-006074,AST-0012420,Laptop,Past EOL,2028,2028-05-31,,1679.45,Deferred,Security Exception
PRJ-006075,AST-0015677,Desktop,EOL within 24 months,2028,2028-12-06,,1197.67,In Progress,Budget Approval
PRJ-006076,AST-0000380,Laptop,EOL within 12 months,2026,2026-09-03,,2072.72,Deferred,Vendor Lead Time
PRJ-006077,AST-0010179,Laptop,EOL within 24 months,2028,2028-08-20,,1930.76,In Progress,None
PRJ-006078,AST-0004546,Laptop,Past EOL,2026,2026-11-07,2026-12-22,1975.16,Completed,Application Dependency
PRJ-006079,AST-0006455,Laptop,Past EOL,2027,2027-10-01,,1437.22,In Progress,Application Dependency
PRJ-006080,AST-0007411,Laptop,Past EOL,2027,2027-03-17,2027-05-06,1977.69,Completed,Application Dependency
PRJ-006081,AST-0014550,Desktop,EOL within 12 months,2026,2026-09-21,,1320.32,In Progress,Budget Approval
PRJ-006082,AST-0018968,VDI Endpoint,EOL within 24 months,2028,2028-07-12,,1015.92,In Progress,Application Dependency
PRJ-006083,AST-0002128,Laptop,Past EOL,2026,2026-07-26,,1633.12,Planning,Security Exception
PRJ-006084,AST-0007788,Laptop,EOL within 24 months,2027,2027-08-02,2027-10-05,3267.76,Completed,Change Freeze
PRJ-006085,AST-0007254,Laptop,EOL within 12 months,2027,2027-02-16,,2044.83,Blocked,Branch Scheduling
PRJ-006086,AST-0001318,Laptop,Past EOL,2027,2027-04-28,,1368.63,Not Started,None
PRJ-006087,AST-0013541,Laptop,Past EOL,2027,2027-12-26,,1945.27,Not Started,Application Dependency
PRJ-006088,AST-0005347,Laptop,Past EOL,2027,2027-04-07,,1920.45,Planning,Budget Approval
PRJ-006089,AST-0008449,Laptop,EOL within 12 months,2027,2027-10-12,,1680.29,Not Started,None
PRJ-006090,AST-0006153,Laptop,EOL within 12 months,2026,2026-10-20,,2012.75,Planning,Change Freeze
PRJ-006091,AST-0016184,Desktop,EOL within 12 months,2028,2028-03-22,,963.3,Not Started,None
PRJ-006092,AST-0017697,Desktop,EOL within 24 months,2027,2027-02-04,,995.59,Blocked,Budget Approval
PRJ-006093,AST-0020034,Server,EOL within 24 months,2028,2028-04-18,,12781.47,Deferred,Budget Approval
PRJ-006094,AST-0020576,Server,EOL within 24 months,2027,2027-06-15,2027-06-13,15639.79,Completed,Branch Scheduling
PRJ-006095,AST-0016952,Desktop,EOL within 12 months,2028,2028-11-10,,1040.06,Not Started,Application Dependency
PRJ-006096,AST-0005962,Laptop,Past EOL,2028,2028-10-23,,1869.9,Deferred,Change Freeze
PRJ-006097,AST-0004553,Laptop,EOL within 24 months,2027,2027-04-11,,3293.27,Deferred,None
PRJ-006098,AST-0014522,Desktop,EOL within 24 months,2026,2026-12-13,,1088.13,Not Started,Vendor Lead Time
PRJ-006099,AST-0007897,Laptop,EOL within 12 months,2028,2028-07-20,2028-09-08,1553.34,Completed,Budget Approval
PRJ-006100,AST-0003461,Laptop,EOL within 24 months,2026,2026-10-26,,1984.72,Deferred,Vendor Lead Time
PRJ-006101,AST-0000749,Laptop,EOL within 24 months,2026,2026-12-05,,1962.0,Deferred,Budget Approval
PRJ-006102,AST-0001046,Laptop,Past EOL,2029,2029-01-03,,1920.54,Deferred,None
PRJ-006103,AST-0016392,Desktop,EOL within 12 months,2027,2027-03-04,,979.12,Not Started,Application Dependency
PRJ-006104,AST-0010207,Laptop,EOL within 12 months,2026,2026-07-31,,1774.26,Not Started,Budget Approval
PRJ-006105,AST-0000548,Laptop,EOL within 12 months,2028,2028-10-16,,1621.44,Deferred,Security Exception
PRJ-006106,AST-0015056,Desktop,EOL within 12 months,2027,2027-07-30,,1043.55,In Progress,Change Freeze
PRJ-006107,AST-0013997,Laptop,EOL within 12 months,2026,2026-11-08,,2073.91,Blocked,Change Freeze
PRJ-006108,AST-0014889,Desktop,EOL within 24 months,2026,2026-07-28,,1014.75,Not Started,Branch Scheduling
PRJ-006109,AST-0014559,Desktop,EOL within 12 months,2028,2028-09-14,,1109.81,Planning,Vendor Lead Time
PRJ-006110,AST-0000139,Laptop,Past EOL,2026,2026-07-19,,1771.94,Not Started,Vendor Lead Time
PRJ-006111,AST-0013918,Laptop,EOL within 24 months,2028,2028-06-02,,2197.64,In Progress,Application Dependency
PRJ-006112,AST-0015844,Desktop,EOL within 24 months,2026,2026-12-10,,1286.28,In Progress,Application Dependency
PRJ-006113,AST-0001404,Laptop,EOL within 24 months,2026,2026-08-17,,3646.97,Not Started,Security Exception
PRJ-006114,AST-0012622,Laptop,EOL within 24 months,2028,2028-09-19,,2958.83,Deferred,Application Dependency
PRJ-006115,AST-0013892,Laptop,EOL within 12 months,2028,2028-03-28,,1498.19,Deferred,Branch Scheduling
PRJ-006116,AST-0002452,Laptop,EOL within 12 months,2027,2027-01-25,2027-04-12,1569.73,Completed,Change Freeze
PRJ-006117,AST-0012826,Laptop,EOL within 12 months,2028,2028-06-01,,1722.42,In Progress,Vendor Lead Time
PRJ-006118,AST-0009140,Laptop,EOL within 12 months,2027,2027-01-15,,2123.24,Deferred,Application Dependency
PRJ-006119,AST-0005750,Laptop,Past EOL,2028,2028-09-18,,1812.15,Not Started,Branch Scheduling
PRJ-006120,AST-0011421,Laptop,EOL within 24 months,2026,2026-11-14,,2065.04,In Progress,Application Dependency
PRJ-006121,AST-0016747,Desktop,EOL within 24 months,2028,2028-06-10,,1013.79,Not Started,None
PRJ-006122,AST-0015934,Desktop,EOL within 12 months,2026,2026-12-19,,1306.7,Deferred,Budget Approval
PRJ-006123,AST-0008230,Laptop,Past EOL,2027,2027-11-01,2027-12-27,1503.17,Completed,Application Dependency
PRJ-006124,AST-0014675,Desktop,EOL within 12 months,2028,2028-05-13,2028-07-18,1029.44,Completed,Application Dependency
PRJ-006125,AST-0008658,Laptop,EOL within 24 months,2027,2027-09-09,2027-08-27,3643.83,Completed,Branch Scheduling
PRJ-006126,AST-0010687,Laptop,EOL within 24 months,2027,2027-01-27,,1870.34,In Progress,Branch Scheduling
PRJ-006127,AST-0019236,VDI Endpoint,EOL within 12 months,2026,2026-06-12,,1275.63,Not Started,Vendor Lead Time
PRJ-006128,AST-0011534,Laptop,Past EOL,2027,2027-02-01,,1359.36,Deferred,Security Exception
PRJ-006129,AST-0021716,Access Switch,EOL within 24 months,2028,2028-08-03,,6523.67,In Progress,None
PRJ-006130,AST-0009106,Laptop,Past EOL,2027,2027-04-14,,1406.81,In Progress,Branch Scheduling
PRJ-006131,AST-0002307,Laptop,EOL within 12 months,2026,2026-11-18,,1670.65,Not Started,Application Dependency
PRJ-006132,AST-0018010,Desktop,EOL within 24 months,2028,2028-12-17,2029-02-07,1181.08,Completed,Budget Approval
PRJ-006133,AST-0007132,Laptop,EOL within 24 months,2027,2027-02-18,,2870.39,Not Started,Vendor Lead Time
PRJ-006134,AST-0001303,Laptop,EOL within 12 months,2028,2028-11-08,,2129.92,Planning,Branch Scheduling
PRJ-006135,AST-0017663,Desktop,EOL within 12 months,2028,2028-03-04,,1024.22,Not Started,Change Freeze
PRJ-006136,AST-0000341,Laptop,EOL within 24 months,2028,2028-09-23,,2079.29,Planning,Security Exception
PRJ-006137,AST-0003410,Laptop,EOL within 12 months,2028,2028-02-21,,1666.89,Not Started,Security Exception
PRJ-006138,AST-0007975,Laptop,Past EOL,2027,2027-05-10,,1448.34,Planning,Branch Scheduling
PRJ-006139,AST-0002008,Laptop,EOL within 12 months,2028,2028-08-12,,1543.33,Planning,Vendor Lead Time
PRJ-006140,AST-0009481,Laptop,EOL within 12 months,2027,2027-03-05,2027-03-13,2005.16,Completed,Vendor Lead Time
PRJ-006141,AST-0010925,Laptop,EOL within 12 months,2026,2026-06-10,,1504.59,Not Started,Security Exception
PRJ-006142,AST-0003080,Laptop,Past EOL,2026,2026-07-07,,1814.63,Planning,Branch Scheduling
PRJ-006143,AST-0004563,Laptop,EOL within 24 months,2028,2028-05-27,,2289.34,Planning,Budget Approval
PRJ-006144,AST-0011521,Laptop,EOL within 12 months,2027,2027-03-19,,1934.04,In Progress,Branch Scheduling
PRJ-006145,AST-0020155,Server,EOL within 24 months,2028,2028-08-31,2028-10-03,15030.78,Completed,Branch Scheduling
PRJ-006146,AST-0020410,Server,EOL within 24 months,2026,2026-08-29,,12544.79,In Progress,Application Dependency
PRJ-006147,AST-0013860,Laptop,Past EOL,2027,2027-07-01,,1546.64,In Progress,Vendor Lead Time
PRJ-006148,AST-0017456,Desktop,EOL within 24 months,2026,2026-10-09,,1017.7,In Progress,Security Exception
PRJ-006149,AST-0018179,Desktop,EOL within 24 months,2028,2028-07-10,,1131.96,Planning,Security Exception
PRJ-006150,AST-0007358,Laptop,EOL within 24 months,2027,2027-11-05,,2070.94,Not Started,Branch Scheduling
PRJ-006151,AST-0000144,Laptop,EOL within 12 months,2028,2028-10-12,2028-12-01,1727.07,Completed,Security Exception
PRJ-006152,AST-0019543,VDI Endpoint,EOL within 12 months,2026,2026-09-25,,993.0,Not Started,Vendor Lead Time
PRJ-006153,AST-0010680,Laptop,EOL within 24 months,2028,2028-08-17,,1988.31,In Progress,None
PRJ-006154,AST-0017690,Desktop,EOL within 24 months,2026,2026-07-16,,914.63,Planning,Branch Scheduling
PRJ-006155,AST-0019901,VDI Endpoint,EOL within 12 months,2027,2027-11-08,,1083.45,Planning,Application Dependency
PRJ-006156,AST-0012349,Laptop,EOL within 12 months,2028,2028-09-11,2028-09-08,1650.3,Completed,Application Dependency
PRJ-006157,AST-0015379,Desktop,EOL within 24 months,2027,2027-05-26,,1086.75,Deferred,Vendor Lead Time
PRJ-006158,AST-0023225,Wireless Access Point,EOL within 24 months,2028,2028-03-06,2028-02-24,1590.88,Completed,Change Freeze
PRJ-006159,AST-0023153,Firewall,EOL within 12 months,2028,2028-07-06,,23352.83,Not Started,Change Freeze
PRJ-006160,AST-0010150,Laptop,Past EOL,2027,2027-02-11,2027-03-06,1538.1,Completed,Security Exception
PRJ-006161,AST-0003195,Laptop,Past EOL,2027,2027-01-12,,1918.1,In Progress,Vendor Lead Time
PRJ-006162,AST-0002989,Laptop,Past EOL,2026,2026-10-30,,1401.16,Blocked,Budget Approval
PRJ-006163,AST-0005864,Laptop,EOL within 24 months,2026,2026-10-18,,3828.45,In Progress,Budget Approval
PRJ-006164,AST-0011028,Laptop,EOL within 24 months,2028,2028-12-26,,1717.85,Planning,Application Dependency
PRJ-006165,AST-0001863,Laptop,Past EOL,2027,2027-06-11,,1479.52,Not Started,Application Dependency
PRJ-006166,AST-0014022,Desktop,EOL within 24 months,2027,2027-07-10,2027-09-16,1243.94,Completed,Security Exception
PRJ-006167,AST-0021900,Access Switch,EOL within 24 months,2026,2026-07-22,,5106.75,Deferred,Security Exception
PRJ-006168,AST-0011780,Laptop,EOL within 24 months,2026,2026-10-11,,1533.82,Not Started,Security Exception
PRJ-006169,AST-0023027,Router,EOL within 12 months,2027,2027-08-20,,8680.73,Deferred,Application Dependency
PRJ-006170,AST-0021364,Server,EOL within 24 months,2026,2026-06-09,,11821.9,Planning,Vendor Lead Time
PRJ-006171,AST-0015642,Desktop,EOL within 12 months,2027,2027-07-29,2027-07-09,1265.76,Completed,Vendor Lead Time
PRJ-006172,AST-0006140,Laptop,EOL within 24 months,2027,2027-01-16,,1995.45,Planning,Branch Scheduling
PRJ-006173,AST-0016505,Desktop,EOL within 24 months,2028,2028-09-17,,1190.33,Planning,Vendor Lead Time
PRJ-006174,AST-0005291,Laptop,Past EOL,2027,2027-01-25,,1310.32,Not Started,Branch Scheduling
PRJ-006175,AST-0004807,Laptop,EOL within 24 months,2028,2028-07-04,,2721.34,Deferred,Budget Approval
PRJ-006176,AST-0001872,Laptop,EOL within 24 months,2028,2028-05-20,,2742.83,Planning,Branch Scheduling
PRJ-006177,AST-0016460,Desktop,EOL within 12 months,2028,2028-03-01,2028-02-14,1026.06,Completed,Application Dependency
PRJ-006178,AST-0013095,Laptop,EOL within 24 months,2028,2028-05-22,,1981.18,Planning,None
PRJ-006179,AST-0002443,Laptop,Past EOL,2028,2028-09-25,,1791.37,Planning,Branch Scheduling
PRJ-006180,AST-0010957,Laptop,EOL within 12 months,2028,2028-07-30,,1468.84,Planning,Branch Scheduling
PRJ-006181,AST-0013042,Laptop,EOL within 12 months,2027,2027-11-05,,1714.16,Blocked,Branch Scheduling
PRJ-006182,AST-0005662,Laptop,EOL within 12 months,2028,2028-09-04,,1767.23,Deferred,Budget Approval
PRJ-006183,AST-0007721,Laptop,Past EOL,2026,2026-07-26,,1577.93,Planning,Security Exception
PRJ-006184,AST-0009527,Laptop,EOL within 12 months,2028,2028-06-17,,2037.98,Not Started,None
PRJ-006185,AST-0014177,Desktop,EOL within 12 months,2027,2027-09-15,,1223.43,Planning,Budget Approval
PRJ-006186,AST-0006223,Laptop,Past EOL,2027,2027-03-08,,1672.14,In Progress,Security Exception
PRJ-006187,AST-0011351,Laptop,EOL within 24 months,2028,2028-06-27,,1781.99,Not Started,Branch Scheduling
PRJ-006188,AST-0012747,Laptop,EOL within 12 months,2027,2027-02-18,,1820.56,In Progress,Branch Scheduling
PRJ-006189,AST-0008291,Laptop,EOL within 12 months,2027,2027-04-24,,1893.02,Planning,None
PRJ-006190,AST-0006875,Laptop,EOL within 12 months,2027,2027-10-08,,1540.68,In Progress,Vendor Lead Time
PRJ-006191,AST-0008543,Laptop,Past EOL,2027,2027-10-29,,1823.17,In Progress,None
PRJ-006192,AST-0018446,Desktop,EOL within 12 months,2028,2028-08-11,2028-10-28,1368.72,Completed,Branch Scheduling
PRJ-006193,AST-0017781,Desktop,EOL within 24 months,2028,2028-03-30,,1255.42,Not Started,None
PRJ-006194,AST-0021671,Access Switch,EOL within 24 months,2028,2028-11-19,,8903.51,In Progress,Change Freeze
PRJ-006195,AST-0016424,Desktop,EOL within 12 months,2028,2028-01-22,,1389.48,In Progress,Branch Scheduling
PRJ-006196,AST-0021769,Access Switch,EOL within 24 months,2028,2028-09-23,,7937.63,In Progress,Branch Scheduling
PRJ-006197,AST-0009102,Laptop,EOL within 24 months,2027,2027-01-30,,2646.03,In Progress,Branch Scheduling
PRJ-006198,AST-0020953,Server,EOL within 24 months,2026,2026-12-03,,15793.35,In Progress,Change Freeze
PRJ-006199,AST-0019091,VDI Endpoint,EOL within 24 months,2026,2026-12-29,,995.89,In Progress,Security Exception
PRJ-006200,AST-0000999,Laptop,Past EOL,2027,2027-11-13,,1579.29,Not Started,Change Freeze
PRJ-006201,AST-0017381,Desktop,EOL within 12 months,2027,2027-08-12,,1176.31,In Progress,None
PRJ-006202,AST-0008583,Laptop,EOL within 24 months,2028,2028-05-07,,2273.96,Not Started,None
PRJ-006203,AST-0014100,Desktop,EOL within 12 months,2027,2027-03-31,2027-04-05,1284.6,Completed,None
PRJ-006204,AST-0008550,Laptop,EOL within 12 months,2028,2028-06-08,,1506.01,In Progress,Application Dependency
PRJ-006205,AST-0014213,Desktop,EOL within 24 months,2026,2026-08-28,,942.48,In Progress,Security Exception
PRJ-006206,AST-0017177,Desktop,EOL within 12 months,2027,2027-09-09,,1403.4,Planning,Security Exception
PRJ-006207,AST-0014644,Desktop,EOL within 12 months,2027,2027-04-08,2027-06-10,1113.2,Completed,Change Freeze
PRJ-006208,AST-0007471,Laptop,Past EOL,2027,2027-12-18,,1896.68,In Progress,Security Exception
PRJ-006209,AST-0014537,Desktop,EOL within 24 months,2028,2028-10-13,,1235.98,Planning,Vendor Lead Time
PRJ-006210,AST-0007101,Laptop,Past EOL,2027,2027-11-05,,1823.78,In Progress,Budget Approval
PRJ-006211,AST-0023477,Wireless Access Point,EOL within 24 months,2026,2026-06-11,,944.08,Not Started,Application Dependency
PRJ-006212,AST-0015292,Desktop,EOL within 12 months,2028,2028-10-30,,1192.3,Blocked,Budget Approval
PRJ-006213,AST-0004795,Laptop,EOL within 12 months,2028,2028-12-17,,1775.84,Not Started,Change Freeze
PRJ-006214,AST-0019936,VDI Endpoint,EOL within 12 months,2027,2027-02-01,,1428.43,Deferred,Branch Scheduling
PRJ-006215,AST-0015629,Desktop,EOL within 12 months,2028,2028-04-02,,1286.4,Not Started,Budget Approval
PRJ-006216,AST-0007169,Laptop,EOL within 12 months,2028,2028-02-29,,1848.52,In Progress,Vendor Lead Time
PRJ-006217,AST-0016106,Desktop,EOL within 24 months,2027,2027-06-27,2027-07-31,957.08,Completed,Change Freeze
PRJ-006218,AST-0005191,Laptop,EOL within 12 months,2027,2027-02-17,,1871.73,Deferred,None
PRJ-006219,AST-0008911,Laptop,EOL within 12 months,2028,2028-06-20,,1775.8,Not Started,Vendor Lead Time
PRJ-006220,AST-0020715,Server,EOL within 24 months,2027,2027-01-24,,16101.54,Blocked,None
PRJ-006221,AST-0003930,Laptop,EOL within 24 months,2028,2028-05-31,,1853.42,In Progress,Budget Approval
PRJ-006222,AST-0018442,Desktop,EOL within 24 months,2027,2027-12-10,,1077.57,Planning,Budget Approval
PRJ-006223,AST-0012091,Laptop,EOL within 24 months,2027,2027-11-15,,2470.07,Not Started,Budget Approval
PRJ-006224,AST-0020569,Server,EOL within 24 months,2027,2027-09-19,,13334.54,Planning,Branch Scheduling
PRJ-006225,AST-0000723,Laptop,Past EOL,2028,2028-01-16,,1536.11,In Progress,Security Exception
PRJ-006226,AST-0003669,Laptop,EOL within 24 months,2028,2028-01-10,2028-03-24,2695.19,Completed,Branch Scheduling
PRJ-006227,AST-0014180,Desktop,EOL within 24 months,2027,2027-10-08,,1139.57,Planning,Budget Approval
PRJ-006228,AST-0000913,Laptop,Past EOL,2026,2026-10-21,,1964.9,Planning,Application Dependency
PRJ-006229,AST-0009810,Laptop,EOL within 12 months,2028,2028-09-29,,1530.14,Planning,Security Exception
PRJ-006230,AST-0018918,VDI Endpoint,EOL within 12 months,2028,2028-08-20,,1216.06,Planning,Change Freeze
PRJ-006231,AST-0011647,Laptop,Past EOL,2028,2028-09-29,,2007.98,Not Started,Vendor Lead Time
PRJ-006232,AST-0016894,Desktop,EOL within 12 months,2028,2028-10-14,,963.08,In Progress,Change Freeze
PRJ-006233,AST-0018791,VDI Endpoint,EOL within 12 months,2026,2026-06-08,,1414.85,Not Started,None
PRJ-006234,AST-0014626,Desktop,EOL within 12 months,2027,2027-05-26,,1329.07,Planning,Branch Scheduling
PRJ-006235,AST-0012191,Laptop,Past EOL,2027,2027-09-06,,1698.87,Planning,Branch Scheduling
PRJ-006236,AST-0014079,Desktop,EOL within 24 months,2027,2027-12-06,,1003.3,In Progress,Security Exception
PRJ-006237,AST-0009105,Laptop,EOL within 12 months,2026,2026-07-22,,1937.63,Planning,Change Freeze
PRJ-006238,AST-0017358,Desktop,EOL within 12 months,2027,2027-08-04,,1282.2,In Progress,Application Dependency
PRJ-006239,AST-0007414,Laptop,Past EOL,2027,2027-12-08,,1675.73,In Progress,None
PRJ-006240,AST-0016205,Desktop,EOL within 24 months,2026,2026-10-25,2026-10-18,1162.37,Completed,Security Exception
PRJ-006241,AST-0001754,Laptop,EOL within 24 months,2028,2028-10-23,,2611.65,Deferred,Budget Approval
PRJ-006242,AST-0006289,Laptop,Past EOL,2027,2027-04-07,,1607.67,In Progress,Budget Approval
PRJ-006243,AST-0012923,Laptop,Past EOL,2029,2029-01-01,,1473.81,Blocked,Change Freeze
PRJ-006244,AST-0008719,Laptop,EOL within 24 months,2026,2026-12-20,,1917.66,Not Started,Branch Scheduling
PRJ-006245,AST-0019488,VDI Endpoint,EOL within 12 months,2028,2028-10-19,,994.03,Not Started,Application Dependency
PRJ-006246,AST-0009463,Laptop,Past EOL,2027,2027-11-19,,1914.75,In Progress,Change Freeze
PRJ-006247,AST-0006487,Laptop,EOL within 24 months,2026,2026-09-22,,1953.03,In Progress,Security Exception
PRJ-006248,AST-0011859,Laptop,EOL within 12 months,2028,2028-03-19,2028-04-04,1454.48,Completed,Application Dependency
PRJ-006249,AST-0006892,Laptop,Past EOL,2028,2028-12-17,,1688.75,Not Started,Application Dependency
PRJ-006250,AST-0002554,Laptop,Past EOL,2028,2028-09-06,,1700.17,Not Started,Budget Approval
PRJ-006251,AST-0001539,Laptop,EOL within 12 months,2026,2026-11-04,,1486.21,Not Started,Security Exception
PRJ-006252,AST-0018378,Desktop,EOL within 12 months,2028,2028-04-27,,1230.89,In Progress,None
PRJ-006253,AST-0022319,Access Switch,EOL within 24 months,2026,2026-11-17,,5758.96,Deferred,Change Freeze
PRJ-006254,AST-0003362,Laptop,EOL within 24 months,2026,2026-11-07,,1666.38,Not Started,Vendor Lead Time
PRJ-006255,AST-0005427,Laptop,EOL within 12 months,2028,2028-03-22,2028-06-05,1717.99,Completed,None
PRJ-006256,AST-0001401,Laptop,EOL within 12 months,2028,2028-10-02,2028-12-02,1507.72,Completed,Budget Approval
PRJ-006257,AST-0010732,Laptop,EOL within 24 months,2028,2028-07-12,,1786.44,Planning,Security Exception
PRJ-006258,AST-0015822,Desktop,EOL within 24 months,2027,2027-09-12,,1278.73,Blocked,Budget Approval
PRJ-006259,AST-0018652,VDI Endpoint,EOL within 12 months,2028,2028-11-25,,1323.68,In Progress,Application Dependency
PRJ-006260,AST-0009674,Laptop,EOL within 12 months,2026,2026-09-11,,1772.27,Not Started,None
PRJ-006261,AST-0012340,Laptop,Past EOL,2026,2026-11-10,,1695.26,Not Started,Change Freeze
PRJ-006262,AST-0017628,Desktop,EOL within 12 months,2028,2028-05-10,,1087.67,Planning,Branch Scheduling
PRJ-006263,AST-0011483,Laptop,EOL within 12 months,2028,2028-05-14,,2115.58,In Progress,Change Freeze
PRJ-006264,AST-0014308,Desktop,EOL within 24 months,2027,2027-09-15,,882.0,Not Started,Branch Scheduling
PRJ-006265,AST-0011797,Laptop,Past EOL,2027,2027-12-29,,1894.77,In Progress,Branch Scheduling
PRJ-006266,AST-0021376,Server,EOL within 24 months,2026,2026-06-08,,11949.98,Deferred,Budget Approval
PRJ-006267,AST-0008016,Laptop,EOL within 24 months,2027,2027-06-17,,2134.19,Not Started,Branch Scheduling
PRJ-006268,AST-0012906,Laptop,EOL within 24 months,2027,2027-03-11,2027-04-03,1882.34,Completed,Security Exception
PRJ-006269,AST-0001922,Laptop,EOL within 24 months,2027,2027-10-22,,3265.25,Planning,Branch Scheduling
PRJ-006270,AST-0007128,Laptop,Past EOL,2028,2028-10-16,,1880.6,In Progress,Vendor Lead Time
PRJ-006271,AST-0019423,VDI Endpoint,EOL within 12 months,2028,2028-02-20,,1250.32,Not Started,Vendor Lead Time
PRJ-006272,AST-0016857,Desktop,EOL within 12 months,2027,2027-07-18,,970.49,Not Started,Application Dependency
PRJ-006273,AST-0001345,Laptop,EOL within 24 months,2026,2026-08-19,,3819.53,Not Started,None
PRJ-006274,AST-0019041,VDI Endpoint,EOL within 24 months,2026,2026-07-24,,978.62,Planning,Security Exception
PRJ-006275,AST-0016180,Desktop,EOL within 24 months,2028,2028-11-21,,1178.43,Blocked,Security Exception
PRJ-006276,AST-0018712,VDI Endpoint,EOL within 24 months,2028,2028-01-15,,924.64,Not Started,Security Exception
PRJ-006277,AST-0001237,Laptop,EOL within 24 months,2028,2028-05-27,2028-05-14,2709.59,Completed,Vendor Lead Time
PRJ-006278,AST-0013356,Laptop,EOL within 12 months,2028,2028-08-01,,1744.01,Blocked,Branch Scheduling
PRJ-006279,AST-0019125,VDI Endpoint,EOL within 12 months,2027,2027-12-01,,1360.69,Blocked,Application Dependency
PRJ-006280,AST-0018967,VDI Endpoint,EOL within 12 months,2026,2026-08-26,,1463.05,In Progress,Branch Scheduling
PRJ-006281,AST-0006177,Laptop,EOL within 24 months,2028,2028-07-28,,1770.24,In Progress,Change Freeze
PRJ-006282,AST-0004447,Laptop,Past EOL,2028,2028-04-01,,1506.57,Not Started,None
PRJ-006283,AST-0012365,Laptop,Past EOL,2027,2027-09-08,,1920.46,In Progress,Branch Scheduling
PRJ-006284,AST-0010920,Laptop,EOL within 12 months,2029,2029-01-05,,1919.63,Not Started,Budget Approval
PRJ-006285,AST-0007435,Laptop,EOL within 24 months,2027,2027-05-18,,1754.24,Deferred,Budget Approval
PRJ-006286,AST-0010850,Laptop,EOL within 24 months,2027,2027-05-13,2027-06-28,1890.09,Completed,None
PRJ-006287,AST-0008983,Laptop,EOL within 24 months,2026,2026-12-11,,1937.71,In Progress,Vendor Lead Time
PRJ-006288,AST-0018838,VDI Endpoint,EOL within 24 months,2027,2027-09-26,,881.62,In Progress,Application Dependency
PRJ-006289,AST-0008854,Laptop,EOL within 12 months,2028,2028-06-30,2028-08-15,1711.37,Completed,Branch Scheduling
PRJ-006290,AST-0007141,Laptop,EOL within 12 months,2028,2028-05-09,,1607.22,In Progress,Vendor Lead Time
PRJ-006291,AST-0011484,Laptop,EOL within 12 months,2027,2027-08-01,,1518.86,In Progress,Vendor Lead Time
PRJ-006292,AST-0010562,Laptop,Past EOL,2028,2028-11-25,,1509.81,Planning,Change Freeze
PRJ-006293,AST-0018687,VDI Endpoint,EOL within 12 months,2028,2028-06-11,,1409.37,Deferred,Change Freeze
PRJ-006294,AST-0016554,Desktop,EOL within 12 months,2026,2026-08-19,,1155.49,Not Started,Vendor Lead Time
PRJ-006295,AST-0022790,Router,EOL within 12 months,2026,2026-08-17,,11129.31,Not Started,Security Exception
PRJ-006296,AST-0007105,Laptop,EOL within 24 months,2027,2027-12-26,,2093.44,Not Started,None
PRJ-006297,AST-0012149,Laptop,Past EOL,2026,2026-10-27,,1407.4,Not Started,Branch Scheduling
PRJ-006298,AST-0006492,Laptop,Past EOL,2028,2028-01-24,,1755.95,In Progress,Vendor Lead Time
PRJ-006299,AST-0012487,Laptop,EOL within 12 months,2027,2027-07-05,,1539.01,Deferred,Change Freeze
PRJ-006300,AST-0013350,Laptop,Past EOL,2028,2028-08-30,,1427.72,Not Started,None
PRJ-006301,AST-0002585,Laptop,EOL within 12 months,2028,2028-10-24,2029-01-19,1691.55,Completed,Budget Approval
PRJ-006302,AST-0003066,Laptop,Past EOL,2027,2027-09-05,,1705.61,In Progress,Application Dependency
PRJ-006303,AST-0018048,Desktop,EOL within 12 months,2026,2026-09-30,,1219.79,Deferred,Budget Approval
PRJ-006304,AST-0023112,Firewall,EOL within 12 months,2026,2026-06-17,2026-08-01,22789.15,Completed,Budget Approval
PRJ-006305,AST-0017328,Desktop,EOL within 24 months,2028,2028-05-31,,921.48,Planning,Security Exception
PRJ-006306,AST-0007034,Laptop,Past EOL,2026,2026-09-04,,1354.47,Not Started,Branch Scheduling
PRJ-006307,AST-0013202,Laptop,EOL within 12 months,2027,2027-10-08,,1843.75,Not Started,Branch Scheduling
PRJ-006308,AST-0023305,Wireless Access Point,EOL within 24 months,2028,2028-05-18,,1160.68,Blocked,Budget Approval
PRJ-006309,AST-0002454,Laptop,EOL within 12 months,2028,2028-10-12,,1676.66,In Progress,None
PRJ-006310,AST-0000724,Laptop,Past EOL,2028,2028-04-30,,1450.09,Not Started,None
PRJ-006311,AST-0015206,Desktop,EOL within 12 months,2028,2028-09-29,,1094.75,Planning,None
PRJ-006312,AST-0013086,Laptop,EOL within 24 months,2027,2027-01-29,,2005.87,Deferred,Security Exception
PRJ-006313,AST-0008829,Laptop,EOL within 12 months,2028,2028-10-22,2028-11-11,1490.7,Completed,Application Dependency
PRJ-006314,AST-0005917,Laptop,EOL within 12 months,2026,2026-08-13,,1728.26,In Progress,Application Dependency
PRJ-006315,AST-0003296,Laptop,EOL within 12 months,2027,2027-08-28,,1917.15,Not Started,Vendor Lead Time
PRJ-006316,AST-0003467,Laptop,EOL within 24 months,2026,2026-07-28,,2028.13,Not Started,Branch Scheduling
PRJ-006317,AST-0016590,Desktop,EOL within 12 months,2028,2028-01-28,,1080.16,Not Started,Budget Approval
PRJ-006318,AST-0003310,Laptop,Past EOL,2028,2028-09-16,2028-12-06,1783.87,Completed,Security Exception
PRJ-006319,AST-0005726,Laptop,EOL within 24 months,2028,2028-03-20,,1805.2,In Progress,Application Dependency
PRJ-006320,AST-0008306,Laptop,Past EOL,2028,2028-05-04,,1820.93,Not Started,Application Dependency
PRJ-006321,AST-0009577,Laptop,Past EOL,2028,2028-05-04,,1452.99,In Progress,Change Freeze
PRJ-006322,AST-0017388,Desktop,EOL within 12 months,2028,2028-12-15,,1349.64,In Progress,Change Freeze
PRJ-006323,AST-0004780,Laptop,EOL within 24 months,2026,2026-11-26,,2808.12,Planning,Application Dependency
PRJ-006324,AST-0015905,Desktop,EOL within 24 months,2027,2027-02-13,,986.52,In Progress,Budget Approval
PRJ-006325,AST-0004443,Laptop,Past EOL,2028,2028-12-31,,1892.06,In Progress,Budget Approval
PRJ-006326,AST-0021011,Server,EOL within 24 months,2028,2028-11-03,,10734.27,In Progress,Security Exception
PRJ-006327,AST-0023846,Wireless Access Point,EOL within 24 months,2027,2027-03-06,,1207.76,Planning,Budget Approval
PRJ-006328,AST-0010487,Laptop,Past EOL,2028,2028-09-10,,1671.52,Not Started,Security Exception
PRJ-006329,AST-0001942,Laptop,EOL within 24 months,2026,2026-11-28,,2017.15,Planning,Branch Scheduling
PRJ-006330,AST-0014509,Desktop,EOL within 24 months,2027,2027-11-14,,1296.25,In Progress,Security Exception
PRJ-006331,AST-0005022,Laptop,EOL within 24 months,2028,2028-12-11,,1963.31,Not Started,Budget Approval
PRJ-006332,AST-0016137,Desktop,EOL within 12 months,2027,2027-02-03,2027-03-10,1133.07,Completed,Branch Scheduling
PRJ-006333,AST-0012457,Laptop,EOL within 12 months,2028,2028-06-27,,1793.91,Deferred,Change Freeze
PRJ-006334,AST-0014262,Desktop,EOL within 12 months,2027,2027-10-01,,1409.04,Not Started,Change Freeze
PRJ-006335,AST-0014304,Desktop,EOL within 12 months,2028,2028-02-17,,1025.91,Not Started,Change Freeze
PRJ-006336,AST-0003246,Laptop,Past EOL,2027,2027-11-27,,1655.91,Planning,None
PRJ-006337,AST-0014539,Desktop,EOL within 12 months,2027,2027-11-29,,1288.58,Blocked,None
PRJ-006338,AST-0020620,Server,EOL within 24 months,2028,2028-12-08,,11060.71,In Progress,Vendor Lead Time
PRJ-006339,AST-0017747,Desktop,EOL within 12 months,2028,2028-06-13,2028-07-02,977.34,Completed,Budget Approval
PRJ-006340,AST-0013195,Laptop,EOL within 24 months,2026,2026-06-27,2026-07-05,2058.55,Completed,Budget Approval
PRJ-006341,AST-0017862,Desktop,EOL within 24 months,2027,2027-05-04,,1038.51,In Progress,Budget Approval
PRJ-006342,AST-0014566,Desktop,EOL within 12 months,2027,2027-09-02,,1176.3,Not Started,None
PRJ-006343,AST-0015030,Desktop,EOL within 12 months,2027,2027-12-18,,1242.7,Not Started,Budget Approval
PRJ-006344,AST-0002265,Laptop,EOL within 12 months,2028,2028-08-19,,1714.05,Planning,None
PRJ-006345,AST-0010406,Laptop,EOL within 24 months,2027,2027-11-14,,2892.42,Deferred,Application Dependency
PRJ-006346,AST-0012921,Laptop,EOL within 24 months,2028,2028-02-08,,3593.9,In Progress,Change Freeze
PRJ-006347,AST-0005109,Laptop,EOL within 24 months,2028,2028-03-22,2028-05-03,3106.25,Completed,Change Freeze
PRJ-006348,AST-0011169,Laptop,EOL within 24 months,2026,2026-07-25,,1514.1,Not Started,Change Freeze
PRJ-006349,AST-0008938,Laptop,Past EOL,2028,2028-04-19,,1892.9,Not Started,Change Freeze
PRJ-006350,AST-0014315,Desktop,EOL within 12 months,2026,2026-09-11,2026-11-26,1149.75,Completed,None
PRJ-006351,AST-0022717,Core Switch,EOL within 24 months,2028,2028-08-13,2028-07-27,21865.95,Completed,Security Exception
PRJ-006352,AST-0023362,Wireless Access Point,EOL within 24 months,2027,2027-01-17,,1612.24,In Progress,Security Exception
PRJ-006353,AST-0000132,Laptop,EOL within 24 months,2027,2027-05-10,,3353.21,Not Started,None
PRJ-006354,AST-0018285,Desktop,EOL within 12 months,2026,2026-07-15,,1058.22,Not Started,Vendor Lead Time
PRJ-006355,AST-0006466,Laptop,Past EOL,2026,2026-07-10,,1466.45,Not Started,Change Freeze
PRJ-006356,AST-0009317,Laptop,Past EOL,2027,2027-03-26,,1419.55,In Progress,Vendor Lead Time
PRJ-006357,AST-0018820,VDI Endpoint,EOL within 12 months,2028,2028-12-25,2028-12-16,1480.91,Completed,Vendor Lead Time
PRJ-006358,AST-0015833,Desktop,EOL within 24 months,2028,2028-08-30,,1201.04,Not Started,Security Exception
PRJ-006359,AST-0013123,Laptop,Past EOL,2027,2027-02-14,2027-01-27,1900.64,Completed,None
PRJ-006360,AST-0012127,Laptop,EOL within 24 months,2028,2028-03-17,,2161.26,Planning,Change Freeze
PRJ-006361,AST-0014556,Desktop,EOL within 24 months,2028,2028-03-08,,864.13,Not Started,Change Freeze
PRJ-006362,AST-0004489,Laptop,EOL within 12 months,2027,2027-01-28,,1486.4,Not Started,Change Freeze
PRJ-006363,AST-0006403,Laptop,EOL within 12 months,2027,2027-11-01,2027-10-06,1955.95,Completed,Application Dependency
PRJ-006364,AST-0010086,Laptop,Past EOL,2027,2027-12-01,,1586.64,Not Started,Vendor Lead Time
PRJ-006365,AST-0017310,Desktop,EOL within 24 months,2028,2028-01-03,,1175.28,Not Started,Change Freeze
PRJ-006366,AST-0000867,Laptop,Past EOL,2027,2027-10-21,,1692.13,In Progress,Change Freeze
PRJ-006367,AST-0020561,Server,EOL within 24 months,2027,2027-06-16,,11183.49,Planning,Vendor Lead Time
PRJ-006368,AST-0001296,Laptop,EOL within 12 months,2027,2027-01-06,,1745.42,Deferred,Budget Approval
PRJ-006369,AST-0009231,Laptop,EOL within 12 months,2027,2027-03-28,2027-04-13,1441.38,Completed,None
PRJ-006370,AST-0023488,Wireless Access Point,EOL within 12 months,2027,2027-12-12,,790.7,Deferred,None
PRJ-006371,AST-0018260,Desktop,EOL within 24 months,2027,2027-08-10,,1337.81,Not Started,Change Freeze
PRJ-006372,AST-0019547,VDI Endpoint,EOL within 12 months,2026,2026-12-15,,1183.49,Planning,None
PRJ-006373,AST-0021508,Access Switch,EOL within 24 months,2028,2028-09-09,,5886.28,Not Started,None
PRJ-006374,AST-0006686,Laptop,EOL within 24 months,2027,2027-07-25,,2019.39,In Progress,Budget Approval
PRJ-006375,AST-0019352,VDI Endpoint,EOL within 12 months,2027,2027-08-03,,1177.38,Planning,Branch Scheduling
PRJ-006376,AST-0017948,Desktop,EOL within 12 months,2027,2027-09-20,,961.06,Planning,Branch Scheduling
PRJ-006377,AST-0003995,Laptop,EOL within 24 months,2028,2028-04-26,2028-06-22,3060.78,Completed,Budget Approval
PRJ-006378,AST-0019920,VDI Endpoint,EOL within 12 months,2028,2028-01-04,,1434.67,Planning,Branch Scheduling
PRJ-006379,AST-0023044,Firewall,EOL within 24 months,2026,2026-12-14,,11761.21,Planning,None
PRJ-006380,AST-0023466,Wireless Access Point,EOL within 12 months,2028,2028-02-23,,748.13,Planning,Vendor Lead Time
PRJ-006381,AST-0010104,Laptop,Past EOL,2027,2027-03-24,,1491.97,In Progress,Vendor Lead Time
PRJ-006382,AST-0001349,Laptop,Past EOL,2028,2028-02-09,,1320.17,Not Started,Security Exception
PRJ-006383,AST-0015387,Desktop,EOL within 12 months,2026,2026-06-19,,1129.02,Not Started,Change Freeze
PRJ-006384,AST-0012941,Laptop,Past EOL,2027,2027-10-13,,1897.65,Deferred,Application Dependency
PRJ-006385,AST-0022286,Access Switch,EOL within 24 months,2027,2027-01-10,,6800.14,Planning,Budget Approval
PRJ-006386,AST-0014491,Desktop,EOL within 12 months,2028,2028-11-23,2029-01-17,1058.77,Completed,Change Freeze
PRJ-006387,AST-0022197,Access Switch,EOL within 24 months,2026,2026-11-04,2026-10-24,9480.2,Completed,Vendor Lead Time
PRJ-006388,AST-0018325,Desktop,EOL within 12 months,2027,2027-08-13,,1347.0,Planning,Application Dependency
PRJ-006389,AST-0004488,Laptop,EOL within 12 months,2027,2027-12-01,,1694.84,Planning,Vendor Lead Time
PRJ-006390,AST-0000618,Laptop,EOL within 24 months,2027,2027-01-27,,2744.48,In Progress,Change Freeze
PRJ-006391,AST-0011289,Laptop,EOL within 12 months,2027,2027-01-26,,1862.16,In Progress,Change Freeze
PRJ-006392,AST-0001131,Laptop,EOL within 24 months,2026,2026-10-07,,1998.45,Not Started,Branch Scheduling
PRJ-006393,AST-0003601,Laptop,EOL within 12 months,2026,2026-11-13,,1847.37,Planning,None
PRJ-006394,AST-0002316,Laptop,EOL within 24 months,2028,2028-03-01,,2194.85,Not Started,Security Exception
PRJ-006395,AST-0006705,Laptop,EOL within 24 months,2027,2027-03-08,,3411.65,In Progress,Application Dependency
PRJ-006396,AST-0022018,Access Switch,EOL within 24 months,2027,2027-09-27,,6816.49,Not Started,Vendor Lead Time
PRJ-006397,AST-0004731,Laptop,EOL within 12 months,2026,2026-12-25,,1980.29,Planning,Branch Scheduling
PRJ-006398,AST-0006201,Laptop,EOL within 24 months,2026,2026-10-16,,1893.21,Blocked,Change Freeze
PRJ-006399,AST-0000130,Laptop,Past EOL,2027,2027-11-22,2027-11-16,1804.09,Completed,Vendor Lead Time
PRJ-006400,AST-0000798,Laptop,EOL within 24 months,2026,2026-11-15,,3096.21,In Progress,Change Freeze
PRJ-006401,AST-0003250,Laptop,Past EOL,2026,2026-06-21,,1878.63,Not Started,None
PRJ-006402,AST-0023658,Wireless Access Point,EOL within 12 months,2028,2028-06-07,2028-05-26,1019.54,Completed,Budget Approval
PRJ-006403,AST-0019619,VDI Endpoint,EOL within 12 months,2028,2028-02-27,,1182.8,Not Started,Branch Scheduling
PRJ-006404,AST-0012814,Laptop,EOL within 12 months,2027,2027-12-04,2027-12-21,1520.18,Completed,Application Dependency
PRJ-006405,AST-0022836,Router,EOL within 12 months,2028,2028-02-23,,8194.63,Not Started,Application Dependency
PRJ-006406,AST-0000107,Laptop,EOL within 12 months,2028,2028-02-05,,2047.2,Not Started,Budget Approval
PRJ-006407,AST-0014570,Desktop,EOL within 24 months,2027,2027-04-19,,1144.73,Planning,Budget Approval
PRJ-006408,AST-0000423,Laptop,Past EOL,2026,2026-10-03,,1638.24,In Progress,Budget Approval
PRJ-006409,AST-0001793,Laptop,EOL within 12 months,2026,2026-09-11,,1512.12,Planning,Security Exception
PRJ-006410,AST-0010539,Laptop,Past EOL,2027,2027-05-12,,1488.37,Not Started,Security Exception
PRJ-006411,AST-0022911,Router,EOL within 12 months,2027,2027-05-07,,12907.16,Planning,Budget Approval
PRJ-006412,AST-0000161,Laptop,EOL within 24 months,2027,2027-11-01,,1764.44,Planning,Vendor Lead Time
PRJ-006413,AST-0012419,Laptop,Past EOL,2027,2027-05-19,,2018.49,Planning,Vendor Lead Time
PRJ-006414,AST-0020435,Server,EOL within 24 months,2026,2026-10-19,,12895.11,Planning,Security Exception
PRJ-006415,AST-0002043,Laptop,EOL within 12 months,2027,2027-07-01,,1912.31,Not Started,None
PRJ-006416,AST-0004320,Laptop,Past EOL,2027,2027-09-29,2027-09-09,1775.77,Completed,Application Dependency
PRJ-006417,AST-0013838,Laptop,EOL within 12 months,2027,2027-10-01,,1499.37,Deferred,Application Dependency
PRJ-006418,AST-0002822,Laptop,EOL within 12 months,2028,2028-09-30,2028-10-01,1511.52,Completed,Security Exception
PRJ-006419,AST-0013512,Laptop,EOL within 24 months,2028,2028-02-28,,2134.24,Not Started,Branch Scheduling
PRJ-006420,AST-0011763,Laptop,Past EOL,2026,2026-10-27,,1903.06,Planning,Budget Approval
PRJ-006421,AST-0016481,Desktop,EOL within 24 months,2027,2027-12-05,,1182.94,Not Started,Branch Scheduling
PRJ-006422,AST-0016009,Desktop,EOL within 12 months,2028,2028-01-07,,1107.66,In Progress,Application Dependency
PRJ-006423,AST-0010146,Laptop,EOL within 24 months,2026,2026-12-04,,3282.26,In Progress,Change Freeze
PRJ-006424,AST-0009246,Laptop,EOL within 12 months,2028,2028-10-06,,1648.2,Not Started,Change Freeze
PRJ-006425,AST-0015209,Desktop,EOL within 12 months,2028,2028-10-02,,1349.9,Not Started,Branch Scheduling
PRJ-006426,AST-0003849,Laptop,EOL within 12 months,2026,2026-11-02,,1911.39,Not Started,Branch Scheduling
PRJ-006427,AST-0015760,Desktop,EOL within 24 months,2026,2026-06-02,,1284.97,In Progress,None
PRJ-006428,AST-0019766,VDI Endpoint,EOL within 12 months,2028,2028-12-20,,1415.1,In Progress,Security Exception
PRJ-006429,AST-0018925,VDI Endpoint,EOL within 24 months,2027,2027-02-22,2027-03-29,1066.25,Completed,Change Freeze
PRJ-006430,AST-0014312,Desktop,EOL within 12 months,2027,2027-09-22,,1330.08,Not Started,Vendor Lead Time
PRJ-006431,AST-0002342,Laptop,EOL within 24 months,2027,2027-12-17,,1855.98,Not Started,Application Dependency
PRJ-006432,AST-0012345,Laptop,EOL within 12 months,2028,2028-02-20,,1542.62,Not Started,Branch Scheduling
PRJ-006433,AST-0008750,Laptop,EOL within 12 months,2027,2027-09-20,2027-09-30,1472.86,Completed,Vendor Lead Time
PRJ-006434,AST-0022707,Core Switch,EOL within 24 months,2027,2027-08-09,2027-11-04,26459.94,Completed,Change Freeze
PRJ-006435,AST-0008129,Laptop,EOL within 24 months,2027,2027-07-11,,1960.27,Planning,Vendor Lead Time
PRJ-006436,AST-0002619,Laptop,EOL within 24 months,2026,2026-11-20,,3377.52,Not Started,Change Freeze
PRJ-006437,AST-0010238,Laptop,Past EOL,2027,2027-07-31,,1545.08,In Progress,Branch Scheduling
PRJ-006438,AST-0005676,Laptop,EOL within 24 months,2026,2026-07-30,2026-08-11,3025.45,Completed,Change Freeze
PRJ-006439,AST-0002152,Laptop,EOL within 12 months,2027,2027-12-17,,2077.67,In Progress,Application Dependency
PRJ-006440,AST-0001214,Laptop,EOL within 24 months,2028,2028-03-18,,2175.3,Planning,Branch Scheduling
PRJ-006441,AST-0004107,Laptop,Past EOL,2026,2026-07-18,,1915.4,Not Started,Change Freeze
PRJ-006442,AST-0014826,Desktop,EOL within 24 months,2026,2026-07-28,,1148.82,Not Started,Security Exception
PRJ-006443,AST-0003384,Laptop,EOL within 12 months,2027,2027-01-31,,2063.81,Not Started,Branch Scheduling
PRJ-006444,AST-0002441,Laptop,EOL within 12 months,2028,2028-12-08,,2008.07,Planning,Branch Scheduling
PRJ-006445,AST-0009611,Laptop,EOL within 24 months,2028,2028-07-14,2028-08-05,3775.72,Completed,Budget Approval
PRJ-006446,AST-0005871,Laptop,Past EOL,2026,2026-10-17,,1514.9,Not Started,Security Exception
PRJ-006447,AST-0017136,Desktop,EOL within 12 months,2026,2026-08-25,,1164.59,In Progress,Change Freeze
PRJ-006448,AST-0014422,Desktop,EOL within 12 months,2026,2026-10-22,,1259.22,In Progress,Change Freeze
PRJ-006449,AST-0003584,Laptop,EOL within 24 months,2027,2027-04-10,,3266.87,In Progress,Change Freeze
PRJ-006450,AST-0008203,Laptop,EOL within 24 months,2027,2027-10-06,2027-10-27,1735.48,Completed,Budget Approval
PRJ-006451,AST-0008347,Laptop,EOL within 12 months,2028,2028-02-10,,1864.97,Not Started,Branch Scheduling
PRJ-006452,AST-0022851,Router,EOL within 12 months,2028,2028-06-25,,8797.05,Blocked,Change Freeze
PRJ-006453,AST-0020840,Server,EOL within 24 months,2027,2027-07-27,,12433.36,Planning,Branch Scheduling
PRJ-006454,AST-0014670,Desktop,EOL within 24 months,2028,2028-06-12,,970.57,Not Started,Change Freeze
PRJ-006455,AST-0003045,Laptop,EOL within 12 months,2028,2028-10-27,,2001.5,Planning,Application Dependency
PRJ-006456,AST-0007942,Laptop,EOL within 24 months,2026,2026-07-27,,1934.71,Deferred,None
PRJ-006457,AST-0005988,Laptop,EOL within 12 months,2028,2028-05-22,,1856.46,Planning,None
PRJ-006458,AST-0006120,Laptop,EOL within 12 months,2027,2027-11-07,,1877.81,Not Started,Change Freeze
PRJ-006459,AST-0015310,Desktop,EOL within 12 months,2028,2028-01-25,2028-03-01,1118.04,Completed,Branch Scheduling
PRJ-006460,AST-0002310,Laptop,EOL within 12 months,2028,2028-06-16,,2120.96,Planning,Security Exception
PRJ-006461,AST-0001016,Laptop,EOL within 12 months,2026,2026-11-23,,1467.3,Not Started,None
PRJ-006462,AST-0001383,Laptop,EOL within 24 months,2027,2027-01-18,,2105.2,In Progress,Budget Approval
PRJ-006463,AST-0004386,Laptop,EOL within 24 months,2027,2027-01-30,,3235.53,Planning,Vendor Lead Time
PRJ-006464,AST-0006084,Laptop,Past EOL,2027,2027-06-01,,1606.88,Planning,Change Freeze
PRJ-006465,AST-0003745,Laptop,EOL within 24 months,2028,2028-02-07,,2073.56,In Progress,Budget Approval
PRJ-006466,AST-0008920,Laptop,EOL within 24 months,2027,2027-11-04,,3750.3,Planning,Change Freeze
PRJ-006467,AST-0018760,VDI Endpoint,EOL within 12 months,2027,2027-10-11,,1106.05,Not Started,Branch Scheduling
PRJ-006468,AST-0016822,Desktop,EOL within 12 months,2028,2028-07-07,,1054.81,Not Started,Change Freeze
PRJ-006469,AST-0019012,VDI Endpoint,EOL within 24 months,2026,2026-07-23,,844.61,Not Started,Security Exception
PRJ-006470,AST-0004131,Laptop,EOL within 24 months,2028,2028-08-12,,2629.74,In Progress,Application Dependency
PRJ-006471,AST-0010147,Laptop,Past EOL,2026,2026-06-13,,1467.79,Not Started,Security Exception
PRJ-006472,AST-0015109,Desktop,EOL within 24 months,2027,2027-05-14,,1253.07,Blocked,Application Dependency
PRJ-006473,AST-0005761,Laptop,EOL within 12 months,2027,2027-11-17,,1495.15,Deferred,Vendor Lead Time
PRJ-006474,AST-0007235,Laptop,Past EOL,2027,2027-06-02,,1781.62,In Progress,Budget Approval
PRJ-006475,AST-0016630,Desktop,EOL within 12 months,2027,2027-05-18,,1081.16,Not Started,Application Dependency
PRJ-006476,AST-0010881,Laptop,EOL within 24 months,2027,2027-07-26,,1530.45,Deferred,Branch Scheduling
PRJ-006477,AST-0020861,Server,EOL within 24 months,2028,2028-08-07,,14549.1,Planning,Branch Scheduling
PRJ-006478,AST-0001176,Laptop,EOL within 24 months,2026,2026-07-15,,1826.57,Not Started,None
PRJ-006479,AST-0015828,Desktop,EOL within 24 months,2026,2026-08-05,,1039.82,Blocked,Security Exception
PRJ-006480,AST-0011049,Laptop,Past EOL,2027,2027-02-26,,1774.5,Not Started,None
PRJ-006481,AST-0007912,Laptop,Past EOL,2028,2028-08-01,,1906.75,Planning,Security Exception
PRJ-006482,AST-0007611,Laptop,EOL within 12 months,2028,2028-06-24,,1912.89,In Progress,Budget Approval
PRJ-006483,AST-0009532,Laptop,EOL within 24 months,2026,2026-07-29,,3108.69,In Progress,Security Exception
PRJ-006484,AST-0021768,Access Switch,EOL within 24 months,2028,2028-08-12,2028-09-26,6365.86,Completed,Security Exception
PRJ-006485,AST-0017447,Desktop,EOL within 24 months,2028,2028-10-04,2028-12-29,862.18,Completed,Application Dependency
PRJ-006486,AST-0007562,Laptop,EOL within 12 months,2027,2027-03-29,,1501.55,In Progress,Security Exception
PRJ-006487,AST-0004129,Laptop,EOL within 24 months,2028,2028-07-13,,2198.53,Not Started,None
PRJ-006488,AST-0013611,Laptop,EOL within 12 months,2027,2027-07-07,,2212.79,Not Started,None
PRJ-006489,AST-0015963,Desktop,EOL within 24 months,2026,2026-08-26,,971.84,Planning,Budget Approval
PRJ-006490,AST-0022770,Core Switch,EOL within 24 months,2028,2028-02-16,,28334.1,Not Started,Change Freeze
PRJ-006491,AST-0010610,Laptop,EOL within 24 months,2026,2026-10-21,,2139.61,Not Started,Security Exception
PRJ-006492,AST-0013627,Laptop,Past EOL,2028,2028-01-18,,1943.64,Planning,Budget Approval
PRJ-006493,AST-0017925,Desktop,EOL within 24 months,2028,2028-08-27,,909.21,In Progress,None
PRJ-006494,AST-0013044,Laptop,Past EOL,2026,2026-10-26,,1798.97,Not Started,None
PRJ-006495,AST-0010280,Laptop,EOL within 24 months,2027,2027-09-05,,1868.47,Deferred,Change Freeze
PRJ-006496,AST-0011071,Laptop,EOL within 12 months,2027,2027-07-08,,1891.31,Not Started,Branch Scheduling
PRJ-006497,AST-0007299,Laptop,Past EOL,2027,2027-08-08,,1905.69,In Progress,Security Exception
PRJ-006498,AST-0004702,Laptop,EOL within 12 months,2028,2028-10-15,,2206.71,In Progress,None
PRJ-006499,AST-0001119,Laptop,EOL within 24 months,2028,2028-11-28,2028-11-25,1693.72,Completed,Security Exception
PRJ-006500,AST-0007940,Laptop,EOL within 12 months,2027,2027-04-13,,1810.11,In Progress,Security Exception
PRJ-006501,AST-0004122,Laptop,EOL within 12 months,2027,2027-10-23,,2114.6,Not Started,None
PRJ-006502,AST-0015996,Desktop,EOL within 12 months,2028,2028-07-14,,1327.19,In Progress,None
PRJ-006503,AST-0013072,Laptop,Past EOL,2026,2026-09-23,,1725.45,In Progress,Vendor Lead Time
PRJ-006504,AST-0016048,Desktop,EOL within 24 months,2027,2027-02-16,,1333.7,Planning,None
PRJ-006505,AST-0007640,Laptop,EOL within 12 months,2027,2027-08-07,,1855.71,Not Started,Application Dependency
PRJ-006506,AST-0015002,Desktop,EOL within 24 months,2027,2027-01-05,2027-01-09,1053.3,Completed,Vendor Lead Time
PRJ-006507,AST-0019923,VDI Endpoint,EOL within 12 months,2027,2027-09-26,,1114.71,Not Started,Security Exception
PRJ-006508,AST-0009251,Laptop,Past EOL,2027,2027-04-24,2027-05-06,1530.89,Completed,Branch Scheduling
PRJ-006509,AST-0004444,Laptop,EOL within 24 months,2027,2027-06-18,,1915.01,Not Started,Change Freeze
PRJ-006510,AST-0000237,Laptop,EOL within 12 months,2028,2028-07-16,,1957.61,Deferred,Budget Approval
PRJ-006511,AST-0007363,Laptop,EOL within 12 months,2027,2027-06-03,,1662.31,Planning,Branch Scheduling
PRJ-006512,AST-0023746,Wireless Access Point,EOL within 24 months,2028,2028-10-09,,1059.09,Not Started,Branch Scheduling
PRJ-006513,AST-0005863,Laptop,Past EOL,2026,2026-08-05,,1379.88,In Progress,Application Dependency
PRJ-006514,AST-0016682,Desktop,EOL within 12 months,2026,2026-10-10,,1073.41,In Progress,Change Freeze
PRJ-006515,AST-0012059,Laptop,Past EOL,2028,2028-12-05,,1445.39,Not Started,Security Exception
PRJ-006516,AST-0019822,VDI Endpoint,EOL within 24 months,2028,2028-03-10,,945.02,Planning,Vendor Lead Time
PRJ-006517,AST-0015160,Desktop,EOL within 12 months,2028,2028-11-21,2029-02-07,946.64,Completed,Branch Scheduling
PRJ-006518,AST-0006607,Laptop,EOL within 12 months,2026,2026-07-20,,1922.32,Not Started,Budget Approval
PRJ-006519,AST-0005256,Laptop,EOL within 24 months,2028,2028-08-01,2028-08-29,3167.86,Completed,Vendor Lead Time
PRJ-006520,AST-0003402,Laptop,EOL within 24 months,2027,2027-06-21,2027-08-25,2824.38,Completed,Change Freeze
PRJ-006521,AST-0000491,Laptop,EOL within 24 months,2028,2028-10-15,,1871.35,Not Started,Application Dependency
PRJ-006522,AST-0001135,Laptop,EOL within 12 months,2028,2028-02-16,,1607.73,In Progress,Change Freeze
PRJ-006523,AST-0016454,Desktop,EOL within 12 months,2027,2027-09-29,,1009.56,Planning,Vendor Lead Time
PRJ-006524,AST-0007846,Laptop,Past EOL,2026,2026-08-04,2026-07-25,1359.57,Completed,Budget Approval
PRJ-006525,AST-0022812,Router,EOL within 12 months,2027,2027-07-08,2027-09-15,8610.51,Completed,Change Freeze
PRJ-006526,AST-0012485,Laptop,EOL within 12 months,2027,2027-01-20,,2064.09,Planning,Application Dependency
PRJ-006527,AST-0017243,Desktop,EOL within 24 months,2027,2027-07-08,,1204.16,Blocked,Change Freeze
PRJ-006528,AST-0007307,Laptop,Past EOL,2028,2028-07-14,,2000.45,Planning,Security Exception
PRJ-006529,AST-0011973,Laptop,EOL within 24 months,2027,2027-04-01,,2102.89,Not Started,Change Freeze
PRJ-006530,AST-0014003,Desktop,EOL within 24 months,2028,2028-04-24,,1228.18,In Progress,Budget Approval
PRJ-006531,AST-0000909,Laptop,Past EOL,2028,2028-09-21,2028-10-30,1918.59,Completed,None
PRJ-006532,AST-0008235,Laptop,EOL within 24 months,2027,2027-04-09,,3771.99,Planning,Vendor Lead Time
PRJ-006533,AST-0003591,Laptop,Past EOL,2028,2028-01-16,,1955.05,In Progress,Budget Approval
PRJ-006534,AST-0002221,Laptop,Past EOL,2026,2026-10-26,2026-10-20,1740.68,Completed,Budget Approval
PRJ-006535,AST-0018032,Desktop,EOL within 12 months,2026,2026-10-24,,1249.63,Not Started,None
PRJ-006536,AST-0000713,Laptop,EOL within 12 months,2027,2027-05-16,,2180.73,Planning,Application Dependency
PRJ-006537,AST-0008033,Laptop,EOL within 24 months,2027,2027-09-09,,2011.71,In Progress,Security Exception
PRJ-006538,AST-0019753,VDI Endpoint,EOL within 12 months,2027,2027-04-16,,1214.52,Planning,Vendor Lead Time
PRJ-006539,AST-0019518,VDI Endpoint,EOL within 24 months,2027,2027-07-03,,1041.28,Planning,Security Exception
PRJ-006540,AST-0023854,Wireless Access Point,EOL within 12 months,2027,2027-07-23,,847.84,Not Started,Security Exception
PRJ-006541,AST-0011258,Laptop,EOL within 24 months,2027,2027-02-27,,1774.65,In Progress,Vendor Lead Time
PRJ-006542,AST-0002336,Laptop,EOL within 12 months,2028,2028-09-23,,1461.35,Not Started,Change Freeze
PRJ-006543,AST-0002163,Laptop,Past EOL,2027,2027-04-14,,1366.33,In Progress,Application Dependency
PRJ-006544,AST-0007097,Laptop,Past EOL,2026,2026-09-20,,1935.68,Planning,None
PRJ-006545,AST-0007636,Laptop,EOL within 24 months,2027,2027-11-12,,2876.4,Planning,Security Exception
PRJ-006546,AST-0010646,Laptop,Past EOL,2028,2028-07-05,,1721.06,Planning,None
PRJ-006547,AST-0015656,Desktop,EOL within 12 months,2028,2028-01-05,,1391.38,Planning,Vendor Lead Time
PRJ-006548,AST-0010002,Laptop,EOL within 12 months,2028,2028-02-28,,1777.76,In Progress,Vendor Lead Time
PRJ-006549,AST-0016777,Desktop,EOL within 12 months,2026,2026-11-13,,1066.26,In Progress,Vendor Lead Time
PRJ-006550,AST-0012154,Laptop,EOL within 24 months,2028,2028-10-26,,2862.01,In Progress,Change Freeze
PRJ-006551,AST-0016647,Desktop,EOL within 24 months,2026,2026-08-17,,1182.5,Not Started,Branch Scheduling
PRJ-006552,AST-0000774,Laptop,EOL within 12 months,2026,2026-08-12,2026-08-23,1851.42,Completed,Budget Approval
PRJ-006553,AST-0013369,Laptop,EOL within 12 months,2027,2027-03-29,,1813.24,In Progress,Application Dependency
PRJ-006554,AST-0005461,Laptop,EOL within 12 months,2027,2027-10-17,,1526.08,Deferred,Budget Approval
PRJ-006555,AST-0007915,Laptop,Past EOL,2028,2028-05-04,,1904.14,Deferred,Security Exception
PRJ-006556,AST-0006963,Laptop,Past EOL,2028,2028-01-12,2027-12-14,1488.08,Completed,None
PRJ-006557,AST-0003964,Laptop,EOL within 12 months,2026,2026-07-16,,1495.51,Planning,Vendor Lead Time
PRJ-006558,AST-0014451,Desktop,EOL within 12 months,2027,2027-05-04,,1357.12,Not Started,Budget Approval
PRJ-006559,AST-0005076,Laptop,EOL within 12 months,2027,2027-03-26,,1857.3,In Progress,Branch Scheduling
PRJ-006560,AST-0011379,Laptop,Past EOL,2026,2026-12-12,,1429.3,Planning,Vendor Lead Time
PRJ-006561,AST-0008741,Laptop,Past EOL,2026,2026-09-13,,1624.88,Deferred,Security Exception
PRJ-006562,AST-0012278,Laptop,EOL within 12 months,2028,2028-01-31,,1913.2,Planning,Security Exception
PRJ-006563,AST-0010282,Laptop,Past EOL,2027,2027-10-12,,1545.27,Planning,None
PRJ-006564,AST-0018213,Desktop,EOL within 24 months,2027,2027-01-09,,879.77,Planning,Branch Scheduling
PRJ-006565,AST-0023354,Wireless Access Point,EOL within 12 months,2026,2026-10-28,2026-11-13,1047.86,Completed,None
PRJ-006566,AST-0012566,Laptop,EOL within 12 months,2026,2026-11-19,,1943.29,In Progress,Security Exception
PRJ-006567,AST-0007801,Laptop,Past EOL,2028,2028-01-30,,1793.99,Not Started,Vendor Lead Time
PRJ-006568,AST-0018435,Desktop,EOL within 24 months,2027,2027-10-12,,1253.79,Deferred,Budget Approval
PRJ-006569,AST-0022293,Access Switch,EOL within 24 months,2028,2028-01-12,,5184.55,Deferred,Branch Scheduling
PRJ-006570,AST-0006554,Laptop,EOL within 12 months,2027,2027-11-01,,1875.24,Planning,None
PRJ-006571,AST-0015473,Desktop,EOL within 12 months,2028,2028-02-16,,1226.79,Not Started,Security Exception
PRJ-006572,AST-0007895,Laptop,Past EOL,2028,2028-04-12,,1724.41,In Progress,Branch Scheduling
PRJ-006573,AST-0002535,Laptop,EOL within 24 months,2027,2027-07-01,,3708.42,Not Started,Branch Scheduling
PRJ-006574,AST-0005410,Laptop,Past EOL,2027,2027-06-29,2027-07-17,1916.19,Completed,Change Freeze
PRJ-006575,AST-0023411,Wireless Access Point,EOL within 12 months,2028,2028-04-10,,1017.67,Blocked,Application Dependency
PRJ-006576,AST-0004700,Laptop,EOL within 24 months,2026,2026-12-21,2027-03-09,1755.1,Completed,Branch Scheduling
PRJ-006577,AST-0006706,Laptop,Past EOL,2027,2027-10-14,,1764.17,In Progress,Branch Scheduling
PRJ-006578,AST-0000019,Laptop,EOL within 12 months,2028,2028-11-01,,1899.52,In Progress,Budget Approval
PRJ-006579,AST-0001232,Laptop,EOL within 12 months,2026,2026-12-09,,2005.69,Planning,Change Freeze
PRJ-006580,AST-0000131,Laptop,EOL within 24 months,2027,2027-11-05,,1772.72,Deferred,Budget Approval
PRJ-006581,AST-0008358,Laptop,EOL within 24 months,2028,2028-03-04,2028-05-13,3460.86,Completed,Application Dependency
PRJ-006582,AST-0006795,Laptop,EOL within 12 months,2028,2028-03-18,,1552.49,Planning,Change Freeze
PRJ-006583,AST-0004201,Laptop,EOL within 24 months,2028,2028-06-12,,2296.76,Planning,Branch Scheduling
PRJ-006584,AST-0002083,Laptop,Past EOL,2026,2026-10-18,2026-11-19,1496.19,Completed,Security Exception
PRJ-006585,AST-0003536,Laptop,EOL within 24 months,2029,2029-01-03,,1706.57,Planning,Application Dependency
PRJ-006586,AST-0006629,Laptop,EOL within 12 months,2028,2028-05-12,,1615.24,Not Started,Application Dependency
PRJ-006587,AST-0008996,Laptop,Past EOL,2027,2027-10-24,,1417.09,Planning,Change Freeze
PRJ-006588,AST-0018772,VDI Endpoint,EOL within 24 months,2026,2026-07-22,,1022.73,Blocked,Vendor Lead Time
PRJ-006589,AST-0002413,Laptop,EOL within 24 months,2027,2027-12-31,,2572.11,Deferred,Branch Scheduling
PRJ-006590,AST-0018865,VDI Endpoint,EOL within 24 months,2027,2027-04-03,,1092.88,Not Started,Vendor Lead Time
PRJ-006591,AST-0023028,Router,EOL within 12 months,2027,2027-04-17,,8011.94,Planning,Change Freeze
PRJ-006592,AST-0005129,Laptop,Past EOL,2028,2028-09-11,2028-09-22,1684.78,Completed,Application Dependency
PRJ-006593,AST-0009677,Laptop,EOL within 12 months,2027,2027-01-18,2026-12-23,2053.41,Completed,Change Freeze
PRJ-006594,AST-0005228,Laptop,Past EOL,2027,2027-02-10,,1747.14,Deferred,Security Exception
PRJ-006595,AST-0020079,Server,EOL within 24 months,2027,2027-08-10,2027-07-26,11975.48,Completed,Application Dependency
PRJ-006596,AST-0005045,Laptop,Past EOL,2027,2027-05-25,,1610.52,Deferred,Budget Approval
PRJ-006597,AST-0011129,Laptop,Past EOL,2026,2026-12-05,2027-01-03,1402.57,Completed,None
PRJ-006598,AST-0017852,Desktop,EOL within 12 months,2026,2026-07-12,2026-10-05,1325.06,Completed,Application Dependency
PRJ-006599,AST-0001597,Laptop,EOL within 12 months,2028,2028-10-05,,1545.4,Blocked,None
PRJ-006600,AST-0002737,Laptop,EOL within 12 months,2028,2028-05-24,,1630.9,Planning,Change Freeze
PRJ-006601,AST-0014267,Desktop,EOL within 12 months,2026,2026-12-24,2027-01-23,1268.24,Completed,Security Exception
PRJ-006602,AST-0004831,Laptop,EOL within 24 months,2028,2028-01-29,2028-04-08,2984.25,Completed,None
PRJ-006603,AST-0003539,Laptop,EOL within 24 months,2028,2028-01-19,,2635.08,Deferred,Branch Scheduling
PRJ-006604,AST-0014977,Desktop,EOL within 12 months,2029,2029-01-06,,1158.03,Planning,Application Dependency
PRJ-006605,AST-0018045,Desktop,EOL within 12 months,2028,2028-09-21,,955.43,Not Started,None
PRJ-006606,AST-0014922,Desktop,EOL within 12 months,2028,2028-04-20,,1370.92,Not Started,None
PRJ-006607,AST-0023457,Wireless Access Point,EOL within 12 months,2028,2028-02-08,2028-01-31,1004.63,Completed,None
PRJ-006608,AST-0017283,Desktop,EOL within 12 months,2026,2026-10-14,,1101.71,Planning,Branch Scheduling
PRJ-006609,AST-0003096,Laptop,EOL within 12 months,2027,2027-09-07,2027-09-12,1867.87,Completed,Vendor Lead Time
PRJ-006610,AST-0014719,Desktop,EOL within 24 months,2028,2028-01-29,,1189.51,In Progress,Vendor Lead Time
PRJ-006611,AST-0009969,Laptop,EOL within 12 months,2028,2028-08-21,,1692.95,Planning,Branch Scheduling
PRJ-006612,AST-0004480,Laptop,EOL within 12 months,2026,2026-10-10,2026-12-22,1708.99,Completed,Branch Scheduling
PRJ-006613,AST-0011523,Laptop,EOL within 12 months,2026,2026-10-28,,1506.22,Deferred,Change Freeze
PRJ-006614,AST-0001573,Laptop,Past EOL,2027,2027-07-15,,1845.16,Planning,Change Freeze
PRJ-006615,AST-0018139,Desktop,EOL within 24 months,2028,2028-05-06,,1103.38,Planning,Change Freeze
PRJ-006616,AST-0006078,Laptop,EOL within 12 months,2028,2028-04-23,,1757.99,Not Started,Budget Approval
PRJ-006617,AST-0001047,Laptop,EOL within 24 months,2027,2027-06-29,,2926.2,Not Started,Budget Approval
PRJ-006618,AST-0002811,Laptop,Past EOL,2027,2027-04-21,,1539.53,Planning,Application Dependency
PRJ-006619,AST-0008775,Laptop,EOL within 12 months,2027,2027-05-07,2027-07-14,1638.78,Completed,Budget Approval
PRJ-006620,AST-0000735,Laptop,EOL within 24 months,2026,2026-11-24,2027-01-30,1963.69,Completed,Change Freeze
PRJ-006621,AST-0012421,Laptop,Past EOL,2027,2027-09-26,,1367.88,Not Started,Branch Scheduling
PRJ-006622,AST-0011657,Laptop,Past EOL,2026,2026-09-06,2026-10-06,1883.76,Completed,Budget Approval
PRJ-006623,AST-0020375,Server,EOL within 24 months,2027,2027-07-02,,14003.74,Planning,Budget Approval
PRJ-006624,AST-0023617,Wireless Access Point,EOL within 24 months,2028,2028-05-02,,1103.13,Blocked,Vendor Lead Time
PRJ-006625,AST-0016130,Desktop,EOL within 12 months,2028,2028-03-29,2028-04-26,1207.17,Completed,Application Dependency
PRJ-006626,AST-0013316,Laptop,EOL within 24 months,2027,2027-07-17,,2956.1,Deferred,Vendor Lead Time
PRJ-006627,AST-0018274,Desktop,EOL within 24 months,2029,2029-01-05,,1144.74,Planning,Change Freeze
PRJ-006628,AST-0012318,Laptop,Past EOL,2028,2028-04-15,,1828.63,Planning,None
PRJ-006629,AST-0012125,Laptop,EOL within 24 months,2028,2028-12-11,,1597.25,In Progress,Application Dependency
PRJ-006630,AST-0000473,Laptop,EOL within 12 months,2027,2027-12-20,,1535.11,Planning,Application Dependency
PRJ-006631,AST-0019119,VDI Endpoint,EOL within 12 months,2026,2026-09-26,2026-10-27,1243.39,Completed,None
PRJ-006632,AST-0017853,Desktop,EOL within 24 months,2027,2027-07-06,,1344.63,In Progress,Branch Scheduling
PRJ-006633,AST-0006619,Laptop,EOL within 12 months,2026,2026-06-23,,1889.13,Not Started,None
PRJ-006634,AST-0015126,Desktop,EOL within 12 months,2028,2028-10-12,,1098.85,Planning,Branch Scheduling
PRJ-006635,AST-0010451,Laptop,Past EOL,2028,2028-06-30,,1887.97,Deferred,Security Exception
PRJ-006636,AST-0002040,Laptop,EOL within 24 months,2027,2027-10-28,2027-10-28,3606.64,Completed,Application Dependency
PRJ-006637,AST-0013842,Laptop,Past EOL,2028,2028-08-21,,1923.55,In Progress,Vendor Lead Time
PRJ-006638,AST-0003498,Laptop,EOL within 12 months,2028,2028-01-19,,2116.24,Planning,Security Exception
PRJ-006639,AST-0001468,Laptop,EOL within 24 months,2027,2027-08-15,,2815.82,Planning,Vendor Lead Time
PRJ-006640,AST-0007143,Laptop,Past EOL,2026,2026-12-26,,1840.57,Not Started,Budget Approval
PRJ-006641,AST-0016964,Desktop,EOL within 12 months,2026,2026-08-06,,1271.07,Planning,Change Freeze
PRJ-006642,AST-0010992,Laptop,EOL within 24 months,2027,2027-01-21,,2094.49,Not Started,Budget Approval
PRJ-006643,AST-0012905,Laptop,EOL within 24 months,2028,2028-03-12,,2402.23,Not Started,Vendor Lead Time
PRJ-006644,AST-0014461,Desktop,EOL within 12 months,2026,2026-10-23,,976.16,Not Started,Security Exception
PRJ-006645,AST-0010508,Laptop,EOL within 12 months,2028,2028-03-29,,1633.39,In Progress,Branch Scheduling
PRJ-006646,AST-0016846,Desktop,EOL within 24 months,2026,2026-06-17,,1263.65,Planning,Branch Scheduling
PRJ-006647,AST-0000951,Laptop,EOL within 24 months,2028,2028-11-04,,1515.82,Not Started,Application Dependency
PRJ-006648,AST-0002067,Laptop,Past EOL,2028,2028-11-24,,1985.78,Planning,Vendor Lead Time
PRJ-006649,AST-0018398,Desktop,EOL within 24 months,2026,2026-07-03,,905.41,Planning,Branch Scheduling
PRJ-006650,AST-0006634,Laptop,EOL within 24 months,2028,2028-07-21,,3789.46,Not Started,Branch Scheduling
PRJ-006651,AST-0020484,Server,EOL within 24 months,2027,2027-06-30,,11049.57,Not Started,Security Exception
PRJ-006652,AST-0000938,Laptop,Past EOL,2026,2026-10-05,2026-12-22,1412.75,Completed,None
PRJ-006653,AST-0008681,Laptop,EOL within 12 months,2026,2026-10-16,,1783.29,Deferred,None
PRJ-006654,AST-0001789,Laptop,EOL within 12 months,2026,2026-12-15,2027-03-05,1553.05,Completed,Security Exception
PRJ-006655,AST-0001626,Laptop,EOL within 24 months,2026,2026-06-23,,2430.05,Not Started,Change Freeze
PRJ-006656,AST-0001104,Laptop,EOL within 12 months,2027,2027-08-27,,1848.23,Not Started,Budget Approval
PRJ-006657,AST-0001568,Laptop,EOL within 12 months,2027,2027-01-08,,1917.56,Deferred,Change Freeze
PRJ-006658,AST-0009405,Laptop,EOL within 12 months,2026,2026-10-14,,2016.58,Planning,Vendor Lead Time
PRJ-006659,AST-0001051,Laptop,EOL within 24 months,2028,2028-08-16,,1901.49,In Progress,None
PRJ-006660,AST-0010903,Laptop,EOL within 24 months,2026,2026-06-13,2026-07-19,1803.53,Completed,None
PRJ-006661,AST-0013705,Laptop,Past EOL,2026,2026-07-06,,1849.76,In Progress,Security Exception
PRJ-006662,AST-0011487,Laptop,EOL within 24 months,2027,2027-01-09,,3459.05,Blocked,Application Dependency
PRJ-006663,AST-0014769,Desktop,EOL within 12 months,2027,2027-08-05,,1060.5,Planning,Change Freeze
PRJ-006664,AST-0017777,Desktop,EOL within 12 months,2028,2028-03-03,,1237.24,Planning,Branch Scheduling
PRJ-006665,AST-0018769,VDI Endpoint,EOL within 12 months,2027,2027-04-08,,1355.46,Not Started,Change Freeze
PRJ-006666,AST-0011359,Laptop,Past EOL,2028,2028-01-31,,1707.42,In Progress,Security Exception
PRJ-006667,AST-0003552,Laptop,EOL within 12 months,2026,2026-12-09,,1477.88,In Progress,Security Exception
PRJ-006668,AST-0013749,Laptop,EOL within 24 months,2028,2028-03-27,,3803.82,Not Started,Security Exception
PRJ-006669,AST-0013812,Laptop,Past EOL,2028,2028-08-11,,1967.25,In Progress,Application Dependency
PRJ-006670,AST-0011232,Laptop,EOL within 24 months,2027,2027-06-05,2027-05-08,3396.32,Completed,Vendor Lead Time
PRJ-006671,AST-0012706,Laptop,EOL within 24 months,2027,2027-10-08,,3642.07,In Progress,Security Exception
PRJ-006672,AST-0006089,Laptop,Past EOL,2026,2026-11-29,,1899.67,Not Started,Security Exception
PRJ-006673,AST-0022378,Access Switch,EOL within 24 months,2027,2027-11-05,,9617.74,Not Started,Vendor Lead Time
PRJ-006674,AST-0013231,Laptop,Past EOL,2027,2027-07-23,,1578.2,Not Started,Branch Scheduling
PRJ-006675,AST-0002451,Laptop,Past EOL,2028,2028-06-12,2028-09-08,1754.94,Completed,Security Exception
PRJ-006676,AST-0015428,Desktop,EOL within 12 months,2026,2026-08-15,,1237.81,Planning,Security Exception
PRJ-006677,AST-0002677,Laptop,EOL within 12 months,2028,2028-03-29,,1871.52,Planning,Vendor Lead Time
PRJ-006678,AST-0002784,Laptop,EOL within 12 months,2026,2026-07-06,,1938.91,Planning,Application Dependency
PRJ-006679,AST-0011113,Laptop,EOL within 12 months,2026,2026-07-01,,1619.79,In Progress,Branch Scheduling
PRJ-006680,AST-0021284,Server,EOL within 24 months,2028,2028-02-16,,11713.32,Not Started,Application Dependency
PRJ-006681,AST-0012790,Laptop,EOL within 12 months,2027,2027-06-01,,1550.71,In Progress,Application Dependency
PRJ-006682,AST-0012141,Laptop,EOL within 12 months,2028,2028-06-01,,1933.39,Planning,Security Exception
PRJ-006683,AST-0009671,Laptop,Past EOL,2028,2028-02-03,,1502.52,Deferred,Branch Scheduling
PRJ-006684,AST-0003405,Laptop,EOL within 24 months,2028,2028-11-07,,2952.36,Planning,Change Freeze
PRJ-006685,AST-0009243,Laptop,EOL within 12 months,2027,2027-10-01,,1561.5,Not Started,None
PRJ-006686,AST-0016175,Desktop,EOL within 24 months,2027,2027-08-21,,1077.89,Planning,Security Exception
PRJ-006687,AST-0014388,Desktop,EOL within 24 months,2028,2028-09-25,,1216.15,In Progress,Budget Approval
PRJ-006688,AST-0016704,Desktop,EOL within 12 months,2028,2028-11-18,,1221.56,Not Started,Security Exception
PRJ-006689,AST-0010419,Laptop,Past EOL,2028,2028-08-09,2028-08-11,1976.02,Completed,Application Dependency
PRJ-006690,AST-0021902,Access Switch,EOL within 24 months,2026,2026-12-27,,8413.16,Not Started,Budget Approval
PRJ-006691,AST-0004895,Laptop,EOL within 12 months,2027,2027-11-14,,1984.46,In Progress,Budget Approval
PRJ-006692,AST-0018662,VDI Endpoint,EOL within 12 months,2028,2028-11-09,,1155.0,Not Started,Change Freeze
PRJ-006693,AST-0019181,VDI Endpoint,EOL within 24 months,2027,2027-03-22,2027-06-13,1097.11,Completed,Branch Scheduling
PRJ-006694,AST-0005900,Laptop,EOL within 12 months,2028,2028-09-20,,2170.54,In Progress,Budget Approval
PRJ-006695,AST-0016711,Desktop,EOL within 12 months,2026,2026-10-01,,1394.96,In Progress,Change Freeze
PRJ-006696,AST-0014756,Desktop,EOL within 24 months,2026,2026-12-23,2026-11-27,913.37,Completed,Budget Approval
PRJ-006697,AST-0023150,Firewall,EOL within 12 months,2027,2027-04-21,,26134.46,In Progress,Security Exception
PRJ-006698,AST-0002573,Laptop,Past EOL,2026,2026-10-17,,1494.14,Planning,Vendor Lead Time
PRJ-006699,AST-0007279,Laptop,EOL within 24 months,2027,2027-01-31,,1853.47,In Progress,Security Exception
PRJ-006700,AST-0019647,VDI Endpoint,EOL within 12 months,2029,2029-01-06,2029-03-15,1167.55,Completed,Security Exception
PRJ-006701,AST-0016933,Desktop,EOL within 24 months,2026,2026-11-06,,1274.85,Deferred,Branch Scheduling
PRJ-006702,AST-0012880,Laptop,EOL within 12 months,2028,2028-07-03,,2015.51,Planning,Security Exception
PRJ-006703,AST-0002797,Laptop,EOL within 12 months,2026,2026-11-11,,1712.14,Blocked,Budget Approval
PRJ-006704,AST-0008249,Laptop,Past EOL,2028,2028-06-30,,2002.44,In Progress,Budget Approval
PRJ-006705,AST-0002086,Laptop,EOL within 12 months,2027,2027-01-09,2027-02-11,1485.87,Completed,Change Freeze
PRJ-006706,AST-0010203,Laptop,EOL within 24 months,2026,2026-12-28,,1539.55,Deferred,Branch Scheduling
PRJ-006707,AST-0010421,Laptop,EOL within 12 months,2027,2027-08-11,,2137.14,Deferred,Branch Scheduling
PRJ-006708,AST-0023860,Wireless Access Point,EOL within 24 months,2027,2027-07-22,2027-10-02,1220.1,Completed,Security Exception
PRJ-006709,AST-0009413,Laptop,Past EOL,2027,2027-06-15,,1954.49,Deferred,Branch Scheduling
PRJ-006710,AST-0004332,Laptop,EOL within 12 months,2026,2026-06-28,,2180.94,Deferred,Budget Approval
PRJ-006711,AST-0003299,Laptop,EOL within 12 months,2027,2027-09-28,,1539.91,Blocked,Application Dependency
PRJ-006712,AST-0000791,Laptop,Past EOL,2026,2026-12-29,,1938.14,Planning,Branch Scheduling
PRJ-006713,AST-0008367,Laptop,Past EOL,2027,2027-01-28,,1606.29,Planning,Budget Approval
PRJ-006714,AST-0013536,Laptop,Past EOL,2027,2027-09-08,,2024.32,Planning,Application Dependency
PRJ-006715,AST-0019346,VDI Endpoint,EOL within 12 months,2027,2027-05-25,,1113.63,Not Started,Branch Scheduling
PRJ-006716,AST-0011546,Laptop,Past EOL,2027,2027-10-07,,1442.1,Not Started,Vendor Lead Time
PRJ-006717,AST-0012989,Laptop,Past EOL,2028,2028-10-29,,1506.38,Deferred,None
PRJ-006718,AST-0008437,Laptop,EOL within 24 months,2028,2028-08-24,,2719.89,Planning,Vendor Lead Time
PRJ-006719,AST-0007285,Laptop,Past EOL,2027,2027-08-04,,1888.31,Deferred,Branch Scheduling
PRJ-006720,AST-0017379,Desktop,EOL within 24 months,2028,2028-04-21,,1091.97,Not Started,Change Freeze
PRJ-006721,AST-0003099,Laptop,EOL within 12 months,2027,2027-07-29,,1888.07,Planning,Change Freeze
PRJ-006722,AST-0018483,Desktop,EOL within 12 months,2028,2028-05-26,,1226.2,Not Started,Application Dependency
PRJ-006723,AST-0016359,Desktop,EOL within 12 months,2026,2026-11-20,,1105.26,Deferred,Security Exception
PRJ-006724,AST-0003586,Laptop,Past EOL,2027,2027-08-20,,1857.05,Blocked,Branch Scheduling
PRJ-006725,AST-0021289,Server,EOL within 24 months,2028,2028-04-18,2028-03-19,14765.77,Completed,Change Freeze
PRJ-006726,AST-0014399,Desktop,EOL within 24 months,2028,2028-07-16,,1276.79,Deferred,Application Dependency
PRJ-006727,AST-0023841,Wireless Access Point,EOL within 24 months,2028,2028-04-16,,1487.29,Planning,Vendor Lead Time
PRJ-006728,AST-0020476,Server,EOL within 24 months,2028,2028-05-26,2028-05-25,12411.56,Completed,Change Freeze
PRJ-006729,AST-0000789,Laptop,Past EOL,2026,2026-07-24,,1700.68,In Progress,Vendor Lead Time
PRJ-006730,AST-0006685,Laptop,Past EOL,2028,2028-10-05,,1387.29,Not Started,Branch Scheduling
PRJ-006731,AST-0018732,VDI Endpoint,EOL within 24 months,2028,2028-03-13,,1193.52,Planning,Vendor Lead Time
PRJ-006732,AST-0001997,Laptop,EOL within 12 months,2028,2028-07-17,,1840.77,In Progress,Change Freeze
PRJ-006733,AST-0000790,Laptop,EOL within 24 months,2026,2026-11-13,,1750.11,Planning,Vendor Lead Time
PRJ-006734,AST-0023216,Wireless Access Point,EOL within 24 months,2027,2027-05-25,,1007.3,Deferred,Branch Scheduling
PRJ-006735,AST-0005659,Laptop,EOL within 24 months,2028,2028-06-27,,1731.2,Not Started,Budget Approval
PRJ-006736,AST-0014232,Desktop,EOL within 12 months,2027,2027-11-07,2028-01-23,1326.15,Completed,Budget Approval
PRJ-006737,AST-0017068,Desktop,EOL within 24 months,2026,2026-10-05,,991.61,Planning,None
PRJ-006738,AST-0010017,Laptop,EOL within 12 months,2026,2026-12-06,,2127.29,Not Started,Security Exception
PRJ-006739,AST-0020806,Server,EOL within 24 months,2026,2026-12-18,2026-11-20,13988.15,Completed,Budget Approval
PRJ-006740,AST-0009095,Laptop,Past EOL,2027,2027-03-03,2027-04-20,1530.54,Completed,Branch Scheduling
PRJ-006741,AST-0005492,Laptop,EOL within 24 months,2027,2027-11-06,2027-10-16,2459.31,Completed,Security Exception
PRJ-006742,AST-0017850,Desktop,EOL within 24 months,2028,2028-10-07,,1040.06,Not Started,None
PRJ-006743,AST-0010955,Laptop,EOL within 24 months,2028,2028-01-21,,3824.65,Not Started,Vendor Lead Time
PRJ-006744,AST-0010264,Laptop,EOL within 12 months,2026,2026-06-18,,1774.16,In Progress,Change Freeze
PRJ-006745,AST-0007126,Laptop,Past EOL,2026,2026-09-02,,1684.1,Not Started,Change Freeze
PRJ-006746,AST-0012228,Laptop,Past EOL,2028,2028-12-22,,1533.11,Blocked,Budget Approval
PRJ-006747,AST-0000140,Laptop,EOL within 12 months,2027,2027-01-16,,1841.78,In Progress,Vendor Lead Time
PRJ-006748,AST-0002565,Laptop,Past EOL,2027,2027-09-03,,2017.73,Planning,Budget Approval
PRJ-006749,AST-0023439,Wireless Access Point,EOL within 12 months,2028,2028-01-11,,892.1,In Progress,Vendor Lead Time
PRJ-006750,AST-0019697,VDI Endpoint,EOL within 12 months,2026,2026-06-09,,1242.28,In Progress,Security Exception
PRJ-006751,AST-0002224,Laptop,EOL within 12 months,2026,2026-06-19,,1493.87,Deferred,Security Exception
PRJ-006752,AST-0016847,Desktop,EOL within 24 months,2027,2027-01-16,,1165.14,In Progress,Security Exception
PRJ-006753,AST-0020939,Server,EOL within 24 months,2026,2026-09-25,2026-11-01,14514.06,Completed,Branch Scheduling
PRJ-006754,AST-0003836,Laptop,EOL within 12 months,2026,2026-12-17,,1973.18,In Progress,Budget Approval
PRJ-006755,AST-0002652,Laptop,EOL within 12 months,2028,2028-09-29,,2088.12,Not Started,None
PRJ-006756,AST-0003509,Laptop,Past EOL,2027,2027-02-26,,1935.68,Planning,Change Freeze
PRJ-006757,AST-0017923,Desktop,EOL within 24 months,2027,2027-05-03,,983.14,In Progress,Budget Approval
PRJ-006758,AST-0003306,Laptop,Past EOL,2026,2026-11-23,,1856.14,Planning,None
PRJ-006759,AST-0008237,Laptop,EOL within 24 months,2026,2026-08-27,2026-09-05,2028.91,Completed,Security Exception
PRJ-006760,AST-0016875,Desktop,EOL within 24 months,2028,2028-08-15,2028-09-14,961.05,Completed,None
PRJ-006761,AST-0002148,Laptop,Past EOL,2028,2028-02-22,,1956.39,Deferred,Application Dependency
PRJ-006762,AST-0001683,Laptop,Past EOL,2028,2028-02-29,,1856.17,Planning,Security Exception
PRJ-006763,AST-0022798,Router,EOL within 12 months,2027,2027-08-29,2027-10-17,12221.18,Completed,Vendor Lead Time
PRJ-006764,AST-0019660,VDI Endpoint,EOL within 24 months,2028,2028-07-25,2028-09-08,1085.31,Completed,Security Exception
PRJ-006765,AST-0007357,Laptop,Past EOL,2028,2028-11-02,,2023.17,Planning,Application Dependency
PRJ-006766,AST-0006944,Laptop,EOL within 12 months,2026,2026-06-29,,2205.56,Not Started,Vendor Lead Time
PRJ-006767,AST-0007916,Laptop,EOL within 12 months,2028,2028-08-21,,2039.22,In Progress,Vendor Lead Time
PRJ-006768,AST-0006303,Laptop,Past EOL,2028,2028-06-12,,1921.84,Deferred,Application Dependency
PRJ-006769,AST-0017993,Desktop,EOL within 12 months,2028,2028-01-05,,1204.34,In Progress,Branch Scheduling
PRJ-006770,AST-0008507,Laptop,EOL within 12 months,2028,2028-11-24,2029-01-20,2137.52,Completed,Application Dependency
PRJ-006771,AST-0007391,Laptop,EOL within 12 months,2027,2027-11-29,,1792.47,In Progress,Branch Scheduling
PRJ-006772,AST-0010432,Laptop,EOL within 24 months,2028,2028-11-04,,2014.52,In Progress,Change Freeze
PRJ-006773,AST-0014126,Desktop,EOL within 24 months,2027,2027-04-07,,1202.29,Planning,Budget Approval
PRJ-006774,AST-0010880,Laptop,Past EOL,2027,2027-07-10,,1635.24,Not Started,Branch Scheduling
PRJ-006775,AST-0001416,Laptop,EOL within 24 months,2028,2028-11-26,,1789.29,In Progress,Application Dependency
PRJ-006776,AST-0001782,Laptop,EOL within 24 months,2026,2026-07-31,,2887.34,Planning,Branch Scheduling
PRJ-006777,AST-0023775,Wireless Access Point,EOL within 12 months,2027,2027-03-30,,913.04,Not Started,Budget Approval
PRJ-006778,AST-0017409,Desktop,EOL within 24 months,2027,2027-08-14,,1254.34,Not Started,Budget Approval
PRJ-006779,AST-0010142,Laptop,EOL within 24 months,2028,2028-11-28,2029-02-13,2428.6,Completed,Vendor Lead Time
PRJ-006780,AST-0003789,Laptop,EOL within 24 months,2028,2028-07-18,,2122.16,Deferred,Security Exception
PRJ-006781,AST-0022890,Router,EOL within 12 months,2028,2028-03-09,2028-06-05,12686.65,Completed,Vendor Lead Time
PRJ-006782,AST-0015752,Desktop,EOL within 12 months,2027,2027-04-11,,1079.93,Not Started,Change Freeze
PRJ-006783,AST-0002350,Laptop,Past EOL,2027,2027-05-05,2027-06-30,1415.66,Completed,None
PRJ-006784,AST-0014569,Desktop,EOL within 12 months,2028,2028-01-09,,1402.33,Planning,Vendor Lead Time
PRJ-006785,AST-0012543,Laptop,EOL within 12 months,2028,2028-08-28,2028-09-10,1620.64,Completed,Budget Approval
PRJ-006786,AST-0014903,Desktop,EOL within 12 months,2028,2028-12-18,,1281.75,Planning,Budget Approval
PRJ-006787,AST-0008627,Laptop,EOL within 12 months,2028,2028-11-08,2029-01-07,1843.3,Completed,Security Exception
PRJ-006788,AST-0018682,VDI Endpoint,EOL within 12 months,2027,2027-12-10,,1399.53,In Progress,Vendor Lead Time
PRJ-006789,AST-0014660,Desktop,EOL within 24 months,2028,2028-04-19,,1014.74,Planning,Budget Approval
PRJ-006790,AST-0004150,Laptop,Past EOL,2027,2027-09-15,,1616.41,Not Started,Budget Approval
PRJ-006791,AST-0011303,Laptop,EOL within 12 months,2026,2026-10-09,,1563.25,Planning,Change Freeze
PRJ-006792,AST-0014430,Desktop,EOL within 24 months,2026,2026-12-04,,1289.66,In Progress,Vendor Lead Time
PRJ-006793,AST-0005555,Laptop,EOL within 24 months,2027,2027-04-18,,1493.51,Not Started,Application Dependency
PRJ-006794,AST-0021304,Server,EOL within 24 months,2028,2028-10-13,,12872.1,Planning,Budget Approval
PRJ-006795,AST-0001971,Laptop,EOL within 12 months,2026,2026-07-21,,1989.22,Not Started,Vendor Lead Time
PRJ-006796,AST-0015020,Desktop,EOL within 24 months,2027,2027-11-29,,950.43,In Progress,Branch Scheduling
PRJ-006797,AST-0003542,Laptop,Past EOL,2027,2027-02-12,,1501.46,Not Started,None
PRJ-006798,AST-0008202,Laptop,EOL within 12 months,2026,2026-08-30,,2059.37,Planning,Security Exception
PRJ-006799,AST-0007032,Laptop,Past EOL,2027,2027-04-06,,1352.46,Blocked,Vendor Lead Time
PRJ-006800,AST-0023886,Wireless Controller,EOL within 24 months,2028,2028-07-01,,10258.33,In Progress,None
PRJ-006801,AST-0012801,Laptop,Past EOL,2027,2027-01-17,2027-01-18,1727.21,Completed,Budget Approval
PRJ-006802,AST-0004468,Laptop,Past EOL,2027,2027-05-14,,1973.61,Not Started,Branch Scheduling
PRJ-006803,AST-0006649,Laptop,Past EOL,2028,2028-03-15,,1830.71,Not Started,None
PRJ-006804,AST-0015982,Desktop,EOL within 12 months,2026,2026-08-29,,984.46,Not Started,Security Exception
PRJ-006805,AST-0014945,Desktop,EOL within 24 months,2028,2028-06-22,,1320.48,Planning,Security Exception
PRJ-006806,AST-0017698,Desktop,EOL within 12 months,2027,2027-04-03,,1051.51,Not Started,Vendor Lead Time
PRJ-006807,AST-0008344,Laptop,EOL within 12 months,2027,2027-04-23,2027-05-31,1398.9,Completed,Application Dependency
PRJ-006808,AST-0015022,Desktop,EOL within 24 months,2027,2027-05-22,,969.66,Planning,Security Exception
PRJ-006809,AST-0006530,Laptop,EOL within 12 months,2027,2027-10-02,,1905.15,Planning,None
PRJ-006810,AST-0017670,Desktop,EOL within 24 months,2028,2028-05-17,,903.2,Planning,Vendor Lead Time
PRJ-006811,AST-0018233,Desktop,EOL within 12 months,2028,2028-06-16,2028-07-03,1159.99,Completed,Security Exception
PRJ-006812,AST-0015519,Desktop,EOL within 12 months,2026,2026-08-14,,1191.31,Not Started,Vendor Lead Time
PRJ-006813,AST-0016648,Desktop,EOL within 12 months,2026,2026-09-11,,1028.6,Deferred,Branch Scheduling
PRJ-006814,AST-0017106,Desktop,EOL within 24 months,2028,2028-09-16,,1254.26,Not Started,Vendor Lead Time
PRJ-006815,AST-0001619,Laptop,EOL within 24 months,2027,2027-01-03,,2279.31,Planning,Application Dependency
PRJ-006816,AST-0023255,Wireless Access Point,EOL within 24 months,2027,2027-08-05,,1614.7,Not Started,Budget Approval
PRJ-006817,AST-0000649,Laptop,Past EOL,2027,2027-05-16,,1623.73,In Progress,Vendor Lead Time
PRJ-006818,AST-0005260,Laptop,EOL within 24 months,2027,2027-05-03,,2259.64,Planning,Budget Approval
PRJ-006819,AST-0003488,Laptop,Past EOL,2027,2027-11-02,2027-11-15,1785.25,Completed,Vendor Lead Time
PRJ-006820,AST-0000550,Laptop,Past EOL,2027,2027-10-04,,1703.32,Not Started,Vendor Lead Time
PRJ-006821,AST-0004047,Laptop,EOL within 24 months,2027,2027-01-13,,2074.63,Deferred,None
PRJ-006822,AST-0018349,Desktop,EOL within 24 months,2026,2026-06-02,,1118.83,Blocked,Application Dependency
PRJ-006823,AST-0013540,Laptop,EOL within 12 months,2028,2028-05-06,,1600.4,In Progress,None
PRJ-006824,AST-0009737,Laptop,EOL within 12 months,2027,2027-05-21,,1787.81,Planning,Budget Approval
PRJ-006825,AST-0012277,Laptop,EOL within 24 months,2028,2028-06-15,,3568.56,In Progress,Application Dependency
PRJ-006826,AST-0001718,Laptop,Past EOL,2027,2027-07-26,2027-10-02,1406.69,Completed,Branch Scheduling
PRJ-006827,AST-0017928,Desktop,EOL within 24 months,2026,2026-10-21,2026-10-25,1088.64,Completed,Branch Scheduling
PRJ-006828,AST-0011273,Laptop,Past EOL,2026,2026-08-09,,1490.56,Not Started,Security Exception
PRJ-006829,AST-0023815,Wireless Access Point,EOL within 24 months,2028,2028-02-23,,1197.68,Planning,Budget Approval
PRJ-006830,AST-0013633,Laptop,EOL within 12 months,2027,2027-12-09,,2037.55,Not Started,Security Exception
PRJ-006831,AST-0010393,Laptop,Past EOL,2028,2028-06-19,2028-07-19,1897.44,Completed,Budget Approval
PRJ-006832,AST-0012303,Laptop,EOL within 24 months,2028,2028-08-15,,1762.56,Not Started,Branch Scheduling
PRJ-006833,AST-0012748,Laptop,EOL within 24 months,2027,2027-05-21,,1707.19,Not Started,Change Freeze
PRJ-006834,AST-0005937,Laptop,EOL within 24 months,2027,2027-12-26,,2384.55,Deferred,Budget Approval
PRJ-006835,AST-0012033,Laptop,EOL within 12 months,2027,2027-11-11,,2023.75,Planning,Budget Approval
PRJ-006836,AST-0012297,Laptop,Past EOL,2026,2026-11-08,,1602.31,Not Started,Vendor Lead Time
PRJ-006837,AST-0006900,Laptop,Past EOL,2027,2027-03-27,,1942.9,Blocked,Security Exception
PRJ-006838,AST-0004860,Laptop,EOL within 24 months,2026,2026-08-11,,3194.3,Planning,Security Exception
PRJ-006839,AST-0001779,Laptop,EOL within 12 months,2027,2027-11-29,,2022.84,Not Started,Budget Approval
PRJ-006840,AST-0016869,Desktop,EOL within 12 months,2026,2026-12-30,,1270.19,Planning,Security Exception
PRJ-006841,AST-0010662,Laptop,EOL within 12 months,2026,2026-09-15,,1482.66,In Progress,Vendor Lead Time
PRJ-006842,AST-0020174,Server,EOL within 24 months,2026,2026-07-08,,11800.95,In Progress,Budget Approval
PRJ-006843,AST-0016024,Desktop,EOL within 24 months,2028,2028-10-06,2028-11-14,1171.07,Completed,Vendor Lead Time
PRJ-006844,AST-0008962,Laptop,Past EOL,2027,2027-10-24,,2000.76,Not Started,None
PRJ-006845,AST-0016909,Desktop,EOL within 24 months,2027,2027-08-13,,1264.71,Not Started,Budget Approval
PRJ-006846,AST-0016876,Desktop,EOL within 12 months,2028,2028-04-25,2028-06-13,1091.64,Completed,Budget Approval
PRJ-006847,AST-0008195,Laptop,Past EOL,2027,2027-06-19,,1541.86,Deferred,Vendor Lead Time
PRJ-006848,AST-0023891,Wireless Controller,EOL within 24 months,2027,2027-03-10,,12391.26,Planning,Security Exception
PRJ-006849,AST-0023480,Wireless Access Point,EOL within 24 months,2028,2028-05-21,2028-07-11,1264.36,Completed,Application Dependency
PRJ-006850,AST-0003877,Laptop,EOL within 12 months,2026,2026-07-01,,2085.79,Not Started,Vendor Lead Time
PRJ-006851,AST-0012794,Laptop,EOL within 24 months,2026,2026-08-16,,1761.81,Planning,Security Exception
PRJ-006852,AST-0006087,Laptop,EOL within 12 months,2028,2028-10-12,,1692.86,In Progress,Branch Scheduling
PRJ-006853,AST-0005087,Laptop,EOL within 12 months,2027,2027-08-15,,1528.8,Planning,Branch Scheduling
PRJ-006854,AST-0009541,Laptop,Past EOL,2026,2026-09-26,2026-10-24,1353.02,Completed,Security Exception
PRJ-006855,AST-0022835,Router,EOL within 12 months,2027,2027-09-08,2027-11-14,8262.41,Completed,Branch Scheduling
PRJ-006856,AST-0007630,Laptop,Past EOL,2028,2028-02-09,,1481.54,Not Started,Vendor Lead Time
PRJ-006857,AST-0012930,Laptop,Past EOL,2028,2028-07-07,,1413.69,Not Started,None
PRJ-006858,AST-0005394,Laptop,Past EOL,2027,2027-04-21,,1345.78,Planning,Budget Approval
PRJ-006859,AST-0003841,Laptop,EOL within 24 months,2027,2027-01-27,,3187.3,Not Started,Vendor Lead Time
PRJ-006860,AST-0005250,Laptop,EOL within 12 months,2028,2028-05-30,,1921.13,In Progress,Application Dependency
PRJ-006861,AST-0003245,Laptop,EOL within 12 months,2026,2026-06-07,,1795.54,Planning,Change Freeze
PRJ-006862,AST-0003070,Laptop,EOL within 24 months,2027,2027-04-05,,2090.42,Deferred,Branch Scheduling
PRJ-006863,AST-0003176,Laptop,EOL within 12 months,2028,2028-08-20,,2110.82,Planning,None
PRJ-006864,AST-0015221,Desktop,EOL within 12 months,2027,2027-02-18,,1353.47,Not Started,Security Exception
PRJ-006865,AST-0012120,Laptop,Past EOL,2028,2028-08-24,,1356.17,Planning,Budget Approval
PRJ-006866,AST-0005574,Laptop,Past EOL,2028,2028-08-02,,1436.33,Blocked,None
PRJ-006867,AST-0018537,VDI Endpoint,EOL within 24 months,2027,2027-10-25,,945.34,In Progress,Security Exception
PRJ-006868,AST-0003050,Laptop,EOL within 24 months,2028,2028-02-12,,1586.74,Not Started,Branch Scheduling
PRJ-006869,AST-0023333,Wireless Access Point,EOL within 24 months,2028,2028-10-05,,1357.63,In Progress,Branch Scheduling
PRJ-006870,AST-0010837,Laptop,EOL within 24 months,2027,2027-09-18,,1935.88,Planning,Security Exception
PRJ-006871,AST-0016784,Desktop,EOL within 24 months,2027,2027-10-29,,1178.52,Not Started,Budget Approval
PRJ-006872,AST-0006301,Laptop,Past EOL,2027,2027-01-13,,1963.46,Not Started,Branch Scheduling
PRJ-006873,AST-0006594,Laptop,Past EOL,2027,2027-12-04,,1947.52,Planning,Vendor Lead Time
PRJ-006874,AST-0015013,Desktop,EOL within 12 months,2028,2028-08-02,,1194.59,Planning,Branch Scheduling
PRJ-006875,AST-0019092,VDI Endpoint,EOL within 24 months,2028,2028-08-09,2028-08-30,1172.37,Completed,Change Freeze
PRJ-006876,AST-0005700,Laptop,EOL within 24 months,2028,2028-01-08,,3145.0,Not Started,Budget Approval
PRJ-006877,AST-0019247,VDI Endpoint,EOL within 24 months,2027,2027-05-29,,1075.37,Not Started,Budget Approval
PRJ-006878,AST-0004465,Laptop,EOL within 24 months,2027,2027-01-25,,1774.41,Not Started,None
PRJ-006879,AST-0002678,Laptop,EOL within 12 months,2026,2026-06-22,,1713.46,Planning,Vendor Lead Time
PRJ-006880,AST-0009655,Laptop,Past EOL,2027,2027-04-10,,1376.69,Planning,Application Dependency
PRJ-006881,AST-0011868,Laptop,EOL within 24 months,2027,2027-05-22,2027-04-28,1795.45,Completed,None
PRJ-006882,AST-0006249,Laptop,EOL within 24 months,2028,2028-03-23,2028-06-16,3359.44,Completed,Budget Approval
PRJ-006883,AST-0014807,Desktop,EOL within 24 months,2027,2027-09-01,,1083.32,Planning,None
PRJ-006884,AST-0018994,VDI Endpoint,EOL within 24 months,2027,2027-12-27,,1033.08,In Progress,Security Exception
PRJ-006885,AST-0011449,Laptop,EOL within 24 months,2028,2028-12-16,,2156.89,Not Started,Budget Approval
PRJ-006886,AST-0017384,Desktop,EOL within 24 months,2028,2028-05-15,,1248.63,Planning,Security Exception
PRJ-006887,AST-0003422,Laptop,Past EOL,2027,2027-10-15,,1521.62,Blocked,None
PRJ-006888,AST-0000597,Laptop,EOL within 12 months,2028,2028-04-13,,1914.62,Not Started,Vendor Lead Time
PRJ-006889,AST-0014829,Desktop,EOL within 12 months,2028,2028-01-05,,1043.91,Not Started,Branch Scheduling
PRJ-006890,AST-0019446,VDI Endpoint,EOL within 12 months,2027,2027-11-09,,1065.92,In Progress,Change Freeze
PRJ-006891,AST-0017278,Desktop,EOL within 24 months,2027,2027-07-24,,954.51,Not Started,Budget Approval
PRJ-006892,AST-0016536,Desktop,EOL within 12 months,2028,2028-04-26,,1221.32,Deferred,Security Exception
PRJ-006893,AST-0019974,VDI Endpoint,EOL within 24 months,2028,2028-12-22,,852.56,Planning,None
PRJ-006894,AST-0018735,VDI Endpoint,EOL within 12 months,2028,2028-01-15,,1003.32,Not Started,Branch Scheduling
PRJ-006895,AST-0010070,Laptop,Past EOL,2027,2027-02-22,,1583.91,Planning,Application Dependency
PRJ-006896,AST-0008761,Laptop,EOL within 12 months,2026,2026-12-09,,1804.94,Not Started,Change Freeze
PRJ-006897,AST-0000957,Laptop,EOL within 12 months,2027,2027-04-06,,1532.33,Planning,Security Exception
PRJ-006898,AST-0012693,Laptop,EOL within 12 months,2027,2027-10-04,,2185.02,Planning,Branch Scheduling
PRJ-006899,AST-0009419,Laptop,EOL within 12 months,2028,2028-09-28,,1650.58,Planning,Branch Scheduling
PRJ-006900,AST-0008147,Laptop,EOL within 24 months,2027,2027-08-31,,3423.32,Planning,Application Dependency
PRJ-006901,AST-0000203,Laptop,Past EOL,2027,2027-02-13,,1677.94,Planning,Security Exception
PRJ-006902,AST-0014155,Desktop,EOL within 24 months,2027,2027-11-17,,1211.21,Planning,None
PRJ-006903,AST-0004659,Laptop,EOL within 24 months,2027,2027-06-08,,1731.35,Planning,Security Exception
PRJ-006904,AST-0018724,VDI Endpoint,EOL within 24 months,2028,2028-07-17,,958.95,Planning,Branch Scheduling
PRJ-006905,AST-0015977,Desktop,EOL within 12 months,2027,2027-03-08,,1112.88,Planning,Budget Approval
PRJ-006906,AST-0001165,Laptop,EOL within 24 months,2027,2027-06-20,,2610.23,Not Started,Budget Approval
PRJ-006907,AST-0017623,Desktop,EOL within 24 months,2028,2028-03-25,,929.17,Blocked,None
PRJ-006908,AST-0008575,Laptop,EOL within 12 months,2028,2028-04-02,,1997.39,Not Started,Budget Approval
PRJ-006909,AST-0023433,Wireless Access Point,EOL within 24 months,2027,2027-12-18,,991.51,In Progress,Application Dependency
PRJ-006910,AST-0018586,VDI Endpoint,EOL within 24 months,2027,2027-09-01,,942.23,Planning,Budget Approval
PRJ-006911,AST-0014427,Desktop,EOL within 24 months,2027,2027-06-22,,939.41,In Progress,None
PRJ-006912,AST-0017591,Desktop,EOL within 24 months,2028,2028-11-22,,1336.01,Blocked,None
PRJ-006913,AST-0013137,Laptop,EOL within 12 months,2028,2028-03-05,,1650.86,In Progress,Security Exception
PRJ-006914,AST-0019893,VDI Endpoint,EOL within 12 months,2026,2026-09-20,,1272.3,Planning,Budget Approval
PRJ-006915,AST-0009245,Laptop,EOL within 12 months,2027,2027-01-16,,1921.86,Not Started,Branch Scheduling
PRJ-006916,AST-0011820,Laptop,EOL within 24 months,2028,2028-08-20,,1852.58,Not Started,Budget Approval
PRJ-006917,AST-0008039,Laptop,EOL within 24 months,2027,2027-01-23,,1893.19,In Progress,None
PRJ-006918,AST-0001770,Laptop,EOL within 24 months,2027,2027-04-01,,1545.99,Deferred,Vendor Lead Time
PRJ-006919,AST-0003451,Laptop,EOL within 12 months,2026,2026-11-11,,1962.95,In Progress,Vendor Lead Time
PRJ-006920,AST-0002512,Laptop,Past EOL,2027,2027-11-20,,1830.92,Not Started,Security Exception
PRJ-006921,AST-0001653,Laptop,EOL within 24 months,2028,2028-06-17,,2044.47,Planning,Application Dependency
PRJ-006922,AST-0009561,Laptop,EOL within 24 months,2027,2027-08-23,,1840.27,Not Started,Budget Approval
PRJ-006923,AST-0006835,Laptop,EOL within 24 months,2027,2027-05-05,,2701.82,Blocked,Change Freeze
PRJ-006924,AST-0018313,Desktop,EOL within 12 months,2028,2028-05-30,,1141.28,Not Started,Branch Scheduling
PRJ-006925,AST-0004614,Laptop,Past EOL,2028,2028-05-09,,1709.86,In Progress,None
PRJ-006926,AST-0023577,Wireless Access Point,EOL within 24 months,2027,2027-12-25,,1299.65,Blocked,Budget Approval
PRJ-006927,AST-0018459,Desktop,EOL within 24 months,2028,2028-09-12,,1002.69,In Progress,None
PRJ-006928,AST-0022938,Router,EOL within 12 months,2027,2027-04-19,,6458.04,Planning,None
PRJ-006929,AST-0007408,Laptop,EOL within 24 months,2027,2027-12-14,,2083.04,Deferred,Security Exception
PRJ-006930,AST-0013645,Laptop,EOL within 24 months,2027,2027-06-20,,2770.69,Planning,None
PRJ-006931,AST-0016386,Desktop,EOL within 12 months,2027,2027-05-30,,1355.58,Not Started,Application Dependency
PRJ-006932,AST-0008320,Laptop,EOL within 12 months,2028,2028-02-10,2028-02-26,1866.6,Completed,Security Exception
PRJ-006933,AST-0019359,VDI Endpoint,EOL within 12 months,2026,2026-08-24,,1259.63,In Progress,Change Freeze
PRJ-006934,AST-0007283,Laptop,Past EOL,2028,2028-09-21,,1716.99,Not Started,None
PRJ-006935,AST-0006222,Laptop,EOL within 12 months,2028,2028-04-30,,1850.46,In Progress,Vendor Lead Time
PRJ-006936,AST-0013516,Laptop,EOL within 24 months,2026,2026-09-29,,3311.49,Not Started,Application Dependency
PRJ-006937,AST-0022334,Access Switch,EOL within 24 months,2026,2026-11-15,,6241.92,Planning,None
PRJ-006938,AST-0000608,Laptop,EOL within 24 months,2028,2028-10-20,2028-12-14,1884.97,Completed,Budget Approval
PRJ-006939,AST-0011888,Laptop,Past EOL,2028,2028-02-16,,1920.29,In Progress,Budget Approval
PRJ-006940,AST-0015980,Desktop,EOL within 12 months,2027,2027-12-15,,945.24,In Progress,Application Dependency
PRJ-006941,AST-0015928,Desktop,EOL within 24 months,2026,2026-07-18,2026-09-01,1300.37,Completed,Change Freeze
PRJ-006942,AST-0004858,Laptop,EOL within 12 months,2026,2026-11-27,,2202.62,Planning,Security Exception
PRJ-006943,AST-0005533,Laptop,EOL within 12 months,2027,2027-01-31,2027-03-25,1955.04,Completed,Budget Approval
PRJ-006944,AST-0009011,Laptop,EOL within 12 months,2027,2027-05-19,,1489.23,In Progress,None
PRJ-006945,AST-0013436,Laptop,EOL within 12 months,2028,2028-04-11,,2211.51,Planning,Vendor Lead Time
PRJ-006946,AST-0017004,Desktop,EOL within 24 months,2028,2028-03-16,,1293.13,Planning,Vendor Lead Time
PRJ-006947,AST-0007052,Laptop,EOL within 12 months,2027,2027-06-04,,2124.59,Planning,None
PRJ-006948,AST-0020181,Server,EOL within 24 months,2027,2027-05-29,,13476.68,Not Started,Change Freeze
PRJ-006949,AST-0015887,Desktop,EOL within 24 months,2027,2027-04-19,,1126.06,Blocked,Change Freeze
PRJ-006950,AST-0002266,Laptop,EOL within 12 months,2027,2027-06-25,,1589.97,Not Started,Branch Scheduling
PRJ-006951,AST-0015212,Desktop,EOL within 12 months,2027,2027-04-24,,1094.98,Not Started,None
PRJ-006952,AST-0007805,Laptop,EOL within 12 months,2027,2027-06-01,,1644.38,In Progress,Application Dependency
PRJ-006953,AST-0007868,Laptop,EOL within 12 months,2029,2029-01-06,,1751.22,Not Started,Security Exception
PRJ-006954,AST-0007459,Laptop,Past EOL,2028,2028-04-18,,1630.12,Not Started,Vendor Lead Time
PRJ-006955,AST-0020358,Server,EOL within 24 months,2027,2027-09-09,,14405.88,Planning,Security Exception
PRJ-006956,AST-0009882,Laptop,EOL within 12 months,2027,2027-07-30,,1849.84,Not Started,Application Dependency
PRJ-006957,AST-0008440,Laptop,Past EOL,2028,2028-07-02,,1992.4,Planning,Application Dependency
PRJ-006958,AST-0016469,Desktop,EOL within 12 months,2028,2028-05-31,,1386.45,In Progress,Security Exception
PRJ-006959,AST-0016883,Desktop,EOL within 24 months,2027,2027-08-06,,1086.96,Deferred,Security Exception
PRJ-006960,AST-0021957,Access Switch,EOL within 24 months,2026,2026-06-30,,8383.27,Planning,Vendor Lead Time
PRJ-006961,AST-0013014,Laptop,EOL within 24 months,2026,2026-09-27,,3049.51,Not Started,Security Exception
PRJ-006962,AST-0015699,Desktop,EOL within 24 months,2027,2027-03-03,,1171.76,In Progress,Vendor Lead Time
PRJ-006963,AST-0000528,Laptop,EOL within 12 months,2026,2026-08-24,,1565.65,In Progress,None
PRJ-006964,AST-0015215,Desktop,EOL within 24 months,2028,2028-12-20,,905.07,In Progress,None
PRJ-006965,AST-0012135,Laptop,Past EOL,2028,2028-03-13,,1950.18,Planning,Security Exception
PRJ-006966,AST-0005295,Laptop,Past EOL,2027,2027-07-02,2027-08-21,1711.8,Completed,Change Freeze
PRJ-006967,AST-0002734,Laptop,EOL within 24 months,2028,2028-07-23,2028-08-04,3155.58,Completed,Vendor Lead Time
PRJ-006968,AST-0017469,Desktop,EOL within 24 months,2027,2027-03-12,,977.47,Deferred,Security Exception
PRJ-006969,AST-0000369,Laptop,EOL within 12 months,2027,2027-06-28,,1479.18,Deferred,None
PRJ-006970,AST-0005144,Laptop,EOL within 24 months,2026,2026-06-12,,3207.88,In Progress,Change Freeze
PRJ-006971,AST-0013258,Laptop,Past EOL,2026,2026-12-24,,1712.34,Planning,Branch Scheduling
PRJ-006972,AST-0020931,Server,EOL within 24 months,2028,2028-05-04,,14413.12,In Progress,None
PRJ-006973,AST-0007326,Laptop,EOL within 12 months,2026,2026-09-07,2026-08-16,1640.88,Completed,Application Dependency
PRJ-006974,AST-0017025,Desktop,EOL within 24 months,2028,2028-01-28,,1113.02,Not Started,Security Exception
PRJ-006975,AST-0006990,Laptop,Past EOL,2028,2028-09-25,,1564.83,Planning,Security Exception
PRJ-006976,AST-0008526,Laptop,EOL within 12 months,2028,2028-07-15,,1941.86,Not Started,Branch Scheduling
PRJ-006977,AST-0004717,Laptop,EOL within 24 months,2027,2027-07-30,,1705.34,Not Started,Budget Approval
PRJ-006978,AST-0000220,Laptop,EOL within 24 months,2028,2028-01-12,,3129.91,Blocked,Security Exception
PRJ-006979,AST-0009344,Laptop,Past EOL,2027,2027-06-19,2027-07-22,1746.13,Completed,Branch Scheduling
PRJ-006980,AST-0005961,Laptop,EOL within 24 months,2026,2026-07-28,,1647.72,In Progress,Change Freeze
PRJ-006981,AST-0005131,Laptop,Past EOL,2027,2027-05-02,,1523.62,Planning,Budget Approval
PRJ-006982,AST-0009103,Laptop,EOL within 12 months,2026,2026-06-09,,1765.02,In Progress,Vendor Lead Time
PRJ-006983,AST-0017677,Desktop,EOL within 12 months,2028,2028-04-14,,1280.01,Not Started,Branch Scheduling
PRJ-006984,AST-0003742,Laptop,EOL within 12 months,2027,2027-05-26,2027-07-22,1717.14,Completed,Branch Scheduling
PRJ-006985,AST-0021828,Access Switch,EOL within 24 months,2027,2027-01-08,,6920.37,Deferred,Change Freeze
PRJ-006986,AST-0002109,Laptop,Past EOL,2028,2028-02-24,,1447.86,Deferred,Branch Scheduling
PRJ-006987,AST-0014148,Desktop,EOL within 12 months,2027,2027-10-02,2027-11-11,1072.98,Completed,Budget Approval
PRJ-006988,AST-0014722,Desktop,EOL within 12 months,2027,2027-08-23,,1140.27,Not Started,Security Exception
PRJ-006989,AST-0003929,Laptop,Past EOL,2027,2027-02-15,,2008.84,Deferred,None
PRJ-006990,AST-0010477,Laptop,Past EOL,2027,2027-08-16,,1485.75,Planning,Branch Scheduling
PRJ-006991,AST-0013998,Laptop,Past EOL,2026,2026-09-14,,1463.76,Not Started,Change Freeze
PRJ-006992,AST-0006531,Laptop,EOL within 24 months,2028,2028-08-12,,3528.81,Planning,Security Exception
PRJ-006993,AST-0012304,Laptop,EOL within 12 months,2026,2026-10-25,,2208.22,Planning,Vendor Lead Time
PRJ-006994,AST-0019792,VDI Endpoint,EOL within 12 months,2028,2028-05-11,,1293.38,Blocked,Security Exception
PRJ-006995,AST-0016895,Desktop,EOL within 12 months,2027,2027-12-16,,1193.17,Not Started,None
PRJ-006996,AST-0020191,Server,EOL within 24 months,2026,2026-06-09,,13252.06,Planning,Branch Scheduling
PRJ-006997,AST-0002514,Laptop,EOL within 24 months,2026,2026-11-11,,1927.93,Not Started,Branch Scheduling
PRJ-006998,AST-0019001,VDI Endpoint,EOL within 12 months,2027,2027-01-23,,1193.11,Deferred,Budget Approval
PRJ-006999,AST-0005445,Laptop,EOL within 24 months,2026,2026-09-08,2026-11-17,2024.12,Completed,Vendor Lead Time
PRJ-007000,AST-0012082,Laptop,EOL within 24 months,2028,2028-02-15,,1824.82,Not Started,Security Exception
PRJ-007001,AST-0021722,Access Switch,EOL within 24 months,2028,2028-02-13,,7240.57,Not Started,Security Exception
PRJ-007002,AST-0023715,Wireless Access Point,EOL within 24 months,2028,2028-11-28,2029-01-08,1586.34,Completed,Branch Scheduling
PRJ-007003,AST-0008696,Laptop,Past EOL,2028,2028-06-30,,1476.67,In Progress,None
PRJ-007004,AST-0010847,Laptop,Past EOL,2027,2027-08-16,,1941.84,Planning,Budget Approval
PRJ-007005,AST-0010534,Laptop,EOL within 12 months,2027,2027-01-16,,1597.65,Not Started,None
PRJ-007006,AST-0011831,Laptop,Past EOL,2026,2026-06-12,2026-06-06,1914.09,Completed,Security Exception
PRJ-007007,AST-0013613,Laptop,Past EOL,2027,2027-12-20,,1718.27,In Progress,Branch Scheduling
PRJ-007008,AST-0012047,Laptop,EOL within 24 months,2026,2026-07-06,,1870.68,In Progress,None
PRJ-007009,AST-0016935,Desktop,EOL within 12 months,2028,2028-12-09,,1154.21,Not Started,Vendor Lead Time
PRJ-007010,AST-0007515,Laptop,EOL within 24 months,2028,2028-06-11,,2824.86,Planning,None
PRJ-007011,AST-0006680,Laptop,Past EOL,2027,2027-07-30,,1951.49,Blocked,Branch Scheduling
PRJ-007012,AST-0014666,Desktop,EOL within 12 months,2028,2028-05-13,,1038.84,In Progress,Vendor Lead Time
PRJ-007013,AST-0011334,Laptop,Past EOL,2027,2027-02-03,,1765.83,Planning,Budget Approval
PRJ-007014,AST-0003541,Laptop,EOL within 12 months,2027,2027-06-20,,2002.04,Planning,Security Exception
PRJ-007015,AST-0023919,Storage,EOL within 24 months,2028,2028-04-06,,93549.86,In Progress,Vendor Lead Time
PRJ-007016,AST-0004195,Laptop,EOL within 24 months,2028,2028-12-31,,2492.87,In Progress,Budget Approval
PRJ-007017,AST-0008468,Laptop,EOL within 24 months,2028,2028-06-10,,1832.43,Not Started,Budget Approval
PRJ-007018,AST-0013363,Laptop,EOL within 24 months,2028,2028-08-15,,1868.14,Not Started,Budget Approval
PRJ-007019,AST-0019377,VDI Endpoint,EOL within 12 months,2028,2028-08-27,2028-09-23,1075.23,Completed,Security Exception
PRJ-007020,AST-0007929,Laptop,EOL within 24 months,2027,2027-10-13,2027-11-12,1997.45,Completed,Change Freeze
PRJ-007021,AST-0016133,Desktop,EOL within 24 months,2028,2028-01-27,,1188.99,Not Started,Security Exception
PRJ-007022,AST-0020097,Server,EOL within 24 months,2027,2027-12-27,,15423.3,Planning,Security Exception
PRJ-007023,AST-0005976,Laptop,EOL within 24 months,2028,2028-04-12,,1890.69,Blocked,Application Dependency
PRJ-007024,AST-0000312,Laptop,EOL within 12 months,2028,2028-11-17,2028-12-17,2033.95,Completed,Budget Approval
PRJ-007025,AST-0018853,VDI Endpoint,EOL within 12 months,2026,2026-10-28,,1067.22,Not Started,Branch Scheduling
PRJ-007026,AST-0015095,Desktop,EOL within 12 months,2026,2026-09-17,,1251.84,Blocked,Application Dependency
PRJ-007027,AST-0016516,Desktop,EOL within 24 months,2028,2028-03-30,2028-06-04,1046.05,Completed,Branch Scheduling
PRJ-007028,AST-0018971,VDI Endpoint,EOL within 24 months,2027,2027-01-10,2027-03-10,853.7,Completed,Budget Approval
PRJ-007029,AST-0000994,Laptop,Past EOL,2028,2028-05-07,,1628.86,In Progress,Change Freeze
PRJ-007030,AST-0005485,Laptop,EOL within 12 months,2028,2028-12-31,,1597.0,Not Started,Budget Approval
PRJ-007031,AST-0011456,Laptop,EOL within 24 months,2026,2026-06-25,,1682.12,In Progress,None
PRJ-007032,AST-0019319,VDI Endpoint,EOL within 12 months,2028,2028-11-27,2029-01-30,1028.22,Completed,Application Dependency
PRJ-007033,AST-0002149,Laptop,EOL within 24 months,2028,2028-06-18,,1872.24,In Progress,Security Exception
PRJ-007034,AST-0015394,Desktop,EOL within 12 months,2028,2028-03-30,,1282.56,Planning,Branch Scheduling
PRJ-007035,AST-0008999,Laptop,EOL within 24 months,2026,2026-07-04,,1699.91,In Progress,Branch Scheduling
PRJ-007036,AST-0000598,Laptop,Past EOL,2028,2028-12-25,,1726.35,Planning,Vendor Lead Time
PRJ-007037,AST-0004086,Laptop,EOL within 12 months,2026,2026-06-29,,1549.31,In Progress,Security Exception
PRJ-007038,AST-0018406,Desktop,EOL within 24 months,2028,2028-03-31,,918.57,In Progress,Vendor Lead Time
PRJ-007039,AST-0001168,Laptop,Past EOL,2027,2027-06-08,,1528.38,Not Started,Application Dependency
PRJ-007040,AST-0008914,Laptop,Past EOL,2028,2028-08-30,,1764.43,Deferred,Security Exception
PRJ-007041,AST-0005826,Laptop,EOL within 24 months,2026,2026-12-15,,2203.45,Planning,Branch Scheduling
PRJ-007042,AST-0010378,Laptop,Past EOL,2028,2028-05-16,,1851.14,Deferred,Security Exception
PRJ-007043,AST-0006884,Laptop,Past EOL,2027,2027-01-21,,1459.12,In Progress,Branch Scheduling
PRJ-007044,AST-0003932,Laptop,Past EOL,2028,2028-04-27,,1725.31,Planning,Change Freeze
PRJ-007045,AST-0014612,Desktop,EOL within 12 months,2028,2028-01-13,,1412.25,In Progress,Vendor Lead Time
PRJ-007046,AST-0015407,Desktop,EOL within 12 months,2028,2028-09-19,,1017.77,Planning,Budget Approval
PRJ-007047,AST-0017815,Desktop,EOL within 24 months,2028,2028-11-22,,1201.92,Not Started,Branch Scheduling
PRJ-007048,AST-0005774,Laptop,EOL within 24 months,2027,2027-11-16,,2411.75,Blocked,Change Freeze
PRJ-007049,AST-0021617,Access Switch,EOL within 24 months,2027,2027-04-22,,5894.61,Planning,Vendor Lead Time
PRJ-007050,AST-0013212,Laptop,Past EOL,2027,2027-02-10,2027-04-15,1720.87,Completed,Application Dependency
PRJ-007051,AST-0006021,Laptop,EOL within 24 months,2027,2027-02-19,,2801.57,In Progress,Security Exception
PRJ-007052,AST-0001002,Laptop,EOL within 24 months,2026,2026-11-16,,2243.1,Not Started,None
PRJ-007053,AST-0017689,Desktop,EOL within 24 months,2027,2027-08-08,,906.63,Not Started,Application Dependency
PRJ-007054,AST-0014099,Desktop,EOL within 24 months,2027,2027-11-16,,1151.57,In Progress,None
PRJ-007055,AST-0000544,Laptop,Past EOL,2028,2028-04-11,2028-03-29,1752.58,Completed,Branch Scheduling
PRJ-007056,AST-0001337,Laptop,EOL within 24 months,2027,2027-09-10,,1807.78,Deferred,Budget Approval
PRJ-007057,AST-0008277,Laptop,Past EOL,2027,2027-09-19,,1443.11,Planning,Budget Approval
PRJ-007058,AST-0011920,Laptop,EOL within 24 months,2027,2027-06-01,,3167.58,Not Started,None
PRJ-007059,AST-0003583,Laptop,Past EOL,2027,2027-06-09,,1752.31,Not Started,Vendor Lead Time
PRJ-007060,AST-0001818,Laptop,Past EOL,2027,2027-07-10,,1703.22,Blocked,Change Freeze
PRJ-007061,AST-0022177,Access Switch,EOL within 24 months,2027,2027-08-19,,8259.54,Planning,Application Dependency
PRJ-007062,AST-0014837,Desktop,EOL within 24 months,2028,2028-04-09,,960.63,Planning,Budget Approval
PRJ-007063,AST-0014808,Desktop,EOL within 12 months,2027,2027-06-03,,1288.73,In Progress,Vendor Lead Time
PRJ-007064,AST-0000374,Laptop,EOL within 24 months,2028,2028-06-14,2028-05-16,2370.82,Completed,None
PRJ-007065,AST-0003172,Laptop,EOL within 12 months,2028,2028-08-12,,1868.83,Not Started,Change Freeze
PRJ-007066,AST-0005941,Laptop,Past EOL,2026,2026-09-23,,2021.17,Planning,Vendor Lead Time
PRJ-007067,AST-0006404,Laptop,EOL within 12 months,2028,2028-10-07,,2009.76,Not Started,Budget Approval
PRJ-007068,AST-0008891,Laptop,EOL within 24 months,2028,2028-06-04,,1920.05,Not Started,Budget Approval
PRJ-007069,AST-0007245,Laptop,EOL within 24 months,2028,2028-01-07,,2912.02,Not Started,None
PRJ-007070,AST-0009491,Laptop,Past EOL,2026,2026-12-11,,1926.25,Planning,None
PRJ-007071,AST-0003071,Laptop,EOL within 12 months,2028,2028-10-02,,1696.41,In Progress,Vendor Lead Time
PRJ-007072,AST-0002066,Laptop,Past EOL,2027,2027-11-01,,1664.92,Not Started,Branch Scheduling
PRJ-007073,AST-0023408,Wireless Access Point,EOL within 24 months,2028,2028-08-09,2028-10-21,992.66,Completed,Security Exception
PRJ-007074,AST-0022077,Access Switch,EOL within 24 months,2028,2028-06-07,,5131.03,In Progress,Branch Scheduling
PRJ-007075,AST-0019938,VDI Endpoint,EOL within 12 months,2028,2028-04-26,,1235.49,Not Started,Budget Approval
PRJ-007076,AST-0006292,Laptop,Past EOL,2028,2028-08-04,,1362.66,In Progress,Application Dependency
PRJ-007077,AST-0000657,Laptop,Past EOL,2027,2027-08-11,,1834.46,Blocked,Change Freeze
PRJ-007078,AST-0013293,Laptop,EOL within 24 months,2026,2026-08-01,,3163.43,Planning,Branch Scheduling
PRJ-007079,AST-0003128,Laptop,Past EOL,2028,2028-11-05,,1699.94,Not Started,Change Freeze
PRJ-007080,AST-0019863,VDI Endpoint,EOL within 24 months,2026,2026-09-10,,989.0,Deferred,Application Dependency
PRJ-007081,AST-0011813,Laptop,EOL within 24 months,2028,2028-10-25,,2895.27,Not Started,Application Dependency
PRJ-007082,AST-0002889,Laptop,EOL within 12 months,2027,2027-09-30,2027-11-03,2079.7,Completed,None
PRJ-007083,AST-0015250,Desktop,EOL within 12 months,2028,2028-02-12,2028-04-27,1282.46,Completed,Security Exception
PRJ-007084,AST-0010235,Laptop,EOL within 24 months,2026,2026-11-02,,1862.54,Planning,Application Dependency
PRJ-007085,AST-0012545,Laptop,Past EOL,2028,2028-12-26,,1670.92,Not Started,Change Freeze
PRJ-007086,AST-0006918,Laptop,EOL within 12 months,2028,2028-07-11,,2145.2,Planning,Vendor Lead Time
PRJ-007087,AST-0003881,Laptop,EOL within 24 months,2027,2027-12-29,,3402.85,Not Started,Application Dependency
PRJ-007088,AST-0012272,Laptop,EOL within 12 months,2027,2027-12-11,,1988.26,Planning,Change Freeze
PRJ-007089,AST-0009126,Laptop,Past EOL,2028,2028-01-16,,1800.35,Not Started,Budget Approval
PRJ-007090,AST-0002180,Laptop,Past EOL,2026,2026-12-11,,1763.39,Not Started,Branch Scheduling
PRJ-007091,AST-0020129,Server,EOL within 24 months,2026,2026-06-15,,10868.79,Not Started,Budget Approval
PRJ-007092,AST-0017658,Desktop,EOL within 12 months,2027,2027-10-20,,1348.9,Not Started,Security Exception
PRJ-007093,AST-0012638,Laptop,EOL within 12 months,2027,2027-08-02,,1420.3,In Progress,Application Dependency
PRJ-007094,AST-0016891,Desktop,EOL within 24 months,2027,2027-05-22,,900.53,Planning,None
PRJ-007095,AST-0011038,Laptop,EOL within 12 months,2028,2028-02-25,,1931.02,Not Started,None
PRJ-007096,AST-0001757,Laptop,Past EOL,2028,2028-02-24,,1927.6,In Progress,Security Exception
PRJ-007097,AST-0006771,Laptop,EOL within 24 months,2028,2028-02-26,,1909.63,Planning,Vendor Lead Time
PRJ-007098,AST-0009781,Laptop,EOL within 12 months,2027,2027-11-08,,1911.19,Planning,None
PRJ-007099,AST-0023282,Wireless Access Point,EOL within 24 months,2028,2028-07-19,,963.02,Planning,Vendor Lead Time
PRJ-007100,AST-0007196,Laptop,EOL within 12 months,2027,2027-12-14,2027-11-25,1499.86,Completed,None
PRJ-007101,AST-0009018,Laptop,Past EOL,2027,2027-02-13,,1831.44,Not Started,Change Freeze
PRJ-007102,AST-0007400,Laptop,EOL within 24 months,2027,2027-01-21,2027-01-02,1711.14,Completed,None
PRJ-007103,AST-0004022,Laptop,Past EOL,2027,2027-02-26,,1768.15,Deferred,Application Dependency
PRJ-007104,AST-0003594,Laptop,EOL within 24 months,2027,2027-02-15,,2407.81,Not Started,Branch Scheduling
PRJ-007105,AST-0018361,Desktop,EOL within 24 months,2027,2027-03-19,,1076.95,Planning,Branch Scheduling
PRJ-007106,AST-0006391,Laptop,EOL within 24 months,2027,2027-02-01,,2244.53,Planning,Vendor Lead Time
PRJ-007107,AST-0004811,Laptop,EOL within 12 months,2028,2028-08-17,2028-10-09,1645.88,Completed,Security Exception
PRJ-007108,AST-0009071,Laptop,EOL within 12 months,2027,2027-09-23,2027-12-11,1654.6,Completed,Application Dependency
PRJ-007109,AST-0003235,Laptop,Past EOL,2027,2027-08-22,,1609.26,Not Started,Branch Scheduling
PRJ-007110,AST-0006820,Laptop,EOL within 24 months,2026,2026-09-02,,2212.14,Planning,Security Exception
PRJ-007111,AST-0018869,VDI Endpoint,EOL within 24 months,2027,2027-07-19,,1178.65,Blocked,None
PRJ-007112,AST-0000634,Laptop,EOL within 12 months,2028,2028-06-05,,1547.21,In Progress,Change Freeze
PRJ-007113,AST-0011659,Laptop,EOL within 24 months,2028,2028-02-11,,2145.42,Not Started,Vendor Lead Time
PRJ-007114,AST-0001905,Laptop,Past EOL,2026,2026-08-04,,1495.35,Planning,Application Dependency
PRJ-007115,AST-0015993,Desktop,EOL within 24 months,2027,2027-08-26,2027-11-15,974.57,Completed,Security Exception
PRJ-007116,AST-0005699,Laptop,EOL within 24 months,2028,2028-10-09,,1872.75,Not Started,Change Freeze
PRJ-007117,AST-0017673,Desktop,EOL within 12 months,2028,2028-10-20,2028-12-01,1392.81,Completed,Budget Approval
PRJ-007118,AST-0020606,Server,EOL within 24 months,2028,2028-08-11,,14734.09,Not Started,Security Exception
PRJ-007119,AST-0018154,Desktop,EOL within 24 months,2026,2026-07-25,,1058.23,Not Started,Branch Scheduling
PRJ-007120,AST-0016307,Desktop,EOL within 12 months,2026,2026-10-26,,1198.61,Not Started,Application Dependency
PRJ-007121,AST-0013382,Laptop,Past EOL,2028,2028-01-07,2028-02-14,1582.73,Completed,Vendor Lead Time
PRJ-007122,AST-0004196,Laptop,EOL within 24 months,2028,2028-10-26,2028-12-31,3297.9,Completed,Budget Approval
PRJ-007123,AST-0001434,Laptop,EOL within 12 months,2027,2027-04-22,2027-06-08,1696.47,Completed,Security Exception
PRJ-007124,AST-0019712,VDI Endpoint,EOL within 12 months,2028,2028-05-09,,1239.45,In Progress,None
PRJ-007125,AST-0015478,Desktop,EOL within 24 months,2028,2028-10-26,,1095.71,Deferred,Application Dependency
PRJ-007126,AST-0008104,Laptop,Past EOL,2028,2028-03-09,,1524.48,Not Started,Vendor Lead Time
PRJ-007127,AST-0014536,Desktop,EOL within 12 months,2026,2026-10-25,2026-10-25,1011.8,Completed,None
PRJ-007128,AST-0002631,Laptop,EOL within 24 months,2028,2028-07-20,2028-10-10,2088.13,Completed,Budget Approval
PRJ-007129,AST-0023321,Wireless Access Point,EOL within 24 months,2028,2028-11-19,,1248.69,In Progress,Budget Approval
PRJ-007130,AST-0014219,Desktop,EOL within 24 months,2028,2028-06-17,,1080.93,Planning,Vendor Lead Time
PRJ-007131,AST-0009815,Laptop,EOL within 12 months,2028,2028-02-21,2028-02-18,1482.48,Completed,Branch Scheduling
PRJ-007132,AST-0023758,Wireless Access Point,EOL within 24 months,2028,2028-11-22,,1218.24,Deferred,None
PRJ-007133,AST-0013314,Laptop,Past EOL,2028,2028-05-09,,1721.68,Planning,Vendor Lead Time
PRJ-007134,AST-0005586,Laptop,EOL within 24 months,2026,2026-12-26,,2870.09,Deferred,Security Exception
PRJ-007135,AST-0005303,Laptop,EOL within 12 months,2028,2028-02-28,,1403.58,Planning,Budget Approval
PRJ-007136,AST-0008151,Laptop,Past EOL,2027,2027-06-08,,1541.51,Not Started,None
PRJ-007137,AST-0003864,Laptop,Past EOL,2028,2028-09-29,,1457.01,Planning,Application Dependency
PRJ-007138,AST-0009374,Laptop,Past EOL,2027,2027-07-27,,1754.45,Planning,Branch Scheduling
PRJ-007139,AST-0004847,Laptop,Past EOL,2027,2027-11-30,,1527.73,Planning,Vendor Lead Time
PRJ-007140,AST-0015332,Desktop,EOL within 24 months,2028,2028-05-24,,1005.2,Planning,Change Freeze
PRJ-007141,AST-0018908,VDI Endpoint,EOL within 12 months,2027,2027-02-01,,1066.93,Not Started,Branch Scheduling
PRJ-007142,AST-0000162,Laptop,Past EOL,2027,2027-02-15,2027-03-02,1496.99,Completed,Application Dependency
PRJ-007143,AST-0017453,Desktop,EOL within 24 months,2028,2028-02-27,,1174.7,Blocked,Vendor Lead Time
PRJ-007144,AST-0011183,Laptop,EOL within 12 months,2028,2028-08-28,,1799.38,Not Started,None
PRJ-007145,AST-0019770,VDI Endpoint,EOL within 24 months,2026,2026-10-23,,847.72,In Progress,None
PRJ-007146,AST-0000303,Laptop,EOL within 24 months,2028,2028-07-27,,1699.14,Not Started,None
PRJ-007147,AST-0007031,Laptop,Past EOL,2027,2027-09-25,,1730.81,Blocked,Application Dependency
PRJ-007148,AST-0004417,Laptop,EOL within 12 months,2028,2028-03-14,,2145.24,Planning,Branch Scheduling
PRJ-007149,AST-0004371,Laptop,EOL within 24 months,2026,2026-08-01,,1544.2,Deferred,Vendor Lead Time
PRJ-007150,AST-0008472,Laptop,EOL within 12 months,2028,2028-03-26,,1553.31,Deferred,Security Exception
PRJ-007151,AST-0020201,Server,EOL within 24 months,2027,2027-09-06,,11167.27,Planning,Application Dependency
PRJ-007152,AST-0018358,Desktop,EOL within 24 months,2028,2028-08-13,,1059.79,Deferred,Budget Approval
PRJ-007153,AST-0005039,Laptop,Past EOL,2026,2026-08-01,,1533.91,Planning,None
PRJ-007154,AST-0014215,Desktop,EOL within 24 months,2027,2027-03-12,2027-03-02,1215.12,Completed,Change Freeze
PRJ-007155,AST-0002887,Laptop,Past EOL,2027,2027-09-13,,1470.91,Not Started,Vendor Lead Time
PRJ-007156,AST-0006679,Laptop,Past EOL,2028,2028-10-16,,1775.8,Deferred,Application Dependency
PRJ-007157,AST-0018643,VDI Endpoint,EOL within 12 months,2026,2026-12-12,,1165.1,Deferred,None
PRJ-007158,AST-0007178,Laptop,EOL within 24 months,2027,2027-02-22,,3515.23,In Progress,Branch Scheduling
PRJ-007159,AST-0020965,Server,EOL within 24 months,2026,2026-11-25,,13366.23,In Progress,None
PRJ-007160,AST-0003192,Laptop,Past EOL,2028,2028-04-07,,1551.79,Planning,None
PRJ-007161,AST-0004813,Laptop,Past EOL,2028,2028-07-06,,1969.3,Planning,None
PRJ-007162,AST-0003728,Laptop,EOL within 24 months,2028,2028-05-12,,2386.81,Planning,None
PRJ-007163,AST-0010584,Laptop,Past EOL,2027,2027-04-24,,1661.8,Not Started,Change Freeze
PRJ-007164,AST-0013056,Laptop,EOL within 24 months,2028,2028-09-24,2028-09-13,2421.91,Completed,Security Exception
PRJ-007165,AST-0015583,Desktop,EOL within 12 months,2027,2027-06-24,2027-06-24,994.51,Completed,Change Freeze
PRJ-007166,AST-0006363,Laptop,EOL within 24 months,2026,2026-11-26,,1666.78,Not Started,Branch Scheduling
PRJ-007167,AST-0002294,Laptop,EOL within 24 months,2026,2026-07-29,,1768.99,Deferred,Security Exception
PRJ-007168,AST-0015705,Desktop,EOL within 12 months,2027,2027-05-06,,1328.72,Not Started,Vendor Lead Time
PRJ-007169,AST-0022191,Access Switch,EOL within 24 months,2027,2027-07-14,,5352.55,In Progress,Application Dependency
PRJ-007170,AST-0002300,Laptop,EOL within 12 months,2026,2026-11-17,,2077.32,Planning,Security Exception
PRJ-007171,AST-0008705,Laptop,Past EOL,2027,2027-07-24,,1491.93,Deferred,Security Exception
PRJ-007172,AST-0007454,Laptop,EOL within 24 months,2028,2028-09-28,,1608.51,Blocked,Change Freeze
PRJ-007173,AST-0012333,Laptop,EOL within 24 months,2026,2026-07-14,,3031.24,In Progress,Vendor Lead Time
PRJ-007174,AST-0016508,Desktop,EOL within 12 months,2028,2028-01-01,,1205.28,Planning,Change Freeze
PRJ-007175,AST-0010656,Laptop,EOL within 24 months,2027,2027-08-26,,1953.24,Not Started,Change Freeze
PRJ-007176,AST-0000778,Laptop,EOL within 24 months,2026,2026-10-01,,3233.3,Planning,Security Exception
PRJ-007177,AST-0002116,Laptop,Past EOL,2028,2028-10-25,,2000.64,Not Started,Change Freeze
PRJ-007178,AST-0000534,Laptop,EOL within 24 months,2027,2027-12-24,,1715.33,Planning,Security Exception
PRJ-007179,AST-0019222,VDI Endpoint,EOL within 12 months,2027,2027-12-23,,1408.06,Planning,Security Exception
PRJ-007180,AST-0018310,Desktop,EOL within 24 months,2027,2027-11-08,,1252.08,In Progress,Branch Scheduling
PRJ-007181,AST-0010643,Laptop,EOL within 12 months,2028,2028-05-17,,2118.6,Deferred,Application Dependency
PRJ-007182,AST-0006830,Laptop,Past EOL,2028,2028-08-24,,2012.62,Not Started,Vendor Lead Time
PRJ-007183,AST-0015522,Desktop,EOL within 12 months,2027,2027-02-13,,1100.14,Planning,None
PRJ-007184,AST-0000707,Laptop,EOL within 12 months,2027,2027-01-17,,1663.19,Planning,Application Dependency
PRJ-007185,AST-0001070,Laptop,Past EOL,2026,2026-11-11,,1532.4,Planning,Application Dependency
PRJ-007186,AST-0023495,Wireless Access Point,EOL within 24 months,2027,2027-12-06,,1355.84,In Progress,Change Freeze
PRJ-007187,AST-0002909,Laptop,Past EOL,2028,2028-01-26,,1416.12,In Progress,Change Freeze
PRJ-007188,AST-0005293,Laptop,Past EOL,2026,2026-10-14,,1799.64,Not Started,None
PRJ-007189,AST-0000012,Laptop,EOL within 12 months,2027,2027-07-06,,1566.89,Not Started,Vendor Lead Time
PRJ-007190,AST-0005139,Laptop,Past EOL,2026,2026-09-05,,1531.67,In Progress,Vendor Lead Time
PRJ-007191,AST-0021691,Access Switch,EOL within 24 months,2027,2027-06-25,2027-05-27,5022.82,Completed,Budget Approval
PRJ-007192,AST-0017171,Desktop,EOL within 24 months,2027,2027-10-11,,900.52,In Progress,Branch Scheduling
PRJ-007193,AST-0004321,Laptop,EOL within 12 months,2027,2027-05-26,,1709.28,Not Started,Application Dependency
PRJ-007194,AST-0000174,Laptop,EOL within 12 months,2026,2026-06-23,,1830.59,Not Started,None
PRJ-007195,AST-0000239,Laptop,EOL within 24 months,2027,2027-08-08,,3645.37,Not Started,Branch Scheduling
PRJ-007196,AST-0004528,Laptop,EOL within 24 months,2028,2028-01-25,,1889.08,Deferred,None
PRJ-007197,AST-0013697,Laptop,EOL within 24 months,2027,2027-09-22,,2013.7,Blocked,Budget Approval
PRJ-007198,AST-0000595,Laptop,EOL within 12 months,2027,2027-03-14,,1797.19,Planning,Branch Scheduling
PRJ-007199,AST-0014404,Desktop,EOL within 12 months,2026,2026-07-10,2026-09-23,1321.04,Completed,None
PRJ-007200,AST-0010918,Laptop,EOL within 24 months,2026,2026-06-24,2026-09-12,1957.76,Completed,Change Freeze
PRJ-007201,AST-0015049,Desktop,EOL within 24 months,2027,2027-04-29,,1253.55,Planning,None
PRJ-007202,AST-0006475,Laptop,Past EOL,2027,2027-01-24,,1973.57,Not Started,Branch Scheduling
PRJ-007203,AST-0017033,Desktop,EOL within 12 months,2027,2027-07-17,,1375.94,In Progress,Budget Approval
PRJ-007204,AST-0012888,Laptop,EOL within 12 months,2027,2027-05-31,,1778.31,Deferred,None
PRJ-007205,AST-0019930,VDI Endpoint,EOL within 24 months,2026,2026-07-03,,945.91,Not Started,None
PRJ-007206,AST-0016007,Desktop,EOL within 24 months,2027,2027-07-24,2027-09-03,1079.03,Completed,Application Dependency
PRJ-007207,AST-0021685,Access Switch,EOL within 24 months,2028,2028-08-15,,6866.97,Planning,Branch Scheduling
PRJ-007208,AST-0011822,Laptop,EOL within 24 months,2027,2027-04-08,,1633.05,Not Started,None
PRJ-007209,AST-0018740,VDI Endpoint,EOL within 12 months,2027,2027-08-21,,1065.32,Not Started,Vendor Lead Time
PRJ-007210,AST-0004972,Laptop,Past EOL,2028,2028-01-05,,1923.4,Not Started,Vendor Lead Time
PRJ-007211,AST-0021662,Access Switch,EOL within 24 months,2027,2027-05-14,2027-07-05,6580.89,Completed,Branch Scheduling
PRJ-007212,AST-0017682,Desktop,EOL within 24 months,2028,2028-03-03,,882.24,In Progress,None
PRJ-007213,AST-0005252,Laptop,EOL within 24 months,2028,2028-12-03,,3127.34,Not Started,None
PRJ-007214,AST-0006243,Laptop,EOL within 12 months,2028,2028-02-19,,1913.95,Planning,Budget Approval
PRJ-007215,AST-0020790,Server,EOL within 24 months,2026,2026-09-03,,14981.61,Planning,None
PRJ-007216,AST-0015223,Desktop,EOL within 24 months,2028,2028-02-14,,1174.25,Blocked,Application Dependency
PRJ-007217,AST-0005725,Laptop,Past EOL,2028,2028-06-07,,1929.67,Not Started,Branch Scheduling
PRJ-007218,AST-0000684,Laptop,EOL within 24 months,2028,2028-02-28,,1717.16,In Progress,Vendor Lead Time
PRJ-007219,AST-0003688,Laptop,Past EOL,2026,2026-11-19,2027-01-21,1565.13,Completed,Vendor Lead Time
PRJ-007220,AST-0018543,VDI Endpoint,EOL within 24 months,2028,2028-08-13,,863.46,Blocked,Application Dependency
PRJ-007221,AST-0014914,Desktop,EOL within 12 months,2027,2027-06-23,,1002.06,Planning,Security Exception
PRJ-007222,AST-0010509,Laptop,EOL within 12 months,2028,2028-04-11,,2075.88,In Progress,None
PRJ-007223,AST-0006117,Laptop,EOL within 24 months,2028,2028-01-01,2028-01-10,2484.38,Completed,Vendor Lead Time
PRJ-007224,AST-0005954,Laptop,EOL within 24 months,2027,2027-11-14,2028-02-09,1760.05,Completed,Security Exception
PRJ-007225,AST-0002839,Laptop,Past EOL,2027,2027-10-28,,1980.86,Deferred,Branch Scheduling
PRJ-007226,AST-0014908,Desktop,EOL within 12 months,2026,2026-07-14,,1048.53,Planning,Application Dependency
PRJ-007227,AST-0006500,Laptop,EOL within 24 months,2028,2028-04-20,,2237.48,Deferred,Vendor Lead Time
PRJ-007228,AST-0000178,Laptop,Past EOL,2027,2027-07-10,,1356.87,Planning,Budget Approval
PRJ-007229,AST-0013061,Laptop,EOL within 12 months,2028,2028-07-12,,1597.19,In Progress,None
PRJ-007230,AST-0014336,Desktop,EOL within 24 months,2027,2027-02-26,,1237.17,Planning,None
PRJ-007231,AST-0017199,Desktop,EOL within 24 months,2028,2028-07-30,2028-09-12,881.59,Completed,Budget Approval
PRJ-007232,AST-0017483,Desktop,EOL within 24 months,2027,2027-10-18,,966.95,In Progress,Branch Scheduling
PRJ-007233,AST-0016034,Desktop,EOL within 12 months,2027,2027-03-12,,1153.42,Not Started,Branch Scheduling
PRJ-007234,AST-0000720,Laptop,Past EOL,2026,2026-12-05,2027-02-05,2023.68,Completed,Security Exception
PRJ-007235,AST-0000417,Laptop,Past EOL,2026,2026-07-20,,1669.65,In Progress,None
PRJ-007236,AST-0001919,Laptop,EOL within 24 months,2028,2028-07-02,2028-07-25,2018.9,Completed,Application Dependency
PRJ-007237,AST-0017405,Desktop,EOL within 12 months,2028,2028-04-30,,1215.72,Planning,Change Freeze
PRJ-007238,AST-0007680,Laptop,Past EOL,2028,2028-04-24,,1634.63,Planning,Security Exception
PRJ-007239,AST-0015878,Desktop,EOL within 24 months,2027,2027-12-26,2028-03-13,1091.2,Completed,Branch Scheduling
PRJ-007240,AST-0011431,Laptop,Past EOL,2028,2028-04-14,,1901.39,Planning,Security Exception
PRJ-007241,AST-0018626,VDI Endpoint,EOL within 24 months,2028,2028-01-21,,1139.14,Deferred,Security Exception
PRJ-007242,AST-0006876,Laptop,EOL within 24 months,2027,2027-01-13,,2125.35,Planning,Budget Approval
PRJ-007243,AST-0014544,Desktop,EOL within 24 months,2028,2028-11-26,,904.34,Planning,Vendor Lead Time
PRJ-007244,AST-0018978,VDI Endpoint,EOL within 12 months,2027,2027-03-14,2027-05-20,1375.76,Completed,None
PRJ-007245,AST-0017395,Desktop,EOL within 24 months,2027,2027-10-06,,1035.8,In Progress,Change Freeze
PRJ-007246,AST-0017929,Desktop,EOL within 24 months,2028,2028-03-15,,1098.3,Planning,Change Freeze
PRJ-007247,AST-0015510,Desktop,EOL within 24 months,2026,2026-09-06,,1125.3,Deferred,Vendor Lead Time
PRJ-007248,AST-0018143,Desktop,EOL within 12 months,2028,2028-12-23,,1414.67,Not Started,Security Exception
PRJ-007249,AST-0014515,Desktop,EOL within 12 months,2026,2026-12-03,,1346.42,Not Started,Branch Scheduling
PRJ-007250,AST-0017643,Desktop,EOL within 12 months,2026,2026-12-25,,1317.15,Not Started,None
PRJ-007251,AST-0000356,Laptop,EOL within 24 months,2026,2026-12-14,,2011.29,Planning,Budget Approval
PRJ-007252,AST-0001028,Laptop,EOL within 24 months,2028,2028-05-05,,1643.58,In Progress,Budget Approval
PRJ-007253,AST-0011013,Laptop,EOL within 12 months,2026,2026-12-18,,1461.0,Planning,Vendor Lead Time
PRJ-007254,AST-0017975,Desktop,EOL within 24 months,2027,2027-01-28,,1142.29,Not Started,Application Dependency
PRJ-007255,AST-0000885,Laptop,EOL within 24 months,2026,2026-08-01,,3204.85,Planning,Application Dependency
PRJ-007256,AST-0009466,Laptop,EOL within 24 months,2028,2028-04-01,,1837.19,In Progress,None
PRJ-007257,AST-0013805,Laptop,EOL within 24 months,2027,2027-07-11,2027-07-18,3164.36,Completed,Branch Scheduling
PRJ-007258,AST-0000285,Laptop,EOL within 12 months,2028,2028-09-07,,2093.41,In Progress,Budget Approval
PRJ-007259,AST-0004152,Laptop,EOL within 12 months,2027,2027-01-11,2027-03-21,1558.61,Completed,Vendor Lead Time
PRJ-007260,AST-0021680,Access Switch,EOL within 24 months,2027,2027-12-10,,7010.07,Not Started,Branch Scheduling
PRJ-007261,AST-0008348,Laptop,EOL within 12 months,2027,2027-08-19,,1815.2,In Progress,Application Dependency
PRJ-007262,AST-0018762,VDI Endpoint,EOL within 24 months,2028,2028-01-09,,1186.07,In Progress,None
PRJ-007263,AST-0003375,Laptop,EOL within 12 months,2028,2028-07-30,,1502.95,Not Started,Security Exception
PRJ-007264,AST-0004126,Laptop,EOL within 12 months,2027,2027-07-07,,1978.06,Planning,Application Dependency
PRJ-007265,AST-0013322,Laptop,EOL within 24 months,2027,2027-07-23,,3370.4,Planning,Application Dependency
PRJ-007266,AST-0018252,Desktop,EOL within 24 months,2027,2027-10-27,,874.79,Planning,Vendor Lead Time
PRJ-007267,AST-0006288,Laptop,EOL within 24 months,2026,2026-07-15,,2009.46,Not Started,Branch Scheduling
PRJ-007268,AST-0015255,Desktop,EOL within 12 months,2027,2027-03-09,,948.34,Deferred,None
PRJ-007269,AST-0016812,Desktop,EOL within 12 months,2028,2028-05-27,2028-05-23,1159.95,Completed,Branch Scheduling
PRJ-007270,AST-0007874,Laptop,Past EOL,2027,2027-08-15,,1587.1,Planning,Security Exception
PRJ-007271,AST-0000583,Laptop,EOL within 24 months,2026,2026-12-11,,2116.64,Not Started,Application Dependency
PRJ-007272,AST-0013967,Laptop,Past EOL,2028,2028-09-13,,1738.78,Deferred,Budget Approval
PRJ-007273,AST-0018780,VDI Endpoint,EOL within 24 months,2028,2028-01-13,,1110.61,Planning,Budget Approval
PRJ-007274,AST-0003639,Laptop,EOL within 12 months,2028,2028-08-20,,2019.04,Deferred,None
PRJ-007275,AST-0001115,Laptop,EOL within 24 months,2026,2026-12-05,,2052.99,In Progress,Budget Approval
PRJ-007276,AST-0002996,Laptop,EOL within 12 months,2026,2026-07-18,2026-07-21,2169.92,Completed,Security Exception
PRJ-007277,AST-0022752,Core Switch,EOL within 24 months,2028,2028-01-15,,20802.49,In Progress,None
PRJ-007278,AST-0009354,Laptop,EOL within 24 months,2026,2026-06-08,,3195.78,In Progress,Vendor Lead Time
PRJ-007279,AST-0019044,VDI Endpoint,EOL within 24 months,2028,2028-06-09,,826.22,Not Started,Vendor Lead Time
PRJ-007280,AST-0003907,Laptop,EOL within 24 months,2028,2028-03-10,,1945.58,Not Started,Security Exception
PRJ-007281,AST-0009375,Laptop,Past EOL,2028,2028-12-03,2028-11-04,1986.34,Completed,Vendor Lead Time
PRJ-007282,AST-0009519,Laptop,EOL within 12 months,2028,2028-11-30,,1792.65,Not Started,Change Freeze
PRJ-007283,AST-0008532,Laptop,EOL within 12 months,2027,2027-09-29,,1988.78,Planning,Change Freeze
PRJ-007284,AST-0014501,Desktop,EOL within 12 months,2028,2028-11-06,,1049.44,Deferred,None
PRJ-007285,AST-0014687,Desktop,EOL within 12 months,2028,2028-07-18,,1077.31,Not Started,Change Freeze
PRJ-007286,AST-0005655,Laptop,Past EOL,2027,2027-03-10,2027-04-11,1527.34,Completed,Budget Approval
PRJ-007287,AST-0003052,Laptop,EOL within 12 months,2028,2028-02-18,,1761.75,Planning,Security Exception
PRJ-007288,AST-0010783,Laptop,Past EOL,2028,2028-01-11,,2006.38,Planning,Branch Scheduling
PRJ-007289,AST-0008298,Laptop,EOL within 12 months,2028,2028-02-10,2028-02-25,1501.97,Completed,Security Exception
PRJ-007290,AST-0000688,Laptop,Past EOL,2028,2028-02-25,,1720.29,Not Started,Vendor Lead Time
PRJ-007291,AST-0003954,Laptop,Past EOL,2026,2026-10-15,,1724.14,In Progress,Change Freeze
PRJ-007292,AST-0011689,Laptop,EOL within 12 months,2028,2028-11-29,,1565.54,Not Started,Branch Scheduling
PRJ-007293,AST-0011537,Laptop,EOL within 12 months,2027,2027-03-08,,2046.15,Blocked,Application Dependency
PRJ-007294,AST-0002915,Laptop,Past EOL,2026,2026-07-03,2026-07-28,1412.55,Completed,Security Exception
PRJ-007295,AST-0000451,Laptop,EOL within 24 months,2028,2028-11-04,,1591.09,Planning,Budget Approval
PRJ-007296,AST-0003041,Laptop,EOL within 12 months,2027,2027-07-05,,2067.61,Not Started,Branch Scheduling
PRJ-007297,AST-0005280,Laptop,Past EOL,2027,2027-04-03,,1512.5,Not Started,Branch Scheduling
PRJ-007298,AST-0018282,Desktop,EOL within 12 months,2028,2028-11-06,,1113.42,Blocked,Budget Approval
PRJ-007299,AST-0004754,Laptop,Past EOL,2027,2027-03-22,,1443.32,Deferred,Vendor Lead Time
PRJ-007300,AST-0018393,Desktop,EOL within 12 months,2027,2027-02-10,,1103.22,Blocked,None
PRJ-007301,AST-0019370,VDI Endpoint,EOL within 12 months,2027,2027-07-11,,1414.05,In Progress,Security Exception
PRJ-007302,AST-0006259,Laptop,EOL within 12 months,2028,2028-02-11,2028-03-06,1777.4,Completed,Budget Approval
PRJ-007303,AST-0009670,Laptop,EOL within 12 months,2027,2027-03-28,,1783.61,Not Started,Branch Scheduling
PRJ-007304,AST-0010968,Laptop,EOL within 12 months,2028,2028-01-22,2028-03-15,1552.93,Completed,Change Freeze
PRJ-007305,AST-0007703,Laptop,Past EOL,2027,2027-05-15,,1559.22,Planning,Change Freeze
PRJ-007306,AST-0021931,Access Switch,EOL within 24 months,2027,2027-08-26,,6254.42,Not Started,Vendor Lead Time
PRJ-007307,AST-0004250,Laptop,EOL within 24 months,2026,2026-06-24,,1799.96,Blocked,Budget Approval
PRJ-007308,AST-0022400,Access Switch,EOL within 24 months,2026,2026-12-23,,9229.61,Blocked,Branch Scheduling
PRJ-007309,AST-0010339,Laptop,EOL within 12 months,2026,2026-08-31,,1746.9,Not Started,Branch Scheduling
PRJ-007310,AST-0011503,Laptop,EOL within 12 months,2028,2028-11-12,,1749.9,Planning,Vendor Lead Time
PRJ-007311,AST-0018326,Desktop,EOL within 12 months,2027,2027-06-13,,1366.62,Blocked,Application Dependency
PRJ-007312,AST-0023184,Wireless Access Point,EOL within 24 months,2027,2027-05-23,,1567.45,Not Started,Vendor Lead Time
PRJ-007313,AST-0004045,Laptop,EOL within 24 months,2028,2028-12-25,2029-03-05,1786.16,Completed,None
PRJ-007314,AST-0021745,Access Switch,EOL within 24 months,2026,2026-12-02,,8386.7,Planning,Budget Approval
PRJ-007315,AST-0005501,Laptop,EOL within 24 months,2027,2027-05-24,,2059.64,Not Started,Vendor Lead Time
PRJ-007316,AST-0016173,Desktop,EOL within 24 months,2027,2027-05-22,,1261.64,In Progress,Budget Approval
PRJ-007317,AST-0006192,Laptop,EOL within 24 months,2027,2027-12-23,,1809.85,Deferred,Security Exception
PRJ-007318,AST-0021474,Server,EOL within 24 months,2028,2028-09-25,,10502.38,Not Started,None
PRJ-007319,AST-0001891,Laptop,EOL within 24 months,2027,2027-03-06,,2983.77,Not Started,Budget Approval
PRJ-007320,AST-0002492,Laptop,Past EOL,2027,2027-03-05,,1603.32,Planning,None
PRJ-007321,AST-0008905,Laptop,Past EOL,2027,2027-02-23,,1959.14,Planning,Branch Scheduling
PRJ-007322,AST-0001397,Laptop,Past EOL,2027,2027-03-19,2027-03-01,1356.32,Completed,Security Exception
PRJ-007323,AST-0000859,Laptop,EOL within 12 months,2028,2028-08-11,,1627.38,Not Started,None
PRJ-007324,AST-0015903,Desktop,EOL within 24 months,2027,2027-09-24,,1149.69,In Progress,Security Exception
PRJ-007325,AST-0010942,Laptop,EOL within 24 months,2028,2028-08-17,,3806.14,In Progress,Security Exception
PRJ-007326,AST-0012908,Laptop,EOL within 24 months,2028,2028-06-22,,2119.77,In Progress,Vendor Lead Time
PRJ-007327,AST-0008409,Laptop,EOL within 24 months,2027,2027-07-17,,1750.13,Not Started,Branch Scheduling
PRJ-007328,AST-0023729,Wireless Access Point,EOL within 24 months,2026,2026-12-02,,1214.64,Not Started,Vendor Lead Time
PRJ-007329,AST-0019658,VDI Endpoint,EOL within 24 months,2027,2027-11-29,,1108.68,Planning,Vendor Lead Time
PRJ-007330,AST-0013907,Laptop,Past EOL,2027,2027-10-19,,1811.92,Deferred,None
PRJ-007331,AST-0013630,Laptop,EOL within 24 months,2028,2028-01-10,,1736.82,In Progress,Budget Approval
PRJ-007332,AST-0020657,Server,EOL within 24 months,2028,2028-01-28,,11665.08,Blocked,Application Dependency
PRJ-007333,AST-0020978,Server,EOL within 24 months,2028,2028-08-07,,12246.36,Planning,Security Exception
PRJ-007334,AST-0015968,Desktop,EOL within 12 months,2026,2026-08-20,,1239.19,Planning,Vendor Lead Time
PRJ-007335,AST-0002569,Laptop,EOL within 24 months,2028,2028-03-31,,3255.71,Planning,Branch Scheduling
PRJ-007336,AST-0013206,Laptop,Past EOL,2026,2026-07-31,,1694.35,Not Started,None
PRJ-007337,AST-0022169,Access Switch,EOL within 24 months,2026,2026-11-19,,8855.85,Not Started,Budget Approval
PRJ-007338,AST-0005477,Laptop,EOL within 24 months,2026,2026-06-10,,2119.29,Not Started,Application Dependency
PRJ-007339,AST-0009707,Laptop,Past EOL,2026,2026-11-04,,1547.1,Planning,Branch Scheduling
PRJ-007340,AST-0002587,Laptop,EOL within 24 months,2026,2026-08-04,,1787.4,Deferred,Application Dependency
PRJ-007341,AST-0014933,Desktop,EOL within 24 months,2028,2028-02-05,,1131.95,Not Started,Security Exception
PRJ-007342,AST-0022985,Router,EOL within 12 months,2027,2027-04-06,,6686.99,Not Started,Change Freeze
PRJ-007343,AST-0013083,Laptop,EOL within 12 months,2028,2028-09-26,,1703.33,Not Started,Budget Approval
PRJ-007344,AST-0000490,Laptop,Past EOL,2028,2028-04-13,2028-05-30,1845.44,Completed,Application Dependency
PRJ-007345,AST-0018467,Desktop,EOL within 12 months,2028,2028-10-04,,1136.98,Not Started,Budget Approval
PRJ-007346,AST-0013786,Laptop,EOL within 24 months,2026,2026-12-03,,2021.34,In Progress,Change Freeze
PRJ-007347,AST-0006911,Laptop,Past EOL,2027,2027-12-16,,1597.63,Not Started,Budget Approval
PRJ-007348,AST-0006256,Laptop,Past EOL,2028,2028-10-26,,1659.77,Not Started,Budget Approval
PRJ-007349,AST-0005099,Laptop,Past EOL,2028,2028-10-25,,1424.32,Deferred,Budget Approval
PRJ-007350,AST-0017678,Desktop,EOL within 24 months,2028,2028-07-10,,1089.26,Planning,Branch Scheduling
PRJ-007351,AST-0006118,Laptop,EOL within 24 months,2027,2027-02-13,,3820.37,Planning,Branch Scheduling
PRJ-007352,AST-0013863,Laptop,EOL within 24 months,2027,2027-02-20,,2171.17,In Progress,Change Freeze
PRJ-007353,AST-0007711,Laptop,EOL within 24 months,2026,2026-07-01,,1766.7,In Progress,None
PRJ-007354,AST-0004618,Laptop,Past EOL,2026,2026-06-25,,1893.74,In Progress,Change Freeze
PRJ-007355,AST-0009784,Laptop,EOL within 24 months,2026,2026-11-07,,3458.9,In Progress,None
PRJ-007356,AST-0007931,Laptop,EOL within 24 months,2027,2027-03-31,,1697.03,In Progress,None
PRJ-007357,AST-0013375,Laptop,EOL within 12 months,2026,2026-08-08,,1569.77,Planning,Security Exception
PRJ-007358,AST-0002758,Laptop,EOL within 12 months,2027,2027-04-29,,1467.46,Not Started,Change Freeze
PRJ-007359,AST-0019490,VDI Endpoint,EOL within 12 months,2028,2028-11-05,,1118.23,Not Started,Vendor Lead Time
PRJ-007360,AST-0001729,Laptop,EOL within 24 months,2028,2028-02-11,,3222.21,Not Started,Budget Approval
PRJ-007361,AST-0002419,Laptop,Past EOL,2026,2026-08-19,,1833.12,In Progress,Application Dependency
PRJ-007362,AST-0022391,Access Switch,EOL within 24 months,2027,2027-05-07,2027-07-12,7219.9,Completed,Change Freeze
PRJ-007363,AST-0018238,Desktop,EOL within 24 months,2026,2026-08-27,2026-09-11,996.43,Completed,None
PRJ-007364,AST-0023894,Wireless Controller,EOL within 24 months,2028,2028-06-16,,10485.77,Planning,None
PRJ-007365,AST-0017944,Desktop,EOL within 12 months,2027,2027-02-08,,1122.0,Planning,Security Exception
PRJ-007366,AST-0003303,Laptop,EOL within 12 months,2028,2028-05-09,,2054.24,Planning,Security Exception
PRJ-007367,AST-0019155,VDI Endpoint,EOL within 24 months,2027,2027-02-05,,1178.4,Planning,Budget Approval
PRJ-007368,AST-0006009,Laptop,EOL within 24 months,2028,2028-09-19,,2136.76,Not Started,Security Exception
PRJ-007369,AST-0011635,Laptop,EOL within 24 months,2026,2026-10-08,,1769.99,Not Started,Security Exception
PRJ-007370,AST-0009311,Laptop,Past EOL,2027,2027-10-13,,1513.48,Deferred,Security Exception
PRJ-007371,AST-0015469,Desktop,EOL within 24 months,2027,2027-07-06,,1338.69,Planning,Branch Scheduling
PRJ-007372,AST-0002773,Laptop,Past EOL,2027,2027-03-21,,1854.15,Planning,Security Exception
PRJ-007373,AST-0009538,Laptop,Past EOL,2027,2027-04-07,,1420.37,Deferred,Budget Approval
PRJ-007374,AST-0000006,Laptop,EOL within 12 months,2026,2026-06-05,,1905.62,In Progress,Vendor Lead Time
PRJ-007375,AST-0011550,Laptop,EOL within 12 months,2028,2028-01-26,,1672.16,Planning,Application Dependency
PRJ-007376,AST-0015803,Desktop,EOL within 12 months,2028,2028-12-21,2029-01-17,1128.38,Completed,Security Exception
PRJ-007377,AST-0021345,Server,EOL within 24 months,2028,2028-06-30,,10796.12,In Progress,Vendor Lead Time
PRJ-007378,AST-0015498,Desktop,EOL within 24 months,2028,2028-09-23,,1270.45,In Progress,None
PRJ-007379,AST-0010436,Laptop,Past EOL,2028,2028-08-27,,1869.04,Not Started,None
PRJ-007380,AST-0016102,Desktop,EOL within 12 months,2027,2027-10-28,,1016.71,Not Started,Budget Approval
PRJ-007381,AST-0014093,Desktop,EOL within 12 months,2028,2028-11-11,,1207.4,In Progress,Budget Approval
PRJ-007382,AST-0018201,Desktop,EOL within 24 months,2026,2026-08-31,,1174.65,In Progress,None
PRJ-007383,AST-0014428,Desktop,EOL within 12 months,2028,2028-06-05,,1332.9,Planning,Budget Approval
PRJ-007384,AST-0018622,VDI Endpoint,EOL within 24 months,2028,2028-07-29,,861.67,In Progress,Budget Approval
PRJ-007385,AST-0010949,Laptop,Past EOL,2029,2029-01-01,,1667.68,Blocked,Security Exception
PRJ-007386,AST-0018904,VDI Endpoint,EOL within 24 months,2028,2028-08-04,,950.39,Deferred,Change Freeze
PRJ-007387,AST-0019508,VDI Endpoint,EOL within 12 months,2028,2028-12-03,,1242.76,Planning,Security Exception
PRJ-007388,AST-0005238,Laptop,EOL within 12 months,2028,2028-02-13,,1817.97,Planning,Security Exception
PRJ-007389,AST-0005981,Laptop,EOL within 12 months,2028,2028-01-22,,1492.35,Not Started,Application Dependency
PRJ-007390,AST-0015431,Desktop,EOL within 24 months,2028,2028-08-01,,1002.84,Planning,Vendor Lead Time
PRJ-007391,AST-0019373,VDI Endpoint,EOL within 12 months,2028,2028-11-07,,1153.45,Blocked,Security Exception
PRJ-007392,AST-0013685,Laptop,Past EOL,2027,2027-07-11,,1744.72,Deferred,Budget Approval
PRJ-007393,AST-0005589,Laptop,Past EOL,2026,2026-10-03,,1661.53,Planning,Budget Approval
PRJ-007394,AST-0013251,Laptop,EOL within 24 months,2028,2028-02-25,,2001.24,Not Started,Branch Scheduling
PRJ-007395,AST-0014985,Desktop,EOL within 24 months,2028,2028-12-23,,980.21,Planning,Change Freeze
PRJ-007396,AST-0017470,Desktop,EOL within 24 months,2028,2028-09-06,,872.66,Planning,Budget Approval
PRJ-007397,AST-0007348,Laptop,EOL within 24 months,2027,2027-10-01,,1876.6,Planning,Security Exception
PRJ-007398,AST-0010227,Laptop,EOL within 12 months,2027,2027-08-11,,1846.31,Planning,None
PRJ-007399,AST-0017029,Desktop,EOL within 24 months,2028,2028-07-04,,1255.07,Not Started,Budget Approval
PRJ-007400,AST-0001658,Laptop,Past EOL,2028,2028-10-13,,1658.87,Not Started,Application Dependency
PRJ-007401,AST-0007622,Laptop,Past EOL,2028,2028-02-06,,1849.55,Planning,None
PRJ-007402,AST-0003320,Laptop,EOL within 24 months,2028,2028-02-12,,1551.43,Planning,Budget Approval
PRJ-007403,AST-0006509,Laptop,Past EOL,2026,2026-07-12,,1640.96,Not Started,Vendor Lead Time
PRJ-007404,AST-0016383,Desktop,EOL within 12 months,2027,2027-02-04,,1401.62,Planning,Branch Scheduling
PRJ-007405,AST-0016503,Desktop,EOL within 12 months,2026,2026-08-01,,962.04,Not Started,None
PRJ-007406,AST-0003364,Laptop,EOL within 12 months,2027,2027-07-15,,2053.94,Planning,Security Exception
PRJ-007407,AST-0016896,Desktop,EOL within 12 months,2027,2027-11-13,,998.29,Deferred,Budget Approval
PRJ-007408,AST-0001197,Laptop,EOL within 12 months,2027,2027-02-20,2027-05-11,2222.41,Completed,Vendor Lead Time
PRJ-007409,AST-0004216,Laptop,EOL within 12 months,2028,2028-07-12,,1766.26,Not Started,Budget Approval
PRJ-007410,AST-0003054,Laptop,EOL within 12 months,2028,2028-11-23,,1452.57,Not Started,Vendor Lead Time
PRJ-007411,AST-0017329,Desktop,EOL within 12 months,2027,2027-05-21,,1361.25,Planning,Vendor Lead Time
PRJ-007412,AST-0018632,VDI Endpoint,EOL within 12 months,2028,2028-07-02,,1185.9,Deferred,Change Freeze
PRJ-007413,AST-0003850,Laptop,EOL within 24 months,2028,2028-03-02,,1551.01,Planning,Change Freeze
PRJ-007414,AST-0018204,Desktop,EOL within 12 months,2028,2028-02-23,,1078.74,Not Started,None
PRJ-007415,AST-0010006,Laptop,EOL within 24 months,2028,2028-01-09,,3091.32,Not Started,Change Freeze
PRJ-007416,AST-0003278,Laptop,EOL within 12 months,2028,2028-09-29,,1794.94,Planning,Branch Scheduling
PRJ-007417,AST-0010422,Laptop,EOL within 24 months,2027,2027-12-19,,1827.41,Not Started,Branch Scheduling
PRJ-007418,AST-0014285,Desktop,EOL within 12 months,2028,2028-01-04,,1283.51,Not Started,Branch Scheduling
PRJ-007419,AST-0007065,Laptop,EOL within 12 months,2026,2026-08-14,,1979.09,Planning,Change Freeze
PRJ-007420,AST-0003164,Laptop,Past EOL,2026,2026-07-25,2026-09-08,1443.7,Completed,Branch Scheduling
PRJ-007421,AST-0006670,Laptop,Past EOL,2027,2027-11-16,,1485.21,Not Started,Budget Approval
PRJ-007422,AST-0005770,Laptop,Past EOL,2027,2027-06-11,,1658.28,Not Started,Application Dependency
PRJ-007423,AST-0023652,Wireless Access Point,EOL within 24 months,2027,2027-09-12,,1387.99,Planning,None
PRJ-007424,AST-0007892,Laptop,Past EOL,2027,2027-07-19,,1995.74,Planning,Change Freeze
PRJ-007425,AST-0008271,Laptop,EOL within 12 months,2027,2027-01-07,,1758.56,Planning,Budget Approval
PRJ-007426,AST-0018927,VDI Endpoint,EOL within 24 months,2026,2026-10-14,,1002.44,Deferred,Budget Approval
PRJ-007427,AST-0020297,Server,EOL within 24 months,2027,2027-01-05,,14221.5,Not Started,Change Freeze
PRJ-007428,AST-0011993,Laptop,EOL within 12 months,2028,2028-05-25,,1607.73,In Progress,Change Freeze
PRJ-007429,AST-0022981,Router,EOL within 12 months,2026,2026-08-25,,7529.29,Planning,Branch Scheduling
PRJ-007430,AST-0005234,Laptop,Past EOL,2028,2028-01-09,,1422.38,Planning,Change Freeze
PRJ-007431,AST-0000033,Laptop,EOL within 24 months,2027,2027-08-29,,3438.46,Not Started,Security Exception
PRJ-007432,AST-0005143,Laptop,Past EOL,2028,2028-05-05,,1541.09,Planning,None
PRJ-007433,AST-0007989,Laptop,EOL within 24 months,2028,2028-11-29,2028-12-30,2960.84,Completed,Change Freeze
PRJ-007434,AST-0002371,Laptop,EOL within 24 months,2028,2028-10-10,,3375.25,In Progress,Vendor Lead Time
PRJ-007435,AST-0006448,Laptop,EOL within 12 months,2027,2027-12-12,,1808.95,In Progress,Branch Scheduling
PRJ-007436,AST-0017406,Desktop,EOL within 24 months,2028,2028-04-15,2028-04-14,1031.84,Completed,Change Freeze
PRJ-007437,AST-0022194,Access Switch,EOL within 24 months,2028,2028-03-19,,6492.98,Not Started,Security Exception
PRJ-007438,AST-0006526,Laptop,EOL within 12 months,2026,2026-07-13,,2032.49,In Progress,Security Exception
PRJ-007439,AST-0014063,Desktop,EOL within 24 months,2027,2027-02-26,,1089.6,Blocked,Branch Scheduling
PRJ-007440,AST-0007476,Laptop,EOL within 12 months,2028,2028-09-01,,1612.78,In Progress,Branch Scheduling
PRJ-007441,AST-0012550,Laptop,EOL within 12 months,2027,2027-03-31,,2015.48,Not Started,Branch Scheduling
PRJ-007442,AST-0005208,Laptop,Past EOL,2028,2028-05-14,,1333.19,In Progress,Change Freeze
PRJ-007443,AST-0010274,Laptop,Past EOL,2026,2026-09-30,,1433.36,Not Started,Application Dependency
PRJ-007444,AST-0002183,Laptop,EOL within 12 months,2028,2028-10-11,,1895.85,Planning,Change Freeze
PRJ-007445,AST-0004338,Laptop,Past EOL,2027,2027-05-01,,1407.08,Planning,Security Exception
PRJ-007446,AST-0015426,Desktop,EOL within 24 months,2028,2028-08-11,,1325.14,Planning,Branch Scheduling
PRJ-007447,AST-0004572,Laptop,EOL within 24 months,2028,2028-05-04,,2249.76,In Progress,Change Freeze
PRJ-007448,AST-0010075,Laptop,EOL within 12 months,2028,2028-06-28,,1731.79,Planning,Branch Scheduling
PRJ-007449,AST-0019831,VDI Endpoint,EOL within 24 months,2028,2028-02-23,,956.56,Planning,Change Freeze
PRJ-007450,AST-0001796,Laptop,EOL within 12 months,2028,2028-12-28,,2014.64,Not Started,Security Exception
PRJ-007451,AST-0007498,Laptop,EOL within 24 months,2028,2028-02-19,,2012.56,Not Started,Vendor Lead Time
PRJ-007452,AST-0008642,Laptop,EOL within 12 months,2027,2027-11-22,,1817.36,Planning,None
PRJ-007453,AST-0007978,Laptop,Past EOL,2027,2027-04-10,,1429.18,Planning,None
PRJ-007454,AST-0019826,VDI Endpoint,EOL within 24 months,2027,2027-11-10,,907.2,Blocked,Security Exception
PRJ-007455,AST-0006866,Laptop,Past EOL,2027,2027-11-27,2027-12-01,1778.12,Completed,Change Freeze
PRJ-007456,AST-0007864,Laptop,EOL within 12 months,2027,2027-07-13,,2130.16,Planning,Security Exception
PRJ-007457,AST-0010374,Laptop,EOL within 24 months,2027,2027-10-21,,3845.86,In Progress,Change Freeze
PRJ-007458,AST-0023517,Wireless Access Point,EOL within 24 months,2028,2028-06-08,,1129.8,Not Started,Security Exception
PRJ-007459,AST-0008077,Laptop,EOL within 12 months,2026,2026-12-12,,1859.12,Deferred,Vendor Lead Time
PRJ-007460,AST-0010959,Laptop,EOL within 24 months,2028,2028-06-19,2028-06-22,1953.41,Completed,Application Dependency
PRJ-007461,AST-0017613,Desktop,EOL within 12 months,2027,2027-04-24,,1229.41,Planning,Application Dependency
PRJ-007462,AST-0011775,Laptop,EOL within 24 months,2028,2028-09-07,,2858.55,In Progress,Change Freeze
PRJ-007463,AST-0018659,VDI Endpoint,EOL within 24 months,2026,2026-06-13,,862.56,Not Started,Budget Approval
PRJ-007464,AST-0016642,Desktop,EOL within 12 months,2028,2028-09-25,,1409.24,Not Started,Budget Approval
PRJ-007465,AST-0016431,Desktop,EOL within 12 months,2028,2028-01-29,2028-01-19,1247.75,Completed,Branch Scheduling
PRJ-007466,AST-0010013,Laptop,Past EOL,2027,2027-10-11,,1917.51,Not Started,Security Exception
PRJ-007467,AST-0015704,Desktop,EOL within 24 months,2027,2027-02-22,,955.16,Deferred,None
PRJ-007468,AST-0014367,Desktop,EOL within 24 months,2027,2027-11-29,,1122.96,Planning,Budget Approval
PRJ-007469,AST-0019189,VDI Endpoint,EOL within 12 months,2028,2028-06-23,,1401.82,Not Started,Change Freeze
PRJ-007470,AST-0013477,Laptop,Past EOL,2026,2026-12-29,,1877.04,Deferred,Vendor Lead Time
PRJ-007471,AST-0021731,Access Switch,EOL within 24 months,2028,2028-09-14,,8567.99,In Progress,Security Exception
PRJ-007472,AST-0000650,Laptop,EOL within 12 months,2027,2027-11-15,,1470.28,Planning,Vendor Lead Time
PRJ-007473,AST-0007023,Laptop,Past EOL,2026,2026-08-18,,1541.74,In Progress,Vendor Lead Time
PRJ-007474,AST-0018773,VDI Endpoint,EOL within 12 months,2026,2026-09-30,,1182.72,Planning,Security Exception
PRJ-007475,AST-0006622,Laptop,EOL within 24 months,2028,2028-01-06,2027-12-14,2021.83,Completed,Security Exception
PRJ-007476,AST-0000575,Laptop,Past EOL,2028,2028-06-24,,1334.18,Deferred,Application Dependency
PRJ-007477,AST-0001127,Laptop,Past EOL,2028,2028-07-06,2028-07-27,1879.6,Completed,Vendor Lead Time
PRJ-007478,AST-0022913,Router,EOL within 12 months,2027,2027-02-10,,7593.29,In Progress,Application Dependency
PRJ-007479,AST-0007192,Laptop,Past EOL,2027,2027-06-08,,1464.89,In Progress,Change Freeze
PRJ-007480,AST-0006733,Laptop,EOL within 12 months,2027,2027-04-22,,2057.36,In Progress,Security Exception
PRJ-007481,AST-0001561,Laptop,EOL within 12 months,2028,2028-11-02,,1818.95,In Progress,Application Dependency
PRJ-007482,AST-0022044,Access Switch,EOL within 24 months,2027,2027-12-13,,8469.03,Planning,Security Exception
PRJ-007483,AST-0015767,Desktop,EOL within 12 months,2027,2027-05-26,2027-04-30,1028.59,Completed,None
PRJ-007484,AST-0021673,Access Switch,EOL within 24 months,2026,2026-08-25,,6840.85,Planning,Vendor Lead Time
PRJ-007485,AST-0023254,Wireless Access Point,EOL within 24 months,2027,2027-09-15,,1261.41,Planning,Budget Approval
PRJ-007486,AST-0023690,Wireless Access Point,EOL within 24 months,2028,2028-04-24,,1010.38,Not Started,None
PRJ-007487,AST-0016206,Desktop,EOL within 12 months,2029,2029-01-03,,962.99,Planning,Budget Approval
PRJ-007488,AST-0000924,Laptop,EOL within 12 months,2027,2027-03-11,,1779.16,In Progress,Vendor Lead Time
PRJ-007489,AST-0012342,Laptop,EOL within 12 months,2028,2028-09-02,,2127.0,In Progress,Budget Approval
PRJ-007490,AST-0006437,Laptop,Past EOL,2028,2028-10-25,,1827.83,Deferred,Branch Scheduling
PRJ-007491,AST-0018409,Desktop,EOL within 24 months,2026,2026-10-14,,946.22,In Progress,Vendor Lead Time
PRJ-007492,AST-0012558,Laptop,EOL within 12 months,2027,2027-11-20,,1828.39,Planning,None
PRJ-007493,AST-0007119,Laptop,EOL within 12 months,2026,2026-06-27,,2211.97,In Progress,Vendor Lead Time
PRJ-007494,AST-0007330,Laptop,EOL within 12 months,2028,2028-07-31,,1472.37,In Progress,Budget Approval
PRJ-007495,AST-0001618,Laptop,Past EOL,2028,2028-04-14,,2016.79,Not Started,Change Freeze
PRJ-007496,AST-0004114,Laptop,EOL within 12 months,2028,2028-07-27,,2068.55,In Progress,Change Freeze
PRJ-007497,AST-0004083,Laptop,EOL within 24 months,2026,2026-09-27,,2396.54,Planning,Change Freeze
PRJ-007498,AST-0000262,Laptop,EOL within 24 months,2028,2028-08-05,,2219.8,Planning,Budget Approval
PRJ-007499,AST-0014359,Desktop,EOL within 24 months,2028,2028-09-02,,1087.58,Blocked,Budget Approval
PRJ-007500,AST-0001042,Laptop,EOL within 12 months,2028,2028-11-16,,1562.61,Blocked,Vendor Lead Time
PRJ-007501,AST-0004748,Laptop,EOL within 24 months,2028,2028-11-19,,3613.03,Planning,Application Dependency
PRJ-007502,AST-0002705,Laptop,EOL within 24 months,2026,2026-08-07,,3066.95,In Progress,Budget Approval
PRJ-007503,AST-0013344,Laptop,EOL within 12 months,2027,2027-08-29,,1820.45,Not Started,Application Dependency
PRJ-007504,AST-0007937,Laptop,Past EOL,2027,2027-09-16,,1431.88,Not Started,Application Dependency
PRJ-007505,AST-0010124,Laptop,Past EOL,2027,2027-05-31,,2006.16,Planning,Application Dependency
PRJ-007506,AST-0014314,Desktop,EOL within 24 months,2028,2028-03-13,,1055.49,In Progress,Branch Scheduling
PRJ-007507,AST-0009276,Laptop,Past EOL,2028,2028-09-29,,1650.34,Planning,Application Dependency
PRJ-007508,AST-0006337,Laptop,EOL within 12 months,2026,2026-11-15,,1723.93,Not Started,Vendor Lead Time
PRJ-007509,AST-0010902,Laptop,Past EOL,2028,2028-10-25,,1743.74,Not Started,Vendor Lead Time
PRJ-007510,AST-0009629,Laptop,EOL within 24 months,2028,2028-09-10,,3396.43,Planning,Branch Scheduling
PRJ-007511,AST-0006467,Laptop,EOL within 24 months,2026,2026-08-17,,2236.74,Not Started,Security Exception
PRJ-007512,AST-0016620,Desktop,EOL within 12 months,2028,2028-09-29,,1232.41,Deferred,Vendor Lead Time
PRJ-007513,AST-0014859,Desktop,EOL within 24 months,2027,2027-08-16,,1021.45,Not Started,Security Exception
PRJ-007514,AST-0012578,Laptop,EOL within 24 months,2028,2028-05-01,2028-07-09,3834.11,Completed,Change Freeze
PRJ-007515,AST-0019389,VDI Endpoint,EOL within 24 months,2026,2026-10-25,,858.92,In Progress,None
PRJ-007516,AST-0004954,Laptop,EOL within 24 months,2028,2028-01-18,,3762.05,Not Started,None
PRJ-007517,AST-0013578,Laptop,EOL within 12 months,2027,2027-06-27,,1737.28,In Progress,Budget Approval
PRJ-007518,AST-0017866,Desktop,EOL within 12 months,2026,2026-08-11,,1148.33,Planning,None
PRJ-007519,AST-0008794,Laptop,EOL within 12 months,2028,2028-02-05,,1583.01,In Progress,Application Dependency
PRJ-007520,AST-0002204,Laptop,EOL within 24 months,2028,2028-02-15,,1669.12,Planning,Branch Scheduling
PRJ-007521,AST-0000338,Laptop,Past EOL,2028,2028-09-06,,1534.01,Not Started,Security Exception
PRJ-007522,AST-0017255,Desktop,EOL within 12 months,2026,2026-12-19,,1197.93,Not Started,Budget Approval
PRJ-007523,AST-0000768,Laptop,EOL within 12 months,2027,2027-08-19,,1878.78,Planning,None
PRJ-007524,AST-0009921,Laptop,EOL within 12 months,2027,2027-12-21,,1946.2,Not Started,Security Exception
PRJ-007525,AST-0013478,Laptop,EOL within 24 months,2027,2027-05-22,,3219.99,Planning,None
PRJ-007526,AST-0010223,Laptop,EOL within 12 months,2028,2028-02-16,,1587.68,Not Started,Budget Approval
PRJ-007527,AST-0016471,Desktop,EOL within 12 months,2027,2027-12-27,2028-01-05,1299.87,Completed,Application Dependency
PRJ-007528,AST-0014625,Desktop,EOL within 12 months,2028,2028-11-05,,1170.31,In Progress,Budget Approval
PRJ-007529,AST-0005712,Laptop,Past EOL,2026,2026-08-30,,1512.53,Not Started,Budget Approval
PRJ-007530,AST-0009593,Laptop,Past EOL,2028,2028-01-31,,1415.38,In Progress,Budget Approval
PRJ-007531,AST-0015888,Desktop,EOL within 12 months,2028,2028-03-14,,986.19,Not Started,Change Freeze
PRJ-007532,AST-0017318,Desktop,EOL within 12 months,2027,2027-07-28,,1208.12,Planning,Branch Scheduling
PRJ-007533,AST-0008755,Laptop,Past EOL,2028,2028-09-08,2028-09-13,1557.66,Completed,Change Freeze
PRJ-007534,AST-0012229,Laptop,Past EOL,2028,2028-07-20,,1348.12,Not Started,Security Exception
PRJ-007535,AST-0011962,Laptop,Past EOL,2027,2027-06-02,2027-07-01,1844.44,Completed,Budget Approval
PRJ-007536,AST-0022848,Router,EOL within 12 months,2027,2027-02-27,,10565.68,Planning,Security Exception
PRJ-007537,AST-0004024,Laptop,EOL within 12 months,2028,2028-06-22,,2089.26,Planning,Budget Approval
PRJ-007538,AST-0005198,Laptop,EOL within 24 months,2028,2028-04-23,,1746.0,Not Started,Application Dependency
PRJ-007539,AST-0014256,Desktop,EOL within 24 months,2027,2027-09-05,,1049.02,Planning,Budget Approval
PRJ-007540,AST-0009179,Laptop,EOL within 12 months,2028,2028-09-17,,1712.13,Planning,Vendor Lead Time
PRJ-007541,AST-0007130,Laptop,Past EOL,2026,2026-07-16,,1641.23,In Progress,Vendor Lead Time
PRJ-007542,AST-0000731,Laptop,Past EOL,2028,2028-08-30,,1316.39,In Progress,Security Exception
PRJ-007543,AST-0016293,Desktop,EOL within 24 months,2027,2027-10-24,2027-12-30,1216.68,Completed,None
PRJ-007544,AST-0014653,Desktop,EOL within 12 months,2028,2028-12-15,,1127.51,In Progress,None
PRJ-007545,AST-0013462,Laptop,Past EOL,2028,2028-04-28,,1928.12,Deferred,Vendor Lead Time
PRJ-007546,AST-0015707,Desktop,EOL within 12 months,2028,2028-10-27,,1202.18,Planning,Branch Scheduling
PRJ-007547,AST-0017950,Desktop,EOL within 12 months,2027,2027-08-18,,1015.69,Planning,Application Dependency
PRJ-007548,AST-0023311,Wireless Access Point,EOL within 12 months,2027,2027-01-06,2026-12-11,872.25,Completed,Budget Approval
PRJ-007549,AST-0000401,Laptop,EOL within 12 months,2028,2028-11-13,,1605.28,Planning,Vendor Lead Time
PRJ-007550,AST-0000324,Laptop,Past EOL,2026,2026-10-15,,1527.51,Deferred,Application Dependency
PRJ-007551,AST-0001883,Laptop,EOL within 24 months,2027,2027-07-03,2027-06-29,1903.58,Completed,None
PRJ-007552,AST-0014932,Desktop,EOL within 12 months,2028,2028-11-11,2028-11-06,975.08,Completed,Vendor Lead Time
PRJ-007553,AST-0006508,Laptop,Past EOL,2027,2027-01-10,,1568.94,Blocked,Application Dependency
PRJ-007554,AST-0001447,Laptop,EOL within 24 months,2028,2028-03-18,,3541.93,Deferred,Application Dependency
PRJ-007555,AST-0013980,Laptop,EOL within 12 months,2027,2027-07-27,,1486.93,In Progress,None
PRJ-007556,AST-0011928,Laptop,EOL within 12 months,2027,2027-12-21,,1680.68,Deferred,Change Freeze
PRJ-007557,AST-0009741,Laptop,EOL within 12 months,2027,2027-10-12,2027-12-04,1651.27,Completed,Branch Scheduling
PRJ-007558,AST-0001864,Laptop,EOL within 24 months,2027,2027-08-29,,1723.47,Blocked,Budget Approval
PRJ-007559,AST-0006661,Laptop,EOL within 12 months,2026,2026-06-11,,1502.34,Planning,Vendor Lead Time
PRJ-007560,AST-0017556,Desktop,EOL within 12 months,2028,2028-04-22,,1167.14,Deferred,Security Exception
PRJ-007561,AST-0016675,Desktop,EOL within 24 months,2027,2027-12-09,2027-12-28,859.35,Completed,Vendor Lead Time
PRJ-007562,AST-0008524,Laptop,Past EOL,2028,2028-05-26,2028-06-22,1936.03,Completed,Branch Scheduling
PRJ-007563,AST-0013469,Laptop,Past EOL,2027,2027-03-21,2027-03-27,1570.54,Completed,None
PRJ-007564,AST-0003165,Laptop,EOL within 12 months,2028,2028-04-30,,1794.84,Planning,Security Exception
PRJ-007565,AST-0017829,Desktop,EOL within 12 months,2026,2026-10-01,,973.27,Planning,None
PRJ-007566,AST-0020268,Server,EOL within 24 months,2027,2027-01-28,,15186.42,Planning,Vendor Lead Time
PRJ-007567,AST-0012807,Laptop,EOL within 24 months,2027,2027-02-04,2027-03-29,1950.44,Completed,Application Dependency
PRJ-007568,AST-0014188,Desktop,EOL within 24 months,2027,2027-07-23,2027-09-28,1115.3,Completed,Budget Approval
PRJ-007569,AST-0012694,Laptop,EOL within 24 months,2027,2027-06-18,,2675.43,Blocked,Security Exception
PRJ-007570,AST-0016730,Desktop,EOL within 24 months,2026,2026-06-25,,1233.15,In Progress,Budget Approval
PRJ-007571,AST-0020376,Server,EOL within 24 months,2027,2027-04-10,,15438.46,Deferred,Budget Approval
PRJ-007572,AST-0005193,Laptop,EOL within 12 months,2027,2027-02-16,2027-02-18,1713.17,Completed,Budget Approval
PRJ-007573,AST-0010033,Laptop,Past EOL,2027,2027-12-13,,2011.83,Planning,Change Freeze
PRJ-007574,AST-0009208,Laptop,Past EOL,2028,2028-10-09,,1632.48,Planning,Branch Scheduling
PRJ-007575,AST-0003570,Laptop,EOL within 12 months,2027,2027-12-23,,1541.48,In Progress,Vendor Lead Time
PRJ-007576,AST-0008488,Laptop,Past EOL,2026,2026-12-27,,1467.47,Deferred,Budget Approval
PRJ-007577,AST-0008246,Laptop,EOL within 24 months,2027,2027-06-15,,2823.76,In Progress,Security Exception
PRJ-007578,AST-0009143,Laptop,EOL within 12 months,2027,2027-09-09,2027-11-03,1640.96,Completed,Application Dependency
PRJ-007579,AST-0011850,Laptop,EOL within 12 months,2028,2028-09-11,2028-11-26,1850.3,Completed,Application Dependency
PRJ-007580,AST-0012772,Laptop,EOL within 24 months,2027,2027-03-21,,2019.56,In Progress,Budget Approval
PRJ-007581,AST-0003853,Laptop,EOL within 12 months,2026,2026-06-14,,2069.02,Not Started,Change Freeze
PRJ-007582,AST-0010611,Laptop,EOL within 24 months,2028,2028-10-23,,1934.05,Planning,Security Exception
PRJ-007583,AST-0006157,Laptop,Past EOL,2026,2026-10-03,,1543.44,In Progress,Application Dependency
PRJ-007584,AST-0012235,Laptop,Past EOL,2027,2027-12-25,,1579.04,Not Started,Security Exception
PRJ-007585,AST-0012753,Laptop,Past EOL,2028,2028-07-03,,1665.59,In Progress,Application Dependency
PRJ-007586,AST-0022849,Router,EOL within 12 months,2028,2028-10-16,,12416.32,Planning,Application Dependency
PRJ-007587,AST-0012331,Laptop,Past EOL,2028,2028-09-25,,1713.68,Not Started,Application Dependency
PRJ-007588,AST-0018175,Desktop,EOL within 24 months,2028,2028-07-18,,1136.8,Not Started,None
PRJ-007589,AST-0013281,Laptop,EOL within 12 months,2028,2028-03-30,,1614.31,Planning,Vendor Lead Time
PRJ-007590,AST-0007546,Laptop,EOL within 12 months,2028,2028-06-04,,1706.09,In Progress,Change Freeze
PRJ-007591,AST-0004898,Laptop,Past EOL,2028,2028-03-15,,2018.65,Not Started,Application Dependency
PRJ-007592,AST-0022168,Access Switch,EOL within 24 months,2027,2027-07-05,,5389.2,Deferred,Security Exception
PRJ-007593,AST-0014921,Desktop,EOL within 12 months,2028,2028-02-16,,1343.04,Planning,None
PRJ-007594,AST-0014832,Desktop,EOL within 12 months,2027,2027-02-12,,1147.19,In Progress,Vendor Lead Time
PRJ-007595,AST-0013301,Laptop,Past EOL,2027,2027-03-10,,1784.23,Not Started,Budget Approval
PRJ-007596,AST-0004955,Laptop,Past EOL,2027,2027-10-10,,1967.87,Blocked,Budget Approval
PRJ-007597,AST-0013502,Laptop,EOL within 24 months,2028,2028-03-30,,2940.34,Deferred,Application Dependency
PRJ-007598,AST-0004512,Laptop,Past EOL,2027,2027-05-04,,1812.93,Not Started,Vendor Lead Time
PRJ-007599,AST-0008193,Laptop,EOL within 12 months,2028,2028-05-17,,1665.75,Not Started,Branch Scheduling
PRJ-007600,AST-0014350,Desktop,EOL within 24 months,2026,2026-06-12,,1139.04,Not Started,None
PRJ-007601,AST-0001408,Laptop,EOL within 12 months,2028,2028-03-04,,2047.51,In Progress,None
PRJ-007602,AST-0004636,Laptop,EOL within 12 months,2027,2027-12-10,,1758.19,Not Started,Budget Approval
PRJ-007603,AST-0011902,Laptop,Past EOL,2026,2026-07-15,,1426.94,Not Started,Change Freeze
PRJ-007604,AST-0016219,Desktop,EOL within 24 months,2027,2027-06-01,,1095.43,In Progress,Application Dependency
PRJ-007605,AST-0002138,Laptop,Past EOL,2027,2027-06-22,,1455.61,In Progress,Change Freeze
PRJ-007606,AST-0023542,Wireless Access Point,EOL within 12 months,2027,2027-10-18,,916.76,In Progress,Vendor Lead Time
PRJ-007607,AST-0003252,Laptop,EOL within 24 months,2026,2026-12-13,,1644.45,Deferred,Vendor Lead Time
PRJ-007608,AST-0015726,Desktop,EOL within 24 months,2028,2028-02-14,,1124.69,In Progress,Branch Scheduling
PRJ-007609,AST-0014447,Desktop,EOL within 24 months,2028,2028-10-01,,983.8,Deferred,None
PRJ-007610,AST-0012129,Laptop,EOL within 24 months,2026,2026-12-20,,3818.01,Not Started,None
PRJ-007611,AST-0010042,Laptop,EOL within 12 months,2027,2027-05-27,,1470.97,In Progress,Change Freeze
PRJ-007612,AST-0002906,Laptop,Past EOL,2028,2028-01-13,,1416.43,Not Started,Vendor Lead Time
PRJ-007613,AST-0013839,Laptop,EOL within 24 months,2028,2028-06-13,,3193.6,Planning,Application Dependency
PRJ-007614,AST-0005286,Laptop,Past EOL,2028,2028-04-05,,1545.64,Planning,Vendor Lead Time
PRJ-007615,AST-0010349,Laptop,EOL within 24 months,2026,2026-06-29,,2398.46,Deferred,Application Dependency
PRJ-007616,AST-0005958,Laptop,EOL within 24 months,2027,2027-08-04,,2759.57,Planning,Branch Scheduling
PRJ-007617,AST-0012611,Laptop,EOL within 12 months,2028,2028-12-02,2028-12-29,1892.13,Completed,None
PRJ-007618,AST-0013055,Laptop,EOL within 24 months,2027,2027-12-20,,2200.27,Not Started,Security Exception
PRJ-007619,AST-0002296,Laptop,EOL within 12 months,2028,2028-09-14,,1525.0,In Progress,None
PRJ-007620,AST-0000172,Laptop,EOL within 12 months,2027,2027-09-11,,1973.68,Planning,None
PRJ-007621,AST-0011244,Laptop,EOL within 24 months,2027,2027-08-20,2027-10-25,2022.27,Completed,Application Dependency
PRJ-007622,AST-0003677,Laptop,Past EOL,2027,2027-12-01,,1936.92,In Progress,Security Exception
PRJ-007623,AST-0008007,Laptop,EOL within 24 months,2026,2026-11-23,,2689.89,Not Started,Security Exception
PRJ-007624,AST-0011051,Laptop,EOL within 24 months,2028,2028-07-13,,1799.17,Planning,Budget Approval
PRJ-007625,AST-0013925,Laptop,EOL within 24 months,2027,2027-01-31,,2077.01,Not Started,Application Dependency
PRJ-007626,AST-0012273,Laptop,EOL within 12 months,2028,2028-02-06,,1567.34,Planning,Security Exception
PRJ-007627,AST-0002318,Laptop,EOL within 12 months,2028,2028-05-14,,1581.62,Not Started,Application Dependency
PRJ-007628,AST-0002658,Laptop,EOL within 24 months,2026,2026-11-28,,2595.92,Planning,Branch Scheduling
PRJ-007629,AST-0008900,Laptop,Past EOL,2026,2026-07-07,,1869.27,Not Started,Vendor Lead Time
PRJ-007630,AST-0018923,VDI Endpoint,EOL within 12 months,2027,2027-02-21,,1262.13,Not Started,Budget Approval
PRJ-007631,AST-0003786,Laptop,EOL within 12 months,2027,2027-08-26,2027-11-03,1641.05,Completed,Branch Scheduling
PRJ-007632,AST-0013551,Laptop,Past EOL,2026,2026-10-24,,1371.89,In Progress,Change Freeze
PRJ-007633,AST-0001359,Laptop,Past EOL,2028,2028-01-10,,1423.47,Not Started,None
PRJ-007634,AST-0018645,VDI Endpoint,EOL within 12 months,2028,2028-11-18,,1416.9,Planning,Vendor Lead Time
PRJ-007635,AST-0005691,Laptop,EOL within 24 months,2028,2028-07-26,,2212.5,Deferred,Vendor Lead Time
PRJ-007636,AST-0000263,Laptop,EOL within 24 months,2026,2026-12-14,,2009.28,Planning,Vendor Lead Time
PRJ-007637,AST-0016496,Desktop,EOL within 12 months,2027,2027-03-24,,965.06,Not Started,Security Exception
PRJ-007638,AST-0003193,Laptop,EOL within 24 months,2028,2028-09-22,,2371.33,Planning,Security Exception
PRJ-007639,AST-0006979,Laptop,EOL within 12 months,2028,2028-05-07,,2014.03,Planning,None
PRJ-007640,AST-0023770,Wireless Access Point,EOL within 12 months,2028,2028-05-08,,1079.9,In Progress,Security Exception
PRJ-007641,AST-0009726,Laptop,Past EOL,2027,2027-06-19,,1538.82,Not Started,Security Exception
PRJ-007642,AST-0010864,Laptop,EOL within 24 months,2027,2027-04-30,,3784.27,Not Started,Application Dependency
PRJ-007643,AST-0016566,Desktop,EOL within 24 months,2028,2028-09-04,,1279.81,Not Started,None
PRJ-007644,AST-0004451,Laptop,EOL within 12 months,2028,2028-09-27,,2113.52,Planning,None
PRJ-007645,AST-0022735,Core Switch,EOL within 24 months,2028,2028-02-16,,29654.9,Not Started,Application Dependency
PRJ-007646,AST-0013914,Laptop,EOL within 24 months,2028,2028-10-08,,1698.85,In Progress,Budget Approval
PRJ-007647,AST-0019735,VDI Endpoint,EOL within 12 months,2028,2028-04-11,,1112.9,In Progress,Change Freeze
PRJ-007648,AST-0015465,Desktop,EOL within 24 months,2027,2027-07-15,,979.87,Blocked,Vendor Lead Time
PRJ-007649,AST-0016332,Desktop,EOL within 12 months,2028,2028-03-15,2028-03-12,1309.43,Completed,Application Dependency
PRJ-007650,AST-0018730,VDI Endpoint,EOL within 24 months,2028,2028-08-19,,1212.31,Planning,Vendor Lead Time
PRJ-007651,AST-0019969,VDI Endpoint,EOL within 12 months,2027,2027-04-01,,1432.14,In Progress,Security Exception
PRJ-007652,AST-0011658,Laptop,EOL within 12 months,2027,2027-02-03,,1860.85,In Progress,Application Dependency
PRJ-007653,AST-0017553,Desktop,EOL within 12 months,2028,2028-12-20,,1398.88,Blocked,Change Freeze
PRJ-007654,AST-0010973,Laptop,Past EOL,2026,2026-11-10,2026-12-14,1842.34,Completed,Branch Scheduling
PRJ-007655,AST-0016618,Desktop,EOL within 24 months,2028,2028-12-04,,873.37,Deferred,Vendor Lead Time
PRJ-007656,AST-0018667,VDI Endpoint,EOL within 24 months,2027,2027-12-06,2028-01-13,1193.77,Completed,None
PRJ-007657,AST-0001668,Laptop,EOL within 12 months,2027,2027-06-18,,2081.01,Not Started,Budget Approval
PRJ-007658,AST-0016098,Desktop,EOL within 12 months,2028,2028-10-29,,1302.35,In Progress,None
PRJ-007659,AST-0007966,Laptop,EOL within 12 months,2026,2026-07-23,,1452.97,In Progress,None
PRJ-007660,AST-0016669,Desktop,EOL within 24 months,2027,2027-01-18,,1040.43,Planning,Application Dependency
PRJ-007661,AST-0022386,Access Switch,EOL within 24 months,2027,2027-07-26,,6299.95,Not Started,Security Exception
PRJ-007662,AST-0009848,Laptop,EOL within 12 months,2026,2026-08-09,,1710.23,Not Started,None
PRJ-007663,AST-0006369,Laptop,EOL within 24 months,2028,2028-10-22,,1784.97,Not Started,Security Exception
PRJ-007664,AST-0019079,VDI Endpoint,EOL within 24 months,2028,2028-02-27,,936.93,Deferred,Budget Approval
PRJ-007665,AST-0013378,Laptop,Past EOL,2026,2026-07-16,,1415.62,Planning,Application Dependency
PRJ-007666,AST-0013500,Laptop,Past EOL,2026,2026-07-17,,1589.34,In Progress,Branch Scheduling
PRJ-007667,AST-0019020,VDI Endpoint,EOL within 24 months,2027,2027-12-15,,1159.24,Deferred,Application Dependency
PRJ-007668,AST-0018008,Desktop,EOL within 24 months,2028,2028-06-12,,1012.91,Not Started,Vendor Lead Time
PRJ-007669,AST-0006218,Laptop,EOL within 12 months,2027,2027-12-19,,1457.63,Planning,Budget Approval
PRJ-007670,AST-0004326,Laptop,EOL within 24 months,2028,2028-04-13,,2403.26,In Progress,Branch Scheduling
PRJ-007671,AST-0015950,Desktop,EOL within 24 months,2028,2028-07-13,,1307.56,Planning,Budget Approval
PRJ-007672,AST-0009370,Laptop,EOL within 12 months,2028,2028-03-29,,1578.86,Blocked,Vendor Lead Time
PRJ-007673,AST-0020305,Server,EOL within 24 months,2028,2028-04-11,,13703.94,Blocked,Application Dependency
PRJ-007674,AST-0001332,Laptop,EOL within 12 months,2026,2026-09-01,,1860.57,Deferred,Budget Approval
PRJ-007675,AST-0001111,Laptop,EOL within 12 months,2028,2028-12-04,,1809.18,Planning,Budget Approval
PRJ-007676,AST-0011092,Laptop,Past EOL,2028,2028-11-17,,1674.06,Planning,Budget Approval
PRJ-007677,AST-0012902,Laptop,EOL within 24 months,2027,2027-05-27,,3770.77,Planning,Security Exception
PRJ-007678,AST-0014341,Desktop,EOL within 24 months,2028,2028-07-24,2028-07-10,938.77,Completed,Vendor Lead Time
PRJ-007679,AST-0004226,Laptop,Past EOL,2028,2028-10-18,2028-11-18,1428.84,Completed,Vendor Lead Time
PRJ-007680,AST-0008712,Laptop,Past EOL,2028,2028-03-27,,1781.06,Planning,Branch Scheduling
PRJ-007681,AST-0002525,Laptop,Past EOL,2028,2028-03-26,,1680.14,Not Started,Branch Scheduling
PRJ-007682,AST-0019219,VDI Endpoint,EOL within 24 months,2027,2027-12-21,,1054.63,Planning,Application Dependency
PRJ-007683,AST-0000347,Laptop,EOL within 12 months,2028,2028-08-27,,1817.48,Not Started,Branch Scheduling
PRJ-007684,AST-0020426,Server,EOL within 24 months,2027,2027-05-08,2027-06-28,11509.32,Completed,Budget Approval
PRJ-007685,AST-0002813,Laptop,Past EOL,2027,2027-08-05,,1901.33,In Progress,Change Freeze
PRJ-007686,AST-0010031,Laptop,EOL within 24 months,2028,2028-02-25,,3236.64,Planning,Change Freeze
PRJ-007687,AST-0008031,Laptop,EOL within 12 months,2027,2027-06-12,,1991.76,Planning,Vendor Lead Time
PRJ-007688,AST-0012639,Laptop,Past EOL,2027,2027-09-08,,1841.32,Planning,Change Freeze
PRJ-007689,AST-0008391,Laptop,EOL within 24 months,2026,2026-07-14,,2004.06,Planning,Application Dependency
PRJ-007690,AST-0017365,Desktop,EOL within 24 months,2026,2026-09-20,,1333.8,Planning,Application Dependency
PRJ-007691,AST-0005744,Laptop,EOL within 24 months,2027,2027-05-20,,2284.68,Deferred,Branch Scheduling
PRJ-007692,AST-0017371,Desktop,EOL within 12 months,2026,2026-06-18,2026-09-11,1123.28,Completed,Security Exception
PRJ-007693,AST-0002079,Laptop,EOL within 24 months,2027,2027-10-08,2027-12-06,1885.32,Completed,None
PRJ-007694,AST-0017812,Desktop,EOL within 24 months,2027,2027-03-05,,1098.95,Not Started,None
PRJ-007695,AST-0005894,Laptop,Past EOL,2028,2028-10-13,,1803.81,Deferred,Application Dependency
PRJ-007696,AST-0012279,Laptop,EOL within 24 months,2026,2026-10-15,,1868.3,Deferred,Vendor Lead Time
PRJ-007697,AST-0008163,Laptop,Past EOL,2026,2026-08-11,,1369.04,Blocked,Application Dependency
PRJ-007698,AST-0009409,Laptop,EOL within 24 months,2026,2026-09-02,,2775.43,Not Started,Change Freeze
PRJ-007699,AST-0004875,Laptop,EOL within 24 months,2028,2028-04-19,2028-06-02,1591.95,Completed,Branch Scheduling
PRJ-007700,AST-0016870,Desktop,EOL within 24 months,2027,2027-06-03,,971.86,Not Started,Application Dependency
PRJ-007701,AST-0004657,Laptop,EOL within 12 months,2027,2027-12-07,,1563.59,In Progress,Change Freeze
PRJ-007702,AST-0010244,Laptop,EOL within 12 months,2026,2026-07-25,,2065.76,Not Started,Change Freeze
PRJ-007703,AST-0000197,Laptop,Past EOL,2026,2026-07-26,,1509.99,Deferred,None
PRJ-007704,AST-0009839,Laptop,Past EOL,2029,2029-01-06,,1875.0,Deferred,Budget Approval
PRJ-007705,AST-0004236,Laptop,EOL within 12 months,2028,2028-02-19,,2090.64,Not Started,Budget Approval
PRJ-007706,AST-0009250,Laptop,Past EOL,2028,2028-11-25,,1556.61,Deferred,Branch Scheduling
PRJ-007707,AST-0017629,Desktop,EOL within 24 months,2027,2027-03-23,,1260.31,Blocked,Security Exception
PRJ-007708,AST-0005181,Laptop,Past EOL,2028,2028-06-23,,1465.67,In Progress,Branch Scheduling
PRJ-007709,AST-0002017,Laptop,Past EOL,2028,2028-07-05,,1757.03,In Progress,None
PRJ-007710,AST-0004601,Laptop,EOL within 24 months,2027,2027-11-12,,2732.93,Not Started,Vendor Lead Time
PRJ-007711,AST-0010865,Laptop,EOL within 24 months,2027,2027-07-27,,3066.95,Not Started,None
PRJ-007712,AST-0013024,Laptop,EOL within 12 months,2026,2026-12-09,,1779.36,Not Started,None
PRJ-007713,AST-0018176,Desktop,EOL within 24 months,2028,2028-05-15,,1211.64,In Progress,Security Exception
PRJ-007714,AST-0002900,Laptop,EOL within 12 months,2027,2027-08-15,,1631.41,Not Started,None
PRJ-007715,AST-0003180,Laptop,Past EOL,2028,2028-09-19,,1594.52,Planning,Branch Scheduling
PRJ-007716,AST-0005631,Laptop,EOL within 24 months,2027,2027-05-14,,1915.8,In Progress,Branch Scheduling
PRJ-007717,AST-0004654,Laptop,EOL within 24 months,2028,2028-02-15,,2178.12,Planning,Budget Approval
PRJ-007718,AST-0010828,Laptop,EOL within 12 months,2027,2027-07-16,,1600.04,Not Started,Branch Scheduling
PRJ-007719,AST-0013426,Laptop,Past EOL,2026,2026-12-15,,1504.23,Planning,Change Freeze
PRJ-007720,AST-0002504,Laptop,EOL within 24 months,2027,2027-08-06,2027-08-17,1924.25,Completed,Security Exception
PRJ-007721,AST-0014060,Desktop,EOL within 12 months,2028,2028-01-15,,982.98,Planning,Budget Approval
PRJ-007722,AST-0002140,Laptop,EOL within 24 months,2027,2027-07-06,2027-08-01,3392.72,Completed,Change Freeze
PRJ-007723,AST-0002065,Laptop,EOL within 12 months,2027,2027-09-16,,1472.51,Not Started,Budget Approval
PRJ-007724,AST-0016445,Desktop,EOL within 12 months,2027,2027-01-09,,1079.45,Planning,Change Freeze
PRJ-007725,AST-0015413,Desktop,EOL within 12 months,2027,2027-08-28,,1300.74,In Progress,Security Exception
PRJ-007726,AST-0009585,Laptop,Past EOL,2028,2028-03-26,2028-03-10,1534.63,Completed,Change Freeze
PRJ-007727,AST-0012221,Laptop,EOL within 12 months,2028,2028-02-28,,1913.42,In Progress,Security Exception
PRJ-007728,AST-0019098,VDI Endpoint,EOL within 12 months,2026,2026-12-26,,1483.4,Not Started,Budget Approval
PRJ-007729,AST-0016235,Desktop,EOL within 12 months,2026,2026-07-16,,1314.05,Blocked,Application Dependency
PRJ-007730,AST-0004753,Laptop,EOL within 12 months,2028,2028-02-21,,1452.49,Planning,Vendor Lead Time
PRJ-007731,AST-0014558,Desktop,EOL within 24 months,2028,2028-07-24,2028-08-04,1240.83,Completed,None
PRJ-007732,AST-0000365,Laptop,EOL within 12 months,2027,2027-11-03,,1686.35,Not Started,Change Freeze
PRJ-007733,AST-0010191,Laptop,EOL within 12 months,2026,2026-08-29,2026-10-11,1480.22,Completed,Change Freeze
PRJ-007734,AST-0003687,Laptop,EOL within 12 months,2028,2028-06-22,,1994.45,In Progress,Vendor Lead Time
PRJ-007735,AST-0018499,Desktop,EOL within 12 months,2027,2027-07-04,2027-06-25,1092.27,Completed,Budget Approval
PRJ-007736,AST-0019035,VDI Endpoint,EOL within 24 months,2027,2027-07-18,2027-09-07,1030.71,Completed,None
PRJ-007737,AST-0023240,Wireless Access Point,EOL within 24 months,2027,2027-12-28,,929.95,Blocked,Branch Scheduling
PRJ-007738,AST-0018231,Desktop,EOL within 12 months,2026,2026-09-25,,1013.79,Not Started,Change Freeze
PRJ-007739,AST-0019840,VDI Endpoint,EOL within 24 months,2027,2027-02-01,,817.78,Planning,Change Freeze
PRJ-007740,AST-0016968,Desktop,EOL within 12 months,2026,2026-10-26,2026-12-01,1325.67,Completed,Budget Approval
PRJ-007741,AST-0012778,Laptop,Past EOL,2027,2027-05-14,,1896.72,Not Started,Application Dependency
PRJ-007742,AST-0022366,Access Switch,EOL within 24 months,2026,2026-07-02,,6545.79,Planning,Application Dependency
PRJ-007743,AST-0021571,Access Switch,EOL within 24 months,2027,2027-05-03,,5903.57,Planning,Application Dependency
PRJ-007744,AST-0020322,Server,EOL within 24 months,2027,2027-05-24,,13126.38,Not Started,Branch Scheduling
PRJ-007745,AST-0008356,Laptop,EOL within 12 months,2028,2028-06-26,,1713.7,Not Started,Branch Scheduling
PRJ-007746,AST-0000470,Laptop,Past EOL,2027,2027-03-13,,1712.51,Not Started,Security Exception
PRJ-007747,AST-0013109,Laptop,Past EOL,2026,2026-10-07,,1772.81,Not Started,Application Dependency
PRJ-007748,AST-0007960,Laptop,EOL within 24 months,2026,2026-10-01,,2363.22,Not Started,Vendor Lead Time
PRJ-007749,AST-0012247,Laptop,Past EOL,2027,2027-12-24,2027-12-23,1356.17,Completed,Branch Scheduling
PRJ-007750,AST-0021305,Server,EOL within 24 months,2027,2027-08-14,,14371.09,Not Started,Change Freeze
PRJ-007751,AST-0002349,Laptop,EOL within 24 months,2028,2028-10-19,,1496.61,Deferred,Change Freeze
PRJ-007752,AST-0010716,Laptop,EOL within 24 months,2028,2028-10-08,,1545.08,Deferred,Security Exception
PRJ-007753,AST-0003751,Laptop,Past EOL,2028,2028-05-18,2028-06-22,1567.11,Completed,Application Dependency
PRJ-007754,AST-0016755,Desktop,EOL within 24 months,2028,2028-10-09,,927.13,Not Started,Security Exception
PRJ-007755,AST-0013342,Laptop,EOL within 12 months,2028,2028-06-11,,1827.29,In Progress,Vendor Lead Time
PRJ-007756,AST-0023670,Wireless Access Point,EOL within 24 months,2028,2028-04-03,,912.67,In Progress,Security Exception
PRJ-007757,AST-0002361,Laptop,Past EOL,2026,2026-12-20,,1681.89,Planning,Vendor Lead Time
PRJ-007758,AST-0008170,Laptop,EOL within 24 months,2027,2027-12-31,2028-03-03,2078.17,Completed,Change Freeze
PRJ-007759,AST-0013882,Laptop,EOL within 24 months,2028,2028-10-10,,3120.91,Not Started,Security Exception
PRJ-007760,AST-0012634,Laptop,EOL within 12 months,2027,2027-04-09,,1461.76,Deferred,Application Dependency
PRJ-007761,AST-0009386,Laptop,EOL within 12 months,2027,2027-11-16,,1886.89,Not Started,Change Freeze
PRJ-007762,AST-0010241,Laptop,Past EOL,2028,2028-04-27,,1354.44,In Progress,Budget Approval
PRJ-007763,AST-0023001,Router,EOL within 12 months,2028,2028-03-08,,13090.73,Not Started,Vendor Lead Time
PRJ-007764,AST-0003797,Laptop,Past EOL,2026,2026-07-03,,1664.67,Not Started,Security Exception
PRJ-007765,AST-0002262,Laptop,EOL within 12 months,2027,2027-09-12,,1973.38,Blocked,Security Exception
PRJ-007766,AST-0023198,Wireless Access Point,EOL within 24 months,2028,2028-07-22,,872.78,Planning,Change Freeze
PRJ-007767,AST-0010039,Laptop,Past EOL,2027,2027-11-29,2027-11-18,1401.48,Completed,Application Dependency
PRJ-007768,AST-0018544,VDI Endpoint,EOL within 24 months,2027,2027-09-12,,1148.65,Planning,Application Dependency
PRJ-007769,AST-0003668,Laptop,EOL within 12 months,2027,2027-02-23,,1972.85,In Progress,Security Exception
PRJ-007770,AST-0011742,Laptop,Past EOL,2028,2028-09-22,,1475.3,Not Started,Change Freeze
PRJ-007771,AST-0007815,Laptop,EOL within 12 months,2027,2027-07-24,2027-09-24,1886.62,Completed,Branch Scheduling
PRJ-007772,AST-0017661,Desktop,EOL within 24 months,2027,2027-06-28,,1009.59,Planning,Branch Scheduling
PRJ-007773,AST-0013483,Laptop,EOL within 12 months,2028,2028-02-11,,1993.87,Planning,Branch Scheduling
PRJ-007774,AST-0016450,Desktop,EOL within 12 months,2028,2028-11-10,2028-12-28,1396.87,Completed,Application Dependency
PRJ-007775,AST-0021830,Access Switch,EOL within 24 months,2027,2027-01-24,2027-03-13,5723.18,Completed,Budget Approval
PRJ-007776,AST-0009032,Laptop,EOL within 24 months,2026,2026-09-22,,2440.13,Blocked,Security Exception
PRJ-007777,AST-0019418,VDI Endpoint,EOL within 12 months,2026,2026-07-02,,1148.28,In Progress,Application Dependency
PRJ-007778,AST-0019673,VDI Endpoint,EOL within 12 months,2027,2027-07-12,2027-07-19,1075.9,Completed,Budget Approval
PRJ-007779,AST-0008063,Laptop,Past EOL,2028,2028-09-07,,1882.74,Deferred,Security Exception
PRJ-007780,AST-0000138,Laptop,EOL within 24 months,2026,2026-07-29,,3205.07,Blocked,Branch Scheduling
PRJ-007781,AST-0018009,Desktop,EOL within 24 months,2027,2027-08-29,,1093.54,Planning,Branch Scheduling
PRJ-007782,AST-0004998,Laptop,EOL within 24 months,2026,2026-08-26,,3042.3,Deferred,Branch Scheduling
PRJ-007783,AST-0003074,Laptop,EOL within 24 months,2028,2028-05-20,,2109.12,In Progress,None
PRJ-007784,AST-0018630,VDI Endpoint,EOL within 24 months,2027,2027-01-06,,956.52,Not Started,Change Freeze
PRJ-007785,AST-0018405,Desktop,EOL within 12 months,2026,2026-12-17,,1194.29,Not Started,Security Exception
PRJ-007786,AST-0017146,Desktop,EOL within 12 months,2028,2028-04-15,,1078.12,Blocked,Vendor Lead Time
PRJ-007787,AST-0018458,Desktop,EOL within 24 months,2027,2027-11-03,,1073.17,Planning,Budget Approval
PRJ-007788,AST-0019278,VDI Endpoint,EOL within 12 months,2027,2027-03-10,,1005.2,Not Started,Branch Scheduling
PRJ-007789,AST-0020789,Server,EOL within 24 months,2027,2027-11-27,,14632.71,Blocked,Change Freeze
PRJ-007790,AST-0000936,Laptop,EOL within 12 months,2028,2028-12-17,,1841.17,Planning,Change Freeze
PRJ-007791,AST-0001262,Laptop,EOL within 12 months,2028,2028-08-07,,1661.35,Planning,None
PRJ-007792,AST-0004612,Laptop,EOL within 24 months,2026,2026-07-19,,2143.38,Not Started,Application Dependency
PRJ-007793,AST-0017364,Desktop,EOL within 24 months,2027,2027-09-05,,1081.75,Deferred,Security Exception
PRJ-007794,AST-0003516,Laptop,EOL within 12 months,2027,2027-08-29,2027-09-21,1665.53,Completed,Security Exception
PRJ-007795,AST-0004644,Laptop,EOL within 24 months,2026,2026-09-23,2026-09-28,1795.72,Completed,Budget Approval
PRJ-007796,AST-0005393,Laptop,EOL within 24 months,2026,2026-12-13,2027-01-18,1604.47,Completed,Change Freeze
PRJ-007797,AST-0014944,Desktop,EOL within 12 months,2026,2026-07-11,,1191.12,In Progress,None
PRJ-007798,AST-0002539,Laptop,EOL within 12 months,2028,2028-07-04,2028-09-07,1425.15,Completed,None
PRJ-007799,AST-0013935,Laptop,EOL within 12 months,2028,2028-11-01,,2013.59,Planning,Application Dependency
PRJ-007800,AST-0017619,Desktop,EOL within 24 months,2027,2027-11-18,,1240.5,Not Started,Application Dependency
PRJ-007801,AST-0016017,Desktop,EOL within 12 months,2026,2026-08-19,2026-08-30,1127.58,Completed,Change Freeze
PRJ-007802,AST-0012546,Laptop,Past EOL,2028,2028-10-25,,1459.81,Blocked,Budget Approval
PRJ-007803,AST-0018447,Desktop,EOL within 24 months,2028,2028-10-21,,1122.66,Deferred,Budget Approval
PRJ-007804,AST-0001915,Laptop,Past EOL,2026,2026-09-15,,1582.8,Planning,None
PRJ-007805,AST-0011285,Laptop,EOL within 24 months,2026,2026-11-15,,2009.34,In Progress,None
PRJ-007806,AST-0008229,Laptop,EOL within 12 months,2028,2028-01-25,,1800.32,In Progress,Vendor Lead Time
PRJ-007807,AST-0017709,Desktop,EOL within 24 months,2028,2028-09-10,,859.44,Planning,None
PRJ-007808,AST-0007984,Laptop,EOL within 24 months,2026,2026-07-19,,1910.71,Not Started,None
PRJ-007809,AST-0017426,Desktop,EOL within 24 months,2026,2026-08-15,,1182.89,Not Started,Application Dependency
PRJ-007810,AST-0022079,Access Switch,EOL within 24 months,2028,2028-01-24,,6668.52,Deferred,Vendor Lead Time
PRJ-007811,AST-0005694,Laptop,EOL within 24 months,2027,2027-10-20,,2175.88,In Progress,Branch Scheduling
PRJ-007812,AST-0011168,Laptop,Past EOL,2028,2028-09-08,,1932.17,In Progress,Branch Scheduling
PRJ-007813,AST-0006929,Laptop,EOL within 24 months,2028,2028-11-19,,2025.71,Planning,Branch Scheduling
PRJ-007814,AST-0002034,Laptop,EOL within 24 months,2027,2027-08-03,,3220.69,Not Started,Branch Scheduling
PRJ-007815,AST-0003962,Laptop,Past EOL,2027,2027-11-16,,1636.56,Planning,Branch Scheduling
PRJ-007816,AST-0005780,Laptop,EOL within 24 months,2028,2028-04-08,,1494.93,Not Started,Change Freeze
PRJ-007817,AST-0008011,Laptop,EOL within 12 months,2028,2028-11-20,,2125.14,Planning,Security Exception
PRJ-007818,AST-0012410,Laptop,EOL within 24 months,2028,2028-08-01,2028-08-25,1521.36,Completed,Budget Approval
PRJ-007819,AST-0004018,Laptop,EOL within 24 months,2028,2028-06-12,,2164.18,In Progress,Application Dependency
PRJ-007820,AST-0023648,Wireless Access Point,EOL within 24 months,2027,2027-05-29,,1320.45,Deferred,Branch Scheduling
PRJ-007821,AST-0020917,Server,EOL within 24 months,2026,2026-12-10,2026-12-27,15086.52,Completed,Change Freeze
PRJ-007822,AST-0018004,Desktop,EOL within 24 months,2026,2026-08-12,,950.58,In Progress,Application Dependency
PRJ-007823,AST-0010913,Laptop,EOL within 12 months,2028,2028-06-27,,1577.7,Planning,Vendor Lead Time
PRJ-007824,AST-0013788,Laptop,Past EOL,2028,2028-02-05,2028-01-26,1399.52,Completed,Change Freeze
PRJ-007825,AST-0011790,Laptop,EOL within 24 months,2026,2026-08-22,,3339.73,Not Started,Vendor Lead Time
PRJ-007826,AST-0016008,Desktop,EOL within 12 months,2028,2028-03-01,,1142.46,Planning,Vendor Lead Time
PRJ-007827,AST-0011188,Laptop,EOL within 12 months,2028,2028-01-20,,2012.05,Planning,Application Dependency
PRJ-007828,AST-0023518,Wireless Access Point,EOL within 12 months,2026,2026-09-22,2026-09-25,731.35,Completed,Security Exception
PRJ-007829,AST-0019240,VDI Endpoint,EOL within 12 months,2027,2027-02-14,,1459.11,In Progress,Change Freeze
PRJ-007830,AST-0009507,Laptop,EOL within 12 months,2028,2028-11-10,,1727.83,Not Started,Budget Approval
PRJ-007831,AST-0006159,Laptop,Past EOL,2026,2026-12-27,,1657.56,Planning,Budget Approval
PRJ-007832,AST-0013670,Laptop,EOL within 24 months,2028,2028-10-25,,1519.44,Blocked,Application Dependency
PRJ-007833,AST-0021630,Access Switch,EOL within 24 months,2028,2028-12-10,,6835.55,Planning,Security Exception
PRJ-007834,AST-0022909,Router,EOL within 12 months,2027,2027-02-09,2027-01-18,7286.21,Completed,None
PRJ-007835,AST-0000081,Laptop,Past EOL,2026,2026-08-06,,1837.32,In Progress,Budget Approval
PRJ-007836,AST-0002123,Laptop,EOL within 12 months,2026,2026-09-28,2026-11-12,2049.22,Completed,Vendor Lead Time
PRJ-007837,AST-0006245,Laptop,EOL within 24 months,2026,2026-07-03,,2310.62,Planning,Security Exception
PRJ-007838,AST-0019656,VDI Endpoint,EOL within 12 months,2027,2027-10-19,2027-11-17,1176.63,Completed,Budget Approval
PRJ-007839,AST-0015076,Desktop,EOL within 24 months,2028,2028-02-08,,937.6,Not Started,None
PRJ-007840,AST-0004106,Laptop,EOL within 24 months,2026,2026-09-29,,3622.55,Not Started,Change Freeze
PRJ-007841,AST-0018552,VDI Endpoint,EOL within 12 months,2028,2028-11-30,,1279.54,Planning,Change Freeze
PRJ-007842,AST-0015620,Desktop,EOL within 24 months,2026,2026-09-05,,1021.55,Not Started,Branch Scheduling
PRJ-007843,AST-0010103,Laptop,Past EOL,2026,2026-11-06,2026-11-15,1849.47,Completed,Security Exception
PRJ-007844,AST-0010848,Laptop,EOL within 24 months,2026,2026-11-17,,3145.13,In Progress,Budget Approval
PRJ-007845,AST-0016868,Desktop,EOL within 12 months,2028,2028-10-04,,1174.08,Not Started,None
PRJ-007846,AST-0004613,Laptop,EOL within 12 months,2028,2028-01-07,,1728.5,Not Started,Branch Scheduling
PRJ-007847,AST-0023096,Firewall,EOL within 12 months,2027,2027-11-19,,22632.48,Planning,Branch Scheduling
PRJ-007848,AST-0013041,Laptop,EOL within 12 months,2028,2028-08-12,,1794.83,Planning,Budget Approval
PRJ-007849,AST-0005884,Laptop,EOL within 12 months,2028,2028-12-24,,1571.62,Not Started,Budget Approval
PRJ-007850,AST-0001826,Laptop,Past EOL,2028,2028-03-14,,1877.09,Not Started,Vendor Lead Time
PRJ-007851,AST-0006748,Laptop,Past EOL,2027,2027-01-28,,1828.82,Not Started,Security Exception
PRJ-007852,AST-0020159,Server,EOL within 24 months,2028,2028-10-25,,11128.54,Planning,Branch Scheduling
PRJ-007853,AST-0017263,Desktop,EOL within 24 months,2028,2028-04-20,,1087.7,Not Started,Vendor Lead Time
PRJ-007854,AST-0023787,Wireless Access Point,EOL within 24 months,2027,2027-10-05,,1297.53,Not Started,None
PRJ-007855,AST-0006995,Laptop,Past EOL,2028,2028-07-31,,1767.65,Not Started,Vendor Lead Time
PRJ-007856,AST-0003482,Laptop,EOL within 12 months,2026,2026-12-12,,2002.34,Blocked,Security Exception
PRJ-007857,AST-0016805,Desktop,EOL within 24 months,2027,2027-06-14,2027-07-04,1011.82,Completed,Security Exception
PRJ-007858,AST-0001972,Laptop,EOL within 24 months,2027,2027-08-06,,3279.33,In Progress,None
PRJ-007859,AST-0010536,Laptop,EOL within 12 months,2027,2027-11-22,,1877.79,Planning,Security Exception
PRJ-007860,AST-0000599,Laptop,Past EOL,2027,2027-01-07,,1746.42,In Progress,Branch Scheduling
PRJ-007861,AST-0011110,Laptop,Past EOL,2026,2026-08-16,,1382.96,Blocked,Change Freeze
PRJ-007862,AST-0013570,Laptop,EOL within 24 months,2026,2026-11-24,,2068.29,Planning,Budget Approval
PRJ-007863,AST-0022314,Access Switch,EOL within 24 months,2028,2028-08-19,,5557.96,Not Started,Vendor Lead Time
PRJ-007864,AST-0017337,Desktop,EOL within 24 months,2028,2028-10-29,,1123.15,Planning,Vendor Lead Time
PRJ-007865,AST-0017596,Desktop,EOL within 24 months,2028,2028-12-08,,1045.41,Planning,Application Dependency
PRJ-007866,AST-0009144,Laptop,EOL within 24 months,2027,2027-06-04,,2079.71,Not Started,Change Freeze
PRJ-007867,AST-0001512,Laptop,EOL within 12 months,2027,2027-11-28,,1944.07,Planning,None
PRJ-007868,AST-0003670,Laptop,Past EOL,2027,2027-03-17,,1742.77,Planning,Change Freeze
PRJ-007869,AST-0001257,Laptop,Past EOL,2026,2026-11-26,,1887.23,Planning,Vendor Lead Time
PRJ-007870,AST-0020157,Server,EOL within 24 months,2026,2026-06-25,,13307.22,Planning,None
PRJ-007871,AST-0001853,Laptop,EOL within 24 months,2027,2027-01-12,,1763.08,In Progress,Branch Scheduling
PRJ-007872,AST-0012476,Laptop,EOL within 12 months,2026,2026-12-18,,2117.57,In Progress,Vendor Lead Time
PRJ-007873,AST-0006262,Laptop,EOL within 12 months,2028,2028-08-23,2028-09-28,1550.67,Completed,Application Dependency
PRJ-007874,AST-0001395,Laptop,Past EOL,2028,2028-04-30,,1968.25,Not Started,Security Exception
PRJ-007875,AST-0011164,Laptop,Past EOL,2028,2028-03-08,,1865.84,Not Started,Budget Approval
PRJ-007876,AST-0015416,Desktop,EOL within 12 months,2027,2027-11-25,,1065.85,Planning,Vendor Lead Time
PRJ-007877,AST-0001588,Laptop,EOL within 12 months,2027,2027-09-30,,2146.12,In Progress,Change Freeze
PRJ-007878,AST-0003739,Laptop,Past EOL,2028,2028-10-12,,1764.2,Not Started,None
PRJ-007879,AST-0003058,Laptop,EOL within 24 months,2028,2028-04-12,,2148.97,Not Started,Vendor Lead Time
PRJ-007880,AST-0002747,Laptop,EOL within 24 months,2026,2026-12-27,2026-12-02,2205.45,Completed,Application Dependency
PRJ-007881,AST-0018192,Desktop,EOL within 24 months,2026,2026-10-04,,1083.1,Deferred,Budget Approval
PRJ-007882,AST-0003428,Laptop,EOL within 12 months,2026,2026-09-22,,1911.94,In Progress,Vendor Lead Time
PRJ-007883,AST-0007646,Laptop,Past EOL,2027,2027-12-30,,1597.11,Planning,None
PRJ-007884,AST-0006145,Laptop,EOL within 24 months,2028,2028-10-16,,2124.07,Not Started,Vendor Lead Time
PRJ-007885,AST-0007338,Laptop,EOL within 12 months,2027,2027-07-10,,1681.85,Not Started,Application Dependency
PRJ-007886,AST-0012144,Laptop,EOL within 12 months,2028,2028-06-25,2028-07-16,2096.57,Completed,Branch Scheduling
PRJ-007887,AST-0006677,Laptop,EOL within 12 months,2027,2027-01-30,,1946.16,In Progress,Vendor Lead Time
PRJ-007888,AST-0018385,Desktop,EOL within 24 months,2028,2028-04-05,,988.79,In Progress,Security Exception
PRJ-007889,AST-0000276,Laptop,EOL within 12 months,2027,2027-01-20,,1434.29,Not Started,Branch Scheduling
PRJ-007890,AST-0006105,Laptop,EOL within 12 months,2027,2027-03-13,,1989.4,Planning,None
PRJ-007891,AST-0013103,Laptop,EOL within 12 months,2028,2028-06-09,,1722.09,In Progress,Budget Approval
PRJ-007892,AST-0008596,Laptop,EOL within 24 months,2027,2027-04-23,,1746.45,Not Started,Security Exception
PRJ-007893,AST-0006038,Laptop,Past EOL,2028,2028-08-10,,1932.97,Not Started,Security Exception
PRJ-007894,AST-0013635,Laptop,Past EOL,2028,2028-11-27,2029-01-01,1982.89,Completed,Application Dependency
PRJ-007895,AST-0013229,Laptop,EOL within 24 months,2027,2027-02-23,2027-03-09,1873.82,Completed,Branch Scheduling
PRJ-007896,AST-0019638,VDI Endpoint,EOL within 12 months,2027,2027-09-28,,1431.91,Planning,Change Freeze
PRJ-007897,AST-0023229,Wireless Access Point,EOL within 12 months,2026,2026-08-30,,834.99,Planning,Application Dependency
PRJ-007898,AST-0004262,Laptop,EOL within 12 months,2027,2027-11-13,2027-12-26,1967.8,Completed,None
PRJ-007899,AST-0001268,Laptop,EOL within 24 months,2027,2027-06-03,,1591.63,Deferred,Budget Approval
PRJ-007900,AST-0003304,Laptop,Past EOL,2026,2026-07-09,2026-06-15,1333.75,Completed,Branch Scheduling
PRJ-007901,AST-0020433,Server,EOL within 24 months,2029,2029-01-03,,10999.74,In Progress,None
PRJ-007902,AST-0008013,Laptop,EOL within 12 months,2027,2027-03-29,,1907.16,Deferred,None
PRJ-007903,AST-0011056,Laptop,EOL within 24 months,2028,2028-10-02,,3658.72,Deferred,Vendor Lead Time
PRJ-007904,AST-0001420,Laptop,EOL within 24 months,2027,2027-05-06,,2133.58,Planning,None
PRJ-007905,AST-0023012,Router,EOL within 12 months,2029,2029-01-03,,7691.32,Not Started,Security Exception
PRJ-007906,AST-0004103,Laptop,EOL within 12 months,2026,2026-08-30,,1708.2,Planning,Security Exception
PRJ-007907,AST-0000824,Laptop,EOL within 24 months,2028,2028-05-29,,1829.6,Not Started,Branch Scheduling
PRJ-007908,AST-0016120,Desktop,EOL within 24 months,2027,2027-04-08,,1195.1,Planning,Security Exception
PRJ-007909,AST-0009544,Laptop,Past EOL,2027,2027-09-18,,1884.01,In Progress,Branch Scheduling
PRJ-007910,AST-0009269,Laptop,Past EOL,2027,2027-05-27,,1492.41,Planning,Change Freeze
PRJ-007911,AST-0017898,Desktop,EOL within 12 months,2026,2026-07-15,,1185.44,Planning,Change Freeze
PRJ-007912,AST-0009320,Laptop,EOL within 12 months,2029,2029-01-05,2029-02-09,1700.79,Completed,Branch Scheduling
PRJ-007913,AST-0006386,Laptop,EOL within 24 months,2027,2027-12-01,,2309.17,Planning,None
PRJ-007914,AST-0011224,Laptop,EOL within 12 months,2027,2027-08-16,,1596.28,In Progress,Application Dependency
PRJ-007915,AST-0000383,Laptop,EOL within 12 months,2028,2028-01-12,,1875.01,Deferred,Vendor Lead Time
PRJ-007916,AST-0013974,Laptop,EOL within 12 months,2027,2027-04-05,2027-03-15,2139.3,Completed,None
PRJ-007917,AST-0010489,Laptop,EOL within 12 months,2026,2026-11-09,2026-12-05,1560.46,Completed,None
PRJ-007918,AST-0009394,Laptop,Past EOL,2028,2028-07-22,,1891.82,In Progress,Security Exception
PRJ-007919,AST-0021130,Server,EOL within 24 months,2028,2028-07-18,,13754.89,Deferred,Budget Approval
PRJ-007920,AST-0015471,Desktop,EOL within 12 months,2028,2028-11-14,,1176.19,Not Started,Change Freeze
PRJ-007921,AST-0007490,Laptop,EOL within 24 months,2027,2027-07-23,2027-09-22,1825.17,Completed,Budget Approval
PRJ-007922,AST-0016216,Desktop,EOL within 12 months,2027,2027-04-13,,1002.41,In Progress,None
PRJ-007923,AST-0018185,Desktop,EOL within 24 months,2027,2027-08-31,,1217.35,In Progress,Security Exception
PRJ-007924,AST-0004853,Laptop,Past EOL,2027,2027-05-15,,1782.99,Planning,None
PRJ-007925,AST-0020135,Server,EOL within 24 months,2026,2026-08-19,2026-09-19,12790.63,Completed,Budget Approval
PRJ-007926,AST-0011562,Laptop,EOL within 12 months,2027,2027-11-06,,2053.24,Planning,Budget Approval
PRJ-007927,AST-0008535,Laptop,Past EOL,2028,2028-04-22,,1365.42,Not Started,Budget Approval
PRJ-007928,AST-0014885,Desktop,EOL within 12 months,2027,2027-11-25,,1054.47,Planning,Branch Scheduling
PRJ-007929,AST-0005888,Laptop,EOL within 12 months,2026,2026-12-03,,2105.28,Blocked,None
PRJ-007930,AST-0008893,Laptop,Past EOL,2027,2027-06-01,,1681.92,Planning,Budget Approval
PRJ-007931,AST-0018428,Desktop,EOL within 12 months,2026,2026-06-04,,1165.56,Not Started,Security Exception
PRJ-007932,AST-0016887,Desktop,EOL within 24 months,2026,2026-08-09,,1180.83,Not Started,Branch Scheduling
PRJ-007933,AST-0019788,VDI Endpoint,EOL within 12 months,2027,2027-08-11,,1012.68,Planning,Budget Approval
PRJ-007934,AST-0014507,Desktop,EOL within 24 months,2026,2026-09-26,2026-10-09,1012.98,Completed,Security Exception
PRJ-007935,AST-0004977,Laptop,Past EOL,2027,2027-01-05,2027-01-20,1735.19,Completed,None
PRJ-007936,AST-0021498,Server,EOL within 24 months,2027,2027-10-09,,14959.59,Planning,Change Freeze
PRJ-007937,AST-0008694,Laptop,Past EOL,2026,2026-08-13,,1775.81,Not Started,Branch Scheduling
PRJ-007938,AST-0019913,VDI Endpoint,EOL within 24 months,2026,2026-08-14,,1040.89,Not Started,Security Exception
PRJ-007939,AST-0019330,VDI Endpoint,EOL within 12 months,2027,2027-02-27,,1239.16,Not Started,Security Exception
PRJ-007940,AST-0021525,Access Switch,EOL within 24 months,2028,2028-11-16,,8628.2,Planning,Vendor Lead Time
PRJ-007941,AST-0023379,Wireless Access Point,EOL within 24 months,2026,2026-09-08,,859.44,In Progress,Application Dependency
PRJ-007942,AST-0018054,Desktop,EOL within 24 months,2026,2026-10-15,2026-09-15,1300.75,Completed,Application Dependency
PRJ-007943,AST-0013506,Laptop,EOL within 12 months,2028,2028-03-11,,1733.35,Deferred,Branch Scheduling
PRJ-007944,AST-0016150,Desktop,EOL within 12 months,2027,2027-10-16,,1066.87,Planning,Application Dependency
PRJ-007945,AST-0016176,Desktop,EOL within 12 months,2027,2027-08-02,,969.67,Not Started,Budget Approval
PRJ-007946,AST-0001806,Laptop,EOL within 24 months,2027,2027-08-23,,3364.96,In Progress,Budget Approval
PRJ-007947,AST-0007911,Laptop,Past EOL,2028,2028-11-24,,1957.38,Blocked,Vendor Lead Time
PRJ-007948,AST-0000435,Laptop,EOL within 12 months,2026,2026-10-05,2026-09-06,1975.82,Completed,Vendor Lead Time
PRJ-007949,AST-0001529,Laptop,Past EOL,2027,2027-03-15,,1743.89,In Progress,Change Freeze
PRJ-007950,AST-0019632,VDI Endpoint,EOL within 24 months,2027,2027-01-14,,866.94,In Progress,Security Exception
PRJ-007951,AST-0019970,VDI Endpoint,EOL within 12 months,2028,2028-06-01,,1248.34,In Progress,Budget Approval
PRJ-007952,AST-0006828,Laptop,EOL within 12 months,2028,2028-11-24,2029-01-19,1540.13,Completed,Application Dependency
PRJ-007953,AST-0010265,Laptop,EOL within 24 months,2028,2028-12-13,,2182.27,In Progress,None
PRJ-007954,AST-0015550,Desktop,EOL within 12 months,2026,2026-12-30,,1322.77,Not Started,Vendor Lead Time
PRJ-007955,AST-0019525,VDI Endpoint,EOL within 12 months,2027,2027-08-20,,1341.58,Deferred,Change Freeze
PRJ-007956,AST-0015493,Desktop,EOL within 12 months,2028,2028-09-12,,1359.6,In Progress,Application Dependency
PRJ-007957,AST-0001364,Laptop,EOL within 24 months,2026,2026-11-28,,2190.7,In Progress,Security Exception
PRJ-007958,AST-0019506,VDI Endpoint,EOL within 12 months,2028,2028-03-12,2028-05-04,1281.99,Completed,Application Dependency
PRJ-007959,AST-0009268,Laptop,Past EOL,2026,2026-07-13,,1793.08,In Progress,Vendor Lead Time
PRJ-007960,AST-0007343,Laptop,Past EOL,2028,2028-06-19,,1514.04,Not Started,Vendor Lead Time
PRJ-007961,AST-0007431,Laptop,EOL within 12 months,2027,2027-03-20,,1752.98,Blocked,Branch Scheduling
PRJ-007962,AST-0023126,Firewall,EOL within 12 months,2026,2026-09-13,,59035.48,Planning,Branch Scheduling
PRJ-007963,AST-0015346,Desktop,EOL within 24 months,2027,2027-09-06,,1321.61,In Progress,Branch Scheduling
PRJ-007964,AST-0012929,Laptop,EOL within 12 months,2027,2027-07-21,,1766.31,Planning,Budget Approval
PRJ-007965,AST-0000874,Laptop,Past EOL,2026,2026-08-03,,1604.33,Not Started,Budget Approval
PRJ-007966,AST-0019135,VDI Endpoint,EOL within 24 months,2028,2028-11-04,,1098.39,Planning,Change Freeze
PRJ-007967,AST-0013917,Laptop,EOL within 24 months,2028,2028-06-15,,3736.44,Deferred,Branch Scheduling
PRJ-007968,AST-0011079,Laptop,EOL within 12 months,2027,2027-10-09,,1854.89,In Progress,Application Dependency
PRJ-007969,AST-0001705,Laptop,EOL within 24 months,2027,2027-10-28,,2596.14,Not Started,Budget Approval
PRJ-007970,AST-0012133,Laptop,EOL within 12 months,2028,2028-09-08,,2049.57,Not Started,Application Dependency
PRJ-007971,AST-0004750,Laptop,EOL within 12 months,2028,2028-04-23,2028-07-10,1994.63,Completed,Branch Scheduling
PRJ-007972,AST-0006398,Laptop,EOL within 12 months,2028,2028-07-15,2028-07-21,2147.19,Completed,Branch Scheduling
PRJ-007973,AST-0015610,Desktop,EOL within 24 months,2027,2027-03-09,,955.66,Deferred,Application Dependency
PRJ-007974,AST-0019477,VDI Endpoint,EOL within 12 months,2026,2026-12-25,,1133.06,Not Started,Application Dependency
PRJ-007975,AST-0003381,Laptop,Past EOL,2028,2028-07-26,,1806.82,Not Started,Application Dependency
PRJ-007976,AST-0007867,Laptop,EOL within 24 months,2028,2028-01-06,,2350.14,Deferred,Branch Scheduling
PRJ-007977,AST-0019600,VDI Endpoint,EOL within 24 months,2028,2028-04-18,,833.46,Planning,Security Exception
PRJ-007978,AST-0012813,Laptop,EOL within 24 months,2028,2028-04-16,,3056.76,Planning,Budget Approval
PRJ-007979,AST-0014407,Desktop,EOL within 24 months,2027,2027-09-22,,1336.92,Planning,Security Exception
PRJ-007980,AST-0011335,Laptop,Past EOL,2026,2026-11-26,,1587.93,In Progress,Security Exception
PRJ-007981,AST-0002119,Laptop,Past EOL,2026,2026-08-29,,1508.14,In Progress,Vendor Lead Time
PRJ-007982,AST-0009589,Laptop,Past EOL,2027,2027-06-20,,1745.44,Not Started,Budget Approval
PRJ-007983,AST-0012435,Laptop,EOL within 24 months,2028,2028-03-21,2028-03-21,2091.79,Completed,None
PRJ-007984,AST-0010559,Laptop,EOL within 12 months,2028,2028-07-23,2028-07-11,2109.51,Completed,Security Exception
PRJ-007985,AST-0005300,Laptop,Past EOL,2027,2027-07-20,2027-07-28,1508.65,Completed,None
PRJ-007986,AST-0022927,Router,EOL within 12 months,2027,2027-08-31,,11803.69,Deferred,Change Freeze
PRJ-007987,AST-0020614,Server,EOL within 24 months,2028,2028-02-10,2028-02-07,13102.38,Completed,Budget Approval
PRJ-007988,AST-0018579,VDI Endpoint,EOL within 24 months,2028,2028-05-17,,1083.82,Planning,Branch Scheduling
PRJ-007989,AST-0001067,Laptop,Past EOL,2026,2026-11-02,2026-12-09,1512.26,Completed,Application Dependency
PRJ-007990,AST-0018472,Desktop,EOL within 24 months,2026,2026-07-28,,931.17,Not Started,Application Dependency
PRJ-007991,AST-0018617,VDI Endpoint,EOL within 12 months,2027,2027-12-24,,1134.74,In Progress,Application Dependency
PRJ-007992,AST-0011391,Laptop,EOL within 24 months,2026,2026-07-22,,2286.39,Planning,None
PRJ-007993,AST-0003620,Laptop,Past EOL,2026,2026-10-01,,1470.79,Planning,Application Dependency
PRJ-007994,AST-0013006,Laptop,EOL within 12 months,2028,2028-08-25,,2144.2,Not Started,Branch Scheduling
PRJ-007995,AST-0010591,Laptop,EOL within 24 months,2028,2028-08-04,,2652.57,In Progress,Vendor Lead Time
PRJ-007996,AST-0017277,Desktop,EOL within 24 months,2027,2027-10-07,,1234.76,Deferred,Security Exception
PRJ-007997,AST-0005004,Laptop,EOL within 24 months,2027,2027-03-03,,3169.72,Not Started,Vendor Lead Time
PRJ-007998,AST-0002447,Laptop,EOL within 12 months,2028,2028-08-23,2028-10-15,1498.99,Completed,Security Exception
PRJ-007999,AST-0022930,Router,EOL within 12 months,2028,2028-09-29,2028-12-01,11201.76,Completed,Branch Scheduling
PRJ-008000,AST-0005398,Laptop,EOL within 12 months,2027,2027-02-02,,1547.49,Planning,Budget Approval
