Project_ID,Asset_ID,Project_Name,Planned_Refresh_Date,Actual_Refresh_Date,Project_Portfolio,Project_Status,Planned_Budget_Amount
PRJ000001,A0016735,Technology Refresh Wave,2026-10-07,,End User Computing,Approved,994.27
PRJ000002,A0022034,Technology Refresh Wave,2028-07-27,,Network,In Progress,4606.95
PRJ000003,A0013573,Technology Refresh Wave,2028-04-30,,Network,Completed,1294.8
PRJ000004,A0017419,Technology Refresh Wave,2027-03-11,,End User Computing,In Progress,821.42
PRJ000005,A0010934,Technology Refresh Wave,2028-05-21,,End User Computing,Completed,1013.05
PRJ000006,A0016149,Technology Refresh Wave,2028-12-22,,End User Computing,Approved,1183.13
PRJ000007,A0004654,Technology Refresh Wave,2026-11-19,,Cloud,Proposed,1336.78
PRJ000008,A0000053,Technology Refresh Wave,2026-10-01,,Cloud,Proposed,1068.69
PRJ000009,A0011300,Technology Refresh Wave,2027-10-19,,Network,Approved,1276.52
PRJ000010,A0021418,Technology Refresh Wave,2026-12-08,,Security,Deferred,12659.55
PRJ000011,A0009069,Technology Refresh Wave,2026-08-10,,Infrastructure,Proposed,1116.26
PRJ000012,A0012611,Technology Refresh Wave,2027-03-25,,Security,Proposed,1707.52
PRJ000013,A0016480,Technology Refresh Wave,2026-03-08,,End User Computing,Proposed,667.32
PRJ000014,A0014564,Technology Refresh Wave,2026-01-14,,End User Computing,Proposed,960.68
PRJ000015,A0003109,Technology Refresh Wave,2027-05-10,,Network,Proposed,1168.24
PRJ000016,A0002646,Technology Refresh Wave,2028-04-11,,End User Computing,Completed,946.0
PRJ000017,A0001148,Technology Refresh Wave,2026-02-08,,Infrastructure,In Progress,1704.54
PRJ000018,A0023040,Technology Refresh Wave,2027-04-15,,Infrastructure,Proposed,37973.08
PRJ000019,A0008020,Technology Refresh Wave,2028-10-14,,Cloud,Proposed,2558.35
PRJ000020,A0023476,Technology Refresh Wave,2028-10-08,,End User Computing,Completed,1053.58
PRJ000021,A0004227,Technology Refresh Wave,2028-11-02,,End User Computing,Proposed,1357.52
PRJ000022,A0016982,Technology Refresh Wave,2027-08-31,,Infrastructure,Approved,908.23
PRJ000023,A0009249,Technology Refresh Wave,2028-07-14,,Network,Completed,1909.95
PRJ000024,A0021830,Technology Refresh Wave,2028-08-04,,Network,In Progress,4125.97
PRJ000025,A0006393,Technology Refresh Wave,2026-02-08,,End User Computing,Completed,1565.02
PRJ000026,A0006550,Technology Refresh Wave,2028-11-08,,Cloud,In Progress,952.01
PRJ000027,A0006443,Technology Refresh Wave,2028-05-23,,Infrastructure,Approved,1194.35
PRJ000028,A0007094,Technology Refresh Wave,2026-09-01,,Infrastructure,Completed,891.43
PRJ000029,A0015717,Technology Refresh Wave,2026-09-21,,Security,Approved,830.71
PRJ000030,A0015968,Technology Refresh Wave,2028-07-08,,Network,Approved,985.98
PRJ000031,A0009539,Technology Refresh Wave,2028-04-01,,Network,In Progress,1181.58
PRJ000032,A0018974,Technology Refresh Wave,2027-10-23,,Infrastructure,Deferred,514.8
PRJ000033,A0012138,Technology Refresh Wave,2026-04-29,,End User Computing,Approved,1422.54
PRJ000034,A0007593,Technology Refresh Wave,2028-03-26,,Cloud,Approved,1323.54
PRJ000035,A0021412,Technology Refresh Wave,2026-10-06,,End User Computing,In Progress,13231.55
PRJ000036,A0015590,Technology Refresh Wave,2028-12-30,,Infrastructure,Approved,1083.77
PRJ000037,A0004344,Technology Refresh Wave,2028-07-02,,Network,Deferred,1533.22
PRJ000038,A0014055,Technology Refresh Wave,2027-01-19,,End User Computing,Approved,1061.43
PRJ000039,A0006880,Technology Refresh Wave,2026-12-11,,Cloud,Approved,1466.47
PRJ000040,A0008490,Technology Refresh Wave,2026-11-23,,Network,In Progress,1232.48
PRJ000041,A0001494,Technology Refresh Wave,2027-01-13,,Network,In Progress,1650.34
PRJ000042,A0002711,Technology Refresh Wave,2027-05-25,,End User Computing,Completed,1111.08
PRJ000043,A0013109,Technology Refresh Wave,2028-05-19,,Security,Deferred,1706.62
PRJ000044,A0011936,Technology Refresh Wave,2027-07-16,,Cloud,Approved,1202.73
PRJ000045,A0011959,Technology Refresh Wave,2026-07-15,,End User Computing,Completed,1355.99
PRJ000046,A0008224,Technology Refresh Wave,2026-05-29,,Cloud,Deferred,1688.84
PRJ000047,A0008397,Technology Refresh Wave,2026-12-13,,Security,Proposed,1327.81
PRJ000048,A0008936,Technology Refresh Wave,2028-11-09,,Cloud,In Progress,1505.62
PRJ000049,A0009935,Technology Refresh Wave,2027-10-19,,Cloud,Approved,1547.35
PRJ000050,A0002271,Technology Refresh Wave,2027-10-03,,Network,Completed,2145.84
PRJ000051,A0001604,Technology Refresh Wave,2027-05-01,,Cloud,Approved,1997.53
PRJ000052,A0017492,Technology Refresh Wave,2028-05-04,,Infrastructure,Deferred,879.01
PRJ000053,A0003807,Technology Refresh Wave,2027-08-03,,End User Computing,Proposed,2054.94
PRJ000054,A0007388,Technology Refresh Wave,2026-07-20,,End User Computing,Approved,1741.04
PRJ000055,A0004490,Technology Refresh Wave,2028-01-21,,Cloud,Approved,1449.99
PRJ000056,A0020913,Technology Refresh Wave,2026-07-10,,Cloud,Approved,10862.44
PRJ000057,A0004708,Technology Refresh Wave,2026-02-05,,Network,Proposed,1323.96
PRJ000058,A0021438,Technology Refresh Wave,2026-10-02,,Network,In Progress,22897.83
PRJ000059,A0014456,Technology Refresh Wave,2027-11-13,,Cloud,Completed,1295.48
PRJ000060,A0001555,Technology Refresh Wave,2028-01-08,,Network,In Progress,1308.98
PRJ000061,A0021845,Technology Refresh Wave,2028-10-28,,Infrastructure,Approved,7362.72
PRJ000062,A0011153,Technology Refresh Wave,2028-02-28,,Security,Deferred,1488.78
PRJ000063,A0014802,Technology Refresh Wave,2028-06-09,,Cloud,Deferred,1209.34
PRJ000064,A0019723,Technology Refresh Wave,2027-06-10,,Cloud,Deferred,371.94
PRJ000065,A0012897,Technology Refresh Wave,2028-02-26,,Security,Approved,946.44
PRJ000066,A0002142,Technology Refresh Wave,2028-01-28,,End User Computing,Proposed,1511.94
PRJ000067,A0016785,Technology Refresh Wave,2026-09-13,,Security,In Progress,1141.23
PRJ000068,A0006232,Technology Refresh Wave,2026-04-20,,Security,Completed,905.6
PRJ000069,A0012609,Technology Refresh Wave,2028-04-29,,Security,Completed,1570.1
PRJ000070,A0018364,Technology Refresh Wave,2028-01-21,,Security,Completed,755.36
PRJ000071,A0003734,Technology Refresh Wave,2027-09-18,,End User Computing,In Progress,1096.66
PRJ000072,A0004160,Technology Refresh Wave,2026-06-23,,Network,In Progress,1832.05
PRJ000073,A0021270,Technology Refresh Wave,2028-04-29,,Infrastructure,Approved,10586.43
PRJ000074,A0020209,Technology Refresh Wave,2028-06-08,,Security,Approved,19274.05
PRJ000075,A0014323,Technology Refresh Wave,2026-08-31,,Security,In Progress,1009.52
PRJ000076,A0006871,Technology Refresh Wave,2027-08-04,,Cloud,Deferred,1108.02
PRJ000077,A0022801,Technology Refresh Wave,2028-05-26,,End User Computing,Proposed,23922.8
PRJ000078,A0011742,Technology Refresh Wave,2027-12-17,,Cloud,Proposed,1988.22
PRJ000079,A0011481,Technology Refresh Wave,2028-11-03,,Security,Deferred,1458.12
PRJ000080,A0001636,Technology Refresh Wave,2028-09-09,,Cloud,Proposed,1440.02
PRJ000081,A0007553,Technology Refresh Wave,2027-03-10,,Cloud,Completed,1900.73
PRJ000082,A0001475,Technology Refresh Wave,2026-07-09,,End User Computing,Approved,1043.14
PRJ000083,A0008166,Technology Refresh Wave,2027-05-30,,Infrastructure,In Progress,1087.5
PRJ000084,A0003777,Technology Refresh Wave,2027-05-18,,Security,In Progress,2300.86
PRJ000085,A0019953,Technology Refresh Wave,2026-11-11,,Network,Completed,393.78
PRJ000086,A0017260,Technology Refresh Wave,2028-12-18,,Security,Approved,926.15
PRJ000087,A0003464,Technology Refresh Wave,2028-07-31,,Security,Approved,1097.3
PRJ000088,A0010537,Technology Refresh Wave,2027-10-24,,Security,In Progress,1421.4
PRJ000089,A0017980,Technology Refresh Wave,2028-08-19,,End User Computing,Deferred,661.95
PRJ000090,A0016335,Technology Refresh Wave,2027-04-14,,Network,In Progress,1150.46
PRJ000091,A0016086,Technology Refresh Wave,2027-11-06,,End User Computing,Proposed,698.44
PRJ000092,A0016823,Technology Refresh Wave,2026-08-06,,Cloud,In Progress,992.91
PRJ000093,A0000200,Technology Refresh Wave,2028-09-08,,Infrastructure,Proposed,2148.25
PRJ000094,A0003800,Technology Refresh Wave,2027-02-18,,Cloud,Approved,914.31
PRJ000095,A0002112,Technology Refresh Wave,2027-02-24,,End User Computing,Approved,1071.15
PRJ000096,A0000222,Technology Refresh Wave,2028-09-19,,End User Computing,Proposed,1172.69
PRJ000097,A0023135,Technology Refresh Wave,2028-07-01,,Security,Deferred,526.86
PRJ000098,A0012962,Technology Refresh Wave,2027-10-06,,Network,Approved,1448.87
PRJ000099,A0017122,Technology Refresh Wave,2027-08-21,,Security,Deferred,911.3
PRJ000100,A0013656,Technology Refresh Wave,2026-01-30,,Network,In Progress,1119.81
PRJ000101,A0020245,Technology Refresh Wave,2026-12-22,,Infrastructure,In Progress,12339.79
PRJ000102,A0008933,Technology Refresh Wave,2028-02-11,,Infrastructure,In Progress,1414.41
PRJ000103,A0017063,Technology Refresh Wave,2027-09-07,,Network,Proposed,1178.55
PRJ000104,A0021850,Technology Refresh Wave,2028-10-15,,Infrastructure,Approved,4338.1
PRJ000105,A0014471,Technology Refresh Wave,2027-02-22,,Infrastructure,Completed,1345.54
PRJ000106,A0013145,Technology Refresh Wave,2027-08-23,,Infrastructure,Completed,876.47
PRJ000107,A0000517,Technology Refresh Wave,2028-02-19,,Infrastructure,Deferred,1566.08
PRJ000108,A0010663,Technology Refresh Wave,2028-03-20,,Cloud,Approved,763.19
PRJ000109,A0019701,Technology Refresh Wave,2026-12-04,,Cloud,Proposed,457.29
PRJ000110,A0004511,Technology Refresh Wave,2028-11-28,,Security,Completed,1258.11
PRJ000111,A0016376,Technology Refresh Wave,2027-10-25,,Security,In Progress,937.99
PRJ000112,A0016156,Technology Refresh Wave,2026-12-14,,Network,Completed,703.08
PRJ000113,A0004575,Technology Refresh Wave,2026-11-23,,Security,Proposed,909.04
PRJ000114,A0011896,Technology Refresh Wave,2028-09-25,,Security,In Progress,2429.25
PRJ000115,A0014972,Technology Refresh Wave,2026-04-10,,Network,In Progress,873.65
PRJ000116,A0005993,Technology Refresh Wave,2028-10-09,,End User Computing,Completed,2380.12
PRJ000117,A0010629,Technology Refresh Wave,2026-05-29,,Cloud,Approved,1213.38
PRJ000118,A0011789,Technology Refresh Wave,2026-01-05,,End User Computing,Deferred,1425.55
PRJ000119,A0022485,Technology Refresh Wave,2027-10-08,,End User Computing,In Progress,13786.08
PRJ000120,A0001203,Technology Refresh Wave,2027-06-21,,End User Computing,In Progress,817.02
PRJ000121,A0011319,Technology Refresh Wave,2027-10-30,,Cloud,Proposed,1514.31
PRJ000122,A0016471,Technology Refresh Wave,2028-06-29,,Security,Completed,1019.94
PRJ000123,A0009086,Technology Refresh Wave,2026-08-26,,Infrastructure,Proposed,1788.59
PRJ000124,A0022182,Technology Refresh Wave,2026-08-06,,Infrastructure,Proposed,8186.79
PRJ000125,A0010355,Technology Refresh Wave,2027-03-17,,Cloud,Approved,2843.7
PRJ000126,A0019545,Technology Refresh Wave,2027-01-15,,Infrastructure,In Progress,436.09
PRJ000127,A0016023,Technology Refresh Wave,2026-12-05,,Network,Approved,1157.84
PRJ000128,A0012177,Technology Refresh Wave,2028-12-13,,Network,Proposed,939.81
PRJ000129,A0019047,Technology Refresh Wave,2026-12-21,,Network,Deferred,417.22
PRJ000130,A0002560,Technology Refresh Wave,2028-04-18,,End User Computing,Proposed,1017.94
PRJ000131,A0000972,Technology Refresh Wave,2026-10-18,,Cloud,Approved,1008.27
PRJ000132,A0021045,Technology Refresh Wave,2028-05-01,,Network,In Progress,19327.63
PRJ000133,A0015240,Technology Refresh Wave,2027-11-17,,Security,In Progress,945.48
PRJ000134,A0012795,Technology Refresh Wave,2028-12-14,,Infrastructure,In Progress,917.87
PRJ000135,A0022039,Technology Refresh Wave,2028-01-27,,Infrastructure,Deferred,4492.08
PRJ000136,A0008929,Technology Refresh Wave,2028-05-10,,Infrastructure,Deferred,1422.43
PRJ000137,A0017745,Technology Refresh Wave,2026-10-05,,Security,In Progress,847.87
PRJ000138,A0021687,Technology Refresh Wave,2026-09-28,,Security,In Progress,3554.57
PRJ000139,A0023317,Technology Refresh Wave,2026-08-08,,End User Computing,Approved,673.92
PRJ000140,A0012573,Technology Refresh Wave,2028-12-01,,Security,Approved,1206.02
PRJ000141,A0019799,Technology Refresh Wave,2027-03-28,,Network,Approved,530.98
PRJ000142,A0011294,Technology Refresh Wave,2026-12-14,,Infrastructure,Approved,1266.27
PRJ000143,A0020410,Technology Refresh Wave,2027-03-26,,End User Computing,Approved,17171.15
PRJ000144,A0014369,Technology Refresh Wave,2026-03-19,,Network,Deferred,857.18
PRJ000145,A0019594,Technology Refresh Wave,2026-07-15,,Network,Deferred,463.95
PRJ000146,A0019565,Technology Refresh Wave,2027-03-28,,Infrastructure,In Progress,422.1
PRJ000147,A0011257,Technology Refresh Wave,2028-01-24,,Network,In Progress,2149.71
PRJ000148,A0013832,Technology Refresh Wave,2027-02-09,,Network,Deferred,1929.45
PRJ000149,A0012407,Technology Refresh Wave,2026-04-22,,End User Computing,Completed,1266.87
PRJ000150,A0023219,Technology Refresh Wave,2027-01-11,,Cloud,Completed,982.74
PRJ000151,A0022131,Technology Refresh Wave,2027-05-06,,Cloud,Proposed,4392.06
PRJ000152,A0012841,Technology Refresh Wave,2027-09-06,,Security,Proposed,1380.94
PRJ000153,A0012341,Technology Refresh Wave,2028-03-30,,End User Computing,Deferred,1137.63
PRJ000154,A0006827,Technology Refresh Wave,2026-03-27,,Security,Deferred,839.02
PRJ000155,A0002223,Technology Refresh Wave,2026-12-12,,End User Computing,Deferred,1200.83
PRJ000156,A0016414,Technology Refresh Wave,2027-04-28,,Security,In Progress,1022.79
PRJ000157,A0019510,Technology Refresh Wave,2028-05-09,,Infrastructure,In Progress,536.36
PRJ000158,A0023068,Technology Refresh Wave,2026-09-02,,Network,Completed,988.14
PRJ000159,A0008444,Technology Refresh Wave,2028-07-25,,Infrastructure,Approved,1252.59
PRJ000160,A0001109,Technology Refresh Wave,2026-11-12,,Cloud,Completed,1216.03
PRJ000161,A0016628,Technology Refresh Wave,2027-09-12,,Security,Completed,1090.5
PRJ000162,A0004835,Technology Refresh Wave,2027-09-19,,Network,Proposed,898.34
PRJ000163,A0012045,Technology Refresh Wave,2027-04-09,,Infrastructure,In Progress,1357.71
PRJ000164,A0023440,Technology Refresh Wave,2028-08-02,,Infrastructure,Completed,760.3
PRJ000165,A0017193,Technology Refresh Wave,2028-10-28,,Cloud,Completed,890.72
PRJ000166,A0014667,Technology Refresh Wave,2026-11-02,,Network,Completed,1063.24
PRJ000167,A0019926,Technology Refresh Wave,2027-04-01,,Network,In Progress,357.48
PRJ000168,A0015943,Technology Refresh Wave,2027-05-21,,Network,Approved,751.75
PRJ000169,A0015685,Technology Refresh Wave,2026-08-21,,End User Computing,Proposed,796.93
PRJ000170,A0001484,Technology Refresh Wave,2028-06-08,,Cloud,Proposed,1130.11
PRJ000171,A0008320,Technology Refresh Wave,2026-02-03,,Cloud,Deferred,870.03
PRJ000172,A0019027,Technology Refresh Wave,2027-08-26,,Network,Approved,534.34
PRJ000173,A0005954,Technology Refresh Wave,2028-10-03,,Network,In Progress,1048.65
PRJ000174,A0016672,Technology Refresh Wave,2027-05-08,,Security,Deferred,1291.76
PRJ000175,A0009093,Technology Refresh Wave,2027-02-04,,End User Computing,Completed,943.31
PRJ000176,A0006970,Technology Refresh Wave,2028-10-25,,Network,Proposed,2579.52
PRJ000177,A0018489,Technology Refresh Wave,2028-12-02,,Network,Completed,1208.07
PRJ000178,A0000502,Technology Refresh Wave,2028-07-01,,Network,Completed,2487.78
PRJ000179,A0012349,Technology Refresh Wave,2026-06-17,,Cloud,Deferred,908.46
PRJ000180,A0019501,Technology Refresh Wave,2026-04-28,,End User Computing,Proposed,409.06
PRJ000181,A0011207,Technology Refresh Wave,2028-07-03,,Cloud,Completed,1563.25
PRJ000182,A0010819,Technology Refresh Wave,2028-11-17,,Infrastructure,In Progress,1002.29
PRJ000183,A0002405,Technology Refresh Wave,2026-06-09,,Cloud,Proposed,1142.95
PRJ000184,A0005710,Technology Refresh Wave,2026-10-23,,Cloud,Proposed,1109.14
PRJ000185,A0003740,Technology Refresh Wave,2027-10-16,,Infrastructure,Completed,1756.54
PRJ000186,A0014510,Technology Refresh Wave,2028-02-04,,Infrastructure,Proposed,861.65
PRJ000187,A0017123,Technology Refresh Wave,2028-05-18,,Security,Approved,900.74
PRJ000188,A0007135,Technology Refresh Wave,2028-11-11,,Cloud,Proposed,1241.93
PRJ000189,A0018341,Technology Refresh Wave,2028-12-08,,Network,Deferred,902.9
PRJ000190,A0002387,Technology Refresh Wave,2028-10-06,,Security,Completed,1185.41
PRJ000191,A0020280,Technology Refresh Wave,2028-01-21,,Infrastructure,In Progress,20577.1
PRJ000192,A0009145,Technology Refresh Wave,2028-09-21,,Infrastructure,Proposed,2479.91
PRJ000193,A0006888,Technology Refresh Wave,2026-10-08,,Infrastructure,Deferred,1089.67
PRJ000194,A0020814,Technology Refresh Wave,2027-08-20,,Security,Approved,17935.37
PRJ000195,A0012310,Technology Refresh Wave,2026-11-30,,Cloud,Proposed,971.18
PRJ000196,A0011068,Technology Refresh Wave,2027-05-09,,Network,Deferred,1118.66
PRJ000197,A0019313,Technology Refresh Wave,2028-02-03,,Infrastructure,Approved,470.47
PRJ000198,A0010295,Technology Refresh Wave,2027-04-14,,End User Computing,In Progress,1317.65
PRJ000199,A0014194,Technology Refresh Wave,2027-06-01,,Network,Deferred,813.18
PRJ000200,A0018667,Technology Refresh Wave,2027-12-06,,End User Computing,Deferred,346.84
PRJ000201,A0011444,Technology Refresh Wave,2028-01-15,,Security,Deferred,1410.55
PRJ000202,A0013641,Technology Refresh Wave,2026-06-29,,Network,Approved,1230.35
PRJ000203,A0005972,Technology Refresh Wave,2026-04-12,,Network,Approved,1444.36
PRJ000204,A0004401,Technology Refresh Wave,2026-06-08,,Infrastructure,Completed,2074.89
PRJ000205,A0017593,Technology Refresh Wave,2026-08-27,,Infrastructure,Proposed,892.89
PRJ000206,A0011989,Technology Refresh Wave,2028-07-08,,Cloud,In Progress,998.27
PRJ000207,A0007305,Technology Refresh Wave,2027-04-13,,Network,In Progress,1031.49
PRJ000208,A0016179,Technology Refresh Wave,2027-03-12,,End User Computing,Proposed,1304.78
PRJ000209,A0001744,Technology Refresh Wave,2026-03-09,,Cloud,Proposed,1093.88
PRJ000210,A0003589,Technology Refresh Wave,2026-07-15,,Cloud,Deferred,1044.26
PRJ000211,A0014992,Technology Refresh Wave,2027-01-19,,End User Computing,In Progress,1092.78
PRJ000212,A0020366,Technology Refresh Wave,2028-04-12,,Infrastructure,Completed,19389.95
PRJ000213,A0006253,Technology Refresh Wave,2027-04-07,,Cloud,In Progress,1047.62
PRJ000214,A0012934,Technology Refresh Wave,2028-12-23,,Network,In Progress,2793.49
PRJ000215,A0017937,Technology Refresh Wave,2028-08-21,,Cloud,Proposed,933.29
PRJ000216,A0013310,Technology Refresh Wave,2028-11-27,,Cloud,Deferred,1415.87
PRJ000217,A0007217,Technology Refresh Wave,2027-11-05,,Infrastructure,Deferred,1135.01
PRJ000218,A0016399,Technology Refresh Wave,2026-01-30,,Security,Approved,912.26
PRJ000219,A0004846,Technology Refresh Wave,2028-04-23,,Network,Proposed,1207.76
PRJ000220,A0000504,Technology Refresh Wave,2028-09-20,,Security,Completed,1932.68
PRJ000221,A0006280,Technology Refresh Wave,2027-06-01,,End User Computing,Completed,1424.33
PRJ000222,A0011217,Technology Refresh Wave,2027-09-28,,Security,In Progress,1881.49
PRJ000223,A0013537,Technology Refresh Wave,2027-02-11,,Network,In Progress,1368.85
PRJ000224,A0012148,Technology Refresh Wave,2027-03-19,,Cloud,In Progress,1154.9
PRJ000225,A0007554,Technology Refresh Wave,2028-12-30,,Cloud,Approved,1399.45
PRJ000226,A0004153,Technology Refresh Wave,2026-11-28,,Security,Approved,1332.25
PRJ000227,A0006499,Technology Refresh Wave,2028-10-04,,Cloud,Completed,1211.37
PRJ000228,A0018795,Technology Refresh Wave,2026-09-22,,Security,Completed,508.08
PRJ000229,A0006713,Technology Refresh Wave,2027-09-02,,Security,Approved,990.06
PRJ000230,A0012043,Technology Refresh Wave,2026-01-30,,End User Computing,Completed,1469.29
PRJ000231,A0015031,Technology Refresh Wave,2027-03-31,,Network,In Progress,1343.54
PRJ000232,A0010670,Technology Refresh Wave,2028-09-02,,End User Computing,Proposed,1481.08
PRJ000233,A0010862,Technology Refresh Wave,2026-06-09,,Network,Proposed,1467.35
PRJ000234,A0016424,Technology Refresh Wave,2027-07-03,,Cloud,Completed,1041.41
PRJ000235,A0002086,Technology Refresh Wave,2026-07-12,,End User Computing,Completed,1326.99
PRJ000236,A0018290,Technology Refresh Wave,2027-04-17,,End User Computing,Completed,868.14
PRJ000237,A0004105,Technology Refresh Wave,2027-01-20,,End User Computing,In Progress,1122.97
PRJ000238,A0022378,Technology Refresh Wave,2028-02-03,,Cloud,In Progress,15961.56
PRJ000239,A0005706,Technology Refresh Wave,2026-09-13,,Cloud,Proposed,1300.05
PRJ000240,A0018702,Technology Refresh Wave,2026-02-22,,Network,Proposed,307.12
PRJ000241,A0003700,Technology Refresh Wave,2026-05-22,,Infrastructure,Deferred,1445.12
PRJ000242,A0006134,Technology Refresh Wave,2028-06-20,,End User Computing,Completed,2366.65
PRJ000243,A0020307,Technology Refresh Wave,2027-08-11,,Cloud,Deferred,14366.04
PRJ000244,A0004259,Technology Refresh Wave,2027-11-11,,Infrastructure,Deferred,1489.36
PRJ000245,A0006673,Technology Refresh Wave,2027-01-16,,End User Computing,Completed,2012.19
PRJ000246,A0020849,Technology Refresh Wave,2028-10-24,,Cloud,Completed,15770.53
PRJ000247,A0008716,Technology Refresh Wave,2028-12-21,,End User Computing,In Progress,1248.07
PRJ000248,A0007478,Technology Refresh Wave,2028-11-25,,Network,In Progress,1325.17
PRJ000249,A0014743,Technology Refresh Wave,2027-08-20,,Infrastructure,Deferred,1110.36
PRJ000250,A0013291,Technology Refresh Wave,2028-12-15,,Cloud,Proposed,1327.77
PRJ000251,A0008410,Technology Refresh Wave,2028-11-13,,Cloud,Proposed,1889.17
PRJ000252,A0013843,Technology Refresh Wave,2028-05-07,,Security,Approved,1519.32
PRJ000253,A0019894,Technology Refresh Wave,2028-07-04,,End User Computing,Completed,453.19
PRJ000254,A0021113,Technology Refresh Wave,2026-10-21,,Security,Approved,19843.48
PRJ000255,A0013036,Technology Refresh Wave,2027-11-01,,Infrastructure,Completed,1350.3
PRJ000256,A0011146,Technology Refresh Wave,2027-05-29,,End User Computing,Approved,1238.66
PRJ000257,A0000961,Technology Refresh Wave,2028-08-17,,Infrastructure,Approved,1096.12
PRJ000258,A0017919,Technology Refresh Wave,2028-12-24,,End User Computing,Deferred,1411.52
PRJ000259,A0002202,Technology Refresh Wave,2028-06-02,,Cloud,Proposed,1438.7
PRJ000260,A0000424,Technology Refresh Wave,2028-10-23,,Infrastructure,Proposed,1513.17
PRJ000261,A0009956,Technology Refresh Wave,2028-05-21,,End User Computing,Completed,1292.75
PRJ000262,A0006760,Technology Refresh Wave,2026-05-26,,Infrastructure,In Progress,1224.1
PRJ000263,A0001874,Technology Refresh Wave,2028-05-23,,Security,Completed,1685.59
PRJ000264,A0021250,Technology Refresh Wave,2027-11-16,,Security,Completed,13111.22
PRJ000265,A0000211,Technology Refresh Wave,2026-06-02,,Security,Completed,1571.73
PRJ000266,A0009100,Technology Refresh Wave,2028-09-24,,Network,Proposed,1637.23
PRJ000267,A0008759,Technology Refresh Wave,2028-12-21,,Infrastructure,Completed,1439.77
PRJ000268,A0000448,Technology Refresh Wave,2026-08-13,,Cloud,Approved,1206.65
PRJ000269,A0011342,Technology Refresh Wave,2027-01-16,,Network,Approved,1535.35
PRJ000270,A0008623,Technology Refresh Wave,2026-06-19,,Network,Proposed,1579.23
PRJ000271,A0004192,Technology Refresh Wave,2027-06-16,,Security,Approved,973.47
PRJ000272,A0011039,Technology Refresh Wave,2028-07-07,,Security,Approved,1185.05
PRJ000273,A0006429,Technology Refresh Wave,2027-02-22,,End User Computing,Deferred,1251.54
PRJ000274,A0008765,Technology Refresh Wave,2028-09-21,,End User Computing,In Progress,1476.18
PRJ000275,A0020473,Technology Refresh Wave,2026-08-23,,Cloud,In Progress,11085.62
PRJ000276,A0004878,Technology Refresh Wave,2028-07-22,,End User Computing,Proposed,1288.36
PRJ000277,A0017932,Technology Refresh Wave,2028-03-07,,Cloud,In Progress,1018.45
PRJ000278,A0005750,Technology Refresh Wave,2026-08-01,,End User Computing,Approved,2476.52
PRJ000279,A0020549,Technology Refresh Wave,2028-06-24,,Security,Deferred,15072.18
PRJ000280,A0007091,Technology Refresh Wave,2027-09-08,,End User Computing,Completed,1015.19
PRJ000281,A0002865,Technology Refresh Wave,2027-02-07,,Security,Approved,1055.62
PRJ000282,A0006731,Technology Refresh Wave,2028-03-07,,Infrastructure,Proposed,1584.49
PRJ000283,A0020689,Technology Refresh Wave,2026-12-30,,Network,Proposed,13613.42
PRJ000284,A0022128,Technology Refresh Wave,2028-03-08,,Network,In Progress,5891.17
PRJ000285,A0007514,Technology Refresh Wave,2026-07-15,,Cloud,In Progress,2047.62
PRJ000286,A0002782,Technology Refresh Wave,2027-07-29,,Infrastructure,Approved,1066.24
PRJ000287,A0007153,Technology Refresh Wave,2027-08-31,,End User Computing,Approved,1422.16
PRJ000288,A0014903,Technology Refresh Wave,2028-01-30,,Infrastructure,Proposed,1190.4
PRJ000289,A0006282,Technology Refresh Wave,2028-03-22,,Infrastructure,In Progress,1248.61
PRJ000290,A0008443,Technology Refresh Wave,2027-03-12,,Cloud,In Progress,1376.96
PRJ000291,A0022509,Technology Refresh Wave,2028-02-04,,Cloud,Approved,21373.89
PRJ000292,A0017444,Technology Refresh Wave,2026-06-30,,End User Computing,Deferred,1333.74
PRJ000293,A0005072,Technology Refresh Wave,2028-06-12,,Infrastructure,Proposed,1123.12
PRJ000294,A0003214,Technology Refresh Wave,2026-03-18,,End User Computing,Deferred,2313.45
PRJ000295,A0016380,Technology Refresh Wave,2027-05-13,,Infrastructure,Proposed,862.56
PRJ000296,A0022819,Technology Refresh Wave,2027-03-06,,End User Computing,In Progress,12118.51
PRJ000297,A0012168,Technology Refresh Wave,2027-12-28,,Security,Proposed,981.37
PRJ000298,A0017769,Technology Refresh Wave,2028-03-24,,Network,Proposed,693.97
PRJ000299,A0002409,Technology Refresh Wave,2027-12-24,,End User Computing,Approved,1789.74
PRJ000300,A0019055,Technology Refresh Wave,2027-08-01,,End User Computing,Completed,414.28
PRJ000301,A0015500,Technology Refresh Wave,2026-09-02,,End User Computing,In Progress,1086.9
PRJ000302,A0002120,Technology Refresh Wave,2026-06-05,,Network,In Progress,1154.99
PRJ000303,A0004476,Technology Refresh Wave,2028-07-20,,Security,Approved,1078.54
PRJ000304,A0015424,Technology Refresh Wave,2028-09-05,,Infrastructure,Deferred,953.74
PRJ000305,A0012909,Technology Refresh Wave,2027-08-22,,End User Computing,In Progress,1260.08
PRJ000306,A0003403,Technology Refresh Wave,2028-10-10,,Infrastructure,In Progress,1020.98
PRJ000307,A0006144,Technology Refresh Wave,2027-05-02,,Security,In Progress,1572.22
PRJ000308,A0002005,Technology Refresh Wave,2026-05-04,,End User Computing,Deferred,1382.32
PRJ000309,A0018769,Technology Refresh Wave,2027-01-31,,Infrastructure,Approved,329.59
PRJ000310,A0007959,Technology Refresh Wave,2027-11-16,,Cloud,Proposed,864.59
PRJ000311,A0022373,Technology Refresh Wave,2028-09-10,,Network,In Progress,14689.09
PRJ000312,A0002609,Technology Refresh Wave,2026-10-07,,End User Computing,Deferred,1328.74
PRJ000313,A0000971,Technology Refresh Wave,2026-01-19,,End User Computing,Completed,1697.8
PRJ000314,A0006199,Technology Refresh Wave,2027-09-14,,Cloud,Approved,935.38
PRJ000315,A0001053,Technology Refresh Wave,2028-08-23,,Network,Deferred,1911.9
PRJ000316,A0018841,Technology Refresh Wave,2028-12-05,,Cloud,Deferred,564.42
PRJ000317,A0003211,Technology Refresh Wave,2027-02-17,,Infrastructure,Completed,1310.63
PRJ000318,A0012367,Technology Refresh Wave,2026-07-22,,Security,In Progress,1221.01
PRJ000319,A0006933,Technology Refresh Wave,2027-12-11,,Network,Deferred,1201.27
PRJ000320,A0020202,Technology Refresh Wave,2026-03-30,,Cloud,In Progress,14566.08
PRJ000321,A0010280,Technology Refresh Wave,2028-10-09,,Cloud,Proposed,1182.56
PRJ000322,A0013742,Technology Refresh Wave,2027-06-22,,End User Computing,Completed,1168.0
PRJ000323,A0005658,Technology Refresh Wave,2027-02-01,,End User Computing,Approved,1727.0
PRJ000324,A0014500,Technology Refresh Wave,2026-02-14,,Network,Approved,1090.82
PRJ000325,A0012561,Technology Refresh Wave,2028-02-10,,Infrastructure,In Progress,1492.28
PRJ000326,A0012728,Technology Refresh Wave,2027-12-08,,Cloud,Approved,1011.14
PRJ000327,A0017855,Technology Refresh Wave,2028-01-08,,Security,Proposed,794.79
PRJ000328,A0022236,Technology Refresh Wave,2027-07-01,,End User Computing,In Progress,3515.21
PRJ000329,A0011519,Technology Refresh Wave,2027-09-11,,Security,In Progress,1512.68
PRJ000330,A0018686,Technology Refresh Wave,2028-04-16,,End User Computing,Approved,387.18
PRJ000331,A0003726,Technology Refresh Wave,2027-09-22,,Cloud,Approved,1455.51
PRJ000332,A0020622,Technology Refresh Wave,2026-09-19,,End User Computing,Proposed,14006.66
PRJ000333,A0015569,Technology Refresh Wave,2026-12-08,,Infrastructure,Approved,1004.38
PRJ000334,A0022489,Technology Refresh Wave,2026-08-03,,Security,Approved,16088.56
PRJ000335,A0016297,Technology Refresh Wave,2026-07-29,,Network,Completed,1026.76
PRJ000336,A0006063,Technology Refresh Wave,2027-06-07,,Infrastructure,Approved,1197.05
PRJ000337,A0011774,Technology Refresh Wave,2027-06-26,,Cloud,Approved,1133.91
PRJ000338,A0017543,Technology Refresh Wave,2026-02-10,,Cloud,Completed,885.18
PRJ000339,A0008953,Technology Refresh Wave,2026-01-23,,End User Computing,Proposed,986.6
PRJ000340,A0011661,Technology Refresh Wave,2027-10-07,,Security,Completed,1437.78
PRJ000341,A0021329,Technology Refresh Wave,2026-11-02,,Network,In Progress,20450.65
PRJ000342,A0023099,Technology Refresh Wave,2028-08-31,,Cloud,In Progress,799.84
PRJ000343,A0004161,Technology Refresh Wave,2028-05-06,,Network,Approved,1733.48
PRJ000344,A0006715,Technology Refresh Wave,2026-03-31,,Cloud,In Progress,1153.08
PRJ000345,A0022818,Technology Refresh Wave,2027-10-19,,Infrastructure,Completed,11561.56
PRJ000346,A0016304,Technology Refresh Wave,2028-10-16,,Infrastructure,In Progress,1107.34
PRJ000347,A0014418,Technology Refresh Wave,2028-09-27,,Security,Deferred,1376.25
PRJ000348,A0016697,Technology Refresh Wave,2028-07-03,,Security,In Progress,848.52
PRJ000349,A0020194,Technology Refresh Wave,2027-09-21,,Cloud,Deferred,12414.37
PRJ000350,A0002291,Technology Refresh Wave,2026-11-10,,Network,Completed,2327.23
PRJ000351,A0009420,Technology Refresh Wave,2028-06-09,,Infrastructure,Proposed,1702.4
PRJ000352,A0022234,Technology Refresh Wave,2027-05-02,,Network,Proposed,5381.98
PRJ000353,A0022016,Technology Refresh Wave,2027-03-16,,Security,Approved,4245.32
PRJ000354,A0002044,Technology Refresh Wave,2026-02-04,,Network,Completed,1105.93
PRJ000355,A0013431,Technology Refresh Wave,2026-06-21,,Network,Deferred,1798.35
PRJ000356,A0010665,Technology Refresh Wave,2027-07-19,,Network,Approved,1945.54
PRJ000357,A0004307,Technology Refresh Wave,2028-06-06,,Cloud,Approved,1080.47
PRJ000358,A0006947,Technology Refresh Wave,2027-12-23,,Infrastructure,Proposed,2552.1
PRJ000359,A0005211,Technology Refresh Wave,2028-10-22,,Network,In Progress,1321.58
PRJ000360,A0005816,Technology Refresh Wave,2028-07-31,,End User Computing,Proposed,1609.22
PRJ000361,A0019937,Technology Refresh Wave,2026-11-12,,Security,Proposed,555.64
PRJ000362,A0006700,Technology Refresh Wave,2026-08-04,,Infrastructure,Approved,1045.71
PRJ000363,A0019290,Technology Refresh Wave,2026-10-10,,Security,In Progress,463.03
PRJ000364,A0000636,Technology Refresh Wave,2026-04-05,,Infrastructure,Deferred,887.87
PRJ000365,A0021631,Technology Refresh Wave,2027-07-20,,Security,Approved,3722.69
PRJ000366,A0020843,Technology Refresh Wave,2027-06-20,,Network,Approved,19615.29
PRJ000367,A0015431,Technology Refresh Wave,2028-07-30,,End User Computing,In Progress,828.77
PRJ000368,A0020941,Technology Refresh Wave,2026-12-16,,Security,Proposed,14646.54
PRJ000369,A0015635,Technology Refresh Wave,2027-12-24,,Infrastructure,Deferred,999.71
PRJ000370,A0001633,Technology Refresh Wave,2028-08-16,,Network,Approved,1501.88
PRJ000371,A0018470,Technology Refresh Wave,2028-11-05,,Security,In Progress,617.59
PRJ000372,A0021840,Technology Refresh Wave,2028-07-17,,Network,Completed,9528.14
PRJ000373,A0014531,Technology Refresh Wave,2028-02-02,,Infrastructure,Completed,896.04
PRJ000374,A0002596,Technology Refresh Wave,2026-10-11,,Infrastructure,Proposed,1731.69
PRJ000375,A0010072,Technology Refresh Wave,2028-12-19,,Network,Proposed,1128.62
PRJ000376,A0011579,Technology Refresh Wave,2027-02-25,,End User Computing,Deferred,845.83
PRJ000377,A0015134,Technology Refresh Wave,2026-02-15,,Network,In Progress,851.21
PRJ000378,A0006596,Technology Refresh Wave,2027-05-22,,Cloud,Deferred,1348.71
PRJ000379,A0001581,Technology Refresh Wave,2026-08-08,,Security,In Progress,1325.43
PRJ000380,A0003483,Technology Refresh Wave,2027-01-28,,End User Computing,Proposed,916.66
PRJ000381,A0007714,Technology Refresh Wave,2027-05-27,,Network,Approved,864.26
PRJ000382,A0009734,Technology Refresh Wave,2026-09-05,,Cloud,Proposed,2075.5
PRJ000383,A0019222,Technology Refresh Wave,2026-02-13,,Cloud,Approved,358.52
PRJ000384,A0010672,Technology Refresh Wave,2028-02-19,,Security,Deferred,2392.8
PRJ000385,A0013089,Technology Refresh Wave,2027-02-26,,Cloud,Proposed,2212.14
PRJ000386,A0012825,Technology Refresh Wave,2026-08-21,,Cloud,Approved,1495.12
PRJ000387,A0001046,Technology Refresh Wave,2028-09-15,,Security,Approved,1862.05
PRJ000388,A0006688,Technology Refresh Wave,2028-07-05,,End User Computing,Completed,1464.5
PRJ000389,A0021225,Technology Refresh Wave,2028-07-06,,Infrastructure,Proposed,18803.15
PRJ000390,A0016299,Technology Refresh Wave,2027-08-11,,Infrastructure,In Progress,924.19
PRJ000391,A0003097,Technology Refresh Wave,2028-03-02,,Network,Completed,1216.81
PRJ000392,A0018337,Technology Refresh Wave,2026-06-11,,End User Computing,Proposed,1019.44
PRJ000393,A0014748,Technology Refresh Wave,2028-04-23,,Security,Proposed,983.85
PRJ000394,A0006152,Technology Refresh Wave,2027-08-24,,End User Computing,Proposed,1136.65
PRJ000395,A0003835,Technology Refresh Wave,2026-05-15,,Cloud,Deferred,1158.74
PRJ000396,A0012620,Technology Refresh Wave,2028-11-13,,Infrastructure,Deferred,1876.66
PRJ000397,A0010062,Technology Refresh Wave,2028-05-28,,Security,Approved,1049.65
PRJ000398,A0012939,Technology Refresh Wave,2026-02-19,,Network,Proposed,896.38
PRJ000399,A0011916,Technology Refresh Wave,2028-10-16,,Infrastructure,In Progress,2050.24
PRJ000400,A0000281,Technology Refresh Wave,2028-03-07,,End User Computing,Proposed,1006.11
PRJ000401,A0014455,Technology Refresh Wave,2028-04-17,,Network,In Progress,1155.72
PRJ000402,A0023270,Technology Refresh Wave,2028-06-03,,Cloud,Approved,687.83
PRJ000403,A0011445,Technology Refresh Wave,2027-02-02,,Infrastructure,Completed,1248.6
PRJ000404,A0004983,Technology Refresh Wave,2026-03-23,,Security,Deferred,1273.08
PRJ000405,A0019229,Technology Refresh Wave,2028-04-28,,Network,In Progress,348.41
PRJ000406,A0014256,Technology Refresh Wave,2026-02-01,,End User Computing,Completed,728.89
PRJ000407,A0021932,Technology Refresh Wave,2028-04-19,,Security,Completed,6882.64
PRJ000408,A0003844,Technology Refresh Wave,2027-10-26,,End User Computing,Proposed,1331.1
PRJ000409,A0009055,Technology Refresh Wave,2028-07-13,,Network,Proposed,1229.51
PRJ000410,A0008958,Technology Refresh Wave,2028-11-19,,Cloud,In Progress,1103.86
PRJ000411,A0016383,Technology Refresh Wave,2027-06-11,,Security,Proposed,780.89
PRJ000412,A0004221,Technology Refresh Wave,2027-08-30,,Cloud,Deferred,1947.6
PRJ000413,A0000168,Technology Refresh Wave,2026-03-22,,Infrastructure,Approved,1310.35
PRJ000414,A0016907,Technology Refresh Wave,2026-07-17,,End User Computing,Approved,1173.55
PRJ000415,A0003635,Technology Refresh Wave,2026-12-02,,End User Computing,Approved,980.25
PRJ000416,A0009949,Technology Refresh Wave,2026-10-31,,Infrastructure,Proposed,1361.53
PRJ000417,A0015438,Technology Refresh Wave,2027-08-01,,Security,Approved,943.29
PRJ000418,A0008893,Technology Refresh Wave,2027-05-06,,End User Computing,Deferred,1164.53
PRJ000419,A0009792,Technology Refresh Wave,2027-06-24,,Cloud,Deferred,1292.52
PRJ000420,A0002773,Technology Refresh Wave,2026-12-20,,Security,Completed,1091.74
PRJ000421,A0010931,Technology Refresh Wave,2027-05-11,,End User Computing,Completed,1040.33
PRJ000422,A0017517,Technology Refresh Wave,2028-04-08,,Security,In Progress,1138.41
PRJ000423,A0022661,Technology Refresh Wave,2027-06-02,,Network,Approved,40003.23
PRJ000424,A0019736,Technology Refresh Wave,2027-12-24,,Infrastructure,In Progress,386.24
PRJ000425,A0009587,Technology Refresh Wave,2026-10-28,,Infrastructure,Proposed,1354.62
PRJ000426,A0008089,Technology Refresh Wave,2027-09-10,,Network,Proposed,1316.01
PRJ000427,A0007126,Technology Refresh Wave,2028-08-21,,Network,Deferred,1284.58
PRJ000428,A0000248,Technology Refresh Wave,2026-10-30,,End User Computing,Approved,1838.97
PRJ000429,A0017337,Technology Refresh Wave,2027-05-04,,Infrastructure,Approved,750.29
PRJ000430,A0019955,Technology Refresh Wave,2026-03-20,,Cloud,Approved,406.16
PRJ000431,A0002413,Technology Refresh Wave,2026-06-03,,Network,Proposed,1068.36
PRJ000432,A0011966,Technology Refresh Wave,2027-01-04,,Network,Deferred,1632.31
PRJ000433,A0002435,Technology Refresh Wave,2026-04-26,,Network,Approved,2482.4
PRJ000434,A0017323,Technology Refresh Wave,2028-05-18,,Cloud,In Progress,715.95
PRJ000435,A0013439,Technology Refresh Wave,2027-09-22,,Network,Deferred,1252.37
PRJ000436,A0011880,Technology Refresh Wave,2026-06-21,,Security,Completed,1630.54
PRJ000437,A0019351,Technology Refresh Wave,2027-02-13,,Infrastructure,In Progress,473.28
PRJ000438,A0017292,Technology Refresh Wave,2027-07-18,,Cloud,Approved,891.05
PRJ000439,A0018608,Technology Refresh Wave,2026-01-07,,Security,Approved,487.12
PRJ000440,A0019978,Technology Refresh Wave,2026-03-03,,End User Computing,In Progress,375.44
PRJ000441,A0015351,Technology Refresh Wave,2026-03-16,,End User Computing,In Progress,876.84
PRJ000442,A0021603,Technology Refresh Wave,2027-10-07,,Network,Proposed,4260.36
PRJ000443,A0009326,Technology Refresh Wave,2027-04-03,,End User Computing,Approved,1137.49
PRJ000444,A0020721,Technology Refresh Wave,2027-09-18,,Network,Deferred,17627.95
PRJ000445,A0006464,Technology Refresh Wave,2027-06-18,,Cloud,In Progress,812.62
PRJ000446,A0013065,Technology Refresh Wave,2027-10-10,,Network,In Progress,1223.92
PRJ000447,A0013177,Technology Refresh Wave,2028-09-23,,Network,Proposed,1691.57
PRJ000448,A0008179,Technology Refresh Wave,2026-04-17,,Infrastructure,Approved,1446.65
PRJ000449,A0005049,Technology Refresh Wave,2027-10-21,,End User Computing,In Progress,1509.18
PRJ000450,A0009890,Technology Refresh Wave,2028-06-22,,End User Computing,Deferred,1113.79
PRJ000451,A0013251,Technology Refresh Wave,2026-11-03,,Network,Deferred,1063.55
PRJ000452,A0010844,Technology Refresh Wave,2026-05-24,,Security,Proposed,1020.92
PRJ000453,A0000641,Technology Refresh Wave,2028-01-28,,Infrastructure,Completed,1484.25
PRJ000454,A0022745,Technology Refresh Wave,2028-01-11,,Infrastructure,In Progress,5915.12
PRJ000455,A0019516,Technology Refresh Wave,2026-09-19,,Cloud,Deferred,548.26
PRJ000456,A0017036,Technology Refresh Wave,2028-10-01,,Infrastructure,Completed,931.75
PRJ000457,A0008070,Technology Refresh Wave,2027-12-07,,Network,Proposed,2013.31
PRJ000458,A0022851,Technology Refresh Wave,2028-05-14,,Cloud,Deferred,24072.54
PRJ000459,A0018007,Technology Refresh Wave,2028-12-22,,End User Computing,In Progress,1070.5
PRJ000460,A0020680,Technology Refresh Wave,2027-11-21,,Security,Approved,19829.76
PRJ000461,A0000135,Technology Refresh Wave,2026-07-26,,Infrastructure,Approved,2586.27
PRJ000462,A0016605,Technology Refresh Wave,2028-10-01,,Cloud,Proposed,961.72
PRJ000463,A0023720,Technology Refresh Wave,2028-12-22,,Network,In Progress,66613.34
PRJ000464,A0006053,Technology Refresh Wave,2027-08-09,,Infrastructure,Approved,1393.32
PRJ000465,A0020138,Technology Refresh Wave,2027-06-19,,Security,Approved,15212.53
PRJ000466,A0006545,Technology Refresh Wave,2026-06-29,,Security,Approved,1490.29
PRJ000467,A0011652,Technology Refresh Wave,2026-07-18,,Cloud,Proposed,1478.65
PRJ000468,A0016499,Technology Refresh Wave,2027-05-31,,Infrastructure,Approved,799.61
PRJ000469,A0013337,Technology Refresh Wave,2028-10-03,,End User Computing,Proposed,1224.42
PRJ000470,A0003143,Technology Refresh Wave,2027-08-06,,End User Computing,Completed,1632.01
PRJ000471,A0019096,Technology Refresh Wave,2026-09-06,,Infrastructure,Proposed,542.3
PRJ000472,A0008366,Technology Refresh Wave,2026-12-07,,End User Computing,In Progress,932.62
PRJ000473,A0002741,Technology Refresh Wave,2028-01-16,,End User Computing,Approved,1287.0
PRJ000474,A0000521,Technology Refresh Wave,2028-10-02,,Security,In Progress,1003.82
PRJ000475,A0006779,Technology Refresh Wave,2027-03-22,,End User Computing,Completed,1340.85
PRJ000476,A0004581,Technology Refresh Wave,2028-03-10,,End User Computing,In Progress,1061.83
PRJ000477,A0003316,Technology Refresh Wave,2028-07-08,,Infrastructure,Approved,1363.86
PRJ000478,A0000470,Technology Refresh Wave,2027-08-28,,Infrastructure,Proposed,1244.74
PRJ000479,A0011076,Technology Refresh Wave,2027-04-23,,Security,Proposed,1420.99
PRJ000480,A0001714,Technology Refresh Wave,2026-07-09,,End User Computing,In Progress,1255.95
PRJ000481,A0016660,Technology Refresh Wave,2028-03-28,,Cloud,Completed,760.51
PRJ000482,A0023264,Technology Refresh Wave,2028-04-21,,Cloud,In Progress,1180.09
PRJ000483,A0014785,Technology Refresh Wave,2028-10-24,,Infrastructure,Proposed,853.66
PRJ000484,A0004045,Technology Refresh Wave,2028-08-26,,Infrastructure,Approved,1039.33
PRJ000485,A0005562,Technology Refresh Wave,2026-07-13,,Infrastructure,Proposed,1508.38
PRJ000486,A0001114,Technology Refresh Wave,2026-02-10,,End User Computing,Proposed,1548.1
PRJ000487,A0011190,Technology Refresh Wave,2028-06-01,,Infrastructure,Completed,1162.46
PRJ000488,A0021430,Technology Refresh Wave,2027-04-05,,Network,Deferred,23348.15
PRJ000489,A0007862,Technology Refresh Wave,2027-06-16,,Security,In Progress,1234.24
PRJ000490,A0011230,Technology Refresh Wave,2026-10-01,,Network,Proposed,1509.09
PRJ000491,A0000260,Technology Refresh Wave,2027-07-07,,Cloud,In Progress,1970.06
PRJ000492,A0014808,Technology Refresh Wave,2028-03-10,,End User Computing,Approved,724.99
PRJ000493,A0006509,Technology Refresh Wave,2028-05-15,,Security,Proposed,982.45
PRJ000494,A0013020,Technology Refresh Wave,2026-12-19,,Security,Approved,1161.16
PRJ000495,A0000964,Technology Refresh Wave,2027-12-02,,Infrastructure,Deferred,1332.4
PRJ000496,A0014276,Technology Refresh Wave,2028-12-01,,Network,Deferred,680.19
PRJ000497,A0001600,Technology Refresh Wave,2028-01-13,,Security,In Progress,1635.53
PRJ000498,A0007487,Technology Refresh Wave,2028-07-25,,Security,Proposed,1012.29
PRJ000499,A0015844,Technology Refresh Wave,2027-07-27,,Infrastructure,Approved,1195.13
PRJ000500,A0010245,Technology Refresh Wave,2028-03-23,,Infrastructure,Approved,1157.2
PRJ000501,A0023680,Technology Refresh Wave,2026-07-13,,Cloud,Approved,879.14
PRJ000502,A0018695,Technology Refresh Wave,2026-01-21,,Cloud,In Progress,424.66
PRJ000503,A0005793,Technology Refresh Wave,2026-07-06,,Infrastructure,In Progress,1225.17
PRJ000504,A0013975,Technology Refresh Wave,2028-09-21,,Infrastructure,In Progress,1518.2
PRJ000505,A0014523,Technology Refresh Wave,2027-03-14,,Security,Approved,1058.94
PRJ000506,A0008009,Technology Refresh Wave,2028-11-26,,Infrastructure,Completed,1082.56
PRJ000507,A0016842,Technology Refresh Wave,2027-09-05,,Network,Proposed,847.91
PRJ000508,A0020207,Technology Refresh Wave,2028-02-11,,Network,Proposed,12317.01
PRJ000509,A0016817,Technology Refresh Wave,2026-01-30,,Network,Approved,1059.12
PRJ000510,A0005228,Technology Refresh Wave,2028-09-07,,End User Computing,Completed,1423.19
PRJ000511,A0020407,Technology Refresh Wave,2026-11-20,,Network,Proposed,14194.7
PRJ000512,A0007396,Technology Refresh Wave,2027-03-07,,Network,Proposed,1745.66
PRJ000513,A0021682,Technology Refresh Wave,2028-08-23,,Security,Completed,3290.14
PRJ000514,A0013299,Technology Refresh Wave,2027-10-07,,Network,In Progress,1930.49
PRJ000515,A0020745,Technology Refresh Wave,2026-02-17,,Infrastructure,Proposed,16535.27
PRJ000516,A0023417,Technology Refresh Wave,2028-04-27,,Security,Proposed,754.9
PRJ000517,A0016584,Technology Refresh Wave,2027-10-16,,Network,Proposed,966.93
PRJ000518,A0021341,Technology Refresh Wave,2026-06-01,,Cloud,Approved,18426.15
PRJ000519,A0013678,Technology Refresh Wave,2028-11-29,,Infrastructure,In Progress,907.74
PRJ000520,A0019873,Technology Refresh Wave,2026-02-01,,End User Computing,In Progress,426.23
PRJ000521,A0017566,Technology Refresh Wave,2027-11-25,,Infrastructure,Proposed,1239.78
PRJ000522,A0011019,Technology Refresh Wave,2026-07-21,,End User Computing,In Progress,1735.09
PRJ000523,A0004411,Technology Refresh Wave,2027-09-27,,Network,Approved,1194.74
PRJ000524,A0012188,Technology Refresh Wave,2027-10-10,,Infrastructure,Proposed,1050.89
PRJ000525,A0005955,Technology Refresh Wave,2026-08-07,,Network,Approved,1221.77
PRJ000526,A0002767,Technology Refresh Wave,2028-08-04,,Network,Deferred,1598.12
PRJ000527,A0018499,Technology Refresh Wave,2027-11-08,,End User Computing,In Progress,857.32
PRJ000528,A0006563,Technology Refresh Wave,2027-04-27,,Cloud,Deferred,893.34
PRJ000529,A0005473,Technology Refresh Wave,2026-08-24,,Network,Approved,1513.17
PRJ000530,A0008389,Technology Refresh Wave,2027-09-29,,End User Computing,Proposed,1083.28
PRJ000531,A0023469,Technology Refresh Wave,2027-01-07,,Infrastructure,Deferred,904.18
PRJ000532,A0008732,Technology Refresh Wave,2027-04-27,,Network,Completed,1230.99
PRJ000533,A0019610,Technology Refresh Wave,2028-09-07,,Network,In Progress,310.74
PRJ000534,A0014726,Technology Refresh Wave,2026-10-24,,Cloud,Deferred,787.72
PRJ000535,A0010951,Technology Refresh Wave,2026-04-29,,Cloud,Proposed,1291.92
PRJ000536,A0022723,Technology Refresh Wave,2028-02-06,,Security,In Progress,19639.4
PRJ000537,A0013595,Technology Refresh Wave,2026-05-11,,Cloud,Deferred,1182.94
PRJ000538,A0010500,Technology Refresh Wave,2028-07-30,,End User Computing,In Progress,1230.13
PRJ000539,A0004915,Technology Refresh Wave,2028-05-23,,Security,In Progress,2415.57
PRJ000540,A0002230,Technology Refresh Wave,2028-06-05,,Infrastructure,Deferred,1084.46
PRJ000541,A0020527,Technology Refresh Wave,2027-07-09,,Cloud,Approved,18917.9
PRJ000542,A0008479,Technology Refresh Wave,2028-12-07,,Network,In Progress,1644.31
PRJ000543,A0019490,Technology Refresh Wave,2026-06-06,,Infrastructure,Proposed,315.05
PRJ000544,A0022930,Technology Refresh Wave,2028-07-05,,Network,Deferred,22232.82
PRJ000545,A0019752,Technology Refresh Wave,2027-11-03,,Security,In Progress,523.42
PRJ000546,A0015820,Technology Refresh Wave,2027-09-09,,Infrastructure,Completed,1032.71
PRJ000547,A0019538,Technology Refresh Wave,2026-12-29,,Network,Deferred,307.07
PRJ000548,A0011132,Technology Refresh Wave,2026-09-06,,Cloud,Completed,1902.41
PRJ000549,A0011794,Technology Refresh Wave,2028-05-14,,Security,Deferred,1142.13
PRJ000550,A0007725,Technology Refresh Wave,2028-01-01,,Infrastructure,Proposed,1518.75
PRJ000551,A0003690,Technology Refresh Wave,2027-07-26,,End User Computing,Approved,1372.13
PRJ000552,A0013143,Technology Refresh Wave,2027-11-16,,End User Computing,Deferred,1574.58
PRJ000553,A0000030,Technology Refresh Wave,2027-03-20,,End User Computing,Approved,1224.65
PRJ000554,A0007859,Technology Refresh Wave,2026-01-12,,Cloud,Proposed,2411.09
PRJ000555,A0006647,Technology Refresh Wave,2027-04-17,,Security,Approved,1476.17
PRJ000556,A0015487,Technology Refresh Wave,2026-11-22,,Network,Proposed,896.85
PRJ000557,A0021742,Technology Refresh Wave,2027-09-10,,Infrastructure,Proposed,3690.09
PRJ000558,A0017857,Technology Refresh Wave,2026-10-11,,Security,Deferred,999.73
PRJ000559,A0010270,Technology Refresh Wave,2026-11-18,,Network,In Progress,1296.61
PRJ000560,A0021582,Technology Refresh Wave,2028-07-20,,End User Computing,Approved,6125.56
PRJ000561,A0009363,Technology Refresh Wave,2028-10-12,,Security,Proposed,2308.97
PRJ000562,A0022797,Technology Refresh Wave,2026-10-27,,Security,Proposed,5887.75
PRJ000563,A0019218,Technology Refresh Wave,2026-08-28,,Infrastructure,Deferred,547.78
PRJ000564,A0002555,Technology Refresh Wave,2027-01-25,,Cloud,Deferred,1406.8
PRJ000565,A0001193,Technology Refresh Wave,2026-01-24,,Cloud,Proposed,1409.3
PRJ000566,A0013813,Technology Refresh Wave,2026-08-30,,Infrastructure,Deferred,1387.85
PRJ000567,A0000682,Technology Refresh Wave,2027-10-04,,Cloud,Approved,925.05
PRJ000568,A0003003,Technology Refresh Wave,2028-08-12,,Cloud,Approved,1684.67
PRJ000569,A0023293,Technology Refresh Wave,2028-06-09,,End User Computing,Completed,750.48
PRJ000570,A0023226,Technology Refresh Wave,2027-07-10,,Network,In Progress,798.64
PRJ000571,A0015833,Technology Refresh Wave,2026-03-22,,Infrastructure,Approved,1139.26
PRJ000572,A0018939,Technology Refresh Wave,2028-06-26,,Security,Deferred,565.3
PRJ000573,A0017808,Technology Refresh Wave,2027-07-14,,Network,In Progress,1203.49
PRJ000574,A0019109,Technology Refresh Wave,2026-09-22,,Cloud,Approved,486.6
PRJ000575,A0019013,Technology Refresh Wave,2027-04-18,,Infrastructure,Proposed,524.79
PRJ000576,A0009845,Technology Refresh Wave,2028-04-30,,Cloud,Proposed,1059.76
PRJ000577,A0009021,Technology Refresh Wave,2027-06-26,,Cloud,Deferred,1107.82
PRJ000578,A0007349,Technology Refresh Wave,2028-10-01,,End User Computing,Deferred,1204.55
PRJ000579,A0013272,Technology Refresh Wave,2028-08-25,,Network,Proposed,1348.29
PRJ000580,A0011125,Technology Refresh Wave,2027-08-31,,Cloud,Approved,1536.99
PRJ000581,A0009750,Technology Refresh Wave,2028-09-24,,Cloud,Deferred,1415.11
PRJ000582,A0005188,Technology Refresh Wave,2027-05-19,,Infrastructure,In Progress,1619.49
PRJ000583,A0009571,Technology Refresh Wave,2028-01-21,,End User Computing,In Progress,1263.55
PRJ000584,A0016799,Technology Refresh Wave,2028-04-27,,Security,Deferred,1271.0
PRJ000585,A0001247,Technology Refresh Wave,2027-08-13,,Security,Approved,1458.16
PRJ000586,A0004149,Technology Refresh Wave,2026-11-11,,Security,Proposed,1427.15
PRJ000587,A0015366,Technology Refresh Wave,2027-03-05,,End User Computing,In Progress,811.81
PRJ000588,A0002572,Technology Refresh Wave,2028-06-08,,Network,Approved,1510.52
PRJ000589,A0007572,Technology Refresh Wave,2026-11-26,,Cloud,In Progress,931.24
PRJ000590,A0003659,Technology Refresh Wave,2028-07-28,,Cloud,Approved,1059.36
PRJ000591,A0007827,Technology Refresh Wave,2027-07-06,,Infrastructure,Proposed,1200.75
PRJ000592,A0003212,Technology Refresh Wave,2028-05-12,,Network,Approved,1797.93
PRJ000593,A0000650,Technology Refresh Wave,2026-09-03,,Security,Deferred,958.55
PRJ000594,A0010005,Technology Refresh Wave,2028-03-10,,Security,Proposed,1210.1
PRJ000595,A0019980,Technology Refresh Wave,2026-06-15,,Cloud,Deferred,363.61
PRJ000596,A0018789,Technology Refresh Wave,2027-01-23,,End User Computing,Proposed,500.8
PRJ000597,A0009898,Technology Refresh Wave,2026-06-28,,Security,In Progress,1955.37
PRJ000598,A0022219,Technology Refresh Wave,2027-05-03,,End User Computing,Approved,6576.27
PRJ000599,A0017018,Technology Refresh Wave,2027-12-14,,Network,Proposed,1183.53
PRJ000600,A0013638,Technology Refresh Wave,2027-08-05,,Network,In Progress,1538.54
PRJ000601,A0012312,Technology Refresh Wave,2028-07-17,,Security,Completed,1092.72
PRJ000602,A0019386,Technology Refresh Wave,2026-05-29,,Network,Proposed,489.15
PRJ000603,A0016081,Technology Refresh Wave,2027-08-11,,Cloud,Proposed,896.43
PRJ000604,A0002852,Technology Refresh Wave,2027-11-21,,Security,Completed,1634.67
PRJ000605,A0020730,Technology Refresh Wave,2027-02-26,,Infrastructure,Proposed,13805.95
PRJ000606,A0005246,Technology Refresh Wave,2026-06-17,,Cloud,In Progress,970.67
PRJ000607,A0005164,Technology Refresh Wave,2028-06-09,,Cloud,Deferred,1231.14
PRJ000608,A0021167,Technology Refresh Wave,2026-10-14,,Cloud,Deferred,14818.67
PRJ000609,A0004389,Technology Refresh Wave,2027-03-13,,Infrastructure,Proposed,1070.48
PRJ000610,A0022165,Technology Refresh Wave,2028-10-03,,Network,Completed,5302.85
PRJ000611,A0007301,Technology Refresh Wave,2026-10-11,,End User Computing,Approved,1684.37
PRJ000612,A0002948,Technology Refresh Wave,2027-04-04,,Cloud,Approved,1516.03
PRJ000613,A0022766,Technology Refresh Wave,2026-11-23,,Cloud,Proposed,26649.71
PRJ000614,A0009619,Technology Refresh Wave,2028-03-04,,Network,Proposed,1323.02
PRJ000615,A0005983,Technology Refresh Wave,2027-07-28,,Infrastructure,In Progress,1315.37
PRJ000616,A0002831,Technology Refresh Wave,2028-03-08,,Security,In Progress,966.65
PRJ000617,A0000697,Technology Refresh Wave,2026-03-14,,End User Computing,Proposed,1014.78
PRJ000618,A0021951,Technology Refresh Wave,2026-08-23,,Cloud,Deferred,5322.5
PRJ000619,A0017548,Technology Refresh Wave,2026-04-23,,End User Computing,Deferred,777.22
PRJ000620,A0004715,Technology Refresh Wave,2028-03-08,,Cloud,In Progress,1114.82
PRJ000621,A0019220,Technology Refresh Wave,2026-01-13,,Network,Approved,346.07
PRJ000622,A0009304,Technology Refresh Wave,2027-01-14,,End User Computing,Proposed,1026.49
PRJ000623,A0001115,Technology Refresh Wave,2026-02-02,,End User Computing,Deferred,1138.57
PRJ000624,A0003474,Technology Refresh Wave,2027-04-23,,Infrastructure,In Progress,1062.26
PRJ000625,A0018247,Technology Refresh Wave,2027-01-03,,Security,Deferred,1136.59
PRJ000626,A0010606,Technology Refresh Wave,2026-09-20,,Cloud,Proposed,1396.02
PRJ000627,A0008914,Technology Refresh Wave,2026-03-21,,Network,Proposed,1547.64
PRJ000628,A0003388,Technology Refresh Wave,2026-11-18,,Security,Proposed,1016.78
PRJ000629,A0020290,Technology Refresh Wave,2026-03-08,,Network,Deferred,18770.0
PRJ000630,A0013295,Technology Refresh Wave,2028-05-05,,Network,Proposed,1417.17
PRJ000631,A0004287,Technology Refresh Wave,2026-12-10,,Infrastructure,In Progress,1422.24
PRJ000632,A0002798,Technology Refresh Wave,2027-01-27,,Infrastructure,In Progress,1177.9
PRJ000633,A0010057,Technology Refresh Wave,2026-12-03,,Infrastructure,Approved,1241.15
PRJ000634,A0022829,Technology Refresh Wave,2026-05-01,,Cloud,Approved,27502.15
PRJ000635,A0004443,Technology Refresh Wave,2026-07-16,,End User Computing,In Progress,1541.63
PRJ000636,A0017149,Technology Refresh Wave,2028-07-22,,Security,Deferred,818.12
PRJ000637,A0005550,Technology Refresh Wave,2028-09-10,,Infrastructure,Proposed,1478.87
PRJ000638,A0004679,Technology Refresh Wave,2026-10-15,,Cloud,In Progress,1391.01
PRJ000639,A0017657,Technology Refresh Wave,2027-09-06,,Security,In Progress,722.62
PRJ000640,A0010085,Technology Refresh Wave,2027-07-30,,Security,Deferred,1697.56
PRJ000641,A0015539,Technology Refresh Wave,2026-11-05,,Security,In Progress,966.24
PRJ000642,A0002169,Technology Refresh Wave,2027-06-21,,Cloud,In Progress,1658.19
PRJ000643,A0002215,Technology Refresh Wave,2026-04-27,,End User Computing,Deferred,2058.61
PRJ000644,A0016007,Technology Refresh Wave,2026-08-26,,Cloud,Proposed,663.12
PRJ000645,A0021069,Technology Refresh Wave,2028-12-26,,Cloud,Proposed,19019.88
PRJ000646,A0003493,Technology Refresh Wave,2027-10-19,,Security,Proposed,1210.68
PRJ000647,A0002233,Technology Refresh Wave,2028-11-27,,Network,In Progress,1285.47
PRJ000648,A0011194,Technology Refresh Wave,2027-03-28,,Cloud,Deferred,1782.64
PRJ000649,A0013608,Technology Refresh Wave,2027-03-09,,End User Computing,Deferred,1363.06
PRJ000650,A0007073,Technology Refresh Wave,2026-02-18,,Infrastructure,In Progress,1009.27
PRJ000651,A0003036,Technology Refresh Wave,2028-08-18,,Network,In Progress,1209.5
PRJ000652,A0002362,Technology Refresh Wave,2028-01-12,,Network,Proposed,1203.54
PRJ000653,A0011224,Technology Refresh Wave,2026-10-17,,Cloud,Approved,1383.98
PRJ000654,A0008241,Technology Refresh Wave,2028-10-06,,End User Computing,In Progress,1611.04
PRJ000655,A0021602,Technology Refresh Wave,2027-04-14,,Infrastructure,Completed,6893.51
PRJ000656,A0014220,Technology Refresh Wave,2027-04-17,,Infrastructure,Approved,1166.47
PRJ000657,A0019706,Technology Refresh Wave,2027-07-16,,Infrastructure,Proposed,614.66
PRJ000658,A0015595,Technology Refresh Wave,2026-01-10,,Network,In Progress,716.05
PRJ000659,A0000368,Technology Refresh Wave,2028-04-08,,End User Computing,Approved,856.08
PRJ000660,A0019319,Technology Refresh Wave,2027-01-30,,Security,Approved,530.2
PRJ000661,A0001057,Technology Refresh Wave,2026-12-14,,Network,Completed,1333.65
PRJ000662,A0013647,Technology Refresh Wave,2028-05-06,,Cloud,Deferred,1495.84
PRJ000663,A0006706,Technology Refresh Wave,2027-12-04,,Security,Proposed,2480.52
PRJ000664,A0013091,Technology Refresh Wave,2027-10-19,,Security,In Progress,1899.52
PRJ000665,A0017746,Technology Refresh Wave,2028-03-16,,Security,Deferred,778.83
PRJ000666,A0003795,Technology Refresh Wave,2027-09-06,,End User Computing,Approved,1338.15
PRJ000667,A0021268,Technology Refresh Wave,2028-11-23,,Security,Completed,15932.77
PRJ000668,A0003048,Technology Refresh Wave,2027-07-08,,Network,Deferred,1862.2
PRJ000669,A0002389,Technology Refresh Wave,2028-08-14,,End User Computing,Deferred,1106.65
PRJ000670,A0013657,Technology Refresh Wave,2027-08-30,,Network,Proposed,1364.53
PRJ000671,A0008142,Technology Refresh Wave,2027-11-10,,Network,Approved,1528.26
PRJ000672,A0005484,Technology Refresh Wave,2026-08-05,,End User Computing,In Progress,1225.86
PRJ000673,A0020755,Technology Refresh Wave,2027-12-15,,Cloud,Proposed,13087.81
PRJ000674,A0013318,Technology Refresh Wave,2027-12-06,,Security,Approved,1137.79
PRJ000675,A0010012,Technology Refresh Wave,2028-07-22,,Infrastructure,Proposed,1780.48
PRJ000676,A0001434,Technology Refresh Wave,2028-09-14,,End User Computing,Proposed,1833.57
PRJ000677,A0001890,Technology Refresh Wave,2026-05-08,,Cloud,Proposed,1225.81
PRJ000678,A0003289,Technology Refresh Wave,2026-05-22,,Security,Proposed,1554.18
PRJ000679,A0021456,Technology Refresh Wave,2026-11-11,,Network,Proposed,16905.27
PRJ000680,A0021532,Technology Refresh Wave,2026-08-16,,End User Computing,Completed,6439.83
PRJ000681,A0002905,Technology Refresh Wave,2027-02-06,,End User Computing,Completed,928.17
PRJ000682,A0000985,Technology Refresh Wave,2027-04-07,,Cloud,Approved,1231.01
PRJ000683,A0010942,Technology Refresh Wave,2027-04-29,,Cloud,Approved,1387.59
PRJ000684,A0003430,Technology Refresh Wave,2027-11-15,,Security,In Progress,1058.85
PRJ000685,A0001123,Technology Refresh Wave,2028-08-24,,Cloud,Deferred,1529.96
PRJ000686,A0004276,Technology Refresh Wave,2026-05-17,,Network,Approved,854.24
PRJ000687,A0008215,Technology Refresh Wave,2026-05-07,,Cloud,Proposed,2596.72
PRJ000688,A0016694,Technology Refresh Wave,2028-06-29,,Infrastructure,Completed,1174.42
PRJ000689,A0009058,Technology Refresh Wave,2028-11-15,,Network,Approved,1277.1
PRJ000690,A0001819,Technology Refresh Wave,2028-08-26,,Infrastructure,Deferred,1979.33
PRJ000691,A0015072,Technology Refresh Wave,2027-10-19,,Network,Deferred,1173.24
PRJ000692,A0008461,Technology Refresh Wave,2027-11-24,,Network,Completed,1546.66
PRJ000693,A0020717,Technology Refresh Wave,2027-12-29,,End User Computing,Approved,16587.65
PRJ000694,A0001202,Technology Refresh Wave,2026-04-04,,Infrastructure,Approved,1144.04
PRJ000695,A0018540,Technology Refresh Wave,2028-03-09,,End User Computing,Deferred,372.67
PRJ000696,A0014461,Technology Refresh Wave,2028-08-02,,End User Computing,In Progress,901.54
PRJ000697,A0007949,Technology Refresh Wave,2028-09-19,,Security,Deferred,1371.75
PRJ000698,A0007659,Technology Refresh Wave,2026-09-09,,End User Computing,In Progress,1058.79
PRJ000699,A0012750,Technology Refresh Wave,2026-04-19,,Network,Completed,1176.02
PRJ000700,A0000944,Technology Refresh Wave,2028-02-13,,Infrastructure,Completed,1342.84
PRJ000701,A0015171,Technology Refresh Wave,2026-09-27,,Infrastructure,In Progress,978.13
PRJ000702,A0008966,Technology Refresh Wave,2028-06-26,,Infrastructure,Deferred,1663.82
PRJ000703,A0010498,Technology Refresh Wave,2028-02-05,,Infrastructure,Deferred,1518.25
PRJ000704,A0001064,Technology Refresh Wave,2026-08-16,,Security,Deferred,1602.26
PRJ000705,A0019591,Technology Refresh Wave,2026-11-17,,Security,Deferred,371.78
PRJ000706,A0002477,Technology Refresh Wave,2026-06-17,,Cloud,Proposed,1144.83
PRJ000707,A0013990,Technology Refresh Wave,2027-02-22,,Cloud,Proposed,1658.44
PRJ000708,A0001457,Technology Refresh Wave,2026-02-24,,Network,Proposed,1230.33
PRJ000709,A0009580,Technology Refresh Wave,2028-03-12,,Network,In Progress,1189.24
PRJ000710,A0001428,Technology Refresh Wave,2028-03-28,,Cloud,In Progress,1113.68
PRJ000711,A0008589,Technology Refresh Wave,2027-01-09,,Network,Approved,948.09
PRJ000712,A0023697,Technology Refresh Wave,2027-09-08,,Cloud,Approved,58733.22
PRJ000713,A0009428,Technology Refresh Wave,2028-05-12,,Network,Approved,1493.94
PRJ000714,A0015894,Technology Refresh Wave,2026-07-09,,Network,Deferred,1125.2
PRJ000715,A0022895,Technology Refresh Wave,2027-06-02,,Network,In Progress,5594.57
PRJ000716,A0018814,Technology Refresh Wave,2026-10-04,,Infrastructure,Approved,492.08
PRJ000717,A0012221,Technology Refresh Wave,2026-08-17,,Cloud,In Progress,1152.91
PRJ000718,A0022121,Technology Refresh Wave,2026-04-03,,Network,Proposed,4289.98
PRJ000719,A0011256,Technology Refresh Wave,2027-11-13,,Security,Approved,1622.85
PRJ000720,A0011099,Technology Refresh Wave,2026-03-27,,Network,Proposed,1251.53
PRJ000721,A0014205,Technology Refresh Wave,2027-02-06,,Cloud,Deferred,903.81
PRJ000722,A0003352,Technology Refresh Wave,2027-03-06,,Network,Proposed,2558.27
PRJ000723,A0001969,Technology Refresh Wave,2026-06-14,,Infrastructure,Completed,1533.63
PRJ000724,A0018888,Technology Refresh Wave,2028-11-25,,Security,Proposed,376.02
PRJ000725,A0021285,Technology Refresh Wave,2028-12-11,,Cloud,In Progress,11304.97
PRJ000726,A0015892,Technology Refresh Wave,2028-08-04,,Infrastructure,Approved,952.68
PRJ000727,A0001337,Technology Refresh Wave,2028-06-21,,Security,Deferred,1897.3
PRJ000728,A0011214,Technology Refresh Wave,2026-12-23,,Cloud,Approved,1317.78
PRJ000729,A0016413,Technology Refresh Wave,2027-01-02,,Infrastructure,Proposed,922.17
PRJ000730,A0016565,Technology Refresh Wave,2028-04-17,,Network,Approved,765.58
PRJ000731,A0001922,Technology Refresh Wave,2028-07-18,,End User Computing,In Progress,1268.33
PRJ000732,A0003342,Technology Refresh Wave,2026-03-27,,Security,Deferred,988.05
PRJ000733,A0020430,Technology Refresh Wave,2027-10-19,,Cloud,In Progress,13912.88
PRJ000734,A0003845,Technology Refresh Wave,2027-03-10,,Security,Deferred,948.7
PRJ000735,A0003705,Technology Refresh Wave,2028-07-03,,Infrastructure,Completed,2257.1
PRJ000736,A0005051,Technology Refresh Wave,2027-02-24,,End User Computing,In Progress,1410.07
PRJ000737,A0015047,Technology Refresh Wave,2027-03-16,,Network,Approved,770.44
PRJ000738,A0018786,Technology Refresh Wave,2026-09-07,,Infrastructure,In Progress,443.49
PRJ000739,A0002021,Technology Refresh Wave,2027-09-15,,Infrastructure,Approved,1438.03
PRJ000740,A0020660,Technology Refresh Wave,2028-06-17,,Cloud,Completed,10736.96
PRJ000741,A0021784,Technology Refresh Wave,2027-12-06,,Cloud,In Progress,4107.79
PRJ000742,A0002335,Technology Refresh Wave,2027-07-28,,Network,Proposed,1837.93
PRJ000743,A0005653,Technology Refresh Wave,2026-04-29,,Network,Proposed,993.18
PRJ000744,A0006776,Technology Refresh Wave,2027-10-05,,Cloud,Deferred,1060.34
PRJ000745,A0014181,Technology Refresh Wave,2026-06-27,,Infrastructure,Deferred,1020.02
PRJ000746,A0011239,Technology Refresh Wave,2026-11-22,,Cloud,Approved,1273.05
PRJ000747,A0016688,Technology Refresh Wave,2027-06-22,,Cloud,Completed,1015.88
PRJ000748,A0023587,Technology Refresh Wave,2026-05-19,,Cloud,Deferred,969.69
PRJ000749,A0011948,Technology Refresh Wave,2027-10-15,,Security,Approved,994.32
PRJ000750,A0014710,Technology Refresh Wave,2026-10-30,,End User Computing,Approved,869.11
PRJ000751,A0003841,Technology Refresh Wave,2026-07-15,,Security,Proposed,1807.65
PRJ000752,A0017707,Technology Refresh Wave,2026-08-08,,Network,In Progress,784.41
PRJ000753,A0000316,Technology Refresh Wave,2028-12-29,,Infrastructure,Approved,1031.9
PRJ000754,A0015331,Technology Refresh Wave,2028-11-20,,End User Computing,Approved,1088.48
PRJ000755,A0009383,Technology Refresh Wave,2026-05-02,,Network,Deferred,1840.96
PRJ000756,A0009160,Technology Refresh Wave,2026-11-22,,End User Computing,Completed,1141.69
PRJ000757,A0007517,Technology Refresh Wave,2028-06-07,,End User Computing,Proposed,1562.39
PRJ000758,A0000209,Technology Refresh Wave,2028-11-09,,Network,In Progress,1330.82
PRJ000759,A0008897,Technology Refresh Wave,2026-04-30,,Network,Proposed,1232.17
PRJ000760,A0011013,Technology Refresh Wave,2027-08-19,,Security,In Progress,865.34
PRJ000761,A0012594,Technology Refresh Wave,2026-12-09,,Network,Deferred,1537.69
PRJ000762,A0008930,Technology Refresh Wave,2027-11-11,,Infrastructure,Deferred,1382.41
PRJ000763,A0008279,Technology Refresh Wave,2027-06-07,,Security,Proposed,1117.14
PRJ000764,A0012805,Technology Refresh Wave,2028-02-21,,Network,Approved,1047.65
PRJ000765,A0016350,Technology Refresh Wave,2028-03-27,,Cloud,Approved,955.85
PRJ000766,A0012959,Technology Refresh Wave,2028-02-15,,Infrastructure,Proposed,1198.5
PRJ000767,A0017591,Technology Refresh Wave,2026-01-27,,Security,In Progress,694.99
PRJ000768,A0014770,Technology Refresh Wave,2026-08-22,,End User Computing,Proposed,1062.84
PRJ000769,A0001813,Technology Refresh Wave,2026-11-12,,Infrastructure,Deferred,1311.89
PRJ000770,A0011290,Technology Refresh Wave,2026-08-17,,Network,Deferred,1200.76
PRJ000771,A0013025,Technology Refresh Wave,2026-10-14,,End User Computing,Deferred,1418.84
PRJ000772,A0005044,Technology Refresh Wave,2028-05-28,,Infrastructure,In Progress,1414.83
PRJ000773,A0020967,Technology Refresh Wave,2027-07-15,,Cloud,Proposed,16882.43
PRJ000774,A0004294,Technology Refresh Wave,2026-08-28,,End User Computing,Deferred,1341.32
PRJ000775,A0007785,Technology Refresh Wave,2027-12-04,,Network,In Progress,1198.62
PRJ000776,A0003708,Technology Refresh Wave,2027-04-30,,Cloud,Completed,1500.37
PRJ000777,A0003059,Technology Refresh Wave,2026-01-30,,Infrastructure,Proposed,1148.98
PRJ000778,A0005981,Technology Refresh Wave,2027-08-29,,End User Computing,In Progress,1176.03
PRJ000779,A0012552,Technology Refresh Wave,2027-08-23,,Infrastructure,Proposed,1598.95
PRJ000780,A0012535,Technology Refresh Wave,2026-05-17,,Security,Proposed,880.39
PRJ000781,A0016340,Technology Refresh Wave,2028-12-19,,Network,Completed,749.9
PRJ000782,A0023359,Technology Refresh Wave,2028-08-16,,Security,Approved,562.55
PRJ000783,A0003190,Technology Refresh Wave,2026-07-21,,End User Computing,Approved,1870.28
PRJ000784,A0022212,Technology Refresh Wave,2027-02-05,,End User Computing,Proposed,7535.43
PRJ000785,A0021632,Technology Refresh Wave,2027-12-30,,Cloud,Approved,8951.74
PRJ000786,A0014259,Technology Refresh Wave,2026-09-12,,Infrastructure,In Progress,1187.1
PRJ000787,A0015493,Technology Refresh Wave,2028-11-10,,Security,Approved,787.01
PRJ000788,A0013707,Technology Refresh Wave,2027-01-07,,Security,Proposed,891.86
PRJ000789,A0001941,Technology Refresh Wave,2028-01-12,,Security,Proposed,994.52
PRJ000790,A0002035,Technology Refresh Wave,2027-02-16,,Infrastructure,Deferred,1408.62
PRJ000791,A0006290,Technology Refresh Wave,2028-04-10,,Security,Completed,2613.6
PRJ000792,A0020728,Technology Refresh Wave,2028-11-05,,Network,Approved,21222.27
PRJ000793,A0001645,Technology Refresh Wave,2028-07-14,,Cloud,Proposed,875.54
PRJ000794,A0002137,Technology Refresh Wave,2027-04-18,,Cloud,In Progress,1200.77
PRJ000795,A0018722,Technology Refresh Wave,2027-03-16,,End User Computing,Deferred,398.97
PRJ000796,A0007842,Technology Refresh Wave,2028-06-06,,Network,Proposed,1404.85
PRJ000797,A0004414,Technology Refresh Wave,2028-10-10,,End User Computing,Deferred,1557.47
PRJ000798,A0012072,Technology Refresh Wave,2027-06-26,,End User Computing,In Progress,1656.01
PRJ000799,A0020991,Technology Refresh Wave,2027-08-16,,End User Computing,In Progress,16538.7
PRJ000800,A0019688,Technology Refresh Wave,2026-08-31,,End User Computing,Approved,458.77
PRJ000801,A0000251,Technology Refresh Wave,2028-02-29,,Security,In Progress,1083.54
PRJ000802,A0018003,Technology Refresh Wave,2028-03-09,,Network,Deferred,815.6
PRJ000803,A0010710,Technology Refresh Wave,2028-08-19,,Cloud,Completed,921.13
PRJ000804,A0000284,Technology Refresh Wave,2028-01-26,,Cloud,Approved,1124.33
PRJ000805,A0005733,Technology Refresh Wave,2026-08-13,,Security,Proposed,1265.16
PRJ000806,A0014056,Technology Refresh Wave,2028-11-30,,End User Computing,Proposed,904.03
PRJ000807,A0023046,Technology Refresh Wave,2026-09-16,,Cloud,Deferred,48907.41
PRJ000808,A0011504,Technology Refresh Wave,2028-09-11,,Network,Completed,1411.81
PRJ000809,A0013865,Technology Refresh Wave,2027-01-20,,Cloud,Proposed,1774.12
PRJ000810,A0016048,Technology Refresh Wave,2026-04-25,,Network,Completed,1108.51
PRJ000811,A0009234,Technology Refresh Wave,2028-04-27,,End User Computing,Completed,1895.25
PRJ000812,A0014306,Technology Refresh Wave,2028-11-04,,Security,Approved,1155.39
PRJ000813,A0010516,Technology Refresh Wave,2028-12-11,,Infrastructure,Proposed,1409.92
PRJ000814,A0014442,Technology Refresh Wave,2028-10-30,,Infrastructure,Completed,1023.08
PRJ000815,A0003129,Technology Refresh Wave,2028-12-21,,Infrastructure,Approved,1258.13
PRJ000816,A0009648,Technology Refresh Wave,2026-07-01,,Infrastructure,Deferred,1405.95
PRJ000817,A0010176,Technology Refresh Wave,2028-11-15,,Infrastructure,Deferred,1571.21
PRJ000818,A0005848,Technology Refresh Wave,2026-10-06,,Security,Deferred,1311.4
PRJ000819,A0006216,Technology Refresh Wave,2026-05-01,,Infrastructure,Approved,983.4
PRJ000820,A0004635,Technology Refresh Wave,2028-09-03,,Security,Approved,1489.16
PRJ000821,A0015592,Technology Refresh Wave,2028-07-25,,Infrastructure,Deferred,1053.47
PRJ000822,A0007133,Technology Refresh Wave,2027-12-05,,Network,In Progress,1083.94
PRJ000823,A0010625,Technology Refresh Wave,2027-02-17,,Network,Approved,1661.2
PRJ000824,A0009635,Technology Refresh Wave,2026-07-10,,End User Computing,Proposed,1740.27
PRJ000825,A0013389,Technology Refresh Wave,2028-08-21,,Cloud,Approved,1287.74
PRJ000826,A0017915,Technology Refresh Wave,2026-05-18,,Cloud,Deferred,969.65
PRJ000827,A0005763,Technology Refresh Wave,2026-10-25,,Network,In Progress,937.48
PRJ000828,A0021901,Technology Refresh Wave,2026-06-29,,Infrastructure,Approved,7316.86
PRJ000829,A0018736,Technology Refresh Wave,2028-06-10,,Network,In Progress,349.89
PRJ000830,A0006751,Technology Refresh Wave,2027-11-20,,Infrastructure,Completed,1801.73
PRJ000831,A0019517,Technology Refresh Wave,2028-07-31,,Cloud,In Progress,472.72
PRJ000832,A0022251,Technology Refresh Wave,2026-10-11,,End User Computing,Proposed,4730.2
PRJ000833,A0018729,Technology Refresh Wave,2026-04-23,,End User Computing,Proposed,427.32
PRJ000834,A0013355,Technology Refresh Wave,2027-04-24,,Infrastructure,In Progress,2195.62
PRJ000835,A0014615,Technology Refresh Wave,2028-02-26,,Cloud,Approved,964.18
PRJ000836,A0000429,Technology Refresh Wave,2027-11-30,,Infrastructure,Proposed,1118.46
PRJ000837,A0001399,Technology Refresh Wave,2027-03-17,,Network,Proposed,1128.77
PRJ000838,A0004306,Technology Refresh Wave,2027-07-07,,End User Computing,Completed,920.28
PRJ000839,A0022357,Technology Refresh Wave,2028-06-02,,Infrastructure,Proposed,14333.04
PRJ000840,A0009712,Technology Refresh Wave,2026-05-02,,Infrastructure,Proposed,1631.4
PRJ000841,A0019663,Technology Refresh Wave,2028-03-10,,End User Computing,In Progress,466.12
PRJ000842,A0003275,Technology Refresh Wave,2028-06-20,,Cloud,In Progress,1833.39
PRJ000843,A0005046,Technology Refresh Wave,2028-12-23,,Cloud,Proposed,1126.3
PRJ000844,A0008346,Technology Refresh Wave,2027-07-26,,Cloud,Approved,1441.46
PRJ000845,A0002172,Technology Refresh Wave,2028-05-30,,End User Computing,Proposed,1168.22
PRJ000846,A0002938,Technology Refresh Wave,2028-02-06,,Infrastructure,Proposed,1366.62
PRJ000847,A0008395,Technology Refresh Wave,2028-07-29,,End User Computing,Approved,1194.05
PRJ000848,A0013672,Technology Refresh Wave,2028-06-23,,Network,Approved,1536.98
PRJ000849,A0015832,Technology Refresh Wave,2026-06-29,,Network,In Progress,886.62
PRJ000850,A0008981,Technology Refresh Wave,2026-12-03,,Cloud,Proposed,1136.71
PRJ000851,A0021440,Technology Refresh Wave,2028-02-06,,End User Computing,Approved,22824.47
PRJ000852,A0023552,Technology Refresh Wave,2026-12-16,,Security,Proposed,763.02
PRJ000853,A0020752,Technology Refresh Wave,2026-05-13,,Security,In Progress,21734.58
PRJ000854,A0013382,Technology Refresh Wave,2028-06-30,,End User Computing,Proposed,2041.4
PRJ000855,A0003923,Technology Refresh Wave,2028-08-18,,Security,Deferred,1009.07
PRJ000856,A0023432,Technology Refresh Wave,2028-05-24,,Network,In Progress,796.67
PRJ000857,A0013553,Technology Refresh Wave,2026-10-31,,Security,In Progress,1188.48
PRJ000858,A0015916,Technology Refresh Wave,2028-03-24,,Infrastructure,Proposed,920.6
PRJ000859,A0015323,Technology Refresh Wave,2028-08-08,,Cloud,Deferred,714.74
PRJ000860,A0012748,Technology Refresh Wave,2027-12-24,,Cloud,Proposed,1076.34
PRJ000861,A0012541,Technology Refresh Wave,2028-08-15,,End User Computing,Completed,1128.58
PRJ000862,A0016816,Technology Refresh Wave,2028-06-15,,Security,Proposed,986.07
PRJ000863,A0009499,Technology Refresh Wave,2028-04-17,,Infrastructure,Approved,1426.95
PRJ000864,A0018554,Technology Refresh Wave,2027-12-19,,Cloud,Approved,587.39
PRJ000865,A0012610,Technology Refresh Wave,2028-10-28,,Security,Deferred,1135.51
PRJ000866,A0001685,Technology Refresh Wave,2027-03-22,,End User Computing,Proposed,1106.41
PRJ000867,A0018095,Technology Refresh Wave,2028-09-02,,Network,Deferred,834.79
PRJ000868,A0005743,Technology Refresh Wave,2028-10-02,,End User Computing,Deferred,1239.81
PRJ000869,A0022845,Technology Refresh Wave,2026-11-19,,Infrastructure,Deferred,5502.49
PRJ000870,A0010510,Technology Refresh Wave,2027-12-04,,Network,Approved,1040.7
PRJ000871,A0018192,Technology Refresh Wave,2027-07-03,,Network,In Progress,1031.81
PRJ000872,A0001088,Technology Refresh Wave,2027-06-09,,Security,Completed,1475.24
PRJ000873,A0019388,Technology Refresh Wave,2026-06-18,,Infrastructure,Approved,597.01
PRJ000874,A0007525,Technology Refresh Wave,2026-06-04,,Security,In Progress,1052.92
PRJ000875,A0006353,Technology Refresh Wave,2026-07-10,,End User Computing,Proposed,1623.8
PRJ000876,A0005181,Technology Refresh Wave,2026-05-15,,Security,Proposed,1789.7
PRJ000877,A0018080,Technology Refresh Wave,2028-07-09,,Security,Proposed,799.94
PRJ000878,A0014580,Technology Refresh Wave,2028-09-22,,Security,Proposed,732.53
PRJ000879,A0007609,Technology Refresh Wave,2027-06-20,,Cloud,Proposed,1932.92
PRJ000880,A0003712,Technology Refresh Wave,2026-12-27,,End User Computing,Proposed,2584.67
PRJ000881,A0020754,Technology Refresh Wave,2026-03-11,,Network,Approved,15966.88
PRJ000882,A0009283,Technology Refresh Wave,2026-02-10,,Security,Proposed,1381.57
PRJ000883,A0006286,Technology Refresh Wave,2027-01-11,,Security,Proposed,1384.88
PRJ000884,A0019869,Technology Refresh Wave,2026-09-03,,Network,Deferred,362.89
PRJ000885,A0021151,Technology Refresh Wave,2026-05-18,,Security,Deferred,18803.17
PRJ000886,A0005866,Technology Refresh Wave,2028-07-01,,Infrastructure,Approved,909.3
PRJ000887,A0011728,Technology Refresh Wave,2026-12-17,,Cloud,Proposed,2196.05
PRJ000888,A0014963,Technology Refresh Wave,2026-11-10,,Infrastructure,Proposed,916.54
PRJ000889,A0021822,Technology Refresh Wave,2027-12-31,,Cloud,Completed,4813.21
PRJ000890,A0001681,Technology Refresh Wave,2026-03-12,,Network,Proposed,1067.35
PRJ000891,A0002042,Technology Refresh Wave,2026-09-29,,Network,Approved,1009.35
PRJ000892,A0022166,Technology Refresh Wave,2026-05-19,,End User Computing,Completed,3435.73
PRJ000893,A0016154,Technology Refresh Wave,2026-04-05,,Cloud,Proposed,653.98
PRJ000894,A0001010,Technology Refresh Wave,2027-12-25,,Network,In Progress,946.9
PRJ000895,A0004784,Technology Refresh Wave,2026-12-19,,Cloud,Completed,1761.76
PRJ000896,A0018677,Technology Refresh Wave,2026-08-19,,Cloud,Approved,380.46
PRJ000897,A0006355,Technology Refresh Wave,2026-03-23,,Security,Completed,1235.93
PRJ000898,A0016962,Technology Refresh Wave,2026-04-06,,Infrastructure,Deferred,1011.94
PRJ000899,A0009011,Technology Refresh Wave,2028-01-06,,Cloud,Approved,1829.06
PRJ000900,A0007787,Technology Refresh Wave,2027-12-23,,Security,Proposed,1484.33
PRJ000901,A0012171,Technology Refresh Wave,2027-07-09,,End User Computing,Proposed,1467.79
PRJ000902,A0004402,Technology Refresh Wave,2028-01-21,,Security,Completed,1226.22
PRJ000903,A0022050,Technology Refresh Wave,2027-12-25,,Cloud,Proposed,4790.32
PRJ000904,A0005419,Technology Refresh Wave,2027-08-27,,Infrastructure,In Progress,1182.18
PRJ000905,A0006439,Technology Refresh Wave,2027-05-21,,End User Computing,Approved,1917.13
PRJ000906,A0009976,Technology Refresh Wave,2027-10-28,,End User Computing,Approved,1097.3
PRJ000907,A0013338,Technology Refresh Wave,2027-10-10,,Security,Proposed,1447.88
PRJ000908,A0004875,Technology Refresh Wave,2028-09-29,,Infrastructure,Proposed,2068.37
PRJ000909,A0004864,Technology Refresh Wave,2028-12-04,,Security,In Progress,1440.46
PRJ000910,A0009899,Technology Refresh Wave,2026-09-09,,Security,In Progress,1113.6
PRJ000911,A0002502,Technology Refresh Wave,2027-03-18,,Infrastructure,Proposed,1452.87
PRJ000912,A0011806,Technology Refresh Wave,2027-09-19,,End User Computing,Completed,1157.25
PRJ000913,A0017182,Technology Refresh Wave,2027-05-22,,Infrastructure,Proposed,741.74
PRJ000914,A0005549,Technology Refresh Wave,2028-06-09,,End User Computing,In Progress,1336.81
PRJ000915,A0017170,Technology Refresh Wave,2026-02-25,,Security,Completed,682.93
PRJ000916,A0000912,Technology Refresh Wave,2027-04-22,,Infrastructure,Deferred,1555.53
PRJ000917,A0014427,Technology Refresh Wave,2027-03-01,,Security,Completed,873.36
PRJ000918,A0020067,Technology Refresh Wave,2026-04-30,,Security,Approved,16064.57
PRJ000919,A0008363,Technology Refresh Wave,2028-10-20,,Infrastructure,Completed,2203.74
PRJ000920,A0007908,Technology Refresh Wave,2028-09-07,,Network,Proposed,985.97
PRJ000921,A0010313,Technology Refresh Wave,2026-12-02,,Network,In Progress,757.8
PRJ000922,A0007364,Technology Refresh Wave,2028-08-16,,End User Computing,Approved,1882.49
PRJ000923,A0005408,Technology Refresh Wave,2027-09-24,,End User Computing,Deferred,1556.82
PRJ000924,A0003071,Technology Refresh Wave,2028-06-03,,Cloud,Proposed,2147.66
PRJ000925,A0003383,Technology Refresh Wave,2026-04-29,,Infrastructure,Proposed,1020.09
PRJ000926,A0021705,Technology Refresh Wave,2027-09-24,,Security,Proposed,3966.8
PRJ000927,A0017767,Technology Refresh Wave,2027-12-13,,Network,Proposed,824.3
PRJ000928,A0017081,Technology Refresh Wave,2027-06-19,,End User Computing,In Progress,1077.66
PRJ000929,A0021402,Technology Refresh Wave,2028-07-01,,Network,Completed,16254.34
PRJ000930,A0015080,Technology Refresh Wave,2026-12-22,,Cloud,Proposed,1095.71
PRJ000931,A0023649,Technology Refresh Wave,2028-06-23,,End User Computing,Deferred,707.61
PRJ000932,A0018956,Technology Refresh Wave,2026-12-28,,Cloud,Completed,374.11
PRJ000933,A0004707,Technology Refresh Wave,2026-01-19,,End User Computing,Proposed,1263.31
PRJ000934,A0018635,Technology Refresh Wave,2028-03-13,,Cloud,Approved,356.01
PRJ000935,A0021895,Technology Refresh Wave,2026-09-05,,End User Computing,Deferred,3942.05
PRJ000936,A0001191,Technology Refresh Wave,2027-07-05,,Infrastructure,Deferred,900.47
PRJ000937,A0017682,Technology Refresh Wave,2026-06-26,,Security,Deferred,1257.9
PRJ000938,A0018501,Technology Refresh Wave,2028-07-09,,Network,Approved,431.93
PRJ000939,A0003397,Technology Refresh Wave,2028-05-13,,Cloud,Deferred,1330.0
PRJ000940,A0015209,Technology Refresh Wave,2027-08-13,,Cloud,Approved,1276.26
PRJ000941,A0013691,Technology Refresh Wave,2027-09-10,,Cloud,Completed,1931.72
PRJ000942,A0006727,Technology Refresh Wave,2028-08-28,,End User Computing,In Progress,1263.72
PRJ000943,A0003114,Technology Refresh Wave,2028-03-17,,Cloud,Completed,1404.63
PRJ000944,A0004845,Technology Refresh Wave,2028-08-03,,Security,Proposed,1890.0
PRJ000945,A0018500,Technology Refresh Wave,2026-01-25,,Network,In Progress,1243.99
PRJ000946,A0005805,Technology Refresh Wave,2027-05-03,,Security,In Progress,1320.72
PRJ000947,A0005327,Technology Refresh Wave,2026-08-29,,Network,Approved,1429.96
PRJ000948,A0017022,Technology Refresh Wave,2026-11-30,,Infrastructure,Completed,936.25
PRJ000949,A0015971,Technology Refresh Wave,2028-12-01,,Infrastructure,Completed,754.38
PRJ000950,A0014508,Technology Refresh Wave,2027-05-23,,Network,Approved,820.44
PRJ000951,A0020212,Technology Refresh Wave,2028-02-08,,Network,Deferred,9878.79
PRJ000952,A0011501,Technology Refresh Wave,2028-10-23,,End User Computing,Approved,2852.11
PRJ000953,A0013061,Technology Refresh Wave,2027-06-21,,Security,Proposed,1249.48
PRJ000954,A0016484,Technology Refresh Wave,2027-07-18,,Cloud,Approved,1022.86
PRJ000955,A0021820,Technology Refresh Wave,2027-01-17,,Cloud,Approved,4291.25
PRJ000956,A0021408,Technology Refresh Wave,2028-11-28,,End User Computing,Proposed,20135.69
PRJ000957,A0004974,Technology Refresh Wave,2028-03-24,,Infrastructure,In Progress,1132.47
PRJ000958,A0006004,Technology Refresh Wave,2027-12-06,,Infrastructure,Approved,908.6
PRJ000959,A0016889,Technology Refresh Wave,2028-02-11,,End User Computing,Approved,972.68
PRJ000960,A0018721,Technology Refresh Wave,2028-05-26,,Infrastructure,In Progress,527.93
PRJ000961,A0011254,Technology Refresh Wave,2028-10-29,,Security,Proposed,1173.98
PRJ000962,A0001823,Technology Refresh Wave,2027-04-04,,End User Computing,Approved,975.27
PRJ000963,A0016912,Technology Refresh Wave,2026-08-29,,Security,Proposed,907.14
PRJ000964,A0013012,Technology Refresh Wave,2027-02-15,,Cloud,Completed,1582.32
PRJ000965,A0003399,Technology Refresh Wave,2027-03-27,,Network,Approved,1390.6
PRJ000966,A0013130,Technology Refresh Wave,2027-11-15,,Cloud,Approved,1588.21
PRJ000967,A0022328,Technology Refresh Wave,2028-08-26,,End User Computing,Deferred,3401.47
PRJ000968,A0000324,Technology Refresh Wave,2028-08-08,,Network,Approved,1316.29
PRJ000969,A0002153,Technology Refresh Wave,2027-03-13,,Network,In Progress,1670.09
PRJ000970,A0004398,Technology Refresh Wave,2027-07-03,,End User Computing,Approved,1186.02
PRJ000971,A0003015,Technology Refresh Wave,2026-12-13,,Security,In Progress,1023.3
PRJ000972,A0008193,Technology Refresh Wave,2027-09-06,,Security,Deferred,1855.49
PRJ000973,A0005461,Technology Refresh Wave,2026-05-03,,Infrastructure,Proposed,1463.98
PRJ000974,A0003572,Technology Refresh Wave,2026-04-14,,Cloud,Deferred,1161.42
PRJ000975,A0009654,Technology Refresh Wave,2027-12-18,,Cloud,Completed,1365.24
PRJ000976,A0012645,Technology Refresh Wave,2026-12-17,,End User Computing,Approved,1727.32
PRJ000977,A0008138,Technology Refresh Wave,2027-06-15,,End User Computing,Proposed,1566.78
PRJ000978,A0020499,Technology Refresh Wave,2027-10-30,,Cloud,In Progress,11232.16
PRJ000979,A0021878,Technology Refresh Wave,2028-03-08,,Network,Proposed,6271.0
PRJ000980,A0007229,Technology Refresh Wave,2028-11-25,,Network,Approved,1183.94
PRJ000981,A0012838,Technology Refresh Wave,2026-01-18,,Infrastructure,Proposed,1132.16
PRJ000982,A0019550,Technology Refresh Wave,2026-07-06,,Network,In Progress,414.18
PRJ000983,A0003902,Technology Refresh Wave,2026-10-18,,Network,Deferred,1008.06
PRJ000984,A0021861,Technology Refresh Wave,2026-04-21,,Cloud,In Progress,4065.43
PRJ000985,A0005930,Technology Refresh Wave,2027-09-18,,Security,Approved,1515.75
PRJ000986,A0011710,Technology Refresh Wave,2028-07-17,,Security,In Progress,1197.67
PRJ000987,A0020438,Technology Refresh Wave,2027-12-12,,Network,Approved,14974.56
PRJ000988,A0023059,Technology Refresh Wave,2026-03-12,,End User Computing,Proposed,19590.59
PRJ000989,A0011975,Technology Refresh Wave,2028-12-19,,Cloud,Approved,2644.99
PRJ000990,A0014036,Technology Refresh Wave,2027-12-22,,Cloud,Proposed,1070.56
PRJ000991,A0011505,Technology Refresh Wave,2027-07-07,,Security,Deferred,1158.83
PRJ000992,A0004346,Technology Refresh Wave,2028-01-21,,Security,Proposed,1103.4
PRJ000993,A0000151,Technology Refresh Wave,2026-05-14,,Security,Deferred,1296.57
PRJ000994,A0013477,Technology Refresh Wave,2026-07-06,,Security,Completed,1067.81
PRJ000995,A0020950,Technology Refresh Wave,2027-09-19,,Cloud,Deferred,14880.69
PRJ000996,A0015163,Technology Refresh Wave,2028-12-02,,Network,Approved,812.51
PRJ000997,A0018184,Technology Refresh Wave,2028-11-08,,End User Computing,Deferred,968.21
PRJ000998,A0019270,Technology Refresh Wave,2026-06-15,,Cloud,Deferred,303.01
PRJ000999,A0021551,Technology Refresh Wave,2026-03-29,,Network,In Progress,7852.03
PRJ001000,A0014404,Technology Refresh Wave,2028-03-10,,Network,Proposed,933.72
PRJ001001,A0023036,Technology Refresh Wave,2026-11-19,,Security,In Progress,16033.45
PRJ001002,A0015364,Technology Refresh Wave,2027-12-29,,Cloud,Proposed,962.14
PRJ001003,A0015517,Technology Refresh Wave,2027-09-24,,Cloud,Proposed,682.12
PRJ001004,A0014796,Technology Refresh Wave,2026-08-10,,Security,Approved,856.43
PRJ001005,A0016069,Technology Refresh Wave,2027-06-02,,Network,Completed,1009.22
PRJ001006,A0011604,Technology Refresh Wave,2027-06-23,,Network,Proposed,2657.37
PRJ001007,A0023007,Technology Refresh Wave,2026-09-03,,End User Computing,In Progress,46728.99
PRJ001008,A0022060,Technology Refresh Wave,2027-01-10,,Network,Completed,6932.9
PRJ001009,A0010649,Technology Refresh Wave,2028-10-13,,Network,Completed,1168.21
PRJ001010,A0003384,Technology Refresh Wave,2027-04-29,,Cloud,In Progress,1101.78
PRJ001011,A0003490,Technology Refresh Wave,2028-05-30,,Network,Deferred,1539.72
PRJ001012,A0001596,Technology Refresh Wave,2027-05-03,,End User Computing,Approved,1676.03
PRJ001013,A0005389,Technology Refresh Wave,2026-02-01,,End User Computing,Proposed,1486.44
PRJ001014,A0001476,Technology Refresh Wave,2028-04-10,,Security,Approved,1412.01
PRJ001015,A0016251,Technology Refresh Wave,2027-09-28,,Network,Completed,1114.68
PRJ001016,A0007271,Technology Refresh Wave,2027-03-20,,Cloud,Deferred,1906.44
PRJ001017,A0023066,Technology Refresh Wave,2026-05-18,,Network,Completed,687.33
PRJ001018,A0020179,Technology Refresh Wave,2027-03-29,,Infrastructure,Approved,23857.25
PRJ001019,A0004619,Technology Refresh Wave,2028-01-30,,End User Computing,Approved,1244.99
PRJ001020,A0023458,Technology Refresh Wave,2026-10-30,,Infrastructure,Deferred,877.62
PRJ001021,A0006604,Technology Refresh Wave,2026-03-08,,Network,Deferred,1437.23
PRJ001022,A0016329,Technology Refresh Wave,2026-11-12,,Infrastructure,Approved,859.16
PRJ001023,A0020811,Technology Refresh Wave,2026-06-08,,Cloud,Approved,17164.2
PRJ001024,A0017817,Technology Refresh Wave,2027-12-05,,Cloud,Completed,873.68
PRJ001025,A0017459,Technology Refresh Wave,2028-10-24,,Security,Approved,1027.48
PRJ001026,A0012712,Technology Refresh Wave,2026-01-10,,Security,Proposed,1048.82
PRJ001027,A0001228,Technology Refresh Wave,2028-01-01,,End User Computing,Proposed,1783.71
PRJ001028,A0014881,Technology Refresh Wave,2028-10-20,,Infrastructure,Deferred,701.36
PRJ001029,A0013714,Technology Refresh Wave,2027-07-23,,Infrastructure,Deferred,1695.94
PRJ001030,A0022606,Technology Refresh Wave,2028-09-10,,Infrastructure,Approved,20871.26
PRJ001031,A0002749,Technology Refresh Wave,2028-06-30,,Infrastructure,Deferred,1130.54
PRJ001032,A0013155,Technology Refresh Wave,2027-05-02,,Infrastructure,Deferred,1123.66
PRJ001033,A0023492,Technology Refresh Wave,2028-01-06,,Security,Approved,778.29
PRJ001034,A0012790,Technology Refresh Wave,2027-06-16,,End User Computing,Completed,2416.9
PRJ001035,A0002768,Technology Refresh Wave,2027-02-07,,Security,Deferred,1636.16
PRJ001036,A0006358,Technology Refresh Wave,2027-01-03,,Cloud,In Progress,1268.33
PRJ001037,A0008782,Technology Refresh Wave,2027-10-12,,Infrastructure,Completed,1234.83
PRJ001038,A0000829,Technology Refresh Wave,2027-03-17,,End User Computing,Proposed,1391.28
PRJ001039,A0000467,Technology Refresh Wave,2026-09-07,,End User Computing,Proposed,1008.42
PRJ001040,A0016644,Technology Refresh Wave,2027-12-21,,End User Computing,Proposed,735.33
PRJ001041,A0020537,Technology Refresh Wave,2026-08-08,,Security,In Progress,14961.06
PRJ001042,A0007586,Technology Refresh Wave,2027-09-02,,Network,Approved,1828.19
PRJ001043,A0009576,Technology Refresh Wave,2028-09-09,,End User Computing,Proposed,1028.32
PRJ001044,A0019822,Technology Refresh Wave,2028-10-06,,Security,Completed,547.23
PRJ001045,A0002860,Technology Refresh Wave,2026-04-15,,Network,Deferred,1209.96
PRJ001046,A0006138,Technology Refresh Wave,2026-05-21,,Infrastructure,In Progress,1219.63
PRJ001047,A0010129,Technology Refresh Wave,2028-11-04,,Infrastructure,Completed,1418.51
PRJ001048,A0018175,Technology Refresh Wave,2027-07-29,,End User Computing,Completed,1112.49
PRJ001049,A0011056,Technology Refresh Wave,2027-11-19,,Infrastructure,Approved,1204.44
PRJ001050,A0023456,Technology Refresh Wave,2028-09-10,,End User Computing,Deferred,807.43
PRJ001051,A0002509,Technology Refresh Wave,2027-04-28,,End User Computing,Approved,1180.8
PRJ001052,A0015745,Technology Refresh Wave,2026-12-17,,Cloud,Proposed,1100.72
PRJ001053,A0004190,Technology Refresh Wave,2026-02-08,,Network,Proposed,1392.78
PRJ001054,A0014643,Technology Refresh Wave,2026-12-19,,Infrastructure,Deferred,908.8
PRJ001055,A0006150,Technology Refresh Wave,2026-09-30,,Security,In Progress,1250.71
PRJ001056,A0021816,Technology Refresh Wave,2028-03-13,,Security,In Progress,7360.75
PRJ001057,A0003932,Technology Refresh Wave,2027-11-24,,Cloud,In Progress,1775.46
PRJ001058,A0015187,Technology Refresh Wave,2028-03-25,,End User Computing,In Progress,794.9
PRJ001059,A0010578,Technology Refresh Wave,2026-01-01,,End User Computing,Proposed,1173.36
PRJ001060,A0018809,Technology Refresh Wave,2027-09-24,,End User Computing,Completed,444.46
PRJ001061,A0021496,Technology Refresh Wave,2027-10-25,,Infrastructure,Approved,13483.1
PRJ001062,A0019512,Technology Refresh Wave,2028-04-20,,Infrastructure,Approved,460.0
PRJ001063,A0019860,Technology Refresh Wave,2028-03-15,,End User Computing,Completed,507.05
PRJ001064,A0019696,Technology Refresh Wave,2028-08-03,,End User Computing,Approved,483.02
PRJ001065,A0017666,Technology Refresh Wave,2027-12-22,,Network,In Progress,954.94
PRJ001066,A0011609,Technology Refresh Wave,2026-07-21,,Infrastructure,Deferred,2445.84
PRJ001067,A0014489,Technology Refresh Wave,2028-09-11,,Infrastructure,Deferred,948.14
PRJ001068,A0016093,Technology Refresh Wave,2026-03-30,,Cloud,Deferred,912.74
PRJ001069,A0006385,Technology Refresh Wave,2027-10-08,,Network,In Progress,1288.9
PRJ001070,A0003442,Technology Refresh Wave,2027-03-22,,Network,Approved,1021.8
PRJ001071,A0022148,Technology Refresh Wave,2027-12-11,,Network,Deferred,5330.37
PRJ001072,A0002266,Technology Refresh Wave,2027-03-21,,Cloud,In Progress,1229.63
PRJ001073,A0016290,Technology Refresh Wave,2027-02-01,,Security,Completed,870.52
PRJ001074,A0001340,Technology Refresh Wave,2026-03-19,,Network,Proposed,1282.22
PRJ001075,A0001419,Technology Refresh Wave,2026-10-13,,Cloud,Proposed,2041.87
PRJ001076,A0013584,Technology Refresh Wave,2027-01-04,,Cloud,Proposed,1928.35
PRJ001077,A0006382,Technology Refresh Wave,2026-11-23,,End User Computing,Completed,2048.51
PRJ001078,A0004668,Technology Refresh Wave,2026-06-21,,Security,Deferred,1104.18
PRJ001079,A0013499,Technology Refresh Wave,2026-12-09,,Infrastructure,Deferred,1653.62
PRJ001080,A0014545,Technology Refresh Wave,2027-01-29,,End User Computing,Completed,925.69
PRJ001081,A0020725,Technology Refresh Wave,2027-10-25,,End User Computing,In Progress,12366.97
PRJ001082,A0010424,Technology Refresh Wave,2028-05-15,,Infrastructure,Proposed,2052.09
PRJ001083,A0003733,Technology Refresh Wave,2026-02-11,,Network,In Progress,1296.0
PRJ001084,A0015742,Technology Refresh Wave,2026-05-26,,Infrastructure,Proposed,1024.26
PRJ001085,A0015280,Technology Refresh Wave,2026-06-29,,Infrastructure,Proposed,974.45
PRJ001086,A0002146,Technology Refresh Wave,2026-11-01,,End User Computing,Completed,1080.65
PRJ001087,A0005884,Technology Refresh Wave,2026-04-25,,Cloud,Proposed,1498.3
PRJ001088,A0019614,Technology Refresh Wave,2028-10-16,,Security,In Progress,599.75
PRJ001089,A0008391,Technology Refresh Wave,2028-11-05,,Network,Deferred,855.38
PRJ001090,A0013200,Technology Refresh Wave,2027-07-28,,Security,Approved,1345.99
PRJ001091,A0000997,Technology Refresh Wave,2027-05-20,,Cloud,Approved,2328.91
PRJ001092,A0016548,Technology Refresh Wave,2028-12-20,,Infrastructure,Approved,728.37
PRJ001093,A0003427,Technology Refresh Wave,2028-10-29,,Infrastructure,Proposed,1152.22
PRJ001094,A0014983,Technology Refresh Wave,2026-05-30,,End User Computing,Proposed,1075.12
PRJ001095,A0002056,Technology Refresh Wave,2028-05-08,,Network,Approved,1253.38
PRJ001096,A0019756,Technology Refresh Wave,2026-05-06,,Security,Approved,399.83
PRJ001097,A0008920,Technology Refresh Wave,2027-04-15,,Infrastructure,Approved,1438.53
PRJ001098,A0006088,Technology Refresh Wave,2026-10-10,,End User Computing,Deferred,1626.59
PRJ001099,A0004337,Technology Refresh Wave,2026-02-07,,Infrastructure,Approved,1588.7
PRJ001100,A0013626,Technology Refresh Wave,2027-05-16,,Cloud,Proposed,1163.74
PRJ001101,A0022066,Technology Refresh Wave,2028-12-19,,Infrastructure,Deferred,5254.8
PRJ001102,A0022129,Technology Refresh Wave,2026-01-29,,Security,In Progress,7843.88
PRJ001103,A0007470,Technology Refresh Wave,2027-05-29,,Security,Proposed,1487.17
PRJ001104,A0021612,Technology Refresh Wave,2026-05-13,,Security,Proposed,5518.76
PRJ001105,A0002584,Technology Refresh Wave,2028-11-08,,End User Computing,In Progress,1235.87
PRJ001106,A0006243,Technology Refresh Wave,2027-07-01,,Infrastructure,Completed,931.72
PRJ001107,A0002642,Technology Refresh Wave,2028-12-14,,Cloud,Approved,1454.45
PRJ001108,A0021088,Technology Refresh Wave,2028-01-20,,Infrastructure,In Progress,16612.33
PRJ001109,A0006070,Technology Refresh Wave,2026-05-28,,Cloud,In Progress,1129.57
PRJ001110,A0000867,Technology Refresh Wave,2028-05-29,,Network,Proposed,1278.3
PRJ001111,A0023717,Technology Refresh Wave,2028-02-02,,Infrastructure,Approved,72509.05
PRJ001112,A0015056,Technology Refresh Wave,2028-05-04,,Network,In Progress,964.87
PRJ001113,A0001643,Technology Refresh Wave,2028-02-07,,Cloud,Completed,1802.45
PRJ001114,A0009876,Technology Refresh Wave,2028-03-22,,Network,Completed,940.53
PRJ001115,A0022873,Technology Refresh Wave,2026-03-04,,Infrastructure,In Progress,33449.24
PRJ001116,A0010357,Technology Refresh Wave,2027-10-10,,Security,Approved,1138.24
PRJ001117,A0003617,Technology Refresh Wave,2028-10-04,,End User Computing,In Progress,1187.37
PRJ001118,A0021741,Technology Refresh Wave,2028-11-06,,End User Computing,Deferred,3964.14
PRJ001119,A0015579,Technology Refresh Wave,2028-07-18,,Cloud,Proposed,1048.7
PRJ001120,A0005360,Technology Refresh Wave,2028-03-04,,Security,Proposed,2473.01
PRJ001121,A0020066,Technology Refresh Wave,2027-05-18,,Network,Deferred,17575.91
PRJ001122,A0013524,Technology Refresh Wave,2026-01-25,,Infrastructure,Proposed,1582.81
PRJ001123,A0007460,Technology Refresh Wave,2026-06-23,,Cloud,Deferred,1167.7
PRJ001124,A0004485,Technology Refresh Wave,2026-08-29,,Cloud,Approved,1319.39
PRJ001125,A0010183,Technology Refresh Wave,2026-04-20,,Security,Proposed,901.62
PRJ001126,A0007168,Technology Refresh Wave,2027-08-18,,End User Computing,Completed,1212.65
PRJ001127,A0018004,Technology Refresh Wave,2028-02-06,,Security,Approved,854.85
PRJ001128,A0005365,Technology Refresh Wave,2028-01-22,,Cloud,Proposed,1195.75
PRJ001129,A0003078,Technology Refresh Wave,2028-04-21,,Infrastructure,Proposed,783.29
PRJ001130,A0014970,Technology Refresh Wave,2028-11-27,,Cloud,In Progress,911.22
PRJ001131,A0019781,Technology Refresh Wave,2028-03-05,,End User Computing,In Progress,478.88
PRJ001132,A0009741,Technology Refresh Wave,2026-03-14,,Infrastructure,Proposed,1077.32
PRJ001133,A0008604,Technology Refresh Wave,2026-08-03,,Network,In Progress,2830.11
PRJ001134,A0000342,Technology Refresh Wave,2027-10-28,,Cloud,Deferred,1058.54
PRJ001135,A0006897,Technology Refresh Wave,2028-08-30,,Infrastructure,In Progress,1220.51
PRJ001136,A0009439,Technology Refresh Wave,2028-09-01,,End User Computing,In Progress,954.9
PRJ001137,A0002735,Technology Refresh Wave,2027-08-05,,Security,Proposed,1807.26
PRJ001138,A0009153,Technology Refresh Wave,2028-11-02,,Security,Proposed,1291.73
PRJ001139,A0005103,Technology Refresh Wave,2027-01-04,,End User Computing,In Progress,1106.27
PRJ001140,A0011215,Technology Refresh Wave,2026-02-12,,Infrastructure,In Progress,1317.63
PRJ001141,A0013614,Technology Refresh Wave,2026-10-26,,End User Computing,Completed,1286.99
PRJ001142,A0007178,Technology Refresh Wave,2026-07-27,,End User Computing,Approved,1207.74
PRJ001143,A0002426,Technology Refresh Wave,2026-10-18,,Cloud,Approved,1538.2
PRJ001144,A0009424,Technology Refresh Wave,2026-05-30,,Cloud,Deferred,1196.01
PRJ001145,A0021018,Technology Refresh Wave,2028-05-02,,Security,Proposed,15972.63
PRJ001146,A0005611,Technology Refresh Wave,2026-10-27,,Infrastructure,Approved,1394.16
PRJ001147,A0007720,Technology Refresh Wave,2026-11-29,,Infrastructure,Approved,1324.26
PRJ001148,A0023155,Technology Refresh Wave,2026-09-09,,Infrastructure,Approved,519.3
PRJ001149,A0005863,Technology Refresh Wave,2027-11-09,,Infrastructure,Proposed,991.48
PRJ001150,A0013294,Technology Refresh Wave,2028-04-03,,End User Computing,Proposed,1199.45
PRJ001151,A0010008,Technology Refresh Wave,2028-02-27,,Cloud,In Progress,1685.12
PRJ001152,A0019775,Technology Refresh Wave,2027-11-10,,Security,Proposed,443.83
PRJ001153,A0006661,Technology Refresh Wave,2028-06-18,,Security,Proposed,1912.79
PRJ001154,A0007923,Technology Refresh Wave,2028-01-27,,Network,In Progress,1103.9
PRJ001155,A0016665,Technology Refresh Wave,2028-09-19,,Network,Deferred,873.36
PRJ001156,A0006831,Technology Refresh Wave,2027-07-11,,Infrastructure,In Progress,1348.25
PRJ001157,A0004029,Technology Refresh Wave,2026-07-15,,Security,Completed,1986.32
PRJ001158,A0008605,Technology Refresh Wave,2027-07-23,,Cloud,Completed,1172.24
PRJ001159,A0016344,Technology Refresh Wave,2026-06-07,,Infrastructure,Approved,775.98
PRJ001160,A0016618,Technology Refresh Wave,2027-09-14,,Security,Deferred,945.5
PRJ001161,A0021672,Technology Refresh Wave,2026-09-05,,Infrastructure,Deferred,6269.9
PRJ001162,A0021392,Technology Refresh Wave,2028-02-16,,Cloud,Deferred,15751.81
PRJ001163,A0016864,Technology Refresh Wave,2026-06-25,,End User Computing,Deferred,743.23
PRJ001164,A0019988,Technology Refresh Wave,2027-08-13,,Network,In Progress,409.29
PRJ001165,A0001711,Technology Refresh Wave,2027-11-09,,Network,In Progress,1210.17
PRJ001166,A0021333,Technology Refresh Wave,2026-09-10,,Network,Proposed,18560.1
PRJ001167,A0018780,Technology Refresh Wave,2028-10-28,,End User Computing,In Progress,376.34
PRJ001168,A0020493,Technology Refresh Wave,2028-03-01,,Network,In Progress,11466.93
PRJ001169,A0021676,Technology Refresh Wave,2028-06-25,,Security,In Progress,4813.12
PRJ001170,A0016121,Technology Refresh Wave,2028-04-22,,End User Computing,Deferred,763.42
PRJ001171,A0014823,Technology Refresh Wave,2027-02-20,,Security,Proposed,897.72
PRJ001172,A0008159,Technology Refresh Wave,2026-02-09,,End User Computing,In Progress,1007.98
PRJ001173,A0001028,Technology Refresh Wave,2026-10-17,,Cloud,Approved,1632.7
PRJ001174,A0009749,Technology Refresh Wave,2028-12-23,,Cloud,In Progress,1120.1
PRJ001175,A0002324,Technology Refresh Wave,2028-06-23,,Network,In Progress,1124.74
PRJ001176,A0016570,Technology Refresh Wave,2027-07-15,,Infrastructure,In Progress,1152.45
PRJ001177,A0016684,Technology Refresh Wave,2028-11-09,,Network,Proposed,1275.59
PRJ001178,A0011509,Technology Refresh Wave,2028-08-23,,End User Computing,Deferred,1286.57
PRJ001179,A0005218,Technology Refresh Wave,2026-06-07,,Infrastructure,In Progress,1233.67
PRJ001180,A0008157,Technology Refresh Wave,2026-12-28,,Network,Approved,1275.74
PRJ001181,A0003746,Technology Refresh Wave,2027-09-28,,Security,Approved,1561.8
PRJ001182,A0016427,Technology Refresh Wave,2027-04-01,,End User Computing,In Progress,1177.43
PRJ001183,A0004967,Technology Refresh Wave,2026-10-10,,End User Computing,Completed,1121.56
PRJ001184,A0000313,Technology Refresh Wave,2027-04-24,,Infrastructure,Completed,1114.65
PRJ001185,A0009567,Technology Refresh Wave,2027-06-02,,Network,Completed,1141.69
PRJ001186,A0007913,Technology Refresh Wave,2026-04-04,,Cloud,In Progress,1007.8
PRJ001187,A0009813,Technology Refresh Wave,2026-12-10,,Network,Proposed,1256.16
PRJ001188,A0014475,Technology Refresh Wave,2028-10-25,,Security,Deferred,870.05
PRJ001189,A0021218,Technology Refresh Wave,2027-02-17,,Security,In Progress,11525.52
PRJ001190,A0020986,Technology Refresh Wave,2026-03-04,,Network,Proposed,13773.57
PRJ001191,A0022514,Technology Refresh Wave,2026-09-23,,End User Computing,In Progress,18963.22
PRJ001192,A0010386,Technology Refresh Wave,2028-02-06,,Network,Deferred,1158.23
PRJ001193,A0000279,Technology Refresh Wave,2028-02-26,,Network,Approved,859.42
PRJ001194,A0007950,Technology Refresh Wave,2027-06-17,,Security,Proposed,1167.43
PRJ001195,A0021308,Technology Refresh Wave,2026-04-02,,End User Computing,Deferred,16311.56
PRJ001196,A0017575,Technology Refresh Wave,2027-07-06,,Network,Proposed,667.62
PRJ001197,A0013360,Technology Refresh Wave,2026-07-03,,End User Computing,Completed,1049.23
PRJ001198,A0012759,Technology Refresh Wave,2028-03-02,,Cloud,Proposed,1633.61
PRJ001199,A0013507,Technology Refresh Wave,2027-01-19,,Security,Approved,1253.94
PRJ001200,A0011052,Technology Refresh Wave,2027-01-21,,Network,Proposed,1602.24
PRJ001201,A0014282,Technology Refresh Wave,2028-07-28,,Security,In Progress,816.34
PRJ001202,A0003875,Technology Refresh Wave,2028-07-08,,Infrastructure,Approved,1440.98
PRJ001203,A0001132,Technology Refresh Wave,2028-01-11,,Network,Approved,1354.25
PRJ001204,A0000218,Technology Refresh Wave,2027-09-01,,Security,Approved,1283.35
PRJ001205,A0008234,Technology Refresh Wave,2028-07-29,,Cloud,In Progress,930.54
PRJ001206,A0000374,Technology Refresh Wave,2028-07-28,,Security,Proposed,1560.95
PRJ001207,A0005720,Technology Refresh Wave,2027-05-23,,Security,Approved,1200.57
PRJ001208,A0015397,Technology Refresh Wave,2027-05-17,,Network,Deferred,991.58
PRJ001209,A0007164,Technology Refresh Wave,2026-06-28,,End User Computing,In Progress,1518.17
PRJ001210,A0019010,Technology Refresh Wave,2027-03-25,,End User Computing,Deferred,586.85
PRJ001211,A0006877,Technology Refresh Wave,2028-09-13,,Network,Approved,1535.86
PRJ001212,A0001676,Technology Refresh Wave,2028-09-11,,Security,Approved,1855.35
PRJ001213,A0001748,Technology Refresh Wave,2026-05-14,,Network,Proposed,1214.07
PRJ001214,A0010200,Technology Refresh Wave,2027-02-19,,Infrastructure,Deferred,1257.99
PRJ001215,A0016441,Technology Refresh Wave,2027-06-07,,Security,Deferred,882.78
PRJ001216,A0005837,Technology Refresh Wave,2027-12-18,,Network,Deferred,2731.54
PRJ001217,A0020027,Technology Refresh Wave,2026-02-22,,Cloud,Approved,14630.66
PRJ001218,A0021316,Technology Refresh Wave,2028-08-11,,Infrastructure,In Progress,15245.82
PRJ001219,A0015076,Technology Refresh Wave,2027-08-29,,End User Computing,Proposed,1012.87
PRJ001220,A0022775,Technology Refresh Wave,2028-07-22,,Infrastructure,Deferred,13087.44
PRJ001221,A0004247,Technology Refresh Wave,2026-04-01,,Security,Approved,1262.48
PRJ001222,A0009620,Technology Refresh Wave,2028-09-01,,Network,Proposed,1165.73
PRJ001223,A0021688,Technology Refresh Wave,2027-10-20,,Cloud,Approved,6162.31
PRJ001224,A0019253,Technology Refresh Wave,2027-02-20,,End User Computing,Approved,360.19
PRJ001225,A0008408,Technology Refresh Wave,2028-12-03,,Network,In Progress,1397.21
PRJ001226,A0014938,Technology Refresh Wave,2027-06-17,,End User Computing,Proposed,957.44
PRJ001227,A0014308,Technology Refresh Wave,2026-10-19,,Cloud,Completed,1286.14
PRJ001228,A0002716,Technology Refresh Wave,2027-11-15,,End User Computing,Deferred,1630.25
PRJ001229,A0013621,Technology Refresh Wave,2028-09-11,,Network,Proposed,2439.31
PRJ001230,A0010352,Technology Refresh Wave,2028-04-25,,Cloud,Deferred,1080.23
PRJ001231,A0006742,Technology Refresh Wave,2026-12-22,,Cloud,Completed,2074.39
PRJ001232,A0008671,Technology Refresh Wave,2028-05-15,,Cloud,Completed,2173.2
PRJ001233,A0022853,Technology Refresh Wave,2026-08-23,,Network,Approved,30106.88
PRJ001234,A0017363,Technology Refresh Wave,2028-06-15,,Infrastructure,In Progress,1017.96
PRJ001235,A0001511,Technology Refresh Wave,2026-06-05,,Network,Deferred,1389.68
PRJ001236,A0020856,Technology Refresh Wave,2028-06-13,,Security,Proposed,21393.27
PRJ001237,A0000120,Technology Refresh Wave,2028-11-04,,Cloud,Deferred,1147.56
PRJ001238,A0004561,Technology Refresh Wave,2026-09-25,,End User Computing,Deferred,1034.38
PRJ001239,A0016338,Technology Refresh Wave,2026-08-20,,Security,Completed,1127.6
PRJ001240,A0013475,Technology Refresh Wave,2026-06-18,,End User Computing,Completed,1163.31
PRJ001241,A0012287,Technology Refresh Wave,2028-01-25,,Cloud,Approved,1062.54
PRJ001242,A0018638,Technology Refresh Wave,2026-03-07,,Cloud,In Progress,458.38
PRJ001243,A0016311,Technology Refresh Wave,2028-08-19,,End User Computing,Deferred,696.65
PRJ001244,A0009751,Technology Refresh Wave,2028-01-04,,Network,Proposed,1222.49
PRJ001245,A0013374,Technology Refresh Wave,2028-12-08,,Cloud,Approved,1339.73
PRJ001246,A0009542,Technology Refresh Wave,2026-05-02,,Infrastructure,Approved,974.72
PRJ001247,A0018483,Technology Refresh Wave,2027-08-28,,Cloud,In Progress,911.54
PRJ001248,A0022444,Technology Refresh Wave,2028-02-11,,End User Computing,Deferred,15186.68
PRJ001249,A0017364,Technology Refresh Wave,2027-05-18,,Network,Proposed,840.24
PRJ001250,A0020520,Technology Refresh Wave,2028-09-24,,Infrastructure,In Progress,17293.81
PRJ001251,A0018068,Technology Refresh Wave,2028-10-20,,End User Computing,Approved,1243.67
PRJ001252,A0006675,Technology Refresh Wave,2027-07-09,,Infrastructure,Approved,2322.19
PRJ001253,A0018681,Technology Refresh Wave,2027-07-23,,Security,In Progress,320.75
PRJ001254,A0014380,Technology Refresh Wave,2026-10-08,,Network,Deferred,842.7
PRJ001255,A0008827,Technology Refresh Wave,2027-07-02,,Security,In Progress,1654.71
PRJ001256,A0011629,Technology Refresh Wave,2028-10-16,,Network,Completed,1230.69
PRJ001257,A0016762,Technology Refresh Wave,2027-05-21,,End User Computing,Completed,923.41
PRJ001258,A0006979,Technology Refresh Wave,2028-07-01,,Security,Proposed,984.0
PRJ001259,A0008762,Technology Refresh Wave,2027-09-03,,End User Computing,Deferred,1297.61
PRJ001260,A0004973,Technology Refresh Wave,2027-06-08,,Infrastructure,Proposed,1229.34
PRJ001261,A0004377,Technology Refresh Wave,2027-11-09,,Network,In Progress,2002.78
PRJ001262,A0005478,Technology Refresh Wave,2028-07-03,,Security,Approved,1316.88
PRJ001263,A0008356,Technology Refresh Wave,2028-12-07,,Infrastructure,Approved,1212.93
PRJ001264,A0002677,Technology Refresh Wave,2027-12-09,,Network,Proposed,1475.75
PRJ001265,A0008611,Technology Refresh Wave,2028-11-26,,Infrastructure,Approved,2735.39
PRJ001266,A0019050,Technology Refresh Wave,2027-02-15,,End User Computing,Approved,377.43
PRJ001267,A0009536,Technology Refresh Wave,2027-05-12,,Infrastructure,Proposed,1674.71
PRJ001268,A0021891,Technology Refresh Wave,2028-11-10,,Cloud,Proposed,7300.22
PRJ001269,A0002062,Technology Refresh Wave,2027-03-16,,Security,In Progress,1246.38
PRJ001270,A0003495,Technology Refresh Wave,2028-12-23,,Cloud,In Progress,1411.29
PRJ001271,A0010877,Technology Refresh Wave,2028-03-23,,Security,In Progress,771.56
PRJ001272,A0018706,Technology Refresh Wave,2026-06-26,,Network,Approved,491.59
PRJ001273,A0023656,Technology Refresh Wave,2028-11-29,,Infrastructure,Completed,705.77
PRJ001274,A0018126,Technology Refresh Wave,2026-08-09,,Infrastructure,Completed,625.42
PRJ001275,A0010243,Technology Refresh Wave,2026-10-21,,End User Computing,In Progress,1875.98
PRJ001276,A0013301,Technology Refresh Wave,2028-11-15,,Infrastructure,Deferred,1537.51
PRJ001277,A0022137,Technology Refresh Wave,2028-03-25,,Network,Deferred,9251.72
PRJ001278,A0006356,Technology Refresh Wave,2028-04-28,,Infrastructure,Approved,1006.2
PRJ001279,A0000548,Technology Refresh Wave,2028-05-13,,End User Computing,Approved,1320.58
PRJ001280,A0011263,Technology Refresh Wave,2026-07-24,,Network,Approved,1436.23
PRJ001281,A0008587,Technology Refresh Wave,2027-04-11,,Infrastructure,In Progress,1058.36
PRJ001282,A0012681,Technology Refresh Wave,2028-04-18,,End User Computing,Completed,1667.28
PRJ001283,A0015699,Technology Refresh Wave,2027-08-29,,Security,In Progress,1290.91
PRJ001284,A0014463,Technology Refresh Wave,2027-04-29,,Network,In Progress,769.97
PRJ001285,A0014325,Technology Refresh Wave,2027-04-24,,Security,Proposed,920.64
PRJ001286,A0007656,Technology Refresh Wave,2028-10-20,,Network,Proposed,1043.92
PRJ001287,A0009126,Technology Refresh Wave,2028-11-27,,Infrastructure,In Progress,939.49
PRJ001288,A0018017,Technology Refresh Wave,2028-05-23,,Security,Proposed,794.05
PRJ001289,A0012205,Technology Refresh Wave,2028-02-10,,End User Computing,Completed,1119.94
PRJ001290,A0017630,Technology Refresh Wave,2027-03-10,,Infrastructure,Deferred,972.32
PRJ001291,A0017582,Technology Refresh Wave,2027-11-26,,End User Computing,Approved,914.9
PRJ001292,A0003636,Technology Refresh Wave,2026-07-17,,Security,Approved,974.97
PRJ001293,A0016368,Technology Refresh Wave,2027-06-02,,Infrastructure,Deferred,1155.58
PRJ001294,A0017677,Technology Refresh Wave,2028-06-28,,End User Computing,Proposed,971.87
PRJ001295,A0015646,Technology Refresh Wave,2027-10-01,,Cloud,Completed,1018.45
PRJ001296,A0023360,Technology Refresh Wave,2028-10-22,,Infrastructure,Proposed,939.28
PRJ001297,A0013910,Technology Refresh Wave,2027-09-24,,Security,Completed,1556.26
PRJ001298,A0002708,Technology Refresh Wave,2027-08-09,,Network,In Progress,1252.23
PRJ001299,A0001963,Technology Refresh Wave,2026-06-22,,End User Computing,Proposed,1355.98
PRJ001300,A0019927,Technology Refresh Wave,2027-10-16,,Cloud,Approved,389.73
PRJ001301,A0007140,Technology Refresh Wave,2027-07-01,,Infrastructure,Completed,1779.45
PRJ001302,A0023495,Technology Refresh Wave,2026-03-09,,Network,Approved,876.84
PRJ001303,A0007506,Technology Refresh Wave,2028-04-18,,Network,Approved,1338.96
PRJ001304,A0017004,Technology Refresh Wave,2028-08-21,,Cloud,Approved,895.05
PRJ001305,A0008787,Technology Refresh Wave,2027-11-23,,End User Computing,In Progress,1114.91
PRJ001306,A0013960,Technology Refresh Wave,2027-11-28,,Infrastructure,Approved,1382.93
PRJ001307,A0004825,Technology Refresh Wave,2027-08-30,,Infrastructure,Approved,1337.63
PRJ001308,A0004376,Technology Refresh Wave,2026-11-12,,Infrastructure,Approved,2403.06
PRJ001309,A0003878,Technology Refresh Wave,2026-12-17,,Cloud,Proposed,1412.37
PRJ001310,A0020705,Technology Refresh Wave,2027-06-18,,Security,Proposed,13990.43
PRJ001311,A0007829,Technology Refresh Wave,2026-11-30,,Network,In Progress,1137.2
PRJ001312,A0007977,Technology Refresh Wave,2027-03-27,,Network,Completed,1385.26
PRJ001313,A0000684,Technology Refresh Wave,2026-10-06,,End User Computing,Proposed,1552.19
PRJ001314,A0022288,Technology Refresh Wave,2027-05-31,,Cloud,Completed,4240.57
PRJ001315,A0010264,Technology Refresh Wave,2028-08-14,,End User Computing,Approved,1197.65
PRJ001316,A0008529,Technology Refresh Wave,2027-10-23,,Infrastructure,Proposed,1267.48
PRJ001317,A0015055,Technology Refresh Wave,2028-12-13,,Cloud,Deferred,1106.4
PRJ001318,A0009560,Technology Refresh Wave,2026-11-20,,End User Computing,Completed,1011.03
PRJ001319,A0002725,Technology Refresh Wave,2027-04-19,,Infrastructure,Completed,1166.92
PRJ001320,A0021913,Technology Refresh Wave,2027-04-11,,Security,Proposed,7095.11
PRJ001321,A0008471,Technology Refresh Wave,2027-11-27,,Network,Proposed,1054.17
PRJ001322,A0019018,Technology Refresh Wave,2026-06-26,,Security,Deferred,372.17
PRJ001323,A0011759,Technology Refresh Wave,2026-12-24,,End User Computing,In Progress,1875.83
PRJ001324,A0009101,Technology Refresh Wave,2026-04-23,,Network,Approved,899.72
PRJ001325,A0009850,Technology Refresh Wave,2027-05-07,,Infrastructure,Completed,1284.52
PRJ001326,A0000564,Technology Refresh Wave,2027-06-11,,Infrastructure,Deferred,1042.82
PRJ001327,A0018935,Technology Refresh Wave,2026-03-29,,End User Computing,Proposed,434.67
PRJ001328,A0015504,Technology Refresh Wave,2027-05-25,,Cloud,Proposed,791.8
PRJ001329,A0022022,Technology Refresh Wave,2027-05-15,,Network,Approved,5278.13
PRJ001330,A0013496,Technology Refresh Wave,2028-03-14,,End User Computing,Proposed,925.72
PRJ001331,A0008488,Technology Refresh Wave,2028-12-08,,Cloud,Proposed,1144.59
PRJ001332,A0014527,Technology Refresh Wave,2027-05-16,,Network,Proposed,888.04
PRJ001333,A0014660,Technology Refresh Wave,2028-12-15,,End User Computing,Completed,871.44
PRJ001334,A0022047,Technology Refresh Wave,2027-02-21,,Security,Proposed,3955.24
PRJ001335,A0010405,Technology Refresh Wave,2028-10-08,,Security,Completed,1520.53
PRJ001336,A0010990,Technology Refresh Wave,2026-05-03,,Network,Approved,1358.29
PRJ001337,A0020551,Technology Refresh Wave,2028-10-25,,Network,Approved,13274.82
PRJ001338,A0017214,Technology Refresh Wave,2027-08-26,,Network,Completed,1022.09
PRJ001339,A0008547,Technology Refresh Wave,2028-11-12,,Network,Approved,966.54
PRJ001340,A0016451,Technology Refresh Wave,2027-09-30,,Network,Proposed,1349.75
PRJ001341,A0016468,Technology Refresh Wave,2026-08-16,,End User Computing,Deferred,636.89
PRJ001342,A0010889,Technology Refresh Wave,2026-12-01,,Cloud,Proposed,1472.38
PRJ001343,A0012814,Technology Refresh Wave,2026-09-23,,Network,Deferred,1271.58
PRJ001344,A0000327,Technology Refresh Wave,2028-12-19,,Security,Approved,1678.58
PRJ001345,A0004405,Technology Refresh Wave,2028-05-14,,End User Computing,Proposed,985.0
PRJ001346,A0023579,Technology Refresh Wave,2028-02-07,,Security,In Progress,707.02
PRJ001347,A0022296,Technology Refresh Wave,2028-01-12,,End User Computing,In Progress,6962.78
PRJ001348,A0019530,Technology Refresh Wave,2026-01-14,,Infrastructure,Approved,407.27
PRJ001349,A0007998,Technology Refresh Wave,2027-11-03,,Security,In Progress,1429.33
PRJ001350,A0008778,Technology Refresh Wave,2028-10-19,,End User Computing,Completed,1405.29
PRJ001351,A0011396,Technology Refresh Wave,2026-12-07,,Cloud,Proposed,976.13
PRJ001352,A0010186,Technology Refresh Wave,2028-02-07,,End User Computing,Deferred,1458.83
PRJ001353,A0021121,Technology Refresh Wave,2026-05-09,,Security,Deferred,12568.76
PRJ001354,A0014892,Technology Refresh Wave,2026-03-25,,End User Computing,Proposed,1133.89
PRJ001355,A0015316,Technology Refresh Wave,2026-09-22,,End User Computing,Approved,1196.63
PRJ001356,A0014355,Technology Refresh Wave,2028-11-09,,Cloud,Approved,977.86
PRJ001357,A0001528,Technology Refresh Wave,2028-05-07,,Network,Deferred,1434.62
PRJ001358,A0005594,Technology Refresh Wave,2028-11-25,,End User Computing,Approved,992.07
PRJ001359,A0013195,Technology Refresh Wave,2027-07-06,,Security,Completed,1187.81
PRJ001360,A0000719,Technology Refresh Wave,2027-12-20,,Network,Proposed,2303.19
PRJ001361,A0016116,Technology Refresh Wave,2027-08-22,,Cloud,Approved,868.34
PRJ001362,A0004086,Technology Refresh Wave,2027-10-16,,End User Computing,In Progress,1544.14
PRJ001363,A0002924,Technology Refresh Wave,2028-06-10,,Infrastructure,Proposed,1282.83
PRJ001364,A0006869,Technology Refresh Wave,2026-12-15,,End User Computing,Completed,1245.89
PRJ001365,A0006780,Technology Refresh Wave,2028-07-21,,End User Computing,Proposed,1154.35
PRJ001366,A0010679,Technology Refresh Wave,2027-09-02,,End User Computing,Proposed,1058.38
PRJ001367,A0022223,Technology Refresh Wave,2026-03-26,,Security,Approved,8157.81
PRJ001368,A0020362,Technology Refresh Wave,2027-03-28,,End User Computing,Proposed,11321.67
PRJ001369,A0014844,Technology Refresh Wave,2028-08-18,,Network,In Progress,930.05
PRJ001370,A0007592,Technology Refresh Wave,2028-04-11,,Cloud,Deferred,956.13
PRJ001371,A0012504,Technology Refresh Wave,2027-05-09,,Infrastructure,Completed,1438.1
PRJ001372,A0001766,Technology Refresh Wave,2026-09-18,,End User Computing,Completed,1088.0
PRJ001373,A0019782,Technology Refresh Wave,2026-12-19,,Security,Approved,531.34
PRJ001374,A0008764,Technology Refresh Wave,2026-05-26,,End User Computing,Deferred,1130.46
PRJ001375,A0002301,Technology Refresh Wave,2026-11-26,,End User Computing,Proposed,970.03
PRJ001376,A0003266,Technology Refresh Wave,2027-09-17,,Cloud,Deferred,941.12
PRJ001377,A0004236,Technology Refresh Wave,2027-11-07,,Cloud,In Progress,1085.65
PRJ001378,A0016673,Technology Refresh Wave,2027-11-26,,Security,In Progress,740.08
PRJ001379,A0018050,Technology Refresh Wave,2027-07-24,,Cloud,Approved,1041.53
PRJ001380,A0009225,Technology Refresh Wave,2027-02-11,,End User Computing,Approved,1499.57
PRJ001381,A0003223,Technology Refresh Wave,2026-01-22,,Infrastructure,Proposed,1310.25
PRJ001382,A0019325,Technology Refresh Wave,2028-10-16,,Network,Deferred,518.45
PRJ001383,A0010011,Technology Refresh Wave,2026-03-01,,Security,Approved,1093.27
PRJ001384,A0019630,Technology Refresh Wave,2027-03-29,,Cloud,Proposed,502.67
PRJ001385,A0000036,Technology Refresh Wave,2026-08-28,,Cloud,Approved,1200.37
PRJ001386,A0012288,Technology Refresh Wave,2026-05-11,,Cloud,Approved,1655.17
PRJ001387,A0001504,Technology Refresh Wave,2026-02-08,,Infrastructure,Approved,1182.85
PRJ001388,A0023667,Technology Refresh Wave,2026-12-30,,Infrastructure,Proposed,740.11
PRJ001389,A0023087,Technology Refresh Wave,2028-07-09,,Infrastructure,In Progress,800.12
PRJ001390,A0021944,Technology Refresh Wave,2027-10-06,,Network,In Progress,5107.72
PRJ001391,A0022192,Technology Refresh Wave,2027-01-05,,Cloud,Proposed,7351.42
PRJ001392,A0014753,Technology Refresh Wave,2026-01-18,,Network,Approved,861.27
PRJ001393,A0019500,Technology Refresh Wave,2027-05-04,,End User Computing,In Progress,451.42
PRJ001394,A0018036,Technology Refresh Wave,2028-05-09,,Network,In Progress,767.8
PRJ001395,A0006754,Technology Refresh Wave,2028-05-06,,Cloud,Proposed,1253.53
PRJ001396,A0020835,Technology Refresh Wave,2026-09-04,,Network,In Progress,14544.82
PRJ001397,A0007048,Technology Refresh Wave,2026-01-02,,Security,Approved,1101.6
PRJ001398,A0009173,Technology Refresh Wave,2027-08-26,,End User Computing,Approved,1903.94
PRJ001399,A0021203,Technology Refresh Wave,2026-11-30,,Security,Deferred,12609.14
PRJ001400,A0002506,Technology Refresh Wave,2028-12-01,,End User Computing,Proposed,1438.38
PRJ001401,A0006535,Technology Refresh Wave,2026-08-15,,Network,Proposed,1503.69
PRJ001402,A0000743,Technology Refresh Wave,2028-07-01,,Network,Deferred,978.34
PRJ001403,A0010128,Technology Refresh Wave,2028-03-11,,End User Computing,Completed,1340.59
PRJ001404,A0022636,Technology Refresh Wave,2028-08-27,,End User Computing,Deferred,55338.16
PRJ001405,A0019598,Technology Refresh Wave,2026-12-31,,Security,Completed,339.77
PRJ001406,A0000035,Technology Refresh Wave,2028-06-09,,Network,Approved,1040.93
PRJ001407,A0005628,Technology Refresh Wave,2027-06-08,,Security,In Progress,1755.81
PRJ001408,A0003504,Technology Refresh Wave,2028-04-14,,End User Computing,In Progress,1163.19
PRJ001409,A0013686,Technology Refresh Wave,2026-08-01,,Security,Approved,1447.94
PRJ001410,A0010766,Technology Refresh Wave,2027-12-27,,Network,Completed,1645.94
PRJ001411,A0002562,Technology Refresh Wave,2028-06-13,,Infrastructure,In Progress,1127.66
PRJ001412,A0019571,Technology Refresh Wave,2027-08-06,,Network,Proposed,513.46
PRJ001413,A0013665,Technology Refresh Wave,2026-03-27,,End User Computing,Proposed,1515.34
PRJ001414,A0021373,Technology Refresh Wave,2028-06-07,,End User Computing,Deferred,16179.85
PRJ001415,A0016923,Technology Refresh Wave,2028-04-10,,Infrastructure,Completed,1201.43
PRJ001416,A0023496,Technology Refresh Wave,2028-02-12,,Security,Completed,749.06
PRJ001417,A0011522,Technology Refresh Wave,2026-11-14,,Cloud,Approved,1259.09
PRJ001418,A0001289,Technology Refresh Wave,2026-12-17,,Cloud,Approved,1204.66
PRJ001419,A0010193,Technology Refresh Wave,2028-05-09,,Network,Proposed,1487.13
PRJ001420,A0017988,Technology Refresh Wave,2027-03-06,,End User Computing,Deferred,1125.35
PRJ001421,A0022428,Technology Refresh Wave,2027-09-02,,Cloud,Proposed,14880.14
PRJ001422,A0001531,Technology Refresh Wave,2028-11-17,,Network,Deferred,1019.65
PRJ001423,A0003046,Technology Refresh Wave,2028-04-28,,Infrastructure,Completed,928.18
PRJ001424,A0021080,Technology Refresh Wave,2028-10-29,,Infrastructure,Proposed,16524.73
PRJ001425,A0016263,Technology Refresh Wave,2026-05-26,,Security,Completed,737.87
PRJ001426,A0014121,Technology Refresh Wave,2026-12-23,,Network,Completed,1002.68
PRJ001427,A0018937,Technology Refresh Wave,2026-07-22,,Security,Deferred,516.96
PRJ001428,A0001513,Technology Refresh Wave,2026-04-15,,End User Computing,Approved,1449.85
PRJ001429,A0003512,Technology Refresh Wave,2026-04-02,,Security,Proposed,1657.82
PRJ001430,A0002196,Technology Refresh Wave,2027-12-09,,Network,In Progress,1178.39
PRJ001431,A0004547,Technology Refresh Wave,2026-04-15,,Infrastructure,Approved,904.27
PRJ001432,A0004470,Technology Refresh Wave,2027-06-30,,Cloud,Completed,1142.43
PRJ001433,A0005486,Technology Refresh Wave,2026-08-01,,Security,Completed,1181.17
PRJ001434,A0017245,Technology Refresh Wave,2027-07-13,,Cloud,Deferred,1258.26
PRJ001435,A0009774,Technology Refresh Wave,2027-09-09,,Network,In Progress,1209.6
PRJ001436,A0005558,Technology Refresh Wave,2026-10-13,,Cloud,Approved,1715.07
PRJ001437,A0011328,Technology Refresh Wave,2026-07-31,,Infrastructure,In Progress,937.13
PRJ001438,A0002267,Technology Refresh Wave,2026-04-14,,Infrastructure,In Progress,1413.14
PRJ001439,A0017143,Technology Refresh Wave,2027-02-16,,Infrastructure,In Progress,940.24
PRJ001440,A0005917,Technology Refresh Wave,2027-08-17,,Network,In Progress,1044.39
PRJ001441,A0014916,Technology Refresh Wave,2026-06-09,,End User Computing,In Progress,942.71
PRJ001442,A0000104,Technology Refresh Wave,2028-09-05,,End User Computing,Deferred,970.36
PRJ001443,A0009568,Technology Refresh Wave,2027-06-25,,Network,Proposed,1060.72
PRJ001444,A0022599,Technology Refresh Wave,2027-03-28,,Network,Proposed,20827.02
PRJ001445,A0009974,Technology Refresh Wave,2028-02-10,,Cloud,Deferred,1143.08
PRJ001446,A0008688,Technology Refresh Wave,2027-12-17,,End User Computing,Approved,1039.45
PRJ001447,A0018560,Technology Refresh Wave,2026-05-15,,Infrastructure,Completed,609.05
PRJ001448,A0008127,Technology Refresh Wave,2028-11-05,,Network,Proposed,1302.67
PRJ001449,A0010676,Technology Refresh Wave,2028-07-26,,Security,In Progress,2098.17
PRJ001450,A0019233,Technology Refresh Wave,2027-01-24,,End User Computing,Proposed,442.27
PRJ001451,A0022753,Technology Refresh Wave,2028-01-22,,Network,Approved,28518.08
PRJ001452,A0013399,Technology Refresh Wave,2027-04-26,,End User Computing,Deferred,1293.16
PRJ001453,A0003785,Technology Refresh Wave,2028-10-08,,End User Computing,Approved,2462.06
PRJ001454,A0020299,Technology Refresh Wave,2026-01-11,,Infrastructure,Approved,11734.05
PRJ001455,A0019039,Technology Refresh Wave,2027-07-30,,Infrastructure,Approved,474.51
PRJ001456,A0021475,Technology Refresh Wave,2026-11-26,,End User Computing,In Progress,14190.47
PRJ001457,A0018054,Technology Refresh Wave,2026-10-22,,Infrastructure,In Progress,1087.88
PRJ001458,A0018305,Technology Refresh Wave,2028-05-27,,Security,Deferred,1029.61
PRJ001459,A0003182,Technology Refresh Wave,2028-11-25,,Infrastructure,Deferred,1022.9
PRJ001460,A0023480,Technology Refresh Wave,2026-11-03,,Security,Proposed,817.56
PRJ001461,A0003942,Technology Refresh Wave,2026-03-08,,Infrastructure,Proposed,1256.11
PRJ001462,A0009199,Technology Refresh Wave,2026-01-16,,End User Computing,Deferred,1290.83
PRJ001463,A0001216,Technology Refresh Wave,2026-05-09,,Security,Proposed,1070.88
PRJ001464,A0010255,Technology Refresh Wave,2026-02-06,,Security,Approved,2102.55
PRJ001465,A0008973,Technology Refresh Wave,2026-11-24,,Security,Deferred,1283.11
PRJ001466,A0005677,Technology Refresh Wave,2028-12-16,,End User Computing,Completed,1310.99
PRJ001467,A0005097,Technology Refresh Wave,2028-10-25,,Cloud,Approved,1371.89
PRJ001468,A0018008,Technology Refresh Wave,2027-12-21,,Security,In Progress,724.57
PRJ001469,A0012466,Technology Refresh Wave,2026-06-30,,Security,Proposed,1247.18
PRJ001470,A0019780,Technology Refresh Wave,2028-11-14,,Cloud,In Progress,350.33
PRJ001471,A0011593,Technology Refresh Wave,2026-04-27,,Network,Deferred,1172.96
PRJ001472,A0000607,Technology Refresh Wave,2028-04-24,,Security,In Progress,1057.06
PRJ001473,A0014116,Technology Refresh Wave,2026-03-09,,End User Computing,Proposed,1027.06
PRJ001474,A0006770,Technology Refresh Wave,2028-03-13,,Network,Completed,1020.77
PRJ001475,A0003422,Technology Refresh Wave,2028-04-21,,Network,Deferred,1140.12
PRJ001476,A0007726,Technology Refresh Wave,2028-02-02,,Network,In Progress,1143.63
PRJ001477,A0007503,Technology Refresh Wave,2026-07-22,,Network,In Progress,1931.34
PRJ001478,A0000857,Technology Refresh Wave,2028-06-16,,End User Computing,Approved,1204.8
PRJ001479,A0015543,Technology Refresh Wave,2026-07-19,,Cloud,Deferred,1007.95
PRJ001480,A0018186,Technology Refresh Wave,2028-07-19,,Cloud,Proposed,978.26
PRJ001481,A0021357,Technology Refresh Wave,2028-08-14,,End User Computing,Completed,12929.91
PRJ001482,A0015077,Technology Refresh Wave,2027-03-23,,Cloud,Approved,867.03
PRJ001483,A0012139,Technology Refresh Wave,2027-03-16,,End User Computing,In Progress,1273.95
PRJ001484,A0006187,Technology Refresh Wave,2028-06-26,,Infrastructure,Completed,1366.97
PRJ001485,A0021994,Technology Refresh Wave,2028-01-26,,Cloud,Proposed,9614.13
PRJ001486,A0022110,Technology Refresh Wave,2026-09-08,,Security,In Progress,5485.34
PRJ001487,A0013102,Technology Refresh Wave,2028-06-25,,Network,Completed,2794.82
PRJ001488,A0023684,Technology Refresh Wave,2026-09-05,,Infrastructure,Deferred,113377.48
PRJ001489,A0000045,Technology Refresh Wave,2028-08-15,,End User Computing,Proposed,1155.77
PRJ001490,A0003930,Technology Refresh Wave,2026-12-12,,End User Computing,Approved,1158.24
PRJ001491,A0015360,Technology Refresh Wave,2028-10-18,,Network,In Progress,952.83
PRJ001492,A0020061,Technology Refresh Wave,2026-01-26,,Security,Completed,18498.08
PRJ001493,A0021191,Technology Refresh Wave,2026-01-15,,Infrastructure,Proposed,27557.64
PRJ001494,A0014371,Technology Refresh Wave,2028-03-28,,Network,In Progress,863.13
PRJ001495,A0001430,Technology Refresh Wave,2026-03-18,,Network,Deferred,1706.44
PRJ001496,A0023581,Technology Refresh Wave,2027-12-11,,Network,Proposed,787.42
PRJ001497,A0007783,Technology Refresh Wave,2028-08-02,,Network,Proposed,1271.08
PRJ001498,A0023208,Technology Refresh Wave,2028-07-20,,End User Computing,In Progress,1163.78
PRJ001499,A0015322,Technology Refresh Wave,2026-02-10,,Security,Proposed,842.3
PRJ001500,A0008577,Technology Refresh Wave,2026-02-17,,Security,Proposed,1752.06
PRJ001501,A0020821,Technology Refresh Wave,2028-09-10,,Infrastructure,Deferred,18167.91
PRJ001502,A0001298,Technology Refresh Wave,2028-06-22,,Network,Deferred,1397.85
PRJ001503,A0000586,Technology Refresh Wave,2026-07-11,,Infrastructure,In Progress,2705.33
PRJ001504,A0011324,Technology Refresh Wave,2026-03-31,,Network,Deferred,1251.76
PRJ001505,A0004206,Technology Refresh Wave,2028-02-22,,Cloud,Proposed,1375.46
PRJ001506,A0022372,Technology Refresh Wave,2026-04-04,,Infrastructure,In Progress,9676.79
PRJ001507,A0007516,Technology Refresh Wave,2027-10-27,,Infrastructure,Approved,1038.97
PRJ001508,A0000292,Technology Refresh Wave,2028-06-05,,End User Computing,Approved,1384.19
PRJ001509,A0009403,Technology Refresh Wave,2026-04-29,,Cloud,Proposed,1781.3
PRJ001510,A0015556,Technology Refresh Wave,2027-10-15,,Infrastructure,Proposed,977.09
PRJ001511,A0019437,Technology Refresh Wave,2028-12-02,,End User Computing,In Progress,508.71
PRJ001512,A0012710,Technology Refresh Wave,2027-08-23,,Security,In Progress,1145.6
PRJ001513,A0015277,Technology Refresh Wave,2028-05-01,,Infrastructure,Proposed,819.19
PRJ001514,A0002309,Technology Refresh Wave,2026-01-09,,Network,Proposed,1393.67
PRJ001515,A0005576,Technology Refresh Wave,2026-10-21,,End User Computing,Approved,1953.85
PRJ001516,A0019198,Technology Refresh Wave,2027-09-23,,Infrastructure,Approved,453.23
PRJ001517,A0009277,Technology Refresh Wave,2028-02-17,,Infrastructure,Approved,1214.94
PRJ001518,A0005100,Technology Refresh Wave,2027-10-01,,Security,Proposed,1232.53
PRJ001519,A0015895,Technology Refresh Wave,2026-07-20,,End User Computing,In Progress,825.8
PRJ001520,A0021859,Technology Refresh Wave,2027-10-19,,Network,Deferred,4462.94
PRJ001521,A0012871,Technology Refresh Wave,2028-07-15,,Security,Completed,831.87
PRJ001522,A0023457,Technology Refresh Wave,2027-01-23,,Security,In Progress,654.31
PRJ001523,A0013316,Technology Refresh Wave,2026-11-07,,Security,Deferred,1304.22
PRJ001524,A0009889,Technology Refresh Wave,2027-07-19,,Security,In Progress,1741.72
PRJ001525,A0015288,Technology Refresh Wave,2028-01-19,,Infrastructure,Proposed,662.72
PRJ001526,A0015050,Technology Refresh Wave,2027-10-17,,Network,Deferred,762.7
PRJ001527,A0012284,Technology Refresh Wave,2027-09-16,,Security,Approved,1345.93
PRJ001528,A0019920,Technology Refresh Wave,2026-02-03,,Network,In Progress,367.21
PRJ001529,A0022266,Technology Refresh Wave,2027-03-17,,End User Computing,Deferred,4993.51
PRJ001530,A0007916,Technology Refresh Wave,2028-01-13,,Infrastructure,Proposed,1652.34
PRJ001531,A0003423,Technology Refresh Wave,2028-01-26,,Infrastructure,Proposed,1234.8
PRJ001532,A0009666,Technology Refresh Wave,2026-09-13,,Network,Deferred,1186.51
PRJ001533,A0008855,Technology Refresh Wave,2028-09-20,,End User Computing,Deferred,1492.03
PRJ001534,A0004795,Technology Refresh Wave,2028-12-14,,End User Computing,Deferred,1082.23
PRJ001535,A0018117,Technology Refresh Wave,2026-02-04,,Network,Proposed,1021.24
PRJ001536,A0002519,Technology Refresh Wave,2027-05-26,,Infrastructure,Deferred,1300.83
PRJ001537,A0011283,Technology Refresh Wave,2026-10-25,,Cloud,Proposed,1484.46
PRJ001538,A0001367,Technology Refresh Wave,2026-05-15,,End User Computing,Deferred,1617.78
PRJ001539,A0021723,Technology Refresh Wave,2027-01-30,,Security,Deferred,8027.97
PRJ001540,A0010657,Technology Refresh Wave,2026-04-27,,Network,Approved,949.26
PRJ001541,A0022805,Technology Refresh Wave,2027-01-12,,Cloud,Proposed,19278.33
PRJ001542,A0007360,Technology Refresh Wave,2026-11-02,,End User Computing,In Progress,1329.94
PRJ001543,A0021554,Technology Refresh Wave,2028-03-17,,Infrastructure,Proposed,3555.26
PRJ001544,A0015317,Technology Refresh Wave,2026-01-01,,Network,Proposed,869.86
PRJ001545,A0014069,Technology Refresh Wave,2028-12-28,,Cloud,In Progress,938.11
PRJ001546,A0014669,Technology Refresh Wave,2028-06-29,,Cloud,Proposed,1401.59
PRJ001547,A0022822,Technology Refresh Wave,2027-03-01,,Infrastructure,Proposed,7062.77
PRJ001548,A0023643,Technology Refresh Wave,2028-02-28,,Security,In Progress,828.66
PRJ001549,A0023159,Technology Refresh Wave,2027-08-16,,End User Computing,Proposed,821.59
PRJ001550,A0010376,Technology Refresh Wave,2026-03-22,,Infrastructure,Approved,1106.69
PRJ001551,A0016951,Technology Refresh Wave,2028-02-13,,Network,Approved,884.12
PRJ001552,A0005465,Technology Refresh Wave,2026-06-08,,Security,Completed,1188.13
PRJ001553,A0003567,Technology Refresh Wave,2028-03-05,,Infrastructure,In Progress,987.58
PRJ001554,A0020423,Technology Refresh Wave,2026-07-16,,Cloud,In Progress,13551.66
PRJ001555,A0003456,Technology Refresh Wave,2026-10-19,,Infrastructure,Completed,1231.28
PRJ001556,A0009939,Technology Refresh Wave,2026-10-27,,Infrastructure,Completed,1475.56
PRJ001557,A0012078,Technology Refresh Wave,2027-01-20,,Infrastructure,In Progress,1240.62
PRJ001558,A0006179,Technology Refresh Wave,2026-11-20,,End User Computing,In Progress,1285.03
PRJ001559,A0022284,Technology Refresh Wave,2028-08-15,,Cloud,Proposed,3903.18
PRJ001560,A0008875,Technology Refresh Wave,2028-04-08,,Security,In Progress,1869.41
PRJ001561,A0016220,Technology Refresh Wave,2028-09-28,,End User Computing,In Progress,786.9
PRJ001562,A0009959,Technology Refresh Wave,2026-04-21,,End User Computing,Proposed,2408.88
PRJ001563,A0005929,Technology Refresh Wave,2026-11-21,,Infrastructure,In Progress,1409.55
PRJ001564,A0003024,Technology Refresh Wave,2028-05-05,,Security,Proposed,1464.06
PRJ001565,A0016343,Technology Refresh Wave,2026-09-12,,End User Computing,Proposed,1186.91
PRJ001566,A0008938,Technology Refresh Wave,2026-11-04,,Cloud,Deferred,1942.53
PRJ001567,A0012089,Technology Refresh Wave,2028-05-07,,End User Computing,In Progress,1063.49
PRJ001568,A0003523,Technology Refresh Wave,2026-05-09,,Cloud,Proposed,1162.81
PRJ001569,A0012690,Technology Refresh Wave,2027-06-27,,Cloud,Proposed,1433.52
PRJ001570,A0005526,Technology Refresh Wave,2026-10-07,,End User Computing,Approved,1155.77
PRJ001571,A0015267,Technology Refresh Wave,2027-06-02,,Cloud,Proposed,678.32
PRJ001572,A0008780,Technology Refresh Wave,2026-07-01,,Network,Proposed,1409.9
PRJ001573,A0017075,Technology Refresh Wave,2027-06-23,,Security,Proposed,1007.39
PRJ001574,A0002343,Technology Refresh Wave,2027-04-11,,Security,Proposed,1129.33
PRJ001575,A0019434,Technology Refresh Wave,2027-11-23,,Cloud,Approved,454.44
PRJ001576,A0018198,Technology Refresh Wave,2027-04-25,,Security,In Progress,697.4
PRJ001577,A0011839,Technology Refresh Wave,2028-09-16,,Cloud,Approved,1938.19
PRJ001578,A0017268,Technology Refresh Wave,2028-05-09,,End User Computing,Proposed,1168.64
PRJ001579,A0000937,Technology Refresh Wave,2027-03-19,,Cloud,In Progress,1430.79
PRJ001580,A0008345,Technology Refresh Wave,2028-04-09,,Infrastructure,Completed,2593.09
PRJ001581,A0000906,Technology Refresh Wave,2028-01-28,,End User Computing,Approved,2019.51
PRJ001582,A0002517,Technology Refresh Wave,2026-10-29,,Cloud,Deferred,1531.2
PRJ001583,A0010944,Technology Refresh Wave,2026-12-03,,Security,Proposed,1048.34
PRJ001584,A0005475,Technology Refresh Wave,2027-12-22,,Security,Approved,913.06
PRJ001585,A0022564,Technology Refresh Wave,2028-07-03,,End User Computing,In Progress,13832.94
PRJ001586,A0021959,Technology Refresh Wave,2027-01-12,,Cloud,In Progress,3549.78
PRJ001587,A0017294,Technology Refresh Wave,2027-05-22,,Cloud,Proposed,568.0
PRJ001588,A0000201,Technology Refresh Wave,2028-09-25,,End User Computing,Deferred,1421.65
PRJ001589,A0013149,Technology Refresh Wave,2026-03-20,,Cloud,Proposed,1025.33
PRJ001590,A0007886,Technology Refresh Wave,2026-11-07,,End User Computing,Approved,1458.86
PRJ001591,A0012053,Technology Refresh Wave,2027-03-07,,Cloud,Approved,1486.57
PRJ001592,A0020883,Technology Refresh Wave,2026-11-02,,Network,Proposed,17525.03
PRJ001593,A0003711,Technology Refresh Wave,2026-12-06,,Security,In Progress,1493.23
PRJ001594,A0019079,Technology Refresh Wave,2028-08-10,,Cloud,Proposed,378.61
PRJ001595,A0008394,Technology Refresh Wave,2026-12-23,,Infrastructure,Deferred,1272.15
PRJ001596,A0023668,Technology Refresh Wave,2027-02-11,,End User Computing,Approved,822.35
PRJ001597,A0022424,Technology Refresh Wave,2028-05-25,,Security,Proposed,22855.85
PRJ001598,A0021572,Technology Refresh Wave,2028-10-14,,Infrastructure,Proposed,4494.87
PRJ001599,A0008640,Technology Refresh Wave,2027-10-24,,Infrastructure,Proposed,1360.55
PRJ001600,A0002620,Technology Refresh Wave,2026-07-15,,Network,Approved,1498.2
PRJ001601,A0002930,Technology Refresh Wave,2026-12-22,,Infrastructure,Proposed,1673.3
PRJ001602,A0015470,Technology Refresh Wave,2028-01-14,,End User Computing,Proposed,969.12
PRJ001603,A0022592,Technology Refresh Wave,2028-07-31,,Network,Approved,23677.14
PRJ001604,A0002360,Technology Refresh Wave,2028-08-08,,Security,Proposed,1134.32
PRJ001605,A0005684,Technology Refresh Wave,2027-02-15,,Network,Approved,1600.83
PRJ001606,A0013343,Technology Refresh Wave,2026-05-01,,Security,Deferred,1795.3
PRJ001607,A0016813,Technology Refresh Wave,2026-01-13,,Cloud,Deferred,997.79
PRJ001608,A0000384,Technology Refresh Wave,2027-07-04,,End User Computing,Completed,1319.57
PRJ001609,A0023029,Technology Refresh Wave,2026-10-04,,Network,Approved,9056.81
PRJ001610,A0020996,Technology Refresh Wave,2026-07-12,,Network,Proposed,10728.13
PRJ001611,A0019931,Technology Refresh Wave,2027-05-14,,End User Computing,Proposed,496.71
PRJ001612,A0020874,Technology Refresh Wave,2027-01-15,,End User Computing,Completed,14495.36
PRJ001613,A0006693,Technology Refresh Wave,2026-10-01,,End User Computing,Approved,1072.24
PRJ001614,A0016138,Technology Refresh Wave,2027-04-30,,End User Computing,In Progress,951.29
PRJ001615,A0003704,Technology Refresh Wave,2028-06-24,,Security,Deferred,1415.74
PRJ001616,A0007213,Technology Refresh Wave,2027-04-23,,Network,In Progress,1135.38
PRJ001617,A0022669,Technology Refresh Wave,2026-05-23,,Cloud,In Progress,48227.73
PRJ001618,A0015489,Technology Refresh Wave,2027-06-25,,Cloud,Completed,964.06
PRJ001619,A0023756,Technology Refresh Wave,2028-03-18,,Cloud,Proposed,72259.33
PRJ001620,A0004107,Technology Refresh Wave,2027-11-06,,End User Computing,Approved,1122.84
PRJ001621,A0015761,Technology Refresh Wave,2027-07-05,,End User Computing,Proposed,687.86
PRJ001622,A0005474,Technology Refresh Wave,2027-05-12,,Network,In Progress,2763.41
PRJ001623,A0011238,Technology Refresh Wave,2028-02-12,,End User Computing,Approved,1459.39
PRJ001624,A0021595,Technology Refresh Wave,2026-06-14,,Infrastructure,Proposed,6024.16
PRJ001625,A0022059,Technology Refresh Wave,2026-06-18,,Network,Approved,4792.22
PRJ001626,A0014828,Technology Refresh Wave,2028-10-16,,Infrastructure,Approved,1002.78
PRJ001627,A0008648,Technology Refresh Wave,2026-01-20,,Network,Approved,1776.6
PRJ001628,A0006516,Technology Refresh Wave,2028-04-06,,Security,Deferred,1458.2
PRJ001629,A0010218,Technology Refresh Wave,2028-11-20,,Infrastructure,Approved,1436.48
PRJ001630,A0004094,Technology Refresh Wave,2027-01-16,,Security,Approved,1372.18
PRJ001631,A0017815,Technology Refresh Wave,2026-11-14,,End User Computing,Approved,919.11
PRJ001632,A0011176,Technology Refresh Wave,2028-10-27,,Infrastructure,Proposed,972.8
PRJ001633,A0010030,Technology Refresh Wave,2028-08-10,,Network,In Progress,1137.15
PRJ001634,A0003920,Technology Refresh Wave,2028-06-22,,Security,Completed,1056.55
PRJ001635,A0020995,Technology Refresh Wave,2027-12-21,,Network,Proposed,14498.97
PRJ001636,A0005136,Technology Refresh Wave,2027-06-27,,Infrastructure,Approved,1522.55
PRJ001637,A0012219,Technology Refresh Wave,2028-02-22,,Cloud,Approved,815.79
PRJ001638,A0006650,Technology Refresh Wave,2027-04-21,,Cloud,Proposed,994.23
PRJ001639,A0003231,Technology Refresh Wave,2027-05-01,,Infrastructure,Approved,2263.08
PRJ001640,A0021221,Technology Refresh Wave,2026-03-05,,Infrastructure,In Progress,20639.19
PRJ001641,A0002791,Technology Refresh Wave,2028-11-13,,Cloud,Proposed,1460.43
PRJ001642,A0017947,Technology Refresh Wave,2027-05-01,,Network,Proposed,659.89
PRJ001643,A0022126,Technology Refresh Wave,2026-10-15,,Security,Proposed,3875.74
PRJ001644,A0003560,Technology Refresh Wave,2026-02-22,,Infrastructure,Proposed,1272.84
PRJ001645,A0007410,Technology Refresh Wave,2027-04-13,,Security,Proposed,1071.03
PRJ001646,A0002863,Technology Refresh Wave,2026-07-15,,Network,In Progress,1448.12
PRJ001647,A0018404,Technology Refresh Wave,2027-06-16,,End User Computing,Completed,1012.84
PRJ001648,A0020521,Technology Refresh Wave,2026-12-09,,Network,In Progress,12541.55
PRJ001649,A0003370,Technology Refresh Wave,2027-08-19,,Network,Deferred,1229.26
PRJ001650,A0013942,Technology Refresh Wave,2026-06-01,,Infrastructure,Approved,1100.66
PRJ001651,A0011800,Technology Refresh Wave,2026-03-12,,End User Computing,Proposed,1007.98
PRJ001652,A0007477,Technology Refresh Wave,2027-01-09,,End User Computing,Deferred,1095.99
PRJ001653,A0006546,Technology Refresh Wave,2027-06-23,,Security,Approved,1453.6
PRJ001654,A0019398,Technology Refresh Wave,2027-08-17,,End User Computing,Deferred,308.04
PRJ001655,A0015302,Technology Refresh Wave,2026-07-09,,Security,Deferred,943.23
PRJ001656,A0014968,Technology Refresh Wave,2026-01-11,,Network,In Progress,878.61
PRJ001657,A0022162,Technology Refresh Wave,2027-09-03,,Security,Deferred,6063.84
PRJ001658,A0009323,Technology Refresh Wave,2027-04-10,,Cloud,Proposed,1046.05
PRJ001659,A0022315,Technology Refresh Wave,2028-09-21,,Security,Completed,5175.7
PRJ001660,A0021756,Technology Refresh Wave,2027-01-06,,Network,Proposed,5037.71
PRJ001661,A0006757,Technology Refresh Wave,2028-11-03,,Cloud,Approved,1868.55
PRJ001662,A0012913,Technology Refresh Wave,2026-12-29,,Infrastructure,Proposed,1815.84
PRJ001663,A0017701,Technology Refresh Wave,2028-11-07,,Cloud,Approved,739.29
PRJ001664,A0010792,Technology Refresh Wave,2027-04-13,,Cloud,In Progress,924.33
PRJ001665,A0006180,Technology Refresh Wave,2028-04-30,,Cloud,In Progress,940.97
PRJ001666,A0019352,Technology Refresh Wave,2027-02-08,,End User Computing,Approved,524.7
PRJ001667,A0016408,Technology Refresh Wave,2027-03-30,,Infrastructure,Deferred,997.69
PRJ001668,A0005916,Technology Refresh Wave,2026-03-03,,Cloud,Completed,1245.88
PRJ001669,A0010507,Technology Refresh Wave,2028-06-11,,Cloud,In Progress,1632.04
PRJ001670,A0022518,Technology Refresh Wave,2027-03-05,,Network,Proposed,19707.79
PRJ001671,A0011615,Technology Refresh Wave,2026-12-02,,Cloud,Completed,1386.84
PRJ001672,A0010608,Technology Refresh Wave,2028-08-13,,Security,Deferred,1512.1
PRJ001673,A0022385,Technology Refresh Wave,2028-12-15,,Infrastructure,Deferred,17968.27
PRJ001674,A0018893,Technology Refresh Wave,2027-11-11,,Cloud,Approved,419.21
PRJ001675,A0012369,Technology Refresh Wave,2027-07-21,,Network,Deferred,1561.1
PRJ001676,A0010456,Technology Refresh Wave,2027-04-23,,Infrastructure,In Progress,1328.96
PRJ001677,A0020690,Technology Refresh Wave,2028-11-26,,Network,Approved,14899.34
PRJ001678,A0007342,Technology Refresh Wave,2028-05-20,,End User Computing,Approved,1244.77
PRJ001679,A0008212,Technology Refresh Wave,2027-07-04,,Security,Proposed,984.82
PRJ001680,A0021819,Technology Refresh Wave,2028-12-10,,Network,Deferred,8529.9
PRJ001681,A0022155,Technology Refresh Wave,2027-03-03,,Network,Approved,4786.32
PRJ001682,A0022123,Technology Refresh Wave,2026-04-27,,Cloud,Completed,5186.16
PRJ001683,A0017231,Technology Refresh Wave,2027-04-12,,End User Computing,Deferred,804.36
PRJ001684,A0021946,Technology Refresh Wave,2027-01-30,,Cloud,In Progress,7225.78
PRJ001685,A0015643,Technology Refresh Wave,2026-05-11,,Cloud,Proposed,826.87
PRJ001686,A0004323,Technology Refresh Wave,2027-11-19,,Security,Proposed,1377.64
PRJ001687,A0019563,Technology Refresh Wave,2027-05-03,,Security,Completed,527.93
PRJ001688,A0012823,Technology Refresh Wave,2028-05-20,,Infrastructure,Proposed,1323.07
PRJ001689,A0006135,Technology Refresh Wave,2028-04-05,,Cloud,Deferred,1145.83
PRJ001690,A0020865,Technology Refresh Wave,2026-04-22,,Security,Proposed,15812.83
PRJ001691,A0021684,Technology Refresh Wave,2027-10-18,,Infrastructure,Approved,7773.98
PRJ001692,A0002859,Technology Refresh Wave,2026-08-15,,Security,Deferred,1211.24
PRJ001693,A0001881,Technology Refresh Wave,2027-03-15,,Infrastructure,In Progress,1684.24
PRJ001694,A0017551,Technology Refresh Wave,2026-09-21,,Infrastructure,Approved,882.29
PRJ001695,A0015253,Technology Refresh Wave,2028-06-03,,Infrastructure,Deferred,878.5
PRJ001696,A0023413,Technology Refresh Wave,2027-12-11,,Cloud,Proposed,622.82
PRJ001697,A0011961,Technology Refresh Wave,2027-01-30,,Cloud,Approved,2786.82
PRJ001698,A0013043,Technology Refresh Wave,2026-02-14,,End User Computing,Proposed,1854.62
PRJ001699,A0009998,Technology Refresh Wave,2027-05-29,,Cloud,Deferred,1683.16
PRJ001700,A0014441,Technology Refresh Wave,2026-04-10,,End User Computing,Approved,1357.71
PRJ001701,A0015003,Technology Refresh Wave,2027-11-12,,Network,Proposed,984.97
PRJ001702,A0004144,Technology Refresh Wave,2026-12-21,,Infrastructure,Approved,1050.21
PRJ001703,A0021092,Technology Refresh Wave,2027-05-02,,Infrastructure,Proposed,16988.15
PRJ001704,A0012050,Technology Refresh Wave,2027-03-07,,Infrastructure,Deferred,1178.11
PRJ001705,A0000475,Technology Refresh Wave,2026-01-27,,End User Computing,Completed,1586.4
PRJ001706,A0013022,Technology Refresh Wave,2028-01-22,,Infrastructure,In Progress,1267.32
PRJ001707,A0010262,Technology Refresh Wave,2028-11-22,,End User Computing,In Progress,1051.47
PRJ001708,A0008680,Technology Refresh Wave,2027-06-16,,End User Computing,Deferred,1407.82
PRJ001709,A0010093,Technology Refresh Wave,2028-02-19,,Infrastructure,Deferred,1211.05
PRJ001710,A0005175,Technology Refresh Wave,2028-05-07,,Cloud,Approved,1721.43
PRJ001711,A0020143,Technology Refresh Wave,2028-09-10,,Security,In Progress,13977.75
PRJ001712,A0006701,Technology Refresh Wave,2028-01-27,,Security,Proposed,782.23
PRJ001713,A0005864,Technology Refresh Wave,2026-06-29,,Network,In Progress,942.34
PRJ001714,A0005622,Technology Refresh Wave,2028-01-10,,End User Computing,Deferred,1124.62
PRJ001715,A0004773,Technology Refresh Wave,2028-03-23,,Cloud,Deferred,1422.6
PRJ001716,A0009738,Technology Refresh Wave,2026-04-26,,Network,Approved,1607.0
PRJ001717,A0013298,Technology Refresh Wave,2028-11-18,,End User Computing,Proposed,1238.84
PRJ001718,A0007105,Technology Refresh Wave,2028-03-10,,Cloud,Approved,2556.06
PRJ001719,A0009993,Technology Refresh Wave,2027-01-04,,Cloud,Proposed,1959.31
PRJ001720,A0002085,Technology Refresh Wave,2026-03-10,,Network,Approved,1158.77
PRJ001721,A0002752,Technology Refresh Wave,2026-06-01,,Network,Proposed,2307.47
PRJ001722,A0000899,Technology Refresh Wave,2028-02-01,,Cloud,In Progress,1274.17
PRJ001723,A0009049,Technology Refresh Wave,2028-10-03,,Cloud,Proposed,1532.6
PRJ001724,A0012433,Technology Refresh Wave,2028-09-10,,Infrastructure,Approved,1031.08
PRJ001725,A0015181,Technology Refresh Wave,2027-05-10,,Cloud,Approved,956.31
PRJ001726,A0012443,Technology Refresh Wave,2027-12-02,,End User Computing,In Progress,981.0
PRJ001727,A0023765,Technology Refresh Wave,2028-08-26,,Network,Deferred,121961.08
PRJ001728,A0004480,Technology Refresh Wave,2028-05-21,,Security,Approved,1536.98
PRJ001729,A0004955,Technology Refresh Wave,2028-02-18,,End User Computing,Proposed,1292.73
PRJ001730,A0013139,Technology Refresh Wave,2026-04-11,,Cloud,Proposed,932.33
PRJ001731,A0011727,Technology Refresh Wave,2028-12-22,,Cloud,Deferred,1368.54
PRJ001732,A0006648,Technology Refresh Wave,2026-11-06,,Cloud,Proposed,1025.79
PRJ001733,A0018006,Technology Refresh Wave,2028-01-16,,Infrastructure,In Progress,750.75
PRJ001734,A0015730,Technology Refresh Wave,2028-12-11,,End User Computing,Proposed,1019.86
PRJ001735,A0020924,Technology Refresh Wave,2027-06-18,,Security,Approved,8652.29
PRJ001736,A0001183,Technology Refresh Wave,2026-01-11,,End User Computing,In Progress,1031.12
PRJ001737,A0020702,Technology Refresh Wave,2028-01-09,,Security,Completed,10225.88
PRJ001738,A0019277,Technology Refresh Wave,2028-07-10,,Security,Proposed,383.62
PRJ001739,A0006137,Technology Refresh Wave,2027-06-16,,End User Computing,In Progress,770.77
PRJ001740,A0020902,Technology Refresh Wave,2026-08-22,,Infrastructure,Approved,14777.21
PRJ001741,A0017755,Technology Refresh Wave,2027-01-20,,Network,Approved,938.9
PRJ001742,A0019833,Technology Refresh Wave,2027-07-09,,Cloud,In Progress,344.35
PRJ001743,A0020236,Technology Refresh Wave,2028-01-16,,Security,In Progress,10824.05
PRJ001744,A0019142,Technology Refresh Wave,2028-09-10,,End User Computing,In Progress,444.63
PRJ001745,A0014367,Technology Refresh Wave,2026-02-26,,Infrastructure,Approved,987.37
PRJ001746,A0005116,Technology Refresh Wave,2026-01-16,,Cloud,Completed,1421.95
PRJ001747,A0009350,Technology Refresh Wave,2028-09-15,,End User Computing,In Progress,1359.49
PRJ001748,A0004266,Technology Refresh Wave,2028-07-20,,Security,Deferred,1480.69
PRJ001749,A0007248,Technology Refresh Wave,2026-11-05,,Network,In Progress,1238.67
PRJ001750,A0022738,Technology Refresh Wave,2027-12-11,,Cloud,In Progress,13005.72
PRJ001751,A0004551,Technology Refresh Wave,2026-11-20,,Cloud,Proposed,1367.66
PRJ001752,A0021740,Technology Refresh Wave,2027-04-23,,Cloud,Approved,8294.25
PRJ001753,A0021645,Technology Refresh Wave,2028-04-07,,Network,Completed,4117.98
PRJ001754,A0009775,Technology Refresh Wave,2026-05-04,,Cloud,Deferred,1756.5
PRJ001755,A0011026,Technology Refresh Wave,2028-03-09,,Cloud,Proposed,1138.25
PRJ001756,A0003965,Technology Refresh Wave,2028-03-18,,Infrastructure,Approved,1213.76
PRJ001757,A0002520,Technology Refresh Wave,2028-04-11,,Cloud,Proposed,950.97
PRJ001758,A0022750,Technology Refresh Wave,2028-11-23,,Cloud,In Progress,5402.58
PRJ001759,A0022090,Technology Refresh Wave,2028-11-28,,Infrastructure,Deferred,4835.03
PRJ001760,A0010428,Technology Refresh Wave,2026-03-23,,Infrastructure,Deferred,1351.01
PRJ001761,A0003814,Technology Refresh Wave,2026-07-15,,Infrastructure,Proposed,1357.52
PRJ001762,A0016444,Technology Refresh Wave,2027-05-18,,Cloud,Approved,1333.53
PRJ001763,A0011244,Technology Refresh Wave,2027-03-01,,Infrastructure,Approved,1168.52
PRJ001764,A0006235,Technology Refresh Wave,2028-06-22,,Network,Approved,1268.59
PRJ001765,A0002534,Technology Refresh Wave,2027-05-12,,Security,Approved,1066.19
PRJ001766,A0023183,Technology Refresh Wave,2026-09-05,,Infrastructure,Approved,611.59
PRJ001767,A0018047,Technology Refresh Wave,2026-05-28,,Network,Completed,776.46
PRJ001768,A0003781,Technology Refresh Wave,2028-11-05,,Security,Approved,1175.41
PRJ001769,A0007640,Technology Refresh Wave,2027-10-09,,Security,In Progress,1556.79
PRJ001770,A0019214,Technology Refresh Wave,2028-09-10,,Infrastructure,In Progress,471.21
PRJ001771,A0012484,Technology Refresh Wave,2026-04-10,,Security,Deferred,1277.5
PRJ001772,A0019344,Technology Refresh Wave,2028-01-01,,Network,In Progress,434.41
PRJ001773,A0011549,Technology Refresh Wave,2028-12-11,,End User Computing,Proposed,1543.89
PRJ001774,A0006922,Technology Refresh Wave,2028-02-27,,Network,Approved,1154.99
PRJ001775,A0021720,Technology Refresh Wave,2028-12-09,,Cloud,Completed,5236.0
PRJ001776,A0002174,Technology Refresh Wave,2027-11-17,,Infrastructure,In Progress,1543.34
PRJ001777,A0005980,Technology Refresh Wave,2028-03-29,,Cloud,Deferred,1254.61
PRJ001778,A0008150,Technology Refresh Wave,2026-04-27,,Security,Completed,1470.29
PRJ001779,A0023276,Technology Refresh Wave,2028-03-21,,Network,In Progress,762.82
PRJ001780,A0019913,Technology Refresh Wave,2028-08-11,,Network,Proposed,335.48
PRJ001781,A0020342,Technology Refresh Wave,2027-09-16,,Security,In Progress,23210.43
PRJ001782,A0005069,Technology Refresh Wave,2028-01-05,,Security,Completed,998.91
PRJ001783,A0004975,Technology Refresh Wave,2026-03-23,,Network,Approved,909.74
PRJ001784,A0016070,Technology Refresh Wave,2027-08-28,,Security,Proposed,650.97
PRJ001785,A0003074,Technology Refresh Wave,2028-01-14,,Cloud,Completed,927.56
PRJ001786,A0015175,Technology Refresh Wave,2026-11-24,,Security,Deferred,1155.29
PRJ001787,A0001458,Technology Refresh Wave,2027-05-21,,Infrastructure,In Progress,1082.11
PRJ001788,A0015555,Technology Refresh Wave,2027-03-25,,Security,Approved,1010.17
PRJ001789,A0014146,Technology Refresh Wave,2026-11-12,,Network,Approved,707.37
PRJ001790,A0018750,Technology Refresh Wave,2027-01-02,,Security,Approved,346.79
PRJ001791,A0006679,Technology Refresh Wave,2028-09-26,,Cloud,Deferred,2031.77
PRJ001792,A0015806,Technology Refresh Wave,2026-10-15,,Infrastructure,In Progress,881.53
PRJ001793,A0006498,Technology Refresh Wave,2028-09-12,,Network,Proposed,1237.2
PRJ001794,A0020166,Technology Refresh Wave,2026-09-19,,Cloud,Approved,13854.53
PRJ001795,A0005590,Technology Refresh Wave,2027-10-22,,Infrastructure,Proposed,998.52
PRJ001796,A0014450,Technology Refresh Wave,2026-11-02,,Network,Approved,1096.54
PRJ001797,A0018143,Technology Refresh Wave,2027-01-27,,Security,Proposed,1116.98
PRJ001798,A0014642,Technology Refresh Wave,2027-08-08,,Network,Approved,983.45
PRJ001799,A0013523,Technology Refresh Wave,2027-01-03,,Network,In Progress,1768.9
PRJ001800,A0006519,Technology Refresh Wave,2026-05-19,,Infrastructure,In Progress,884.74
PRJ001801,A0000381,Technology Refresh Wave,2026-12-31,,End User Computing,Deferred,1718.21
PRJ001802,A0000981,Technology Refresh Wave,2026-06-10,,Infrastructure,Approved,1917.0
PRJ001803,A0003848,Technology Refresh Wave,2026-10-07,,Infrastructure,Approved,1385.54
PRJ001804,A0023666,Technology Refresh Wave,2028-07-12,,End User Computing,Completed,926.63
PRJ001805,A0015061,Technology Refresh Wave,2028-04-01,,Cloud,Proposed,833.14
PRJ001806,A0001384,Technology Refresh Wave,2027-06-01,,Cloud,Approved,1152.71
PRJ001807,A0000513,Technology Refresh Wave,2027-03-15,,Network,Proposed,1206.84
PRJ001808,A0009116,Technology Refresh Wave,2026-06-29,,Infrastructure,Approved,2928.55
PRJ001809,A0011783,Technology Refresh Wave,2027-12-14,,Cloud,In Progress,1631.85
PRJ001810,A0021302,Technology Refresh Wave,2027-08-06,,Infrastructure,In Progress,17684.77
PRJ001811,A0017013,Technology Refresh Wave,2026-06-02,,Cloud,In Progress,926.81
PRJ001812,A0012957,Technology Refresh Wave,2027-02-21,,Network,Proposed,1251.48
PRJ001813,A0008543,Technology Refresh Wave,2028-04-16,,End User Computing,Deferred,1295.38
PRJ001814,A0017423,Technology Refresh Wave,2026-03-09,,Infrastructure,Approved,758.71
PRJ001815,A0022299,Technology Refresh Wave,2027-05-25,,Infrastructure,Deferred,4161.78
PRJ001816,A0009711,Technology Refresh Wave,2028-02-09,,Infrastructure,In Progress,1659.27
PRJ001817,A0006174,Technology Refresh Wave,2027-12-23,,Cloud,In Progress,1206.63
PRJ001818,A0004069,Technology Refresh Wave,2028-10-22,,Security,Approved,1109.63
PRJ001819,A0009873,Technology Refresh Wave,2028-10-22,,Infrastructure,Completed,1774.29
PRJ001820,A0008994,Technology Refresh Wave,2027-08-30,,Infrastructure,Approved,1066.92
PRJ001821,A0001093,Technology Refresh Wave,2026-02-05,,Network,Completed,1976.76
PRJ001822,A0006864,Technology Refresh Wave,2027-09-03,,Security,Proposed,1038.86
PRJ001823,A0000452,Technology Refresh Wave,2027-09-13,,Infrastructure,Deferred,1279.97
PRJ001824,A0014529,Technology Refresh Wave,2027-11-08,,End User Computing,Completed,1115.6
PRJ001825,A0005417,Technology Refresh Wave,2028-02-24,,Infrastructure,Approved,1376.44
PRJ001826,A0006511,Technology Refresh Wave,2027-01-27,,Cloud,Completed,1550.11
PRJ001827,A0022301,Technology Refresh Wave,2026-10-01,,Security,In Progress,4470.66
PRJ001828,A0002899,Technology Refresh Wave,2027-09-26,,End User Computing,In Progress,1988.28
PRJ001829,A0002580,Technology Refresh Wave,2028-06-07,,Network,In Progress,1027.05
PRJ001830,A0000370,Technology Refresh Wave,2027-08-25,,Security,In Progress,1240.15
PRJ001831,A0018745,Technology Refresh Wave,2026-01-29,,Infrastructure,In Progress,496.9
PRJ001832,A0006378,Technology Refresh Wave,2026-01-17,,End User Computing,Proposed,1487.38
PRJ001833,A0019620,Technology Refresh Wave,2027-06-26,,Infrastructure,In Progress,513.16
PRJ001834,A0012995,Technology Refresh Wave,2026-06-13,,Security,Proposed,1818.68
PRJ001835,A0015909,Technology Refresh Wave,2028-02-23,,Infrastructure,Approved,747.12
PRJ001836,A0004102,Technology Refresh Wave,2026-11-26,,Security,Approved,814.42
PRJ001837,A0015861,Technology Refresh Wave,2027-08-22,,Cloud,Proposed,1031.33
PRJ001838,A0002535,Technology Refresh Wave,2026-08-24,,Security,Proposed,1474.07
PRJ001839,A0023367,Technology Refresh Wave,2027-07-25,,Security,Proposed,696.31
PRJ001840,A0012240,Technology Refresh Wave,2026-10-09,,Infrastructure,Completed,1462.41
PRJ001841,A0010300,Technology Refresh Wave,2028-09-12,,Cloud,In Progress,1297.2
PRJ001842,A0007709,Technology Refresh Wave,2026-01-26,,Security,Approved,2424.6
PRJ001843,A0007947,Technology Refresh Wave,2028-05-03,,End User Computing,Completed,1268.04
PRJ001844,A0019777,Technology Refresh Wave,2028-12-17,,Network,Completed,333.61
PRJ001845,A0014929,Technology Refresh Wave,2027-04-10,,Network,In Progress,962.6
PRJ001846,A0016682,Technology Refresh Wave,2026-04-17,,Cloud,In Progress,797.55
PRJ001847,A0007287,Technology Refresh Wave,2028-11-30,,Security,Completed,1147.43
PRJ001848,A0001413,Technology Refresh Wave,2027-02-06,,Network,Approved,1188.31
PRJ001849,A0020896,Technology Refresh Wave,2027-04-04,,End User Computing,Approved,16267.16
PRJ001850,A0021145,Technology Refresh Wave,2026-01-18,,End User Computing,Proposed,11231.28
PRJ001851,A0021561,Technology Refresh Wave,2026-11-11,,Infrastructure,In Progress,5060.77
PRJ001852,A0009882,Technology Refresh Wave,2026-04-05,,Security,In Progress,1022.76
PRJ001853,A0017392,Technology Refresh Wave,2028-08-03,,Network,Deferred,760.17
PRJ001854,A0011141,Technology Refresh Wave,2027-02-27,,Cloud,In Progress,1486.58
PRJ001855,A0008686,Technology Refresh Wave,2028-12-14,,Infrastructure,Completed,1412.0
PRJ001856,A0023327,Technology Refresh Wave,2028-11-01,,End User Computing,Deferred,565.78
PRJ001857,A0016741,Technology Refresh Wave,2027-02-19,,Network,Proposed,681.38
PRJ001858,A0008841,Technology Refresh Wave,2027-04-15,,Security,In Progress,1251.4
PRJ001859,A0003487,Technology Refresh Wave,2028-11-09,,Infrastructure,Approved,844.51
PRJ001860,A0007407,Technology Refresh Wave,2028-02-17,,Security,In Progress,1302.53
PRJ001861,A0000058,Technology Refresh Wave,2027-03-16,,Network,Completed,954.66
PRJ001862,A0013757,Technology Refresh Wave,2026-06-30,,Cloud,In Progress,1765.76
PRJ001863,A0015197,Technology Refresh Wave,2028-10-17,,Infrastructure,In Progress,1386.34
PRJ001864,A0005306,Technology Refresh Wave,2027-06-23,,Infrastructure,Proposed,971.69
PRJ001865,A0002843,Technology Refresh Wave,2027-08-08,,Infrastructure,Completed,1127.97
PRJ001866,A0015481,Technology Refresh Wave,2028-02-28,,End User Computing,Completed,1137.68
PRJ001867,A0001535,Technology Refresh Wave,2028-03-15,,Infrastructure,In Progress,880.12
PRJ001868,A0008583,Technology Refresh Wave,2028-12-17,,Cloud,Approved,1170.82
PRJ001869,A0023127,Technology Refresh Wave,2027-09-30,,Cloud,In Progress,756.46
PRJ001870,A0012529,Technology Refresh Wave,2028-10-07,,Security,In Progress,1204.63
PRJ001871,A0005332,Technology Refresh Wave,2026-06-14,,Network,In Progress,1650.03
PRJ001872,A0015545,Technology Refresh Wave,2027-05-24,,Cloud,Proposed,994.93
PRJ001873,A0016066,Technology Refresh Wave,2027-02-10,,Security,Proposed,1045.35
PRJ001874,A0009413,Technology Refresh Wave,2027-07-17,,Cloud,Completed,1277.54
PRJ001875,A0007338,Technology Refresh Wave,2028-01-10,,Cloud,Approved,1761.24
PRJ001876,A0014470,Technology Refresh Wave,2026-10-17,,Infrastructure,Proposed,1284.63
PRJ001877,A0010495,Technology Refresh Wave,2028-05-19,,Security,Proposed,1168.45
PRJ001878,A0018701,Technology Refresh Wave,2026-09-08,,Cloud,Approved,514.16
PRJ001879,A0009399,Technology Refresh Wave,2028-08-02,,Network,Approved,2108.8
PRJ001880,A0003283,Technology Refresh Wave,2028-01-01,,Cloud,Proposed,1064.25
PRJ001881,A0006078,Technology Refresh Wave,2026-12-21,,End User Computing,Completed,1386.75
PRJ001882,A0019963,Technology Refresh Wave,2028-11-01,,Security,Proposed,463.73
PRJ001883,A0023475,Technology Refresh Wave,2027-09-09,,Security,Deferred,780.32
PRJ001884,A0007730,Technology Refresh Wave,2027-07-17,,Cloud,Deferred,1718.17
PRJ001885,A0020128,Technology Refresh Wave,2027-02-27,,Security,Deferred,14020.2
PRJ001886,A0010213,Technology Refresh Wave,2028-03-08,,End User Computing,Approved,2293.39
PRJ001887,A0010715,Technology Refresh Wave,2028-07-17,,Infrastructure,Deferred,987.71
PRJ001888,A0021124,Technology Refresh Wave,2028-09-02,,Cloud,In Progress,9667.72
PRJ001889,A0005333,Technology Refresh Wave,2028-12-11,,Infrastructure,Completed,1350.67
PRJ001890,A0003166,Technology Refresh Wave,2028-03-18,,Security,In Progress,1118.61
PRJ001891,A0012944,Technology Refresh Wave,2027-09-16,,Security,Completed,984.06
PRJ001892,A0009404,Technology Refresh Wave,2027-11-28,,Network,In Progress,875.11
PRJ001893,A0009227,Technology Refresh Wave,2027-01-06,,Network,In Progress,1162.79
PRJ001894,A0000031,Technology Refresh Wave,2026-06-26,,Security,Completed,1572.67
PRJ001895,A0004535,Technology Refresh Wave,2027-06-11,,End User Computing,Approved,1184.15
PRJ001896,A0015011,Technology Refresh Wave,2026-01-24,,End User Computing,Deferred,644.46
PRJ001897,A0021923,Technology Refresh Wave,2026-10-13,,Network,Proposed,5344.01
PRJ001898,A0004126,Technology Refresh Wave,2027-10-23,,End User Computing,Approved,1919.97
PRJ001899,A0010232,Technology Refresh Wave,2026-04-27,,Cloud,Approved,1367.21
PRJ001900,A0002209,Technology Refresh Wave,2026-10-22,,End User Computing,In Progress,1722.27
PRJ001901,A0000323,Technology Refresh Wave,2027-01-28,,Network,Proposed,1364.03
PRJ001902,A0005437,Technology Refresh Wave,2028-11-25,,End User Computing,Approved,1359.4
PRJ001903,A0007754,Technology Refresh Wave,2027-02-12,,End User Computing,In Progress,1251.2
PRJ001904,A0019433,Technology Refresh Wave,2026-01-20,,End User Computing,Approved,372.16
PRJ001905,A0001863,Technology Refresh Wave,2026-09-13,,Cloud,Approved,1483.92
PRJ001906,A0015215,Technology Refresh Wave,2028-11-13,,Network,Deferred,844.93
PRJ001907,A0013268,Technology Refresh Wave,2028-09-01,,Infrastructure,In Progress,1019.28
PRJ001908,A0019609,Technology Refresh Wave,2026-01-17,,Network,Proposed,545.8
PRJ001909,A0021909,Technology Refresh Wave,2028-10-09,,Security,Deferred,7165.63
PRJ001910,A0018610,Technology Refresh Wave,2028-06-09,,Network,In Progress,391.66
PRJ001911,A0023177,Technology Refresh Wave,2028-01-24,,Security,Completed,819.5
PRJ001912,A0000736,Technology Refresh Wave,2027-06-21,,Cloud,In Progress,1144.27
PRJ001913,A0004606,Technology Refresh Wave,2026-10-06,,Infrastructure,In Progress,1384.38
PRJ001914,A0005788,Technology Refresh Wave,2026-10-17,,Cloud,Completed,1331.72
PRJ001915,A0006309,Technology Refresh Wave,2028-01-28,,Infrastructure,Deferred,1202.83
PRJ001916,A0003317,Technology Refresh Wave,2028-01-21,,Infrastructure,Proposed,1229.16
PRJ001917,A0006149,Technology Refresh Wave,2027-04-23,,Security,Proposed,926.76
PRJ001918,A0022135,Technology Refresh Wave,2028-10-25,,Cloud,Completed,4203.04
PRJ001919,A0015599,Technology Refresh Wave,2026-06-04,,Cloud,In Progress,1044.45
PRJ001920,A0007089,Technology Refresh Wave,2028-12-24,,End User Computing,Proposed,2302.53
PRJ001921,A0017490,Technology Refresh Wave,2028-05-03,,Security,Proposed,959.34
PRJ001922,A0008281,Technology Refresh Wave,2027-11-12,,Network,Approved,842.33
PRJ001923,A0003610,Technology Refresh Wave,2027-11-02,,Cloud,Proposed,2301.27
PRJ001924,A0011100,Technology Refresh Wave,2026-04-08,,Network,Completed,1257.19
PRJ001925,A0019029,Technology Refresh Wave,2028-06-20,,Security,Completed,336.07
PRJ001926,A0013094,Technology Refresh Wave,2027-09-12,,Security,Approved,1386.04
PRJ001927,A0015979,Technology Refresh Wave,2028-07-04,,Network,Deferred,969.32
PRJ001928,A0019333,Technology Refresh Wave,2027-10-06,,End User Computing,In Progress,331.55
PRJ001929,A0011513,Technology Refresh Wave,2027-03-23,,Security,Proposed,1033.41
PRJ001930,A0002255,Technology Refresh Wave,2027-09-30,,Infrastructure,Deferred,1220.17
PRJ001931,A0021181,Technology Refresh Wave,2026-05-02,,Network,Proposed,18800.09
PRJ001932,A0011149,Technology Refresh Wave,2028-06-05,,Cloud,Deferred,1250.61
PRJ001933,A0006528,Technology Refresh Wave,2027-04-08,,Infrastructure,Completed,1390.64
PRJ001934,A0020444,Technology Refresh Wave,2026-11-01,,Cloud,Proposed,16973.2
PRJ001935,A0004033,Technology Refresh Wave,2027-03-20,,Infrastructure,Proposed,1290.65
PRJ001936,A0000689,Technology Refresh Wave,2027-09-20,,Network,Approved,936.23
PRJ001937,A0018206,Technology Refresh Wave,2026-02-19,,End User Computing,Approved,1285.89
PRJ001938,A0015509,Technology Refresh Wave,2028-06-25,,Security,Approved,1177.13
PRJ001939,A0014947,Technology Refresh Wave,2028-10-22,,End User Computing,In Progress,812.28
PRJ001940,A0016980,Technology Refresh Wave,2027-10-23,,Network,Proposed,879.95
PRJ001941,A0011449,Technology Refresh Wave,2026-05-19,,Cloud,Completed,1244.96
PRJ001942,A0019632,Technology Refresh Wave,2026-09-27,,End User Computing,Completed,398.38
PRJ001943,A0016159,Technology Refresh Wave,2028-11-17,,End User Computing,Deferred,921.92
PRJ001944,A0020091,Technology Refresh Wave,2027-03-28,,Infrastructure,Proposed,11050.39
PRJ001945,A0008026,Technology Refresh Wave,2026-09-11,,Cloud,In Progress,1321.43
PRJ001946,A0019392,Technology Refresh Wave,2028-01-03,,Network,In Progress,509.22
PRJ001947,A0018332,Technology Refresh Wave,2026-04-08,,Infrastructure,Completed,846.35
PRJ001948,A0015754,Technology Refresh Wave,2028-11-04,,Network,Approved,944.23
PRJ001949,A0021052,Technology Refresh Wave,2028-05-26,,Cloud,Completed,10331.66
PRJ001950,A0012132,Technology Refresh Wave,2028-03-15,,Infrastructure,Completed,1843.15
PRJ001951,A0011156,Technology Refresh Wave,2027-01-03,,Network,Approved,1198.83
PRJ001952,A0004690,Technology Refresh Wave,2027-03-02,,Cloud,In Progress,1494.59
PRJ001953,A0019971,Technology Refresh Wave,2026-10-31,,Infrastructure,Approved,451.27
PRJ001954,A0013796,Technology Refresh Wave,2028-11-24,,Cloud,Proposed,1675.11
PRJ001955,A0017871,Technology Refresh Wave,2026-10-16,,Infrastructure,Deferred,874.31
PRJ001956,A0019531,Technology Refresh Wave,2028-11-02,,Infrastructure,Deferred,507.89
PRJ001957,A0017403,Technology Refresh Wave,2028-10-18,,Infrastructure,In Progress,864.14
PRJ001958,A0020632,Technology Refresh Wave,2027-08-12,,Network,Deferred,19068.17
PRJ001959,A0003922,Technology Refresh Wave,2028-10-09,,Security,Deferred,1214.54
PRJ001960,A0012026,Technology Refresh Wave,2026-09-29,,Network,In Progress,1810.15
PRJ001961,A0020786,Technology Refresh Wave,2027-05-10,,Security,Deferred,13317.14
PRJ001962,A0018099,Technology Refresh Wave,2026-09-30,,End User Computing,Approved,1085.89
PRJ001963,A0018462,Technology Refresh Wave,2027-04-16,,End User Computing,In Progress,976.42
PRJ001964,A0018237,Technology Refresh Wave,2026-07-06,,Network,Completed,935.98
PRJ001965,A0009902,Technology Refresh Wave,2028-03-12,,Infrastructure,Proposed,913.21
PRJ001966,A0018221,Technology Refresh Wave,2027-07-18,,Security,Approved,935.61
PRJ001967,A0007970,Technology Refresh Wave,2028-05-05,,End User Computing,Completed,1244.38
PRJ001968,A0000492,Technology Refresh Wave,2026-05-01,,Cloud,In Progress,1066.81
PRJ001969,A0022295,Technology Refresh Wave,2026-02-04,,Cloud,In Progress,7346.35
PRJ001970,A0013863,Technology Refresh Wave,2026-07-30,,Infrastructure,Proposed,2555.88
PRJ001971,A0006836,Technology Refresh Wave,2027-06-04,,Cloud,Approved,1682.16
PRJ001972,A0003028,Technology Refresh Wave,2027-02-07,,End User Computing,Proposed,1743.85
PRJ001973,A0005353,Technology Refresh Wave,2026-09-16,,End User Computing,Approved,2491.6
PRJ001974,A0000386,Technology Refresh Wave,2027-05-12,,End User Computing,Approved,2136.84
PRJ001975,A0007937,Technology Refresh Wave,2026-11-03,,Network,Approved,845.58
PRJ001976,A0015948,Technology Refresh Wave,2026-06-05,,Cloud,Completed,910.05
PRJ001977,A0006910,Technology Refresh Wave,2028-12-24,,Infrastructure,Approved,1189.5
PRJ001978,A0018761,Technology Refresh Wave,2026-01-22,,Network,Completed,511.97
PRJ001979,A0004597,Technology Refresh Wave,2028-08-23,,Cloud,In Progress,1554.15
PRJ001980,A0014413,Technology Refresh Wave,2026-12-22,,Infrastructure,Deferred,887.36
PRJ001981,A0004506,Technology Refresh Wave,2026-12-30,,Cloud,In Progress,951.3
PRJ001982,A0017535,Technology Refresh Wave,2027-08-20,,End User Computing,Approved,1134.37
PRJ001983,A0014867,Technology Refresh Wave,2028-10-15,,Infrastructure,Approved,1000.98
PRJ001984,A0002648,Technology Refresh Wave,2027-04-11,,Cloud,Proposed,958.76
PRJ001985,A0010227,Technology Refresh Wave,2028-03-28,,Infrastructure,Proposed,1621.85
PRJ001986,A0018169,Technology Refresh Wave,2026-12-06,,Infrastructure,Approved,795.64
PRJ001987,A0021910,Technology Refresh Wave,2028-11-19,,Network,Proposed,5423.27
PRJ001988,A0001283,Technology Refresh Wave,2027-06-19,,Network,In Progress,2056.21
PRJ001989,A0023158,Technology Refresh Wave,2027-01-10,,End User Computing,Approved,777.19
PRJ001990,A0003503,Technology Refresh Wave,2027-07-18,,Cloud,Proposed,1960.24
PRJ001991,A0022172,Technology Refresh Wave,2028-04-05,,Network,Approved,3983.77
PRJ001992,A0015063,Technology Refresh Wave,2026-11-24,,Infrastructure,In Progress,729.05
PRJ001993,A0022173,Technology Refresh Wave,2028-10-14,,Security,Deferred,3736.24
PRJ001994,A0006294,Technology Refresh Wave,2028-01-17,,End User Computing,Proposed,1380.74
PRJ001995,A0023267,Technology Refresh Wave,2026-12-14,,Security,Completed,1038.05
PRJ001996,A0017207,Technology Refresh Wave,2027-04-06,,Cloud,Proposed,899.75
PRJ001997,A0003126,Technology Refresh Wave,2028-07-09,,Infrastructure,Completed,2345.92
PRJ001998,A0015193,Technology Refresh Wave,2027-06-18,,Network,Deferred,1074.56
PRJ001999,A0023331,Technology Refresh Wave,2028-02-05,,Network,Proposed,659.28
PRJ002000,A0005565,Technology Refresh Wave,2027-12-28,,End User Computing,In Progress,1044.19
PRJ002001,A0005002,Technology Refresh Wave,2026-11-24,,Cloud,Approved,2011.73
PRJ002002,A0014593,Technology Refresh Wave,2028-08-08,,End User Computing,Proposed,1171.27
PRJ002003,A0019318,Technology Refresh Wave,2026-04-19,,Cloud,Proposed,421.54
PRJ002004,A0022134,Technology Refresh Wave,2026-06-18,,Network,Deferred,4333.05
PRJ002005,A0003753,Technology Refresh Wave,2028-06-18,,Cloud,Proposed,1366.48
PRJ002006,A0005573,Technology Refresh Wave,2026-07-26,,Infrastructure,In Progress,987.15
PRJ002007,A0003695,Technology Refresh Wave,2027-05-05,,Security,Approved,1421.39
PRJ002008,A0016838,Technology Refresh Wave,2027-08-14,,Security,Proposed,1009.11
PRJ002009,A0001312,Technology Refresh Wave,2026-01-06,,Infrastructure,In Progress,1271.07
PRJ002010,A0011828,Technology Refresh Wave,2027-02-06,,Cloud,Deferred,1011.24
PRJ002011,A0015604,Technology Refresh Wave,2028-03-07,,Network,Deferred,942.85
PRJ002012,A0006240,Technology Refresh Wave,2028-06-04,,Cloud,Approved,1053.96
PRJ002013,A0008118,Technology Refresh Wave,2028-05-03,,End User Computing,Approved,1499.73
PRJ002014,A0013283,Technology Refresh Wave,2028-08-24,,Network,Proposed,1070.67
PRJ002015,A0003198,Technology Refresh Wave,2028-10-29,,Network,Deferred,1101.96
PRJ002016,A0013555,Technology Refresh Wave,2026-09-12,,End User Computing,Proposed,1150.86
PRJ002017,A0021197,Technology Refresh Wave,2026-09-09,,Network,Completed,17471.03
PRJ002018,A0013846,Technology Refresh Wave,2027-12-06,,Infrastructure,Completed,1124.94
PRJ002019,A0007810,Technology Refresh Wave,2027-10-25,,Infrastructure,Proposed,1533.36
PRJ002020,A0018252,Technology Refresh Wave,2028-04-14,,Infrastructure,Completed,1066.51
PRJ002021,A0015949,Technology Refresh Wave,2027-04-28,,Security,Approved,861.05
PRJ002022,A0004548,Technology Refresh Wave,2028-06-15,,End User Computing,Approved,2078.12
PRJ002023,A0016786,Technology Refresh Wave,2027-08-07,,Infrastructure,Proposed,1291.99
PRJ002024,A0007302,Technology Refresh Wave,2028-08-04,,Infrastructure,In Progress,1000.35
PRJ002025,A0021565,Technology Refresh Wave,2028-07-12,,Cloud,Proposed,5137.98
PRJ002026,A0009682,Technology Refresh Wave,2028-11-26,,Security,Approved,1463.71
PRJ002027,A0009713,Technology Refresh Wave,2026-05-31,,Cloud,Proposed,1262.77
PRJ002028,A0002790,Technology Refresh Wave,2026-04-16,,End User Computing,Deferred,1379.46
PRJ002029,A0010597,Technology Refresh Wave,2028-09-01,,Network,Deferred,1157.35
PRJ002030,A0013219,Technology Refresh Wave,2026-12-29,,Infrastructure,In Progress,1485.9
PRJ002031,A0004746,Technology Refresh Wave,2027-12-21,,Network,Deferred,1051.45
PRJ002032,A0012658,Technology Refresh Wave,2028-02-22,,Infrastructure,Approved,1084.37
PRJ002033,A0015081,Technology Refresh Wave,2026-12-10,,End User Computing,Deferred,997.53
PRJ002034,A0023119,Technology Refresh Wave,2026-07-23,,Security,Approved,798.21
PRJ002035,A0001036,Technology Refresh Wave,2028-06-16,,Security,Proposed,1308.84
PRJ002036,A0021480,Technology Refresh Wave,2026-01-03,,Security,Proposed,12254.35
PRJ002037,A0011468,Technology Refresh Wave,2027-07-23,,Security,Deferred,1531.72
PRJ002038,A0004557,Technology Refresh Wave,2026-05-14,,Cloud,Completed,980.02
PRJ002039,A0008133,Technology Refresh Wave,2026-10-30,,End User Computing,Deferred,1847.07
PRJ002040,A0007340,Technology Refresh Wave,2026-09-04,,Security,Proposed,1365.22
PRJ002041,A0007684,Technology Refresh Wave,2028-09-14,,Infrastructure,Deferred,1238.55
PRJ002042,A0007649,Technology Refresh Wave,2027-08-04,,Cloud,Deferred,2529.49
PRJ002043,A0002728,Technology Refresh Wave,2026-11-17,,End User Computing,Deferred,2249.68
PRJ002044,A0023448,Technology Refresh Wave,2027-03-12,,Security,Proposed,621.61
PRJ002045,A0020502,Technology Refresh Wave,2028-05-26,,Infrastructure,Approved,18602.6
PRJ002046,A0012315,Technology Refresh Wave,2028-12-24,,End User Computing,Approved,1438.89
PRJ002047,A0014579,Technology Refresh Wave,2026-10-03,,Network,Deferred,1038.19
PRJ002048,A0006416,Technology Refresh Wave,2028-09-10,,Network,In Progress,1288.9
PRJ002049,A0006120,Technology Refresh Wave,2027-12-15,,Cloud,Proposed,1157.77
PRJ002050,A0017876,Technology Refresh Wave,2027-02-08,,Network,Proposed,1175.69
PRJ002051,A0003674,Technology Refresh Wave,2026-11-14,,End User Computing,Proposed,1154.64
PRJ002052,A0018016,Technology Refresh Wave,2027-06-24,,Security,Approved,1361.74
PRJ002053,A0022429,Technology Refresh Wave,2028-08-29,,Infrastructure,Approved,22470.08
PRJ002054,A0014499,Technology Refresh Wave,2028-03-22,,End User Computing,Deferred,822.14
PRJ002055,A0012187,Technology Refresh Wave,2028-07-26,,Security,Completed,1001.37
PRJ002056,A0007610,Technology Refresh Wave,2028-10-21,,Infrastructure,Approved,1556.53
PRJ002057,A0017051,Technology Refresh Wave,2027-09-19,,Network,In Progress,1287.28
PRJ002058,A0001085,Technology Refresh Wave,2026-03-15,,Infrastructure,Completed,1048.43
PRJ002059,A0016517,Technology Refresh Wave,2027-09-16,,Network,Proposed,669.68
PRJ002060,A0009569,Technology Refresh Wave,2026-01-25,,Infrastructure,Deferred,1399.03
PRJ002061,A0009627,Technology Refresh Wave,2027-08-27,,Security,Approved,1170.17
PRJ002062,A0022382,Technology Refresh Wave,2026-05-20,,Cloud,Proposed,12009.45
PRJ002063,A0016321,Technology Refresh Wave,2028-08-05,,Network,Proposed,773.32
PRJ002064,A0011403,Technology Refresh Wave,2028-06-28,,Infrastructure,Approved,1803.74
PRJ002065,A0008478,Technology Refresh Wave,2026-03-21,,Network,Approved,1255.6
PRJ002066,A0023340,Technology Refresh Wave,2026-08-07,,Security,Proposed,787.8
PRJ002067,A0003287,Technology Refresh Wave,2027-10-25,,Infrastructure,Deferred,1327.77
PRJ002068,A0014779,Technology Refresh Wave,2028-04-01,,Network,Deferred,913.1
PRJ002069,A0020495,Technology Refresh Wave,2027-12-05,,End User Computing,Proposed,13770.47
PRJ002070,A0007568,Technology Refresh Wave,2027-07-23,,Cloud,Deferred,1059.65
PRJ002071,A0021142,Technology Refresh Wave,2027-04-08,,Security,Approved,14387.34
PRJ002072,A0003069,Technology Refresh Wave,2028-08-16,,Network,Proposed,2591.03
PRJ002073,A0017993,Technology Refresh Wave,2027-05-11,,Cloud,Completed,591.45
PRJ002074,A0006758,Technology Refresh Wave,2027-07-19,,Network,In Progress,1152.49
PRJ002075,A0003051,Technology Refresh Wave,2028-07-20,,Security,Proposed,1872.68
PRJ002076,A0003201,Technology Refresh Wave,2028-12-01,,Network,In Progress,1204.64
PRJ002077,A0022460,Technology Refresh Wave,2027-08-24,,End User Computing,Approved,20385.98
PRJ002078,A0011128,Technology Refresh Wave,2028-06-24,,End User Computing,Proposed,1912.08
PRJ002079,A0021372,Technology Refresh Wave,2027-05-05,,Security,In Progress,14958.3
PRJ002080,A0009170,Technology Refresh Wave,2027-07-14,,Cloud,Proposed,1094.27
PRJ002081,A0003234,Technology Refresh Wave,2026-04-08,,Infrastructure,Approved,1245.94
PRJ002082,A0017180,Technology Refresh Wave,2027-04-07,,Cloud,Completed,664.09
PRJ002083,A0021472,Technology Refresh Wave,2026-06-05,,Cloud,Proposed,15332.15
PRJ002084,A0001454,Technology Refresh Wave,2027-09-14,,End User Computing,Deferred,1283.62
PRJ002085,A0023439,Technology Refresh Wave,2028-08-21,,End User Computing,Proposed,1034.19
PRJ002086,A0017076,Technology Refresh Wave,2028-10-01,,Infrastructure,In Progress,943.77
PRJ002087,A0006408,Technology Refresh Wave,2027-05-10,,End User Computing,Completed,1229.34
PRJ002088,A0018110,Technology Refresh Wave,2027-04-07,,End User Computing,In Progress,811.29
PRJ002089,A0023165,Technology Refresh Wave,2026-11-05,,Network,In Progress,973.39
PRJ002090,A0013370,Technology Refresh Wave,2027-02-09,,Cloud,Proposed,1057.71
PRJ002091,A0000669,Technology Refresh Wave,2026-05-13,,End User Computing,In Progress,895.83
PRJ002092,A0021135,Technology Refresh Wave,2027-07-20,,Network,In Progress,14396.93
PRJ002093,A0010019,Technology Refresh Wave,2027-06-22,,Security,Proposed,1419.9
PRJ002094,A0009484,Technology Refresh Wave,2026-12-21,,Network,Approved,2521.75
PRJ002095,A0019113,Technology Refresh Wave,2026-07-29,,End User Computing,Proposed,318.92
PRJ002096,A0006804,Technology Refresh Wave,2028-08-05,,Cloud,Proposed,1683.2
PRJ002097,A0012296,Technology Refresh Wave,2026-02-19,,Network,Approved,1585.82
PRJ002098,A0003861,Technology Refresh Wave,2028-06-21,,Cloud,In Progress,924.19
PRJ002099,A0007662,Technology Refresh Wave,2028-12-12,,Security,Deferred,1040.6
PRJ002100,A0002623,Technology Refresh Wave,2028-08-13,,Network,Approved,1628.14
PRJ002101,A0009988,Technology Refresh Wave,2028-06-09,,Network,Proposed,1394.34
PRJ002102,A0009235,Technology Refresh Wave,2027-03-21,,Cloud,Approved,1234.82
PRJ002103,A0011538,Technology Refresh Wave,2026-11-03,,Infrastructure,In Progress,1506.13
PRJ002104,A0011634,Technology Refresh Wave,2026-05-29,,Infrastructure,Deferred,1512.0
PRJ002105,A0019973,Technology Refresh Wave,2026-11-27,,Security,In Progress,406.4
PRJ002106,A0007049,Technology Refresh Wave,2027-02-01,,Security,Approved,1481.07
PRJ002107,A0009017,Technology Refresh Wave,2027-03-02,,End User Computing,Proposed,1476.91
PRJ002108,A0019210,Technology Refresh Wave,2026-06-22,,Network,In Progress,357.68
PRJ002109,A0015964,Technology Refresh Wave,2028-09-07,,Infrastructure,Proposed,719.09
PRJ002110,A0016090,Technology Refresh Wave,2028-02-25,,Security,Approved,1122.63
PRJ002111,A0012410,Technology Refresh Wave,2028-02-03,,End User Computing,Proposed,1436.23
PRJ002112,A0003329,Technology Refresh Wave,2027-02-01,,Infrastructure,Approved,1477.16
PRJ002113,A0016636,Technology Refresh Wave,2027-09-17,,Infrastructure,In Progress,897.69
PRJ002114,A0001107,Technology Refresh Wave,2028-05-20,,Security,Approved,1584.14
PRJ002115,A0015202,Technology Refresh Wave,2027-10-25,,Network,Proposed,1201.96
PRJ002116,A0011260,Technology Refresh Wave,2026-09-30,,Cloud,Proposed,1316.54
PRJ002117,A0016841,Technology Refresh Wave,2028-12-17,,Security,Completed,898.68
PRJ002118,A0009721,Technology Refresh Wave,2027-12-25,,Security,Proposed,1467.65
PRJ002119,A0009247,Technology Refresh Wave,2026-11-02,,Security,Approved,863.7
PRJ002120,A0023724,Technology Refresh Wave,2027-02-25,,Security,Deferred,91311.68
PRJ002121,A0018735,Technology Refresh Wave,2026-04-05,,Infrastructure,In Progress,345.94
PRJ002122,A0020432,Technology Refresh Wave,2027-05-15,,Security,Proposed,13614.95
PRJ002123,A0017317,Technology Refresh Wave,2027-05-31,,Network,Completed,889.2
PRJ002124,A0023625,Technology Refresh Wave,2027-03-09,,Network,Approved,773.21
PRJ002125,A0002639,Technology Refresh Wave,2027-08-09,,Network,Proposed,1480.26
PRJ002126,A0013178,Technology Refresh Wave,2028-12-28,,Network,In Progress,1222.11
PRJ002127,A0018732,Technology Refresh Wave,2028-01-23,,End User Computing,Proposed,356.28
PRJ002128,A0006533,Technology Refresh Wave,2028-09-07,,Infrastructure,Proposed,1036.39
PRJ002129,A0004345,Technology Refresh Wave,2028-08-03,,Network,Deferred,1509.98
PRJ002130,A0005585,Technology Refresh Wave,2028-04-22,,Network,In Progress,1134.67
PRJ002131,A0009887,Technology Refresh Wave,2028-10-13,,Infrastructure,In Progress,1069.66
PRJ002132,A0012204,Technology Refresh Wave,2027-01-17,,Network,In Progress,1011.42
PRJ002133,A0023567,Technology Refresh Wave,2027-05-09,,Security,In Progress,721.26
PRJ002134,A0013997,Technology Refresh Wave,2028-02-02,,Network,Deferred,1100.32
PRJ002135,A0015110,Technology Refresh Wave,2027-06-20,,End User Computing,Completed,985.72
PRJ002136,A0016326,Technology Refresh Wave,2027-02-15,,Security,Proposed,1014.93
PRJ002137,A0015495,Technology Refresh Wave,2026-03-30,,Cloud,Approved,744.57
PRJ002138,A0016306,Technology Refresh Wave,2026-02-13,,Cloud,Approved,1185.91
PRJ002139,A0014613,Technology Refresh Wave,2028-08-24,,Network,In Progress,1075.09
PRJ002140,A0003257,Technology Refresh Wave,2027-05-24,,Network,In Progress,1124.2
PRJ002141,A0021123,Technology Refresh Wave,2027-03-23,,Cloud,Approved,13333.02
PRJ002142,A0021120,Technology Refresh Wave,2027-02-16,,Infrastructure,In Progress,11812.71
PRJ002143,A0004049,Technology Refresh Wave,2027-02-26,,End User Computing,Deferred,1075.57
PRJ002144,A0010612,Technology Refresh Wave,2027-02-22,,Cloud,Approved,1351.47
PRJ002145,A0012891,Technology Refresh Wave,2027-08-21,,Cloud,In Progress,992.2
PRJ002146,A0004904,Technology Refresh Wave,2028-01-11,,Cloud,In Progress,1195.65
PRJ002147,A0005129,Technology Refresh Wave,2027-02-18,,Network,Approved,1229.11
PRJ002148,A0012846,Technology Refresh Wave,2026-12-25,,Security,Proposed,1578.83
PRJ002149,A0003770,Technology Refresh Wave,2026-04-29,,End User Computing,Proposed,2909.0
PRJ002150,A0010935,Technology Refresh Wave,2028-01-04,,End User Computing,Proposed,1365.26
PRJ002151,A0002347,Technology Refresh Wave,2028-03-18,,Infrastructure,In Progress,1298.5
PRJ002152,A0002253,Technology Refresh Wave,2028-03-22,,Security,Completed,817.77
PRJ002153,A0008183,Technology Refresh Wave,2027-09-22,,Security,Deferred,1225.67
PRJ002154,A0018279,Technology Refresh Wave,2026-09-30,,Network,In Progress,1105.76
PRJ002155,A0005307,Technology Refresh Wave,2026-05-19,,Security,In Progress,1501.93
PRJ002156,A0010916,Technology Refresh Wave,2026-07-25,,Security,Approved,879.5
PRJ002157,A0009611,Technology Refresh Wave,2027-07-18,,End User Computing,Proposed,1815.45
PRJ002158,A0012526,Technology Refresh Wave,2026-10-19,,Network,Deferred,2355.95
PRJ002159,A0022276,Technology Refresh Wave,2028-08-17,,Cloud,Approved,4854.25
PRJ002160,A0005847,Technology Refresh Wave,2027-12-14,,Security,In Progress,895.51
PRJ002161,A0021633,Technology Refresh Wave,2027-10-25,,Cloud,In Progress,5676.15
PRJ002162,A0006886,Technology Refresh Wave,2027-11-15,,Cloud,Proposed,1186.83
PRJ002163,A0003367,Technology Refresh Wave,2026-09-24,,Infrastructure,In Progress,1637.29
PRJ002164,A0019317,Technology Refresh Wave,2026-02-08,,End User Computing,Approved,414.3
PRJ002165,A0005524,Technology Refresh Wave,2027-12-22,,Network,Approved,1284.59
PRJ002166,A0016096,Technology Refresh Wave,2026-12-18,,End User Computing,Deferred,973.5
PRJ002167,A0010267,Technology Refresh Wave,2028-01-10,,Cloud,Approved,1653.63
PRJ002168,A0018921,Technology Refresh Wave,2028-05-05,,End User Computing,Approved,306.25
PRJ002169,A0018102,Technology Refresh Wave,2026-03-22,,Security,In Progress,1124.7
PRJ002170,A0010370,Technology Refresh Wave,2027-05-22,,Infrastructure,In Progress,1271.38
PRJ002171,A0022768,Technology Refresh Wave,2028-07-09,,Infrastructure,Deferred,9311.06
PRJ002172,A0015617,Technology Refresh Wave,2027-07-01,,Security,Proposed,917.65
PRJ002173,A0018130,Technology Refresh Wave,2026-10-29,,Cloud,Approved,952.16
PRJ002174,A0007459,Technology Refresh Wave,2027-12-30,,Network,In Progress,2511.19
PRJ002175,A0023470,Technology Refresh Wave,2026-05-16,,Network,Proposed,551.54
PRJ002176,A0002394,Technology Refresh Wave,2027-10-23,,Cloud,In Progress,2224.39
PRJ002177,A0012302,Technology Refresh Wave,2026-03-07,,End User Computing,Proposed,1294.6
PRJ002178,A0019045,Technology Refresh Wave,2026-10-31,,End User Computing,Proposed,457.22
PRJ002179,A0007793,Technology Refresh Wave,2027-01-02,,Cloud,Approved,939.0
PRJ002180,A0018191,Technology Refresh Wave,2026-08-01,,Cloud,Proposed,721.19
PRJ002181,A0006548,Technology Refresh Wave,2028-08-19,,Infrastructure,Approved,1183.87
PRJ002182,A0004253,Technology Refresh Wave,2028-01-02,,Security,Completed,1183.46
PRJ002183,A0002636,Technology Refresh Wave,2026-10-08,,Cloud,Completed,1069.27
PRJ002184,A0009214,Technology Refresh Wave,2028-11-26,,End User Computing,Proposed,1199.68
PRJ002185,A0014962,Technology Refresh Wave,2028-10-19,,Network,Approved,1080.52
PRJ002186,A0013045,Technology Refresh Wave,2026-05-24,,Cloud,Proposed,1224.05
PRJ002187,A0018145,Technology Refresh Wave,2028-03-23,,End User Computing,In Progress,893.32
PRJ002188,A0002813,Technology Refresh Wave,2028-12-30,,End User Computing,Deferred,1283.45
PRJ002189,A0018551,Technology Refresh Wave,2027-11-28,,Cloud,In Progress,459.27
PRJ002190,A0003779,Technology Refresh Wave,2027-07-20,,End User Computing,Deferred,2803.0
PRJ002191,A0009621,Technology Refresh Wave,2027-05-17,,End User Computing,In Progress,1272.38
PRJ002192,A0012693,Technology Refresh Wave,2028-12-18,,Network,Deferred,1385.23
PRJ002193,A0010036,Technology Refresh Wave,2028-12-02,,Cloud,Proposed,1262.76
PRJ002194,A0014188,Technology Refresh Wave,2028-10-05,,End User Computing,Proposed,762.2
PRJ002195,A0006351,Technology Refresh Wave,2026-09-11,,Security,In Progress,1460.83
PRJ002196,A0019346,Technology Refresh Wave,2027-02-28,,Cloud,Proposed,355.36
PRJ002197,A0020074,Technology Refresh Wave,2028-06-06,,Infrastructure,Approved,21804.95
PRJ002198,A0007110,Technology Refresh Wave,2028-03-28,,Cloud,In Progress,2484.34
PRJ002199,A0004166,Technology Refresh Wave,2027-08-23,,Cloud,Approved,1420.88
PRJ002200,A0022461,Technology Refresh Wave,2028-04-29,,End User Computing,Approved,13439.79
PRJ002201,A0015075,Technology Refresh Wave,2027-07-18,,End User Computing,In Progress,1195.72
PRJ002202,A0019928,Technology Refresh Wave,2027-03-22,,Cloud,Completed,342.27
PRJ002203,A0018043,Technology Refresh Wave,2027-05-15,,Cloud,Completed,1055.19
PRJ002204,A0019419,Technology Refresh Wave,2026-09-22,,Cloud,In Progress,342.2
PRJ002205,A0005546,Technology Refresh Wave,2026-08-25,,Infrastructure,Approved,1192.67
PRJ002206,A0000346,Technology Refresh Wave,2026-08-02,,Network,In Progress,1402.33
PRJ002207,A0008467,Technology Refresh Wave,2028-07-09,,Network,Approved,1802.18
PRJ002208,A0006965,Technology Refresh Wave,2026-09-23,,Security,Proposed,1789.2
PRJ002209,A0012999,Technology Refresh Wave,2027-05-18,,Network,Approved,1515.09
PRJ002210,A0021147,Technology Refresh Wave,2026-10-19,,Cloud,Proposed,16467.01
PRJ002211,A0010469,Technology Refresh Wave,2028-04-25,,End User Computing,Proposed,1305.57
PRJ002212,A0001035,Technology Refresh Wave,2026-06-08,,Network,Proposed,1106.34
PRJ002213,A0020673,Technology Refresh Wave,2026-04-10,,End User Computing,In Progress,13929.22
PRJ002214,A0000726,Technology Refresh Wave,2026-12-18,,Cloud,Deferred,1170.49
PRJ002215,A0022811,Technology Refresh Wave,2027-01-12,,Cloud,Approved,9663.91
PRJ002216,A0004140,Technology Refresh Wave,2027-05-29,,Infrastructure,Approved,1257.29
PRJ002217,A0013186,Technology Refresh Wave,2026-08-07,,Cloud,Proposed,1213.11
PRJ002218,A0017205,Technology Refresh Wave,2028-06-20,,Network,Deferred,1000.81
PRJ002219,A0021751,Technology Refresh Wave,2026-02-14,,Cloud,Completed,7409.37
PRJ002220,A0009195,Technology Refresh Wave,2028-06-26,,Infrastructure,In Progress,1364.78
PRJ002221,A0002009,Technology Refresh Wave,2027-07-05,,Security,Completed,2422.43
PRJ002222,A0012228,Technology Refresh Wave,2028-11-08,,Infrastructure,In Progress,1041.29
PRJ002223,A0015238,Technology Refresh Wave,2027-04-30,,Security,Approved,895.47
PRJ002224,A0021133,Technology Refresh Wave,2028-11-19,,Cloud,Proposed,18133.66
PRJ002225,A0012438,Technology Refresh Wave,2026-02-11,,End User Computing,In Progress,1056.9
PRJ002226,A0010063,Technology Refresh Wave,2028-07-17,,Infrastructure,Approved,1538.13
PRJ002227,A0008457,Technology Refresh Wave,2028-02-27,,Cloud,Completed,1564.89
PRJ002228,A0007050,Technology Refresh Wave,2028-08-17,,Cloud,Deferred,1617.15
PRJ002229,A0013824,Technology Refresh Wave,2027-03-15,,Network,Proposed,1635.14
PRJ002230,A0010429,Technology Refresh Wave,2028-03-29,,Network,Proposed,1132.46
PRJ002231,A0008901,Technology Refresh Wave,2026-04-22,,Cloud,Proposed,995.81
PRJ002232,A0023670,Technology Refresh Wave,2028-03-09,,Security,Completed,570.36
PRJ002233,A0001892,Technology Refresh Wave,2026-11-19,,Security,Completed,1058.89
PRJ002234,A0018121,Technology Refresh Wave,2027-03-18,,Security,Approved,1050.96
PRJ002235,A0023028,Technology Refresh Wave,2027-04-11,,End User Computing,Approved,37968.74
PRJ002236,A0006914,Technology Refresh Wave,2026-07-08,,End User Computing,Completed,1599.53
PRJ002237,A0018360,Technology Refresh Wave,2028-07-13,,Network,In Progress,1029.61
PRJ002238,A0014591,Technology Refresh Wave,2027-05-03,,End User Computing,Approved,1038.66
PRJ002239,A0004852,Technology Refresh Wave,2028-12-13,,End User Computing,Approved,1609.33
PRJ002240,A0015669,Technology Refresh Wave,2028-06-17,,Cloud,Completed,897.52
PRJ002241,A0015441,Technology Refresh Wave,2026-10-14,,Security,Approved,849.12
PRJ002242,A0020343,Technology Refresh Wave,2028-02-20,,End User Computing,Proposed,16990.84
PRJ002243,A0012969,Technology Refresh Wave,2026-01-31,,End User Computing,Approved,1372.46
PRJ002244,A0019898,Technology Refresh Wave,2027-04-12,,Network,Proposed,333.75
PRJ002245,A0022314,Technology Refresh Wave,2026-12-01,,End User Computing,Completed,4051.78
PRJ002246,A0008021,Technology Refresh Wave,2028-09-30,,End User Computing,Approved,1240.19
PRJ002247,A0008214,Technology Refresh Wave,2027-06-29,,Infrastructure,In Progress,2422.43
PRJ002248,A0014715,Technology Refresh Wave,2026-06-08,,End User Computing,Deferred,832.29
PRJ002249,A0004297,Technology Refresh Wave,2027-05-14,,Infrastructure,Completed,901.5
PRJ002250,A0007327,Technology Refresh Wave,2026-09-06,,Cloud,Completed,1859.39
PRJ002251,A0010120,Technology Refresh Wave,2027-09-26,,Network,Proposed,2174.09
PRJ002252,A0000617,Technology Refresh Wave,2026-12-16,,Cloud,Completed,1185.9
PRJ002253,A0004642,Technology Refresh Wave,2027-01-19,,Security,Proposed,1674.46
PRJ002254,A0001902,Technology Refresh Wave,2026-05-13,,Network,Completed,1470.07
PRJ002255,A0012236,Technology Refresh Wave,2026-01-05,,Infrastructure,In Progress,1649.69
PRJ002256,A0000409,Technology Refresh Wave,2026-07-30,,Cloud,Deferred,2670.11
PRJ002257,A0015839,Technology Refresh Wave,2026-10-01,,Network,Approved,855.59
PRJ002258,A0003954,Technology Refresh Wave,2027-09-29,,Infrastructure,Proposed,1932.26
PRJ002259,A0020267,Technology Refresh Wave,2028-11-10,,End User Computing,Approved,12950.05
PRJ002260,A0019412,Technology Refresh Wave,2028-04-14,,Infrastructure,Approved,283.1
PRJ002261,A0003579,Technology Refresh Wave,2028-08-03,,End User Computing,Deferred,1349.64
PRJ002262,A0022820,Technology Refresh Wave,2026-03-18,,Cloud,Deferred,14786.84
PRJ002263,A0000532,Technology Refresh Wave,2026-12-18,,Infrastructure,Deferred,1333.56
PRJ002264,A0022803,Technology Refresh Wave,2028-09-16,,End User Computing,Completed,8385.93
PRJ002265,A0021533,Technology Refresh Wave,2028-12-21,,End User Computing,Deferred,7010.82
PRJ002266,A0002603,Technology Refresh Wave,2028-10-11,,Cloud,In Progress,2039.47
PRJ002267,A0012037,Technology Refresh Wave,2027-11-28,,Cloud,Deferred,2136.78
PRJ002268,A0006536,Technology Refresh Wave,2026-01-19,,End User Computing,Approved,818.59
PRJ002269,A0003595,Technology Refresh Wave,2028-08-12,,Infrastructure,Proposed,1160.16
PRJ002270,A0003101,Technology Refresh Wave,2028-04-29,,Network,In Progress,1145.92
PRJ002271,A0009521,Technology Refresh Wave,2028-01-11,,Network,Deferred,905.66
PRJ002272,A0004640,Technology Refresh Wave,2026-07-27,,Security,Deferred,1203.65
PRJ002273,A0017461,Technology Refresh Wave,2028-10-25,,Infrastructure,Approved,940.02
PRJ002274,A0016042,Technology Refresh Wave,2026-02-16,,End User Computing,In Progress,915.46
PRJ002275,A0023051,Technology Refresh Wave,2026-03-16,,Network,Proposed,22346.38
PRJ002276,A0014837,Technology Refresh Wave,2028-11-26,,Cloud,In Progress,811.34
PRJ002277,A0001688,Technology Refresh Wave,2026-09-26,,Security,Proposed,2196.83
PRJ002278,A0021220,Technology Refresh Wave,2028-03-07,,Cloud,Deferred,20647.7
PRJ002279,A0000176,Technology Refresh Wave,2028-04-14,,Infrastructure,In Progress,1061.06
PRJ002280,A0013327,Technology Refresh Wave,2027-04-26,,Infrastructure,Approved,1049.51
PRJ002281,A0020030,Technology Refresh Wave,2027-03-30,,End User Computing,In Progress,9109.26
PRJ002282,A0023263,Technology Refresh Wave,2028-12-14,,Infrastructure,Proposed,888.65
PRJ002283,A0019796,Technology Refresh Wave,2027-02-28,,Infrastructure,Proposed,360.23
PRJ002284,A0003303,Technology Refresh Wave,2027-05-11,,Security,Deferred,1409.02
PRJ002285,A0003996,Technology Refresh Wave,2026-09-22,,End User Computing,Completed,1064.5
PRJ002286,A0014128,Technology Refresh Wave,2026-05-21,,End User Computing,Proposed,644.98
PRJ002287,A0018593,Technology Refresh Wave,2027-02-10,,End User Computing,Deferred,396.5
PRJ002288,A0016494,Technology Refresh Wave,2028-12-13,,Cloud,Deferred,843.37
PRJ002289,A0020513,Technology Refresh Wave,2028-01-30,,Security,Deferred,17104.55
PRJ002290,A0019367,Technology Refresh Wave,2027-11-03,,Security,Deferred,520.41
PRJ002291,A0001575,Technology Refresh Wave,2027-08-26,,Network,Proposed,892.56
PRJ002292,A0015447,Technology Refresh Wave,2026-11-13,,Cloud,In Progress,879.62
PRJ002293,A0022984,Technology Refresh Wave,2027-09-19,,End User Computing,In Progress,22328.37
PRJ002294,A0016109,Technology Refresh Wave,2027-03-23,,Security,Proposed,1048.8
PRJ002295,A0020692,Technology Refresh Wave,2028-06-04,,Infrastructure,Approved,14577.31
PRJ002296,A0014226,Technology Refresh Wave,2027-02-20,,Network,Completed,723.47
PRJ002297,A0004520,Technology Refresh Wave,2026-08-18,,Cloud,Proposed,1196.63
PRJ002298,A0012258,Technology Refresh Wave,2027-05-01,,Network,Approved,1165.75
PRJ002299,A0000266,Technology Refresh Wave,2027-12-09,,End User Computing,Deferred,1257.37
PRJ002300,A0008980,Technology Refresh Wave,2028-10-11,,Security,Deferred,965.83
PRJ002301,A0013462,Technology Refresh Wave,2027-10-03,,Infrastructure,Completed,1481.58
PRJ002302,A0016183,Technology Refresh Wave,2027-12-26,,Infrastructure,Approved,1183.16
PRJ002303,A0015585,Technology Refresh Wave,2028-01-08,,Security,Approved,875.87
PRJ002304,A0002906,Technology Refresh Wave,2027-04-16,,End User Computing,Deferred,1504.1
PRJ002305,A0020928,Technology Refresh Wave,2028-10-16,,Network,Proposed,13133.55
PRJ002306,A0009300,Technology Refresh Wave,2028-11-03,,End User Computing,In Progress,1249.16
PRJ002307,A0005349,Technology Refresh Wave,2027-02-24,,Infrastructure,Deferred,1034.9
PRJ002308,A0021057,Technology Refresh Wave,2026-09-22,,Network,In Progress,12800.8
PRJ002309,A0013505,Technology Refresh Wave,2028-10-03,,End User Computing,In Progress,1122.55
PRJ002310,A0016946,Technology Refresh Wave,2028-01-15,,Infrastructure,Proposed,692.46
PRJ002311,A0008715,Technology Refresh Wave,2027-09-08,,End User Computing,Proposed,1410.23
PRJ002312,A0014762,Technology Refresh Wave,2028-12-27,,End User Computing,Approved,1157.52
PRJ002313,A0009566,Technology Refresh Wave,2027-04-16,,End User Computing,Completed,1271.35
PRJ002314,A0005395,Technology Refresh Wave,2028-07-03,,Network,Deferred,2423.34
PRJ002315,A0016840,Technology Refresh Wave,2027-11-23,,Security,In Progress,839.15
PRJ002316,A0007294,Technology Refresh Wave,2026-01-23,,End User Computing,Approved,1418.22
PRJ002317,A0004986,Technology Refresh Wave,2027-12-04,,Security,Approved,2163.98
PRJ002318,A0002128,Technology Refresh Wave,2026-12-23,,Cloud,Proposed,1051.16
PRJ002319,A0021618,Technology Refresh Wave,2027-04-04,,Infrastructure,In Progress,4158.12
PRJ002320,A0007604,Technology Refresh Wave,2026-03-26,,Infrastructure,Completed,2086.64
PRJ002321,A0022163,Technology Refresh Wave,2026-10-11,,End User Computing,Proposed,4066.27
PRJ002322,A0006000,Technology Refresh Wave,2027-01-25,,End User Computing,Proposed,1071.85
PRJ002323,A0017050,Technology Refresh Wave,2026-04-10,,Security,Approved,1170.12
PRJ002324,A0002241,Technology Refresh Wave,2027-07-21,,Network,Deferred,2002.08
PRJ002325,A0015727,Technology Refresh Wave,2028-06-17,,End User Computing,Deferred,923.96
PRJ002326,A0004456,Technology Refresh Wave,2028-02-09,,Security,Proposed,1466.16
PRJ002327,A0011956,Technology Refresh Wave,2028-05-04,,Infrastructure,Approved,1183.11
PRJ002328,A0014172,Technology Refresh Wave,2026-07-09,,End User Computing,Approved,997.35
PRJ002329,A0010762,Technology Refresh Wave,2026-10-06,,Security,Deferred,1865.09
PRJ002330,A0019382,Technology Refresh Wave,2026-01-26,,Network,Deferred,436.17
PRJ002331,A0012234,Technology Refresh Wave,2026-10-18,,End User Computing,Deferred,1715.94
PRJ002332,A0001262,Technology Refresh Wave,2028-08-19,,Security,In Progress,1400.76
PRJ002333,A0013427,Technology Refresh Wave,2026-03-11,,Cloud,Completed,1762.35
PRJ002334,A0023126,Technology Refresh Wave,2028-04-28,,End User Computing,Deferred,674.56
PRJ002335,A0014993,Technology Refresh Wave,2026-10-16,,Network,Proposed,1143.29
PRJ002336,A0019698,Technology Refresh Wave,2026-02-09,,Security,Approved,477.99
PRJ002337,A0003363,Technology Refresh Wave,2028-12-19,,Cloud,Proposed,790.26
PRJ002338,A0015644,Technology Refresh Wave,2026-03-24,,Security,Approved,892.53
PRJ002339,A0018567,Technology Refresh Wave,2027-08-22,,End User Computing,Deferred,637.07
PRJ002340,A0005504,Technology Refresh Wave,2026-09-25,,Security,Proposed,1311.64
PRJ002341,A0010994,Technology Refresh Wave,2027-09-10,,Infrastructure,In Progress,1418.22
PRJ002342,A0004439,Technology Refresh Wave,2027-06-15,,Infrastructure,Approved,1134.88
PRJ002343,A0020882,Technology Refresh Wave,2027-08-04,,Cloud,In Progress,18208.53
PRJ002344,A0012623,Technology Refresh Wave,2026-11-24,,Network,Approved,1137.96
PRJ002345,A0023325,Technology Refresh Wave,2026-11-08,,Infrastructure,Deferred,925.1
PRJ002346,A0004291,Technology Refresh Wave,2026-06-21,,Security,Completed,1514.81
PRJ002347,A0011577,Technology Refresh Wave,2026-11-05,,End User Computing,Deferred,1594.17
PRJ002348,A0000425,Technology Refresh Wave,2027-07-31,,Cloud,In Progress,1254.66
PRJ002349,A0004505,Technology Refresh Wave,2026-01-04,,Cloud,In Progress,1537.62
PRJ002350,A0016190,Technology Refresh Wave,2026-11-28,,End User Computing,Approved,1087.33
PRJ002351,A0022903,Technology Refresh Wave,2026-12-20,,Cloud,In Progress,5754.66
PRJ002352,A0004171,Technology Refresh Wave,2027-11-09,,Cloud,Proposed,1132.26
PRJ002353,A0015186,Technology Refresh Wave,2027-04-10,,Cloud,Approved,867.64
PRJ002354,A0015726,Technology Refresh Wave,2026-08-11,,End User Computing,In Progress,1172.87
PRJ002355,A0012531,Technology Refresh Wave,2028-03-12,,Cloud,Deferred,1832.95
PRJ002356,A0023031,Technology Refresh Wave,2028-06-30,,Security,Completed,24855.16
PRJ002357,A0012831,Technology Refresh Wave,2027-08-29,,Infrastructure,In Progress,1255.22
PRJ002358,A0007654,Technology Refresh Wave,2028-06-26,,End User Computing,In Progress,1436.73
PRJ002359,A0000813,Technology Refresh Wave,2028-08-27,,Security,Proposed,1403.32
PRJ002360,A0003227,Technology Refresh Wave,2027-01-02,,Network,In Progress,1114.62
PRJ002361,A0014488,Technology Refresh Wave,2026-11-16,,Infrastructure,Approved,948.7
PRJ002362,A0012359,Technology Refresh Wave,2028-05-18,,Security,Completed,1611.2
PRJ002363,A0008375,Technology Refresh Wave,2026-02-01,,End User Computing,Proposed,937.4
PRJ002364,A0017624,Technology Refresh Wave,2026-09-21,,Cloud,Completed,1072.89
PRJ002365,A0022030,Technology Refresh Wave,2027-08-23,,Network,Completed,4955.69
PRJ002366,A0022967,Technology Refresh Wave,2027-11-06,,Infrastructure,In Progress,10228.48
PRJ002367,A0003590,Technology Refresh Wave,2027-03-07,,End User Computing,Completed,1291.81
PRJ002368,A0000946,Technology Refresh Wave,2026-06-25,,Network,In Progress,1557.06
PRJ002369,A0022293,Technology Refresh Wave,2027-07-23,,Security,In Progress,6374.42
PRJ002370,A0020107,Technology Refresh Wave,2026-11-12,,Network,Proposed,14159.08
PRJ002371,A0023090,Technology Refresh Wave,2027-12-13,,Security,Proposed,674.08
PRJ002372,A0003319,Technology Refresh Wave,2026-05-17,,Infrastructure,Deferred,2184.79
PRJ002373,A0021230,Technology Refresh Wave,2028-11-22,,Network,Deferred,13236.53
PRJ002374,A0009797,Technology Refresh Wave,2027-10-21,,End User Computing,Deferred,1358.78
PRJ002375,A0015658,Technology Refresh Wave,2028-10-14,,End User Computing,Approved,842.36
PRJ002376,A0017967,Technology Refresh Wave,2028-11-22,,End User Computing,Approved,990.98
PRJ002377,A0019094,Technology Refresh Wave,2028-04-01,,End User Computing,Deferred,451.67
PRJ002378,A0011725,Technology Refresh Wave,2028-12-16,,Network,Approved,1652.68
PRJ002379,A0006347,Technology Refresh Wave,2028-12-25,,Cloud,Deferred,1240.42
PRJ002380,A0021097,Technology Refresh Wave,2026-03-04,,End User Computing,Deferred,13188.81
PRJ002381,A0004689,Technology Refresh Wave,2026-11-19,,End User Computing,Approved,1285.7
PRJ002382,A0020048,Technology Refresh Wave,2026-07-22,,End User Computing,Approved,12000.48
PRJ002383,A0009947,Technology Refresh Wave,2026-12-22,,End User Computing,Deferred,1927.41
PRJ002384,A0014875,Technology Refresh Wave,2028-10-19,,Network,Approved,1101.71
PRJ002385,A0001848,Technology Refresh Wave,2026-05-06,,Network,Approved,1476.41
PRJ002386,A0022092,Technology Refresh Wave,2027-03-27,,Infrastructure,In Progress,4409.07
PRJ002387,A0006782,Technology Refresh Wave,2026-02-27,,Network,Proposed,2007.48
PRJ002388,A0002189,Technology Refresh Wave,2027-07-27,,End User Computing,Completed,1096.14
PRJ002389,A0018030,Technology Refresh Wave,2027-10-19,,Network,In Progress,807.15
PRJ002390,A0013955,Technology Refresh Wave,2026-07-05,,End User Computing,Deferred,1164.69
PRJ002391,A0022569,Technology Refresh Wave,2026-10-16,,End User Computing,In Progress,17764.49
PRJ002392,A0009821,Technology Refresh Wave,2026-06-27,,Cloud,Proposed,1284.44
PRJ002393,A0020026,Technology Refresh Wave,2028-07-27,,Cloud,Approved,11373.39
PRJ002394,A0003593,Technology Refresh Wave,2027-07-24,,Network,Deferred,1128.8
PRJ002395,A0007781,Technology Refresh Wave,2028-09-21,,Cloud,Completed,1289.58
PRJ002396,A0004529,Technology Refresh Wave,2028-01-07,,Network,Proposed,933.02
PRJ002397,A0016594,Technology Refresh Wave,2028-08-01,,Network,Deferred,875.88
PRJ002398,A0018326,Technology Refresh Wave,2027-07-13,,Cloud,Deferred,755.3
PRJ002399,A0014760,Technology Refresh Wave,2028-12-10,,Security,Proposed,873.65
PRJ002400,A0017124,Technology Refresh Wave,2026-05-12,,Cloud,Approved,818.47
PRJ002401,A0012850,Technology Refresh Wave,2027-05-12,,Security,Approved,1433.42
PRJ002402,A0004060,Technology Refresh Wave,2028-08-08,,Cloud,Deferred,1289.76
PRJ002403,A0018594,Technology Refresh Wave,2026-08-10,,Security,In Progress,396.36
PRJ002404,A0013121,Technology Refresh Wave,2027-01-21,,Network,Proposed,1361.52
PRJ002405,A0021288,Technology Refresh Wave,2026-12-18,,Infrastructure,In Progress,19707.31
PRJ002406,A0009057,Technology Refresh Wave,2028-11-14,,Infrastructure,In Progress,989.97
PRJ002407,A0008820,Technology Refresh Wave,2026-01-09,,End User Computing,Proposed,1092.62
PRJ002408,A0018096,Technology Refresh Wave,2027-10-10,,Cloud,Deferred,926.61
PRJ002409,A0007222,Technology Refresh Wave,2026-02-21,,Network,Deferred,1282.98
PRJ002410,A0021965,Technology Refresh Wave,2026-05-21,,Cloud,Approved,3647.74
PRJ002411,A0019986,Technology Refresh Wave,2026-02-19,,Cloud,Approved,350.15
PRJ002412,A0001444,Technology Refresh Wave,2026-01-19,,Cloud,In Progress,1187.47
PRJ002413,A0003449,Technology Refresh Wave,2026-11-02,,Network,Approved,1219.91
PRJ002414,A0003185,Technology Refresh Wave,2026-09-13,,Cloud,Deferred,984.08
PRJ002415,A0014948,Technology Refresh Wave,2027-05-07,,End User Computing,Proposed,1028.88
PRJ002416,A0017674,Technology Refresh Wave,2028-05-10,,Cloud,Approved,874.15
PRJ002417,A0016239,Technology Refresh Wave,2028-03-11,,Network,In Progress,1030.07
PRJ002418,A0005184,Technology Refresh Wave,2026-07-03,,End User Computing,Approved,1763.47
PRJ002419,A0011307,Technology Refresh Wave,2028-03-04,,Cloud,Proposed,1052.58
PRJ002420,A0004521,Technology Refresh Wave,2028-12-02,,Network,Proposed,1107.17
PRJ002421,A0003262,Technology Refresh Wave,2027-11-11,,End User Computing,Completed,1496.78
PRJ002422,A0007668,Technology Refresh Wave,2026-08-11,,Infrastructure,In Progress,1250.72
PRJ002423,A0000777,Technology Refresh Wave,2028-10-27,,Security,Proposed,1097.25
PRJ002424,A0019485,Technology Refresh Wave,2028-03-27,,End User Computing,Completed,360.6
PRJ002425,A0003112,Technology Refresh Wave,2028-05-13,,End User Computing,Completed,2461.12
PRJ002426,A0008115,Technology Refresh Wave,2027-07-13,,Network,In Progress,1328.91
PRJ002427,A0006931,Technology Refresh Wave,2027-10-14,,End User Computing,Completed,1084.03
PRJ002428,A0009023,Technology Refresh Wave,2026-03-10,,Network,Proposed,1421.47
PRJ002429,A0005964,Technology Refresh Wave,2027-04-14,,End User Computing,Completed,2485.36
PRJ002430,A0018673,Technology Refresh Wave,2028-12-01,,Cloud,Deferred,404.53
PRJ002431,A0016181,Technology Refresh Wave,2027-04-19,,Cloud,Proposed,1020.78
PRJ002432,A0013883,Technology Refresh Wave,2028-11-23,,End User Computing,In Progress,1315.3
PRJ002433,A0013985,Technology Refresh Wave,2026-05-20,,End User Computing,Completed,1032.4
PRJ002434,A0009368,Technology Refresh Wave,2027-05-10,,Network,Completed,1239.84
PRJ002435,A0002715,Technology Refresh Wave,2026-05-31,,Security,Proposed,1332.81
PRJ002436,A0019584,Technology Refresh Wave,2026-08-17,,Cloud,Approved,529.52
PRJ002437,A0005216,Technology Refresh Wave,2027-09-03,,Cloud,Completed,1293.03
PRJ002438,A0003382,Technology Refresh Wave,2027-06-03,,Cloud,In Progress,1121.86
PRJ002439,A0019476,Technology Refresh Wave,2028-02-27,,End User Computing,Proposed,395.0
PRJ002440,A0021735,Technology Refresh Wave,2027-10-26,,Security,Approved,7311.56
PRJ002441,A0001198,Technology Refresh Wave,2026-07-07,,Infrastructure,Proposed,1402.82
PRJ002442,A0012108,Technology Refresh Wave,2028-10-22,,End User Computing,In Progress,1098.32
PRJ002443,A0012194,Technology Refresh Wave,2026-10-27,,End User Computing,Approved,1489.4
PRJ002444,A0011823,Technology Refresh Wave,2026-01-16,,Network,Deferred,1562.7
PRJ002445,A0019635,Technology Refresh Wave,2026-12-04,,End User Computing,Deferred,611.95
PRJ002446,A0020300,Technology Refresh Wave,2028-03-05,,Cloud,Approved,11741.93
PRJ002447,A0018077,Technology Refresh Wave,2027-03-20,,Security,Approved,1165.87
PRJ002448,A0010433,Technology Refresh Wave,2028-06-20,,Cloud,Approved,1584.48
PRJ002449,A0006665,Technology Refresh Wave,2026-04-15,,Cloud,Proposed,1048.28
PRJ002450,A0000555,Technology Refresh Wave,2026-09-17,,Network,Approved,1213.05
PRJ002451,A0021885,Technology Refresh Wave,2027-01-17,,Infrastructure,Approved,5202.33
PRJ002452,A0017467,Technology Refresh Wave,2027-04-03,,Infrastructure,Approved,783.37
PRJ002453,A0022513,Technology Refresh Wave,2026-07-23,,Security,Completed,20031.75
PRJ002454,A0017985,Technology Refresh Wave,2028-01-04,,Infrastructure,In Progress,828.57
PRJ002455,A0015649,Technology Refresh Wave,2026-11-03,,Cloud,Completed,865.47
PRJ002456,A0017118,Technology Refresh Wave,2028-01-30,,Network,Completed,1055.48
PRJ002457,A0001207,Technology Refresh Wave,2026-07-16,,Network,Proposed,2321.14
PRJ002458,A0019849,Technology Refresh Wave,2026-11-12,,End User Computing,In Progress,449.08
PRJ002459,A0006389,Technology Refresh Wave,2027-03-29,,Security,Completed,1318.16
PRJ002460,A0011888,Technology Refresh Wave,2028-12-24,,Network,In Progress,1423.02
PRJ002461,A0004450,Technology Refresh Wave,2028-10-08,,Cloud,Approved,964.3
PRJ002462,A0018621,Technology Refresh Wave,2028-03-30,,Infrastructure,Proposed,500.91
PRJ002463,A0004274,Technology Refresh Wave,2028-08-02,,End User Computing,Completed,1335.94
PRJ002464,A0015282,Technology Refresh Wave,2027-07-29,,Security,Proposed,783.46
PRJ002465,A0020929,Technology Refresh Wave,2026-04-21,,End User Computing,Deferred,13823.5
PRJ002466,A0015571,Technology Refresh Wave,2027-10-31,,Security,Deferred,1082.42
PRJ002467,A0010288,Technology Refresh Wave,2026-05-03,,Infrastructure,Proposed,1343.71
PRJ002468,A0018895,Technology Refresh Wave,2028-01-11,,End User Computing,Deferred,416.45
PRJ002469,A0016947,Technology Refresh Wave,2027-11-25,,Security,Proposed,1063.26
PRJ002470,A0006419,Technology Refresh Wave,2028-08-10,,End User Computing,Deferred,1218.64
PRJ002471,A0003799,Technology Refresh Wave,2026-03-17,,Network,Deferred,1221.89
PRJ002472,A0010024,Technology Refresh Wave,2027-08-06,,Network,Deferred,1331.73
PRJ002473,A0023642,Technology Refresh Wave,2026-10-06,,Security,In Progress,1157.77
PRJ002474,A0001739,Technology Refresh Wave,2027-01-16,,Security,Deferred,1142.67
PRJ002475,A0006109,Technology Refresh Wave,2026-09-03,,Security,Proposed,1157.41
PRJ002476,A0023735,Technology Refresh Wave,2026-10-30,,Network,Completed,94392.61
PRJ002477,A0000047,Technology Refresh Wave,2026-04-22,,End User Computing,Proposed,1558.94
PRJ002478,A0013905,Technology Refresh Wave,2026-02-14,,Infrastructure,Deferred,1229.87
PRJ002479,A0006900,Technology Refresh Wave,2026-11-21,,Security,Proposed,1602.23
PRJ002480,A0019105,Technology Refresh Wave,2026-09-18,,Cloud,Proposed,422.9
PRJ002481,A0008199,Technology Refresh Wave,2027-01-21,,Cloud,Proposed,1363.5
PRJ002482,A0006062,Technology Refresh Wave,2026-08-06,,End User Computing,Proposed,1091.88
PRJ002483,A0009301,Technology Refresh Wave,2026-12-18,,End User Computing,Approved,1179.17
PRJ002484,A0020985,Technology Refresh Wave,2027-05-22,,Network,Proposed,12075.04
PRJ002485,A0004220,Technology Refresh Wave,2026-07-11,,Network,Deferred,1137.76
PRJ002486,A0005099,Technology Refresh Wave,2028-04-10,,Cloud,Approved,1909.75
PRJ002487,A0016332,Technology Refresh Wave,2027-10-09,,Network,Deferred,1050.35
PRJ002488,A0021322,Technology Refresh Wave,2026-08-23,,Security,In Progress,12766.48
PRJ002489,A0003434,Technology Refresh Wave,2026-09-13,,End User Computing,Approved,1251.94
PRJ002490,A0000745,Technology Refresh Wave,2027-05-26,,Cloud,Proposed,1593.54
PRJ002491,A0017387,Technology Refresh Wave,2028-06-21,,Infrastructure,Completed,1146.38
PRJ002492,A0002618,Technology Refresh Wave,2028-05-12,,Network,Proposed,1470.68
PRJ002493,A0013703,Technology Refresh Wave,2028-10-11,,Network,Approved,1467.2
PRJ002494,A0021717,Technology Refresh Wave,2028-03-11,,Security,Approved,7036.98
PRJ002495,A0013271,Technology Refresh Wave,2026-02-15,,Cloud,Approved,1469.01
PRJ002496,A0003395,Technology Refresh Wave,2028-05-05,,Infrastructure,Proposed,1427.2
PRJ002497,A0002214,Technology Refresh Wave,2028-03-04,,Network,Approved,1198.33
PRJ002498,A0020467,Technology Refresh Wave,2026-12-15,,End User Computing,Approved,8954.55
PRJ002499,A0008207,Technology Refresh Wave,2027-03-22,,Cloud,In Progress,1357.38
PRJ002500,A0008269,Technology Refresh Wave,2026-03-15,,Security,In Progress,1163.43
PRJ002501,A0012760,Technology Refresh Wave,2026-11-17,,Infrastructure,Approved,1213.85
PRJ002502,A0022449,Technology Refresh Wave,2028-11-05,,Security,Approved,11015.3
PRJ002503,A0001291,Technology Refresh Wave,2027-12-27,,Security,Proposed,999.09
PRJ002504,A0006518,Technology Refresh Wave,2028-02-07,,Infrastructure,In Progress,1409.07
PRJ002505,A0001585,Technology Refresh Wave,2028-05-07,,Network,In Progress,1455.6
PRJ002506,A0022928,Technology Refresh Wave,2027-04-03,,End User Computing,Proposed,21257.77
PRJ002507,A0005854,Technology Refresh Wave,2026-05-05,,Infrastructure,Approved,1399.45
PRJ002508,A0014594,Technology Refresh Wave,2026-10-17,,Infrastructure,Proposed,1136.92
PRJ002509,A0012895,Technology Refresh Wave,2028-09-22,,Cloud,Deferred,1014.97
PRJ002510,A0016869,Technology Refresh Wave,2026-12-04,,Security,Approved,833.69
PRJ002511,A0021614,Technology Refresh Wave,2026-08-25,,End User Computing,In Progress,3238.27
PRJ002512,A0003586,Technology Refresh Wave,2026-02-11,,Security,Completed,1083.04
PRJ002513,A0018883,Technology Refresh Wave,2026-11-06,,Infrastructure,Approved,423.83
PRJ002514,A0013001,Technology Refresh Wave,2026-11-24,,Infrastructure,Approved,2129.11
PRJ002515,A0005054,Technology Refresh Wave,2028-04-02,,Network,In Progress,2037.92
PRJ002516,A0018241,Technology Refresh Wave,2027-06-29,,Cloud,Deferred,1279.91
PRJ002517,A0012940,Technology Refresh Wave,2028-12-20,,Infrastructure,Approved,1058.86
PRJ002518,A0004292,Technology Refresh Wave,2028-02-19,,Infrastructure,Completed,1345.04
PRJ002519,A0004187,Technology Refresh Wave,2026-01-07,,End User Computing,In Progress,1684.3
PRJ002520,A0015140,Technology Refresh Wave,2026-05-13,,End User Computing,Proposed,1166.6
PRJ002521,A0007569,Technology Refresh Wave,2028-02-28,,Network,Approved,1047.3
PRJ002522,A0014883,Technology Refresh Wave,2027-06-01,,End User Computing,In Progress,661.85
PRJ002523,A0013814,Technology Refresh Wave,2026-08-24,,Security,Completed,934.58
PRJ002524,A0021067,Technology Refresh Wave,2026-03-26,,End User Computing,In Progress,19122.25
PRJ002525,A0014009,Technology Refresh Wave,2028-05-06,,Infrastructure,Approved,1051.92
PRJ002526,A0019181,Technology Refresh Wave,2026-12-30,,Security,Approved,425.77
PRJ002527,A0002239,Technology Refresh Wave,2027-08-20,,Infrastructure,Proposed,2236.93
PRJ002528,A0022859,Technology Refresh Wave,2027-02-26,,Cloud,Approved,23298.79
PRJ002529,A0015143,Technology Refresh Wave,2026-12-02,,End User Computing,In Progress,683.13
PRJ002530,A0017610,Technology Refresh Wave,2028-03-25,,Infrastructure,Approved,1154.17
PRJ002531,A0018885,Technology Refresh Wave,2026-09-14,,Cloud,Proposed,431.56
PRJ002532,A0001449,Technology Refresh Wave,2027-10-05,,End User Computing,Deferred,1126.22
PRJ002533,A0023761,Technology Refresh Wave,2027-01-16,,End User Computing,Proposed,83503.06
PRJ002534,A0010827,Technology Refresh Wave,2027-11-22,,Network,Approved,1157.33
PRJ002535,A0020953,Technology Refresh Wave,2028-03-09,,Security,In Progress,11609.92
PRJ002536,A0019189,Technology Refresh Wave,2026-11-23,,Infrastructure,Approved,596.06
PRJ002537,A0023321,Technology Refresh Wave,2028-02-07,,Network,Deferred,623.73
PRJ002538,A0005534,Technology Refresh Wave,2026-12-05,,Cloud,Completed,1010.89
PRJ002539,A0007161,Technology Refresh Wave,2028-07-02,,Security,In Progress,2243.61
PRJ002540,A0006391,Technology Refresh Wave,2028-06-24,,Infrastructure,Deferred,1122.42
PRJ002541,A0000881,Technology Refresh Wave,2026-02-27,,Network,Approved,1166.82
PRJ002542,A0005447,Technology Refresh Wave,2027-03-02,,Cloud,Approved,1141.19
PRJ002543,A0003707,Technology Refresh Wave,2027-04-26,,Network,Proposed,1163.22
PRJ002544,A0022177,Technology Refresh Wave,2028-12-15,,Security,Deferred,3804.92
PRJ002545,A0010803,Technology Refresh Wave,2028-01-28,,Infrastructure,Approved,979.33
PRJ002546,A0019164,Technology Refresh Wave,2028-01-05,,Infrastructure,In Progress,361.86
PRJ002547,A0018322,Technology Refresh Wave,2028-02-19,,End User Computing,In Progress,746.78
PRJ002548,A0008658,Technology Refresh Wave,2027-10-10,,Infrastructure,Deferred,1251.68
PRJ002549,A0001808,Technology Refresh Wave,2026-07-29,,Cloud,Approved,1000.73
PRJ002550,A0002513,Technology Refresh Wave,2026-04-26,,End User Computing,In Progress,1435.95
PRJ002551,A0009599,Technology Refresh Wave,2027-07-06,,Network,Deferred,1135.02
PRJ002552,A0005219,Technology Refresh Wave,2028-12-25,,Network,Deferred,1390.95
PRJ002553,A0010972,Technology Refresh Wave,2028-02-28,,Network,Completed,1197.93
PRJ002554,A0020424,Technology Refresh Wave,2027-06-07,,Infrastructure,Completed,12116.75
PRJ002555,A0004004,Technology Refresh Wave,2028-08-30,,Security,Proposed,1653.61
PRJ002556,A0007935,Technology Refresh Wave,2028-07-11,,End User Computing,In Progress,1555.85
PRJ002557,A0021360,Technology Refresh Wave,2027-07-07,,Cloud,In Progress,18150.33
PRJ002558,A0005457,Technology Refresh Wave,2028-09-30,,End User Computing,Approved,1226.15
PRJ002559,A0012977,Technology Refresh Wave,2028-03-24,,Network,Approved,1068.33
PRJ002560,A0003534,Technology Refresh Wave,2026-11-07,,End User Computing,Deferred,892.26
PRJ002561,A0020595,Technology Refresh Wave,2026-06-05,,End User Computing,Completed,14089.49
PRJ002562,A0004775,Technology Refresh Wave,2028-03-12,,End User Computing,In Progress,1253.98
PRJ002563,A0009377,Technology Refresh Wave,2026-06-09,,Cloud,In Progress,1388.57
PRJ002564,A0012801,Technology Refresh Wave,2026-10-01,,Cloud,Approved,799.59
PRJ002565,A0000345,Technology Refresh Wave,2027-05-09,,Cloud,In Progress,1548.86
PRJ002566,A0013602,Technology Refresh Wave,2028-08-02,,End User Computing,In Progress,1415.19
PRJ002567,A0009906,Technology Refresh Wave,2028-05-16,,Infrastructure,Approved,1016.42
PRJ002568,A0004304,Technology Refresh Wave,2027-06-21,,Infrastructure,Approved,1086.3
PRJ002569,A0006203,Technology Refresh Wave,2028-04-22,,Security,Completed,1246.52
PRJ002570,A0004950,Technology Refresh Wave,2027-07-03,,Cloud,In Progress,1502.12
PRJ002571,A0023147,Technology Refresh Wave,2027-05-29,,Cloud,Proposed,978.83
PRJ002572,A0003353,Technology Refresh Wave,2027-02-22,,End User Computing,Proposed,1021.58
PRJ002573,A0017366,Technology Refresh Wave,2027-02-24,,Cloud,Completed,960.64
PRJ002574,A0001720,Technology Refresh Wave,2027-02-12,,Cloud,Completed,1221.38
PRJ002575,A0020735,Technology Refresh Wave,2027-10-15,,Cloud,Completed,14728.45
PRJ002576,A0007468,Technology Refresh Wave,2028-08-03,,Network,Completed,1147.58
PRJ002577,A0011817,Technology Refresh Wave,2027-04-06,,Network,Deferred,1939.93
PRJ002578,A0010621,Technology Refresh Wave,2028-04-17,,End User Computing,Deferred,1436.87
PRJ002579,A0019370,Technology Refresh Wave,2026-10-04,,End User Computing,Completed,426.17
PRJ002580,A0001979,Technology Refresh Wave,2028-07-09,,End User Computing,Completed,1263.45
PRJ002581,A0001705,Technology Refresh Wave,2026-08-23,,Network,Deferred,1502.39
PRJ002582,A0001663,Technology Refresh Wave,2028-04-27,,Network,Proposed,1536.17
PRJ002583,A0013697,Technology Refresh Wave,2027-01-15,,Security,Deferred,1089.22
PRJ002584,A0012537,Technology Refresh Wave,2026-12-05,,Infrastructure,In Progress,1375.34
PRJ002585,A0007504,Technology Refresh Wave,2028-09-06,,Cloud,Proposed,1883.8
PRJ002586,A0009940,Technology Refresh Wave,2027-02-18,,Cloud,Proposed,1283.32
PRJ002587,A0014385,Technology Refresh Wave,2028-09-19,,Cloud,In Progress,910.07
PRJ002588,A0008451,Technology Refresh Wave,2028-03-27,,Network,In Progress,1286.03
PRJ002589,A0017085,Technology Refresh Wave,2027-10-12,,Cloud,Proposed,1240.02
PRJ002590,A0009508,Technology Refresh Wave,2026-08-26,,End User Computing,Completed,1202.97
PRJ002591,A0014407,Technology Refresh Wave,2028-12-14,,Network,Deferred,1044.29
PRJ002592,A0014894,Technology Refresh Wave,2028-03-12,,Security,In Progress,784.39
PRJ002593,A0008376,Technology Refresh Wave,2026-01-05,,Network,Completed,1191.41
PRJ002594,A0015015,Technology Refresh Wave,2028-10-11,,End User Computing,Deferred,1321.76
PRJ002595,A0009398,Technology Refresh Wave,2028-03-05,,Cloud,Proposed,1257.57
PRJ002596,A0008590,Technology Refresh Wave,2026-07-20,,End User Computing,Proposed,1006.31
PRJ002597,A0006505,Technology Refresh Wave,2028-12-22,,Security,Proposed,1182.11
PRJ002598,A0021253,Technology Refresh Wave,2028-09-15,,End User Computing,Approved,13606.71
PRJ002599,A0004032,Technology Refresh Wave,2028-02-21,,Infrastructure,Completed,1306.23
PRJ002600,A0001329,Technology Refresh Wave,2028-10-19,,Infrastructure,Deferred,933.34
PRJ002601,A0013853,Technology Refresh Wave,2028-10-29,,Infrastructure,Proposed,1210.44
PRJ002602,A0012249,Technology Refresh Wave,2027-09-22,,Cloud,Approved,879.47
PRJ002603,A0014818,Technology Refresh Wave,2028-12-18,,Infrastructure,In Progress,1170.46
PRJ002604,A0015698,Technology Refresh Wave,2026-09-26,,Cloud,Deferred,1054.62
PRJ002605,A0010141,Technology Refresh Wave,2026-08-12,,Network,Proposed,1494.36
PRJ002606,A0008770,Technology Refresh Wave,2028-12-03,,End User Computing,Deferred,1672.61
PRJ002607,A0008970,Technology Refresh Wave,2027-05-25,,Cloud,In Progress,1509.61
PRJ002608,A0022019,Technology Refresh Wave,2026-10-15,,Network,Approved,4803.0
PRJ002609,A0011551,Technology Refresh Wave,2027-04-29,,Network,Proposed,1426.91
PRJ002610,A0003644,Technology Refresh Wave,2028-08-20,,Security,Proposed,990.65
PRJ002611,A0015825,Technology Refresh Wave,2026-07-31,,Security,Completed,1020.83
PRJ002612,A0013368,Technology Refresh Wave,2027-08-22,,Cloud,Proposed,933.41
PRJ002613,A0004844,Technology Refresh Wave,2026-12-23,,Security,In Progress,914.45
PRJ002614,A0015684,Technology Refresh Wave,2026-09-08,,Infrastructure,Approved,855.25
PRJ002615,A0016875,Technology Refresh Wave,2027-01-14,,Infrastructure,Completed,1287.75
PRJ002616,A0005865,Technology Refresh Wave,2028-07-17,,Infrastructure,Approved,1220.98
PRJ002617,A0009431,Technology Refresh Wave,2026-12-25,,Network,Proposed,816.04
PRJ002618,A0023435,Technology Refresh Wave,2027-09-24,,End User Computing,Approved,851.75
PRJ002619,A0017740,Technology Refresh Wave,2026-07-13,,Cloud,Proposed,667.03
PRJ002620,A0009454,Technology Refresh Wave,2026-09-20,,End User Computing,Deferred,1321.49
PRJ002621,A0019211,Technology Refresh Wave,2028-01-30,,Network,Approved,506.22
PRJ002622,A0017809,Technology Refresh Wave,2026-01-14,,Security,Proposed,870.15
PRJ002623,A0023322,Technology Refresh Wave,2026-01-21,,Infrastructure,Proposed,792.43
PRJ002624,A0010615,Technology Refresh Wave,2028-12-03,,Infrastructure,Completed,1533.99
PRJ002625,A0008874,Technology Refresh Wave,2026-11-05,,Cloud,In Progress,1050.75
PRJ002626,A0021930,Technology Refresh Wave,2026-02-22,,Infrastructure,Deferred,3666.63
PRJ002627,A0018641,Technology Refresh Wave,2026-04-17,,Security,Proposed,380.27
PRJ002628,A0002075,Technology Refresh Wave,2027-08-24,,Cloud,Deferred,2652.26
PRJ002629,A0019322,Technology Refresh Wave,2028-11-29,,Infrastructure,Deferred,297.53
PRJ002630,A0012901,Technology Refresh Wave,2027-02-14,,Cloud,In Progress,2303.44
PRJ002631,A0013356,Technology Refresh Wave,2027-05-26,,Security,In Progress,1390.84
PRJ002632,A0021626,Technology Refresh Wave,2027-03-07,,Network,Completed,4736.81
PRJ002633,A0015853,Technology Refresh Wave,2028-10-15,,End User Computing,Proposed,897.57
PRJ002634,A0008307,Technology Refresh Wave,2028-08-05,,End User Computing,In Progress,1338.06
PRJ002635,A0002222,Technology Refresh Wave,2028-10-18,,Network,Proposed,1163.9
PRJ002636,A0000258,Technology Refresh Wave,2026-11-22,,Cloud,Completed,1518.78
PRJ002637,A0011863,Technology Refresh Wave,2028-06-01,,Network,In Progress,1020.72
PRJ002638,A0002203,Technology Refresh Wave,2027-06-12,,Infrastructure,In Progress,958.17
PRJ002639,A0016265,Technology Refresh Wave,2026-02-10,,Security,In Progress,722.4
PRJ002640,A0018617,Technology Refresh Wave,2026-06-25,,Network,Proposed,469.18
PRJ002641,A0009459,Technology Refresh Wave,2026-04-10,,End User Computing,In Progress,1179.97
PRJ002642,A0003640,Technology Refresh Wave,2026-09-14,,Infrastructure,Completed,1422.67
PRJ002643,A0007114,Technology Refresh Wave,2027-08-19,,Security,Approved,1193.51
PRJ002644,A0021263,Technology Refresh Wave,2026-10-20,,Security,Approved,10915.55
PRJ002645,A0004116,Technology Refresh Wave,2027-03-07,,Security,Completed,919.62
PRJ002646,A0016436,Technology Refresh Wave,2027-02-27,,Infrastructure,Approved,674.12
PRJ002647,A0019776,Technology Refresh Wave,2028-09-21,,Infrastructure,In Progress,339.97
PRJ002648,A0013422,Technology Refresh Wave,2026-10-19,,End User Computing,In Progress,2492.43
PRJ002649,A0016794,Technology Refresh Wave,2027-03-18,,Network,In Progress,912.81
PRJ002650,A0020559,Technology Refresh Wave,2026-08-25,,Network,In Progress,17254.7
PRJ002651,A0018727,Technology Refresh Wave,2028-08-07,,Infrastructure,Proposed,365.4
PRJ002652,A0002684,Technology Refresh Wave,2027-08-04,,Security,In Progress,1225.16
PRJ002653,A0018270,Technology Refresh Wave,2027-03-07,,End User Computing,In Progress,1010.44
PRJ002654,A0021215,Technology Refresh Wave,2026-06-18,,End User Computing,Proposed,17204.38
PRJ002655,A0000485,Technology Refresh Wave,2027-02-17,,Infrastructure,Completed,1183.98
PRJ002656,A0023314,Technology Refresh Wave,2026-04-25,,Infrastructure,Proposed,826.37
PRJ002657,A0010496,Technology Refresh Wave,2028-08-25,,Network,Approved,1338.7
PRJ002658,A0000844,Technology Refresh Wave,2027-06-01,,Cloud,Approved,1670.43
PRJ002659,A0016075,Technology Refresh Wave,2028-03-13,,Cloud,Completed,787.7
PRJ002660,A0023505,Technology Refresh Wave,2028-03-14,,Network,In Progress,707.75
PRJ002661,A0009603,Technology Refresh Wave,2028-07-04,,Infrastructure,Completed,1278.66
PRJ002662,A0007205,Technology Refresh Wave,2026-02-16,,End User Computing,In Progress,1663.23
PRJ002663,A0013403,Technology Refresh Wave,2028-06-29,,Network,Approved,1387.58
PRJ002664,A0002886,Technology Refresh Wave,2028-05-08,,Infrastructure,Completed,1784.57
PRJ002665,A0011488,Technology Refresh Wave,2026-05-22,,Security,Proposed,1387.65
PRJ002666,A0023207,Technology Refresh Wave,2026-03-27,,End User Computing,Deferred,937.64
PRJ002667,A0023549,Technology Refresh Wave,2027-11-03,,Cloud,Approved,560.1
PRJ002668,A0014650,Technology Refresh Wave,2026-09-02,,Network,In Progress,1029.88
PRJ002669,A0001924,Technology Refresh Wave,2027-12-01,,Infrastructure,Completed,1091.6
PRJ002670,A0008257,Technology Refresh Wave,2028-06-07,,Security,Approved,1166.66
PRJ002671,A0022255,Technology Refresh Wave,2027-12-30,,End User Computing,Approved,4076.12
PRJ002672,A0007552,Technology Refresh Wave,2027-02-20,,Security,Approved,1411.09
PRJ002673,A0014031,Technology Refresh Wave,2027-12-31,,Security,In Progress,928.37
PRJ002674,A0011938,Technology Refresh Wave,2026-07-06,,Network,Proposed,1743.56
PRJ002675,A0019162,Technology Refresh Wave,2027-09-08,,End User Computing,In Progress,591.82
PRJ002676,A0013899,Technology Refresh Wave,2026-10-14,,Infrastructure,Proposed,1249.67
PRJ002677,A0001490,Technology Refresh Wave,2026-11-23,,End User Computing,In Progress,1367.22
PRJ002678,A0000739,Technology Refresh Wave,2027-01-14,,Security,In Progress,962.72
PRJ002679,A0008552,Technology Refresh Wave,2027-04-27,,Security,Approved,1259.4
PRJ002680,A0021202,Technology Refresh Wave,2026-01-31,,Cloud,Proposed,14277.44
PRJ002681,A0007564,Technology Refresh Wave,2027-07-14,,Network,Approved,1212.43
PRJ002682,A0005166,Technology Refresh Wave,2028-11-03,,Infrastructure,Approved,1556.13
PRJ002683,A0010164,Technology Refresh Wave,2026-02-09,,End User Computing,Approved,1262.07
PRJ002684,A0016182,Technology Refresh Wave,2027-11-22,,End User Computing,Completed,1020.37
PRJ002685,A0011795,Technology Refresh Wave,2026-05-18,,Network,Approved,1182.92
PRJ002686,A0017190,Technology Refresh Wave,2027-10-18,,Security,Completed,934.25
PRJ002687,A0019091,Technology Refresh Wave,2028-07-31,,Cloud,Proposed,348.63
PRJ002688,A0003885,Technology Refresh Wave,2027-02-19,,Cloud,Proposed,1494.45
PRJ002689,A0013806,Technology Refresh Wave,2027-12-13,,End User Computing,Proposed,1009.63
PRJ002690,A0018866,Technology Refresh Wave,2028-11-08,,Network,Completed,336.55
PRJ002691,A0002885,Technology Refresh Wave,2028-01-05,,Network,Proposed,1188.57
PRJ002692,A0003735,Technology Refresh Wave,2028-09-05,,Network,Proposed,1195.16
PRJ002693,A0000335,Technology Refresh Wave,2028-01-11,,Security,In Progress,1165.29
PRJ002694,A0003173,Technology Refresh Wave,2027-06-14,,Infrastructure,Proposed,984.75
PRJ002695,A0013021,Technology Refresh Wave,2027-10-02,,Infrastructure,In Progress,1725.67
PRJ002696,A0005666,Technology Refresh Wave,2027-12-31,,Network,Completed,1092.19
PRJ002697,A0020289,Technology Refresh Wave,2027-02-24,,Cloud,Deferred,22138.0
PRJ002698,A0013478,Technology Refresh Wave,2028-05-19,,Security,In Progress,1015.16
PRJ002699,A0008256,Technology Refresh Wave,2026-05-29,,Security,Proposed,942.62
PRJ002700,A0014708,Technology Refresh Wave,2026-01-08,,Cloud,Deferred,888.75
PRJ002701,A0003975,Technology Refresh Wave,2027-08-24,,Network,Deferred,1415.65
PRJ002702,A0012755,Technology Refresh Wave,2026-06-04,,Infrastructure,Approved,1288.72
PRJ002703,A0001062,Technology Refresh Wave,2028-08-29,,Security,Deferred,1475.41
PRJ002704,A0012533,Technology Refresh Wave,2027-01-15,,Cloud,Completed,1025.03
PRJ002705,A0005202,Technology Refresh Wave,2026-03-05,,End User Computing,In Progress,1874.94
PRJ002706,A0018829,Technology Refresh Wave,2027-07-24,,Security,Deferred,326.9
PRJ002707,A0014884,Technology Refresh Wave,2028-12-17,,Security,Proposed,1261.63
PRJ002708,A0015443,Technology Refresh Wave,2026-08-17,,End User Computing,Deferred,1251.0
PRJ002709,A0020637,Technology Refresh Wave,2027-10-24,,Network,Completed,18553.67
PRJ002710,A0023212,Technology Refresh Wave,2027-08-18,,Security,In Progress,718.11
PRJ002711,A0022964,Technology Refresh Wave,2028-03-11,,End User Computing,In Progress,58411.1
PRJ002712,A0012399,Technology Refresh Wave,2026-06-25,,Security,Completed,1889.88
PRJ002713,A0010000,Technology Refresh Wave,2026-08-01,,Cloud,Proposed,2077.9
PRJ002714,A0010546,Technology Refresh Wave,2028-01-15,,Network,Proposed,1667.64
PRJ002715,A0018867,Technology Refresh Wave,2027-10-11,,Infrastructure,Deferred,285.04
PRJ002716,A0001699,Technology Refresh Wave,2028-06-25,,Security,Completed,1602.59
PRJ002717,A0007232,Technology Refresh Wave,2027-11-01,,Network,Proposed,1170.26
PRJ002718,A0004158,Technology Refresh Wave,2028-08-31,,Security,Proposed,1411.69
PRJ002719,A0008201,Technology Refresh Wave,2026-08-29,,Security,Proposed,1622.92
PRJ002720,A0009384,Technology Refresh Wave,2027-01-19,,Security,Proposed,957.3
PRJ002721,A0020727,Technology Refresh Wave,2027-12-24,,Infrastructure,Approved,19184.7
PRJ002722,A0002054,Technology Refresh Wave,2026-04-12,,Cloud,Approved,1590.91
PRJ002723,A0008795,Technology Refresh Wave,2026-03-13,,Security,In Progress,1228.06
PRJ002724,A0010306,Technology Refresh Wave,2026-11-13,,End User Computing,Deferred,1450.85
PRJ002725,A0003269,Technology Refresh Wave,2026-11-09,,End User Computing,Completed,1303.85
PRJ002726,A0010281,Technology Refresh Wave,2027-09-22,,Cloud,Deferred,1572.1
PRJ002727,A0017434,Technology Refresh Wave,2026-08-26,,Infrastructure,Proposed,1211.98
PRJ002728,A0002546,Technology Refresh Wave,2026-02-18,,Security,Completed,1516.84
PRJ002729,A0009332,Technology Refresh Wave,2026-04-23,,End User Computing,Deferred,2852.18
PRJ002730,A0011258,Technology Refresh Wave,2027-10-09,,Infrastructure,Deferred,1694.31
PRJ002731,A0003703,Technology Refresh Wave,2026-07-22,,Security,In Progress,1396.52
PRJ002732,A0010677,Technology Refresh Wave,2028-12-01,,Network,Proposed,1461.32
PRJ002733,A0000134,Technology Refresh Wave,2027-12-13,,Cloud,Proposed,1300.45
PRJ002734,A0022297,Technology Refresh Wave,2026-02-21,,Security,Proposed,3360.42
PRJ002735,A0008961,Technology Refresh Wave,2028-12-20,,Cloud,In Progress,2504.58
PRJ002736,A0010991,Technology Refresh Wave,2028-01-02,,Network,Deferred,1174.39
PRJ002737,A0006425,Technology Refresh Wave,2026-04-08,,End User Computing,Approved,1337.95
PRJ002738,A0012751,Technology Refresh Wave,2026-06-16,,Network,Approved,1009.64
PRJ002739,A0012153,Technology Refresh Wave,2028-10-09,,Cloud,Proposed,1334.22
PRJ002740,A0013044,Technology Refresh Wave,2027-08-29,,Security,Proposed,1080.88
PRJ002741,A0005836,Technology Refresh Wave,2027-09-25,,Cloud,Completed,1142.35
PRJ002742,A0001944,Technology Refresh Wave,2026-08-05,,Cloud,Approved,1439.15
PRJ002743,A0017776,Technology Refresh Wave,2026-12-15,,Network,In Progress,866.58
PRJ002744,A0020880,Technology Refresh Wave,2028-08-31,,Network,In Progress,11458.23
PRJ002745,A0007657,Technology Refresh Wave,2028-05-30,,Infrastructure,Approved,937.19
PRJ002746,A0022695,Technology Refresh Wave,2027-11-05,,End User Computing,Deferred,24704.99
PRJ002747,A0021888,Technology Refresh Wave,2028-07-10,,End User Computing,Deferred,4118.01
PRJ002748,A0000625,Technology Refresh Wave,2026-01-17,,Network,In Progress,992.45
PRJ002749,A0015251,Technology Refresh Wave,2026-10-14,,End User Computing,Approved,776.9
PRJ002750,A0009649,Technology Refresh Wave,2027-11-06,,Network,In Progress,1430.17
PRJ002751,A0011854,Technology Refresh Wave,2026-04-24,,Network,Deferred,2080.67
PRJ002752,A0023163,Technology Refresh Wave,2026-04-03,,End User Computing,Approved,638.92
PRJ002753,A0007291,Technology Refresh Wave,2028-02-13,,Network,Approved,1261.17
PRJ002754,A0011521,Technology Refresh Wave,2027-12-19,,Infrastructure,In Progress,1067.06
PRJ002755,A0015732,Technology Refresh Wave,2028-07-20,,Infrastructure,Approved,765.56
PRJ002756,A0019640,Technology Refresh Wave,2028-09-05,,Network,In Progress,433.12
PRJ002757,A0002013,Technology Refresh Wave,2028-11-23,,Infrastructure,Completed,1681.21
PRJ002758,A0018629,Technology Refresh Wave,2027-08-12,,End User Computing,Approved,368.65
PRJ002759,A0019772,Technology Refresh Wave,2028-09-27,,End User Computing,In Progress,371.81
PRJ002760,A0015297,Technology Refresh Wave,2027-07-01,,Infrastructure,In Progress,1051.52
PRJ002761,A0010444,Technology Refresh Wave,2028-07-25,,Security,In Progress,1162.29
PRJ002762,A0013736,Technology Refresh Wave,2028-05-21,,End User Computing,In Progress,1684.87
PRJ002763,A0002448,Technology Refresh Wave,2028-02-07,,Cloud,Proposed,1323.22
PRJ002764,A0013070,Technology Refresh Wave,2026-05-17,,Cloud,Proposed,1271.96
PRJ002765,A0004565,Technology Refresh Wave,2028-05-09,,End User Computing,Deferred,1378.97
PRJ002766,A0001499,Technology Refresh Wave,2028-06-27,,End User Computing,Proposed,1162.22
PRJ002767,A0014338,Technology Refresh Wave,2027-01-13,,Infrastructure,In Progress,937.45
PRJ002768,A0014522,Technology Refresh Wave,2027-04-03,,End User Computing,Approved,1032.66
PRJ002769,A0015714,Technology Refresh Wave,2026-04-17,,Infrastructure,Proposed,734.33
PRJ002770,A0002734,Technology Refresh Wave,2028-05-09,,Security,Deferred,1487.73
PRJ002771,A0018195,Technology Refresh Wave,2028-11-30,,Network,Approved,965.78
PRJ002772,A0015927,Technology Refresh Wave,2026-10-18,,Security,Proposed,678.68
PRJ002773,A0001599,Technology Refresh Wave,2028-12-03,,End User Computing,Approved,1515.6
PRJ002774,A0023240,Technology Refresh Wave,2027-12-14,,Infrastructure,In Progress,936.85
PRJ002775,A0015182,Technology Refresh Wave,2027-06-12,,Infrastructure,Approved,974.1
PRJ002776,A0008884,Technology Refresh Wave,2026-07-05,,End User Computing,Approved,1752.74
PRJ002777,A0006483,Technology Refresh Wave,2028-10-05,,Cloud,Approved,1178.9
PRJ002778,A0002486,Technology Refresh Wave,2026-06-11,,Cloud,Approved,1459.61
PRJ002779,A0012557,Technology Refresh Wave,2028-09-07,,Cloud,Approved,2698.9
PRJ002780,A0003278,Technology Refresh Wave,2026-07-18,,Infrastructure,Deferred,1437.88
PRJ002781,A0018052,Technology Refresh Wave,2027-08-29,,Security,Deferred,994.79
PRJ002782,A0011483,Technology Refresh Wave,2028-12-08,,Security,Deferred,881.1
PRJ002783,A0005019,Technology Refresh Wave,2028-09-09,,End User Computing,Approved,1050.27
PRJ002784,A0022041,Technology Refresh Wave,2027-09-13,,End User Computing,Deferred,4860.83
PRJ002785,A0009964,Technology Refresh Wave,2026-10-02,,End User Computing,Completed,1416.65
PRJ002786,A0011748,Technology Refresh Wave,2028-01-20,,Cloud,Deferred,1021.31
PRJ002787,A0010925,Technology Refresh Wave,2026-10-06,,End User Computing,Approved,1121.94
PRJ002788,A0015428,Technology Refresh Wave,2027-02-11,,Infrastructure,In Progress,1040.18
PRJ002789,A0011887,Technology Refresh Wave,2026-07-04,,Security,Approved,2331.6
PRJ002790,A0008863,Technology Refresh Wave,2027-10-05,,End User Computing,Completed,1515.17
PRJ002791,A0009103,Technology Refresh Wave,2026-07-25,,End User Computing,Deferred,2379.86
PRJ002792,A0009808,Technology Refresh Wave,2027-12-14,,Infrastructure,Approved,1304.68
PRJ002793,A0012510,Technology Refresh Wave,2028-02-01,,Network,Deferred,1225.78
PRJ002794,A0015828,Technology Refresh Wave,2026-04-27,,Cloud,Approved,825.98
PRJ002795,A0002276,Technology Refresh Wave,2027-01-03,,Security,Approved,1211.02
PRJ002796,A0020051,Technology Refresh Wave,2026-12-11,,Infrastructure,Proposed,15807.29
PRJ002797,A0009004,Technology Refresh Wave,2026-01-10,,Infrastructure,Proposed,1434.98
PRJ002798,A0006012,Technology Refresh Wave,2026-11-20,,Cloud,In Progress,1285.45
PRJ002799,A0002246,Technology Refresh Wave,2026-10-07,,Network,In Progress,1474.58
PRJ002800,A0018821,Technology Refresh Wave,2026-07-12,,Infrastructure,Completed,446.74
PRJ002801,A0004885,Technology Refresh Wave,2028-12-18,,Cloud,Approved,1055.18
PRJ002802,A0004705,Technology Refresh Wave,2027-04-27,,End User Computing,Completed,1297.86
PRJ002803,A0016905,Technology Refresh Wave,2027-04-21,,Security,Proposed,1102.7
PRJ002804,A0012740,Technology Refresh Wave,2028-04-24,,Security,Approved,1135.54
PRJ002805,A0013050,Technology Refresh Wave,2026-11-13,,Infrastructure,Approved,1600.04
PRJ002806,A0023112,Technology Refresh Wave,2028-09-28,,Infrastructure,Approved,935.67
PRJ002807,A0006456,Technology Refresh Wave,2027-03-28,,Security,Proposed,2729.6
PRJ002808,A0000275,Technology Refresh Wave,2027-02-17,,Network,Approved,1416.08
PRJ002809,A0016207,Technology Refresh Wave,2026-11-22,,Infrastructure,In Progress,1059.29
PRJ002810,A0008909,Technology Refresh Wave,2026-05-06,,Infrastructure,Approved,1066.18
PRJ002811,A0022507,Technology Refresh Wave,2026-05-24,,Cloud,Proposed,11350.79
PRJ002812,A0014683,Technology Refresh Wave,2026-12-09,,End User Computing,In Progress,1069.84
PRJ002813,A0014516,Technology Refresh Wave,2027-10-06,,Security,Proposed,876.79
PRJ002814,A0020547,Technology Refresh Wave,2027-03-15,,End User Computing,Deferred,15912.2
PRJ002815,A0001669,Technology Refresh Wave,2026-03-18,,Cloud,Approved,1145.96
PRJ002816,A0011424,Technology Refresh Wave,2026-01-31,,End User Computing,Approved,1962.4
PRJ002817,A0004195,Technology Refresh Wave,2028-04-04,,End User Computing,Proposed,1181.37
PRJ002818,A0016259,Technology Refresh Wave,2028-08-08,,Cloud,Proposed,991.63
PRJ002819,A0009646,Technology Refresh Wave,2026-12-29,,Network,Deferred,998.73
PRJ002820,A0010360,Technology Refresh Wave,2028-07-29,,Cloud,Completed,2657.3
PRJ002821,A0012161,Technology Refresh Wave,2027-06-10,,Infrastructure,In Progress,1288.4
PRJ002822,A0011292,Technology Refresh Wave,2028-05-18,,Security,Deferred,1415.92
PRJ002823,A0013397,Technology Refresh Wave,2026-01-24,,Security,Approved,1318.37
PRJ002824,A0001339,Technology Refresh Wave,2026-08-28,,Cloud,Deferred,1097.28
PRJ002825,A0000354,Technology Refresh Wave,2028-03-11,,Cloud,In Progress,1213.74
PRJ002826,A0011503,Technology Refresh Wave,2028-12-19,,End User Computing,Proposed,1276.46
PRJ002827,A0019056,Technology Refresh Wave,2026-08-23,,Network,Deferred,456.52
PRJ002828,A0016226,Technology Refresh Wave,2027-03-05,,Security,In Progress,815.88
PRJ002829,A0020443,Technology Refresh Wave,2026-07-03,,Cloud,Proposed,9939.95
PRJ002830,A0005195,Technology Refresh Wave,2027-02-15,,Cloud,Deferred,1369.14
PRJ002831,A0015992,Technology Refresh Wave,2027-02-07,,Security,Approved,1167.21
PRJ002832,A0003255,Technology Refresh Wave,2027-05-13,,Security,In Progress,1867.79
PRJ002833,A0021115,Technology Refresh Wave,2027-10-29,,Infrastructure,Proposed,10034.32
PRJ002834,A0011926,Technology Refresh Wave,2027-05-02,,Infrastructure,Completed,1171.21
PRJ002835,A0011266,Technology Refresh Wave,2027-02-11,,Infrastructure,Deferred,1205.33
PRJ002836,A0016805,Technology Refresh Wave,2026-08-06,,Security,Completed,1007.99
PRJ002837,A0007052,Technology Refresh Wave,2028-08-17,,Security,Completed,1226.95
PRJ002838,A0013413,Technology Refresh Wave,2026-08-27,,Cloud,In Progress,1253.22
PRJ002839,A0004573,Technology Refresh Wave,2026-10-12,,Infrastructure,Approved,1072.05
PRJ002840,A0011231,Technology Refresh Wave,2026-02-09,,Cloud,Proposed,1218.65
PRJ002841,A0016895,Technology Refresh Wave,2026-07-01,,End User Computing,Deferred,835.26
PRJ002842,A0006825,Technology Refresh Wave,2028-11-16,,End User Computing,Deferred,1038.27
PRJ002843,A0004348,Technology Refresh Wave,2027-06-02,,Infrastructure,Approved,1410.37
PRJ002844,A0001806,Technology Refresh Wave,2027-10-15,,Security,Proposed,1161.75
PRJ002845,A0020733,Technology Refresh Wave,2026-07-30,,End User Computing,Deferred,12915.03
PRJ002846,A0020908,Technology Refresh Wave,2026-10-30,,Cloud,Deferred,16094.54
PRJ002847,A0009265,Technology Refresh Wave,2028-01-18,,Network,Proposed,1441.24
PRJ002848,A0000994,Technology Refresh Wave,2026-06-12,,Security,Proposed,2401.09
PRJ002849,A0023366,Technology Refresh Wave,2026-06-20,,Infrastructure,In Progress,521.7
PRJ002850,A0003419,Technology Refresh Wave,2027-02-20,,Security,Deferred,1033.53
PRJ002851,A0022652,Technology Refresh Wave,2027-08-11,,Cloud,Proposed,66876.46
PRJ002852,A0017984,Technology Refresh Wave,2028-01-24,,Cloud,Proposed,1229.26
PRJ002853,A0023396,Technology Refresh Wave,2027-10-29,,Security,Approved,850.91
PRJ002854,A0020870,Technology Refresh Wave,2026-04-06,,Security,Deferred,10343.75
PRJ002855,A0009510,Technology Refresh Wave,2027-05-29,,Infrastructure,Deferred,1042.18
PRJ002856,A0000483,Technology Refresh Wave,2026-11-07,,Security,Approved,1234.76
PRJ002857,A0018765,Technology Refresh Wave,2028-09-04,,End User Computing,Proposed,354.84
PRJ002858,A0005922,Technology Refresh Wave,2026-10-07,,Infrastructure,Proposed,1532.76
PRJ002859,A0015294,Technology Refresh Wave,2026-08-22,,End User Computing,Approved,916.82
PRJ002860,A0008892,Technology Refresh Wave,2028-06-30,,End User Computing,In Progress,1077.57
PRJ002861,A0002091,Technology Refresh Wave,2028-09-21,,Network,Proposed,1532.96
PRJ002862,A0005334,Technology Refresh Wave,2027-01-29,,Security,Approved,1198.33
PRJ002863,A0018619,Technology Refresh Wave,2028-06-30,,Cloud,Approved,603.27
PRJ002864,A0021799,Technology Refresh Wave,2026-07-01,,Cloud,Completed,3816.3
PRJ002865,A0018649,Technology Refresh Wave,2027-01-28,,Security,Proposed,408.85
PRJ002866,A0016410,Technology Refresh Wave,2027-09-03,,Cloud,Approved,622.1
PRJ002867,A0010477,Technology Refresh Wave,2028-10-28,,End User Computing,Approved,1658.48
PRJ002868,A0020068,Technology Refresh Wave,2026-12-18,,End User Computing,Completed,22263.68
PRJ002869,A0000140,Technology Refresh Wave,2026-02-09,,Security,Proposed,890.15
PRJ002870,A0014191,Technology Refresh Wave,2026-11-07,,End User Computing,Approved,1062.7
PRJ002871,A0013183,Technology Refresh Wave,2027-05-20,,End User Computing,Approved,1434.43
PRJ002872,A0018552,Technology Refresh Wave,2026-06-12,,Network,Proposed,417.53
PRJ002873,A0004721,Technology Refresh Wave,2026-08-19,,End User Computing,In Progress,1480.68
PRJ002874,A0021128,Technology Refresh Wave,2026-08-19,,Network,Completed,10511.17
PRJ002875,A0015901,Technology Refresh Wave,2026-05-29,,Infrastructure,Deferred,868.42
PRJ002876,A0023578,Technology Refresh Wave,2027-05-25,,Infrastructure,In Progress,1066.4
PRJ002877,A0011038,Technology Refresh Wave,2026-02-03,,Infrastructure,Approved,1319.14
PRJ002878,A0009943,Technology Refresh Wave,2028-03-28,,Infrastructure,Completed,1332.47
PRJ002879,A0018013,Technology Refresh Wave,2027-01-09,,Network,In Progress,747.58
PRJ002880,A0006246,Technology Refresh Wave,2027-11-13,,Infrastructure,Deferred,897.1
PRJ002881,A0011518,Technology Refresh Wave,2027-10-23,,End User Computing,Proposed,1571.97
PRJ002882,A0001828,Technology Refresh Wave,2027-06-24,,End User Computing,Completed,1265.89
PRJ002883,A0018304,Technology Refresh Wave,2026-06-12,,Infrastructure,In Progress,766.59
PRJ002884,A0022095,Technology Refresh Wave,2028-11-18,,Infrastructure,In Progress,3377.24
PRJ002885,A0013414,Technology Refresh Wave,2027-01-23,,Infrastructure,Proposed,1174.51
PRJ002886,A0022649,Technology Refresh Wave,2026-09-30,,Infrastructure,In Progress,48932.34
PRJ002887,A0019603,Technology Refresh Wave,2028-02-20,,Infrastructure,In Progress,654.66
PRJ002888,A0015572,Technology Refresh Wave,2026-11-17,,Cloud,In Progress,873.59
PRJ002889,A0007376,Technology Refresh Wave,2027-10-22,,Network,In Progress,1091.06
PRJ002890,A0014675,Technology Refresh Wave,2026-02-15,,Cloud,In Progress,1218.64
PRJ002891,A0021232,Technology Refresh Wave,2028-04-04,,Network,Proposed,21298.53
PRJ002892,A0023541,Technology Refresh Wave,2027-07-27,,Security,Completed,878.72
PRJ002893,A0014465,Technology Refresh Wave,2027-01-22,,Network,Approved,813.96
PRJ002894,A0022655,Technology Refresh Wave,2028-04-03,,Security,Proposed,61577.64
PRJ002895,A0022171,Technology Refresh Wave,2027-07-06,,Network,Deferred,7642.32
PRJ002896,A0001612,Technology Refresh Wave,2026-05-06,,Cloud,In Progress,1658.92
PRJ002897,A0018877,Technology Refresh Wave,2028-11-06,,Security,Approved,471.74
PRJ002898,A0000853,Technology Refresh Wave,2028-04-21,,Security,Completed,1182.38
PRJ002899,A0006162,Technology Refresh Wave,2026-12-05,,Cloud,Proposed,1075.6
PRJ002900,A0003959,Technology Refresh Wave,2027-07-31,,End User Computing,In Progress,1258.14
PRJ002901,A0003471,Technology Refresh Wave,2027-11-30,,Network,In Progress,856.74
PRJ002902,A0012247,Technology Refresh Wave,2026-06-21,,Infrastructure,Completed,2138.41
PRJ002903,A0021547,Technology Refresh Wave,2027-08-13,,Security,Approved,3306.96
PRJ002904,A0004822,Technology Refresh Wave,2028-10-14,,Infrastructure,Deferred,1168.17
PRJ002905,A0013385,Technology Refresh Wave,2027-12-27,,Cloud,Deferred,2337.95
PRJ002906,A0017787,Technology Refresh Wave,2027-05-20,,Infrastructure,Proposed,763.94
PRJ002907,A0002376,Technology Refresh Wave,2027-10-27,,Infrastructure,In Progress,1059.09
PRJ002908,A0011196,Technology Refresh Wave,2026-08-09,,Infrastructure,In Progress,1500.12
PRJ002909,A0016418,Technology Refresh Wave,2026-11-28,,End User Computing,Approved,834.44
PRJ002910,A0017945,Technology Refresh Wave,2028-12-09,,Infrastructure,Proposed,1011.61
PRJ002911,A0012033,Technology Refresh Wave,2028-11-08,,Cloud,Deferred,1181.82
PRJ002912,A0018199,Technology Refresh Wave,2026-12-27,,Cloud,Completed,700.59
PRJ002913,A0016800,Technology Refresh Wave,2026-06-12,,Cloud,Approved,844.01
PRJ002914,A0001406,Technology Refresh Wave,2026-03-16,,Network,Approved,1869.93
PRJ002915,A0011075,Technology Refresh Wave,2026-10-24,,Infrastructure,Proposed,1161.7
PRJ002916,A0008506,Technology Refresh Wave,2026-05-02,,Network,Completed,877.95
PRJ002917,A0019067,Technology Refresh Wave,2026-06-18,,Cloud,Approved,311.01
PRJ002918,A0007098,Technology Refresh Wave,2028-12-24,,Network,Completed,1144.55
PRJ002919,A0008365,Technology Refresh Wave,2026-09-23,,Security,Proposed,1184.19
PRJ002920,A0003526,Technology Refresh Wave,2028-12-11,,End User Computing,Completed,1237.89
PRJ002921,A0015580,Technology Refresh Wave,2028-09-03,,Cloud,Approved,764.18
PRJ002922,A0016861,Technology Refresh Wave,2026-06-05,,Cloud,Proposed,1035.23
PRJ002923,A0011682,Technology Refresh Wave,2027-07-28,,Infrastructure,Proposed,909.72
PRJ002924,A0017514,Technology Refresh Wave,2027-12-09,,Infrastructure,Proposed,692.47
PRJ002925,A0017037,Technology Refresh Wave,2028-02-14,,Cloud,Proposed,750.74
PRJ002926,A0001769,Technology Refresh Wave,2027-05-15,,Cloud,Completed,2141.02
PRJ002927,A0023179,Technology Refresh Wave,2027-07-28,,Network,In Progress,820.66
PRJ002928,A0005801,Technology Refresh Wave,2028-04-30,,Security,In Progress,1520.06
PRJ002929,A0021433,Technology Refresh Wave,2028-10-19,,Cloud,Deferred,11406.88
PRJ002930,A0001244,Technology Refresh Wave,2028-05-07,,Network,Approved,946.49
PRJ002931,A0017532,Technology Refresh Wave,2028-05-08,,Security,Completed,893.17
PRJ002932,A0013459,Technology Refresh Wave,2027-11-12,,Network,In Progress,1156.17
PRJ002933,A0000804,Technology Refresh Wave,2028-03-30,,Network,Deferred,1089.97
PRJ002934,A0021675,Technology Refresh Wave,2027-05-15,,Infrastructure,Deferred,10053.59
PRJ002935,A0016287,Technology Refresh Wave,2027-05-22,,End User Computing,Approved,970.6
PRJ002936,A0006960,Technology Refresh Wave,2027-04-30,,End User Computing,Approved,1457.84
PRJ002937,A0002352,Technology Refresh Wave,2026-06-28,,Security,Proposed,1128.65
PRJ002938,A0020993,Technology Refresh Wave,2026-01-14,,Cloud,Proposed,13370.74
PRJ002939,A0002256,Technology Refresh Wave,2026-11-07,,Cloud,Approved,1215.48
PRJ002940,A0002807,Technology Refresh Wave,2027-05-06,,End User Computing,Approved,1769.79
PRJ002941,A0020731,Technology Refresh Wave,2026-07-05,,Security,Deferred,13539.72
PRJ002942,A0013204,Technology Refresh Wave,2026-02-28,,Network,Completed,1533.92
PRJ002943,A0010342,Technology Refresh Wave,2027-10-19,,Network,Proposed,1598.04
PRJ002944,A0003790,Technology Refresh Wave,2028-01-01,,Security,In Progress,1386.63
PRJ002945,A0023696,Technology Refresh Wave,2027-09-15,,Cloud,Proposed,100619.28
PRJ002946,A0021293,Technology Refresh Wave,2027-07-06,,Network,In Progress,17637.29
PRJ002947,A0012285,Technology Refresh Wave,2026-08-14,,End User Computing,Deferred,1352.18
PRJ002948,A0009041,Technology Refresh Wave,2026-05-05,,Network,Proposed,1134.95
PRJ002949,A0011016,Technology Refresh Wave,2026-03-09,,Security,Deferred,1229.24
PRJ002950,A0011732,Technology Refresh Wave,2026-05-24,,Network,Completed,945.91
PRJ002951,A0011659,Technology Refresh Wave,2026-11-06,,Security,Deferred,1410.25
PRJ002952,A0018430,Technology Refresh Wave,2026-10-02,,End User Computing,Approved,917.64
PRJ002953,A0023493,Technology Refresh Wave,2026-09-13,,Security,In Progress,721.09
PRJ002954,A0014817,Technology Refresh Wave,2027-01-11,,End User Computing,In Progress,813.99
PRJ002955,A0002451,Technology Refresh Wave,2028-08-22,,Cloud,Deferred,1461.1
PRJ002956,A0007666,Technology Refresh Wave,2026-11-25,,End User Computing,Proposed,1998.29
PRJ002957,A0017930,Technology Refresh Wave,2027-02-10,,End User Computing,Deferred,703.6
PRJ002958,A0002605,Technology Refresh Wave,2026-12-15,,Security,Completed,905.29
PRJ002959,A0006881,Technology Refresh Wave,2026-07-19,,Network,Approved,1655.21
PRJ002960,A0005655,Technology Refresh Wave,2027-06-21,,Security,In Progress,1519.86
PRJ002961,A0016814,Technology Refresh Wave,2028-02-09,,Cloud,Deferred,978.51
PRJ002962,A0001982,Technology Refresh Wave,2027-09-24,,Infrastructure,Deferred,1291.95
PRJ002963,A0021256,Technology Refresh Wave,2027-05-04,,End User Computing,Proposed,15454.29
PRJ002964,A0012382,Technology Refresh Wave,2027-09-17,,Cloud,Deferred,1282.45
PRJ002965,A0010332,Technology Refresh Wave,2027-09-20,,Infrastructure,In Progress,1150.63
PRJ002966,A0013587,Technology Refresh Wave,2027-09-06,,End User Computing,Approved,2401.52
PRJ002967,A0013731,Technology Refresh Wave,2026-04-25,,Security,Proposed,1209.42
PRJ002968,A0018964,Technology Refresh Wave,2026-03-17,,Cloud,Completed,449.08
PRJ002969,A0010373,Technology Refresh Wave,2027-09-24,,Network,Approved,1611.98
PRJ002970,A0005577,Technology Refresh Wave,2028-01-30,,End User Computing,Proposed,1577.85
PRJ002971,A0012215,Technology Refresh Wave,2026-07-29,,Infrastructure,Deferred,1806.23
PRJ002972,A0016629,Technology Refresh Wave,2026-07-06,,Network,Approved,1078.17
PRJ002973,A0012682,Technology Refresh Wave,2026-03-02,,Security,Deferred,1697.49
PRJ002974,A0013133,Technology Refresh Wave,2028-05-19,,Infrastructure,Proposed,1524.71
PRJ002975,A0009937,Technology Refresh Wave,2026-06-28,,Network,Proposed,2649.32
PRJ002976,A0001573,Technology Refresh Wave,2026-01-15,,End User Computing,Proposed,1248.24
PRJ002977,A0022218,Technology Refresh Wave,2027-12-20,,Security,Proposed,8303.87
PRJ002978,A0019173,Technology Refresh Wave,2027-10-20,,Network,In Progress,577.89
PRJ002979,A0007822,Technology Refresh Wave,2027-01-15,,Infrastructure,In Progress,1201.07
PRJ002980,A0011894,Technology Refresh Wave,2026-09-02,,Cloud,Completed,1102.32
PRJ002981,A0005690,Technology Refresh Wave,2028-03-10,,Security,Approved,893.31
PRJ002982,A0012591,Technology Refresh Wave,2026-07-24,,Infrastructure,Deferred,1487.11
PRJ002983,A0009737,Technology Refresh Wave,2026-07-31,,Security,Deferred,1211.21
PRJ002984,A0008268,Technology Refresh Wave,2027-10-24,,End User Computing,Deferred,1282.41
PRJ002985,A0020131,Technology Refresh Wave,2027-01-29,,Cloud,In Progress,11878.79
PRJ002986,A0020968,Technology Refresh Wave,2028-09-22,,Infrastructure,In Progress,24780.85
PRJ002987,A0017473,Technology Refresh Wave,2028-11-21,,End User Computing,Deferred,857.39
PRJ002988,A0023169,Technology Refresh Wave,2028-08-25,,Network,Deferred,742.55
PRJ002989,A0019336,Technology Refresh Wave,2028-04-13,,Cloud,Proposed,522.36
PRJ002990,A0009533,Technology Refresh Wave,2026-08-25,,Cloud,In Progress,1605.85
PRJ002991,A0015807,Technology Refresh Wave,2028-10-09,,End User Computing,Approved,625.46
PRJ002992,A0010250,Technology Refresh Wave,2027-12-13,,Security,Deferred,1226.61
PRJ002993,A0009449,Technology Refresh Wave,2027-06-19,,End User Computing,Proposed,1380.93
PRJ002994,A0010864,Technology Refresh Wave,2028-02-17,,End User Computing,Deferred,854.96
PRJ002995,A0001078,Technology Refresh Wave,2028-03-15,,End User Computing,Approved,2536.69
PRJ002996,A0004157,Technology Refresh Wave,2028-08-04,,Infrastructure,Deferred,1458.11
PRJ002997,A0002154,Technology Refresh Wave,2026-10-06,,Network,Approved,1102.42
PRJ002998,A0006434,Technology Refresh Wave,2026-01-14,,Cloud,Proposed,1196.46
PRJ002999,A0020540,Technology Refresh Wave,2027-01-22,,Infrastructure,Proposed,22199.4
PRJ003000,A0000398,Technology Refresh Wave,2027-11-04,,Security,Completed,979.9
PRJ003001,A0017475,Technology Refresh Wave,2026-05-03,,Network,Approved,742.76
PRJ003002,A0013790,Technology Refresh Wave,2027-11-12,,End User Computing,Proposed,998.28
PRJ003003,A0022844,Technology Refresh Wave,2026-08-31,,Infrastructure,Approved,18208.28
PRJ003004,A0002151,Technology Refresh Wave,2026-04-09,,End User Computing,In Progress,1063.62
PRJ003005,A0016175,Technology Refresh Wave,2027-02-09,,End User Computing,Proposed,706.53
PRJ003006,A0016745,Technology Refresh Wave,2026-10-03,,Network,Approved,909.1
PRJ003007,A0009513,Technology Refresh Wave,2028-07-07,,Infrastructure,Deferred,974.22
PRJ003008,A0003972,Technology Refresh Wave,2026-07-29,,Infrastructure,In Progress,2073.35
PRJ003009,A0009768,Technology Refresh Wave,2028-12-14,,End User Computing,Approved,1206.73
PRJ003010,A0022727,Technology Refresh Wave,2026-06-04,,Cloud,In Progress,24582.43
PRJ003011,A0002251,Technology Refresh Wave,2028-03-05,,Security,Approved,1165.9
PRJ003012,A0017113,Technology Refresh Wave,2027-04-09,,End User Computing,Deferred,842.6
PRJ003013,A0006225,Technology Refresh Wave,2028-12-06,,Security,Proposed,1014.93
PRJ003014,A0005467,Technology Refresh Wave,2027-07-15,,Infrastructure,Proposed,1199.79
PRJ003015,A0020007,Technology Refresh Wave,2026-01-04,,Cloud,Proposed,19142.88
PRJ003016,A0015710,Technology Refresh Wave,2026-07-30,,Network,In Progress,732.59
PRJ003017,A0007498,Technology Refresh Wave,2027-03-16,,Infrastructure,In Progress,2024.9
PRJ003018,A0012155,Technology Refresh Wave,2027-01-06,,Network,Completed,1406.09
PRJ003019,A0016130,Technology Refresh Wave,2027-08-02,,Cloud,Completed,1015.34
PRJ003020,A0015414,Technology Refresh Wave,2026-04-13,,Cloud,Approved,827.95
PRJ003021,A0019411,Technology Refresh Wave,2027-11-07,,Infrastructure,Completed,427.9
PRJ003022,A0018524,Technology Refresh Wave,2026-05-10,,Cloud,Proposed,406.98
PRJ003023,A0007776,Technology Refresh Wave,2026-01-23,,Infrastructure,In Progress,1292.5
PRJ003024,A0020286,Technology Refresh Wave,2028-05-08,,End User Computing,Proposed,12548.27
PRJ003025,A0000876,Technology Refresh Wave,2027-01-15,,Cloud,Approved,1209.52
PRJ003026,A0014382,Technology Refresh Wave,2028-03-14,,Cloud,Approved,1141.51
PRJ003027,A0004462,Technology Refresh Wave,2028-05-28,,Infrastructure,Completed,1088.97
PRJ003028,A0018807,Technology Refresh Wave,2028-12-22,,Cloud,Approved,393.52
PRJ003029,A0018773,Technology Refresh Wave,2027-08-08,,Infrastructure,Completed,344.38
PRJ003030,A0009148,Technology Refresh Wave,2027-10-15,,End User Computing,Completed,1294.09
PRJ003031,A0002468,Technology Refresh Wave,2028-11-20,,Security,Approved,1407.69
PRJ003032,A0007559,Technology Refresh Wave,2028-07-18,,End User Computing,Proposed,1669.24
PRJ003033,A0003499,Technology Refresh Wave,2028-12-22,,Security,Deferred,1456.89
PRJ003034,A0021328,Technology Refresh Wave,2028-02-22,,Cloud,Deferred,11130.6
PRJ003035,A0002498,Technology Refresh Wave,2028-10-04,,Cloud,Completed,1207.59
PRJ003036,A0015976,Technology Refresh Wave,2028-12-30,,Security,Proposed,823.71
PRJ003037,A0012860,Technology Refresh Wave,2028-11-13,,Security,Approved,1153.93
PRJ003038,A0023690,Technology Refresh Wave,2026-08-30,,End User Computing,Completed,89931.4
PRJ003039,A0003687,Technology Refresh Wave,2027-04-16,,Network,Approved,1413.47
PRJ003040,A0016255,Technology Refresh Wave,2027-03-02,,Network,Approved,1031.3
PRJ003041,A0020606,Technology Refresh Wave,2026-04-24,,Network,Proposed,15157.66
PRJ003042,A0014426,Technology Refresh Wave,2028-03-23,,Cloud,In Progress,1032.16
PRJ003043,A0017986,Technology Refresh Wave,2028-07-23,,Security,Approved,955.48
PRJ003044,A0000576,Technology Refresh Wave,2028-02-09,,Cloud,Approved,1514.83
PRJ003045,A0009296,Technology Refresh Wave,2026-08-19,,End User Computing,In Progress,2483.33
PRJ003046,A0000908,Technology Refresh Wave,2027-06-07,,Infrastructure,Approved,2507.44
PRJ003047,A0022363,Technology Refresh Wave,2028-11-14,,Security,Approved,11109.18
PRJ003048,A0000347,Technology Refresh Wave,2027-01-28,,Security,Proposed,1696.58
PRJ003049,A0009913,Technology Refresh Wave,2027-06-07,,Security,Completed,961.28
PRJ003050,A0023109,Technology Refresh Wave,2028-01-19,,Infrastructure,Proposed,719.62
PRJ003051,A0007432,Technology Refresh Wave,2026-12-16,,Network,Approved,913.99
PRJ003052,A0004044,Technology Refresh Wave,2028-04-05,,Cloud,Deferred,1243.9
PRJ003053,A0017917,Technology Refresh Wave,2026-08-24,,End User Computing,In Progress,1173.74
PRJ003054,A0023736,Technology Refresh Wave,2028-10-15,,Security,Deferred,82943.88
PRJ003055,A0003602,Technology Refresh Wave,2028-11-30,,Cloud,Proposed,1549.6
PRJ003056,A0004421,Technology Refresh Wave,2028-10-14,,Infrastructure,Proposed,1226.07
PRJ003057,A0012314,Technology Refresh Wave,2026-05-30,,Security,Approved,1838.46
PRJ003058,A0010508,Technology Refresh Wave,2027-07-09,,Cloud,In Progress,2899.72
PRJ003059,A0022417,Technology Refresh Wave,2026-02-27,,End User Computing,Approved,13621.23
PRJ003060,A0000914,Technology Refresh Wave,2028-02-07,,Network,In Progress,1846.84
PRJ003061,A0006707,Technology Refresh Wave,2027-08-14,,End User Computing,Completed,1382.34
PRJ003062,A0018446,Technology Refresh Wave,2026-05-17,,Network,In Progress,1120.61
PRJ003063,A0015514,Technology Refresh Wave,2026-07-01,,End User Computing,Approved,1009.58
PRJ003064,A0022971,Technology Refresh Wave,2028-10-24,,Security,Completed,17754.44
PRJ003065,A0000510,Technology Refresh Wave,2026-01-17,,End User Computing,Approved,2456.92
PRJ003066,A0008613,Technology Refresh Wave,2026-08-29,,Security,Proposed,1013.36
PRJ003067,A0009565,Technology Refresh Wave,2028-06-02,,Network,Proposed,1229.41
PRJ003068,A0009683,Technology Refresh Wave,2027-06-21,,End User Computing,Proposed,1563.78
PRJ003069,A0010688,Technology Refresh Wave,2028-12-30,,Network,Completed,2144.9
PRJ003070,A0016642,Technology Refresh Wave,2028-02-24,,Security,Proposed,659.1
PRJ003071,A0015845,Technology Refresh Wave,2026-10-26,,Infrastructure,Proposed,1220.4
PRJ003072,A0018973,Technology Refresh Wave,2028-03-06,,Security,Approved,559.05
PRJ003073,A0022286,Technology Refresh Wave,2026-07-08,,End User Computing,Deferred,3916.3
PRJ003074,A0004903,Technology Refresh Wave,2028-06-06,,Cloud,Completed,951.15
PRJ003075,A0013949,Technology Refresh Wave,2026-05-13,,Network,In Progress,1408.05
PRJ003076,A0015602,Technology Refresh Wave,2028-04-20,,Network,Completed,1332.39
PRJ003077,A0012966,Technology Refresh Wave,2028-11-29,,Infrastructure,Completed,1647.31
PRJ003078,A0015565,Technology Refresh Wave,2028-04-04,,End User Computing,Completed,1170.22
PRJ003079,A0010899,Technology Refresh Wave,2027-12-14,,Security,Proposed,2630.69
PRJ003080,A0008311,Technology Refresh Wave,2027-12-28,,Security,Completed,2352.22
PRJ003081,A0015986,Technology Refresh Wave,2028-05-09,,Network,Deferred,980.83
PRJ003082,A0023306,Technology Refresh Wave,2028-06-11,,Network,Proposed,645.99
PRJ003083,A0000439,Technology Refresh Wave,2027-12-17,,End User Computing,Deferred,1659.64
PRJ003084,A0020675,Technology Refresh Wave,2028-10-26,,Cloud,Approved,18179.39
PRJ003085,A0018463,Technology Refresh Wave,2026-11-06,,Cloud,Completed,886.07
PRJ003086,A0016114,Technology Refresh Wave,2027-03-15,,Cloud,In Progress,1149.84
PRJ003087,A0004286,Technology Refresh Wave,2028-02-05,,Infrastructure,Approved,1217.86
PRJ003088,A0005043,Technology Refresh Wave,2028-08-15,,Security,Approved,1446.72
PRJ003089,A0022190,Technology Refresh Wave,2027-02-13,,End User Computing,Approved,5276.24
PRJ003090,A0020963,Technology Refresh Wave,2026-02-16,,Cloud,Deferred,16551.71
PRJ003091,A0014914,Technology Refresh Wave,2026-09-04,,End User Computing,In Progress,719.05
PRJ003092,A0017340,Technology Refresh Wave,2027-05-22,,Cloud,In Progress,1201.16
PRJ003093,A0002529,Technology Refresh Wave,2028-01-30,,Security,Proposed,892.94
PRJ003094,A0010276,Technology Refresh Wave,2028-05-14,,Cloud,Proposed,1187.02
PRJ003095,A0010286,Technology Refresh Wave,2028-11-30,,End User Computing,Completed,1668.54
PRJ003096,A0021584,Technology Refresh Wave,2028-07-23,,Security,Proposed,3649.3
PRJ003097,A0006704,Technology Refresh Wave,2027-12-08,,Security,Deferred,1177.07
PRJ003098,A0015838,Technology Refresh Wave,2027-11-15,,Cloud,Completed,767.12
PRJ003099,A0005812,Technology Refresh Wave,2026-01-11,,Network,Proposed,1347.19
PRJ003100,A0016910,Technology Refresh Wave,2028-01-23,,Cloud,Proposed,726.63
PRJ003101,A0008352,Technology Refresh Wave,2028-10-18,,Infrastructure,Completed,917.17
PRJ003102,A0013702,Technology Refresh Wave,2027-11-17,,Security,In Progress,1240.7
PRJ003103,A0023265,Technology Refresh Wave,2026-12-14,,End User Computing,Completed,608.6
PRJ003104,A0012657,Technology Refresh Wave,2027-10-02,,Network,Approved,1463.33
PRJ003105,A0014865,Technology Refresh Wave,2027-11-15,,End User Computing,Completed,871.33
PRJ003106,A0023659,Technology Refresh Wave,2027-08-06,,End User Computing,Completed,908.67
PRJ003107,A0020848,Technology Refresh Wave,2028-06-27,,Network,Proposed,19897.17
PRJ003108,A0010871,Technology Refresh Wave,2026-01-26,,End User Computing,In Progress,1317.19
PRJ003109,A0007945,Technology Refresh Wave,2028-01-27,,Infrastructure,Completed,1567.05
PRJ003110,A0009141,Technology Refresh Wave,2027-05-11,,End User Computing,Deferred,2091.18
PRJ003111,A0002116,Technology Refresh Wave,2026-04-22,,Network,Deferred,1233.2
PRJ003112,A0004611,Technology Refresh Wave,2027-06-05,,Cloud,In Progress,1167.51
PRJ003113,A0008286,Technology Refresh Wave,2028-04-05,,End User Computing,Completed,839.72
PRJ003114,A0000675,Technology Refresh Wave,2028-05-15,,End User Computing,Approved,1575.26
PRJ003115,A0021375,Technology Refresh Wave,2026-03-16,,Security,Completed,12581.97
PRJ003116,A0005212,Technology Refresh Wave,2027-09-24,,Infrastructure,Approved,1340.68
PRJ003117,A0000252,Technology Refresh Wave,2027-04-10,,End User Computing,Proposed,1747.9
PRJ003118,A0008952,Technology Refresh Wave,2027-06-20,,Cloud,Approved,968.15
PRJ003119,A0014416,Technology Refresh Wave,2027-04-21,,Network,In Progress,776.08
PRJ003120,A0008067,Technology Refresh Wave,2027-12-25,,End User Computing,Deferred,973.5
PRJ003121,A0017349,Technology Refresh Wave,2027-12-16,,Infrastructure,Approved,1072.13
PRJ003122,A0010408,Technology Refresh Wave,2026-11-15,,End User Computing,Proposed,1400.38
PRJ003123,A0001451,Technology Refresh Wave,2026-05-03,,Network,Approved,1085.37
PRJ003124,A0019962,Technology Refresh Wave,2028-06-18,,End User Computing,Proposed,507.57
PRJ003125,A0008500,Technology Refresh Wave,2026-06-08,,Network,Approved,1097.96
PRJ003126,A0021766,Technology Refresh Wave,2028-10-14,,End User Computing,Proposed,6487.28
PRJ003127,A0011574,Technology Refresh Wave,2027-05-09,,End User Computing,Approved,1528.06
PRJ003128,A0004772,Technology Refresh Wave,2026-12-04,,Cloud,In Progress,1162.71
PRJ003129,A0013749,Technology Refresh Wave,2027-01-25,,Infrastructure,In Progress,1212.46
PRJ003130,A0023023,Technology Refresh Wave,2026-09-09,,Security,In Progress,15857.61
PRJ003131,A0004895,Technology Refresh Wave,2027-06-27,,Cloud,Deferred,1289.95
PRJ003132,A0004564,Technology Refresh Wave,2028-05-30,,Infrastructure,Deferred,1557.21
PRJ003133,A0021327,Technology Refresh Wave,2027-04-29,,Network,Proposed,16975.16
PRJ003134,A0010937,Technology Refresh Wave,2027-07-21,,End User Computing,Approved,1085.51
PRJ003135,A0015263,Technology Refresh Wave,2026-01-18,,Infrastructure,In Progress,948.5
PRJ003136,A0006454,Technology Refresh Wave,2027-01-17,,Network,In Progress,1319.27
PRJ003137,A0015933,Technology Refresh Wave,2027-07-26,,Security,Completed,963.33
PRJ003138,A0016597,Technology Refresh Wave,2028-09-16,,Infrastructure,Proposed,1244.53
PRJ003139,A0017908,Technology Refresh Wave,2026-10-29,,Cloud,Approved,911.56
PRJ003140,A0019323,Technology Refresh Wave,2028-12-09,,Infrastructure,In Progress,452.92
PRJ003141,A0023545,Technology Refresh Wave,2028-08-31,,End User Computing,Approved,953.39
PRJ003142,A0021715,Technology Refresh Wave,2027-03-27,,Infrastructure,Deferred,5950.93
PRJ003143,A0000264,Technology Refresh Wave,2026-01-12,,End User Computing,Approved,1263.02
PRJ003144,A0010969,Technology Refresh Wave,2027-07-17,,Infrastructure,In Progress,1047.1
PRJ003145,A0019999,Technology Refresh Wave,2028-07-17,,Network,Completed,476.26
PRJ003146,A0021404,Technology Refresh Wave,2027-01-26,,Infrastructure,Completed,10516.24
PRJ003147,A0001098,Technology Refresh Wave,2028-10-17,,Infrastructure,Deferred,1408.02
PRJ003148,A0010354,Technology Refresh Wave,2028-01-30,,End User Computing,In Progress,1423.51
PRJ003149,A0022231,Technology Refresh Wave,2028-08-09,,End User Computing,In Progress,4681.62
PRJ003150,A0011082,Technology Refresh Wave,2027-10-08,,Cloud,Completed,2404.79
PRJ003151,A0017411,Technology Refresh Wave,2027-11-15,,Cloud,Approved,775.98
PRJ003152,A0009470,Technology Refresh Wave,2027-10-07,,End User Computing,Approved,1190.56
PRJ003153,A0009545,Technology Refresh Wave,2026-03-30,,Security,Proposed,1334.33
PRJ003154,A0018034,Technology Refresh Wave,2028-04-13,,Cloud,Approved,721.2
PRJ003155,A0005392,Technology Refresh Wave,2028-08-17,,Infrastructure,Approved,1570.31
PRJ003156,A0000734,Technology Refresh Wave,2028-07-20,,End User Computing,Proposed,1384.22
PRJ003157,A0001066,Technology Refresh Wave,2027-04-21,,Security,Deferred,1520.11
PRJ003158,A0023443,Technology Refresh Wave,2026-02-02,,Security,Proposed,885.58
PRJ003159,A0004204,Technology Refresh Wave,2027-05-23,,Cloud,Proposed,1746.18
PRJ003160,A0008065,Technology Refresh Wave,2026-08-10,,Infrastructure,Approved,1551.95
PRJ003161,A0021624,Technology Refresh Wave,2027-11-16,,Infrastructure,Deferred,4920.14
PRJ003162,A0015004,Technology Refresh Wave,2027-09-23,,End User Computing,Proposed,997.22
PRJ003163,A0020274,Technology Refresh Wave,2028-09-30,,Infrastructure,Deferred,14343.75
PRJ003164,A0023045,Technology Refresh Wave,2028-05-21,,Cloud,Approved,16885.94
PRJ003165,A0004058,Technology Refresh Wave,2027-04-05,,Cloud,Approved,1371.12
PRJ003166,A0006341,Technology Refresh Wave,2027-07-10,,Security,Approved,1326.73
PRJ003167,A0010822,Technology Refresh Wave,2028-07-11,,Security,In Progress,2264.91
PRJ003168,A0017287,Technology Refresh Wave,2026-07-20,,Security,Approved,1080.75
PRJ003169,A0018860,Technology Refresh Wave,2027-05-05,,Cloud,Approved,436.02
PRJ003170,A0013029,Technology Refresh Wave,2028-12-24,,Network,Completed,1058.72
PRJ003171,A0011905,Technology Refresh Wave,2026-02-12,,End User Computing,Approved,1296.55
PRJ003172,A0000753,Technology Refresh Wave,2028-09-18,,Infrastructure,In Progress,1159.57
PRJ003173,A0012815,Technology Refresh Wave,2028-02-16,,Network,Deferred,1274.24
PRJ003174,A0002993,Technology Refresh Wave,2028-01-06,,Infrastructure,Proposed,1186.5
PRJ003175,A0000539,Technology Refresh Wave,2026-09-07,,Network,Proposed,1229.27
PRJ003176,A0019680,Technology Refresh Wave,2028-06-23,,End User Computing,Proposed,405.62
PRJ003177,A0015954,Technology Refresh Wave,2026-02-13,,Network,Proposed,1323.01
PRJ003178,A0010831,Technology Refresh Wave,2028-02-22,,End User Computing,Deferred,1192.19
PRJ003179,A0023372,Technology Refresh Wave,2027-12-03,,Cloud,In Progress,1089.8
PRJ003180,A0019106,Technology Refresh Wave,2026-04-01,,End User Computing,Deferred,339.68
PRJ003181,A0011829,Technology Refresh Wave,2027-08-16,,End User Computing,Deferred,1087.84
PRJ003182,A0002547,Technology Refresh Wave,2027-01-11,,Security,Approved,1311.22
PRJ003183,A0010775,Technology Refresh Wave,2026-12-03,,Cloud,In Progress,1150.05
PRJ003184,A0009756,Technology Refresh Wave,2028-11-22,,Security,In Progress,992.28
PRJ003185,A0013745,Technology Refresh Wave,2028-06-05,,Network,Proposed,1648.17
PRJ003186,A0008903,Technology Refresh Wave,2027-04-21,,Infrastructure,Proposed,1584.59
PRJ003187,A0007475,Technology Refresh Wave,2027-10-31,,Cloud,Deferred,1109.52
PRJ003188,A0006658,Technology Refresh Wave,2028-04-23,,Cloud,Proposed,2144.91
PRJ003189,A0004373,Technology Refresh Wave,2028-11-13,,Cloud,Proposed,1332.91
PRJ003190,A0010207,Technology Refresh Wave,2028-06-24,,Security,Proposed,981.76
PRJ003191,A0006600,Technology Refresh Wave,2026-05-26,,Security,In Progress,1318.25
PRJ003192,A0015743,Technology Refresh Wave,2027-12-06,,Infrastructure,Completed,1009.93
PRJ003193,A0005512,Technology Refresh Wave,2028-02-16,,Network,In Progress,1151.89
PRJ003194,A0009755,Technology Refresh Wave,2027-09-07,,End User Computing,Proposed,1143.55
PRJ003195,A0000830,Technology Refresh Wave,2027-06-04,,Infrastructure,In Progress,1064.28
PRJ003196,A0016516,Technology Refresh Wave,2027-10-19,,End User Computing,Proposed,763.35
PRJ003197,A0013322,Technology Refresh Wave,2028-11-05,,Cloud,Approved,1569.71
PRJ003198,A0010804,Technology Refresh Wave,2027-12-26,,End User Computing,In Progress,1370.17
PRJ003199,A0006716,Technology Refresh Wave,2026-03-30,,Cloud,Deferred,1112.94
PRJ003200,A0011064,Technology Refresh Wave,2027-08-26,,Network,Deferred,1192.61
PRJ003201,A0013498,Technology Refresh Wave,2026-04-10,,Infrastructure,Deferred,1456.43
PRJ003202,A0017644,Technology Refresh Wave,2028-12-29,,Cloud,Approved,766.74
PRJ003203,A0001816,Technology Refresh Wave,2028-12-20,,Network,Proposed,1956.16
PRJ003204,A0007004,Technology Refresh Wave,2027-01-07,,Security,In Progress,959.34
PRJ003205,A0014806,Technology Refresh Wave,2028-04-15,,Network,Approved,646.36
PRJ003206,A0012543,Technology Refresh Wave,2027-06-30,,Infrastructure,Completed,1394.62
PRJ003207,A0015818,Technology Refresh Wave,2026-04-14,,End User Computing,In Progress,1166.73
PRJ003208,A0019824,Technology Refresh Wave,2028-12-03,,End User Computing,Deferred,518.79
PRJ003209,A0000291,Technology Refresh Wave,2027-04-14,,Network,Deferred,1649.48
PRJ003210,A0010634,Technology Refresh Wave,2028-02-28,,Cloud,Deferred,1279.68
PRJ003211,A0018366,Technology Refresh Wave,2028-05-14,,End User Computing,Approved,831.75
PRJ003212,A0011400,Technology Refresh Wave,2027-06-20,,Network,Completed,984.88
PRJ003213,A0008082,Technology Refresh Wave,2026-07-16,,End User Computing,Proposed,1982.17
PRJ003214,A0011225,Technology Refresh Wave,2026-09-02,,Cloud,Proposed,1037.27
PRJ003215,A0015074,Technology Refresh Wave,2028-08-12,,Network,In Progress,1317.54
PRJ003216,A0016632,Technology Refresh Wave,2026-07-09,,Infrastructure,Completed,1172.38
PRJ003217,A0022204,Technology Refresh Wave,2028-08-21,,Network,Completed,4620.26
PRJ003218,A0015962,Technology Refresh Wave,2026-02-06,,Security,In Progress,1079.01
PRJ003219,A0009910,Technology Refresh Wave,2026-03-18,,Security,Deferred,1066.44
PRJ003220,A0022937,Technology Refresh Wave,2028-03-12,,Cloud,Approved,47550.13
PRJ003221,A0006771,Technology Refresh Wave,2028-08-03,,End User Computing,In Progress,2191.62
PRJ003222,A0016561,Technology Refresh Wave,2028-07-07,,Security,Approved,1067.3
PRJ003223,A0022593,Technology Refresh Wave,2027-11-10,,Security,Approved,19260.49
PRJ003224,A0003980,Technology Refresh Wave,2027-05-29,,Network,In Progress,2244.51
PRJ003225,A0012218,Technology Refresh Wave,2026-04-27,,Infrastructure,Proposed,1143.0
PRJ003226,A0001505,Technology Refresh Wave,2027-08-01,,Network,Proposed,1264.3
PRJ003227,A0009793,Technology Refresh Wave,2028-12-04,,Network,Approved,1346.84
PRJ003228,A0003019,Technology Refresh Wave,2027-04-12,,Infrastructure,Approved,1272.56
PRJ003229,A0013534,Technology Refresh Wave,2028-10-19,,Cloud,In Progress,1583.11
PRJ003230,A0011248,Technology Refresh Wave,2028-04-04,,Security,Deferred,1508.38
PRJ003231,A0013395,Technology Refresh Wave,2027-10-15,,Infrastructure,Proposed,1358.52
PRJ003232,A0012550,Technology Refresh Wave,2028-03-03,,Network,In Progress,1385.45
PRJ003233,A0014747,Technology Refresh Wave,2027-05-19,,Security,Completed,1042.26
PRJ003234,A0015420,Technology Refresh Wave,2026-05-02,,Security,Completed,954.46
PRJ003235,A0019533,Technology Refresh Wave,2027-07-04,,Cloud,Proposed,395.63
PRJ003236,A0002982,Technology Refresh Wave,2027-08-02,,Cloud,Proposed,1618.89
PRJ003237,A0018268,Technology Refresh Wave,2027-10-04,,End User Computing,Proposed,764.2
PRJ003238,A0007603,Technology Refresh Wave,2027-03-02,,Security,In Progress,2061.7
PRJ003239,A0007538,Technology Refresh Wave,2028-04-20,,Infrastructure,In Progress,1252.07
PRJ003240,A0012368,Technology Refresh Wave,2028-04-06,,Cloud,Completed,1518.39
PRJ003241,A0012816,Technology Refresh Wave,2027-06-14,,End User Computing,Deferred,1377.06
PRJ003242,A0014790,Technology Refresh Wave,2027-02-07,,Security,Approved,1244.32
PRJ003243,A0014443,Technology Refresh Wave,2026-11-07,,Security,Deferred,834.0
PRJ003244,A0017362,Technology Refresh Wave,2026-06-09,,Security,Approved,804.97
PRJ003245,A0022178,Technology Refresh Wave,2027-07-30,,End User Computing,Approved,7459.66
PRJ003246,A0012685,Technology Refresh Wave,2027-04-12,,Cloud,Completed,1983.45
PRJ003247,A0002753,Technology Refresh Wave,2026-08-01,,Security,Proposed,1479.82
PRJ003248,A0021665,Technology Refresh Wave,2028-06-18,,Cloud,In Progress,4545.84
PRJ003249,A0014886,Technology Refresh Wave,2028-01-30,,Cloud,Approved,1020.39
PRJ003250,A0014713,Technology Refresh Wave,2026-12-17,,Cloud,In Progress,1130.45
PRJ003251,A0014003,Technology Refresh Wave,2028-08-16,,Network,Proposed,822.88
PRJ003252,A0004580,Technology Refresh Wave,2026-09-03,,Infrastructure,Completed,1217.84
PRJ003253,A0020449,Technology Refresh Wave,2026-05-20,,Security,Proposed,13021.72
PRJ003254,A0021893,Technology Refresh Wave,2028-11-07,,End User Computing,Deferred,6850.85
PRJ003255,A0012869,Technology Refresh Wave,2027-04-20,,End User Computing,Proposed,1346.58
PRJ003256,A0000965,Technology Refresh Wave,2026-01-24,,Infrastructure,Deferred,1585.7
PRJ003257,A0000709,Technology Refresh Wave,2028-02-10,,Security,In Progress,1350.84
PRJ003258,A0000169,Technology Refresh Wave,2026-05-17,,Network,Approved,1321.61
PRJ003259,A0006551,Technology Refresh Wave,2026-07-29,,Network,Approved,894.47
PRJ003260,A0005406,Technology Refresh Wave,2026-12-10,,Infrastructure,Completed,1458.97
PRJ003261,A0006182,Technology Refresh Wave,2027-07-18,,Cloud,Completed,1627.09
PRJ003262,A0015482,Technology Refresh Wave,2028-06-12,,Cloud,Proposed,818.44
PRJ003263,A0000434,Technology Refresh Wave,2028-06-14,,Cloud,Deferred,1303.02
PRJ003264,A0004731,Technology Refresh Wave,2028-03-04,,Cloud,In Progress,2725.82
PRJ003265,A0012507,Technology Refresh Wave,2028-08-04,,Network,Completed,1271.29
PRJ003266,A0023705,Technology Refresh Wave,2027-03-19,,End User Computing,Completed,76948.14
PRJ003267,A0013367,Technology Refresh Wave,2026-07-06,,Cloud,Approved,864.05
PRJ003268,A0005039,Technology Refresh Wave,2028-04-17,,Infrastructure,Deferred,1332.76
PRJ003269,A0023151,Technology Refresh Wave,2028-08-13,,Security,Proposed,683.4
PRJ003270,A0016689,Technology Refresh Wave,2028-12-25,,Network,Deferred,1013.27
PRJ003271,A0005772,Technology Refresh Wave,2026-10-02,,Network,Proposed,1270.61
PRJ003272,A0022700,Technology Refresh Wave,2026-03-28,,Network,Completed,20404.56
PRJ003273,A0001536,Technology Refresh Wave,2028-09-13,,End User Computing,Proposed,1503.1
PRJ003274,A0002879,Technology Refresh Wave,2028-12-25,,End User Computing,In Progress,1780.53
PRJ003275,A0016727,Technology Refresh Wave,2027-01-23,,Security,Proposed,890.87
PRJ003276,A0003510,Technology Refresh Wave,2027-05-21,,Infrastructure,In Progress,2121.18
PRJ003277,A0017883,Technology Refresh Wave,2027-12-16,,Infrastructure,Proposed,909.94
PRJ003278,A0001273,Technology Refresh Wave,2028-05-20,,Security,In Progress,1455.16
PRJ003279,A0020127,Technology Refresh Wave,2026-05-28,,Security,Deferred,15605.59
PRJ003280,A0020951,Technology Refresh Wave,2027-08-27,,Cloud,Approved,14009.95
PRJ003281,A0020793,Technology Refresh Wave,2026-02-18,,Cloud,Proposed,13921.15
PRJ003282,A0010582,Technology Refresh Wave,2027-10-13,,Cloud,Approved,1323.16
PRJ003283,A0011932,Technology Refresh Wave,2028-04-08,,Security,Proposed,1003.29
PRJ003284,A0017852,Technology Refresh Wave,2026-11-05,,Infrastructure,Proposed,742.6
PRJ003285,A0023170,Technology Refresh Wave,2028-05-19,,Security,Proposed,870.05
PRJ003286,A0012688,Technology Refresh Wave,2028-12-24,,Security,Approved,2350.78
PRJ003287,A0004392,Technology Refresh Wave,2026-10-22,,Infrastructure,In Progress,1402.05
PRJ003288,A0012794,Technology Refresh Wave,2027-03-06,,End User Computing,Proposed,1327.57
PRJ003289,A0016043,Technology Refresh Wave,2027-06-10,,Security,Approved,1012.34
PRJ003290,A0016324,Technology Refresh Wave,2028-08-03,,Security,Completed,917.65
PRJ003291,A0007647,Technology Refresh Wave,2027-05-24,,Security,In Progress,1740.57
PRJ003292,A0013421,Technology Refresh Wave,2028-12-04,,Cloud,Approved,1208.36
PRJ003293,A0020152,Technology Refresh Wave,2026-05-01,,Cloud,Approved,13982.71
PRJ003294,A0005849,Technology Refresh Wave,2027-08-17,,Infrastructure,Approved,1395.7
PRJ003295,A0011903,Technology Refresh Wave,2026-08-17,,Network,Proposed,1395.23
PRJ003296,A0003822,Technology Refresh Wave,2028-03-26,,Security,Approved,1008.01
PRJ003297,A0015880,Technology Refresh Wave,2027-12-14,,End User Computing,In Progress,881.52
PRJ003298,A0013986,Technology Refresh Wave,2026-01-09,,End User Computing,In Progress,1045.52
PRJ003299,A0004808,Technology Refresh Wave,2027-08-06,,End User Computing,Deferred,1990.46
PRJ003300,A0012323,Technology Refresh Wave,2026-07-12,,End User Computing,Approved,871.4
PRJ003301,A0011580,Technology Refresh Wave,2028-02-15,,Security,Approved,1057.4
PRJ003302,A0017025,Technology Refresh Wave,2028-11-10,,End User Computing,Approved,820.77
PRJ003303,A0008165,Technology Refresh Wave,2026-04-19,,Security,Approved,1984.45
PRJ003304,A0004601,Technology Refresh Wave,2028-06-12,,Network,In Progress,1175.27
PRJ003305,A0003877,Technology Refresh Wave,2026-04-13,,Infrastructure,In Progress,1775.81
PRJ003306,A0011812,Technology Refresh Wave,2026-12-15,,End User Computing,Approved,1511.79
PRJ003307,A0005827,Technology Refresh Wave,2028-10-03,,Security,Proposed,1324.49
PRJ003308,A0021703,Technology Refresh Wave,2027-10-21,,End User Computing,Approved,3617.71
PRJ003309,A0004425,Technology Refresh Wave,2026-06-20,,Cloud,Proposed,1738.97
PRJ003310,A0020884,Technology Refresh Wave,2028-10-29,,Cloud,In Progress,14422.12
PRJ003311,A0022169,Technology Refresh Wave,2027-01-10,,Security,Proposed,4912.97
PRJ003312,A0016412,Technology Refresh Wave,2028-02-21,,End User Computing,Proposed,1004.9
PRJ003313,A0018485,Technology Refresh Wave,2028-07-18,,Cloud,Completed,1286.01
PRJ003314,A0015454,Technology Refresh Wave,2028-08-17,,End User Computing,In Progress,1122.87
PRJ003315,A0008087,Technology Refresh Wave,2026-03-24,,Network,In Progress,1419.14
PRJ003316,A0006843,Technology Refresh Wave,2026-02-16,,Cloud,Proposed,1528.58
PRJ003317,A0005803,Technology Refresh Wave,2027-05-05,,Cloud,Proposed,1981.03
PRJ003318,A0021985,Technology Refresh Wave,2026-06-30,,Security,Approved,6259.19
PRJ003319,A0018319,Technology Refresh Wave,2026-02-22,,End User Computing,Proposed,1258.78
PRJ003320,A0021033,Technology Refresh Wave,2028-09-28,,Security,Completed,12932.18
PRJ003321,A0006101,Technology Refresh Wave,2027-06-28,,Security,Approved,1157.4
PRJ003322,A0012388,Technology Refresh Wave,2027-01-09,,Infrastructure,Deferred,1296.38
PRJ003323,A0022690,Technology Refresh Wave,2028-12-10,,Network,In Progress,6224.61
PRJ003324,A0013716,Technology Refresh Wave,2028-09-19,,Network,Proposed,961.68
PRJ003325,A0006052,Technology Refresh Wave,2026-03-05,,Cloud,Deferred,991.61
PRJ003326,A0008551,Technology Refresh Wave,2026-12-09,,Cloud,Deferred,2175.83
PRJ003327,A0008148,Technology Refresh Wave,2027-12-10,,Network,In Progress,1255.78
PRJ003328,A0018039,Technology Refresh Wave,2026-04-09,,Infrastructure,Deferred,937.83
PRJ003329,A0021476,Technology Refresh Wave,2027-06-01,,Security,Proposed,12869.41
PRJ003330,A0020303,Technology Refresh Wave,2026-08-10,,Security,Deferred,15363.55
PRJ003331,A0007295,Technology Refresh Wave,2027-11-04,,Security,Proposed,1491.95
PRJ003332,A0007113,Technology Refresh Wave,2026-02-25,,Cloud,Deferred,1308.86
PRJ003333,A0016788,Technology Refresh Wave,2027-07-27,,End User Computing,Completed,1367.47
PRJ003334,A0010115,Technology Refresh Wave,2027-01-04,,Cloud,Deferred,1601.08
PRJ003335,A0010430,Technology Refresh Wave,2026-09-16,,Infrastructure,In Progress,1277.9
PRJ003336,A0000309,Technology Refresh Wave,2027-06-08,,Security,Completed,949.75
PRJ003337,A0015696,Technology Refresh Wave,2027-05-10,,Infrastructure,Proposed,968.28
PRJ003338,A0012100,Technology Refresh Wave,2028-01-27,,End User Computing,Approved,1200.53
PRJ003339,A0011317,Technology Refresh Wave,2026-10-15,,Security,Approved,1626.89
PRJ003340,A0022069,Technology Refresh Wave,2026-06-07,,Network,Completed,6472.38
PRJ003341,A0008711,Technology Refresh Wave,2026-12-28,,End User Computing,Completed,1007.67
PRJ003342,A0022725,Technology Refresh Wave,2026-06-18,,Network,Approved,9145.11
PRJ003343,A0004978,Technology Refresh Wave,2028-04-17,,Infrastructure,Approved,1051.53
PRJ003344,A0015378,Technology Refresh Wave,2026-02-11,,Infrastructure,In Progress,855.24
PRJ003345,A0021056,Technology Refresh Wave,2028-02-10,,End User Computing,Deferred,16034.06
PRJ003346,A0022432,Technology Refresh Wave,2027-06-17,,Cloud,Approved,20921.1
PRJ003347,A0004951,Technology Refresh Wave,2028-08-15,,Cloud,Approved,1159.09
PRJ003348,A0021211,Technology Refresh Wave,2026-08-25,,Cloud,Proposed,18890.06
PRJ003349,A0006816,Technology Refresh Wave,2026-08-08,,Infrastructure,Deferred,1672.88
PRJ003350,A0009073,Technology Refresh Wave,2027-02-12,,Network,Approved,1062.24
PRJ003351,A0017739,Technology Refresh Wave,2026-05-12,,End User Computing,In Progress,809.02
PRJ003352,A0005888,Technology Refresh Wave,2026-11-25,,End User Computing,Completed,1098.93
PRJ003353,A0011150,Technology Refresh Wave,2027-01-29,,Infrastructure,Proposed,1525.88
PRJ003354,A0023534,Technology Refresh Wave,2026-01-31,,Cloud,Deferred,630.03
PRJ003355,A0014464,Technology Refresh Wave,2028-01-12,,Cloud,In Progress,920.57
PRJ003356,A0006952,Technology Refresh Wave,2028-02-18,,Infrastructure,Deferred,1402.87
PRJ003357,A0023362,Technology Refresh Wave,2028-11-16,,Security,Approved,906.77
PRJ003358,A0020771,Technology Refresh Wave,2027-05-24,,Security,In Progress,19902.46
PRJ003359,A0008442,Technology Refresh Wave,2028-12-12,,Network,Proposed,999.67
PRJ003360,A0021695,Technology Refresh Wave,2027-08-09,,Network,Deferred,3787.83
PRJ003361,A0003394,Technology Refresh Wave,2027-08-30,,Security,Deferred,1589.17
PRJ003362,A0002406,Technology Refresh Wave,2027-12-20,,End User Computing,Approved,889.48
PRJ003363,A0022452,Technology Refresh Wave,2026-06-06,,End User Computing,Completed,17964.27
PRJ003364,A0012342,Technology Refresh Wave,2026-08-20,,End User Computing,Approved,1075.97
PRJ003365,A0017511,Technology Refresh Wave,2028-06-22,,Cloud,Deferred,1345.63
PRJ003366,A0022640,Technology Refresh Wave,2027-12-18,,Network,Deferred,67068.39
PRJ003367,A0023011,Technology Refresh Wave,2028-10-21,,Infrastructure,Approved,28294.99
PRJ003368,A0009929,Technology Refresh Wave,2028-08-19,,End User Computing,Approved,1299.33
PRJ003369,A0017188,Technology Refresh Wave,2027-05-13,,Cloud,Completed,1036.49
PRJ003370,A0000352,Technology Refresh Wave,2026-10-14,,End User Computing,In Progress,2052.16
PRJ003371,A0019526,Technology Refresh Wave,2027-08-04,,Security,Completed,429.67
PRJ003372,A0014752,Technology Refresh Wave,2026-08-21,,Security,Approved,737.73
PRJ003373,A0005326,Technology Refresh Wave,2028-10-12,,Cloud,Completed,1531.02
PRJ003374,A0022120,Technology Refresh Wave,2026-01-12,,Network,Proposed,4482.14
PRJ003375,A0019407,Technology Refresh Wave,2027-01-23,,Cloud,Approved,413.07
PRJ003376,A0012847,Technology Refresh Wave,2028-09-21,,Security,Proposed,1243.28
PRJ003377,A0000639,Technology Refresh Wave,2026-10-10,,Infrastructure,Proposed,1641.3
PRJ003378,A0016888,Technology Refresh Wave,2028-04-16,,Network,Proposed,1025.21
PRJ003379,A0003148,Technology Refresh Wave,2027-01-20,,Infrastructure,Completed,1244.15
PRJ003380,A0018487,Technology Refresh Wave,2027-11-23,,Security,Deferred,1138.03
PRJ003381,A0007835,Technology Refresh Wave,2028-04-20,,Security,Approved,1247.82
PRJ003382,A0002268,Technology Refresh Wave,2026-07-17,,Network,Completed,1894.14
PRJ003383,A0009072,Technology Refresh Wave,2028-04-09,,Infrastructure,In Progress,1087.62
PRJ003384,A0008575,Technology Refresh Wave,2028-08-24,,Infrastructure,In Progress,2159.42
PRJ003385,A0001167,Technology Refresh Wave,2027-10-06,,Security,Approved,1344.64
PRJ003386,A0015066,Technology Refresh Wave,2027-06-24,,End User Computing,Approved,1112.34
PRJ003387,A0018820,Technology Refresh Wave,2028-09-21,,Cloud,Approved,337.21
PRJ003388,A0011164,Technology Refresh Wave,2026-10-02,,Cloud,Proposed,1080.59
PRJ003389,A0013658,Technology Refresh Wave,2027-11-08,,Network,Approved,1522.96
PRJ003390,A0022275,Technology Refresh Wave,2027-11-03,,Cloud,In Progress,3561.55
PRJ003391,A0004937,Technology Refresh Wave,2026-11-12,,Network,Proposed,1341.62
PRJ003392,A0012464,Technology Refresh Wave,2026-08-22,,End User Computing,Approved,1189.36
PRJ003393,A0006050,Technology Refresh Wave,2028-11-25,,Security,In Progress,2291.39
PRJ003394,A0011969,Technology Refresh Wave,2026-09-02,,Network,Proposed,1370.6
PRJ003395,A0018880,Technology Refresh Wave,2027-01-31,,Infrastructure,In Progress,381.11
PRJ003396,A0004385,Technology Refresh Wave,2026-01-21,,Security,Deferred,984.31
PRJ003397,A0016056,Technology Refresh Wave,2028-02-16,,End User Computing,In Progress,872.2
PRJ003398,A0002333,Technology Refresh Wave,2026-12-08,,Cloud,Completed,1151.11
PRJ003399,A0014239,Technology Refresh Wave,2028-06-28,,End User Computing,Proposed,974.31
PRJ003400,A0021336,Technology Refresh Wave,2026-04-10,,Security,Proposed,15678.73
PRJ003401,A0016360,Technology Refresh Wave,2028-06-05,,Cloud,Completed,807.53
PRJ003402,A0019172,Technology Refresh Wave,2028-02-04,,Infrastructure,Approved,510.68
PRJ003403,A0009432,Technology Refresh Wave,2027-12-04,,Security,Deferred,1448.27
PRJ003404,A0003354,Technology Refresh Wave,2028-06-18,,Infrastructure,Approved,1449.31
PRJ003405,A0013103,Technology Refresh Wave,2027-10-23,,Security,Proposed,1056.82
PRJ003406,A0000721,Technology Refresh Wave,2027-03-31,,Cloud,In Progress,1098.69
PRJ003407,A0012799,Technology Refresh Wave,2026-06-09,,End User Computing,Proposed,2445.48
PRJ003408,A0000055,Technology Refresh Wave,2026-12-28,,Security,In Progress,1220.94
PRJ003409,A0004098,Technology Refresh Wave,2027-10-30,,Network,In Progress,1159.64
PRJ003410,A0011784,Technology Refresh Wave,2026-11-01,,End User Computing,Approved,1636.66
PRJ003411,A0004592,Technology Refresh Wave,2028-02-03,,Network,Completed,1030.37
PRJ003412,A0021321,Technology Refresh Wave,2028-12-04,,Network,Proposed,10984.63
PRJ003413,A0004150,Technology Refresh Wave,2026-08-31,,Network,In Progress,904.03
PRJ003414,A0009881,Technology Refresh Wave,2026-01-23,,Security,Proposed,1078.57
PRJ003415,A0010455,Technology Refresh Wave,2027-08-30,,Cloud,Approved,1164.14
PRJ003416,A0022386,Technology Refresh Wave,2028-04-23,,Security,In Progress,13096.03
PRJ003417,A0019014,Technology Refresh Wave,2027-10-01,,End User Computing,Proposed,456.0
PRJ003418,A0020190,Technology Refresh Wave,2028-08-16,,Cloud,In Progress,16393.62
PRJ003419,A0020203,Technology Refresh Wave,2027-01-05,,Cloud,Completed,18207.53
PRJ003420,A0021889,Technology Refresh Wave,2026-08-01,,Network,Completed,4334.61
PRJ003421,A0002326,Technology Refresh Wave,2026-10-03,,Security,In Progress,1030.6
PRJ003422,A0019006,Technology Refresh Wave,2027-08-16,,Cloud,Deferred,544.68
PRJ003423,A0014519,Technology Refresh Wave,2027-05-06,,Infrastructure,Proposed,764.18
PRJ003424,A0000479,Technology Refresh Wave,2027-12-06,,Network,Deferred,1206.58
PRJ003425,A0001372,Technology Refresh Wave,2027-03-27,,Cloud,Deferred,1139.77
PRJ003426,A0021831,Technology Refresh Wave,2026-09-04,,End User Computing,Proposed,4985.25
PRJ003427,A0000231,Technology Refresh Wave,2027-02-09,,End User Computing,Deferred,1728.8
PRJ003428,A0008797,Technology Refresh Wave,2027-06-03,,Cloud,Proposed,2395.52
PRJ003429,A0013564,Technology Refresh Wave,2028-07-10,,Infrastructure,Approved,1282.36
PRJ003430,A0002565,Technology Refresh Wave,2026-11-28,,End User Computing,Proposed,1833.03
PRJ003431,A0001206,Technology Refresh Wave,2028-09-17,,Network,Proposed,1120.42
PRJ003432,A0017987,Technology Refresh Wave,2028-01-13,,Infrastructure,In Progress,851.57
PRJ003433,A0016419,Technology Refresh Wave,2026-09-30,,End User Computing,In Progress,763.7
PRJ003434,A0017222,Technology Refresh Wave,2028-10-02,,Network,Approved,878.54
PRJ003435,A0011199,Technology Refresh Wave,2028-11-22,,Infrastructure,Deferred,1266.68
PRJ003436,A0015432,Technology Refresh Wave,2028-08-05,,End User Computing,Proposed,935.57
PRJ003437,A0004680,Technology Refresh Wave,2027-02-19,,Infrastructure,Completed,1033.85
PRJ003438,A0003994,Technology Refresh Wave,2027-05-08,,Infrastructure,Completed,923.29
PRJ003439,A0003502,Technology Refresh Wave,2027-04-18,,Cloud,Completed,1358.39
PRJ003440,A0016829,Technology Refresh Wave,2028-06-19,,Infrastructure,Completed,841.66
PRJ003441,A0003669,Technology Refresh Wave,2028-09-11,,Network,Approved,1448.42
PRJ003442,A0002351,Technology Refresh Wave,2026-07-13,,Network,In Progress,1047.99
PRJ003443,A0014504,Technology Refresh Wave,2028-11-19,,End User Computing,Deferred,876.92
PRJ003444,A0011589,Technology Refresh Wave,2027-11-03,,Security,Deferred,1094.35
PRJ003445,A0000195,Technology Refresh Wave,2028-08-16,,Infrastructure,Proposed,1130.64
PRJ003446,A0010035,Technology Refresh Wave,2028-07-24,,Cloud,Proposed,1284.35
PRJ003447,A0019855,Technology Refresh Wave,2028-04-07,,Security,Proposed,275.88
PRJ003448,A0011841,Technology Refresh Wave,2028-07-04,,Security,Deferred,2669.74
PRJ003449,A0021911,Technology Refresh Wave,2027-01-20,,Infrastructure,In Progress,3977.94
PRJ003450,A0003297,Technology Refresh Wave,2027-07-28,,Network,Proposed,2149.91
PRJ003451,A0013771,Technology Refresh Wave,2026-12-04,,Infrastructure,Completed,1274.04
PRJ003452,A0018683,Technology Refresh Wave,2026-12-01,,End User Computing,Completed,492.8
PRJ003453,A0022905,Technology Refresh Wave,2026-09-08,,Infrastructure,In Progress,3912.7
PRJ003454,A0023014,Technology Refresh Wave,2026-12-05,,Cloud,Deferred,6481.22
PRJ003455,A0014341,Technology Refresh Wave,2028-02-05,,Infrastructure,Proposed,1289.94
PRJ003456,A0002928,Technology Refresh Wave,2028-02-07,,Security,Proposed,1523.42
PRJ003457,A0006071,Technology Refresh Wave,2026-01-30,,End User Computing,Completed,1305.28
PRJ003458,A0001871,Technology Refresh Wave,2026-10-16,,End User Computing,Completed,1673.18
PRJ003459,A0012136,Technology Refresh Wave,2026-08-01,,Security,Completed,1467.11
PRJ003460,A0007616,Technology Refresh Wave,2028-05-29,,Network,Proposed,2051.11
PRJ003461,A0016288,Technology Refresh Wave,2028-11-15,,Security,Proposed,1242.14
PRJ003462,A0012457,Technology Refresh Wave,2026-02-13,,Infrastructure,Approved,1040.73
PRJ003463,A0014201,Technology Refresh Wave,2027-11-21,,End User Computing,Approved,1140.03
PRJ003464,A0009888,Technology Refresh Wave,2027-05-14,,Cloud,Approved,1010.26
PRJ003465,A0011209,Technology Refresh Wave,2028-07-18,,Network,Approved,1473.41
PRJ003466,A0022904,Technology Refresh Wave,2026-01-04,,Security,Deferred,8634.15
PRJ003467,A0000587,Technology Refresh Wave,2026-03-01,,Cloud,Deferred,1376.68
PRJ003468,A0012726,Technology Refresh Wave,2027-02-28,,Infrastructure,Approved,1279.62
PRJ003469,A0008957,Technology Refresh Wave,2026-11-06,,Infrastructure,Approved,1416.47
PRJ003470,A0019295,Technology Refresh Wave,2028-09-25,,End User Computing,In Progress,355.52
PRJ003471,A0019719,Technology Refresh Wave,2027-02-02,,Network,Deferred,422.33
PRJ003472,A0003044,Technology Refresh Wave,2028-11-20,,Network,Approved,1204.41
PRJ003473,A0020691,Technology Refresh Wave,2028-09-09,,Infrastructure,Completed,12542.4
PRJ003474,A0006481,Technology Refresh Wave,2027-09-12,,Cloud,Deferred,1475.63
PRJ003475,A0017040,Technology Refresh Wave,2028-04-23,,Infrastructure,Approved,1017.11
PRJ003476,A0016793,Technology Refresh Wave,2026-03-04,,Security,Deferred,956.27
PRJ003477,A0000514,Technology Refresh Wave,2026-06-27,,Security,In Progress,979.55
PRJ003478,A0010190,Technology Refresh Wave,2028-11-18,,Cloud,Approved,1904.54
PRJ003479,A0018318,Technology Refresh Wave,2026-07-11,,Infrastructure,Deferred,919.63
PRJ003480,A0006188,Technology Refresh Wave,2026-09-20,,Infrastructure,In Progress,1876.42
PRJ003481,A0004646,Technology Refresh Wave,2028-03-08,,Infrastructure,Approved,1604.14
PRJ003482,A0023591,Technology Refresh Wave,2027-03-23,,Security,In Progress,786.11
PRJ003483,A0001912,Technology Refresh Wave,2028-06-13,,End User Computing,Deferred,1496.04
PRJ003484,A0013250,Technology Refresh Wave,2027-07-25,,Cloud,Deferred,934.03
PRJ003485,A0018507,Technology Refresh Wave,2028-07-15,,Network,Completed,371.49
PRJ003486,A0022804,Technology Refresh Wave,2028-11-29,,Security,Approved,4505.07
PRJ003487,A0000312,Technology Refresh Wave,2026-08-11,,End User Computing,Proposed,2181.16
PRJ003488,A0012972,Technology Refresh Wave,2028-05-29,,Infrastructure,Approved,865.45
PRJ003489,A0008362,Technology Refresh Wave,2027-10-26,,End User Computing,Approved,1374.23
PRJ003490,A0013720,Technology Refresh Wave,2026-02-16,,Infrastructure,Deferred,1584.17
PRJ003491,A0001188,Technology Refresh Wave,2028-10-23,,Network,Completed,1283.81
PRJ003492,A0013689,Technology Refresh Wave,2027-02-11,,Network,Approved,1357.83
PRJ003493,A0007307,Technology Refresh Wave,2026-03-02,,Network,Completed,1408.6
PRJ003494,A0011747,Technology Refresh Wave,2026-09-14,,Security,Proposed,1287.8
PRJ003495,A0005533,Technology Refresh Wave,2028-07-29,,End User Computing,Approved,1381.64
PRJ003496,A0017277,Technology Refresh Wave,2026-06-12,,Security,Approved,997.57
PRJ003497,A0022992,Technology Refresh Wave,2027-12-12,,Security,Proposed,17592.2
PRJ003498,A0001348,Technology Refresh Wave,2028-12-26,,Security,Approved,1086.12
PRJ003499,A0009527,Technology Refresh Wave,2027-02-02,,Security,In Progress,1143.39
PRJ003500,A0003530,Technology Refresh Wave,2027-03-24,,End User Computing,Proposed,1608.96
PRJ003501,A0017498,Technology Refresh Wave,2026-07-07,,Security,Completed,902.99
PRJ003502,A0008817,Technology Refresh Wave,2028-11-13,,Infrastructure,Deferred,1124.16
PRJ003503,A0002076,Technology Refresh Wave,2027-09-19,,Infrastructure,Approved,1584.57
PRJ003504,A0015852,Technology Refresh Wave,2026-12-27,,Security,Deferred,903.5
PRJ003505,A0019884,Technology Refresh Wave,2027-06-05,,Security,Approved,514.48
PRJ003506,A0014846,Technology Refresh Wave,2026-06-12,,Network,Proposed,1135.08
PRJ003507,A0021517,Technology Refresh Wave,2026-04-22,,Security,Proposed,5251.96
PRJ003508,A0005108,Technology Refresh Wave,2026-08-21,,Security,Completed,822.75
PRJ003509,A0014107,Technology Refresh Wave,2027-10-24,,Cloud,In Progress,756.03
PRJ003510,A0009139,Technology Refresh Wave,2028-10-09,,End User Computing,Proposed,1896.62
PRJ003511,A0007722,Technology Refresh Wave,2028-01-07,,Cloud,In Progress,1020.58
PRJ003512,A0011934,Technology Refresh Wave,2027-05-17,,Infrastructure,Proposed,1199.46
PRJ003513,A0007795,Technology Refresh Wave,2028-03-06,,Security,Proposed,1240.62
PRJ003514,A0014340,Technology Refresh Wave,2028-04-01,,Cloud,Deferred,908.6
PRJ003515,A0017116,Technology Refresh Wave,2026-05-27,,Cloud,Approved,834.59
PRJ003516,A0013168,Technology Refresh Wave,2028-02-13,,Network,Proposed,1144.16
PRJ003517,A0007500,Technology Refresh Wave,2028-11-09,,Cloud,Approved,1143.93
PRJ003518,A0002134,Technology Refresh Wave,2026-12-16,,Infrastructure,Approved,904.59
PRJ003519,A0004700,Technology Refresh Wave,2028-09-02,,Network,Completed,1255.44
PRJ003520,A0020219,Technology Refresh Wave,2027-03-11,,Security,In Progress,18255.0
PRJ003521,A0023262,Technology Refresh Wave,2026-08-07,,Infrastructure,Deferred,716.76
PRJ003522,A0003335,Technology Refresh Wave,2027-04-06,,Infrastructure,Approved,1085.12
PRJ003523,A0013245,Technology Refresh Wave,2028-05-10,,Cloud,Deferred,1208.43
PRJ003524,A0013254,Technology Refresh Wave,2027-07-08,,Network,Proposed,2121.02
PRJ003525,A0015653,Technology Refresh Wave,2028-03-14,,Security,Approved,910.64
PRJ003526,A0004848,Technology Refresh Wave,2026-04-08,,Cloud,Approved,1394.08
PRJ003527,A0008940,Technology Refresh Wave,2026-05-24,,Network,Approved,2352.11
PRJ003528,A0000827,Technology Refresh Wave,2027-05-13,,Security,Approved,1518.5
PRJ003529,A0015546,Technology Refresh Wave,2028-07-17,,Cloud,Completed,974.33
PRJ003530,A0002931,Technology Refresh Wave,2026-08-10,,Cloud,Proposed,2951.74
PRJ003531,A0004422,Technology Refresh Wave,2027-05-20,,Security,Approved,1714.44
PRJ003532,A0001145,Technology Refresh Wave,2028-05-16,,Infrastructure,Deferred,1109.91
PRJ003533,A0006098,Technology Refresh Wave,2026-02-06,,Network,Approved,1460.33
PRJ003534,A0011891,Technology Refresh Wave,2027-04-19,,Infrastructure,In Progress,896.99
PRJ003535,A0021445,Technology Refresh Wave,2028-11-18,,Infrastructure,Completed,10647.65
PRJ003536,A0017487,Technology Refresh Wave,2026-02-28,,Cloud,In Progress,962.38
PRJ003537,A0004686,Technology Refresh Wave,2026-07-27,,Network,In Progress,1216.51
PRJ003538,A0001159,Technology Refresh Wave,2026-04-10,,End User Computing,Proposed,1323.96
PRJ003539,A0020579,Technology Refresh Wave,2028-08-23,,End User Computing,In Progress,14993.79
PRJ003540,A0015123,Technology Refresh Wave,2026-05-10,,Security,In Progress,799.02
PRJ003541,A0005551,Technology Refresh Wave,2027-08-02,,Infrastructure,Approved,1988.28
PRJ003542,A0004394,Technology Refresh Wave,2027-11-24,,Security,Approved,1344.41
PRJ003543,A0016608,Technology Refresh Wave,2028-03-12,,Infrastructure,Proposed,769.27
PRJ003544,A0020889,Technology Refresh Wave,2028-03-15,,Security,Completed,14203.26
PRJ003545,A0000820,Technology Refresh Wave,2026-06-27,,Security,In Progress,1140.67
PRJ003546,A0005220,Technology Refresh Wave,2027-08-07,,Security,Proposed,1273.58
PRJ003547,A0009626,Technology Refresh Wave,2028-11-27,,Security,Approved,1536.15
PRJ003548,A0011922,Technology Refresh Wave,2028-05-13,,Network,Approved,1633.22
PRJ003549,A0006485,Technology Refresh Wave,2026-03-10,,Infrastructure,Proposed,1544.1
PRJ003550,A0007031,Technology Refresh Wave,2027-09-06,,Infrastructure,Approved,1398.67
PRJ003551,A0014649,Technology Refresh Wave,2027-06-17,,Infrastructure,Deferred,912.31
PRJ003552,A0014168,Technology Refresh Wave,2026-07-02,,Cloud,In Progress,1031.53
PRJ003553,A0021508,Technology Refresh Wave,2028-12-22,,Infrastructure,Completed,7932.97
PRJ003554,A0003533,Technology Refresh Wave,2028-02-11,,Security,Deferred,1320.96
PRJ003555,A0023351,Technology Refresh Wave,2028-11-29,,Cloud,Approved,1279.16
PRJ003556,A0017759,Technology Refresh Wave,2027-11-15,,Network,Completed,1171.89
PRJ003557,A0016890,Technology Refresh Wave,2027-09-15,,Network,Deferred,1220.95
PRJ003558,A0003107,Technology Refresh Wave,2026-03-12,,Security,Deferred,1472.86
PRJ003559,A0013526,Technology Refresh Wave,2027-07-14,,End User Computing,Proposed,1393.83
PRJ003560,A0014089,Technology Refresh Wave,2026-02-17,,Network,Completed,1117.17
PRJ003561,A0001641,Technology Refresh Wave,2028-12-30,,End User Computing,Proposed,926.61
PRJ003562,A0007794,Technology Refresh Wave,2026-04-21,,Network,Proposed,1210.61
PRJ003563,A0018340,Technology Refresh Wave,2028-11-21,,Network,Proposed,1257.94
PRJ003564,A0022782,Technology Refresh Wave,2028-02-04,,Cloud,Proposed,13139.21
PRJ003565,A0019155,Technology Refresh Wave,2027-09-22,,Cloud,Completed,485.64
PRJ003566,A0004011,Technology Refresh Wave,2027-10-23,,Security,Proposed,2723.81
PRJ003567,A0007673,Technology Refresh Wave,2027-09-04,,Infrastructure,Proposed,1921.9
PRJ003568,A0003508,Technology Refresh Wave,2027-04-05,,End User Computing,Completed,1339.4
PRJ003569,A0023603,Technology Refresh Wave,2027-01-23,,End User Computing,Proposed,687.74
PRJ003570,A0013518,Technology Refresh Wave,2028-04-04,,Network,Completed,1971.67
PRJ003571,A0005095,Technology Refresh Wave,2026-04-13,,Infrastructure,Deferred,1430.77
PRJ003572,A0016736,Technology Refresh Wave,2026-10-27,,Cloud,Proposed,1192.05
PRJ003573,A0016894,Technology Refresh Wave,2026-02-12,,Security,Deferred,923.96
PRJ003574,A0023186,Technology Refresh Wave,2027-05-28,,Security,In Progress,695.72
PRJ003575,A0020857,Technology Refresh Wave,2028-09-01,,Infrastructure,In Progress,11075.91
PRJ003576,A0008608,Technology Refresh Wave,2027-10-26,,Network,In Progress,1063.66
PRJ003577,A0007933,Technology Refresh Wave,2028-11-06,,End User Computing,Completed,1373.31
PRJ003578,A0022888,Technology Refresh Wave,2027-11-09,,End User Computing,In Progress,29098.03
PRJ003579,A0019668,Technology Refresh Wave,2026-07-11,,Network,Approved,409.57
PRJ003580,A0006073,Technology Refresh Wave,2026-01-01,,End User Computing,Approved,1317.81
PRJ003581,A0010711,Technology Refresh Wave,2027-10-23,,Network,Approved,1159.59
PRJ003582,A0021393,Technology Refresh Wave,2026-08-05,,Security,Deferred,17035.09
PRJ003583,A0019288,Technology Refresh Wave,2028-03-29,,Network,Deferred,473.97
PRJ003584,A0001730,Technology Refresh Wave,2027-07-27,,Security,In Progress,1230.41
PRJ003585,A0023461,Technology Refresh Wave,2026-12-04,,Network,Proposed,1000.53
PRJ003586,A0022436,Technology Refresh Wave,2028-02-25,,Network,In Progress,19008.1
PRJ003587,A0009001,Technology Refresh Wave,2028-08-31,,Network,Completed,887.93
PRJ003588,A0002894,Technology Refresh Wave,2026-10-20,,Infrastructure,In Progress,1340.35
PRJ003589,A0022927,Technology Refresh Wave,2026-01-20,,Infrastructure,Approved,7474.52
PRJ003590,A0004740,Technology Refresh Wave,2028-10-12,,End User Computing,Proposed,1122.02
PRJ003591,A0007535,Technology Refresh Wave,2027-10-17,,End User Computing,Proposed,1298.53
PRJ003592,A0006984,Technology Refresh Wave,2026-11-23,,Network,Deferred,896.19
PRJ003593,A0003663,Technology Refresh Wave,2027-12-09,,Security,Deferred,1299.19
PRJ003594,A0008830,Technology Refresh Wave,2026-08-12,,Network,Deferred,1321.98
PRJ003595,A0006054,Technology Refresh Wave,2027-02-15,,Security,Deferred,1059.01
PRJ003596,A0000219,Technology Refresh Wave,2028-06-30,,End User Computing,Deferred,1062.85
PRJ003597,A0020693,Technology Refresh Wave,2026-08-25,,Network,Proposed,21826.64
PRJ003598,A0023027,Technology Refresh Wave,2027-12-23,,Network,Completed,25431.54
PRJ003599,A0008317,Technology Refresh Wave,2026-07-30,,End User Computing,Proposed,999.19
PRJ003600,A0004814,Technology Refresh Wave,2028-02-16,,Infrastructure,Proposed,1207.92
PRJ003601,A0002381,Technology Refresh Wave,2028-06-21,,End User Computing,Approved,1447.4
PRJ003602,A0022821,Technology Refresh Wave,2028-02-23,,End User Computing,In Progress,22512.97
PRJ003603,A0018962,Technology Refresh Wave,2026-07-10,,Cloud,Proposed,477.75
PRJ003604,A0009273,Technology Refresh Wave,2027-07-30,,Cloud,Approved,1720.46
PRJ003605,A0009496,Technology Refresh Wave,2027-04-07,,Infrastructure,Proposed,1578.07
PRJ003606,A0002877,Technology Refresh Wave,2027-02-24,,Infrastructure,In Progress,2378.54
PRJ003607,A0022642,Technology Refresh Wave,2027-10-15,,Infrastructure,Approved,76693.16
PRJ003608,A0002688,Technology Refresh Wave,2026-03-09,,Network,Approved,1200.31
PRJ003609,A0018509,Technology Refresh Wave,2026-04-21,,Network,In Progress,534.17
PRJ003610,A0006333,Technology Refresh Wave,2026-05-19,,Infrastructure,Completed,1575.18
PRJ003611,A0007761,Technology Refresh Wave,2026-11-07,,Infrastructure,In Progress,1662.24
PRJ003612,A0021548,Technology Refresh Wave,2028-12-30,,Infrastructure,Proposed,4550.4
PRJ003613,A0003618,Technology Refresh Wave,2026-12-13,,Cloud,Completed,1589.51
PRJ003614,A0017822,Technology Refresh Wave,2026-11-15,,Infrastructure,In Progress,878.23
PRJ003615,A0019503,Technology Refresh Wave,2026-02-10,,Infrastructure,Completed,295.43
PRJ003616,A0003209,Technology Refresh Wave,2026-10-11,,Infrastructure,Deferred,1191.05
PRJ003617,A0015232,Technology Refresh Wave,2027-02-01,,Security,Completed,1274.13
PRJ003618,A0007202,Technology Refresh Wave,2027-08-29,,End User Computing,Approved,2012.11
PRJ003619,A0018797,Technology Refresh Wave,2026-07-25,,End User Computing,Proposed,309.28
PRJ003620,A0016677,Technology Refresh Wave,2026-02-24,,Infrastructure,Proposed,1169.05
PRJ003621,A0020824,Technology Refresh Wave,2028-02-18,,Infrastructure,Deferred,13192.47
PRJ003622,A0016187,Technology Refresh Wave,2027-03-03,,Infrastructure,In Progress,958.82
PRJ003623,A0009515,Technology Refresh Wave,2028-06-10,,Network,In Progress,1196.16
PRJ003624,A0002421,Technology Refresh Wave,2027-03-22,,Cloud,Completed,1589.1
PRJ003625,A0017699,Technology Refresh Wave,2026-08-30,,Security,Proposed,1025.83
PRJ003626,A0003208,Technology Refresh Wave,2028-12-22,,Infrastructure,Deferred,1146.91
PRJ003627,A0018844,Technology Refresh Wave,2028-11-28,,Network,Approved,520.74
PRJ003628,A0023105,Technology Refresh Wave,2027-03-25,,Cloud,Approved,644.7
PRJ003629,A0020550,Technology Refresh Wave,2028-02-18,,Infrastructure,Deferred,17617.29
PRJ003630,A0004406,Technology Refresh Wave,2028-10-10,,Infrastructure,Completed,1948.73
PRJ003631,A0008591,Technology Refresh Wave,2028-05-09,,Cloud,Approved,1354.84
PRJ003632,A0008117,Technology Refresh Wave,2026-04-20,,Cloud,Approved,1269.9
PRJ003633,A0010323,Technology Refresh Wave,2028-04-07,,End User Computing,Proposed,1327.03
PRJ003634,A0014761,Technology Refresh Wave,2027-08-04,,Security,Approved,784.79
PRJ003635,A0016949,Technology Refresh Wave,2028-10-23,,End User Computing,Approved,822.12
PRJ003636,A0014620,Technology Refresh Wave,2028-06-15,,Cloud,Approved,924.08
PRJ003637,A0022900,Technology Refresh Wave,2026-09-16,,Cloud,Approved,10222.81
PRJ003638,A0009528,Technology Refresh Wave,2026-08-03,,Network,Proposed,1047.09
PRJ003639,A0007357,Technology Refresh Wave,2026-02-22,,Infrastructure,Proposed,1413.76
PRJ003640,A0015773,Technology Refresh Wave,2027-12-10,,Infrastructure,In Progress,1091.9
PRJ003641,A0010550,Technology Refresh Wave,2027-01-15,,Infrastructure,In Progress,877.61
PRJ003642,A0014702,Technology Refresh Wave,2028-08-30,,End User Computing,Deferred,1056.41
PRJ003643,A0013062,Technology Refresh Wave,2027-06-27,,Network,In Progress,1015.51
PRJ003644,A0023399,Technology Refresh Wave,2027-04-07,,Infrastructure,Approved,787.9
PRJ003645,A0002745,Technology Refresh Wave,2027-03-01,,Infrastructure,Deferred,1127.01
PRJ003646,A0011809,Technology Refresh Wave,2028-12-04,,End User Computing,Approved,1329.82
PRJ003647,A0014024,Technology Refresh Wave,2027-06-12,,Security,Completed,982.85
PRJ003648,A0021114,Technology Refresh Wave,2027-08-25,,Network,Proposed,12337.27
PRJ003649,A0018870,Technology Refresh Wave,2028-08-26,,Infrastructure,Proposed,458.51
PRJ003650,A0019424,Technology Refresh Wave,2027-09-06,,Security,Proposed,585.21
PRJ003651,A0011482,Technology Refresh Wave,2026-09-07,,Network,In Progress,1339.71
PRJ003652,A0001394,Technology Refresh Wave,2026-07-12,,Network,Proposed,1366.78
PRJ003653,A0020330,Technology Refresh Wave,2028-04-02,,Infrastructure,Approved,13835.89
PRJ003654,A0000963,Technology Refresh Wave,2026-08-24,,Infrastructure,Approved,2234.79
PRJ003655,A0020222,Technology Refresh Wave,2028-06-29,,Infrastructure,Approved,9299.45
PRJ003656,A0007912,Technology Refresh Wave,2026-02-14,,Cloud,Proposed,788.04
PRJ003657,A0013111,Technology Refresh Wave,2028-07-28,,Network,Completed,1401.45
PRJ003658,A0000665,Technology Refresh Wave,2026-02-14,,End User Computing,Approved,1185.01
PRJ003659,A0008204,Technology Refresh Wave,2028-11-14,,Cloud,Proposed,1138.14
PRJ003660,A0006040,Technology Refresh Wave,2026-01-29,,Security,Completed,2838.07
PRJ003661,A0009623,Technology Refresh Wave,2026-05-18,,Cloud,Completed,1277.6
PRJ003662,A0000328,Technology Refresh Wave,2026-11-18,,Cloud,Deferred,1396.89
PRJ003663,A0019987,Technology Refresh Wave,2028-11-27,,Infrastructure,Deferred,476.48
PRJ003664,A0006096,Technology Refresh Wave,2026-03-30,,Cloud,In Progress,1137.74
PRJ003665,A0019645,Technology Refresh Wave,2027-09-15,,Infrastructure,Proposed,368.33
PRJ003666,A0014119,Technology Refresh Wave,2027-07-12,,Cloud,Deferred,773.07
PRJ003667,A0018958,Technology Refresh Wave,2026-07-18,,Security,In Progress,375.99
PRJ003668,A0022397,Technology Refresh Wave,2028-08-10,,Infrastructure,In Progress,16906.03
PRJ003669,A0008058,Technology Refresh Wave,2026-06-07,,Security,Proposed,1191.05
PRJ003670,A0012975,Technology Refresh Wave,2028-01-24,,End User Computing,Approved,1181.96
PRJ003671,A0009572,Technology Refresh Wave,2028-02-22,,Security,Proposed,1100.35
PRJ003672,A0018818,Technology Refresh Wave,2028-11-20,,End User Computing,Approved,510.93
PRJ003673,A0013821,Technology Refresh Wave,2027-09-27,,Infrastructure,Proposed,1160.24
PRJ003674,A0007482,Technology Refresh Wave,2027-02-23,,Network,Proposed,948.74
PRJ003675,A0003170,Technology Refresh Wave,2027-12-26,,Cloud,Approved,1632.33
PRJ003676,A0012098,Technology Refresh Wave,2026-10-17,,Security,Deferred,1707.36
PRJ003677,A0008242,Technology Refresh Wave,2026-10-22,,Security,Deferred,828.78
PRJ003678,A0021526,Technology Refresh Wave,2026-12-07,,Network,In Progress,6263.0
PRJ003679,A0004473,Technology Refresh Wave,2028-04-18,,Network,Deferred,1178.02
PRJ003680,A0017099,Technology Refresh Wave,2027-09-05,,End User Computing,Completed,1241.17
PRJ003681,A0014888,Technology Refresh Wave,2028-02-18,,Infrastructure,Proposed,1066.45
PRJ003682,A0008871,Technology Refresh Wave,2027-11-23,,Cloud,Approved,1228.55
PRJ003683,A0020083,Technology Refresh Wave,2028-05-10,,Security,Completed,15925.84
PRJ003684,A0014145,Technology Refresh Wave,2027-10-29,,Network,Proposed,847.74
PRJ003685,A0019311,Technology Refresh Wave,2026-09-20,,Infrastructure,Deferred,516.1
PRJ003686,A0020767,Technology Refresh Wave,2027-10-03,,Network,Deferred,14374.91
PRJ003687,A0015274,Technology Refresh Wave,2027-01-16,,Cloud,In Progress,985.22
PRJ003688,A0014064,Technology Refresh Wave,2028-12-27,,Infrastructure,Approved,1007.95
PRJ003689,A0003821,Technology Refresh Wave,2028-09-26,,End User Computing,Proposed,1044.78
PRJ003690,A0021078,Technology Refresh Wave,2026-06-14,,End User Computing,Completed,18991.78
PRJ003691,A0016186,Technology Refresh Wave,2028-04-02,,Security,In Progress,993.12
PRJ003692,A0023000,Technology Refresh Wave,2026-02-20,,End User Computing,In Progress,38237.76
PRJ003693,A0008453,Technology Refresh Wave,2026-05-29,,Cloud,Deferred,1242.29
PRJ003694,A0002458,Technology Refresh Wave,2027-10-13,,Cloud,Completed,1239.25
PRJ003695,A0008517,Technology Refresh Wave,2028-11-04,,Cloud,Approved,1116.12
PRJ003696,A0008073,Technology Refresh Wave,2027-07-23,,End User Computing,Approved,767.88
PRJ003697,A0007318,Technology Refresh Wave,2026-08-13,,End User Computing,Approved,1520.18
PRJ003698,A0003001,Technology Refresh Wave,2027-07-12,,Infrastructure,In Progress,1350.03
PRJ003699,A0019514,Technology Refresh Wave,2026-02-15,,End User Computing,In Progress,487.34
PRJ003700,A0020312,Technology Refresh Wave,2028-08-14,,End User Computing,In Progress,16166.0
PRJ003701,A0001605,Technology Refresh Wave,2026-07-10,,Cloud,Completed,1268.69
PRJ003702,A0017472,Technology Refresh Wave,2028-08-31,,Security,Proposed,746.85
PRJ003703,A0000102,Technology Refresh Wave,2028-12-06,,Security,Proposed,1779.29
PRJ003704,A0004270,Technology Refresh Wave,2028-11-16,,End User Computing,Deferred,1418.21
PRJ003705,A0003738,Technology Refresh Wave,2027-02-19,,Security,Approved,2106.04
PRJ003706,A0022850,Technology Refresh Wave,2026-06-12,,Cloud,Proposed,26668.8
PRJ003707,A0017068,Technology Refresh Wave,2027-08-22,,Network,Proposed,1013.19
PRJ003708,A0020885,Technology Refresh Wave,2028-12-22,,End User Computing,Approved,15641.06
PRJ003709,A0013476,Technology Refresh Wave,2026-03-18,,Cloud,Proposed,1250.26
PRJ003710,A0014482,Technology Refresh Wave,2027-04-11,,Security,Proposed,1041.96
PRJ003711,A0003296,Technology Refresh Wave,2027-06-23,,Cloud,Proposed,1121.85
PRJ003712,A0004979,Technology Refresh Wave,2026-05-23,,End User Computing,Proposed,1245.07
PRJ003713,A0004111,Technology Refresh Wave,2028-12-24,,End User Computing,Proposed,1392.29
PRJ003714,A0007331,Technology Refresh Wave,2026-07-08,,Security,Proposed,1562.44
PRJ003715,A0007917,Technology Refresh Wave,2027-11-16,,Cloud,Deferred,1055.6
PRJ003716,A0002404,Technology Refresh Wave,2027-11-23,,Security,Completed,1385.38
PRJ003717,A0023645,Technology Refresh Wave,2028-02-02,,Network,In Progress,924.85
PRJ003718,A0009246,Technology Refresh Wave,2026-06-26,,Network,Approved,1471.12
PRJ003719,A0017225,Technology Refresh Wave,2026-08-24,,Cloud,Proposed,985.55
PRJ003720,A0023098,Technology Refresh Wave,2028-08-31,,Network,Proposed,1207.37
PRJ003721,A0000879,Technology Refresh Wave,2026-07-06,,End User Computing,Proposed,1346.66
PRJ003722,A0019903,Technology Refresh Wave,2028-12-27,,End User Computing,Deferred,450.61
PRJ003723,A0017531,Technology Refresh Wave,2028-12-12,,Network,Completed,960.77
PRJ003724,A0001351,Technology Refresh Wave,2027-04-20,,Network,In Progress,1441.8
PRJ003725,A0002110,Technology Refresh Wave,2027-05-02,,Network,Approved,1686.33
PRJ003726,A0019682,Technology Refresh Wave,2026-07-06,,Security,In Progress,476.32
PRJ003727,A0003947,Technology Refresh Wave,2028-01-27,,Infrastructure,Deferred,2621.9
PRJ003728,A0020196,Technology Refresh Wave,2028-09-12,,Cloud,Proposed,12630.4
PRJ003729,A0005536,Technology Refresh Wave,2026-01-19,,Security,Deferred,1251.98
PRJ003730,A0022427,Technology Refresh Wave,2026-06-17,,Cloud,Approved,19246.21
PRJ003731,A0000411,Technology Refresh Wave,2028-07-23,,Security,Completed,890.2
PRJ003732,A0013275,Technology Refresh Wave,2027-10-24,,Security,In Progress,910.39
PRJ003733,A0019268,Technology Refresh Wave,2026-09-11,,Cloud,Proposed,516.14
PRJ003734,A0017058,Technology Refresh Wave,2028-12-06,,End User Computing,Approved,905.19
PRJ003735,A0015398,Technology Refresh Wave,2026-12-01,,Network,Proposed,762.94
PRJ003736,A0008405,Technology Refresh Wave,2028-06-04,,Network,Deferred,1384.26
PRJ003737,A0005378,Technology Refresh Wave,2027-08-23,,End User Computing,Proposed,1147.51
PRJ003738,A0002190,Technology Refresh Wave,2026-11-11,,Network,In Progress,933.04
PRJ003739,A0016209,Technology Refresh Wave,2027-08-24,,Network,Completed,910.2
PRJ003740,A0022242,Technology Refresh Wave,2028-02-12,,Security,Approved,3911.51
PRJ003741,A0014863,Technology Refresh Wave,2026-05-17,,Network,Deferred,828.19
PRJ003742,A0005626,Technology Refresh Wave,2027-09-07,,Cloud,Completed,1121.38
PRJ003743,A0011558,Technology Refresh Wave,2027-06-09,,Cloud,Deferred,1120.67
PRJ003744,A0008137,Technology Refresh Wave,2027-03-03,,End User Computing,Deferred,982.22
PRJ003745,A0014879,Technology Refresh Wave,2027-04-28,,Security,Proposed,754.7
PRJ003746,A0007577,Technology Refresh Wave,2027-01-13,,Network,Deferred,1220.96
PRJ003747,A0022247,Technology Refresh Wave,2027-08-13,,Cloud,Completed,4999.44
PRJ003748,A0018219,Technology Refresh Wave,2027-11-10,,Security,Deferred,774.2
PRJ003749,A0013095,Technology Refresh Wave,2028-08-27,,Cloud,Deferred,1926.29
PRJ003750,A0003247,Technology Refresh Wave,2027-10-03,,Cloud,Completed,1373.94
PRJ003751,A0000314,Technology Refresh Wave,2028-08-14,,Cloud,In Progress,1168.69
PRJ003752,A0009877,Technology Refresh Wave,2028-07-02,,Infrastructure,In Progress,1681.78
PRJ003753,A0015610,Technology Refresh Wave,2028-12-03,,Security,Proposed,912.25
PRJ003754,A0014102,Technology Refresh Wave,2028-01-14,,Cloud,Approved,984.66
PRJ003755,A0015765,Technology Refresh Wave,2026-09-25,,End User Computing,Proposed,1241.19
PRJ003756,A0016984,Technology Refresh Wave,2026-01-28,,Cloud,Approved,777.03
PRJ003757,A0001789,Technology Refresh Wave,2027-07-01,,Network,Proposed,1241.23
PRJ003758,A0021391,Technology Refresh Wave,2026-06-21,,Cloud,In Progress,18172.21
PRJ003759,A0002300,Technology Refresh Wave,2028-02-25,,Infrastructure,Completed,2388.24
PRJ003760,A0014771,Technology Refresh Wave,2028-11-06,,Security,Proposed,923.47
PRJ003761,A0004992,Technology Refresh Wave,2026-03-07,,Network,Approved,1269.34
PRJ003762,A0023086,Technology Refresh Wave,2026-09-24,,End User Computing,Approved,993.59
PRJ003763,A0011902,Technology Refresh Wave,2028-07-12,,End User Computing,Completed,1932.94
PRJ003764,A0006919,Technology Refresh Wave,2026-12-31,,Network,Proposed,1478.57
PRJ003765,A0014602,Technology Refresh Wave,2026-03-25,,Cloud,Completed,743.23
PRJ003766,A0015627,Technology Refresh Wave,2027-08-27,,Network,Approved,869.81
PRJ003767,A0008609,Technology Refresh Wave,2026-11-13,,Security,Approved,1368.61
PRJ003768,A0015198,Technology Refresh Wave,2028-08-01,,Security,Proposed,948.83
PRJ003769,A0000929,Technology Refresh Wave,2026-01-19,,Security,In Progress,1396.25
PRJ003770,A0011120,Technology Refresh Wave,2028-12-19,,Infrastructure,Completed,1168.32
PRJ003771,A0015695,Technology Refresh Wave,2026-01-31,,Security,Deferred,902.88
PRJ003772,A0016452,Technology Refresh Wave,2028-07-25,,Network,In Progress,1094.4
PRJ003773,A0019691,Technology Refresh Wave,2028-05-30,,Infrastructure,Proposed,552.26
PRJ003774,A0006367,Technology Refresh Wave,2026-04-28,,Network,Approved,1178.8
PRJ003775,A0023412,Technology Refresh Wave,2027-02-21,,Network,In Progress,772.86
PRJ003776,A0003116,Technology Refresh Wave,2027-09-26,,Infrastructure,Proposed,1113.05
PRJ003777,A0022648,Technology Refresh Wave,2027-01-19,,Network,Completed,61652.12
PRJ003778,A0023111,Technology Refresh Wave,2026-02-28,,Network,In Progress,564.86
PRJ003779,A0017691,Technology Refresh Wave,2026-08-29,,Infrastructure,Deferred,1041.56
PRJ003780,A0005497,Technology Refresh Wave,2027-04-30,,Infrastructure,Proposed,1456.23
PRJ003781,A0019455,Technology Refresh Wave,2028-07-07,,Network,Deferred,279.08
PRJ003782,A0008618,Technology Refresh Wave,2026-02-07,,End User Computing,In Progress,982.0
PRJ003783,A0012515,Technology Refresh Wave,2026-03-07,,Security,Deferred,1364.77
PRJ003784,A0013817,Technology Refresh Wave,2028-03-03,,Security,In Progress,1155.26
PRJ003785,A0007809,Technology Refresh Wave,2026-01-18,,Cloud,Completed,1062.62
PRJ003786,A0003900,Technology Refresh Wave,2027-02-27,,Security,Approved,909.08
PRJ003787,A0006504,Technology Refresh Wave,2027-12-24,,End User Computing,In Progress,1524.54
PRJ003788,A0002320,Technology Refresh Wave,2026-10-30,,Infrastructure,Completed,2099.48
PRJ003789,A0010237,Technology Refresh Wave,2026-04-24,,Security,In Progress,1027.02
PRJ003790,A0020587,Technology Refresh Wave,2027-03-26,,Cloud,Deferred,14515.35
PRJ003791,A0012020,Technology Refresh Wave,2026-04-22,,Cloud,Completed,1115.5
PRJ003792,A0013161,Technology Refresh Wave,2027-02-10,,Cloud,In Progress,1053.59
PRJ003793,A0003063,Technology Refresh Wave,2027-01-21,,Network,In Progress,1628.2
PRJ003794,A0010046,Technology Refresh Wave,2026-09-15,,Cloud,Deferred,1381.5
PRJ003795,A0016787,Technology Refresh Wave,2028-02-14,,Infrastructure,Proposed,854.06
PRJ003796,A0001007,Technology Refresh Wave,2026-08-30,,Security,Approved,1720.72
PRJ003797,A0017895,Technology Refresh Wave,2028-04-15,,Network,Approved,769.57
PRJ003798,A0004631,Technology Refresh Wave,2027-11-13,,Infrastructure,Proposed,1028.74
PRJ003799,A0010744,Technology Refresh Wave,2027-04-12,,End User Computing,Approved,885.58
PRJ003800,A0019442,Technology Refresh Wave,2028-05-27,,Security,Deferred,337.34
PRJ003801,A0009702,Technology Refresh Wave,2028-09-22,,End User Computing,Approved,1158.91
PRJ003802,A0011366,Technology Refresh Wave,2028-09-13,,End User Computing,Completed,2285.55
PRJ003803,A0008888,Technology Refresh Wave,2026-11-20,,Cloud,Deferred,1065.87
PRJ003804,A0005679,Technology Refresh Wave,2027-03-07,,Security,Proposed,1514.69
PRJ003805,A0006268,Technology Refresh Wave,2026-08-20,,Security,Deferred,1176.86
PRJ003806,A0017342,Technology Refresh Wave,2026-12-22,,Cloud,Completed,1133.17
PRJ003807,A0002248,Technology Refresh Wave,2027-03-10,,End User Computing,Approved,2062.54
PRJ003808,A0013049,Technology Refresh Wave,2026-11-19,,Infrastructure,Proposed,880.47
PRJ003809,A0010158,Technology Refresh Wave,2028-08-25,,Infrastructure,In Progress,2154.48
PRJ003810,A0016205,Technology Refresh Wave,2026-01-27,,Security,Approved,1190.66
PRJ003811,A0016715,Technology Refresh Wave,2028-08-08,,Infrastructure,In Progress,933.01
PRJ003812,A0017482,Technology Refresh Wave,2026-09-27,,Infrastructure,Proposed,714.08
PRJ003813,A0016124,Technology Refresh Wave,2026-01-30,,Security,Proposed,1014.41
PRJ003814,A0015243,Technology Refresh Wave,2028-12-03,,Security,Approved,1118.78
PRJ003815,A0005385,Technology Refresh Wave,2026-11-13,,Security,Approved,999.4
PRJ003816,A0016325,Technology Refresh Wave,2028-06-18,,Security,Approved,1050.09
PRJ003817,A0021091,Technology Refresh Wave,2026-09-12,,Infrastructure,In Progress,14940.22
PRJ003818,A0022318,Technology Refresh Wave,2028-01-08,,Network,Completed,3739.85
PRJ003819,A0020826,Technology Refresh Wave,2028-09-17,,Infrastructure,Approved,13630.99
PRJ003820,A0005285,Technology Refresh Wave,2028-05-21,,Infrastructure,Approved,1401.77
PRJ003821,A0000619,Technology Refresh Wave,2026-05-10,,Security,Approved,1230.48
PRJ003822,A0003438,Technology Refresh Wave,2026-12-26,,Infrastructure,Deferred,2426.95
PRJ003823,A0013153,Technology Refresh Wave,2028-03-15,,Security,Approved,985.2
PRJ003824,A0012627,Technology Refresh Wave,2026-02-27,,End User Computing,In Progress,1996.42
PRJ003825,A0011851,Technology Refresh Wave,2026-05-07,,Network,Proposed,1241.71
PRJ003826,A0006539,Technology Refresh Wave,2026-11-14,,End User Computing,In Progress,1911.33
PRJ003827,A0000128,Technology Refresh Wave,2026-06-14,,Network,Proposed,858.77
PRJ003828,A0001356,Technology Refresh Wave,2026-01-23,,Network,Approved,1312.4
PRJ003829,A0021961,Technology Refresh Wave,2027-09-01,,Network,Deferred,6601.06
PRJ003830,A0009860,Technology Refresh Wave,2027-09-11,,Cloud,Deferred,823.78
PRJ003831,A0019721,Technology Refresh Wave,2026-03-19,,Infrastructure,Completed,465.85
PRJ003832,A0022792,Technology Refresh Wave,2027-01-20,,Cloud,Completed,10767.2
PRJ003833,A0008399,Technology Refresh Wave,2028-09-24,,Cloud,Approved,1503.19
PRJ003834,A0018431,Technology Refresh Wave,2027-05-01,,Security,Deferred,842.78
PRJ003835,A0015468,Technology Refresh Wave,2026-04-10,,End User Computing,Approved,1112.42
PRJ003836,A0011986,Technology Refresh Wave,2027-12-07,,Security,Completed,1143.58
PRJ003837,A0020574,Technology Refresh Wave,2026-10-14,,Infrastructure,Approved,22484.48
PRJ003838,A0008293,Technology Refresh Wave,2028-09-14,,Cloud,Proposed,1422.66
PRJ003839,A0011166,Technology Refresh Wave,2026-10-30,,Cloud,In Progress,1214.09
PRJ003840,A0008337,Technology Refresh Wave,2026-07-05,,Cloud,Proposed,1109.46
PRJ003841,A0003387,Technology Refresh Wave,2028-11-13,,End User Computing,Deferred,2259.59
PRJ003842,A0016110,Technology Refresh Wave,2026-02-24,,Infrastructure,Approved,904.84
PRJ003843,A0012182,Technology Refresh Wave,2026-02-02,,End User Computing,Proposed,1276.79
PRJ003844,A0023739,Technology Refresh Wave,2028-07-08,,Cloud,Deferred,74472.74
PRJ003845,A0003489,Technology Refresh Wave,2026-08-23,,Infrastructure,In Progress,1365.07
PRJ003846,A0008487,Technology Refresh Wave,2027-03-05,,Cloud,Deferred,1281.23
PRJ003847,A0006651,Technology Refresh Wave,2027-08-13,,Network,Completed,1480.83
PRJ003848,A0005505,Technology Refresh Wave,2028-10-20,,End User Computing,In Progress,1251.6
PRJ003849,A0000076,Technology Refresh Wave,2028-06-16,,End User Computing,Deferred,1183.27
PRJ003850,A0018116,Technology Refresh Wave,2027-04-15,,Network,Completed,869.15
PRJ003851,A0003103,Technology Refresh Wave,2026-06-06,,Security,Completed,1755.53
PRJ003852,A0000060,Technology Refresh Wave,2026-08-22,,End User Computing,Approved,1467.36
PRJ003853,A0013434,Technology Refresh Wave,2027-05-10,,Infrastructure,Approved,1300.37
PRJ003854,A0006537,Technology Refresh Wave,2027-02-28,,Infrastructure,In Progress,1100.94
PRJ003855,A0004541,Technology Refresh Wave,2027-11-30,,Security,Approved,1226.44
PRJ003856,A0018492,Technology Refresh Wave,2027-07-23,,Network,Deferred,1079.48
PRJ003857,A0019588,Technology Refresh Wave,2026-01-08,,Security,Deferred,497.93
PRJ003858,A0021109,Technology Refresh Wave,2028-01-11,,Cloud,Deferred,12756.45
PRJ003859,A0008088,Technology Refresh Wave,2027-02-25,,Security,Proposed,1038.39
PRJ003860,A0001164,Technology Refresh Wave,2026-02-02,,End User Computing,Completed,1766.52
PRJ003861,A0016258,Technology Refresh Wave,2026-12-10,,Infrastructure,Deferred,909.62
PRJ003862,A0002459,Technology Refresh Wave,2027-07-26,,Network,In Progress,786.68
PRJ003863,A0022502,Technology Refresh Wave,2026-09-13,,Infrastructure,Proposed,14624.05
PRJ003864,A0005027,Technology Refresh Wave,2027-10-07,,Cloud,Approved,1413.41
PRJ003865,A0005976,Technology Refresh Wave,2026-03-31,,Infrastructure,Completed,1315.07
PRJ003866,A0018387,Technology Refresh Wave,2028-03-24,,Security,Approved,1386.6
PRJ003867,A0020249,Technology Refresh Wave,2026-11-01,,Infrastructure,Proposed,13967.64
PRJ003868,A0010111,Technology Refresh Wave,2028-08-22,,Network,Approved,1695.19
PRJ003869,A0010027,Technology Refresh Wave,2028-06-06,,Cloud,Deferred,1164.23
PRJ003870,A0005344,Technology Refresh Wave,2027-04-12,,End User Computing,Approved,1123.37
PRJ003871,A0003054,Technology Refresh Wave,2028-10-26,,Infrastructure,Completed,811.63
PRJ003872,A0008043,Technology Refresh Wave,2026-10-30,,Cloud,Approved,1228.44
PRJ003873,A0005346,Technology Refresh Wave,2027-11-16,,Network,In Progress,2146.92
PRJ003874,A0019232,Technology Refresh Wave,2027-08-11,,Cloud,Deferred,541.24
PRJ003875,A0019731,Technology Refresh Wave,2026-08-31,,Cloud,In Progress,590.97
PRJ003876,A0016039,Technology Refresh Wave,2026-04-10,,Security,Proposed,1111.35
PRJ003877,A0020919,Technology Refresh Wave,2027-04-25,,Cloud,Approved,15439.13
PRJ003878,A0006730,Technology Refresh Wave,2028-01-13,,Cloud,Deferred,1245.0
PRJ003879,A0003351,Technology Refresh Wave,2027-11-16,,Cloud,Completed,1341.3
PRJ003880,A0013353,Technology Refresh Wave,2027-08-19,,Cloud,Completed,1246.97
PRJ003881,A0004085,Technology Refresh Wave,2026-01-15,,End User Computing,Proposed,867.2
PRJ003882,A0013174,Technology Refresh Wave,2027-07-21,,Cloud,Proposed,1340.26
PRJ003883,A0010599,Technology Refresh Wave,2027-02-22,,Network,In Progress,2060.82
PRJ003884,A0013858,Technology Refresh Wave,2027-03-16,,Security,Completed,1102.92
PRJ003885,A0003473,Technology Refresh Wave,2028-08-05,,Infrastructure,Deferred,1297.6
PRJ003886,A0018496,Technology Refresh Wave,2026-07-23,,Cloud,Deferred,814.21
PRJ003887,A0017719,Technology Refresh Wave,2027-04-19,,Security,Proposed,814.17
PRJ003888,A0008019,Technology Refresh Wave,2027-07-08,,Security,In Progress,1740.17
PRJ003889,A0010921,Technology Refresh Wave,2026-03-25,,Network,Approved,913.44
PRJ003890,A0023253,Technology Refresh Wave,2028-04-14,,Network,Completed,920.57
PRJ003891,A0016892,Technology Refresh Wave,2028-02-01,,Security,Completed,1066.57
PRJ003892,A0007308,Technology Refresh Wave,2028-02-11,,End User Computing,Deferred,1430.96
PRJ003893,A0011286,Technology Refresh Wave,2026-07-25,,Infrastructure,In Progress,2626.12
PRJ003894,A0014414,Technology Refresh Wave,2027-03-29,,Network,Completed,692.17
PRJ003895,A0009710,Technology Refresh Wave,2027-02-22,,Security,Approved,1182.05
PRJ003896,A0002141,Technology Refresh Wave,2028-12-14,,Security,Approved,1204.57
PRJ003897,A0011662,Technology Refresh Wave,2027-11-02,,Cloud,In Progress,1126.34
PRJ003898,A0006014,Technology Refresh Wave,2028-07-22,,Security,In Progress,1261.12
PRJ003899,A0005287,Technology Refresh Wave,2026-12-16,,Security,In Progress,1325.39
PRJ003900,A0017069,Technology Refresh Wave,2026-10-11,,Infrastructure,Approved,810.85
PRJ003901,A0008846,Technology Refresh Wave,2027-01-29,,Security,Deferred,2538.55
PRJ003902,A0016063,Technology Refresh Wave,2026-09-19,,Infrastructure,In Progress,978.67
PRJ003903,A0000611,Technology Refresh Wave,2028-11-26,,Security,Approved,1168.64
PRJ003904,A0016374,Technology Refresh Wave,2028-05-27,,Network,In Progress,869.25
PRJ003905,A0017607,Technology Refresh Wave,2026-01-27,,End User Computing,In Progress,861.49
PRJ003906,A0004833,Technology Refresh Wave,2026-11-18,,End User Computing,Proposed,1867.69
PRJ003907,A0000458,Technology Refresh Wave,2028-04-15,,Cloud,Deferred,982.92
PRJ003908,A0001256,Technology Refresh Wave,2028-03-17,,End User Computing,Completed,1249.07
PRJ003909,A0010017,Technology Refresh Wave,2028-01-18,,Network,Approved,1143.8
PRJ003910,A0002699,Technology Refresh Wave,2027-04-18,,Infrastructure,Proposed,1099.11
PRJ003911,A0000644,Technology Refresh Wave,2026-09-24,,End User Computing,In Progress,1157.7
PRJ003912,A0005935,Technology Refresh Wave,2028-07-03,,Security,Deferred,1383.8
PRJ003913,A0005355,Technology Refresh Wave,2028-03-03,,End User Computing,In Progress,2619.99
PRJ003914,A0004789,Technology Refresh Wave,2027-07-06,,Network,Approved,1100.03
PRJ003915,A0005101,Technology Refresh Wave,2028-06-13,,Security,Proposed,1330.79
PRJ003916,A0005199,Technology Refresh Wave,2027-05-17,,End User Computing,Proposed,1857.49
PRJ003917,A0022344,Technology Refresh Wave,2028-01-15,,Infrastructure,In Progress,6046.04
PRJ003918,A0015677,Technology Refresh Wave,2026-09-23,,End User Computing,Deferred,1039.79
PRJ003919,A0021984,Technology Refresh Wave,2027-07-21,,End User Computing,Completed,5786.55
PRJ003920,A0018474,Technology Refresh Wave,2027-03-21,,End User Computing,Deferred,852.39
PRJ003921,A0005091,Technology Refresh Wave,2026-02-06,,Network,Approved,1242.19
PRJ003922,A0004741,Technology Refresh Wave,2027-01-21,,Cloud,In Progress,978.03
PRJ003923,A0020485,Technology Refresh Wave,2028-02-18,,Cloud,Proposed,13394.35
PRJ003924,A0019595,Technology Refresh Wave,2026-01-06,,Cloud,Deferred,424.11
PRJ003925,A0012075,Technology Refresh Wave,2028-09-05,,Infrastructure,In Progress,1260.86
PRJ003926,A0013154,Technology Refresh Wave,2027-09-28,,Infrastructure,Approved,1325.33
PRJ003927,A0016873,Technology Refresh Wave,2027-10-06,,Infrastructure,Completed,933.98
PRJ003928,A0008545,Technology Refresh Wave,2027-04-08,,Infrastructure,Approved,1378.64
PRJ003929,A0007841,Technology Refresh Wave,2026-03-23,,End User Computing,Deferred,1721.71
PRJ003930,A0012866,Technology Refresh Wave,2028-09-15,,Infrastructure,Proposed,1717.5
PRJ003931,A0010320,Technology Refresh Wave,2026-08-02,,Infrastructure,Proposed,1168.05
PRJ003932,A0014147,Technology Refresh Wave,2028-10-30,,Infrastructure,In Progress,926.87
PRJ003933,A0002528,Technology Refresh Wave,2026-07-29,,Cloud,In Progress,1192.3
PRJ003934,A0012120,Technology Refresh Wave,2028-06-20,,Security,Approved,1111.99
PRJ003935,A0010445,Technology Refresh Wave,2028-08-15,,Network,Completed,999.54
PRJ003936,A0002175,Technology Refresh Wave,2027-10-17,,Network,Approved,1119.53
PRJ003937,A0017540,Technology Refresh Wave,2028-11-28,,Network,Proposed,1108.4
PRJ003938,A0012039,Technology Refresh Wave,2026-11-08,,Cloud,Deferred,1746.22
PRJ003939,A0006463,Technology Refresh Wave,2026-08-12,,Security,Completed,1566.63
PRJ003940,A0012253,Technology Refresh Wave,2027-04-09,,Infrastructure,Approved,1758.53
PRJ003941,A0021668,Technology Refresh Wave,2027-10-19,,Security,In Progress,4931.47
PRJ003942,A0020839,Technology Refresh Wave,2028-05-12,,Network,Deferred,14134.11
PRJ003943,A0006892,Technology Refresh Wave,2027-06-20,,Cloud,Completed,1312.5
PRJ003944,A0016363,Technology Refresh Wave,2028-03-11,,Network,In Progress,1347.06
PRJ003945,A0019984,Technology Refresh Wave,2028-08-12,,Security,Completed,348.8
PRJ003946,A0011048,Technology Refresh Wave,2026-01-19,,Infrastructure,Deferred,2028.01
PRJ003947,A0010841,Technology Refresh Wave,2026-08-31,,Security,In Progress,964.18
PRJ003948,A0010462,Technology Refresh Wave,2027-01-26,,End User Computing,Approved,1231.56
PRJ003949,A0023370,Technology Refresh Wave,2026-10-20,,Cloud,Proposed,771.39
PRJ003950,A0023707,Technology Refresh Wave,2026-07-15,,Cloud,Deferred,91325.7
PRJ003951,A0004038,Technology Refresh Wave,2026-07-23,,Cloud,In Progress,1227.79
PRJ003952,A0001607,Technology Refresh Wave,2026-04-24,,Network,In Progress,1185.45
PRJ003953,A0013571,Technology Refresh Wave,2027-05-22,,End User Computing,Completed,1409.99
PRJ003954,A0017432,Technology Refresh Wave,2027-10-24,,Cloud,Proposed,897.65
PRJ003955,A0004179,Technology Refresh Wave,2028-12-29,,Security,Proposed,1374.05
PRJ003956,A0006271,Technology Refresh Wave,2027-05-20,,Cloud,Approved,1131.16
PRJ003957,A0007672,Technology Refresh Wave,2028-06-27,,Network,Proposed,1426.11
PRJ003958,A0015057,Technology Refresh Wave,2027-09-03,,Network,In Progress,1120.89
PRJ003959,A0000361,Technology Refresh Wave,2026-03-20,,Cloud,Deferred,993.56
PRJ003960,A0018576,Technology Refresh Wave,2027-11-23,,Cloud,In Progress,520.45
PRJ003961,A0023209,Technology Refresh Wave,2028-09-02,,Infrastructure,Approved,1045.32
PRJ003962,A0002911,Technology Refresh Wave,2026-08-28,,Network,Approved,1314.21
PRJ003963,A0012571,Technology Refresh Wave,2027-01-26,,Cloud,Completed,1456.15
PRJ003964,A0017877,Technology Refresh Wave,2026-09-13,,Security,Approved,723.65
PRJ003965,A0004697,Technology Refresh Wave,2028-12-14,,End User Computing,Deferred,927.12
PRJ003966,A0002200,Technology Refresh Wave,2026-10-01,,Network,Completed,1464.37
PRJ003967,A0013650,Technology Refresh Wave,2027-10-13,,Security,In Progress,2905.84
PRJ003968,A0010318,Technology Refresh Wave,2027-10-22,,Cloud,Completed,1896.18
PRJ003969,A0009393,Technology Refresh Wave,2028-09-10,,Cloud,Approved,1463.9
PRJ003970,A0004843,Technology Refresh Wave,2026-10-05,,End User Computing,Deferred,1381.19
PRJ003971,A0008699,Technology Refresh Wave,2026-09-14,,Cloud,Completed,1471.21
PRJ003972,A0004141,Technology Refresh Wave,2027-05-10,,Network,Completed,1428.64
PRJ003973,A0016801,Technology Refresh Wave,2027-11-10,,Network,Proposed,962.63
PRJ003974,A0009013,Technology Refresh Wave,2027-04-08,,Security,In Progress,1617.34
PRJ003975,A0003506,Technology Refresh Wave,2028-03-16,,Infrastructure,Completed,1632.98
PRJ003976,A0010919,Technology Refresh Wave,2027-02-18,,Security,In Progress,1516.24
PRJ003977,A0018196,Technology Refresh Wave,2026-09-07,,Cloud,Completed,966.99
PRJ003978,A0000460,Technology Refresh Wave,2028-12-15,,Infrastructure,In Progress,1310.24
PRJ003979,A0022324,Technology Refresh Wave,2028-03-28,,Network,Proposed,4031.98
PRJ003980,A0003849,Technology Refresh Wave,2027-06-06,,Cloud,Approved,1471.14
PRJ003981,A0017488,Technology Refresh Wave,2026-10-14,,Network,Deferred,857.43
PRJ003982,A0020566,Technology Refresh Wave,2026-01-11,,Security,Deferred,13578.27
PRJ003983,A0004743,Technology Refresh Wave,2027-10-06,,End User Computing,Approved,1945.03
PRJ003984,A0012268,Technology Refresh Wave,2026-06-08,,Cloud,Deferred,1094.52
PRJ003985,A0022979,Technology Refresh Wave,2028-04-26,,Cloud,Completed,18485.15
PRJ003986,A0007020,Technology Refresh Wave,2026-10-09,,Network,Proposed,933.6
PRJ003987,A0008727,Technology Refresh Wave,2027-03-20,,Cloud,Approved,1597.12
PRJ003988,A0018645,Technology Refresh Wave,2028-04-06,,Infrastructure,Proposed,460.94
PRJ003989,A0016011,Technology Refresh Wave,2027-07-19,,Network,Approved,1059.73
PRJ003990,A0021667,Technology Refresh Wave,2027-08-05,,Security,Approved,4755.08
PRJ003991,A0005141,Technology Refresh Wave,2028-10-15,,Network,Approved,1761.72
PRJ003992,A0013598,Technology Refresh Wave,2027-03-04,,Network,Proposed,1448.75
PRJ003993,A0021708,Technology Refresh Wave,2027-06-01,,Cloud,Completed,4890.5
PRJ003994,A0001523,Technology Refresh Wave,2026-05-22,,Infrastructure,Completed,915.44
PRJ003995,A0017539,Technology Refresh Wave,2027-06-27,,End User Computing,Proposed,1005.12
PRJ003996,A0022405,Technology Refresh Wave,2028-09-20,,End User Computing,Approved,12348.41
PRJ003997,A0020895,Technology Refresh Wave,2027-01-27,,Cloud,Deferred,10511.59
PRJ003998,A0017355,Technology Refresh Wave,2026-08-16,,Network,Completed,1237.17
PRJ003999,A0009729,Technology Refresh Wave,2028-07-21,,Infrastructure,Deferred,965.99
PRJ004000,A0012982,Technology Refresh Wave,2027-08-18,,Security,Completed,1341.0
PRJ004001,A0009636,Technology Refresh Wave,2026-10-12,,End User Computing,Proposed,2554.51
PRJ004002,A0002183,Technology Refresh Wave,2026-11-24,,Security,Completed,1844.03
PRJ004003,A0020319,Technology Refresh Wave,2028-09-22,,Network,In Progress,14588.47
PRJ004004,A0010013,Technology Refresh Wave,2026-10-22,,Security,Completed,1993.88
PRJ004005,A0010095,Technology Refresh Wave,2027-09-15,,Infrastructure,Completed,907.03
PRJ004006,A0009279,Technology Refresh Wave,2026-01-27,,End User Computing,In Progress,1486.05
PRJ004007,A0003497,Technology Refresh Wave,2026-01-18,,End User Computing,Proposed,1726.82
PRJ004008,A0021277,Technology Refresh Wave,2026-06-19,,End User Computing,In Progress,15052.7
PRJ004009,A0012245,Technology Refresh Wave,2026-09-02,,Cloud,Proposed,1593.27
PRJ004010,A0009802,Technology Refresh Wave,2026-06-27,,End User Computing,Approved,1713.61
PRJ004011,A0005755,Technology Refresh Wave,2027-05-23,,Network,In Progress,1640.07
PRJ004012,A0008899,Technology Refresh Wave,2027-04-09,,End User Computing,Approved,855.85
PRJ004013,A0001442,Technology Refresh Wave,2026-09-11,,Security,Completed,813.71
PRJ004014,A0009203,Technology Refresh Wave,2028-05-25,,Network,Completed,936.57
PRJ004015,A0007628,Technology Refresh Wave,2026-12-18,,End User Computing,Completed,1288.83
PRJ004016,A0005602,Technology Refresh Wave,2028-12-27,,Security,Deferred,1036.6
PRJ004017,A0012933,Technology Refresh Wave,2027-06-01,,Infrastructure,Proposed,999.02
PRJ004018,A0003520,Technology Refresh Wave,2028-04-11,,Security,Proposed,872.63
PRJ004019,A0017378,Technology Refresh Wave,2028-12-03,,Security,Approved,725.34
PRJ004020,A0007756,Technology Refresh Wave,2027-11-29,,Infrastructure,Proposed,1043.57
PRJ004021,A0013574,Technology Refresh Wave,2027-12-02,,Security,In Progress,1330.09
PRJ004022,A0001809,Technology Refresh Wave,2027-04-26,,End User Computing,Approved,1548.45
PRJ004023,A0002951,Technology Refresh Wave,2026-07-25,,End User Computing,Proposed,1435.68
PRJ004024,A0012646,Technology Refresh Wave,2026-12-13,,Security,Proposed,1018.42
PRJ004025,A0016308,Technology Refresh Wave,2028-09-28,,End User Computing,In Progress,995.24
PRJ004026,A0008100,Technology Refresh Wave,2026-06-15,,Security,In Progress,1283.02
PRJ004027,A0019294,Technology Refresh Wave,2027-06-13,,Security,In Progress,362.62
PRJ004028,A0002827,Technology Refresh Wave,2026-11-21,,End User Computing,Approved,1306.43
PRJ004029,A0005717,Technology Refresh Wave,2028-12-08,,Infrastructure,Completed,1454.99
PRJ004030,A0013112,Technology Refresh Wave,2028-07-22,,Security,In Progress,1156.04
PRJ004031,A0022629,Technology Refresh Wave,2026-06-02,,Infrastructure,Proposed,46214.64
PRJ004032,A0015581,Technology Refresh Wave,2027-06-05,,End User Computing,Deferred,906.63
PRJ004033,A0007279,Technology Refresh Wave,2027-11-01,,End User Computing,Completed,1209.02
PRJ004034,A0018928,Technology Refresh Wave,2026-12-08,,Infrastructure,In Progress,359.51
PRJ004035,A0007699,Technology Refresh Wave,2027-07-17,,Infrastructure,In Progress,1128.37
PRJ004036,A0021271,Technology Refresh Wave,2027-08-20,,Network,In Progress,18297.97
PRJ004037,A0000181,Technology Refresh Wave,2028-05-22,,Network,Completed,1616.37
PRJ004038,A0021718,Technology Refresh Wave,2028-11-10,,End User Computing,Approved,5676.43
PRJ004039,A0015017,Technology Refresh Wave,2028-09-13,,End User Computing,Approved,792.76
PRJ004040,A0021419,Technology Refresh Wave,2028-03-12,,Security,Proposed,17322.64
PRJ004041,A0005889,Technology Refresh Wave,2026-05-29,,Cloud,Proposed,1223.7
PRJ004042,A0016198,Technology Refresh Wave,2027-10-04,,End User Computing,Proposed,828.22
PRJ004043,A0009202,Technology Refresh Wave,2028-04-02,,Network,Deferred,1052.6
PRJ004044,A0008424,Technology Refresh Wave,2026-08-11,,Infrastructure,In Progress,949.95
PRJ004045,A0008095,Technology Refresh Wave,2028-06-18,,Cloud,Proposed,1323.79
PRJ004046,A0022412,Technology Refresh Wave,2027-03-30,,Network,Completed,9418.64
PRJ004047,A0004703,Technology Refresh Wave,2028-07-25,,Cloud,Deferred,1049.22
PRJ004048,A0020356,Technology Refresh Wave,2026-06-08,,Infrastructure,In Progress,13392.48
PRJ004049,A0001797,Technology Refresh Wave,2026-02-01,,Infrastructure,Deferred,1083.82
PRJ004050,A0013701,Technology Refresh Wave,2026-11-06,,Infrastructure,Deferred,1029.87
PRJ004051,A0001347,Technology Refresh Wave,2026-08-05,,Cloud,In Progress,1277.43
PRJ004052,A0021457,Technology Refresh Wave,2027-06-22,,End User Computing,Proposed,11122.32
PRJ004053,A0011833,Technology Refresh Wave,2028-02-04,,Cloud,Proposed,1218.53
PRJ004054,A0021361,Technology Refresh Wave,2027-06-06,,End User Computing,Approved,12114.8
PRJ004055,A0011900,Technology Refresh Wave,2026-07-27,,Network,In Progress,1192.89
PRJ004056,A0010109,Technology Refresh Wave,2026-11-18,,Network,Proposed,1102.43
PRJ004057,A0007801,Technology Refresh Wave,2027-12-23,,Network,In Progress,1863.59
PRJ004058,A0010064,Technology Refresh Wave,2027-01-04,,End User Computing,Proposed,1297.81
PRJ004059,A0008800,Technology Refresh Wave,2026-08-31,,Cloud,Proposed,1291.36
PRJ004060,A0022232,Technology Refresh Wave,2027-02-25,,Network,Completed,6340.24
PRJ004061,A0013884,Technology Refresh Wave,2026-10-30,,End User Computing,Proposed,1248.12
PRJ004062,A0013634,Technology Refresh Wave,2026-04-09,,Infrastructure,In Progress,1167.59
PRJ004063,A0004956,Technology Refresh Wave,2027-12-05,,Infrastructure,Proposed,2585.64
PRJ004064,A0007526,Technology Refresh Wave,2027-12-17,,Security,Completed,1106.45
PRJ004065,A0007752,Technology Refresh Wave,2028-04-27,,Network,Completed,1859.45
PRJ004066,A0005260,Technology Refresh Wave,2027-05-13,,Infrastructure,In Progress,1210.16
PRJ004067,A0011616,Technology Refresh Wave,2028-10-26,,Network,Deferred,932.69
PRJ004068,A0007450,Technology Refresh Wave,2027-08-27,,Infrastructure,In Progress,1313.42
PRJ004069,A0017400,Technology Refresh Wave,2027-10-25,,Network,In Progress,719.19
PRJ004070,A0016828,Technology Refresh Wave,2026-06-09,,Infrastructure,Deferred,795.21
PRJ004071,A0004203,Technology Refresh Wave,2026-01-14,,Network,Proposed,1542.49
PRJ004072,A0015665,Technology Refresh Wave,2028-02-14,,Network,Completed,882.3
PRJ004073,A0009381,Technology Refresh Wave,2026-03-25,,End User Computing,Approved,1177.13
PRJ004074,A0016169,Technology Refresh Wave,2028-12-10,,Cloud,Approved,953.46
PRJ004075,A0014904,Technology Refresh Wave,2026-02-10,,Infrastructure,Proposed,923.27
PRJ004076,A0012435,Technology Refresh Wave,2027-02-08,,Infrastructure,Deferred,1296.99
PRJ004077,A0007807,Technology Refresh Wave,2027-01-02,,Network,In Progress,1384.22
PRJ004078,A0013438,Technology Refresh Wave,2028-11-04,,Network,In Progress,1083.98
PRJ004079,A0023733,Technology Refresh Wave,2027-01-22,,Cloud,Deferred,90014.9
PRJ004080,A0005515,Technology Refresh Wave,2026-08-23,,Network,Deferred,1448.28
PRJ004081,A0021421,Technology Refresh Wave,2026-06-28,,Cloud,In Progress,12921.28
PRJ004082,A0006069,Technology Refresh Wave,2026-05-03,,End User Computing,In Progress,2227.19
PRJ004083,A0000018,Technology Refresh Wave,2028-12-13,,End User Computing,Approved,1259.22
PRJ004084,A0012499,Technology Refresh Wave,2028-03-14,,Infrastructure,Deferred,1044.19
PRJ004085,A0022762,Technology Refresh Wave,2026-01-05,,Network,Proposed,10918.95
PRJ004086,A0000656,Technology Refresh Wave,2026-05-29,,Security,Deferred,1108.18
PRJ004087,A0022691,Technology Refresh Wave,2026-12-03,,Cloud,Approved,10698.91
PRJ004088,A0003376,Technology Refresh Wave,2026-08-12,,Infrastructure,In Progress,1016.54
PRJ004089,A0007889,Technology Refresh Wave,2026-08-09,,End User Computing,In Progress,1237.9
PRJ004090,A0007071,Technology Refresh Wave,2026-11-23,,Infrastructure,Proposed,1180.41
PRJ004091,A0013006,Technology Refresh Wave,2028-11-09,,Network,Deferred,1516.37
PRJ004092,A0000410,Technology Refresh Wave,2026-04-10,,Network,In Progress,1856.31
PRJ004093,A0006809,Technology Refresh Wave,2028-02-25,,Infrastructure,Deferred,1056.22
PRJ004094,A0008687,Technology Refresh Wave,2027-12-07,,End User Computing,Deferred,1091.45
PRJ004095,A0004570,Technology Refresh Wave,2027-01-20,,Infrastructure,Completed,1134.6
PRJ004096,A0017864,Technology Refresh Wave,2028-05-04,,Network,Approved,787.04
PRJ004097,A0013411,Technology Refresh Wave,2027-01-30,,End User Computing,Deferred,887.42
PRJ004098,A0018105,Technology Refresh Wave,2027-12-29,,Cloud,Completed,1244.78
PRJ004099,A0009254,Technology Refresh Wave,2027-09-21,,Cloud,In Progress,1264.98
PRJ004100,A0002800,Technology Refresh Wave,2027-12-11,,End User Computing,In Progress,783.72
PRJ004101,A0002236,Technology Refresh Wave,2026-06-30,,Security,Proposed,837.22
PRJ004102,A0011322,Technology Refresh Wave,2027-01-15,,Network,In Progress,1222.84
PRJ004103,A0017847,Technology Refresh Wave,2027-08-20,,End User Computing,Proposed,904.26
PRJ004104,A0013644,Technology Refresh Wave,2026-04-05,,Cloud,Approved,1256.04
PRJ004105,A0016260,Technology Refresh Wave,2028-12-03,,Network,Approved,1065.97
PRJ004106,A0021342,Technology Refresh Wave,2027-08-13,,Network,Deferred,11498.39
PRJ004107,A0007354,Technology Refresh Wave,2026-08-08,,Network,Approved,1254.03
PRJ004108,A0003215,Technology Refresh Wave,2028-07-23,,End User Computing,Proposed,1496.82
PRJ004109,A0012575,Technology Refresh Wave,2026-03-18,,Network,Completed,894.49
PRJ004110,A0017700,Technology Refresh Wave,2026-06-15,,Cloud,Completed,829.52
PRJ004111,A0015611,Technology Refresh Wave,2028-06-04,,End User Computing,Proposed,743.84
PRJ004112,A0007452,Technology Refresh Wave,2028-08-22,,Cloud,Approved,842.15
PRJ004113,A0005715,Technology Refresh Wave,2028-09-16,,End User Computing,Approved,1441.32
PRJ004114,A0011897,Technology Refresh Wave,2027-02-21,,End User Computing,Approved,1580.53
PRJ004115,A0016739,Technology Refresh Wave,2028-12-05,,Security,Approved,642.29
PRJ004116,A0004025,Technology Refresh Wave,2028-06-03,,Cloud,Proposed,1431.88
PRJ004117,A0005415,Technology Refresh Wave,2027-02-21,,Cloud,Deferred,1606.13
PRJ004118,A0013823,Technology Refresh Wave,2026-09-20,,End User Computing,Approved,1366.48
PRJ004119,A0012082,Technology Refresh Wave,2026-12-31,,Cloud,Deferred,1525.37
PRJ004120,A0019000,Technology Refresh Wave,2026-02-14,,Security,Completed,498.94
PRJ004121,A0005996,Technology Refresh Wave,2026-01-16,,Network,Completed,1152.92
PRJ004122,A0009162,Technology Refresh Wave,2028-03-14,,Security,Approved,1453.96
PRJ004123,A0001749,Technology Refresh Wave,2026-01-07,,Network,Proposed,1736.29
PRJ004124,A0000585,Technology Refresh Wave,2027-04-25,,Infrastructure,Completed,1157.17
PRJ004125,A0021630,Technology Refresh Wave,2028-11-05,,Security,Proposed,3967.59
PRJ004126,A0013513,Technology Refresh Wave,2027-10-12,,Cloud,Deferred,915.39
PRJ004127,A0002645,Technology Refresh Wave,2028-07-26,,Infrastructure,Proposed,1447.62
PRJ004128,A0002316,Technology Refresh Wave,2028-11-15,,Network,Completed,946.61
PRJ004129,A0021788,Technology Refresh Wave,2027-06-29,,Security,Completed,7114.62
PRJ004130,A0005528,Technology Refresh Wave,2026-03-17,,Security,Proposed,1706.7
PRJ004131,A0011143,Technology Refresh Wave,2028-08-19,,End User Computing,Completed,1895.08
PRJ004132,A0018976,Technology Refresh Wave,2027-01-03,,End User Computing,Deferred,416.07
PRJ004133,A0008693,Technology Refresh Wave,2028-01-28,,Infrastructure,Proposed,1221.13
PRJ004134,A0015672,Technology Refresh Wave,2027-04-17,,Infrastructure,Deferred,963.69
PRJ004135,A0004014,Technology Refresh Wave,2027-07-17,,Cloud,In Progress,1824.67
PRJ004136,A0014729,Technology Refresh Wave,2026-08-06,,Cloud,Approved,1023.14
PRJ004137,A0000696,Technology Refresh Wave,2027-11-16,,Network,Completed,1049.96
PRJ004138,A0016917,Technology Refresh Wave,2026-05-13,,Infrastructure,In Progress,920.61
PRJ004139,A0001021,Technology Refresh Wave,2026-01-09,,End User Computing,Approved,1506.23
PRJ004140,A0007489,Technology Refresh Wave,2026-03-31,,Network,In Progress,1370.53
PRJ004141,A0019919,Technology Refresh Wave,2027-01-16,,Network,Approved,421.85
PRJ004142,A0003519,Technology Refresh Wave,2027-02-27,,Cloud,Approved,1118.5
PRJ004143,A0007116,Technology Refresh Wave,2027-07-05,,Security,Proposed,1438.34
PRJ004144,A0012625,Technology Refresh Wave,2026-12-29,,Infrastructure,Deferred,1309.23
PRJ004145,A0021385,Technology Refresh Wave,2028-09-17,,Cloud,Completed,17619.14
PRJ004146,A0002713,Technology Refresh Wave,2026-11-19,,Network,Proposed,1718.07
PRJ004147,A0005639,Technology Refresh Wave,2027-04-23,,Infrastructure,Approved,1338.85
PRJ004148,A0012554,Technology Refresh Wave,2028-04-25,,Network,Proposed,927.56
PRJ004149,A0014705,Technology Refresh Wave,2028-03-17,,Infrastructure,In Progress,1182.05
PRJ004150,A0005599,Technology Refresh Wave,2026-01-18,,Cloud,Proposed,1759.98
PRJ004151,A0022000,Technology Refresh Wave,2027-10-20,,Cloud,Proposed,5938.63
PRJ004152,A0009595,Technology Refresh Wave,2027-02-26,,Cloud,In Progress,1768.84
PRJ004153,A0015286,Technology Refresh Wave,2028-01-07,,Network,Approved,911.22
PRJ004154,A0018528,Technology Refresh Wave,2026-12-15,,Security,In Progress,409.18
PRJ004155,A0017995,Technology Refresh Wave,2028-11-02,,Security,Proposed,1108.18
PRJ004156,A0010874,Technology Refresh Wave,2026-08-16,,Infrastructure,In Progress,1009.31
PRJ004157,A0010728,Technology Refresh Wave,2026-10-26,,Cloud,Approved,1146.33
PRJ004158,A0021074,Technology Refresh Wave,2026-09-24,,Network,Deferred,13459.54
PRJ004159,A0003948,Technology Refresh Wave,2026-03-08,,Cloud,In Progress,1886.93
PRJ004160,A0014045,Technology Refresh Wave,2028-08-08,,Infrastructure,In Progress,846.88
PRJ004161,A0022950,Technology Refresh Wave,2028-04-18,,Cloud,In Progress,21316.96
PRJ004162,A0018421,Technology Refresh Wave,2028-06-09,,Network,Approved,1032.89
PRJ004163,A0001625,Technology Refresh Wave,2027-07-22,,Infrastructure,Deferred,990.77
PRJ004164,A0005529,Technology Refresh Wave,2028-03-08,,Cloud,Deferred,1534.09
PRJ004165,A0009062,Technology Refresh Wave,2027-03-15,,Infrastructure,Approved,935.54
PRJ004166,A0004310,Technology Refresh Wave,2026-02-16,,End User Computing,Approved,1319.8
PRJ004167,A0021882,Technology Refresh Wave,2028-04-14,,Network,In Progress,4928.61
PRJ004168,A0011946,Technology Refresh Wave,2026-05-17,,Infrastructure,In Progress,1237.31
PRJ004169,A0022081,Technology Refresh Wave,2028-09-24,,Security,Proposed,3300.3
PRJ004170,A0003123,Technology Refresh Wave,2026-03-14,,Network,Approved,2256.25
PRJ004171,A0013346,Technology Refresh Wave,2028-04-12,,Infrastructure,Proposed,911.65
PRJ004172,A0000791,Technology Refresh Wave,2027-11-19,,End User Computing,In Progress,1341.46
PRJ004173,A0015179,Technology Refresh Wave,2026-10-10,,Security,In Progress,1031.56
PRJ004174,A0000500,Technology Refresh Wave,2026-11-06,,Security,Proposed,1444.73
PRJ004175,A0007132,Technology Refresh Wave,2028-10-19,,Network,Approved,1106.53
PRJ004176,A0012267,Technology Refresh Wave,2027-08-02,,Cloud,Approved,1178.03
PRJ004177,A0000336,Technology Refresh Wave,2027-09-30,,Security,In Progress,1080.31
PRJ004178,A0016713,Technology Refresh Wave,2028-01-15,,Cloud,Completed,986.29
PRJ004179,A0019948,Technology Refresh Wave,2026-11-13,,Cloud,Proposed,300.76
PRJ004180,A0007418,Technology Refresh Wave,2026-02-14,,Cloud,Proposed,2627.88
PRJ004181,A0008477,Technology Refresh Wave,2027-04-06,,Security,Completed,2581.4
PRJ004182,A0002622,Technology Refresh Wave,2028-04-12,,Network,Approved,1098.98
PRJ004183,A0002113,Technology Refresh Wave,2028-08-02,,Infrastructure,In Progress,992.58
PRJ004184,A0016544,Technology Refresh Wave,2026-03-13,,Security,Proposed,1204.88
PRJ004185,A0008404,Technology Refresh Wave,2028-06-08,,Cloud,Approved,1069.98
PRJ004186,A0017737,Technology Refresh Wave,2028-05-22,,Network,In Progress,854.1
PRJ004187,A0012066,Technology Refresh Wave,2027-01-30,,End User Computing,In Progress,1564.52
PRJ004188,A0017921,Technology Refresh Wave,2027-01-02,,Security,In Progress,863.13
PRJ004189,A0003480,Technology Refresh Wave,2027-12-29,,End User Computing,Completed,1060.42
PRJ004190,A0008767,Technology Refresh Wave,2027-03-12,,Cloud,Completed,1124.9
PRJ004191,A0016189,Technology Refresh Wave,2028-11-02,,Security,Completed,1140.15
PRJ004192,A0005707,Technology Refresh Wave,2027-04-30,,Network,Proposed,1360.11
PRJ004193,A0009681,Technology Refresh Wave,2026-03-20,,Infrastructure,Completed,1237.54
PRJ004194,A0003616,Technology Refresh Wave,2028-04-15,,Cloud,In Progress,770.52
PRJ004195,A0002004,Technology Refresh Wave,2026-06-11,,Cloud,Proposed,1348.89
PRJ004196,A0009688,Technology Refresh Wave,2027-03-24,,Security,In Progress,1360.66
PRJ004197,A0015336,Technology Refresh Wave,2026-05-06,,End User Computing,In Progress,858.22
PRJ004198,A0009578,Technology Refresh Wave,2027-09-15,,End User Computing,Approved,1246.61
PRJ004199,A0012576,Technology Refresh Wave,2028-10-18,,Security,Deferred,1219.29
PRJ004200,A0009842,Technology Refresh Wave,2026-10-03,,Infrastructure,Proposed,1104.96
PRJ004201,A0014193,Technology Refresh Wave,2028-04-02,,Infrastructure,Completed,894.98
PRJ004202,A0018140,Technology Refresh Wave,2028-06-11,,Security,Proposed,815.68
PRJ004203,A0009042,Technology Refresh Wave,2028-05-14,,Network,Proposed,1284.07
PRJ004204,A0004073,Technology Refresh Wave,2027-08-06,,End User Computing,Proposed,1065.11
PRJ004205,A0006316,Technology Refresh Wave,2028-04-08,,Cloud,Deferred,1462.35
PRJ004206,A0011124,Technology Refresh Wave,2026-03-18,,Network,Approved,1290.44
PRJ004207,A0001704,Technology Refresh Wave,2027-09-07,,Cloud,Completed,1347.13
PRJ004208,A0016318,Technology Refresh Wave,2028-07-05,,Security,Proposed,894.02
PRJ004209,A0016898,Technology Refresh Wave,2027-12-16,,Security,Approved,832.24
PRJ004210,A0008044,Technology Refresh Wave,2027-08-17,,End User Computing,Proposed,1591.94
PRJ004211,A0018559,Technology Refresh Wave,2028-10-18,,Security,Proposed,431.78
PRJ004212,A0000032,Technology Refresh Wave,2027-12-24,,Infrastructure,In Progress,1444.77
PRJ004213,A0000698,Technology Refresh Wave,2028-06-25,,Security,Approved,1196.5
PRJ004214,A0006670,Technology Refresh Wave,2027-12-19,,Security,Deferred,1510.5
PRJ004215,A0004448,Technology Refresh Wave,2028-09-25,,Infrastructure,In Progress,1470.08
PRJ004216,A0000632,Technology Refresh Wave,2027-03-18,,Security,Proposed,1350.32
PRJ004217,A0010988,Technology Refresh Wave,2027-12-15,,Security,Deferred,1290.3
PRJ004218,A0011974,Technology Refresh Wave,2028-03-29,,Infrastructure,Proposed,2149.58
PRJ004219,A0014682,Technology Refresh Wave,2028-07-04,,Cloud,Proposed,907.14
PRJ004220,A0012951,Technology Refresh Wave,2027-12-03,,Security,Approved,1277.8
PRJ004221,A0008576,Technology Refresh Wave,2027-04-29,,Cloud,Proposed,1155.35
PRJ004222,A0016601,Technology Refresh Wave,2027-12-28,,Security,Deferred,641.24
PRJ004223,A0004283,Technology Refresh Wave,2026-04-01,,Cloud,Deferred,1118.82
PRJ004224,A0017383,Technology Refresh Wave,2027-12-18,,Network,Approved,909.97
PRJ004225,A0003818,Technology Refresh Wave,2027-05-24,,Cloud,Approved,1209.7
PRJ004226,A0014113,Technology Refresh Wave,2026-06-01,,Security,Completed,810.52
PRJ004227,A0006293,Technology Refresh Wave,2028-07-09,,Security,Completed,1016.15
PRJ004228,A0002901,Technology Refresh Wave,2028-08-30,,Infrastructure,Deferred,1426.09
PRJ004229,A0016791,Technology Refresh Wave,2027-10-27,,Network,Approved,824.29
PRJ004230,A0006129,Technology Refresh Wave,2026-03-25,,Infrastructure,Proposed,1131.28
PRJ004231,A0012311,Technology Refresh Wave,2026-06-27,,Security,Proposed,1950.75
PRJ004232,A0015291,Technology Refresh Wave,2027-08-20,,Security,In Progress,1043.16
PRJ004233,A0005686,Technology Refresh Wave,2028-02-01,,Infrastructure,In Progress,1906.64
PRJ004234,A0006905,Technology Refresh Wave,2026-10-31,,Cloud,In Progress,1105.89
PRJ004235,A0012637,Technology Refresh Wave,2027-02-02,,Cloud,Proposed,1442.45
PRJ004236,A0023693,Technology Refresh Wave,2027-11-27,,Security,Proposed,60334.36
PRJ004237,A0003389,Technology Refresh Wave,2027-04-20,,Security,Completed,1441.89
PRJ004238,A0003311,Technology Refresh Wave,2026-01-19,,Infrastructure,Proposed,1430.95
PRJ004239,A0021368,Technology Refresh Wave,2026-03-16,,Security,Proposed,16275.94
PRJ004240,A0015462,Technology Refresh Wave,2027-09-03,,Cloud,In Progress,783.97
PRJ004241,A0014092,Technology Refresh Wave,2026-04-12,,Security,Approved,753.97
PRJ004242,A0021380,Technology Refresh Wave,2026-02-16,,Network,Approved,21816.51
PRJ004243,A0003639,Technology Refresh Wave,2028-08-01,,Security,Completed,1521.6
PRJ004244,A0019750,Technology Refresh Wave,2028-03-03,,Security,Proposed,413.16
PRJ004245,A0013679,Technology Refresh Wave,2027-05-08,,Network,Proposed,1193.5
PRJ004246,A0018907,Technology Refresh Wave,2026-02-21,,Network,Proposed,409.54
PRJ004247,A0000116,Technology Refresh Wave,2027-08-12,,Security,Proposed,1226.35
PRJ004248,A0004418,Technology Refresh Wave,2028-10-20,,Network,In Progress,1104.94
PRJ004249,A0022101,Technology Refresh Wave,2028-12-25,,Security,Deferred,4477.99
PRJ004250,A0002499,Technology Refresh Wave,2027-07-17,,Infrastructure,Deferred,1499.54
PRJ004251,A0010348,Technology Refresh Wave,2027-10-20,,Cloud,Deferred,1701.47
PRJ004252,A0008328,Technology Refresh Wave,2027-06-11,,Cloud,Approved,1181.18
PRJ004253,A0009961,Technology Refresh Wave,2027-05-03,,Network,Proposed,1235.37
PRJ004254,A0017133,Technology Refresh Wave,2026-05-03,,Network,Completed,1074.87
PRJ004255,A0011326,Technology Refresh Wave,2028-01-17,,Infrastructure,In Progress,1153.75
PRJ004256,A0001200,Technology Refresh Wave,2028-03-08,,End User Computing,In Progress,1454.87
PRJ004257,A0021779,Technology Refresh Wave,2027-07-08,,Infrastructure,Approved,7201.97
PRJ004258,A0011762,Technology Refresh Wave,2026-10-04,,Security,Proposed,1140.72
PRJ004259,A0001693,Technology Refresh Wave,2027-05-17,,Security,In Progress,1130.01
PRJ004260,A0022823,Technology Refresh Wave,2026-10-09,,Security,Completed,24060.03
PRJ004261,A0013269,Technology Refresh Wave,2026-12-19,,Cloud,Approved,1428.22
PRJ004262,A0014484,Technology Refresh Wave,2027-10-02,,Security,Proposed,663.5
PRJ004263,A0016430,Technology Refresh Wave,2027-12-01,,Cloud,In Progress,718.27
PRJ004264,A0021352,Technology Refresh Wave,2026-11-28,,Cloud,Completed,18392.41
PRJ004265,A0018687,Technology Refresh Wave,2027-04-10,,Infrastructure,Approved,383.08
PRJ004266,A0015626,Technology Refresh Wave,2028-01-16,,Security,Approved,996.66
PRJ004267,A0010563,Technology Refresh Wave,2027-06-23,,Network,Completed,1314.3
PRJ004268,A0008736,Technology Refresh Wave,2027-01-17,,Network,Completed,1792.53
PRJ004269,A0021597,Technology Refresh Wave,2026-04-20,,Infrastructure,In Progress,5571.83
PRJ004270,A0001609,Technology Refresh Wave,2026-12-03,,Security,Deferred,1399.35
PRJ004271,A0020971,Technology Refresh Wave,2026-12-28,,Network,In Progress,17935.37
PRJ004272,A0014769,Technology Refresh Wave,2026-02-20,,Cloud,Completed,1086.19
PRJ004273,A0015668,Technology Refresh Wave,2028-03-01,,Security,Deferred,877.17
PRJ004274,A0003016,Technology Refresh Wave,2026-08-28,,Cloud,In Progress,954.59
PRJ004275,A0009163,Technology Refresh Wave,2028-12-25,,Network,In Progress,1660.0
PRJ004276,A0017237,Technology Refresh Wave,2028-09-13,,Network,In Progress,954.92
PRJ004277,A0002989,Technology Refresh Wave,2028-01-16,,Security,Completed,1135.86
PRJ004278,A0016848,Technology Refresh Wave,2027-04-02,,Security,Proposed,1140.38
PRJ004279,A0014584,Technology Refresh Wave,2028-02-24,,Network,In Progress,925.39
PRJ004280,A0001554,Technology Refresh Wave,2026-06-21,,End User Computing,Proposed,1133.99
PRJ004281,A0009691,Technology Refresh Wave,2026-07-10,,Infrastructure,In Progress,1608.85
PRJ004282,A0022240,Technology Refresh Wave,2027-08-22,,Infrastructure,Completed,6657.52
PRJ004283,A0011555,Technology Refresh Wave,2026-10-03,,Network,In Progress,1601.85
PRJ004284,A0001338,Technology Refresh Wave,2027-11-30,,Cloud,Deferred,1560.61
PRJ004285,A0002481,Technology Refresh Wave,2028-03-12,,End User Computing,Proposed,1253.36
PRJ004286,A0022550,Technology Refresh Wave,2026-02-22,,Network,Approved,12499.52
PRJ004287,A0022735,Technology Refresh Wave,2028-11-09,,Infrastructure,Proposed,6495.7
PRJ004288,A0018488,Technology Refresh Wave,2028-06-22,,Cloud,Proposed,909.84
PRJ004289,A0014827,Technology Refresh Wave,2026-11-24,,Network,Completed,828.16
PRJ004290,A0008505,Technology Refresh Wave,2027-01-06,,Cloud,Deferred,1844.47
PRJ004291,A0007740,Technology Refresh Wave,2027-08-15,,Cloud,Approved,1581.41
PRJ004292,A0007474,Technology Refresh Wave,2028-07-19,,Infrastructure,Approved,1235.31
PRJ004293,A0015930,Technology Refresh Wave,2026-03-02,,End User Computing,Completed,890.51
PRJ004294,A0019380,Technology Refresh Wave,2026-09-29,,Infrastructure,Proposed,579.48
PRJ004295,A0011045,Technology Refresh Wave,2027-07-02,,Infrastructure,Proposed,1105.28
PRJ004296,A0014339,Technology Refresh Wave,2027-06-17,,Network,Approved,962.61
PRJ004297,A0016758,Technology Refresh Wave,2028-03-05,,Network,In Progress,976.29
PRJ004298,A0016835,Technology Refresh Wave,2028-12-27,,Security,Deferred,725.5
PRJ004299,A0021945,Technology Refresh Wave,2027-06-13,,Infrastructure,In Progress,4619.96
PRJ004300,A0005161,Technology Refresh Wave,2026-10-07,,Infrastructure,Proposed,1722.89
PRJ004301,A0006690,Technology Refresh Wave,2028-09-19,,Security,Deferred,1136.42
PRJ004302,A0014171,Technology Refresh Wave,2026-01-06,,Cloud,Approved,891.56
PRJ004303,A0008450,Technology Refresh Wave,2027-10-09,,Infrastructure,In Progress,1617.22
PRJ004304,A0003002,Technology Refresh Wave,2026-10-01,,Cloud,Proposed,1332.03
PRJ004305,A0004985,Technology Refresh Wave,2027-04-18,,Security,Proposed,934.16
PRJ004306,A0020631,Technology Refresh Wave,2028-11-13,,Security,Approved,10752.86
PRJ004307,A0021966,Technology Refresh Wave,2027-02-27,,Network,Proposed,5907.27
PRJ004308,A0000839,Technology Refresh Wave,2027-11-28,,Infrastructure,Proposed,1715.61
PRJ004309,A0002445,Technology Refresh Wave,2027-09-02,,Network,Proposed,1303.25
PRJ004310,A0008469,Technology Refresh Wave,2027-12-22,,Security,Proposed,1128.92
PRJ004311,A0014543,Technology Refresh Wave,2028-10-30,,Infrastructure,Proposed,807.58
PRJ004312,A0014127,Technology Refresh Wave,2027-10-19,,Cloud,Deferred,1079.41
PRJ004313,A0015787,Technology Refresh Wave,2027-04-17,,Network,Completed,955.01
PRJ004314,A0010502,Technology Refresh Wave,2028-10-25,,Cloud,Proposed,1532.93
PRJ004315,A0013472,Technology Refresh Wave,2026-06-03,,Infrastructure,Approved,1354.64
PRJ004316,A0002027,Technology Refresh Wave,2027-10-12,,End User Computing,In Progress,1000.03
PRJ004317,A0005663,Technology Refresh Wave,2026-05-03,,Network,Deferred,1273.31
PRJ004318,A0007692,Technology Refresh Wave,2026-11-11,,Security,Approved,1422.46
PRJ004319,A0012730,Technology Refresh Wave,2026-05-04,,Network,Proposed,1778.18
PRJ004320,A0003194,Technology Refresh Wave,2027-02-01,,Cloud,Proposed,1205.15
PRJ004321,A0012167,Technology Refresh Wave,2026-09-25,,Cloud,Proposed,1258.15
PRJ004322,A0000240,Technology Refresh Wave,2026-07-15,,Cloud,Deferred,1278.72
PRJ004323,A0001433,Technology Refresh Wave,2027-05-16,,Infrastructure,Proposed,1086.63
PRJ004324,A0002029,Technology Refresh Wave,2027-06-26,,Infrastructure,Proposed,1053.71
PRJ004325,A0015307,Technology Refresh Wave,2026-08-31,,Security,Approved,904.44
PRJ004326,A0008833,Technology Refresh Wave,2026-05-22,,Network,In Progress,1514.87
PRJ004327,A0018857,Technology Refresh Wave,2028-07-16,,Infrastructure,In Progress,408.56
PRJ004328,A0005020,Technology Refresh Wave,2026-01-30,,End User Computing,Proposed,1038.4
PRJ004329,A0018517,Technology Refresh Wave,2028-06-20,,Infrastructure,Approved,412.79
PRJ004330,A0013436,Technology Refresh Wave,2027-07-24,,End User Computing,Approved,1761.05
PRJ004331,A0022094,Technology Refresh Wave,2028-09-24,,Cloud,Deferred,5603.46
PRJ004332,A0013076,Technology Refresh Wave,2028-05-11,,Cloud,Proposed,1278.37
PRJ004333,A0000716,Technology Refresh Wave,2028-09-09,,End User Computing,In Progress,1820.0
PRJ004334,A0017565,Technology Refresh Wave,2026-07-27,,Network,In Progress,945.55
PRJ004335,A0011810,Technology Refresh Wave,2028-09-02,,Network,Proposed,2373.33
PRJ004336,A0006482,Technology Refresh Wave,2027-04-14,,Infrastructure,Approved,1095.65
PRJ004337,A0006395,Technology Refresh Wave,2026-12-13,,Infrastructure,In Progress,1241.18
PRJ004338,A0005366,Technology Refresh Wave,2027-07-17,,End User Computing,Proposed,1495.64
PRJ004339,A0001930,Technology Refresh Wave,2027-12-22,,Infrastructure,Proposed,1363.1
PRJ004340,A0008040,Technology Refresh Wave,2026-03-21,,Network,Proposed,1235.53
PRJ004341,A0022475,Technology Refresh Wave,2027-03-08,,Network,In Progress,10093.33
PRJ004342,A0015519,Technology Refresh Wave,2028-03-24,,Cloud,In Progress,1069.2
PRJ004343,A0010846,Technology Refresh Wave,2028-02-16,,Infrastructure,Approved,1284.25
PRJ004344,A0022686,Technology Refresh Wave,2027-10-16,,Cloud,Completed,5771.54
PRJ004345,A0004272,Technology Refresh Wave,2027-10-20,,End User Computing,In Progress,2083.29
PRJ004346,A0017291,Technology Refresh Wave,2027-04-03,,Network,Proposed,758.81
PRJ004347,A0019636,Technology Refresh Wave,2026-12-16,,Cloud,Deferred,410.89
PRJ004348,A0015005,Technology Refresh Wave,2026-12-06,,Cloud,Completed,1252.53
PRJ004349,A0010610,Technology Refresh Wave,2027-02-08,,Security,In Progress,2224.6
PRJ004350,A0023282,Technology Refresh Wave,2026-08-15,,Network,In Progress,956.42
PRJ004351,A0013567,Technology Refresh Wave,2028-06-01,,Network,Proposed,1425.32
PRJ004352,A0021704,Technology Refresh Wave,2028-07-02,,Cloud,Approved,5025.28
PRJ004353,A0001363,Technology Refresh Wave,2026-02-09,,Infrastructure,Approved,988.5
PRJ004354,A0019231,Technology Refresh Wave,2027-05-09,,Security,Deferred,554.82
PRJ004355,A0016305,Technology Refresh Wave,2028-02-27,,Cloud,Approved,808.11
PRJ004356,A0004768,Technology Refresh Wave,2027-09-06,,Infrastructure,Deferred,1278.95
PRJ004357,A0013228,Technology Refresh Wave,2028-11-24,,Security,Approved,1145.02
PRJ004358,A0005672,Technology Refresh Wave,2028-04-01,,Network,Deferred,1202.64
PRJ004359,A0021873,Technology Refresh Wave,2027-12-07,,Network,In Progress,3984.27
PRJ004360,A0007890,Technology Refresh Wave,2027-09-04,,Network,In Progress,1666.56
PRJ004361,A0002278,Technology Refresh Wave,2027-03-24,,Infrastructure,Deferred,1096.88
PRJ004362,A0020414,Technology Refresh Wave,2027-11-25,,End User Computing,Completed,15536.53
PRJ004363,A0019586,Technology Refresh Wave,2026-07-12,,Network,Approved,517.82
PRJ004364,A0018504,Technology Refresh Wave,2027-06-01,,Security,Completed,410.17
PRJ004365,A0001731,Technology Refresh Wave,2026-04-06,,Infrastructure,Deferred,1046.11
PRJ004366,A0012948,Technology Refresh Wave,2028-04-07,,Security,Approved,1743.15
PRJ004367,A0013081,Technology Refresh Wave,2027-09-13,,Network,Proposed,1422.27
PRJ004368,A0017478,Technology Refresh Wave,2028-07-18,,Network,Approved,873.56
PRJ004369,A0009483,Technology Refresh Wave,2026-08-05,,Network,Completed,1254.74
PRJ004370,A0014932,Technology Refresh Wave,2027-09-20,,End User Computing,Approved,860.23
PRJ004371,A0020377,Technology Refresh Wave,2026-02-25,,Network,Completed,16361.56
PRJ004372,A0008831,Technology Refresh Wave,2028-03-21,,Security,Deferred,1795.22
PRJ004373,A0013525,Technology Refresh Wave,2028-12-22,,Infrastructure,Proposed,1444.79
PRJ004374,A0015794,Technology Refresh Wave,2026-03-21,,Infrastructure,Approved,747.51
PRJ004375,A0008378,Technology Refresh Wave,2026-05-21,,Network,Completed,1766.31
PRJ004376,A0010106,Technology Refresh Wave,2026-06-21,,Infrastructure,Approved,2070.03
PRJ004377,A0016757,Technology Refresh Wave,2028-11-19,,Security,In Progress,1435.93
PRJ004378,A0013671,Technology Refresh Wave,2027-10-20,,Network,Deferred,2054.82
PRJ004379,A0010464,Technology Refresh Wave,2028-05-31,,End User Computing,Deferred,1423.79
PRJ004380,A0003469,Technology Refresh Wave,2027-12-24,,Cloud,Approved,1200.77
PRJ004381,A0013708,Technology Refresh Wave,2028-09-02,,Security,Proposed,1932.28
PRJ004382,A0010816,Technology Refresh Wave,2026-11-20,,Security,Completed,1468.89
PRJ004383,A0016666,Technology Refresh Wave,2028-08-21,,Cloud,Proposed,1073.62
PRJ004384,A0018402,Technology Refresh Wave,2027-04-09,,Network,Deferred,874.45
PRJ004385,A0017014,Technology Refresh Wave,2026-10-24,,Cloud,Deferred,1101.2
PRJ004386,A0007448,Technology Refresh Wave,2027-07-09,,End User Computing,Deferred,1696.51
PRJ004387,A0021171,Technology Refresh Wave,2027-09-09,,Security,Completed,7521.49
PRJ004388,A0006030,Technology Refresh Wave,2028-12-04,,Infrastructure,Approved,1056.82
PRJ004389,A0000301,Technology Refresh Wave,2027-03-04,,Network,Completed,1288.85
PRJ004390,A0022587,Technology Refresh Wave,2028-08-27,,Infrastructure,Approved,13827.48
PRJ004391,A0002916,Technology Refresh Wave,2027-11-16,,Network,Deferred,1449.8
PRJ004392,A0014677,Technology Refresh Wave,2027-02-10,,Security,Proposed,1176.25
PRJ004393,A0020024,Technology Refresh Wave,2027-02-27,,End User Computing,Completed,13238.08
PRJ004394,A0006538,Technology Refresh Wave,2026-10-14,,Network,Proposed,1560.87
PRJ004395,A0009385,Technology Refresh Wave,2028-11-21,,Infrastructure,Proposed,1035.31
PRJ004396,A0022103,Technology Refresh Wave,2028-04-17,,Cloud,Completed,5680.1
PRJ004397,A0001713,Technology Refresh Wave,2028-01-16,,Cloud,Proposed,1151.52
PRJ004398,A0023210,Technology Refresh Wave,2027-04-10,,Infrastructure,Approved,735.15
PRJ004399,A0012404,Technology Refresh Wave,2026-12-21,,Network,Deferred,1656.08
PRJ004400,A0016432,Technology Refresh Wave,2027-11-01,,Security,Deferred,852.3
PRJ004401,A0017926,Technology Refresh Wave,2027-05-04,,End User Computing,Deferred,814.53
PRJ004402,A0013003,Technology Refresh Wave,2028-08-22,,Network,Deferred,1127.81
PRJ004403,A0016067,Technology Refresh Wave,2026-03-05,,End User Computing,Proposed,945.32
PRJ004404,A0015457,Technology Refresh Wave,2028-02-29,,End User Computing,Deferred,748.88
PRJ004405,A0019241,Technology Refresh Wave,2028-12-28,,End User Computing,Proposed,455.51
PRJ004406,A0003210,Technology Refresh Wave,2027-12-21,,Network,In Progress,2415.67
PRJ004407,A0008819,Technology Refresh Wave,2028-05-11,,Security,Approved,1433.46
PRJ004408,A0015463,Technology Refresh Wave,2028-06-14,,End User Computing,Proposed,1091.59
PRJ004409,A0003624,Technology Refresh Wave,2027-03-10,,End User Computing,Deferred,1883.07
PRJ004410,A0020862,Technology Refresh Wave,2027-08-14,,Network,Proposed,18081.18
PRJ004411,A0001079,Technology Refresh Wave,2026-11-26,,End User Computing,In Progress,1166.53
PRJ004412,A0006092,Technology Refresh Wave,2028-04-18,,End User Computing,Completed,867.36
PRJ004413,A0009356,Technology Refresh Wave,2028-08-01,,Infrastructure,Proposed,986.25
PRJ004414,A0009689,Technology Refresh Wave,2028-04-19,,Security,Approved,1150.92
PRJ004415,A0015293,Technology Refresh Wave,2028-03-13,,End User Computing,Proposed,1224.51
PRJ004416,A0011106,Technology Refresh Wave,2026-02-12,,Infrastructure,In Progress,2353.38
PRJ004417,A0004339,Technology Refresh Wave,2027-06-15,,Network,Approved,1199.32
PRJ004418,A0023032,Technology Refresh Wave,2028-08-12,,Cloud,Proposed,20837.84
PRJ004419,A0016476,Technology Refresh Wave,2028-07-28,,End User Computing,Completed,961.28
PRJ004420,A0005844,Technology Refresh Wave,2028-03-23,,End User Computing,Deferred,1511.02
PRJ004421,A0019353,Technology Refresh Wave,2026-07-26,,Network,Proposed,451.29
PRJ004422,A0006329,Technology Refresh Wave,2026-10-26,,Cloud,Approved,967.57
PRJ004423,A0017008,Technology Refresh Wave,2026-12-10,,Cloud,Proposed,587.3
PRJ004424,A0021436,Technology Refresh Wave,2028-04-24,,Cloud,In Progress,13739.16
PRJ004425,A0023320,Technology Refresh Wave,2026-03-17,,Cloud,Approved,855.16
PRJ004426,A0011457,Technology Refresh Wave,2028-06-02,,Network,In Progress,1649.87
PRJ004427,A0000674,Technology Refresh Wave,2027-02-24,,End User Computing,In Progress,1217.88
PRJ004428,A0019227,Technology Refresh Wave,2026-09-04,,Infrastructure,Approved,382.86
PRJ004429,A0004280,Technology Refresh Wave,2027-01-05,,Network,Deferred,1518.13
PRJ004430,A0007887,Technology Refresh Wave,2027-10-16,,Security,Proposed,1154.46
PRJ004431,A0011130,Technology Refresh Wave,2026-07-25,,Network,Proposed,1119.39
PRJ004432,A0006449,Technology Refresh Wave,2028-03-27,,End User Computing,Deferred,1333.25
PRJ004433,A0021153,Technology Refresh Wave,2028-04-29,,End User Computing,Approved,16945.49
PRJ004434,A0021655,Technology Refresh Wave,2027-11-14,,Infrastructure,Approved,6496.12
PRJ004435,A0009164,Technology Refresh Wave,2027-08-29,,Network,Proposed,1847.37
PRJ004436,A0009933,Technology Refresh Wave,2028-09-30,,End User Computing,Completed,1370.96
PRJ004437,A0007469,Technology Refresh Wave,2028-09-30,,Security,Proposed,1419.58
PRJ004438,A0018204,Technology Refresh Wave,2027-05-06,,Security,Proposed,980.04
PRJ004439,A0008701,Technology Refresh Wave,2028-09-26,,Infrastructure,Approved,1274.53
PRJ004440,A0013170,Technology Refresh Wave,2028-03-05,,Security,Deferred,1172.79
PRJ004441,A0017954,Technology Refresh Wave,2027-02-05,,Network,Completed,611.65
PRJ004442,A0011072,Technology Refresh Wave,2027-03-11,,Network,Completed,825.78
PRJ004443,A0013317,Technology Refresh Wave,2026-08-02,,Infrastructure,Approved,1418.63
PRJ004444,A0014041,Technology Refresh Wave,2026-04-13,,Network,Approved,744.63
PRJ004445,A0017289,Technology Refresh Wave,2026-11-08,,Network,Approved,786.9
PRJ004446,A0012052,Technology Refresh Wave,2026-10-17,,Infrastructure,Proposed,1990.99
PRJ004447,A0004059,Technology Refresh Wave,2028-12-04,,Infrastructure,Approved,1647.32
PRJ004448,A0021185,Technology Refresh Wave,2027-07-18,,Network,Approved,9343.32
PRJ004449,A0018168,Technology Refresh Wave,2026-08-19,,Network,In Progress,713.06
PRJ004450,A0003462,Technology Refresh Wave,2027-06-26,,Security,Proposed,1061.06
PRJ004451,A0000978,Technology Refresh Wave,2026-09-21,,Security,Approved,954.0
PRJ004452,A0007812,Technology Refresh Wave,2026-07-10,,Cloud,Proposed,1627.55
PRJ004453,A0013339,Technology Refresh Wave,2027-08-18,,Cloud,Deferred,1707.65
PRJ004454,A0010979,Technology Refresh Wave,2028-01-19,,End User Computing,Deferred,1558.38
PRJ004455,A0021182,Technology Refresh Wave,2027-12-17,,Security,In Progress,12931.1
PRJ004456,A0008101,Technology Refresh Wave,2027-10-06,,Infrastructure,Completed,1564.08
PRJ004457,A0021011,Technology Refresh Wave,2026-04-22,,Network,In Progress,23380.4
PRJ004458,A0022601,Technology Refresh Wave,2028-11-14,,Security,Deferred,11310.1
PRJ004459,A0008350,Technology Refresh Wave,2027-08-11,,End User Computing,Completed,1246.9
PRJ004460,A0018480,Technology Refresh Wave,2027-10-25,,Infrastructure,Completed,1211.92
PRJ004461,A0019783,Technology Refresh Wave,2026-08-08,,Infrastructure,Approved,624.47
PRJ004462,A0010147,Technology Refresh Wave,2027-08-20,,Security,Proposed,1615.79
PRJ004463,A0011808,Technology Refresh Wave,2026-03-03,,Cloud,Approved,2539.86
PRJ004464,A0021936,Technology Refresh Wave,2028-05-13,,Cloud,Deferred,5792.8
PRJ004465,A0007718,Technology Refresh Wave,2028-10-24,,Cloud,Approved,890.43
PRJ004466,A0018449,Technology Refresh Wave,2028-08-26,,Security,Deferred,862.74
PRJ004467,A0000089,Technology Refresh Wave,2027-06-07,,Infrastructure,Proposed,1142.88
PRJ004468,A0003802,Technology Refresh Wave,2026-04-10,,Network,Deferred,957.6
PRJ004469,A0007902,Technology Refresh Wave,2028-05-10,,Infrastructure,Proposed,1189.65
PRJ004470,A0011179,Technology Refresh Wave,2026-08-25,,End User Computing,Approved,1204.28
PRJ004471,A0022832,Technology Refresh Wave,2027-08-01,,Security,Proposed,4926.46
PRJ004472,A0015737,Technology Refresh Wave,2028-11-21,,End User Computing,In Progress,977.66
PRJ004473,A0018329,Technology Refresh Wave,2026-02-14,,Security,Deferred,845.55
PRJ004474,A0009133,Technology Refresh Wave,2026-12-04,,Network,Proposed,1078.79
PRJ004475,A0016151,Technology Refresh Wave,2026-03-22,,Infrastructure,Completed,1106.49
PRJ004476,A0005077,Technology Refresh Wave,2026-08-07,,Infrastructure,Deferred,1990.49
PRJ004477,A0013849,Technology Refresh Wave,2028-03-27,,Network,Proposed,851.24
PRJ004478,A0008963,Technology Refresh Wave,2028-05-19,,Network,Completed,1350.48
PRJ004479,A0012340,Technology Refresh Wave,2026-04-04,,Infrastructure,Proposed,1418.96
PRJ004480,A0022347,Technology Refresh Wave,2026-02-07,,Infrastructure,In Progress,5575.7
PRJ004481,A0017255,Technology Refresh Wave,2027-01-25,,Cloud,Proposed,893.03
PRJ004482,A0006245,Technology Refresh Wave,2027-03-21,,End User Computing,In Progress,1327.85
PRJ004483,A0004725,Technology Refresh Wave,2028-10-23,,Cloud,Proposed,2047.97
PRJ004484,A0020461,Technology Refresh Wave,2026-07-13,,Cloud,Proposed,9639.77
PRJ004485,A0020009,Technology Refresh Wave,2027-01-13,,Security,In Progress,13809.64
PRJ004486,A0014495,Technology Refresh Wave,2028-04-06,,Infrastructure,Completed,1016.45
PRJ004487,A0006530,Technology Refresh Wave,2028-09-16,,Infrastructure,In Progress,1504.05
PRJ004488,A0007278,Technology Refresh Wave,2028-09-04,,End User Computing,Proposed,1093.53
PRJ004489,A0003459,Technology Refresh Wave,2026-05-02,,Infrastructure,In Progress,1811.22
PRJ004490,A0018832,Technology Refresh Wave,2026-05-12,,Cloud,Deferred,484.23
PRJ004491,A0010122,Technology Refresh Wave,2027-06-30,,Security,Approved,1086.77
PRJ004492,A0003715,Technology Refresh Wave,2027-04-02,,Network,Deferred,1665.06
PRJ004493,A0022272,Technology Refresh Wave,2026-06-25,,End User Computing,Approved,4874.44
PRJ004494,A0006552,Technology Refresh Wave,2027-05-07,,Security,Proposed,1489.82
PRJ004495,A0002306,Technology Refresh Wave,2028-10-26,,Network,Proposed,1973.54
PRJ004496,A0021073,Technology Refresh Wave,2027-10-07,,Infrastructure,Deferred,13672.88
PRJ004497,A0005313,Technology Refresh Wave,2028-12-05,,Network,Deferred,1694.45
PRJ004498,A0010406,Technology Refresh Wave,2028-06-06,,Cloud,Proposed,1063.26
PRJ004499,A0010512,Technology Refresh Wave,2026-07-06,,Security,Proposed,1149.48
PRJ004500,A0023513,Technology Refresh Wave,2028-08-10,,End User Computing,Deferred,788.75
PRJ004501,A0006654,Technology Refresh Wave,2026-03-27,,Security,Proposed,1369.63
PRJ004502,A0013515,Technology Refresh Wave,2028-07-24,,Security,Approved,1141.27
PRJ004503,A0017950,Technology Refresh Wave,2028-09-19,,Cloud,In Progress,820.73
PRJ004504,A0018469,Technology Refresh Wave,2026-01-14,,End User Computing,Completed,949.81
PRJ004505,A0004464,Technology Refresh Wave,2028-09-29,,Security,In Progress,2099.8
PRJ004506,A0018776,Technology Refresh Wave,2026-10-22,,Cloud,Deferred,370.49
PRJ004507,A0011025,Technology Refresh Wave,2027-04-30,,Cloud,In Progress,1213.17
PRJ004508,A0001489,Technology Refresh Wave,2028-12-29,,End User Computing,In Progress,1137.56
PRJ004509,A0005245,Technology Refresh Wave,2026-09-19,,Infrastructure,Completed,1031.28
PRJ004510,A0005514,Technology Refresh Wave,2026-10-16,,Cloud,Deferred,1116.74
PRJ004511,A0013454,Technology Refresh Wave,2026-11-13,,Cloud,Proposed,1091.08
PRJ004512,A0018969,Technology Refresh Wave,2027-12-27,,Network,Approved,401.87
PRJ004513,A0005006,Technology Refresh Wave,2027-08-14,,Network,In Progress,1410.56
PRJ004514,A0005817,Technology Refresh Wave,2027-05-14,,End User Computing,Proposed,1619.75
PRJ004515,A0003032,Technology Refresh Wave,2027-05-26,,Security,In Progress,1070.08
PRJ004516,A0011213,Technology Refresh Wave,2028-10-03,,Network,Proposed,934.01
PRJ004517,A0000577,Technology Refresh Wave,2027-08-15,,Infrastructure,Proposed,1260.05
PRJ004518,A0015022,Technology Refresh Wave,2028-02-26,,Cloud,In Progress,992.0
PRJ004519,A0001054,Technology Refresh Wave,2026-04-20,,Security,Completed,1561.83
PRJ004520,A0011565,Technology Refresh Wave,2028-11-19,,Cloud,Approved,2091.3
PRJ004521,A0006815,Technology Refresh Wave,2028-09-11,,Network,In Progress,1568.5
PRJ004522,A0021801,Technology Refresh Wave,2026-01-20,,Security,Deferred,3120.7
PRJ004523,A0008843,Technology Refresh Wave,2028-10-14,,Security,Approved,1341.13
PRJ004524,A0012592,Technology Refresh Wave,2028-07-31,,Cloud,Proposed,926.33
PRJ004525,A0011067,Technology Refresh Wave,2026-08-10,,Network,In Progress,2102.18
PRJ004526,A0013577,Technology Refresh Wave,2028-11-01,,End User Computing,In Progress,987.9
PRJ004527,A0020123,Technology Refresh Wave,2027-07-04,,Cloud,Deferred,19816.5
PRJ004528,A0015348,Technology Refresh Wave,2028-02-06,,Security,Approved,1085.98
PRJ004529,A0002178,Technology Refresh Wave,2027-06-30,,Infrastructure,Approved,1157.92
PRJ004530,A0014468,Technology Refresh Wave,2026-07-05,,Cloud,Deferred,1236.68
PRJ004531,A0021054,Technology Refresh Wave,2026-06-28,,Cloud,Approved,11013.79
PRJ004532,A0019949,Technology Refresh Wave,2028-03-17,,Network,Proposed,575.99
PRJ004533,A0022246,Technology Refresh Wave,2027-01-20,,End User Computing,Approved,7241.64
PRJ004534,A0010441,Technology Refresh Wave,2028-05-02,,Network,Deferred,1033.0
PRJ004535,A0019829,Technology Refresh Wave,2027-08-30,,End User Computing,Proposed,507.82
PRJ004536,A0013444,Technology Refresh Wave,2026-05-24,,Network,In Progress,1055.16
PRJ004537,A0013815,Technology Refresh Wave,2027-03-27,,Network,Deferred,1500.1
PRJ004538,A0006308,Technology Refresh Wave,2026-09-01,,End User Computing,Approved,1260.88
PRJ004539,A0016065,Technology Refresh Wave,2028-06-10,,Network,Deferred,934.69
PRJ004540,A0015941,Technology Refresh Wave,2028-03-16,,End User Computing,In Progress,1117.79
PRJ004541,A0016177,Technology Refresh Wave,2027-02-21,,Infrastructure,Proposed,891.36
PRJ004542,A0000818,Technology Refresh Wave,2026-08-07,,Cloud,Proposed,1738.14
PRJ004543,A0023755,Technology Refresh Wave,2028-03-11,,Infrastructure,Proposed,102216.74
PRJ004544,A0016804,Technology Refresh Wave,2028-02-05,,Cloud,Completed,613.2
PRJ004545,A0019990,Technology Refresh Wave,2027-11-06,,Infrastructure,Deferred,452.45
PRJ004546,A0018069,Technology Refresh Wave,2027-09-04,,Cloud,Completed,712.49
PRJ004547,A0021095,Technology Refresh Wave,2027-06-09,,End User Computing,Deferred,8550.85
PRJ004548,A0018929,Technology Refresh Wave,2026-06-29,,Security,In Progress,424.58
PRJ004549,A0020944,Technology Refresh Wave,2027-01-27,,Network,Deferred,13886.77
PRJ004550,A0002695,Technology Refresh Wave,2028-12-17,,Security,Proposed,1402.93
PRJ004551,A0021719,Technology Refresh Wave,2028-11-21,,Network,Completed,3085.5
PRJ004552,A0003577,Technology Refresh Wave,2027-01-15,,Cloud,In Progress,1202.96
PRJ004553,A0005509,Technology Refresh Wave,2026-01-07,,End User Computing,Completed,1518.54
PRJ004554,A0017127,Technology Refresh Wave,2028-01-04,,Cloud,Completed,589.75
PRJ004555,A0004517,Technology Refresh Wave,2026-12-03,,Network,Deferred,1450.15
PRJ004556,A0002797,Technology Refresh Wave,2027-01-25,,Network,Proposed,2053.53
PRJ004557,A0004035,Technology Refresh Wave,2027-01-10,,Cloud,Deferred,1177.77
PRJ004558,A0005200,Technology Refresh Wave,2026-01-19,,Network,Deferred,1547.82
PRJ004559,A0000073,Technology Refresh Wave,2027-09-28,,Security,Deferred,1254.47
PRJ004560,A0001403,Technology Refresh Wave,2028-11-13,,Network,Proposed,1437.11
PRJ004561,A0012954,Technology Refresh Wave,2026-06-17,,Security,Deferred,1528.36
PRJ004562,A0006866,Technology Refresh Wave,2027-05-24,,Cloud,In Progress,997.94
PRJ004563,A0018874,Technology Refresh Wave,2028-03-02,,Security,In Progress,414.2
PRJ004564,A0010613,Technology Refresh Wave,2026-11-27,,Network,In Progress,1363.16
PRJ004565,A0013315,Technology Refresh Wave,2026-01-28,,Infrastructure,Approved,2494.99
PRJ004566,A0017596,Technology Refresh Wave,2027-04-01,,Cloud,Proposed,1258.62
PRJ004567,A0010301,Technology Refresh Wave,2028-05-13,,Network,Proposed,1157.05
PRJ004568,A0018081,Technology Refresh Wave,2027-06-22,,Cloud,Approved,856.73
PRJ004569,A0015903,Technology Refresh Wave,2027-03-11,,End User Computing,Completed,912.99
PRJ004570,A0008616,Technology Refresh Wave,2027-02-05,,Cloud,Deferred,968.77
PRJ004571,A0017130,Technology Refresh Wave,2028-07-27,,End User Computing,Proposed,1067.35
PRJ004572,A0019623,Technology Refresh Wave,2027-05-25,,Network,Deferred,349.8
PRJ004573,A0023647,Technology Refresh Wave,2028-04-25,,Security,Completed,658.41
PRJ004574,A0018349,Technology Refresh Wave,2028-11-18,,Cloud,Approved,762.23
PRJ004575,A0006865,Technology Refresh Wave,2027-02-18,,End User Computing,Completed,1751.58
PRJ004576,A0007732,Technology Refresh Wave,2028-11-18,,Security,In Progress,1220.56
PRJ004577,A0011920,Technology Refresh Wave,2027-06-26,,Network,Proposed,1500.81
PRJ004578,A0002947,Technology Refresh Wave,2026-09-27,,Network,Completed,901.06
PRJ004579,A0023201,Technology Refresh Wave,2027-09-26,,Infrastructure,Deferred,991.74
PRJ004580,A0006435,Technology Refresh Wave,2028-11-14,,End User Computing,Approved,1508.54
PRJ004581,A0020938,Technology Refresh Wave,2028-07-29,,Infrastructure,Approved,13517.04
PRJ004582,A0018827,Technology Refresh Wave,2026-01-13,,End User Computing,In Progress,460.87
PRJ004583,A0018368,Technology Refresh Wave,2026-09-22,,Cloud,Proposed,1106.91
PRJ004584,A0003827,Technology Refresh Wave,2026-08-26,,Infrastructure,Approved,1220.09
PRJ004585,A0022787,Technology Refresh Wave,2027-05-11,,Infrastructure,Approved,8190.27
PRJ004586,A0000189,Technology Refresh Wave,2028-04-24,,Cloud,In Progress,1087.16
PRJ004587,A0022061,Technology Refresh Wave,2026-08-30,,Cloud,Deferred,5490.14
PRJ004588,A0020905,Technology Refresh Wave,2026-11-11,,Network,Approved,13333.77
PRJ004589,A0004526,Technology Refresh Wave,2028-04-16,,Cloud,In Progress,1083.22
PRJ004590,A0009579,Technology Refresh Wave,2027-08-18,,Cloud,Approved,996.01
PRJ004591,A0014676,Technology Refresh Wave,2027-08-21,,Security,Approved,1093.67
PRJ004592,A0011498,Technology Refresh Wave,2028-12-23,,Infrastructure,Proposed,1204.71
PRJ004593,A0011814,Technology Refresh Wave,2027-06-04,,Cloud,In Progress,2478.74
PRJ004594,A0017003,Technology Refresh Wave,2028-10-01,,Cloud,Proposed,865.74
PRJ004595,A0003498,Technology Refresh Wave,2026-09-12,,Cloud,Deferred,1340.49
PRJ004596,A0023310,Technology Refresh Wave,2027-11-06,,Cloud,Approved,1129.24
PRJ004597,A0002726,Technology Refresh Wave,2027-09-09,,Infrastructure,Deferred,1256.65
PRJ004598,A0012590,Technology Refresh Wave,2026-11-19,,Cloud,Proposed,1579.34
PRJ004599,A0011431,Technology Refresh Wave,2027-06-18,,Network,Proposed,970.09
PRJ004600,A0010160,Technology Refresh Wave,2026-09-13,,Security,Completed,1446.4
PRJ004601,A0019789,Technology Refresh Wave,2028-11-15,,Network,In Progress,412.13
PRJ004602,A0008565,Technology Refresh Wave,2028-06-22,,End User Computing,Deferred,1773.1
PRJ004603,A0012960,Technology Refresh Wave,2026-04-25,,End User Computing,Approved,1162.35
PRJ004604,A0004872,Technology Refresh Wave,2027-05-13,,Security,Deferred,1392.65
PRJ004605,A0011973,Technology Refresh Wave,2026-08-25,,Network,Proposed,1370.61
PRJ004606,A0010153,Technology Refresh Wave,2027-01-17,,Network,Deferred,1839.98
PRJ004607,A0005253,Technology Refresh Wave,2026-04-13,,End User Computing,Approved,1336.69
PRJ004608,A0009622,Technology Refresh Wave,2026-03-15,,Security,Deferred,1138.34
PRJ004609,A0020062,Technology Refresh Wave,2026-04-15,,End User Computing,In Progress,22877.42
PRJ004610,A0002880,Technology Refresh Wave,2027-07-27,,End User Computing,In Progress,1301.64
PRJ004611,A0019809,Technology Refresh Wave,2027-01-29,,End User Computing,In Progress,352.15
PRJ004612,A0017813,Technology Refresh Wave,2027-08-23,,Infrastructure,In Progress,1077.01
PRJ004613,A0020923,Technology Refresh Wave,2027-11-15,,Infrastructure,In Progress,15569.1
PRJ004614,A0008844,Technology Refresh Wave,2026-05-27,,Cloud,In Progress,1044.56
PRJ004615,A0003264,Technology Refresh Wave,2026-12-28,,Infrastructure,Deferred,1367.21
PRJ004616,A0002755,Technology Refresh Wave,2027-07-28,,End User Computing,Proposed,1214.44
PRJ004617,A0007218,Technology Refresh Wave,2026-07-16,,End User Computing,Proposed,1281.46
PRJ004618,A0003573,Technology Refresh Wave,2027-12-06,,Cloud,Deferred,1276.37
PRJ004619,A0016623,Technology Refresh Wave,2026-07-19,,Network,In Progress,893.32
PRJ004620,A0006226,Technology Refresh Wave,2027-06-14,,Network,Proposed,1044.73
PRJ004621,A0012135,Technology Refresh Wave,2027-03-09,,Security,Completed,2147.58
PRJ004622,A0017204,Technology Refresh Wave,2027-11-13,,Security,In Progress,1128.19
PRJ004623,A0016675,Technology Refresh Wave,2028-12-03,,End User Computing,Approved,1069.75
PRJ004624,A0004488,Technology Refresh Wave,2026-06-16,,End User Computing,In Progress,1130.99
PRJ004625,A0017445,Technology Refresh Wave,2026-12-31,,Security,Proposed,1129.69
PRJ004626,A0005815,Technology Refresh Wave,2027-04-15,,Network,Proposed,1145.88
PRJ004627,A0003927,Technology Refresh Wave,2027-05-20,,Network,Approved,972.9
PRJ004628,A0006422,Technology Refresh Wave,2027-06-18,,Cloud,Deferred,1093.42
PRJ004629,A0022757,Technology Refresh Wave,2026-12-28,,Security,Completed,12460.56
PRJ004630,A0006236,Technology Refresh Wave,2028-02-01,,Cloud,Proposed,1453.17
PRJ004631,A0007899,Technology Refresh Wave,2026-04-13,,Infrastructure,Completed,1364.56
PRJ004632,A0008791,Technology Refresh Wave,2026-06-03,,Security,In Progress,1252.71
PRJ004633,A0017382,Technology Refresh Wave,2027-08-18,,Security,Completed,993.96
PRJ004634,A0003583,Technology Refresh Wave,2028-06-06,,Network,Proposed,2089.55
PRJ004635,A0003435,Technology Refresh Wave,2027-02-20,,Cloud,Completed,1579.68
PRJ004636,A0012126,Technology Refresh Wave,2028-10-13,,Security,Approved,1285.51
PRJ004637,A0004463,Technology Refresh Wave,2028-07-23,,End User Computing,Deferred,1011.83
PRJ004638,A0009832,Technology Refresh Wave,2026-07-26,,End User Computing,In Progress,1517.31
PRJ004639,A0000922,Technology Refresh Wave,2027-08-17,,Security,In Progress,1147.0
PRJ004640,A0005149,Technology Refresh Wave,2026-05-28,,Network,Approved,1089.42
PRJ004641,A0004329,Technology Refresh Wave,2027-08-29,,End User Computing,In Progress,1429.31
PRJ004642,A0001471,Technology Refresh Wave,2026-05-29,,Infrastructure,Deferred,1351.32
PRJ004643,A0001750,Technology Refresh Wave,2028-04-03,,End User Computing,Deferred,860.31
PRJ004644,A0007885,Technology Refresh Wave,2027-03-21,,Cloud,In Progress,2299.03
PRJ004645,A0010968,Technology Refresh Wave,2026-05-21,,Cloud,In Progress,2320.43
PRJ004646,A0019090,Technology Refresh Wave,2028-02-02,,End User Computing,In Progress,478.01
PRJ004647,A0014476,Technology Refresh Wave,2027-07-06,,Cloud,Completed,901.96
PRJ004648,A0003163,Technology Refresh Wave,2026-02-08,,Cloud,Approved,815.68
PRJ004649,A0022312,Technology Refresh Wave,2027-08-14,,Infrastructure,Proposed,3952.69
PRJ004650,A0001732,Technology Refresh Wave,2028-10-12,,Network,Approved,896.79
PRJ004651,A0006934,Technology Refresh Wave,2027-10-16,,Network,In Progress,1195.01
PRJ004652,A0013244,Technology Refresh Wave,2026-11-11,,End User Computing,Proposed,1726.18
PRJ004653,A0006689,Technology Refresh Wave,2028-03-05,,Cloud,Proposed,1176.76
PRJ004654,A0005926,Technology Refresh Wave,2026-01-09,,Infrastructure,In Progress,1577.57
PRJ004655,A0017194,Technology Refresh Wave,2027-02-09,,Network,Completed,731.16
PRJ004656,A0005215,Technology Refresh Wave,2027-10-27,,Security,Deferred,1616.95
PRJ004657,A0009196,Technology Refresh Wave,2026-11-14,,End User Computing,Approved,1864.84
PRJ004658,A0018933,Technology Refresh Wave,2028-03-29,,Infrastructure,Proposed,331.28
PRJ004659,A0020375,Technology Refresh Wave,2028-04-15,,Infrastructure,Completed,14970.94
PRJ004660,A0016811,Technology Refresh Wave,2027-01-08,,Infrastructure,Deferred,841.79
PRJ004661,A0013688,Technology Refresh Wave,2028-10-20,,Cloud,In Progress,1145.41
PRJ004662,A0004223,Technology Refresh Wave,2028-01-08,,Cloud,Completed,1240.74
PRJ004663,A0023682,Technology Refresh Wave,2028-01-18,,Infrastructure,Approved,88727.06
PRJ004664,A0022109,Technology Refresh Wave,2026-09-07,,Cloud,Approved,4238.49
PRJ004665,A0017067,Technology Refresh Wave,2028-02-12,,Network,In Progress,908.84
PRJ004666,A0021767,Technology Refresh Wave,2027-01-25,,End User Computing,Completed,6693.39
PRJ004667,A0001259,Technology Refresh Wave,2027-06-16,,End User Computing,Completed,1829.81
PRJ004668,A0009190,Technology Refresh Wave,2027-03-27,,End User Computing,Proposed,1060.96
PRJ004669,A0011845,Technology Refresh Wave,2028-05-16,,Network,Completed,1415.38
PRJ004670,A0023117,Technology Refresh Wave,2026-08-30,,End User Computing,Approved,652.93
PRJ004671,A0019576,Technology Refresh Wave,2027-12-14,,Infrastructure,Proposed,445.34
PRJ004672,A0013639,Technology Refresh Wave,2027-05-03,,Cloud,Completed,1185.01
PRJ004673,A0000274,Technology Refresh Wave,2026-03-28,,Cloud,Completed,1145.96
PRJ004674,A0016201,Technology Refresh Wave,2026-10-09,,Infrastructure,Completed,1041.3
PRJ004675,A0011000,Technology Refresh Wave,2027-02-15,,Security,Approved,1608.07
PRJ004676,A0007108,Technology Refresh Wave,2026-10-31,,Infrastructure,Deferred,1201.25
PRJ004677,A0016742,Technology Refresh Wave,2027-04-17,,Cloud,In Progress,908.21
PRJ004678,A0014845,Technology Refresh Wave,2026-04-30,,Network,In Progress,886.11
PRJ004679,A0003172,Technology Refresh Wave,2027-08-21,,Cloud,Deferred,1951.22
PRJ004680,A0009361,Technology Refresh Wave,2026-06-05,,Infrastructure,Deferred,1532.44
PRJ004681,A0022983,Technology Refresh Wave,2026-03-20,,End User Computing,In Progress,39085.15
PRJ004682,A0022896,Technology Refresh Wave,2026-04-08,,Network,In Progress,23330.07
PRJ004683,A0021005,Technology Refresh Wave,2026-12-28,,Network,In Progress,9692.9
PRJ004684,A0011032,Technology Refresh Wave,2026-02-03,,Security,Proposed,868.33
PRJ004685,A0020855,Technology Refresh Wave,2026-01-17,,Infrastructure,Proposed,22733.81
PRJ004686,A0010329,Technology Refresh Wave,2027-04-20,,Cloud,Proposed,1222.44
PRJ004687,A0020331,Technology Refresh Wave,2028-11-28,,Infrastructure,Completed,15939.42
PRJ004688,A0015576,Technology Refresh Wave,2028-01-26,,Network,Deferred,837.4
PRJ004689,A0012546,Technology Refresh Wave,2027-06-01,,End User Computing,Approved,842.24
PRJ004690,A0016225,Technology Refresh Wave,2027-07-07,,Network,Proposed,1138.39
PRJ004691,A0019907,Technology Refresh Wave,2027-01-06,,Cloud,Deferred,361.29
PRJ004692,A0003888,Technology Refresh Wave,2027-02-13,,Security,Approved,1259.85
PRJ004693,A0016498,Technology Refresh Wave,2028-03-15,,Network,In Progress,896.74
PRJ004694,A0016055,Technology Refresh Wave,2028-12-14,,Cloud,In Progress,940.15
PRJ004695,A0022051,Technology Refresh Wave,2026-07-01,,Cloud,Deferred,5488.17
PRJ004696,A0011080,Technology Refresh Wave,2026-11-16,,Network,Completed,1471.65
PRJ004697,A0012363,Technology Refresh Wave,2028-11-27,,Security,Approved,792.09
PRJ004698,A0020095,Technology Refresh Wave,2027-09-02,,End User Computing,Deferred,16730.7
PRJ004699,A0011310,Technology Refresh Wave,2026-12-31,,Cloud,Deferred,1411.75
PRJ004700,A0006915,Technology Refresh Wave,2027-07-26,,End User Computing,In Progress,1505.59
PRJ004701,A0006591,Technology Refresh Wave,2026-04-17,,Cloud,Completed,1291.67
PRJ004702,A0011687,Technology Refresh Wave,2028-03-23,,Security,Completed,944.9
PRJ004703,A0020065,Technology Refresh Wave,2028-06-03,,Infrastructure,Deferred,17551.58
PRJ004704,A0020546,Technology Refresh Wave,2027-08-22,,Security,Completed,23779.8
PRJ004705,A0007467,Technology Refresh Wave,2027-08-27,,End User Computing,Deferred,2057.43
PRJ004706,A0002238,Technology Refresh Wave,2028-01-28,,Security,In Progress,1705.84
PRJ004707,A0020153,Technology Refresh Wave,2026-09-17,,Security,Proposed,19215.35
PRJ004708,A0008749,Technology Refresh Wave,2026-10-02,,Security,Completed,1139.17
PRJ004709,A0023627,Technology Refresh Wave,2028-04-03,,Security,Deferred,693.05
PRJ004710,A0000232,Technology Refresh Wave,2027-09-16,,Cloud,In Progress,1462.9
PRJ004711,A0016422,Technology Refresh Wave,2027-02-09,,End User Computing,Proposed,1197.3
PRJ004712,A0011492,Technology Refresh Wave,2028-04-18,,Security,Proposed,1963.63
PRJ004713,A0015377,Technology Refresh Wave,2027-04-11,,Security,Approved,1122.27
PRJ004714,A0009237,Technology Refresh Wave,2028-01-14,,Network,Deferred,1126.15
PRJ004715,A0007629,Technology Refresh Wave,2026-02-23,,End User Computing,Deferred,1907.41
PRJ004716,A0008185,Technology Refresh Wave,2027-07-17,,Cloud,In Progress,968.51
PRJ004717,A0017721,Technology Refresh Wave,2027-12-13,,Network,Proposed,761.15
PRJ004718,A0016723,Technology Refresh Wave,2027-05-03,,End User Computing,Approved,692.06
PRJ004719,A0006718,Technology Refresh Wave,2027-05-11,,Infrastructure,Proposed,2312.23
PRJ004720,A0013710,Technology Refresh Wave,2026-06-11,,Security,In Progress,2781.11
PRJ004721,A0003979,Technology Refresh Wave,2028-07-01,,End User Computing,Proposed,1192.42
PRJ004722,A0010257,Technology Refresh Wave,2026-09-22,,End User Computing,Deferred,1457.09
PRJ004723,A0012390,Technology Refresh Wave,2027-10-20,,End User Computing,Completed,998.88
PRJ004724,A0003426,Technology Refresh Wave,2026-01-13,,Network,Completed,1257.18
PRJ004725,A0023537,Technology Refresh Wave,2027-08-19,,End User Computing,Proposed,1005.35
PRJ004726,A0015638,Technology Refresh Wave,2028-08-25,,Cloud,Deferred,794.26
PRJ004727,A0012695,Technology Refresh Wave,2026-11-03,,End User Computing,Approved,963.73
PRJ004728,A0008318,Technology Refresh Wave,2027-07-08,,Security,In Progress,1581.0
PRJ004729,A0009512,Technology Refresh Wave,2027-07-18,,End User Computing,Approved,1038.84
PRJ004730,A0019787,Technology Refresh Wave,2028-03-11,,Security,Deferred,367.52
PRJ004731,A0017184,Technology Refresh Wave,2026-05-21,,Security,Approved,964.82
PRJ004732,A0021077,Technology Refresh Wave,2027-04-26,,Security,Proposed,16363.5
PRJ004733,A0002313,Technology Refresh Wave,2028-09-01,,Infrastructure,Completed,1069.94
PRJ004734,A0016732,Technology Refresh Wave,2026-02-20,,Infrastructure,Approved,820.86
PRJ004735,A0013600,Technology Refresh Wave,2026-08-08,,Infrastructure,Deferred,1386.85
PRJ004736,A0018898,Technology Refresh Wave,2026-11-03,,End User Computing,Completed,382.03
PRJ004737,A0017027,Technology Refresh Wave,2028-03-03,,Infrastructure,In Progress,832.35
PRJ004738,A0020140,Technology Refresh Wave,2028-01-21,,Infrastructure,Proposed,13895.47
PRJ004739,A0011877,Technology Refresh Wave,2026-11-20,,End User Computing,In Progress,859.31
PRJ004740,A0013203,Technology Refresh Wave,2027-11-12,,Cloud,Proposed,1779.01
PRJ004741,A0008558,Technology Refresh Wave,2028-05-04,,End User Computing,In Progress,1497.46
PRJ004742,A0011753,Technology Refresh Wave,2027-10-02,,End User Computing,In Progress,1319.28
PRJ004743,A0022776,Technology Refresh Wave,2028-01-24,,Infrastructure,Approved,15268.28
PRJ004744,A0011151,Technology Refresh Wave,2028-09-04,,Security,Approved,1724.47
PRJ004745,A0013243,Technology Refresh Wave,2028-05-18,,Infrastructure,Deferred,1163.12
PRJ004746,A0014324,Technology Refresh Wave,2027-01-10,,End User Computing,In Progress,763.18
PRJ004747,A0003830,Technology Refresh Wave,2028-02-05,,Network,Deferred,1407.43
PRJ004748,A0010909,Technology Refresh Wave,2028-07-26,,Network,Deferred,1052.4
PRJ004749,A0005729,Technology Refresh Wave,2027-04-12,,End User Computing,Proposed,1495.15
PRJ004750,A0004200,Technology Refresh Wave,2027-08-24,,End User Computing,Approved,1653.01
PRJ004751,A0022164,Technology Refresh Wave,2028-06-20,,Network,Proposed,7083.8
PRJ004752,A0001723,Technology Refresh Wave,2027-05-29,,End User Computing,In Progress,1133.07
PRJ004753,A0018282,Technology Refresh Wave,2026-12-06,,Security,Approved,862.51
PRJ004754,A0017994,Technology Refresh Wave,2026-07-27,,Infrastructure,Approved,1297.08
PRJ004755,A0014835,Technology Refresh Wave,2026-04-25,,Network,Deferred,1137.51
PRJ004756,A0017495,Technology Refresh Wave,2026-04-09,,Security,In Progress,932.03
PRJ004757,A0007176,Technology Refresh Wave,2027-10-14,,End User Computing,Approved,1149.34
PRJ004758,A0014336,Technology Refresh Wave,2027-04-26,,Security,Completed,780.69
PRJ004759,A0001733,Technology Refresh Wave,2027-02-05,,Infrastructure,Proposed,1020.77
PRJ004760,A0017796,Technology Refresh Wave,2026-12-03,,Security,Approved,995.97
PRJ004761,A0010014,Technology Refresh Wave,2027-09-18,,Infrastructure,Proposed,1213.49
PRJ004762,A0002849,Technology Refresh Wave,2028-05-16,,Security,Proposed,1441.21
PRJ004763,A0020436,Technology Refresh Wave,2027-12-14,,Infrastructure,Proposed,12950.86
PRJ004764,A0008766,Technology Refresh Wave,2027-05-19,,Cloud,Proposed,1172.72
PRJ004765,A0003895,Technology Refresh Wave,2027-11-03,,Network,Deferred,1347.08
PRJ004766,A0015994,Technology Refresh Wave,2027-02-22,,End User Computing,Approved,854.32
PRJ004767,A0009186,Technology Refresh Wave,2027-07-16,,Cloud,Approved,1776.06
PRJ004768,A0010773,Technology Refresh Wave,2028-07-22,,Security,Proposed,1013.09
PRJ004769,A0008342,Technology Refresh Wave,2026-11-11,,End User Computing,Deferred,2002.23
PRJ004770,A0007406,Technology Refresh Wave,2028-06-29,,Infrastructure,Approved,1234.27
PRJ004771,A0018532,Technology Refresh Wave,2026-04-13,,End User Computing,In Progress,421.65
PRJ004772,A0020766,Technology Refresh Wave,2026-06-03,,Cloud,Proposed,26172.31
PRJ004773,A0020238,Technology Refresh Wave,2026-10-02,,Security,In Progress,14341.84
PRJ004774,A0004154,Technology Refresh Wave,2027-09-13,,Security,Completed,1009.57
PRJ004775,A0002944,Technology Refresh Wave,2026-06-29,,Network,In Progress,1689.82
PRJ004776,A0018656,Technology Refresh Wave,2027-10-16,,Infrastructure,In Progress,526.97
PRJ004777,A0017801,Technology Refresh Wave,2026-04-22,,End User Computing,In Progress,904.31
PRJ004778,A0010090,Technology Refresh Wave,2027-01-17,,Cloud,In Progress,1165.4
PRJ004779,A0019629,Technology Refresh Wave,2026-10-23,,Security,Completed,412.51
PRJ004780,A0005048,Technology Refresh Wave,2028-05-19,,Security,Deferred,1128.13
PRJ004781,A0023586,Technology Refresh Wave,2027-09-23,,Infrastructure,Approved,1037.83
PRJ004782,A0010322,Technology Refresh Wave,2026-01-01,,Security,Proposed,1501.12
PRJ004783,A0006085,Technology Refresh Wave,2028-05-02,,Cloud,Proposed,1671.78
PRJ004784,A0023709,Technology Refresh Wave,2027-12-28,,Infrastructure,Approved,77752.9
PRJ004785,A0020364,Technology Refresh Wave,2026-11-16,,Security,Deferred,11512.02
PRJ004786,A0019613,Technology Refresh Wave,2026-10-31,,Network,Deferred,376.37
PRJ004787,A0015674,Technology Refresh Wave,2028-12-26,,Security,Completed,817.68
PRJ004788,A0002302,Technology Refresh Wave,2027-12-04,,End User Computing,Deferred,1335.01
PRJ004789,A0022630,Technology Refresh Wave,2028-11-06,,Infrastructure,Completed,61301.71
PRJ004790,A0002999,Technology Refresh Wave,2027-03-27,,Security,Deferred,1626.04
PRJ004791,A0011816,Technology Refresh Wave,2028-09-16,,Security,Approved,1344.74
PRJ004792,A0007404,Technology Refresh Wave,2026-05-20,,Security,Deferred,1622.46
PRJ004793,A0000380,Technology Refresh Wave,2028-04-08,,End User Computing,Completed,1063.41
PRJ004794,A0005071,Technology Refresh Wave,2028-01-28,,Security,Proposed,2127.35
PRJ004795,A0003951,Technology Refresh Wave,2027-08-24,,End User Computing,Deferred,1237.21
PRJ004796,A0005501,Technology Refresh Wave,2028-10-02,,Cloud,Completed,1361.86
PRJ004797,A0018796,Technology Refresh Wave,2026-12-11,,End User Computing,Approved,482.77
PRJ004798,A0018904,Technology Refresh Wave,2026-08-03,,End User Computing,Proposed,396.72
PRJ004799,A0010102,Technology Refresh Wave,2028-03-17,,Cloud,Completed,1187.07
PRJ004800,A0020231,Technology Refresh Wave,2028-02-27,,Infrastructure,Deferred,21073.37
PRJ004801,A0004510,Technology Refresh Wave,2026-05-18,,Infrastructure,Completed,1349.41
PRJ004802,A0000928,Technology Refresh Wave,2028-08-14,,Network,Approved,950.23
PRJ004803,A0010632,Technology Refresh Wave,2026-07-12,,Cloud,Completed,1143.68
PRJ004804,A0018325,Technology Refresh Wave,2027-08-15,,Network,Completed,964.54
PRJ004805,A0012134,Technology Refresh Wave,2027-11-14,,Cloud,Approved,1441.41
PRJ004806,A0022473,Technology Refresh Wave,2027-03-30,,Network,Completed,20486.72
PRJ004807,A0009297,Technology Refresh Wave,2027-05-13,,Network,Proposed,1306.64
PRJ004808,A0000400,Technology Refresh Wave,2026-11-13,,Network,In Progress,1538.21
PRJ004809,A0021600,Technology Refresh Wave,2026-04-23,,Security,Proposed,5940.94
PRJ004810,A0006587,Technology Refresh Wave,2027-02-03,,Network,Approved,921.82
PRJ004811,A0014841,Technology Refresh Wave,2027-07-25,,Cloud,Approved,899.79
PRJ004812,A0002504,Technology Refresh Wave,2026-03-27,,Network,Deferred,1332.28
PRJ004813,A0006291,Technology Refresh Wave,2027-01-03,,End User Computing,Completed,1546.54
PRJ004814,A0017545,Technology Refresh Wave,2028-04-15,,Security,Deferred,1139.88
PRJ004815,A0014008,Technology Refresh Wave,2028-10-31,,Infrastructure,Approved,915.8
PRJ004816,A0006978,Technology Refresh Wave,2026-10-15,,Cloud,Proposed,1502.81
PRJ004817,A0004661,Technology Refresh Wave,2028-02-18,,End User Computing,Proposed,1375.24
PRJ004818,A0019708,Technology Refresh Wave,2026-12-08,,End User Computing,Proposed,366.21
PRJ004819,A0011686,Technology Refresh Wave,2026-04-21,,Infrastructure,Completed,2171.12
PRJ004820,A0005946,Technology Refresh Wave,2028-03-02,,Network,Proposed,1668.28
PRJ004821,A0023145,Technology Refresh Wave,2027-01-29,,Network,Deferred,692.95
PRJ004822,A0016275,Technology Refresh Wave,2027-08-20,,End User Computing,Deferred,637.39
PRJ004823,A0010278,Technology Refresh Wave,2028-04-28,,Security,In Progress,1120.84
PRJ004824,A0023595,Technology Refresh Wave,2026-03-24,,End User Computing,Proposed,809.81
PRJ004825,A0007707,Technology Refresh Wave,2027-01-09,,Infrastructure,Deferred,1279.32
PRJ004826,A0019825,Technology Refresh Wave,2028-08-08,,Network,Approved,334.5
PRJ004827,A0009053,Technology Refresh Wave,2027-08-09,,Network,Proposed,1155.5
PRJ004828,A0003698,Technology Refresh Wave,2026-10-01,,Cloud,Approved,1600.45
PRJ004829,A0014899,Technology Refresh Wave,2028-10-14,,Security,Proposed,1060.86
PRJ004830,A0001012,Technology Refresh Wave,2026-07-13,,Cloud,Approved,1235.06
PRJ004831,A0014927,Technology Refresh Wave,2027-06-29,,Cloud,In Progress,954.63
PRJ004832,A0008221,Technology Refresh Wave,2026-03-03,,Network,Deferred,926.94
PRJ004833,A0012308,Technology Refresh Wave,2027-06-24,,End User Computing,Completed,1131.78
PRJ004834,A0010908,Technology Refresh Wave,2028-08-10,,Cloud,Completed,1391.48
PRJ004835,A0002617,Technology Refresh Wave,2026-04-25,,Network,Completed,1021.73
PRJ004836,A0000468,Technology Refresh Wave,2027-11-12,,End User Computing,Deferred,1362.66
PRJ004837,A0007828,Technology Refresh Wave,2026-06-15,,End User Computing,Approved,1760.31
PRJ004838,A0012700,Technology Refresh Wave,2027-09-09,,End User Computing,Proposed,1172.72
PRJ004839,A0016084,Technology Refresh Wave,2028-11-24,,Security,Proposed,894.68
PRJ004840,A0007734,Technology Refresh Wave,2027-11-16,,Security,In Progress,1118.65
PRJ004841,A0007701,Technology Refresh Wave,2027-08-11,,Network,Completed,1674.96
PRJ004842,A0014279,Technology Refresh Wave,2026-01-25,,Cloud,Completed,876.91
PRJ004843,A0006310,Technology Refresh Wave,2026-04-10,,Infrastructure,In Progress,1810.01
PRJ004844,A0013424,Technology Refresh Wave,2028-06-08,,Cloud,Approved,1195.82
PRJ004845,A0000432,Technology Refresh Wave,2028-10-02,,Infrastructure,Proposed,1154.74
PRJ004846,A0020664,Technology Refresh Wave,2028-03-31,,Cloud,Proposed,12473.47
PRJ004847,A0008189,Technology Refresh Wave,2027-08-05,,Network,In Progress,1287.56
PRJ004848,A0023318,Technology Refresh Wave,2027-01-20,,Network,Proposed,771.13
PRJ004849,A0020601,Technology Refresh Wave,2026-10-23,,Infrastructure,Proposed,26097.11
PRJ004850,A0000408,Technology Refresh Wave,2028-07-28,,Security,Approved,1215.16
PRJ004851,A0012713,Technology Refresh Wave,2027-03-24,,Network,Approved,1288.7
PRJ004852,A0019690,Technology Refresh Wave,2027-12-28,,Security,Approved,452.64
PRJ004853,A0011807,Technology Refresh Wave,2027-03-27,,Infrastructure,Proposed,1426.96
PRJ004854,A0005372,Technology Refresh Wave,2027-04-06,,Cloud,Deferred,1353.78
PRJ004855,A0006668,Technology Refresh Wave,2028-02-20,,Network,Approved,1622.85
PRJ004856,A0015772,Technology Refresh Wave,2026-10-26,,Infrastructure,Approved,1159.19
PRJ004857,A0010432,Technology Refresh Wave,2026-05-28,,Cloud,In Progress,1195.99
PRJ004858,A0000652,Technology Refresh Wave,2027-04-24,,End User Computing,Approved,1387.45
PRJ004859,A0015166,Technology Refresh Wave,2026-07-31,,Network,Deferred,973.27
PRJ004860,A0014778,Technology Refresh Wave,2028-10-09,,Network,Proposed,723.96
PRJ004861,A0000178,Technology Refresh Wave,2027-08-08,,Network,Completed,2132.77
PRJ004862,A0000004,Technology Refresh Wave,2028-04-11,,Security,Deferred,1319.77
PRJ004863,A0009135,Technology Refresh Wave,2026-09-29,,Network,Approved,1068.51
PRJ004864,A0007008,Technology Refresh Wave,2026-06-27,,Network,Completed,1211.46
PRJ004865,A0014235,Technology Refresh Wave,2027-04-17,,Security,Proposed,805.9
PRJ004866,A0010002,Technology Refresh Wave,2027-07-03,,Cloud,In Progress,1443.54
PRJ004867,A0018562,Technology Refresh Wave,2027-04-17,,Security,Proposed,343.66
PRJ004868,A0002393,Technology Refresh Wave,2026-12-03,,Network,Proposed,1869.77
PRJ004869,A0014135,Technology Refresh Wave,2028-07-03,,Network,Proposed,788.65
PRJ004870,A0008414,Technology Refresh Wave,2026-12-05,,Network,In Progress,1246.67
PRJ004871,A0017758,Technology Refresh Wave,2027-12-08,,Cloud,Proposed,1171.86
PRJ004872,A0014749,Technology Refresh Wave,2028-11-05,,Cloud,Deferred,955.47
PRJ004873,A0020102,Technology Refresh Wave,2028-05-29,,Infrastructure,Approved,26565.83
PRJ004874,A0007034,Technology Refresh Wave,2027-10-30,,End User Computing,Approved,1440.87
PRJ004875,A0007199,Technology Refresh Wave,2028-10-31,,Infrastructure,Proposed,1270.85
PRJ004876,A0021116,Technology Refresh Wave,2028-05-19,,Security,Proposed,13726.5
PRJ004877,A0023019,Technology Refresh Wave,2026-08-07,,End User Computing,Approved,23355.51
PRJ004878,A0007555,Technology Refresh Wave,2026-08-31,,Infrastructure,Approved,1113.84
PRJ004879,A0020214,Technology Refresh Wave,2028-07-11,,Infrastructure,Proposed,16307.67
PRJ004880,A0017941,Technology Refresh Wave,2027-06-08,,Security,In Progress,908.18
PRJ004881,A0000043,Technology Refresh Wave,2027-03-18,,Security,Proposed,1418.05
PRJ004882,A0015259,Technology Refresh Wave,2026-06-25,,Network,In Progress,1018.76
PRJ004883,A0003571,Technology Refresh Wave,2026-05-25,,Infrastructure,Deferred,871.23
PRJ004884,A0013609,Technology Refresh Wave,2028-01-19,,Network,Deferred,1074.98
PRJ004885,A0005187,Technology Refresh Wave,2028-01-12,,Network,Approved,1327.08
PRJ004886,A0004050,Technology Refresh Wave,2027-09-04,,Security,Approved,1087.14
PRJ004887,A0005712,Technology Refresh Wave,2027-08-05,,Network,Approved,1732.96
PRJ004888,A0000796,Technology Refresh Wave,2027-03-21,,Infrastructure,Deferred,1003.29
PRJ004889,A0000397,Technology Refresh Wave,2026-10-21,,Network,Proposed,1147.88
PRJ004890,A0013140,Technology Refresh Wave,2028-02-20,,Security,Completed,993.34
PRJ004891,A0017819,Technology Refresh Wave,2026-03-31,,End User Computing,Approved,1233.96
PRJ004892,A0023280,Technology Refresh Wave,2028-03-20,,End User Computing,Completed,740.79
PRJ004893,A0000421,Technology Refresh Wave,2028-02-08,,Cloud,Approved,1242.81
PRJ004894,A0018529,Technology Refresh Wave,2026-03-21,,Security,Approved,303.5
PRJ004895,A0000317,Technology Refresh Wave,2026-06-11,,Security,Approved,1434.33
PRJ004896,A0018730,Technology Refresh Wave,2027-07-17,,Network,In Progress,513.69
PRJ004897,A0009048,Technology Refresh Wave,2026-06-07,,Network,Approved,1424.76
PRJ004898,A0019154,Technology Refresh Wave,2027-07-09,,Security,Proposed,412.74
PRJ004899,A0014935,Technology Refresh Wave,2026-02-12,,End User Computing,Completed,1105.1
PRJ004900,A0009166,Technology Refresh Wave,2026-03-01,,Network,Approved,1215.29
PRJ004901,A0022008,Technology Refresh Wave,2028-10-08,,Infrastructure,Proposed,5897.4
PRJ004902,A0008740,Technology Refresh Wave,2027-03-14,,Infrastructure,In Progress,913.37
PRJ004903,A0014229,Technology Refresh Wave,2028-10-06,,Infrastructure,Approved,922.3
PRJ004904,A0011552,Technology Refresh Wave,2027-02-04,,Infrastructure,Approved,1303.23
PRJ004905,A0014062,Technology Refresh Wave,2026-08-20,,End User Computing,In Progress,959.77
PRJ004906,A0020246,Technology Refresh Wave,2027-05-27,,Cloud,Proposed,14562.77
PRJ004907,A0010669,Technology Refresh Wave,2027-03-26,,End User Computing,Completed,1411.49
PRJ004908,A0023599,Technology Refresh Wave,2026-12-02,,Cloud,Proposed,663.93
PRJ004909,A0016928,Technology Refresh Wave,2028-06-04,,Security,Proposed,949.93
PRJ004910,A0007299,Technology Refresh Wave,2028-03-22,,End User Computing,Approved,1757.12
PRJ004911,A0006139,Technology Refresh Wave,2027-03-12,,Infrastructure,Completed,1339.15
PRJ004912,A0005226,Technology Refresh Wave,2027-12-06,,Network,In Progress,1498.23
PRJ004913,A0015461,Technology Refresh Wave,2027-08-23,,End User Computing,Approved,1127.77
PRJ004914,A0016806,Technology Refresh Wave,2028-01-15,,Network,Approved,859.98
PRJ004915,A0000088,Technology Refresh Wave,2026-09-30,,Infrastructure,Proposed,1248.48
PRJ004916,A0010598,Technology Refresh Wave,2028-03-03,,Network,Proposed,1516.2
PRJ004917,A0019998,Technology Refresh Wave,2028-02-08,,Cloud,Approved,372.44
PRJ004918,A0021161,Technology Refresh Wave,2026-07-23,,Security,Deferred,22179.13
PRJ004919,A0009573,Technology Refresh Wave,2027-03-20,,Security,Completed,1205.17
PRJ004920,A0020035,Technology Refresh Wave,2028-01-09,,Infrastructure,Approved,21612.27
PRJ004921,A0011572,Technology Refresh Wave,2028-10-09,,Security,Deferred,1443.24
PRJ004922,A0022435,Technology Refresh Wave,2028-03-06,,Security,Approved,18914.01
PRJ004923,A0017206,Technology Refresh Wave,2027-07-10,,Infrastructure,In Progress,804.81
PRJ004924,A0008643,Technology Refresh Wave,2026-06-14,,Security,Proposed,1110.28
PRJ004925,A0009271,Technology Refresh Wave,2027-08-20,,Network,Approved,911.27
PRJ004926,A0015938,Technology Refresh Wave,2028-08-09,,Cloud,Completed,939.87
PRJ004927,A0018875,Technology Refresh Wave,2028-10-12,,Network,Proposed,347.9
PRJ004928,A0008120,Technology Refresh Wave,2026-09-25,,Security,Approved,1199.18
PRJ004929,A0020162,Technology Refresh Wave,2028-07-03,,Cloud,Deferred,18919.51
PRJ004930,A0004242,Technology Refresh Wave,2027-11-24,,Security,In Progress,1398.22
PRJ004931,A0002484,Technology Refresh Wave,2027-11-29,,End User Computing,Approved,1494.44
PRJ004932,A0005842,Technology Refresh Wave,2028-12-10,,Infrastructure,Proposed,1314.27
PRJ004933,A0016746,Technology Refresh Wave,2026-10-15,,Network,In Progress,750.85
PRJ004934,A0000648,Technology Refresh Wave,2026-01-08,,Security,Approved,1979.12
PRJ004935,A0012274,Technology Refresh Wave,2028-02-10,,Cloud,Deferred,827.72
PRJ004936,A0022450,Technology Refresh Wave,2028-06-01,,End User Computing,Deferred,14189.23
PRJ004937,A0009339,Technology Refresh Wave,2028-07-02,,Network,Proposed,1224.09
PRJ004938,A0017296,Technology Refresh Wave,2028-04-07,,Cloud,In Progress,896.7
PRJ004939,A0023459,Technology Refresh Wave,2026-09-02,,Security,Completed,1061.94
PRJ004940,A0016176,Technology Refresh Wave,2028-02-11,,Infrastructure,Proposed,1090.9
PRJ004941,A0012462,Technology Refresh Wave,2028-06-10,,End User Computing,Deferred,906.75
PRJ004942,A0017471,Technology Refresh Wave,2027-02-08,,Network,Completed,1108.35
PRJ004943,A0009040,Technology Refresh Wave,2028-09-29,,Security,Proposed,1525.69
PRJ004944,A0010658,Technology Refresh Wave,2028-12-10,,Network,Completed,1488.76
PRJ004945,A0018599,Technology Refresh Wave,2027-12-27,,Security,Deferred,523.88
PRJ004946,A0023535,Technology Refresh Wave,2027-03-09,,Security,In Progress,701.54
PRJ004947,A0016711,Technology Refresh Wave,2026-12-17,,Security,In Progress,816.47
PRJ004948,A0023235,Technology Refresh Wave,2028-11-17,,Security,Deferred,786.73
PRJ004949,A0021154,Technology Refresh Wave,2027-08-18,,End User Computing,Approved,8197.04
PRJ004950,A0023041,Technology Refresh Wave,2028-04-13,,Security,Proposed,21907.21
PRJ004951,A0004075,Technology Refresh Wave,2026-05-25,,Security,Deferred,1516.31
PRJ004952,A0004916,Technology Refresh Wave,2027-03-09,,Infrastructure,Deferred,1106.29
PRJ004953,A0002703,Technology Refresh Wave,2028-12-11,,Security,Approved,1271.39
PRJ004954,A0017743,Technology Refresh Wave,2027-08-24,,Network,Deferred,1328.93
PRJ004955,A0022161,Technology Refresh Wave,2026-08-15,,Security,Completed,5538.52
PRJ004956,A0008704,Technology Refresh Wave,2028-09-04,,Cloud,Proposed,1335.13
PRJ004957,A0007894,Technology Refresh Wave,2026-08-21,,Security,Approved,938.48
PRJ004958,A0015944,Technology Refresh Wave,2028-07-21,,Network,Deferred,662.69
PRJ004959,A0022519,Technology Refresh Wave,2026-09-21,,Cloud,Deferred,12945.05
PRJ004960,A0013627,Technology Refresh Wave,2026-06-07,,Cloud,Approved,1212.1
PRJ004961,A0021179,Technology Refresh Wave,2026-05-03,,Cloud,Completed,15946.28
PRJ004962,A0002382,Technology Refresh Wave,2026-07-15,,Infrastructure,Proposed,2421.66
PRJ004963,A0008978,Technology Refresh Wave,2027-02-12,,Network,Proposed,1623.47
PRJ004964,A0020708,Technology Refresh Wave,2027-06-10,,Network,Proposed,15533.13
PRJ004965,A0011465,Technology Refresh Wave,2028-08-13,,Network,Deferred,1417.08
PRJ004966,A0017663,Technology Refresh Wave,2027-03-22,,Cloud,Deferred,947.68
PRJ004967,A0007268,Technology Refresh Wave,2027-03-11,,Network,Deferred,1164.67
PRJ004968,A0020542,Technology Refresh Wave,2026-02-22,,Cloud,Deferred,12117.23
PRJ004969,A0006798,Technology Refresh Wave,2028-04-09,,Network,Approved,1268.29
PRJ004970,A0003634,Technology Refresh Wave,2028-04-11,,Infrastructure,Approved,1563.8
PRJ004971,A0000645,Technology Refresh Wave,2027-10-24,,Network,Deferred,1119.32
PRJ004972,A0019751,Technology Refresh Wave,2028-01-30,,Infrastructure,In Progress,457.68
PRJ004973,A0008289,Technology Refresh Wave,2028-11-27,,Infrastructure,Proposed,1174.19
PRJ004974,A0005860,Technology Refresh Wave,2027-03-18,,Network,Completed,1305.74
PRJ004975,A0001154,Technology Refresh Wave,2027-08-18,,Network,Proposed,1645.54
PRJ004976,A0014042,Technology Refresh Wave,2027-12-16,,Network,In Progress,770.0
PRJ004977,A0007286,Technology Refresh Wave,2028-12-25,,End User Computing,Proposed,1088.49
PRJ004978,A0010811,Technology Refresh Wave,2028-07-17,,Infrastructure,Completed,1515.02
PRJ004979,A0002606,Technology Refresh Wave,2028-06-10,,Network,Deferred,1171.15
PRJ004980,A0019792,Technology Refresh Wave,2027-01-22,,End User Computing,Completed,442.42
PRJ004981,A0014706,Technology Refresh Wave,2028-03-01,,Network,Approved,1029.99
PRJ004982,A0001870,Technology Refresh Wave,2028-03-19,,End User Computing,Proposed,1275.32
PRJ004983,A0014101,Technology Refresh Wave,2028-12-26,,Infrastructure,Approved,1042.91
PRJ004984,A0014401,Technology Refresh Wave,2026-01-24,,End User Computing,Deferred,960.65
PRJ004985,A0006578,Technology Refresh Wave,2028-01-28,,Network,Deferred,1152.33
PRJ004986,A0023385,Technology Refresh Wave,2026-07-10,,Security,Completed,761.46
PRJ004987,A0013216,Technology Refresh Wave,2027-12-20,,Network,Proposed,1451.34
PRJ004988,A0017888,Technology Refresh Wave,2028-06-13,,Infrastructure,Proposed,1174.81
PRJ004989,A0003913,Technology Refresh Wave,2028-03-09,,Cloud,Deferred,2026.21
PRJ004990,A0001431,Technology Refresh Wave,2027-01-13,,Security,Approved,992.27
PRJ004991,A0012928,Technology Refresh Wave,2027-12-10,,End User Computing,Approved,1099.33
PRJ004992,A0018971,Technology Refresh Wave,2028-07-14,,Infrastructure,Approved,403.83
PRJ004993,A0021787,Technology Refresh Wave,2028-01-02,,End User Computing,Approved,8281.69
PRJ004994,A0009559,Technology Refresh Wave,2028-05-19,,Infrastructure,Deferred,1550.73
PRJ004995,A0023594,Technology Refresh Wave,2026-12-09,,Cloud,Approved,793.66
PRJ004996,A0023198,Technology Refresh Wave,2028-11-27,,Infrastructure,Approved,926.68
PRJ004997,A0023353,Technology Refresh Wave,2028-10-22,,End User Computing,Approved,839.67
PRJ004998,A0002327,Technology Refresh Wave,2027-11-09,,Infrastructure,Proposed,1104.66
PRJ004999,A0010843,Technology Refresh Wave,2028-04-15,,Infrastructure,Completed,1659.4
PRJ005000,A0004922,Technology Refresh Wave,2026-07-13,,Infrastructure,Proposed,1032.65
PRJ005001,A0017912,Technology Refresh Wave,2027-09-22,,Cloud,Deferred,888.31
PRJ005002,A0006603,Technology Refresh Wave,2028-12-23,,Security,Proposed,1334.41
PRJ005003,A0009615,Technology Refresh Wave,2027-03-18,,Infrastructure,In Progress,1831.85
PRJ005004,A0017420,Technology Refresh Wave,2027-07-13,,Security,Deferred,639.39
PRJ005005,A0021578,Technology Refresh Wave,2028-04-28,,End User Computing,Deferred,3992.95
PRJ005006,A0016089,Technology Refresh Wave,2026-12-02,,Cloud,In Progress,881.98
PRJ005007,A0005785,Technology Refresh Wave,2028-08-30,,Network,Proposed,1099.42
PRJ005008,A0010422,Technology Refresh Wave,2028-06-06,,Network,Deferred,1107.65
PRJ005009,A0022054,Technology Refresh Wave,2027-08-20,,Security,Approved,5616.61
PRJ005010,A0018563,Technology Refresh Wave,2028-08-09,,Network,Proposed,504.04
PRJ005011,A0009900,Technology Refresh Wave,2028-06-29,,Security,Approved,1518.91
PRJ005012,A0010393,Technology Refresh Wave,2028-12-22,,Network,Approved,1236.26
PRJ005013,A0000472,Technology Refresh Wave,2026-08-24,,End User Computing,Deferred,1361.03
PRJ005014,A0006872,Technology Refresh Wave,2027-07-10,,End User Computing,Approved,1368.94
PRJ005015,A0009586,Technology Refresh Wave,2028-09-15,,Cloud,Proposed,2603.82
PRJ005016,A0018639,Technology Refresh Wave,2026-09-14,,Infrastructure,Deferred,426.63
PRJ005017,A0001772,Technology Refresh Wave,2027-07-29,,Infrastructure,Proposed,1657.62
PRJ005018,A0019769,Technology Refresh Wave,2028-11-12,,Infrastructure,Proposed,454.49
PRJ005019,A0021847,Technology Refresh Wave,2028-06-17,,Network,Completed,6022.61
PRJ005020,A0003324,Technology Refresh Wave,2026-12-10,,Security,Approved,1820.61
PRJ005021,A0005358,Technology Refresh Wave,2026-04-19,,Security,Proposed,977.67
PRJ005022,A0019298,Technology Refresh Wave,2028-07-15,,Network,Approved,576.28
PRJ005023,A0020481,Technology Refresh Wave,2028-06-29,,End User Computing,Proposed,18861.8
PRJ005024,A0016954,Technology Refresh Wave,2027-08-07,,Security,Approved,724.92
PRJ005025,A0002118,Technology Refresh Wave,2027-09-01,,Cloud,Approved,1167.94
PRJ005026,A0022788,Technology Refresh Wave,2028-02-04,,Security,In Progress,14117.4
PRJ005027,A0005352,Technology Refresh Wave,2028-09-04,,Cloud,In Progress,1142.31
PRJ005028,A0022970,Technology Refresh Wave,2028-08-13,,Security,In Progress,9905.37
PRJ005029,A0001163,Technology Refresh Wave,2028-07-15,,Network,In Progress,1627.4
PRJ005030,A0006025,Technology Refresh Wave,2028-07-10,,Network,Approved,1282.02
PRJ005031,A0011496,Technology Refresh Wave,2027-05-13,,Cloud,Proposed,1356.06
PRJ005032,A0008526,Technology Refresh Wave,2028-02-09,,Network,Completed,1658.14
PRJ005033,A0020039,Technology Refresh Wave,2026-03-09,,Security,In Progress,13930.5
PRJ005034,A0020703,Technology Refresh Wave,2028-05-05,,Security,Approved,18698.43
PRJ005035,A0007336,Technology Refresh Wave,2028-11-21,,End User Computing,Proposed,1271.22
PRJ005036,A0001220,Technology Refresh Wave,2027-04-14,,Cloud,In Progress,1066.54
PRJ005037,A0010326,Technology Refresh Wave,2027-12-26,,Network,Proposed,1303.88
PRJ005038,A0016462,Technology Refresh Wave,2027-10-01,,Network,Deferred,816.73
PRJ005039,A0000863,Technology Refresh Wave,2028-11-21,,Cloud,Completed,1362.07
PRJ005040,A0008541,Technology Refresh Wave,2027-08-20,,Network,Proposed,1191.24
PRJ005041,A0005858,Technology Refresh Wave,2027-12-11,,Infrastructure,Approved,1154.11
PRJ005042,A0015667,Technology Refresh Wave,2026-02-21,,Infrastructure,In Progress,716.94
PRJ005043,A0014225,Technology Refresh Wave,2027-09-12,,Cloud,In Progress,849.79
PRJ005044,A0008728,Technology Refresh Wave,2027-08-01,,Cloud,Completed,2598.94
PRJ005045,A0016748,Technology Refresh Wave,2026-04-27,,End User Computing,Proposed,611.13
PRJ005046,A0012431,Technology Refresh Wave,2026-02-22,,End User Computing,Deferred,1218.08
PRJ005047,A0016866,Technology Refresh Wave,2027-06-17,,Security,Proposed,961.86
PRJ005048,A0005747,Technology Refresh Wave,2027-03-20,,Security,Proposed,1042.86
PRJ005049,A0010298,Technology Refresh Wave,2026-06-29,,End User Computing,Approved,1732.25
PRJ005050,A0004935,Technology Refresh Wave,2028-04-28,,End User Computing,Proposed,2096.73
PRJ005051,A0014446,Technology Refresh Wave,2026-04-04,,Network,In Progress,858.22
PRJ005052,A0020420,Technology Refresh Wave,2027-05-08,,Cloud,Approved,17207.03
PRJ005053,A0016267,Technology Refresh Wave,2026-11-02,,End User Computing,Approved,877.47
PRJ005054,A0015605,Technology Refresh Wave,2028-12-29,,Infrastructure,In Progress,821.7
PRJ005055,A0013756,Technology Refresh Wave,2027-08-29,,Security,Approved,875.41
PRJ005056,A0017789,Technology Refresh Wave,2028-03-20,,Cloud,Proposed,867.18
PRJ005057,A0011977,Technology Refresh Wave,2028-07-05,,End User Computing,In Progress,1151.0
PRJ005058,A0004412,Technology Refresh Wave,2027-02-06,,Security,Deferred,1300.2
PRJ005059,A0021132,Technology Refresh Wave,2028-03-14,,Network,Deferred,9623.38
PRJ005060,A0021273,Technology Refresh Wave,2027-10-22,,Security,Deferred,18195.85
PRJ005061,A0005479,Technology Refresh Wave,2028-04-14,,Infrastructure,In Progress,1102.3
PRJ005062,A0017264,Technology Refresh Wave,2026-08-25,,Network,Approved,1040.37
PRJ005063,A0023616,Technology Refresh Wave,2026-05-09,,Cloud,Approved,801.23
PRJ005064,A0001420,Technology Refresh Wave,2027-09-20,,Infrastructure,Proposed,1601.84
PRJ005065,A0021685,Technology Refresh Wave,2028-09-15,,Network,Deferred,9240.87
PRJ005066,A0013230,Technology Refresh Wave,2026-02-25,,Cloud,Deferred,1303.78
PRJ005067,A0014541,Technology Refresh Wave,2028-09-16,,Network,Completed,873.17
PRJ005068,A0002704,Technology Refresh Wave,2026-11-03,,End User Computing,Proposed,1325.25
PRJ005069,A0019810,Technology Refresh Wave,2026-05-07,,Security,Proposed,471.64
PRJ005070,A0015939,Technology Refresh Wave,2026-09-25,,End User Computing,Deferred,806.15
PRJ005071,A0009846,Technology Refresh Wave,2028-04-22,,Network,In Progress,1448.0
PRJ005072,A0000287,Technology Refresh Wave,2026-09-27,,Cloud,Completed,961.73
PRJ005073,A0008726,Technology Refresh Wave,2028-08-26,,Network,Deferred,1140.53
PRJ005074,A0005318,Technology Refresh Wave,2027-02-06,,Infrastructure,Completed,1298.21
PRJ005075,A0016815,Technology Refresh Wave,2026-08-21,,Cloud,Proposed,869.93
PRJ005076,A0012492,Technology Refresh Wave,2027-03-04,,End User Computing,Proposed,2441.83
PRJ005077,A0000294,Technology Refresh Wave,2026-06-13,,Infrastructure,Deferred,1506.33
PRJ005078,A0023768,Technology Refresh Wave,2027-12-21,,End User Computing,In Progress,74692.54
PRJ005079,A0013446,Technology Refresh Wave,2028-06-03,,End User Computing,Deferred,872.7
PRJ005080,A0012800,Technology Refresh Wave,2026-06-19,,Security,Completed,1195.04
PRJ005081,A0010813,Technology Refresh Wave,2026-06-13,,End User Computing,Approved,1319.18
PRJ005082,A0018791,Technology Refresh Wave,2026-11-11,,Cloud,In Progress,520.73
PRJ005083,A0000916,Technology Refresh Wave,2027-12-19,,Infrastructure,In Progress,1570.83
PRJ005084,A0002729,Technology Refresh Wave,2028-05-16,,Security,Proposed,909.5
PRJ005085,A0023564,Technology Refresh Wave,2027-01-11,,Security,Approved,785.44
PRJ005086,A0021366,Technology Refresh Wave,2027-12-26,,Cloud,Deferred,23606.32
PRJ005087,A0011861,Technology Refresh Wave,2027-08-19,,Cloud,Deferred,1045.34
PRJ005088,A0012970,Technology Refresh Wave,2027-10-01,,Security,In Progress,1103.63
PRJ005089,A0017325,Technology Refresh Wave,2028-10-09,,End User Computing,Proposed,1148.06
PRJ005090,A0012080,Technology Refresh Wave,2028-11-05,,Cloud,Proposed,1274.39
PRJ005091,A0008539,Technology Refresh Wave,2028-09-11,,Infrastructure,Deferred,1047.22
PRJ005092,A0009438,Technology Refresh Wave,2026-08-05,,Infrastructure,In Progress,1223.46
PRJ005093,A0001995,Technology Refresh Wave,2027-05-30,,Cloud,Deferred,775.68
PRJ005094,A0018010,Technology Refresh Wave,2026-03-13,,Network,In Progress,1149.62
PRJ005095,A0016707,Technology Refresh Wave,2027-12-01,,End User Computing,Proposed,803.8
PRJ005096,A0016650,Technology Refresh Wave,2026-09-01,,Infrastructure,Deferred,1292.21
PRJ005097,A0020805,Technology Refresh Wave,2026-06-27,,Network,Approved,9074.2
PRJ005098,A0004578,Technology Refresh Wave,2028-06-21,,End User Computing,Approved,2197.67
PRJ005099,A0000622,Technology Refresh Wave,2026-12-20,,End User Computing,Proposed,1102.85
PRJ005100,A0019760,Technology Refresh Wave,2028-05-15,,Network,Proposed,376.38
PRJ005101,A0006608,Technology Refresh Wave,2027-11-04,,Security,Proposed,2001.92
PRJ005102,A0016071,Technology Refresh Wave,2026-04-01,,End User Computing,Proposed,821.33
PRJ005103,A0004016,Technology Refresh Wave,2027-10-26,,Cloud,Proposed,1005.29
PRJ005104,A0004454,Technology Refresh Wave,2028-04-16,,Cloud,Completed,1644.23
PRJ005105,A0019345,Technology Refresh Wave,2028-11-28,,Network,Deferred,352.39
PRJ005106,A0008332,Technology Refresh Wave,2028-02-01,,End User Computing,In Progress,1322.04
PRJ005107,A0012275,Technology Refresh Wave,2026-01-06,,End User Computing,Completed,1314.9
PRJ005108,A0020823,Technology Refresh Wave,2028-08-27,,Cloud,In Progress,15005.8
PRJ005109,A0007316,Technology Refresh Wave,2027-10-04,,End User Computing,Approved,1217.94
PRJ005110,A0006021,Technology Refresh Wave,2028-03-22,,End User Computing,Proposed,1175.64
PRJ005111,A0014230,Technology Refresh Wave,2027-02-26,,Network,Proposed,864.73
PRJ005112,A0012899,Technology Refresh Wave,2026-07-11,,Network,Deferred,1021.35
PRJ005113,A0008743,Technology Refresh Wave,2028-11-29,,Network,In Progress,1192.75
PRJ005114,A0020340,Technology Refresh Wave,2027-11-11,,End User Computing,Completed,19299.53
PRJ005115,A0020208,Technology Refresh Wave,2028-11-12,,Cloud,In Progress,23316.79
PRJ005116,A0016229,Technology Refresh Wave,2028-01-18,,Cloud,Approved,726.6
PRJ005117,A0009954,Technology Refresh Wave,2027-03-19,,End User Computing,Proposed,1299.23
PRJ005118,A0021143,Technology Refresh Wave,2028-09-03,,Security,Approved,16239.97
PRJ005119,A0011559,Technology Refresh Wave,2028-09-13,,Security,In Progress,1525.05
PRJ005120,A0015812,Technology Refresh Wave,2026-05-23,,End User Computing,Proposed,911.39
PRJ005121,A0000117,Technology Refresh Wave,2028-04-11,,Security,Proposed,1216.04
PRJ005122,A0018460,Technology Refresh Wave,2026-01-01,,Cloud,In Progress,1178.47
PRJ005123,A0009659,Technology Refresh Wave,2026-04-18,,Infrastructure,Proposed,1359.5
PRJ005124,A0011623,Technology Refresh Wave,2027-01-02,,End User Computing,In Progress,947.48
PRJ005125,A0020742,Technology Refresh Wave,2026-12-11,,Security,In Progress,14370.22
PRJ005126,A0002936,Technology Refresh Wave,2028-08-23,,Cloud,Approved,1627.39
PRJ005127,A0021434,Technology Refresh Wave,2027-03-10,,Cloud,Deferred,13929.35
PRJ005128,A0015755,Technology Refresh Wave,2026-06-07,,Cloud,Completed,950.13
PRJ005129,A0020947,Technology Refresh Wave,2026-02-05,,Cloud,Approved,9749.25
PRJ005130,A0003949,Technology Refresh Wave,2027-11-10,,Infrastructure,Completed,834.94
PRJ005131,A0002208,Technology Refresh Wave,2028-02-20,,End User Computing,Proposed,1641.82
PRJ005132,A0017347,Technology Refresh Wave,2028-05-15,,Network,Approved,973.35
PRJ005133,A0017782,Technology Refresh Wave,2026-07-20,,Network,Proposed,912.59
PRJ005134,A0005506,Technology Refresh Wave,2026-12-30,,End User Computing,Completed,1643.12
PRJ005135,A0000737,Technology Refresh Wave,2026-07-25,,Network,Approved,1370.45
PRJ005136,A0014480,Technology Refresh Wave,2026-05-06,,Infrastructure,In Progress,666.86
PRJ005137,A0003729,Technology Refresh Wave,2028-12-25,,Infrastructure,Approved,1024.89
PRJ005138,A0018710,Technology Refresh Wave,2027-03-02,,End User Computing,Approved,431.97
PRJ005139,A0013696,Technology Refresh Wave,2028-08-25,,Cloud,In Progress,1960.13
PRJ005140,A0000451,Technology Refresh Wave,2026-05-18,,Infrastructure,In Progress,1100.99
PRJ005141,A0015382,Technology Refresh Wave,2028-12-22,,Cloud,Completed,862.13
PRJ005142,A0002067,Technology Refresh Wave,2027-01-24,,Security,Approved,997.07
PRJ005143,A0015786,Technology Refresh Wave,2027-05-17,,Cloud,Approved,1065.6
PRJ005144,A0008092,Technology Refresh Wave,2026-06-05,,End User Computing,Proposed,1296.68
PRJ005145,A0001072,Technology Refresh Wave,2026-01-14,,Network,Completed,1369.44
PRJ005146,A0023424,Technology Refresh Wave,2027-10-24,,Infrastructure,Deferred,816.62
PRJ005147,A0001721,Technology Refresh Wave,2026-04-17,,Security,Proposed,1186.88
PRJ005148,A0005924,Technology Refresh Wave,2027-03-03,,Network,Completed,1897.31
PRJ005149,A0019159,Technology Refresh Wave,2027-02-19,,Network,Deferred,359.95
PRJ005150,A0018660,Technology Refresh Wave,2027-04-02,,Security,Deferred,501.67
PRJ005151,A0010426,Technology Refresh Wave,2026-05-09,,Infrastructure,In Progress,2271.37
PRJ005152,A0015204,Technology Refresh Wave,2028-11-22,,Security,Completed,909.44
PRJ005153,A0015279,Technology Refresh Wave,2028-05-02,,Infrastructure,Approved,1405.97
PRJ005154,A0012930,Technology Refresh Wave,2026-09-06,,End User Computing,In Progress,960.99
PRJ005155,A0001238,Technology Refresh Wave,2026-05-12,,End User Computing,In Progress,1064.97
PRJ005156,A0006121,Technology Refresh Wave,2028-04-17,,Network,Proposed,1169.16
PRJ005157,A0017385,Technology Refresh Wave,2027-08-06,,Network,Approved,675.09
PRJ005158,A0010891,Technology Refresh Wave,2028-08-11,,Infrastructure,Approved,1660.45
PRJ005159,A0014965,Technology Refresh Wave,2027-09-05,,Cloud,Deferred,1249.71
PRJ005160,A0011678,Technology Refresh Wave,2026-01-11,,Cloud,Approved,1315.64
PRJ005161,A0015002,Technology Refresh Wave,2026-04-28,,Security,Approved,993.94
PRJ005162,A0018471,Technology Refresh Wave,2027-07-12,,Network,Approved,1118.9
PRJ005163,A0000042,Technology Refresh Wave,2026-10-31,,Cloud,Approved,1592.97
PRJ005164,A0014153,Technology Refresh Wave,2027-03-23,,Security,Proposed,788.67
PRJ005165,A0017441,Technology Refresh Wave,2027-01-29,,Security,Deferred,877.17
PRJ005166,A0014866,Technology Refresh Wave,2026-02-06,,Cloud,Completed,673.87
PRJ005167,A0022222,Technology Refresh Wave,2028-02-08,,Security,Deferred,4711.62
PRJ005168,A0020000,Technology Refresh Wave,2026-05-29,,Cloud,In Progress,418.46
PRJ005169,A0002579,Technology Refresh Wave,2026-11-07,,Cloud,In Progress,1728.36
PRJ005170,A0017853,Technology Refresh Wave,2027-07-13,,Security,Approved,616.45
PRJ005171,A0017389,Technology Refresh Wave,2028-02-17,,End User Computing,Deferred,1141.18
PRJ005172,A0003475,Technology Refresh Wave,2026-09-17,,Security,In Progress,1440.75
PRJ005173,A0005744,Technology Refresh Wave,2027-09-28,,End User Computing,In Progress,1168.05
PRJ005174,A0001124,Technology Refresh Wave,2026-03-30,,Security,Deferred,1665.9
PRJ005175,A0004519,Technology Refresh Wave,2026-06-20,,Cloud,Completed,1825.03
PRJ005176,A0009672,Technology Refresh Wave,2027-05-29,,Cloud,Proposed,1244.7
PRJ005177,A0010782,Technology Refresh Wave,2027-03-23,,Security,Proposed,1029.57
PRJ005178,A0002224,Technology Refresh Wave,2028-12-17,,Network,Deferred,1149.57
PRJ005179,A0016820,Technology Refresh Wave,2026-07-25,,End User Computing,Completed,950.06
PRJ005180,A0013120,Technology Refresh Wave,2028-05-24,,End User Computing,Proposed,1360.68
PRJ005181,A0009198,Technology Refresh Wave,2028-01-20,,Security,In Progress,1392.31
PRJ005182,A0016747,Technology Refresh Wave,2028-01-31,,End User Computing,Approved,1115.23
PRJ005183,A0002586,Technology Refresh Wave,2026-03-29,,Cloud,Deferred,1245.39
PRJ005184,A0011133,Technology Refresh Wave,2028-06-12,,End User Computing,Proposed,1541.0
PRJ005185,A0017581,Technology Refresh Wave,2026-04-03,,Network,Completed,856.36
PRJ005186,A0005438,Technology Refresh Wave,2028-03-16,,Network,In Progress,1115.88
PRJ005187,A0021000,Technology Refresh Wave,2028-10-04,,Security,Proposed,13890.77
PRJ005188,A0006146,Technology Refresh Wave,2028-08-07,,Network,In Progress,1025.27
PRJ005189,A0022457,Technology Refresh Wave,2027-06-09,,Security,Deferred,23046.25
PRJ005190,A0020468,Technology Refresh Wave,2028-01-11,,End User Computing,Proposed,14966.78
PRJ005191,A0009843,Technology Refresh Wave,2026-07-26,,Infrastructure,In Progress,1303.84
PRJ005192,A0003373,Technology Refresh Wave,2026-10-27,,Cloud,Proposed,1838.43
PRJ005193,A0000091,Technology Refresh Wave,2027-05-12,,Security,Completed,1070.5
PRJ005194,A0021212,Technology Refresh Wave,2027-10-25,,End User Computing,Approved,16093.12
PRJ005195,A0010698,Technology Refresh Wave,2026-09-25,,Network,Approved,1133.45
PRJ005196,A0009607,Technology Refresh Wave,2027-10-16,,Network,Deferred,1262.91
PRJ005197,A0023741,Technology Refresh Wave,2028-07-24,,Network,Approved,85102.51
PRJ005198,A0008486,Technology Refresh Wave,2026-01-28,,End User Computing,Deferred,1443.93
PRJ005199,A0008249,Technology Refresh Wave,2026-09-19,,Infrastructure,Proposed,1170.97
PRJ005200,A0018834,Technology Refresh Wave,2027-05-24,,Cloud,Proposed,539.11
PRJ005201,A0017270,Technology Refresh Wave,2026-12-11,,End User Computing,In Progress,1069.76
PRJ005202,A0017103,Technology Refresh Wave,2028-10-21,,End User Computing,Proposed,770.48
PRJ005203,A0023269,Technology Refresh Wave,2028-09-30,,Network,Approved,913.71
PRJ005204,A0000706,Technology Refresh Wave,2026-07-27,,Security,Approved,981.48
PRJ005205,A0008130,Technology Refresh Wave,2028-01-25,,End User Computing,Proposed,1201.86
PRJ005206,A0009193,Technology Refresh Wave,2027-01-21,,End User Computing,In Progress,1190.62
PRJ005207,A0011978,Technology Refresh Wave,2028-11-18,,Cloud,Approved,1267.37
PRJ005208,A0009490,Technology Refresh Wave,2027-11-29,,Security,In Progress,1456.06
PRJ005209,A0020989,Technology Refresh Wave,2027-04-24,,Security,Deferred,21262.82
PRJ005210,A0015085,Technology Refresh Wave,2028-12-02,,Infrastructure,In Progress,1204.16
PRJ005211,A0002959,Technology Refresh Wave,2028-03-11,,Cloud,Deferred,1632.7
PRJ005212,A0012779,Technology Refresh Wave,2026-04-19,,Cloud,Deferred,1043.46
PRJ005213,A0016249,Technology Refresh Wave,2026-10-12,,End User Computing,Deferred,1002.36
PRJ005214,A0003249,Technology Refresh Wave,2026-09-14,,Security,Deferred,1598.33
PRJ005215,A0012811,Technology Refresh Wave,2028-01-01,,Cloud,Approved,2263.36
PRJ005216,A0020101,Technology Refresh Wave,2026-12-18,,Cloud,Approved,10403.99
PRJ005217,A0013759,Technology Refresh Wave,2026-12-01,,Network,Approved,2313.53
PRJ005218,A0002567,Technology Refresh Wave,2027-03-03,,Network,Approved,992.21
PRJ005219,A0020638,Technology Refresh Wave,2028-08-11,,Cloud,Deferred,19014.88
PRJ005220,A0001087,Technology Refresh Wave,2028-02-25,,Infrastructure,In Progress,931.65
PRJ005221,A0002994,Technology Refresh Wave,2026-06-14,,Network,Completed,1023.07
PRJ005222,A0009786,Technology Refresh Wave,2028-01-14,,Cloud,Completed,867.12
PRJ005223,A0004167,Technology Refresh Wave,2027-09-27,,End User Computing,Proposed,1261.17
PRJ005224,A0002003,Technology Refresh Wave,2026-09-03,,Cloud,Deferred,1726.59
PRJ005225,A0008310,Technology Refresh Wave,2028-08-07,,Cloud,Deferred,1982.57
PRJ005226,A0008808,Technology Refresh Wave,2027-09-27,,Security,Proposed,1265.44
PRJ005227,A0009686,Technology Refresh Wave,2027-09-11,,Security,Deferred,977.99
PRJ005228,A0021498,Technology Refresh Wave,2026-06-15,,Network,Proposed,11446.02
PRJ005229,A0004780,Technology Refresh Wave,2027-01-17,,End User Computing,Proposed,1288.78
PRJ005230,A0008448,Technology Refresh Wave,2027-11-30,,Network,Proposed,1450.24
PRJ005231,A0012786,Technology Refresh Wave,2027-07-12,,Infrastructure,Completed,829.28
PRJ005232,A0017961,Technology Refresh Wave,2026-08-14,,End User Computing,Deferred,1335.99
PRJ005233,A0008152,Technology Refresh Wave,2027-08-07,,End User Computing,Approved,2250.41
PRJ005234,A0022477,Technology Refresh Wave,2026-04-12,,Infrastructure,Deferred,11356.46
PRJ005235,A0023679,Technology Refresh Wave,2028-06-02,,Security,In Progress,622.72
PRJ005236,A0013347,Technology Refresh Wave,2027-11-27,,Infrastructure,Proposed,994.53
PRJ005237,A0014166,Technology Refresh Wave,2026-07-20,,Security,Proposed,900.58
PRJ005238,A0014674,Technology Refresh Wave,2026-12-02,,Cloud,Approved,586.34
PRJ005239,A0021111,Technology Refresh Wave,2027-07-24,,Cloud,Proposed,16482.33
PRJ005240,A0020999,Technology Refresh Wave,2027-02-26,,Infrastructure,Completed,14255.68
PRJ005241,A0014733,Technology Refresh Wave,2027-05-23,,Network,Proposed,1023.04
PRJ005242,A0017896,Technology Refresh Wave,2026-08-20,,End User Computing,In Progress,1093.77
PRJ005243,A0019527,Technology Refresh Wave,2027-05-09,,Network,Approved,360.13
PRJ005244,A0001867,Technology Refresh Wave,2028-06-30,,Security,In Progress,1072.85
PRJ005245,A0019341,Technology Refresh Wave,2028-06-03,,Infrastructure,In Progress,456.41
PRJ005246,A0015583,Technology Refresh Wave,2028-09-04,,Cloud,In Progress,898.76
PRJ005247,A0014165,Technology Refresh Wave,2026-07-22,,End User Computing,Deferred,798.59
PRJ005248,A0009071,Technology Refresh Wave,2027-08-18,,Network,Proposed,1566.31
PRJ005249,A0011943,Technology Refresh Wave,2026-07-17,,Cloud,Proposed,1060.66
PRJ005250,A0003406,Technology Refresh Wave,2027-05-28,,Security,In Progress,1128.13
PRJ005251,A0021222,Technology Refresh Wave,2026-06-26,,Security,Proposed,13801.35
PRJ005252,A0003939,Technology Refresh Wave,2027-04-05,,End User Computing,In Progress,1415.86
PRJ005253,A0004990,Technology Refresh Wave,2028-03-15,,Network,Proposed,1278.39
PRJ005254,A0000837,Technology Refresh Wave,2027-06-01,,Infrastructure,In Progress,1428.29
PRJ005255,A0018836,Technology Refresh Wave,2027-08-18,,Cloud,Approved,423.15
PRJ005256,A0004851,Technology Refresh Wave,2027-04-24,,End User Computing,Proposed,1663.47
PRJ005257,A0018336,Technology Refresh Wave,2027-01-22,,End User Computing,In Progress,1109.06
PRJ005258,A0016292,Technology Refresh Wave,2026-10-25,,End User Computing,Deferred,623.63
PRJ005259,A0005513,Technology Refresh Wave,2026-05-28,,End User Computing,Completed,1598.16
PRJ005260,A0019474,Technology Refresh Wave,2027-03-21,,Infrastructure,Deferred,367.26
PRJ005261,A0008829,Technology Refresh Wave,2027-12-06,,Cloud,Proposed,1699.64
PRJ005262,A0004114,Technology Refresh Wave,2028-01-21,,Infrastructure,Completed,1206.0
PRJ005263,A0006627,Technology Refresh Wave,2027-02-16,,Network,In Progress,1100.31
PRJ005264,A0020314,Technology Refresh Wave,2027-04-19,,Security,Deferred,14402.75
PRJ005265,A0008226,Technology Refresh Wave,2026-10-25,,Infrastructure,Approved,1816.62
PRJ005266,A0012344,Technology Refresh Wave,2027-05-15,,Security,Completed,1384.67
PRJ005267,A0005340,Technology Refresh Wave,2026-11-06,,Cloud,Completed,2083.99
PRJ005268,A0011527,Technology Refresh Wave,2027-12-23,,End User Computing,Approved,1055.94
PRJ005269,A0022546,Technology Refresh Wave,2027-09-17,,End User Computing,Proposed,19005.53
PRJ005270,A0013868,Technology Refresh Wave,2028-07-14,,Network,Deferred,1211.62
PRJ005271,A0003482,Technology Refresh Wave,2028-01-05,,Security,Proposed,1233.7
PRJ005272,A0023576,Technology Refresh Wave,2028-03-06,,Security,Approved,761.94
PRJ005273,A0001358,Technology Refresh Wave,2026-10-21,,End User Computing,In Progress,1521.45
PRJ005274,A0006893,Technology Refresh Wave,2026-05-18,,End User Computing,Deferred,1193.73
PRJ005275,A0006400,Technology Refresh Wave,2028-03-23,,Infrastructure,In Progress,1375.89
PRJ005276,A0004744,Technology Refresh Wave,2027-02-09,,Security,Approved,1492.75
PRJ005277,A0005901,Technology Refresh Wave,2027-08-11,,End User Computing,Deferred,896.36
PRJ005278,A0008466,Technology Refresh Wave,2026-07-05,,End User Computing,Deferred,859.73
PRJ005279,A0003355,Technology Refresh Wave,2027-02-15,,Network,In Progress,1099.24
PRJ005280,A0014333,Technology Refresh Wave,2026-07-06,,Cloud,Deferred,900.25
PRJ005281,A0001322,Technology Refresh Wave,2026-08-01,,Security,Approved,900.54
PRJ005282,A0010855,Technology Refresh Wave,2026-06-13,,Infrastructure,Approved,1662.42
PRJ005283,A0006632,Technology Refresh Wave,2027-01-02,,Security,Proposed,1875.66
PRJ005284,A0020589,Technology Refresh Wave,2028-03-25,,Infrastructure,In Progress,13348.5
PRJ005285,A0017094,Technology Refresh Wave,2028-07-02,,Infrastructure,Deferred,846.71
PRJ005286,A0003486,Technology Refresh Wave,2026-08-28,,Security,In Progress,1030.08
PRJ005287,A0010385,Technology Refresh Wave,2028-07-18,,Cloud,Deferred,1151.14
PRJ005288,A0001906,Technology Refresh Wave,2028-08-06,,Network,In Progress,1146.53
PRJ005289,A0004008,Technology Refresh Wave,2026-11-20,,Network,Proposed,1712.95
PRJ005290,A0015145,Technology Refresh Wave,2026-03-16,,Security,Proposed,866.94
PRJ005291,A0009656,Technology Refresh Wave,2028-12-25,,Infrastructure,In Progress,1192.95
PRJ005292,A0001134,Technology Refresh Wave,2026-09-18,,Security,Approved,1419.53
PRJ005293,A0019269,Technology Refresh Wave,2027-05-07,,End User Computing,Approved,440.12
PRJ005294,A0014049,Technology Refresh Wave,2027-10-05,,Cloud,Deferred,1216.87
PRJ005295,A0020917,Technology Refresh Wave,2027-01-11,,Network,Approved,11233.16
PRJ005296,A0013784,Technology Refresh Wave,2026-02-03,,Infrastructure,In Progress,1632.65
PRJ005297,A0017757,Technology Refresh Wave,2028-03-23,,End User Computing,In Progress,882.95
PRJ005298,A0003673,Technology Refresh Wave,2026-06-22,,End User Computing,Proposed,955.46
PRJ005299,A0003722,Technology Refresh Wave,2026-04-15,,Cloud,Deferred,1792.22
PRJ005300,A0006346,Technology Refresh Wave,2026-06-16,,Infrastructure,Approved,2574.21
PRJ005301,A0010978,Technology Refresh Wave,2026-07-23,,Cloud,Deferred,1057.46
PRJ005302,A0015051,Technology Refresh Wave,2026-04-03,,End User Computing,Deferred,855.81
PRJ005303,A0005664,Technology Refresh Wave,2028-12-03,,Infrastructure,Approved,1783.91
PRJ005304,A0001397,Technology Refresh Wave,2026-12-28,,Network,Approved,1174.4
PRJ005305,A0014805,Technology Refresh Wave,2026-05-10,,Network,Approved,1033.59
PRJ005306,A0004155,Technology Refresh Wave,2027-09-24,,Cloud,Deferred,1724.04
PRJ005307,A0017251,Technology Refresh Wave,2028-02-22,,Network,Completed,823.4
PRJ005308,A0014734,Technology Refresh Wave,2026-05-16,,Network,Approved,856.03
PRJ005309,A0021001,Technology Refresh Wave,2026-12-05,,Infrastructure,Proposed,14777.0
PRJ005310,A0005654,Technology Refresh Wave,2026-10-04,,End User Computing,Approved,1854.23
PRJ005311,A0001740,Technology Refresh Wave,2027-06-24,,Infrastructure,Proposed,1566.93
PRJ005312,A0005618,Technology Refresh Wave,2027-02-18,,Security,Approved,893.52
PRJ005313,A0007154,Technology Refresh Wave,2027-11-05,,Cloud,Approved,2444.02
PRJ005314,A0018225,Technology Refresh Wave,2028-09-28,,Infrastructure,In Progress,1060.9
PRJ005315,A0012495,Technology Refresh Wave,2026-07-29,,End User Computing,Deferred,1305.6
PRJ005316,A0014294,Technology Refresh Wave,2028-01-25,,End User Computing,Approved,905.17
PRJ005317,A0018320,Technology Refresh Wave,2026-07-04,,Cloud,Proposed,1015.95
PRJ005318,A0006664,Technology Refresh Wave,2028-01-14,,Infrastructure,Proposed,1298.18
PRJ005319,A0022138,Technology Refresh Wave,2027-04-14,,Security,Deferred,3661.77
PRJ005320,A0012631,Technology Refresh Wave,2027-10-13,,End User Computing,In Progress,1468.44
PRJ005321,A0000262,Technology Refresh Wave,2026-12-17,,Network,Deferred,1860.31
PRJ005322,A0004193,Technology Refresh Wave,2026-03-18,,Cloud,Approved,2615.51
PRJ005323,A0004549,Technology Refresh Wave,2026-04-18,,Infrastructure,In Progress,1320.4
PRJ005324,A0010964,Technology Refresh Wave,2026-03-12,,Cloud,Proposed,1311.07
PRJ005325,A0001306,Technology Refresh Wave,2028-06-27,,Security,In Progress,1239.36
PRJ005326,A0000892,Technology Refresh Wave,2026-12-19,,Cloud,In Progress,1484.53
PRJ005327,A0018852,Technology Refresh Wave,2027-03-19,,Infrastructure,Proposed,465.03
PRJ005328,A0002227,Technology Refresh Wave,2028-01-11,,Infrastructure,Completed,1124.87
PRJ005329,A0001324,Technology Refresh Wave,2026-08-09,,Security,Deferred,1187.44
PRJ005330,A0013067,Technology Refresh Wave,2028-11-05,,Cloud,Deferred,1678.34
PRJ005331,A0006879,Technology Refresh Wave,2028-06-28,,Security,Deferred,1229.3
PRJ005332,A0012378,Technology Refresh Wave,2028-04-14,,Network,In Progress,1495.91
PRJ005333,A0001839,Technology Refresh Wave,2028-05-02,,Network,Deferred,1947.35
PRJ005334,A0007118,Technology Refresh Wave,2028-09-17,,Infrastructure,Completed,1133.74
PRJ005335,A0019397,Technology Refresh Wave,2026-03-05,,Network,Deferred,482.55
PRJ005336,A0023671,Technology Refresh Wave,2026-06-18,,Infrastructure,In Progress,555.45
PRJ005337,A0006166,Technology Refresh Wave,2028-07-09,,End User Computing,In Progress,1509.09
PRJ005338,A0006581,Technology Refresh Wave,2028-04-23,,Infrastructure,Completed,1163.59
PRJ005339,A0000388,Technology Refresh Wave,2028-02-26,,End User Computing,Approved,1642.92
PRJ005340,A0017006,Technology Refresh Wave,2027-07-27,,End User Computing,Completed,984.29
PRJ005341,A0019103,Technology Refresh Wave,2028-01-29,,Network,Completed,369.77
PRJ005342,A0014182,Technology Refresh Wave,2028-01-24,,Cloud,Deferred,911.0
PRJ005343,A0001359,Technology Refresh Wave,2027-01-29,,Network,Approved,1654.53
PRJ005344,A0016703,Technology Refresh Wave,2027-11-30,,Cloud,Approved,835.48
PRJ005345,A0005598,Technology Refresh Wave,2026-02-24,,Infrastructure,In Progress,1236.04
PRJ005346,A0008158,Technology Refresh Wave,2027-01-16,,Security,Completed,1630.8
PRJ005347,A0002449,Technology Refresh Wave,2026-05-24,,Network,In Progress,1152.02
PRJ005348,A0000842,Technology Refresh Wave,2028-05-24,,Cloud,In Progress,1817.23
PRJ005349,A0020838,Technology Refresh Wave,2027-02-20,,Security,Approved,12602.64
PRJ005350,A0018948,Technology Refresh Wave,2027-12-20,,End User Computing,Proposed,345.86
PRJ005351,A0019549,Technology Refresh Wave,2027-01-19,,Security,Deferred,563.38
PRJ005352,A0022228,Technology Refresh Wave,2028-05-14,,Security,Approved,3287.59
PRJ005353,A0021590,Technology Refresh Wave,2026-01-06,,Security,Deferred,9268.69
PRJ005354,A0015120,Technology Refresh Wave,2027-02-05,,Cloud,Approved,918.11
PRJ005355,A0021699,Technology Refresh Wave,2027-04-14,,Infrastructure,Approved,4739.7
PRJ005356,A0021312,Technology Refresh Wave,2027-01-18,,Network,Completed,11668.64
PRJ005357,A0004447,Technology Refresh Wave,2026-02-12,,Cloud,Proposed,1180.5
PRJ005358,A0007736,Technology Refresh Wave,2026-11-29,,Infrastructure,In Progress,1426.69
PRJ005359,A0017465,Technology Refresh Wave,2027-04-10,,Cloud,In Progress,777.73
PRJ005360,A0013838,Technology Refresh Wave,2028-08-29,,Cloud,Deferred,1525.6
PRJ005361,A0023062,Technology Refresh Wave,2028-05-26,,Network,Deferred,812.58
PRJ005362,A0004540,Technology Refresh Wave,2028-05-09,,Security,In Progress,1067.97
PRJ005363,A0000141,Technology Refresh Wave,2028-01-20,,Cloud,Completed,1068.24
PRJ005364,A0011051,Technology Refresh Wave,2028-06-28,,Network,Deferred,1377.98
PRJ005365,A0013904,Technology Refresh Wave,2027-07-29,,Security,Proposed,1022.12
PRJ005366,A0015619,Technology Refresh Wave,2026-03-08,,Infrastructure,In Progress,797.19
PRJ005367,A0017436,Technology Refresh Wave,2026-12-20,,End User Computing,Deferred,910.77
PRJ005368,A0015798,Technology Refresh Wave,2028-02-28,,Security,Approved,850.65
PRJ005369,A0016967,Technology Refresh Wave,2027-06-21,,Security,Proposed,874.7
PRJ005370,A0011525,Technology Refresh Wave,2027-09-08,,Infrastructure,Proposed,1454.0
PRJ005371,A0002066,Technology Refresh Wave,2026-04-30,,Cloud,In Progress,1752.95
PRJ005372,A0008080,Technology Refresh Wave,2027-07-20,,End User Computing,Completed,1517.22
PRJ005373,A0003377,Technology Refresh Wave,2028-02-17,,Network,Deferred,2078.43
PRJ005374,A0001445,Technology Refresh Wave,2026-03-03,,Cloud,Completed,974.86
PRJ005375,A0001373,Technology Refresh Wave,2026-10-17,,End User Computing,In Progress,1200.37
PRJ005376,A0002754,Technology Refresh Wave,2028-01-25,,Cloud,Approved,1045.07
PRJ005377,A0017005,Technology Refresh Wave,2026-04-16,,Cloud,Deferred,1139.96
PRJ005378,A0008294,Technology Refresh Wave,2027-04-12,,Network,In Progress,1770.72
PRJ005379,A0003336,Technology Refresh Wave,2027-05-16,,Cloud,In Progress,2104.45
PRJ005380,A0016115,Technology Refresh Wave,2027-03-02,,Security,Deferred,886.37
PRJ005381,A0006326,Technology Refresh Wave,2027-09-20,,Cloud,Approved,1377.97
PRJ005382,A0022311,Technology Refresh Wave,2027-05-29,,Security,Deferred,10019.62
PRJ005383,A0004610,Technology Refresh Wave,2026-01-17,,End User Computing,Completed,2337.72
PRJ005384,A0015042,Technology Refresh Wave,2026-07-31,,Cloud,Proposed,985.29
PRJ005385,A0018251,Technology Refresh Wave,2026-03-11,,Security,Proposed,951.9
PRJ005386,A0010229,Technology Refresh Wave,2026-01-12,,End User Computing,Deferred,1224.42
PRJ005387,A0020508,Technology Refresh Wave,2028-04-01,,Security,In Progress,10792.79
PRJ005388,A0020590,Technology Refresh Wave,2026-06-27,,Network,Completed,10275.22
PRJ005389,A0020020,Technology Refresh Wave,2027-12-27,,Cloud,Proposed,19758.76
PRJ005390,A0000506,Technology Refresh Wave,2027-04-19,,Cloud,In Progress,1024.2
PRJ005391,A0011840,Technology Refresh Wave,2026-11-24,,Security,Proposed,1073.14
PRJ005392,A0003837,Technology Refresh Wave,2028-01-04,,End User Computing,Proposed,1091.89
PRJ005393,A0001048,Technology Refresh Wave,2028-03-28,,Network,Completed,1170.45
PRJ005394,A0007186,Technology Refresh Wave,2028-02-28,,Network,Proposed,1431.2
PRJ005395,A0011252,Technology Refresh Wave,2026-01-07,,End User Computing,Completed,2885.97
PRJ005396,A0007650,Technology Refresh Wave,2026-07-18,,Network,Proposed,1137.59
PRJ005397,A0016614,Technology Refresh Wave,2026-09-07,,End User Computing,Proposed,715.11
PRJ005398,A0020592,Technology Refresh Wave,2027-09-30,,End User Computing,Completed,17575.42
PRJ005399,A0008629,Technology Refresh Wave,2026-06-01,,Security,Approved,1206.08
PRJ005400,A0012861,Technology Refresh Wave,2028-04-25,,Security,Proposed,1194.33
PRJ005401,A0007446,Technology Refresh Wave,2028-09-08,,Network,Proposed,1329.92
PRJ005402,A0021647,Technology Refresh Wave,2026-12-23,,Cloud,Approved,6057.12
PRJ005403,A0021460,Technology Refresh Wave,2027-08-22,,Network,Completed,21876.55
PRJ005404,A0013934,Technology Refresh Wave,2027-08-04,,End User Computing,Deferred,913.67
PRJ005405,A0010105,Technology Refresh Wave,2028-08-14,,Network,Completed,1372.72
PRJ005406,A0011898,Technology Refresh Wave,2027-05-14,,Cloud,In Progress,1129.06
PRJ005407,A0007871,Technology Refresh Wave,2028-05-09,,Network,Approved,1192.01
PRJ005408,A0014868,Technology Refresh Wave,2027-11-03,,End User Computing,Proposed,951.25
PRJ005409,A0016537,Technology Refresh Wave,2028-02-29,,End User Computing,Completed,850.82
PRJ005410,A0014534,Technology Refresh Wave,2028-02-14,,Security,Approved,988.64
PRJ005411,A0019272,Technology Refresh Wave,2028-12-29,,Cloud,Approved,499.95
PRJ005412,A0002907,Technology Refresh Wave,2027-10-18,,Network,Completed,934.83
PRJ005413,A0009684,Technology Refresh Wave,2028-11-16,,Network,In Progress,1329.05
PRJ005414,A0005278,Technology Refresh Wave,2027-02-27,,Cloud,Deferred,1215.57
PRJ005415,A0010835,Technology Refresh Wave,2027-12-28,,Infrastructure,In Progress,1571.57
PRJ005416,A0008194,Technology Refresh Wave,2027-07-23,,Network,Proposed,1004.45
PRJ005417,A0005169,Technology Refresh Wave,2027-11-10,,Cloud,Approved,1404.47
PRJ005418,A0008779,Technology Refresh Wave,2028-06-14,,Infrastructure,Deferred,1271.1
PRJ005419,A0012692,Technology Refresh Wave,2028-11-28,,Infrastructure,In Progress,2388.57
PRJ005420,A0015857,Technology Refresh Wave,2027-08-14,,Network,Approved,972.49
PRJ005421,A0011612,Technology Refresh Wave,2026-07-31,,Infrastructure,Proposed,1068.6
PRJ005422,A0012278,Technology Refresh Wave,2027-05-20,,Security,Deferred,1648.75
PRJ005423,A0015133,Technology Refresh Wave,2026-12-09,,Security,Proposed,990.23
PRJ005424,A0013379,Technology Refresh Wave,2028-10-19,,Infrastructure,Deferred,1614.87
PRJ005425,A0004326,Technology Refresh Wave,2026-08-10,,Security,In Progress,1407.28
PRJ005426,A0014157,Technology Refresh Wave,2028-10-17,,End User Computing,In Progress,911.35
PRJ005427,A0006699,Technology Refresh Wave,2026-07-15,,Cloud,Proposed,1160.4
PRJ005428,A0013247,Technology Refresh Wave,2028-08-30,,Network,Completed,1149.02
PRJ005429,A0001706,Technology Refresh Wave,2026-07-28,,Infrastructure,Approved,1464.53
PRJ005430,A0002857,Technology Refresh Wave,2027-02-22,,Security,Proposed,1315.36
PRJ005431,A0019511,Technology Refresh Wave,2027-01-27,,Infrastructure,Approved,334.2
PRJ005432,A0013827,Technology Refresh Wave,2026-02-01,,Security,Completed,1018.56
PRJ005433,A0000477,Technology Refresh Wave,2028-04-21,,Cloud,Proposed,1467.76
PRJ005434,A0013023,Technology Refresh Wave,2028-10-23,,Security,Proposed,1226.53
PRJ005435,A0008518,Technology Refresh Wave,2028-02-19,,Network,In Progress,1274.46
PRJ005436,A0015978,Technology Refresh Wave,2027-01-05,,Security,Completed,964.4
PRJ005437,A0019727,Technology Refresh Wave,2026-12-10,,Network,In Progress,408.32
PRJ005438,A0001480,Technology Refresh Wave,2028-06-26,,Network,Proposed,1349.9
PRJ005439,A0011669,Technology Refresh Wave,2027-08-28,,Infrastructure,Approved,1604.8
PRJ005440,A0023242,Technology Refresh Wave,2028-04-06,,Cloud,Deferred,870.31
PRJ005441,A0021792,Technology Refresh Wave,2028-04-13,,Infrastructure,Proposed,4347.91
PRJ005442,A0014518,Technology Refresh Wave,2028-10-20,,End User Computing,Completed,599.13
PRJ005443,A0016695,Technology Refresh Wave,2026-09-17,,Security,Proposed,954.18
PRJ005444,A0003494,Technology Refresh Wave,2028-12-05,,Security,Approved,1173.16
PRJ005445,A0001315,Technology Refresh Wave,2027-09-28,,End User Computing,Deferred,1208.82
PRJ005446,A0001834,Technology Refresh Wave,2028-07-03,,End User Computing,Deferred,1178.3
PRJ005447,A0002778,Technology Refresh Wave,2027-03-21,,Infrastructure,Proposed,1591.58
PRJ005448,A0005636,Technology Refresh Wave,2027-12-24,,End User Computing,Completed,1387.74
PRJ005449,A0018859,Technology Refresh Wave,2028-07-27,,Security,Deferred,354.46
PRJ005450,A0004905,Technology Refresh Wave,2026-08-20,,End User Computing,Approved,1242.17
PRJ005451,A0000554,Technology Refresh Wave,2026-05-10,,End User Computing,Approved,1625.13
PRJ005452,A0005113,Technology Refresh Wave,2026-07-27,,End User Computing,Deferred,1268.86
PRJ005453,A0010595,Technology Refresh Wave,2026-01-08,,Cloud,Approved,1579.92
PRJ005454,A0020700,Technology Refresh Wave,2026-10-31,,Security,Proposed,16953.77
PRJ005455,A0020351,Technology Refresh Wave,2026-09-13,,Security,Approved,12686.35
PRJ005456,A0020567,Technology Refresh Wave,2027-11-09,,End User Computing,Deferred,15813.27
PRJ005457,A0019554,Technology Refresh Wave,2028-11-16,,Security,In Progress,375.25
PRJ005458,A0013352,Technology Refresh Wave,2026-06-13,,Cloud,Completed,1302.14
PRJ005459,A0018961,Technology Refresh Wave,2027-03-10,,Network,Deferred,410.76
PRJ005460,A0001267,Technology Refresh Wave,2026-01-11,,Network,Proposed,1419.11
PRJ005461,A0009407,Technology Refresh Wave,2027-07-03,,Network,Approved,1061.48
PRJ005462,A0022608,Technology Refresh Wave,2028-07-31,,Security,Proposed,14460.71
PRJ005463,A0006259,Technology Refresh Wave,2026-01-26,,Network,Proposed,1343.39
PRJ005464,A0010031,Technology Refresh Wave,2027-02-23,,Network,In Progress,1291.48
PRJ005465,A0003157,Technology Refresh Wave,2027-01-01,,Security,In Progress,944.78
PRJ005466,A0013378,Technology Refresh Wave,2028-06-27,,Security,In Progress,1250.24
PRJ005467,A0015356,Technology Refresh Wave,2026-12-02,,Security,Proposed,1307.75
PRJ005468,A0019821,Technology Refresh Wave,2028-11-06,,Cloud,Deferred,470.55
PRJ005469,A0016216,Technology Refresh Wave,2028-03-30,,Cloud,Deferred,1138.84
PRJ005470,A0021935,Technology Refresh Wave,2028-01-01,,Cloud,Completed,4473.75
PRJ005471,A0003243,Technology Refresh Wave,2027-07-27,,End User Computing,In Progress,1119.11
PRJ005472,A0021168,Technology Refresh Wave,2028-10-16,,Security,Proposed,13439.99
PRJ005473,A0018461,Technology Refresh Wave,2027-01-27,,Infrastructure,Proposed,989.44
PRJ005474,A0012336,Technology Refresh Wave,2028-12-09,,Cloud,Completed,1220.74
PRJ005475,A0007748,Technology Refresh Wave,2026-02-08,,Network,Completed,2076.03
PRJ005476,A0005571,Technology Refresh Wave,2028-07-07,,Cloud,Proposed,1319.06
PRJ005477,A0005659,Technology Refresh Wave,2028-10-24,,Security,Approved,1703.5
PRJ005478,A0010791,Technology Refresh Wave,2028-09-22,,Infrastructure,In Progress,1231.74
PRJ005479,A0017530,Technology Refresh Wave,2027-07-04,,End User Computing,Proposed,1064.62
PRJ005480,A0013371,Technology Refresh Wave,2027-05-21,,Cloud,In Progress,1633.45
PRJ005481,A0018516,Technology Refresh Wave,2027-06-07,,Security,Completed,451.21
PRJ005482,A0008243,Technology Refresh Wave,2026-10-08,,Network,Approved,1644.43
PRJ005483,A0020130,Technology Refresh Wave,2026-09-05,,Cloud,In Progress,17084.61
PRJ005484,A0001336,Technology Refresh Wave,2026-01-15,,End User Computing,In Progress,1464.07
PRJ005485,A0010880,Technology Refresh Wave,2026-11-26,,Security,Deferred,1465.75
PRJ005486,A0002873,Technology Refresh Wave,2026-06-08,,Infrastructure,Proposed,997.18
PRJ005487,A0009060,Technology Refresh Wave,2027-05-10,,Cloud,Proposed,1020.9
PRJ005488,A0012295,Technology Refresh Wave,2026-04-01,,Network,Approved,1095.81
PRJ005489,A0013163,Technology Refresh Wave,2028-01-01,,Network,Deferred,1450.69
PRJ005490,A0016421,Technology Refresh Wave,2026-10-14,,End User Computing,Deferred,1053.38
PRJ005491,A0021721,Technology Refresh Wave,2027-12-18,,Infrastructure,Deferred,8949.22
PRJ005492,A0012035,Technology Refresh Wave,2028-06-05,,Cloud,Proposed,1637.07
PRJ005493,A0007585,Technology Refresh Wave,2027-07-15,,Security,Deferred,1349.44
PRJ005494,A0001992,Technology Refresh Wave,2028-07-05,,Infrastructure,Approved,1549.38
PRJ005495,A0002537,Technology Refresh Wave,2026-03-31,,Cloud,Deferred,927.15
PRJ005496,A0006207,Technology Refresh Wave,2026-01-17,,End User Computing,In Progress,1900.08
PRJ005497,A0019890,Technology Refresh Wave,2027-01-31,,Network,Proposed,289.25
PRJ005498,A0021858,Technology Refresh Wave,2028-12-17,,Network,Deferred,5326.52
PRJ005499,A0021118,Technology Refresh Wave,2027-11-08,,Security,Approved,12483.19
PRJ005500,A0009543,Technology Refresh Wave,2028-04-15,,Security,In Progress,1911.13
PRJ005501,A0005171,Technology Refresh Wave,2026-03-23,,End User Computing,Approved,1362.82
PRJ005502,A0009653,Technology Refresh Wave,2026-09-12,,Network,Deferred,1213.91
PRJ005503,A0009422,Technology Refresh Wave,2028-04-27,,Cloud,Proposed,1386.47
PRJ005504,A0021030,Technology Refresh Wave,2027-05-13,,End User Computing,Completed,9980.29
PRJ005505,A0020205,Technology Refresh Wave,2026-11-01,,Infrastructure,Approved,15168.98
PRJ005506,A0006562,Technology Refresh Wave,2027-10-18,,Network,Proposed,1094.51
PRJ005507,A0019261,Technology Refresh Wave,2026-07-02,,Security,Completed,462.44
PRJ005508,A0017689,Technology Refresh Wave,2028-02-27,,Network,Proposed,1242.95
PRJ005509,A0008455,Technology Refresh Wave,2028-08-09,,Infrastructure,In Progress,2196.53
PRJ005510,A0019882,Technology Refresh Wave,2027-12-28,,Security,Proposed,430.08
PRJ005511,A0013372,Technology Refresh Wave,2026-12-29,,End User Computing,In Progress,1323.6
PRJ005512,A0001102,Technology Refresh Wave,2027-04-28,,Cloud,Completed,850.89
PRJ005513,A0006484,Technology Refresh Wave,2028-03-20,,End User Computing,Deferred,1200.1
PRJ005514,A0006276,Technology Refresh Wave,2028-05-14,,Infrastructure,Proposed,1387.72
PRJ005515,A0004820,Technology Refresh Wave,2027-07-11,,Infrastructure,In Progress,863.99
PRJ005516,A0004442,Technology Refresh Wave,2028-12-09,,End User Computing,Proposed,1381.15
PRJ005517,A0006613,Technology Refresh Wave,2026-01-12,,Cloud,In Progress,1383.52
PRJ005518,A0011585,Technology Refresh Wave,2026-02-02,,End User Computing,Approved,1099.26
PRJ005519,A0014685,Technology Refresh Wave,2026-11-04,,Security,In Progress,699.94
PRJ005520,A0010570,Technology Refresh Wave,2027-01-18,,Infrastructure,Deferred,1112.05
PRJ005521,A0001958,Technology Refresh Wave,2028-06-30,,Cloud,Proposed,1842.0
PRJ005522,A0018057,Technology Refresh Wave,2026-07-25,,Cloud,Approved,1267.08
PRJ005523,A0019707,Technology Refresh Wave,2027-12-02,,Security,Proposed,415.09
PRJ005524,A0015413,Technology Refresh Wave,2026-05-26,,Cloud,Deferred,1116.69
PRJ005525,A0014207,Technology Refresh Wave,2027-05-17,,Cloud,In Progress,929.19
PRJ005526,A0021103,Technology Refresh Wave,2027-09-01,,End User Computing,Deferred,18091.05
PRJ005527,A0005183,Technology Refresh Wave,2027-02-14,,Cloud,Completed,1615.01
PRJ005528,A0006028,Technology Refresh Wave,2026-08-28,,Infrastructure,In Progress,1888.63
PRJ005529,A0003529,Technology Refresh Wave,2026-06-14,,Infrastructure,Proposed,1429.65
PRJ005530,A0003026,Technology Refresh Wave,2027-09-06,,End User Computing,In Progress,1418.84
PRJ005531,A0010363,Technology Refresh Wave,2028-04-07,,Cloud,Completed,1575.8
PRJ005532,A0021810,Technology Refresh Wave,2026-08-07,,Security,Proposed,3768.69
PRJ005533,A0002700,Technology Refresh Wave,2028-10-16,,Infrastructure,Completed,1074.49
PRJ005534,A0003338,Technology Refresh Wave,2027-09-04,,Network,In Progress,1617.48
PRJ005535,A0000811,Technology Refresh Wave,2028-10-27,,Network,In Progress,1051.97
PRJ005536,A0008301,Technology Refresh Wave,2026-05-21,,Security,In Progress,1155.94
PRJ005537,A0010856,Technology Refresh Wave,2028-09-26,,Cloud,In Progress,1425.16
PRJ005538,A0019423,Technology Refresh Wave,2027-10-21,,End User Computing,Approved,398.28
PRJ005539,A0004127,Technology Refresh Wave,2026-10-05,,End User Computing,In Progress,1450.33
PRJ005540,A0003012,Technology Refresh Wave,2027-12-25,,Infrastructure,In Progress,1821.17
PRJ005541,A0008305,Technology Refresh Wave,2027-08-02,,Network,Proposed,1469.54
PRJ005542,A0012898,Technology Refresh Wave,2026-02-05,,End User Computing,Approved,1127.19
PRJ005543,A0012702,Technology Refresh Wave,2028-06-18,,Security,Approved,1138.44
PRJ005544,A0012668,Technology Refresh Wave,2028-09-06,,End User Computing,Proposed,1106.69
PRJ005545,A0007931,Technology Refresh Wave,2027-04-22,,Security,Proposed,1530.01
PRJ005546,A0003337,Technology Refresh Wave,2026-08-21,,Network,Approved,1164.78
PRJ005547,A0019837,Technology Refresh Wave,2026-02-12,,Security,Approved,511.38
PRJ005548,A0012038,Technology Refresh Wave,2026-05-08,,Infrastructure,Proposed,905.92
PRJ005549,A0015332,Technology Refresh Wave,2027-07-28,,Network,Completed,803.63
PRJ005550,A0007540,Technology Refresh Wave,2028-02-24,,End User Computing,Deferred,1518.03
PRJ005551,A0010312,Technology Refresh Wave,2028-10-05,,Network,Approved,1407.87
PRJ005552,A0016091,Technology Refresh Wave,2027-05-07,,Cloud,Approved,924.33
PRJ005553,A0006629,Technology Refresh Wave,2028-05-16,,Cloud,Deferred,1600.08
PRJ005554,A0005196,Technology Refresh Wave,2027-04-26,,Cloud,In Progress,1313.99
PRJ005555,A0019366,Technology Refresh Wave,2027-01-05,,Network,Approved,514.99
PRJ005556,A0021320,Technology Refresh Wave,2026-04-05,,Infrastructure,Proposed,14692.89
PRJ005557,A0002130,Technology Refresh Wave,2028-10-15,,Cloud,Approved,1597.71
PRJ005558,A0002415,Technology Refresh Wave,2027-11-27,,Security,Completed,1556.72
PRJ005559,A0002795,Technology Refresh Wave,2027-03-03,,End User Computing,Proposed,1132.32
PRJ005560,A0019001,Technology Refresh Wave,2028-05-18,,Infrastructure,Deferred,487.17
PRJ005561,A0006424,Technology Refresh Wave,2027-05-29,,Infrastructure,Proposed,1312.32
PRJ005562,A0000593,Technology Refresh Wave,2026-07-01,,Security,Approved,1319.68
PRJ005563,A0020955,Technology Refresh Wave,2027-09-17,,Infrastructure,Approved,15139.66
PRJ005564,A0002685,Technology Refresh Wave,2028-07-25,,Cloud,Completed,1085.43
PRJ005565,A0005872,Technology Refresh Wave,2028-02-23,,Network,Approved,1668.37
PRJ005566,A0017322,Technology Refresh Wave,2028-03-16,,Network,Completed,1018.71
PRJ005567,A0008454,Technology Refresh Wave,2028-07-09,,Security,Approved,1328.54
PRJ005568,A0023227,Technology Refresh Wave,2028-10-15,,End User Computing,Approved,685.88
PRJ005569,A0001602,Technology Refresh Wave,2026-11-19,,Security,Deferred,1258.99
PRJ005570,A0003966,Technology Refresh Wave,2028-11-29,,Network,Proposed,1399.71
PRJ005571,A0005422,Technology Refresh Wave,2028-07-16,,Infrastructure,Proposed,1311.14
PRJ005572,A0016737,Technology Refresh Wave,2028-10-31,,Cloud,Proposed,765.78
PRJ005573,A0021417,Technology Refresh Wave,2027-01-05,,Infrastructure,In Progress,17834.7
PRJ005574,A0020651,Technology Refresh Wave,2027-11-22,,Network,Completed,16930.17
PRJ005575,A0010163,Technology Refresh Wave,2028-01-14,,Security,Deferred,837.85
PRJ005576,A0007303,Technology Refresh Wave,2028-06-18,,Cloud,Approved,1267.42
PRJ005577,A0013888,Technology Refresh Wave,2028-01-08,,End User Computing,Proposed,1001.43
PRJ005578,A0011439,Technology Refresh Wave,2027-03-05,,End User Computing,Approved,1620.16
PRJ005579,A0022864,Technology Refresh Wave,2026-06-08,,End User Computing,Approved,10012.8
PRJ005580,A0003416,Technology Refresh Wave,2026-05-21,,Security,In Progress,1859.88
PRJ005581,A0011675,Technology Refresh Wave,2028-03-23,,Security,Completed,2319.98
PRJ005582,A0010398,Technology Refresh Wave,2026-11-17,,Infrastructure,Approved,1039.58
PRJ005583,A0000170,Technology Refresh Wave,2028-01-27,,Security,Approved,1104.2
PRJ005584,A0007686,Technology Refresh Wave,2026-12-23,,Security,Approved,1404.79
PRJ005585,A0011289,Technology Refresh Wave,2026-08-22,,End User Computing,Approved,1094.93
PRJ005586,A0020180,Technology Refresh Wave,2026-04-28,,Network,Proposed,21202.78
PRJ005587,A0018755,Technology Refresh Wave,2026-02-22,,Security,Approved,528.84
PRJ005588,A0005254,Technology Refresh Wave,2028-03-05,,Infrastructure,Deferred,1282.35
PRJ005589,A0013594,Technology Refresh Wave,2027-05-21,,Security,Deferred,980.97
PRJ005590,A0013629,Technology Refresh Wave,2028-09-08,,End User Computing,In Progress,2097.06
PRJ005591,A0006837,Technology Refresh Wave,2028-06-14,,Network,Proposed,1206.22
PRJ005592,A0021957,Technology Refresh Wave,2028-05-31,,Network,Completed,9013.8
PRJ005593,A0011702,Technology Refresh Wave,2028-01-11,,Infrastructure,Proposed,1908.54
PRJ005594,A0000580,Technology Refresh Wave,2028-12-20,,Infrastructure,Approved,1049.74
PRJ005595,A0007590,Technology Refresh Wave,2027-02-14,,Cloud,In Progress,855.28
PRJ005596,A0002456,Technology Refresh Wave,2026-07-21,,Security,Proposed,977.61
PRJ005597,A0020536,Technology Refresh Wave,2028-02-01,,End User Computing,In Progress,17843.34
PRJ005598,A0012149,Technology Refresh Wave,2028-07-09,,End User Computing,Deferred,1705.74
PRJ005599,A0020888,Technology Refresh Wave,2027-12-07,,Infrastructure,Proposed,15455.86
PRJ005600,A0000138,Technology Refresh Wave,2027-05-04,,Infrastructure,Completed,1030.06
PRJ005601,A0005130,Technology Refresh Wave,2026-11-15,,End User Computing,Deferred,1420.41
PRJ005602,A0006625,Technology Refresh Wave,2026-12-23,,Network,Deferred,1509.07
PRJ005603,A0013603,Technology Refresh Wave,2028-04-06,,Cloud,Completed,1317.44
PRJ005604,A0017512,Technology Refresh Wave,2027-11-30,,End User Computing,Completed,820.84
PRJ005605,A0016581,Technology Refresh Wave,2027-03-31,,Security,Deferred,1295.49
PRJ005606,A0009596,Technology Refresh Wave,2026-03-14,,Infrastructure,Approved,1222.28
PRJ005607,A0007543,Technology Refresh Wave,2026-09-02,,Network,Completed,1178.07
PRJ005608,A0017065,Technology Refresh Wave,2026-07-08,,Cloud,Proposed,1289.14
PRJ005609,A0015552,Technology Refresh Wave,2028-02-11,,Infrastructure,Completed,829.78
PRJ005610,A0022528,Technology Refresh Wave,2027-07-07,,Cloud,Deferred,10058.67
PRJ005611,A0004338,Technology Refresh Wave,2027-05-26,,Infrastructure,Proposed,2108.0
PRJ005612,A0001030,Technology Refresh Wave,2026-07-18,,Infrastructure,In Progress,1204.82
PRJ005613,A0008355,Technology Refresh Wave,2027-04-06,,Infrastructure,Approved,865.05
PRJ005614,A0022515,Technology Refresh Wave,2026-06-11,,Cloud,Approved,10226.13
PRJ005615,A0001113,Technology Refresh Wave,2028-12-13,,Infrastructure,In Progress,1756.7
PRJ005616,A0023136,Technology Refresh Wave,2028-03-11,,Cloud,Completed,1049.08
PRJ005617,A0005460,Technology Refresh Wave,2028-01-03,,Infrastructure,Deferred,1906.53
PRJ005618,A0023215,Technology Refresh Wave,2026-10-25,,Security,Deferred,991.81
PRJ005619,A0021657,Technology Refresh Wave,2026-08-13,,Security,Approved,5613.0
PRJ005620,A0006238,Technology Refresh Wave,2028-10-28,,Network,Completed,1783.85
PRJ005621,A0001398,Technology Refresh Wave,2026-02-01,,Cloud,In Progress,894.77
PRJ005622,A0016322,Technology Refresh Wave,2026-08-09,,Infrastructure,Deferred,650.56
PRJ005623,A0002919,Technology Refresh Wave,2026-03-02,,Cloud,Deferred,1092.29
PRJ005624,A0005338,Technology Refresh Wave,2026-01-25,,Cloud,In Progress,1689.56
PRJ005625,A0003911,Technology Refresh Wave,2026-07-05,,End User Computing,Approved,1081.0
PRJ005626,A0011030,Technology Refresh Wave,2026-11-29,,Network,Proposed,2455.52
PRJ005627,A0014605,Technology Refresh Wave,2027-08-24,,Infrastructure,Completed,1152.89
PRJ005628,A0005999,Technology Refresh Wave,2027-12-29,,End User Computing,In Progress,998.35
PRJ005629,A0017240,Technology Refresh Wave,2028-01-28,,Infrastructure,Deferred,693.4
PRJ005630,A0019771,Technology Refresh Wave,2028-07-20,,Network,Approved,368.69
PRJ005631,A0013713,Technology Refresh Wave,2028-03-18,,End User Computing,Proposed,2868.44
PRJ005632,A0020389,Technology Refresh Wave,2026-08-09,,End User Computing,Proposed,13572.24
PRJ005633,A0023734,Technology Refresh Wave,2026-07-29,,Security,In Progress,75549.46
PRJ005634,A0017172,Technology Refresh Wave,2026-12-29,,End User Computing,Deferred,715.77
PRJ005635,A0013557,Technology Refresh Wave,2027-08-18,,Network,Approved,1201.0
PRJ005636,A0012012,Technology Refresh Wave,2027-07-26,,Infrastructure,In Progress,1085.38
PRJ005637,A0002496,Technology Refresh Wave,2026-02-25,,Infrastructure,Proposed,975.02
PRJ005638,A0013917,Technology Refresh Wave,2028-06-07,,Cloud,In Progress,1536.24
PRJ005639,A0000747,Technology Refresh Wave,2028-05-12,,Infrastructure,Approved,1137.91
PRJ005640,A0022199,Technology Refresh Wave,2028-05-11,,End User Computing,Deferred,5418.92
PRJ005641,A0010601,Technology Refresh Wave,2027-07-29,,Cloud,Proposed,1245.32
PRJ005642,A0002702,Technology Refresh Wave,2028-04-25,,Infrastructure,Proposed,1241.01
PRJ005643,A0015984,Technology Refresh Wave,2026-06-07,,Infrastructure,Completed,1109.89
PRJ005644,A0020453,Technology Refresh Wave,2026-03-25,,Security,Deferred,17214.62
PRJ005645,A0003670,Technology Refresh Wave,2028-10-20,,End User Computing,Proposed,1214.42
PRJ005646,A0005941,Technology Refresh Wave,2027-04-28,,Cloud,Proposed,1020.0
PRJ005647,A0019567,Technology Refresh Wave,2026-08-03,,Security,In Progress,359.77
PRJ005648,A0022105,Technology Refresh Wave,2027-07-08,,End User Computing,In Progress,3496.16
PRJ005649,A0010689,Technology Refresh Wave,2027-02-13,,Security,Proposed,1084.98
PRJ005650,A0004630,Technology Refresh Wave,2028-05-13,,Network,Proposed,1042.19
PRJ005651,A0017046,Technology Refresh Wave,2026-04-12,,Cloud,In Progress,693.47
PRJ005652,A0011168,Technology Refresh Wave,2028-11-17,,End User Computing,Deferred,1373.6
PRJ005653,A0013802,Technology Refresh Wave,2026-07-17,,Security,Approved,1583.7
PRJ005654,A0012031,Technology Refresh Wave,2028-07-25,,End User Computing,In Progress,2149.9
PRJ005655,A0022765,Technology Refresh Wave,2027-01-18,,Infrastructure,Proposed,5939.81
PRJ005656,A0008338,Technology Refresh Wave,2027-12-15,,Network,Completed,1189.52
PRJ005657,A0008292,Technology Refresh Wave,2026-08-24,,Infrastructure,Approved,1288.25
PRJ005658,A0005283,Technology Refresh Wave,2026-10-27,,Network,In Progress,1221.31
PRJ005659,A0016257,Technology Refresh Wave,2026-12-09,,End User Computing,Deferred,906.64
PRJ005660,A0020806,Technology Refresh Wave,2026-03-26,,End User Computing,Completed,17219.31
PRJ005661,A0000382,Technology Refresh Wave,2028-06-27,,Network,Approved,1342.67
PRJ005662,A0016766,Technology Refresh Wave,2027-08-27,,Security,Approved,1129.75
PRJ005663,A0019456,Technology Refresh Wave,2027-04-30,,Infrastructure,Proposed,455.91
PRJ005664,A0001677,Technology Refresh Wave,2027-12-27,,Infrastructure,Proposed,1181.62
PRJ005665,A0000715,Technology Refresh Wave,2026-01-01,,Security,Completed,1135.42
PRJ005666,A0002679,Technology Refresh Wave,2027-06-30,,Infrastructure,Proposed,1172.12
PRJ005667,A0008162,Technology Refresh Wave,2028-04-09,,Cloud,Approved,1598.64
PRJ005668,A0013500,Technology Refresh Wave,2028-10-10,,Infrastructure,Proposed,1284.52
PRJ005669,A0017831,Technology Refresh Wave,2027-05-22,,Infrastructure,Proposed,947.61
PRJ005670,A0022736,Technology Refresh Wave,2027-06-19,,Security,Proposed,4633.78
PRJ005671,A0020648,Technology Refresh Wave,2026-05-28,,Security,Approved,10012.42
PRJ005672,A0018502,Technology Refresh Wave,2027-07-09,,Cloud,Proposed,391.83
PRJ005673,A0003439,Technology Refresh Wave,2028-12-02,,End User Computing,In Progress,1186.97
PRJ005674,A0011507,Technology Refresh Wave,2027-04-11,,Cloud,Approved,892.33
PRJ005675,A0015970,Technology Refresh Wave,2027-01-09,,Security,Approved,753.54
PRJ005676,A0003825,Technology Refresh Wave,2028-08-30,,Infrastructure,Completed,1251.86
PRJ005677,A0011582,Technology Refresh Wave,2027-04-30,,Infrastructure,In Progress,1298.68
PRJ005678,A0001587,Technology Refresh Wave,2026-01-15,,Infrastructure,In Progress,1783.15
PRJ005679,A0000007,Technology Refresh Wave,2027-03-18,,Infrastructure,In Progress,1255.84
PRJ005680,A0002744,Technology Refresh Wave,2027-01-24,,End User Computing,Deferred,825.44
PRJ005681,A0020576,Technology Refresh Wave,2026-08-19,,Cloud,Approved,15629.1
PRJ005682,A0007840,Technology Refresh Wave,2026-01-18,,Security,Proposed,1247.69
PRJ005683,A0012833,Technology Refresh Wave,2026-07-02,,Cloud,In Progress,1169.94
PRJ005684,A0019672,Technology Refresh Wave,2026-05-13,,End User Computing,Completed,301.39
PRJ005685,A0019426,Technology Refresh Wave,2028-07-29,,Infrastructure,In Progress,436.63
PRJ005686,A0020156,Technology Refresh Wave,2026-01-07,,Security,Proposed,18629.54
PRJ005687,A0022213,Technology Refresh Wave,2027-03-14,,End User Computing,Completed,5974.57
PRJ005688,A0016316,Technology Refresh Wave,2026-08-10,,Cloud,Deferred,725.88
PRJ005689,A0019819,Technology Refresh Wave,2026-04-20,,Security,Proposed,590.39
PRJ005690,A0003570,Technology Refresh Wave,2026-03-18,,Security,Approved,1442.24
PRJ005691,A0009460,Technology Refresh Wave,2028-06-18,,End User Computing,Completed,1269.37
PRJ005692,A0012224,Technology Refresh Wave,2026-08-18,,Cloud,Approved,1242.61
PRJ005693,A0007304,Technology Refresh Wave,2026-01-09,,Network,Approved,2068.11
PRJ005694,A0017934,Technology Refresh Wave,2027-10-01,,Infrastructure,Approved,1201.38
PRJ005695,A0013588,Technology Refresh Wave,2026-11-07,,Network,In Progress,1204.05
PRJ005696,A0009562,Technology Refresh Wave,2028-12-22,,Network,Proposed,1730.19
PRJ005697,A0018377,Technology Refresh Wave,2026-12-27,,Cloud,Deferred,1164.63
PRJ005698,A0007922,Technology Refresh Wave,2028-06-26,,Cloud,In Progress,1297.16
PRJ005699,A0021635,Technology Refresh Wave,2028-07-24,,Infrastructure,In Progress,4429.28
PRJ005700,A0001024,Technology Refresh Wave,2026-07-06,,Security,Completed,1159.67
PRJ005701,A0000889,Technology Refresh Wave,2028-01-18,,Network,Approved,1712.98
PRJ005702,A0018919,Technology Refresh Wave,2026-03-15,,Network,Proposed,450.38
PRJ005703,A0008630,Technology Refresh Wave,2028-03-16,,Security,Proposed,1114.75
PRJ005704,A0007548,Technology Refresh Wave,2026-10-02,,Network,Proposed,1478.96
PRJ005705,A0013134,Technology Refresh Wave,2027-04-02,,End User Computing,Deferred,1463.11
PRJ005706,A0010753,Technology Refresh Wave,2028-10-27,,Security,In Progress,1896.49
PRJ005707,A0014955,Technology Refresh Wave,2027-06-25,,Infrastructure,In Progress,599.86
PRJ005708,A0010319,Technology Refresh Wave,2027-01-31,,End User Computing,Deferred,1411.44
PRJ005709,A0012680,Technology Refresh Wave,2027-01-18,,Network,Proposed,1006.27
PRJ005710,A0004936,Technology Refresh Wave,2026-11-24,,Network,Approved,1399.35
PRJ005711,A0019519,Technology Refresh Wave,2028-11-14,,End User Computing,In Progress,390.33
PRJ005712,A0008542,Technology Refresh Wave,2026-06-18,,Cloud,Proposed,2041.51
PRJ005713,A0007915,Technology Refresh Wave,2026-01-08,,Network,Proposed,1298.53
PRJ005714,A0016136,Technology Refresh Wave,2028-04-24,,Cloud,Proposed,1062.99
PRJ005715,A0011434,Technology Refresh Wave,2028-09-25,,End User Computing,Deferred,1168.73
PRJ005716,A0014360,Technology Refresh Wave,2028-08-06,,End User Computing,Proposed,1338.55
PRJ005717,A0012553,Technology Refresh Wave,2027-03-07,,Network,Proposed,1809.18
PRJ005718,A0013220,Technology Refresh Wave,2026-03-26,,Network,Deferred,2569.7
PRJ005719,A0016724,Technology Refresh Wave,2028-09-06,,Infrastructure,Proposed,821.34
PRJ005720,A0018759,Technology Refresh Wave,2027-02-26,,Infrastructure,Approved,336.59
PRJ005721,A0021159,Technology Refresh Wave,2027-12-09,,End User Computing,Deferred,16019.91
PRJ005722,A0016046,Technology Refresh Wave,2026-10-22,,Infrastructure,Proposed,833.73
PRJ005723,A0003144,Technology Refresh Wave,2026-08-17,,End User Computing,Deferred,1322.87
PRJ005724,A0013723,Technology Refresh Wave,2027-10-02,,Cloud,Completed,1582.94
PRJ005725,A0018949,Technology Refresh Wave,2027-03-03,,Cloud,Approved,478.18
PRJ005726,A0006492,Technology Refresh Wave,2028-03-19,,Network,Approved,1941.05
PRJ005727,A0008666,Technology Refresh Wave,2026-07-28,,Infrastructure,Proposed,1369.69
PRJ005728,A0018922,Technology Refresh Wave,2026-05-29,,End User Computing,In Progress,419.51
PRJ005729,A0016582,Technology Refresh Wave,2026-03-29,,Infrastructure,Proposed,996.45
PRJ005730,A0009561,Technology Refresh Wave,2027-07-01,,End User Computing,Completed,1336.27
PRJ005731,A0018015,Technology Refresh Wave,2027-10-19,,Infrastructure,Proposed,670.26
PRJ005732,A0010131,Technology Refresh Wave,2028-08-21,,Infrastructure,Approved,1587.22
PRJ005733,A0022770,Technology Refresh Wave,2028-11-26,,Cloud,In Progress,4827.91
PRJ005734,A0009977,Technology Refresh Wave,2027-02-28,,Infrastructure,Deferred,1163.83
PRJ005735,A0000559,Technology Refresh Wave,2026-04-18,,Infrastructure,Completed,1140.69
PRJ005736,A0014979,Technology Refresh Wave,2028-05-29,,Network,In Progress,879.61
PRJ005737,A0018825,Technology Refresh Wave,2026-12-29,,Security,Proposed,493.5
PRJ005738,A0020852,Technology Refresh Wave,2028-04-22,,Cloud,Deferred,13906.68
PRJ005739,A0014132,Technology Refresh Wave,2028-09-22,,Cloud,Deferred,799.53
PRJ005740,A0007683,Technology Refresh Wave,2027-02-08,,Cloud,Proposed,1157.78
PRJ005741,A0017874,Technology Refresh Wave,2027-01-08,,Infrastructure,Completed,991.66
PRJ005742,A0003683,Technology Refresh Wave,2028-03-05,,End User Computing,Approved,1534.93
PRJ005743,A0006037,Technology Refresh Wave,2027-03-08,,Cloud,Completed,1609.42
PRJ005744,A0016963,Technology Refresh Wave,2026-11-17,,Cloud,Deferred,833.74
PRJ005745,A0012734,Technology Refresh Wave,2028-04-05,,Security,Proposed,981.58
PRJ005746,A0001456,Technology Refresh Wave,2026-11-10,,Security,Approved,1288.28
PRJ005747,A0012739,Technology Refresh Wave,2028-04-10,,Security,Deferred,1564.18
PRJ005748,A0010169,Technology Refresh Wave,2026-08-13,,End User Computing,Proposed,1433.62
PRJ005749,A0004334,Technology Refresh Wave,2027-02-19,,Infrastructure,Approved,1563.16
PRJ005750,A0004739,Technology Refresh Wave,2027-09-17,,Infrastructure,Completed,1113.55
PRJ005751,A0004602,Technology Refresh Wave,2028-08-20,,Network,Approved,1639.37
PRJ005752,A0020709,Technology Refresh Wave,2027-11-19,,Infrastructure,Approved,15677.76
PRJ005753,A0011639,Technology Refresh Wave,2027-01-26,,Network,In Progress,1138.32
PRJ005754,A0015859,Technology Refresh Wave,2027-04-06,,Infrastructure,Completed,750.18
PRJ005755,A0012189,Technology Refresh Wave,2028-01-27,,Cloud,Completed,1250.2
PRJ005756,A0009238,Technology Refresh Wave,2026-08-05,,End User Computing,Completed,1677.57
PRJ005757,A0011713,Technology Refresh Wave,2026-03-29,,Infrastructure,Deferred,1500.09
PRJ005758,A0020891,Technology Refresh Wave,2028-07-17,,End User Computing,Approved,14417.74
PRJ005759,A0017914,Technology Refresh Wave,2028-02-17,,End User Computing,Proposed,945.83
PRJ005760,A0022305,Technology Refresh Wave,2027-02-17,,Network,Proposed,5615.17
PRJ005761,A0008806,Technology Refresh Wave,2026-01-21,,Infrastructure,In Progress,1269.97
PRJ005762,A0013167,Technology Refresh Wave,2028-04-28,,Cloud,Deferred,1507.01
PRJ005763,A0014033,Technology Refresh Wave,2028-10-19,,End User Computing,Approved,933.38
PRJ005764,A0019834,Technology Refresh Wave,2027-04-20,,Security,In Progress,502.66
PRJ005765,A0015594,Technology Refresh Wave,2026-04-04,,Network,In Progress,873.38
PRJ005766,A0003509,Technology Refresh Wave,2028-01-24,,Network,Approved,1130.65
PRJ005767,A0016507,Technology Refresh Wave,2027-04-04,,Network,Completed,1063.91
PRJ005768,A0012649,Technology Refresh Wave,2028-02-13,,Network,Approved,1113.44
PRJ005769,A0022947,Technology Refresh Wave,2026-07-23,,Infrastructure,Approved,17742.31
PRJ005770,A0021974,Technology Refresh Wave,2027-07-03,,Infrastructure,Deferred,5632.92
PRJ005771,A0011298,Technology Refresh Wave,2027-04-29,,Security,Approved,1042.44
PRJ005772,A0020515,Technology Refresh Wave,2026-01-26,,Infrastructure,Proposed,12595.98
PRJ005773,A0017664,Technology Refresh Wave,2027-10-16,,Infrastructure,Deferred,831.69
PRJ005774,A0015607,Technology Refresh Wave,2026-02-23,,Cloud,Proposed,1053.7
PRJ005775,A0016915,Technology Refresh Wave,2026-02-09,,Security,Proposed,1128.02
PRJ005776,A0014094,Technology Refresh Wave,2026-12-26,,Network,In Progress,955.19
PRJ005777,A0015840,Technology Refresh Wave,2026-10-15,,End User Computing,In Progress,930.24
PRJ005778,A0009812,Technology Refresh Wave,2028-10-29,,Infrastructure,Proposed,1428.85
PRJ005779,A0008196,Technology Refresh Wave,2028-12-21,,Network,Completed,1072.41
PRJ005780,A0004451,Technology Refresh Wave,2027-02-07,,Cloud,Completed,1545.78
PRJ005781,A0005140,Technology Refresh Wave,2026-06-11,,Cloud,Approved,1000.04
PRJ005782,A0010439,Technology Refresh Wave,2026-12-27,,Network,In Progress,2775.61
PRJ005783,A0016810,Technology Refresh Wave,2026-07-23,,Cloud,Proposed,852.37
PRJ005784,A0008083,Technology Refresh Wave,2027-04-14,,Security,In Progress,1844.49
PRJ005785,A0012111,Technology Refresh Wave,2027-08-19,,Security,In Progress,1215.18
PRJ005786,A0021658,Technology Refresh Wave,2026-02-12,,End User Computing,Approved,3761.19
PRJ005787,A0000822,Technology Refresh Wave,2027-04-03,,Security,In Progress,1670.35
PRJ005788,A0011473,Technology Refresh Wave,2028-09-01,,Network,Proposed,1648.95
PRJ005789,A0012632,Technology Refresh Wave,2027-03-24,,Security,Approved,1472.23
PRJ005790,A0021877,Technology Refresh Wave,2027-07-18,,Security,Deferred,4132.41
PRJ005791,A0008175,Technology Refresh Wave,2028-12-01,,Network,Deferred,1165.71
PRJ005792,A0018523,Technology Refresh Wave,2028-06-02,,End User Computing,In Progress,365.24
PRJ005793,A0017839,Technology Refresh Wave,2028-06-12,,Cloud,Proposed,782.46
PRJ005794,A0006649,Technology Refresh Wave,2026-05-07,,Security,Completed,1079.27
PRJ005795,A0008705,Technology Refresh Wave,2026-06-29,,Security,In Progress,1980.15
PRJ005796,A0001278,Technology Refresh Wave,2028-02-16,,Network,Approved,1310.15
PRJ005797,A0021248,Technology Refresh Wave,2028-01-16,,Security,Proposed,12831.87
PRJ005798,A0002195,Technology Refresh Wave,2026-01-19,,Network,Proposed,1155.11
PRJ005799,A0012211,Technology Refresh Wave,2028-08-22,,Network,Approved,1040.76
PRJ005800,A0015165,Technology Refresh Wave,2027-07-29,,Security,In Progress,1132.31
PRJ005801,A0001671,Technology Refresh Wave,2027-05-10,,Security,Approved,1569.65
PRJ005802,A0005428,Technology Refresh Wave,2028-01-14,,Network,In Progress,1005.88
PRJ005803,A0006966,Technology Refresh Wave,2028-01-04,,Infrastructure,Completed,1321.25
PRJ005804,A0012520,Technology Refresh Wave,2028-07-19,,Cloud,Proposed,1016.07
PRJ005805,A0000362,Technology Refresh Wave,2027-06-07,,Infrastructure,Completed,1052.96
PRJ005806,A0006917,Technology Refresh Wave,2026-12-21,,Cloud,In Progress,926.17
PRJ005807,A0013171,Technology Refresh Wave,2026-08-15,,End User Computing,Completed,1010.5
PRJ005808,A0016256,Technology Refresh Wave,2026-10-14,,Network,Completed,688.27
PRJ005809,A0010807,Technology Refresh Wave,2028-09-19,,Network,In Progress,1601.82
PRJ005810,A0020097,Technology Refresh Wave,2028-08-29,,Security,Proposed,14554.43
PRJ005811,A0008271,Technology Refresh Wave,2026-04-14,,Infrastructure,In Progress,1395.13
PRJ005812,A0014957,Technology Refresh Wave,2026-04-25,,Cloud,In Progress,1122.07
PRJ005813,A0012905,Technology Refresh Wave,2028-07-23,,Infrastructure,Proposed,1342.4
PRJ005814,A0015466,Technology Refresh Wave,2028-09-15,,End User Computing,Proposed,673.64
PRJ005815,A0014804,Technology Refresh Wave,2026-07-23,,Infrastructure,Proposed,1027.72
PRJ005816,A0003025,Technology Refresh Wave,2028-02-20,,Infrastructure,Completed,1135.53
PRJ005817,A0016147,Technology Refresh Wave,2026-03-16,,Infrastructure,Proposed,628.58
PRJ005818,A0019026,Technology Refresh Wave,2028-11-11,,Security,Completed,429.27
PRJ005819,A0013916,Technology Refresh Wave,2026-05-05,,Network,Approved,1066.21
PRJ005820,A0023357,Technology Refresh Wave,2027-02-25,,End User Computing,In Progress,802.28
PRJ005821,A0007975,Technology Refresh Wave,2027-11-14,,End User Computing,Approved,1523.36
PRJ005822,A0001158,Technology Refresh Wave,2028-04-19,,End User Computing,Deferred,1336.92
PRJ005823,A0018685,Technology Refresh Wave,2026-06-18,,Network,In Progress,344.3
PRJ005824,A0002706,Technology Refresh Wave,2026-12-02,,Infrastructure,Approved,1092.27
PRJ005825,A0020119,Technology Refresh Wave,2028-10-27,,Cloud,Proposed,12747.27
PRJ005826,A0012262,Technology Refresh Wave,2028-09-12,,Security,Approved,1566.02
PRJ005827,A0000461,Technology Refresh Wave,2026-03-03,,Infrastructure,Proposed,1237.98
PRJ005828,A0023408,Technology Refresh Wave,2028-04-20,,Cloud,Approved,775.95
PRJ005829,A0016041,Technology Refresh Wave,2027-09-23,,Network,In Progress,952.29
PRJ005830,A0004388,Technology Refresh Wave,2028-07-13,,Infrastructure,Approved,2347.37
PRJ005831,A0008944,Technology Refresh Wave,2026-11-27,,Cloud,Deferred,1070.28
PRJ005832,A0011998,Technology Refresh Wave,2027-05-14,,Network,In Progress,1214.08
PRJ005833,A0011189,Technology Refresh Wave,2027-08-24,,Security,In Progress,1517.77
PRJ005834,A0023206,Technology Refresh Wave,2026-04-19,,Network,In Progress,671.0
PRJ005835,A0021903,Technology Refresh Wave,2027-11-27,,Network,Completed,4768.79
PRJ005836,A0016606,Technology Refresh Wave,2027-09-04,,Cloud,Completed,1018.76
PRJ005837,A0023574,Technology Refresh Wave,2028-01-16,,End User Computing,Approved,772.54
PRJ005838,A0011390,Technology Refresh Wave,2028-04-21,,Cloud,In Progress,1354.6
PRJ005839,A0004502,Technology Refresh Wave,2027-07-24,,Infrastructure,Deferred,1271.59
PRJ005840,A0013550,Technology Refresh Wave,2028-02-21,,Network,In Progress,910.64
PRJ005841,A0018887,Technology Refresh Wave,2026-01-31,,Infrastructure,In Progress,491.65
PRJ005842,A0002939,Technology Refresh Wave,2027-06-23,,Cloud,Proposed,1783.64
PRJ005843,A0000488,Technology Refresh Wave,2026-12-24,,Infrastructure,Approved,1589.1
PRJ005844,A0012286,Technology Refresh Wave,2027-02-21,,Infrastructure,In Progress,1032.26
PRJ005845,A0003246,Technology Refresh Wave,2026-06-20,,End User Computing,Approved,1964.1
PRJ005846,A0018306,Technology Refresh Wave,2026-04-12,,Infrastructure,Proposed,830.19
PRJ005847,A0011627,Technology Refresh Wave,2026-12-04,,Security,Completed,1425.98
PRJ005848,A0022024,Technology Refresh Wave,2027-11-11,,Security,Approved,3912.4
PRJ005849,A0017893,Technology Refresh Wave,2026-07-04,,End User Computing,Approved,1224.14
PRJ005850,A0015098,Technology Refresh Wave,2027-06-03,,Network,Approved,619.05
PRJ005851,A0021429,Technology Refresh Wave,2027-08-06,,Cloud,Approved,12180.57
PRJ005852,A0018155,Technology Refresh Wave,2028-09-27,,End User Computing,In Progress,1231.04
PRJ005853,A0000901,Technology Refresh Wave,2026-04-13,,End User Computing,Proposed,1202.1
PRJ005854,A0002280,Technology Refresh Wave,2026-11-03,,Cloud,Approved,2547.51
PRJ005855,A0009414,Technology Refresh Wave,2026-01-21,,Network,Approved,1547.77
PRJ005856,A0008603,Technology Refresh Wave,2026-06-20,,Cloud,Completed,1659.95
PRJ005857,A0003904,Technology Refresh Wave,2027-02-21,,Infrastructure,Approved,1539.74
PRJ005858,A0023176,Technology Refresh Wave,2027-07-17,,Security,Deferred,929.27
PRJ005859,A0018544,Technology Refresh Wave,2028-01-21,,Network,Approved,488.92
PRJ005860,A0017873,Technology Refresh Wave,2027-07-27,,Infrastructure,Deferred,1017.58
PRJ005861,A0012528,Technology Refresh Wave,2027-07-11,,Infrastructure,In Progress,1213.91
PRJ005862,A0020729,Technology Refresh Wave,2028-05-05,,Network,Approved,13729.2
PRJ005863,A0013258,Technology Refresh Wave,2027-01-03,,Security,Completed,1182.22
PRJ005864,A0015128,Technology Refresh Wave,2026-01-08,,Security,Completed,913.1
PRJ005865,A0023034,Technology Refresh Wave,2026-04-11,,End User Computing,Proposed,21107.42
PRJ005866,A0013085,Technology Refresh Wave,2026-12-15,,End User Computing,Approved,1079.78
PRJ005867,A0023731,Technology Refresh Wave,2026-08-21,,Security,Approved,83478.31
PRJ005868,A0001648,Technology Refresh Wave,2027-03-23,,Cloud,Completed,1192.61
PRJ005869,A0021545,Technology Refresh Wave,2027-04-25,,End User Computing,Proposed,8535.37
PRJ005870,A0022737,Technology Refresh Wave,2027-09-13,,Cloud,Approved,8099.43
PRJ005871,A0021811,Technology Refresh Wave,2026-09-11,,Network,In Progress,3648.11
PRJ005872,A0017841,Technology Refresh Wave,2026-02-07,,End User Computing,Proposed,1253.23
PRJ005873,A0004352,Technology Refresh Wave,2027-01-23,,Security,Approved,1026.69
PRJ005874,A0000129,Technology Refresh Wave,2027-02-11,,Infrastructure,Proposed,1281.95
PRJ005875,A0002933,Technology Refresh Wave,2028-03-14,,Infrastructure,Approved,997.27
PRJ005876,A0010839,Technology Refresh Wave,2027-10-07,,Cloud,Completed,2159.97
PRJ005877,A0016398,Technology Refresh Wave,2026-07-21,,Infrastructure,In Progress,1179.97
PRJ005878,A0008919,Technology Refresh Wave,2026-07-20,,Security,Approved,1270.89
PRJ005879,A0017867,Technology Refresh Wave,2028-07-22,,Infrastructure,Approved,927.99
PRJ005880,A0012141,Technology Refresh Wave,2026-09-27,,Network,Proposed,1506.56
PRJ005881,A0011407,Technology Refresh Wave,2028-04-26,,End User Computing,Proposed,1078.97
PRJ005882,A0002670,Technology Refresh Wave,2027-01-24,,End User Computing,In Progress,1158.39
PRJ005883,A0006889,Technology Refresh Wave,2028-09-26,,Infrastructure,Approved,2683.12
PRJ005884,A0011489,Technology Refresh Wave,2028-02-27,,Network,Deferred,1712.13
PRJ005885,A0014906,Technology Refresh Wave,2028-12-21,,Network,Approved,776.46
PRJ005886,A0005928,Technology Refresh Wave,2027-11-21,,Infrastructure,Proposed,1325.2
PRJ005887,A0015411,Technology Refresh Wave,2026-09-23,,Cloud,Completed,928.58
PRJ005888,A0013619,Technology Refresh Wave,2028-02-11,,End User Computing,Deferred,1735.93
PRJ005889,A0007764,Technology Refresh Wave,2026-09-21,,End User Computing,Deferred,2231.83
PRJ005890,A0020578,Technology Refresh Wave,2028-07-05,,Cloud,Completed,16595.02
PRJ005891,A0008697,Technology Refresh Wave,2026-04-22,,Network,Proposed,1335.87
PRJ005892,A0023319,Technology Refresh Wave,2028-09-08,,End User Computing,Proposed,681.5
PRJ005893,A0006558,Technology Refresh Wave,2026-08-01,,Cloud,In Progress,1410.68
PRJ005894,A0010081,Technology Refresh Wave,2028-10-13,,Cloud,Approved,2544.91
PRJ005895,A0021017,Technology Refresh Wave,2027-12-09,,Security,Proposed,14746.33
PRJ005896,A0014877,Technology Refresh Wave,2027-11-28,,Infrastructure,Approved,651.18
PRJ005897,A0008248,Technology Refresh Wave,2028-06-09,,Network,Approved,1157.3
PRJ005898,A0012351,Technology Refresh Wave,2028-04-10,,Infrastructure,Proposed,817.96
PRJ005899,A0002627,Technology Refresh Wave,2027-11-29,,Security,Approved,1743.26
PRJ005900,A0008035,Technology Refresh Wave,2026-05-23,,End User Computing,Deferred,1373.97
PRJ005901,A0005152,Technology Refresh Wave,2026-09-29,,Cloud,Approved,2046.07
PRJ005902,A0021698,Technology Refresh Wave,2028-12-28,,Cloud,Deferred,3929.31
PRJ005903,A0015532,Technology Refresh Wave,2028-04-22,,Network,In Progress,625.58
PRJ005904,A0006410,Technology Refresh Wave,2028-03-11,,Infrastructure,In Progress,1175.0
PRJ005905,A0022194,Technology Refresh Wave,2026-05-05,,Security,In Progress,3464.04
PRJ005906,A0012424,Technology Refresh Wave,2027-10-26,,Cloud,In Progress,1541.4
PRJ005907,A0017998,Technology Refresh Wave,2028-11-21,,Network,In Progress,955.31
PRJ005908,A0014742,Technology Refresh Wave,2028-06-05,,End User Computing,Proposed,824.37
PRJ005909,A0007086,Technology Refresh Wave,2026-10-31,,Infrastructure,Approved,1124.49
PRJ005910,A0008932,Technology Refresh Wave,2027-10-25,,Infrastructure,Completed,1353.75
PRJ005911,A0022882,Technology Refresh Wave,2027-12-25,,End User Computing,In Progress,14346.56
PRJ005912,A0018871,Technology Refresh Wave,2028-02-09,,Cloud,Completed,411.88
PRJ005913,A0010866,Technology Refresh Wave,2026-02-04,,End User Computing,In Progress,1179.07
PRJ005914,A0003188,Technology Refresh Wave,2027-03-25,,Security,Deferred,2446.33
PRJ005915,A0010053,Technology Refresh Wave,2027-03-29,,Cloud,Approved,968.62
PRJ005916,A0022273,Technology Refresh Wave,2027-05-17,,End User Computing,Proposed,9775.95
PRJ005917,A0017178,Technology Refresh Wave,2026-01-25,,Cloud,In Progress,878.51
PRJ005918,A0013428,Technology Refresh Wave,2026-06-16,,Security,In Progress,1425.52
PRJ005919,A0002185,Technology Refresh Wave,2028-07-27,,End User Computing,Approved,1000.22
PRJ005920,A0018389,Technology Refresh Wave,2027-04-14,,Cloud,Approved,1093.12
PRJ005921,A0018491,Technology Refresh Wave,2028-08-10,,Infrastructure,Completed,1101.94
PRJ005922,A0004074,Technology Refresh Wave,2028-06-05,,Security,Approved,1211.24
PRJ005923,A0010389,Technology Refresh Wave,2028-08-28,,Infrastructure,In Progress,1166.92
PRJ005924,A0022902,Technology Refresh Wave,2026-06-16,,Network,In Progress,22235.96
PRJ005925,A0019543,Technology Refresh Wave,2026-04-09,,Network,Proposed,356.84
PRJ005926,A0004129,Technology Refresh Wave,2026-04-13,,Infrastructure,Approved,1385.81
PRJ005927,A0007919,Technology Refresh Wave,2026-08-09,,Cloud,Completed,802.96
PRJ005928,A0002046,Technology Refresh Wave,2028-08-27,,End User Computing,Proposed,1146.52
PRJ005929,A0018806,Technology Refresh Wave,2026-08-01,,Network,Proposed,570.95
PRJ005930,A0021852,Technology Refresh Wave,2027-08-07,,Network,Completed,5284.51
PRJ005931,A0005834,Technology Refresh Wave,2028-02-01,,Cloud,Proposed,1054.89
PRJ005932,A0004771,Technology Refresh Wave,2027-05-25,,Cloud,Completed,1245.16
PRJ005933,A0017854,Technology Refresh Wave,2027-04-15,,Infrastructure,Approved,856.7
PRJ005934,A0012754,Technology Refresh Wave,2026-11-08,,End User Computing,Completed,1176.37
PRJ005935,A0006663,Technology Refresh Wave,2027-01-12,,Cloud,In Progress,1457.85
PRJ005936,A0019012,Technology Refresh Wave,2027-07-10,,Cloud,Deferred,364.79
PRJ005937,A0012931,Technology Refresh Wave,2028-09-19,,Network,Completed,1247.66
PRJ005938,A0021258,Technology Refresh Wave,2028-06-22,,End User Computing,Completed,10307.87
PRJ005939,A0023434,Technology Refresh Wave,2028-08-23,,Infrastructure,Approved,1004.17
PRJ005940,A0001275,Technology Refresh Wave,2026-02-04,,Security,Proposed,1110.98
PRJ005941,A0023313,Technology Refresh Wave,2026-09-19,,End User Computing,In Progress,665.81
PRJ005942,A0016481,Technology Refresh Wave,2028-02-22,,Cloud,Proposed,1167.59
PRJ005943,A0014945,Technology Refresh Wave,2026-12-02,,Infrastructure,Proposed,706.19
PRJ005944,A0006736,Technology Refresh Wave,2028-12-12,,Network,Deferred,1289.65
PRJ005945,A0013746,Technology Refresh Wave,2027-02-17,,Infrastructure,Completed,1463.53
PRJ005946,A0008655,Technology Refresh Wave,2027-10-26,,Cloud,Completed,813.29
PRJ005947,A0020875,Technology Refresh Wave,2028-12-07,,Infrastructure,Approved,14776.33
PRJ005948,A0002179,Technology Refresh Wave,2028-11-06,,End User Computing,Proposed,1465.47
PRJ005949,A0007749,Technology Refresh Wave,2028-04-16,,Cloud,Proposed,1251.82
PRJ005950,A0017687,Technology Refresh Wave,2028-05-02,,Cloud,Proposed,1016.29
PRJ005951,A0005909,Technology Refresh Wave,2028-07-17,,Infrastructure,Approved,1610.59
PRJ005952,A0011308,Technology Refresh Wave,2027-10-27,,End User Computing,Proposed,1581.99
PRJ005953,A0016495,Technology Refresh Wave,2027-02-13,,End User Computing,Completed,864.39
PRJ005954,A0018227,Technology Refresh Wave,2027-05-02,,Cloud,Deferred,1055.56
PRJ005955,A0002784,Technology Refresh Wave,2026-02-17,,Cloud,In Progress,970.3
PRJ005956,A0014857,Technology Refresh Wave,2027-10-09,,Network,Approved,866.87
PRJ005957,A0014237,Technology Refresh Wave,2028-10-17,,Cloud,Approved,788.13
PRJ005958,A0023619,Technology Refresh Wave,2028-07-10,,Infrastructure,Deferred,498.6
PRJ005959,A0021904,Technology Refresh Wave,2026-11-19,,Network,Proposed,4138.23
PRJ005960,A0008011,Technology Refresh Wave,2027-04-22,,Network,Completed,1216.79
PRJ005961,A0007269,Technology Refresh Wave,2027-06-02,,Security,Deferred,1359.69
PRJ005962,A0005117,Technology Refresh Wave,2027-03-27,,Network,In Progress,1624.62
PRJ005963,A0012091,Technology Refresh Wave,2028-09-10,,Security,In Progress,1258.12
PRJ005964,A0014561,Technology Refresh Wave,2028-02-10,,Cloud,Deferred,1059.37
PRJ005965,A0015045,Technology Refresh Wave,2027-12-26,,End User Computing,Deferred,1085.97
PRJ005966,A0006502,Technology Refresh Wave,2028-11-23,,Cloud,In Progress,1698.62
PRJ005967,A0015809,Technology Refresh Wave,2027-04-27,,Cloud,Approved,1011.08
PRJ005968,A0004910,Technology Refresh Wave,2027-10-28,,Security,Completed,2198.24
PRJ005969,A0018658,Technology Refresh Wave,2026-09-17,,Network,In Progress,382.57
PRJ005970,A0005413,Technology Refresh Wave,2027-01-31,,Network,Approved,1005.98
PRJ005971,A0005728,Technology Refresh Wave,2027-02-08,,Infrastructure,Completed,2406.18
PRJ005972,A0005648,Technology Refresh Wave,2027-01-05,,Cloud,Proposed,1149.32
PRJ005973,A0020930,Technology Refresh Wave,2026-09-14,,Infrastructure,Approved,20256.66
PRJ005974,A0010225,Technology Refresh Wave,2028-05-22,,Infrastructure,Deferred,1137.93
PRJ005975,A0020304,Technology Refresh Wave,2026-08-13,,End User Computing,Proposed,12730.65
PRJ005976,A0006428,Technology Refresh Wave,2028-08-24,,End User Computing,In Progress,2109.46
PRJ005977,A0018837,Technology Refresh Wave,2027-02-06,,Cloud,In Progress,580.37
PRJ005978,A0002737,Technology Refresh Wave,2026-02-12,,Security,Proposed,2280.49
PRJ005979,A0011452,Technology Refresh Wave,2028-04-10,,Security,In Progress,1536.35
PRJ005980,A0016402,Technology Refresh Wave,2027-08-22,,Security,Proposed,894.68
PRJ005981,A0004231,Technology Refresh Wave,2026-11-28,,End User Computing,Proposed,1283.95
PRJ005982,A0022282,Technology Refresh Wave,2027-01-09,,Cloud,Deferred,5264.24
PRJ005983,A0016990,Technology Refresh Wave,2028-07-26,,Cloud,Approved,870.82
PRJ005984,A0010055,Technology Refresh Wave,2028-07-12,,Security,Completed,1784.57
PRJ005985,A0014481,Technology Refresh Wave,2027-12-10,,Network,In Progress,1016.14
PRJ005986,A0021571,Technology Refresh Wave,2026-08-21,,Network,Deferred,4755.35
PRJ005987,A0022611,Technology Refresh Wave,2027-09-30,,Network,In Progress,70768.13
PRJ005988,A0021324,Technology Refresh Wave,2028-10-13,,Infrastructure,Proposed,18295.14
PRJ005989,A0017087,Technology Refresh Wave,2026-12-10,,Infrastructure,Completed,1203.09
PRJ005990,A0021642,Technology Refresh Wave,2028-07-28,,Security,Approved,4565.75
PRJ005991,A0018647,Technology Refresh Wave,2026-03-04,,Security,Proposed,402.22
PRJ005992,A0006224,Technology Refresh Wave,2027-07-14,,End User Computing,Completed,1697.26
PRJ005993,A0021711,Technology Refresh Wave,2026-02-07,,End User Computing,Proposed,4072.1
PRJ005994,A0001580,Technology Refresh Wave,2027-02-19,,Network,In Progress,1367.88
PRJ005995,A0002969,Technology Refresh Wave,2026-03-14,,Security,Proposed,1399.16
PRJ005996,A0017711,Technology Refresh Wave,2026-05-06,,Security,Deferred,1154.09
PRJ005997,A0009406,Technology Refresh Wave,2028-08-29,,End User Computing,Approved,1236.77
PRJ005998,A0000486,Technology Refresh Wave,2026-04-22,,Security,In Progress,1144.89
PRJ005999,A0009314,Technology Refresh Wave,2026-01-17,,Security,In Progress,1363.1
PRJ006000,A0000968,Technology Refresh Wave,2028-07-22,,Network,Completed,1368.35
PRJ006001,A0008761,Technology Refresh Wave,2026-02-27,,End User Computing,In Progress,1357.65
PRJ006002,A0005548,Technology Refresh Wave,2027-10-30,,Cloud,Deferred,1116.48
PRJ006003,A0015913,Technology Refresh Wave,2027-08-23,,Network,Proposed,1057.34
PRJ006004,A0013610,Technology Refresh Wave,2028-08-19,,Security,Proposed,1216.87
PRJ006005,A0001366,Technology Refresh Wave,2027-01-15,,Security,Approved,1093.33
PRJ006006,A0001948,Technology Refresh Wave,2028-11-06,,End User Computing,Completed,1274.31
PRJ006007,A0017811,Technology Refresh Wave,2026-11-19,,Security,Approved,899.14
PRJ006008,A0011360,Technology Refresh Wave,2027-12-28,,Infrastructure,Proposed,929.45
PRJ006009,A0002226,Technology Refresh Wave,2026-11-16,,End User Computing,Proposed,2080.44
PRJ006010,A0007179,Technology Refresh Wave,2026-10-29,,Security,In Progress,1325.38
PRJ006011,A0013760,Technology Refresh Wave,2028-02-15,,End User Computing,Proposed,1843.01
PRJ006012,A0016044,Technology Refresh Wave,2026-11-21,,Network,Proposed,785.97
PRJ006013,A0009893,Technology Refresh Wave,2026-06-24,,Cloud,Deferred,1584.43
PRJ006014,A0005294,Technology Refresh Wave,2027-09-02,,Network,Approved,1932.98
PRJ006015,A0020345,Technology Refresh Wave,2028-09-27,,Security,In Progress,24694.16
PRJ006016,A0008685,Technology Refresh Wave,2028-05-06,,Cloud,Proposed,1053.79
PRJ006017,A0020045,Technology Refresh Wave,2026-05-16,,Infrastructure,Deferred,19842.41
PRJ006018,A0007892,Technology Refresh Wave,2027-10-02,,Network,Deferred,918.58
PRJ006019,A0008014,Technology Refresh Wave,2026-04-28,,Infrastructure,Completed,1091.74
PRJ006020,A0018725,Technology Refresh Wave,2026-10-14,,End User Computing,Proposed,574.8
PRJ006021,A0007746,Technology Refresh Wave,2026-03-21,,Security,Deferred,1355.12
PRJ006022,A0011869,Technology Refresh Wave,2028-04-23,,Security,Deferred,1130.25
PRJ006023,A0004546,Technology Refresh Wave,2028-03-16,,End User Computing,In Progress,940.56
PRJ006024,A0009241,Technology Refresh Wave,2026-12-24,,Security,In Progress,911.58
PRJ006025,A0003205,Technology Refresh Wave,2028-12-25,,Security,Approved,1680.14
PRJ006026,A0002550,Technology Refresh Wave,2026-11-11,,Infrastructure,Deferred,1098.28
PRJ006027,A0004013,Technology Refresh Wave,2028-07-15,,End User Computing,Deferred,996.3
PRJ006028,A0003887,Technology Refresh Wave,2028-01-19,,End User Computing,Deferred,1372.91
PRJ006029,A0014494,Technology Refresh Wave,2027-12-30,,Security,Deferred,1114.96
PRJ006030,A0017703,Technology Refresh Wave,2028-05-31,,Infrastructure,Completed,1040.8
PRJ006031,A0008923,Technology Refresh Wave,2026-12-07,,Security,Completed,1607.65
PRJ006032,A0009726,Technology Refresh Wave,2028-10-22,,End User Computing,Proposed,1147.84
PRJ006033,A0019617,Technology Refresh Wave,2027-08-07,,Network,Proposed,400.24
PRJ006034,A0009962,Technology Refresh Wave,2028-08-10,,Network,Deferred,1266.64
PRJ006035,A0013156,Technology Refresh Wave,2027-07-16,,Network,Approved,1633.33
PRJ006036,A0007306,Technology Refresh Wave,2028-05-13,,End User Computing,Approved,932.12
PRJ006037,A0014889,Technology Refresh Wave,2028-10-28,,Cloud,In Progress,760.69
PRJ006038,A0016934,Technology Refresh Wave,2026-12-12,,Infrastructure,Deferred,741.52
PRJ006039,A0021827,Technology Refresh Wave,2026-11-22,,End User Computing,Completed,4073.22
PRJ006040,A0018700,Technology Refresh Wave,2027-01-26,,End User Computing,Deferred,315.61
PRJ006041,A0016779,Technology Refresh Wave,2027-03-21,,Cloud,Deferred,851.57
PRJ006042,A0015957,Technology Refresh Wave,2028-10-26,,Security,Approved,690.23
PRJ006043,A0014530,Technology Refresh Wave,2026-02-02,,Security,Deferred,1315.96
PRJ006044,A0000602,Technology Refresh Wave,2027-08-16,,Cloud,Completed,1659.49
PRJ006045,A0021386,Technology Refresh Wave,2026-08-28,,Cloud,Approved,14430.55
PRJ006046,A0010576,Technology Refresh Wave,2028-08-27,,Security,Proposed,1527.61
PRJ006047,A0006975,Technology Refresh Wave,2026-07-21,,End User Computing,Proposed,1413.41
PRJ006048,A0021229,Technology Refresh Wave,2026-11-08,,Security,Deferred,19635.58
PRJ006049,A0013540,Technology Refresh Wave,2026-10-21,,Infrastructure,In Progress,1310.6
PRJ006050,A0002168,Technology Refresh Wave,2026-10-19,,Network,Approved,1941.74
PRJ006051,A0012074,Technology Refresh Wave,2026-05-03,,Network,Completed,1167.21
PRJ006052,A0022144,Technology Refresh Wave,2027-02-09,,Cloud,Completed,8805.34
PRJ006053,A0002442,Technology Refresh Wave,2026-10-19,,End User Computing,Proposed,896.27
PRJ006054,A0009052,Technology Refresh Wave,2027-03-05,,Network,Proposed,2515.66
PRJ006055,A0023635,Technology Refresh Wave,2027-12-13,,Cloud,Deferred,862.31
PRJ006056,A0012096,Technology Refresh Wave,2026-04-10,,Cloud,Deferred,1211.58
PRJ006057,A0014217,Technology Refresh Wave,2028-12-20,,End User Computing,In Progress,1006.06
PRJ006058,A0002625,Technology Refresh Wave,2027-05-13,,Infrastructure,Proposed,1543.87
PRJ006059,A0008493,Technology Refresh Wave,2026-03-20,,Network,Approved,1313.71
PRJ006060,A0018752,Technology Refresh Wave,2026-03-19,,Infrastructure,Proposed,475.16
PRJ006061,A0000742,Technology Refresh Wave,2028-05-21,,End User Computing,Proposed,1204.71
PRJ006062,A0000412,Technology Refresh Wave,2027-05-02,,Cloud,Approved,1137.08
PRJ006063,A0009253,Technology Refresh Wave,2026-06-26,,End User Computing,In Progress,1168.66
PRJ006064,A0016774,Technology Refresh Wave,2028-05-26,,Security,Deferred,1134.32
PRJ006065,A0010685,Technology Refresh Wave,2026-07-26,,Network,Proposed,1298.16
PRJ006066,A0014958,Technology Refresh Wave,2028-11-04,,Cloud,Proposed,735.75
PRJ006067,A0017455,Technology Refresh Wave,2027-11-08,,Infrastructure,In Progress,740.52
PRJ006068,A0019929,Technology Refresh Wave,2027-07-08,,End User Computing,Completed,507.34
PRJ006069,A0005208,Technology Refresh Wave,2027-01-23,,Cloud,Completed,1163.99
PRJ006070,A0017768,Technology Refresh Wave,2027-03-19,,Infrastructure,In Progress,797.55
PRJ006071,A0020291,Technology Refresh Wave,2028-06-27,,Security,Completed,16139.52
PRJ006072,A0016455,Technology Refresh Wave,2026-09-15,,Cloud,Completed,902.5
PRJ006073,A0002761,Technology Refresh Wave,2026-12-23,,Network,Completed,1117.52
PRJ006074,A0022280,Technology Refresh Wave,2028-05-31,,End User Computing,Approved,4380.5
PRJ006075,A0011270,Technology Refresh Wave,2028-11-04,,Infrastructure,Deferred,1183.76
PRJ006076,A0010134,Technology Refresh Wave,2027-04-01,,End User Computing,In Progress,1222.63
PRJ006077,A0004194,Technology Refresh Wave,2026-02-03,,End User Computing,Completed,1490.29
PRJ006078,A0017035,Technology Refresh Wave,2026-01-10,,Infrastructure,Completed,980.74
PRJ006079,A0010900,Technology Refresh Wave,2027-02-08,,Infrastructure,Completed,1466.13
PRJ006080,A0006242,Technology Refresh Wave,2028-05-29,,Cloud,In Progress,1243.95
PRJ006081,A0003106,Technology Refresh Wave,2026-08-29,,End User Computing,Proposed,1173.4
PRJ006082,A0021279,Technology Refresh Wave,2026-12-02,,Cloud,Completed,13146.35
PRJ006083,A0004497,Technology Refresh Wave,2028-12-11,,Security,Deferred,1436.57
PRJ006084,A0004308,Technology Refresh Wave,2028-06-14,,Cloud,Completed,1141.96
PRJ006085,A0021776,Technology Refresh Wave,2026-01-17,,End User Computing,In Progress,9599.01
PRJ006086,A0022585,Technology Refresh Wave,2026-11-22,,Infrastructure,Approved,25774.19
PRJ006087,A0009685,Technology Refresh Wave,2027-11-11,,Network,Deferred,2040.21
PRJ006088,A0006467,Technology Refresh Wave,2027-02-14,,End User Computing,Completed,926.0
PRJ006089,A0009799,Technology Refresh Wave,2027-01-13,,End User Computing,Deferred,1940.91
PRJ006090,A0011683,Technology Refresh Wave,2026-05-06,,Cloud,Proposed,2884.59
PRJ006091,A0019044,Technology Refresh Wave,2026-02-17,,Infrastructure,Proposed,452.55
PRJ006092,A0009748,Technology Refresh Wave,2027-01-22,,Cloud,Deferred,1544.59
PRJ006093,A0016357,Technology Refresh Wave,2026-04-20,,Cloud,In Progress,1028.62
PRJ006094,A0004169,Technology Refresh Wave,2026-10-14,,Infrastructure,Approved,1292.73
PRJ006095,A0006426,Technology Refresh Wave,2026-08-10,,Security,Proposed,1342.32
PRJ006096,A0010236,Technology Refresh Wave,2026-08-24,,End User Computing,Completed,1212.04
PRJ006097,A0021890,Technology Refresh Wave,2027-10-18,,Cloud,Proposed,4926.5
PRJ006098,A0002079,Technology Refresh Wave,2027-10-11,,Security,In Progress,1446.39
PRJ006099,A0008774,Technology Refresh Wave,2027-09-12,,End User Computing,Deferred,1019.68
PRJ006100,A0003883,Technology Refresh Wave,2026-12-12,,Cloud,Deferred,1068.38
PRJ006101,A0015598,Technology Refresh Wave,2027-04-21,,Security,Deferred,877.09
PRJ006102,A0002184,Technology Refresh Wave,2028-05-16,,End User Computing,Deferred,1145.58
PRJ006103,A0010736,Technology Refresh Wave,2028-05-14,,Cloud,Approved,1317.5
PRJ006104,A0021079,Technology Refresh Wave,2026-10-09,,Infrastructure,Proposed,15993.66
PRJ006105,A0014788,Technology Refresh Wave,2028-05-09,,Cloud,In Progress,1208.81
PRJ006106,A0002523,Technology Refresh Wave,2028-08-13,,Infrastructure,In Progress,1295.49
PRJ006107,A0012656,Technology Refresh Wave,2028-10-19,,Security,Deferred,1168.6
PRJ006108,A0017901,Technology Refresh Wave,2026-01-09,,Network,Approved,899.46
PRJ006109,A0019356,Technology Refresh Wave,2027-10-25,,Network,Completed,451.82
PRJ006110,A0018642,Technology Refresh Wave,2028-03-11,,Infrastructure,In Progress,338.92
PRJ006111,A0016160,Technology Refresh Wave,2026-07-23,,Cloud,Approved,734.96
PRJ006112,A0010799,Technology Refresh Wave,2027-11-13,,End User Computing,Approved,1476.13
PRJ006113,A0009251,Technology Refresh Wave,2028-11-26,,End User Computing,Proposed,1117.67
PRJ006114,A0012216,Technology Refresh Wave,2026-11-15,,Network,Approved,1131.3
PRJ006115,A0018230,Technology Refresh Wave,2028-06-17,,Network,Completed,1211.71
PRJ006116,A0019805,Technology Refresh Wave,2028-05-24,,Network,In Progress,560.06
PRJ006117,A0009003,Technology Refresh Wave,2026-03-06,,Network,In Progress,1406.46
PRJ006118,A0020482,Technology Refresh Wave,2027-08-15,,Network,Approved,15377.17
PRJ006119,A0019592,Technology Refresh Wave,2026-05-19,,Security,Deferred,355.15
PRJ006120,A0011698,Technology Refresh Wave,2026-07-11,,Cloud,In Progress,1571.13
PRJ006121,A0002155,Technology Refresh Wave,2027-10-27,,Cloud,Deferred,1728.35
PRJ006122,A0012028,Technology Refresh Wave,2026-09-11,,Network,In Progress,1311.75
PRJ006123,A0010545,Technology Refresh Wave,2027-09-26,,End User Computing,Proposed,1251.05
PRJ006124,A0023142,Technology Refresh Wave,2027-11-17,,End User Computing,Proposed,774.31
PRJ006125,A0019618,Technology Refresh Wave,2027-08-15,,Security,Proposed,420.77
PRJ006126,A0002299,Technology Refresh Wave,2026-08-04,,End User Computing,In Progress,1395.53
PRJ006127,A0003169,Technology Refresh Wave,2027-12-05,,End User Computing,Deferred,1283.41
PRJ006128,A0020169,Technology Refresh Wave,2027-08-22,,Network,Deferred,17134.09
PRJ006129,A0017158,Technology Refresh Wave,2027-08-30,,Infrastructure,Proposed,1039.92
PRJ006130,A0006726,Technology Refresh Wave,2026-06-28,,End User Computing,In Progress,1242.73
PRJ006131,A0015426,Technology Refresh Wave,2027-10-18,,Security,In Progress,939.05
PRJ006132,A0011769,Technology Refresh Wave,2028-03-14,,End User Computing,Completed,1487.86
PRJ006133,A0020724,Technology Refresh Wave,2026-07-16,,Security,Proposed,15497.7
PRJ006134,A0000897,Technology Refresh Wave,2026-08-22,,Infrastructure,Deferred,860.06
PRJ006135,A0021411,Technology Refresh Wave,2026-03-22,,Cloud,Proposed,12988.95
PRJ006136,A0019807,Technology Refresh Wave,2027-12-16,,Infrastructure,Deferred,363.48
PRJ006137,A0011236,Technology Refresh Wave,2026-01-09,,End User Computing,Deferred,1221.4
PRJ006138,A0019766,Technology Refresh Wave,2028-09-02,,End User Computing,Approved,290.37
PRJ006139,A0017979,Technology Refresh Wave,2026-12-15,,End User Computing,In Progress,1259.41
PRJ006140,A0018993,Technology Refresh Wave,2027-01-14,,Network,Proposed,357.29
PRJ006141,A0000708,Technology Refresh Wave,2027-08-30,,Infrastructure,Deferred,1595.5
PRJ006142,A0007956,Technology Refresh Wave,2028-08-11,,Security,In Progress,1586.96
PRJ006143,A0014533,Technology Refresh Wave,2028-11-17,,Infrastructure,In Progress,893.85
PRJ006144,A0008252,Technology Refresh Wave,2026-04-27,,Infrastructure,Completed,1156.37
PRJ006145,A0007192,Technology Refresh Wave,2026-09-26,,Cloud,Completed,1270.15
PRJ006146,A0011855,Technology Refresh Wave,2026-01-26,,Network,In Progress,1804.73
PRJ006147,A0022743,Technology Refresh Wave,2027-10-19,,Cloud,Deferred,23566.16
PRJ006148,A0014060,Technology Refresh Wave,2028-10-20,,Network,Completed,900.47
PRJ006149,A0019242,Technology Refresh Wave,2027-04-29,,Infrastructure,Proposed,496.15
PRJ006150,A0018207,Technology Refresh Wave,2026-04-06,,Network,Proposed,797.11
PRJ006151,A0000206,Technology Refresh Wave,2028-02-01,,Cloud,Proposed,839.1
PRJ006152,A0009137,Technology Refresh Wave,2027-04-27,,Security,Deferred,1645.42
PRJ006153,A0016142,Technology Refresh Wave,2028-10-15,,Cloud,In Progress,1177.46
PRJ006154,A0013767,Technology Refresh Wave,2028-10-14,,Infrastructure,Approved,1263.39
PRJ006155,A0013237,Technology Refresh Wave,2028-11-11,,Cloud,Approved,2774.36
PRJ006156,A0017033,Technology Refresh Wave,2028-01-10,,Cloud,Approved,1033.72
PRJ006157,A0001792,Technology Refresh Wave,2028-10-25,,Network,In Progress,1646.29
PRJ006158,A0019115,Technology Refresh Wave,2027-03-21,,Security,Approved,551.76
PRJ006159,A0002678,Technology Refresh Wave,2027-08-31,,Cloud,Deferred,867.9
PRJ006160,A0003539,Technology Refresh Wave,2027-07-14,,Infrastructure,Approved,1170.31
PRJ006161,A0019616,Technology Refresh Wave,2028-03-01,,Network,Proposed,462.94
PRJ006162,A0010181,Technology Refresh Wave,2026-10-25,,Cloud,In Progress,1380.31
PRJ006163,A0021927,Technology Refresh Wave,2027-10-16,,End User Computing,Deferred,4540.76
PRJ006164,A0007095,Technology Refresh Wave,2026-11-20,,Network,Approved,1192.66
PRJ006165,A0014265,Technology Refresh Wave,2027-07-17,,End User Computing,Proposed,791.19
PRJ006166,A0005702,Technology Refresh Wave,2027-03-12,,Network,Approved,1705.28
PRJ006167,A0008659,Technology Refresh Wave,2028-10-17,,Infrastructure,Proposed,1190.38
PRJ006168,A0014364,Technology Refresh Wave,2026-06-15,,Security,Approved,849.53
PRJ006169,A0001006,Technology Refresh Wave,2027-05-09,,Infrastructure,In Progress,1321.92
PRJ006170,A0016416,Technology Refresh Wave,2028-09-11,,Cloud,Approved,1093.91
PRJ006171,A0010903,Technology Refresh Wave,2027-06-01,,Infrastructure,Deferred,1916.81
PRJ006172,A0019758,Technology Refresh Wave,2028-10-24,,Network,Completed,402.95
PRJ006173,A0013197,Technology Refresh Wave,2028-04-15,,Infrastructure,Proposed,1458.85
PRJ006174,A0002772,Technology Refresh Wave,2027-02-28,,Security,Proposed,1088.37
PRJ006175,A0015142,Technology Refresh Wave,2028-07-07,,Infrastructure,Completed,1364.46
PRJ006176,A0023423,Technology Refresh Wave,2027-05-30,,End User Computing,In Progress,911.54
PRJ006177,A0016247,Technology Refresh Wave,2028-03-28,,Cloud,Approved,1028.94
PRJ006178,A0022068,Technology Refresh Wave,2027-11-09,,Security,Deferred,7198.55
PRJ006179,A0021863,Technology Refresh Wave,2027-07-31,,End User Computing,Deferred,4140.61
PRJ006180,A0009661,Technology Refresh Wave,2027-09-16,,Security,Deferred,1400.65
PRJ006181,A0015969,Technology Refresh Wave,2026-04-10,,Security,Completed,942.44
PRJ006182,A0019149,Technology Refresh Wave,2026-02-05,,End User Computing,Approved,483.48
PRJ006183,A0023315,Technology Refresh Wave,2027-04-24,,Cloud,Completed,846.83
PRJ006184,A0004357,Technology Refresh Wave,2027-02-01,,End User Computing,Proposed,1223.13
PRJ006185,A0023560,Technology Refresh Wave,2026-02-02,,Network,Proposed,1190.05
PRJ006186,A0012971,Technology Refresh Wave,2026-02-15,,End User Computing,Approved,904.08
PRJ006187,A0012402,Technology Refresh Wave,2028-04-10,,Network,Deferred,1055.86
PRJ006188,A0011864,Technology Refresh Wave,2028-03-10,,Network,Deferred,1218.38
PRJ006189,A0008974,Technology Refresh Wave,2026-10-08,,Security,Completed,1137.46
PRJ006190,A0012190,Technology Refresh Wave,2028-12-13,,Security,Deferred,2163.51
PRJ006191,A0016669,Technology Refresh Wave,2026-10-07,,End User Computing,In Progress,953.27
PRJ006192,A0019422,Technology Refresh Wave,2026-09-12,,Network,Deferred,348.89
PRJ006193,A0020557,Technology Refresh Wave,2026-07-19,,Cloud,In Progress,20041.64
PRJ006194,A0020260,Technology Refresh Wave,2026-03-23,,Network,Completed,14695.3
PRJ006195,A0023508,Technology Refresh Wave,2026-05-06,,Security,Deferred,841.24
PRJ006196,A0002102,Technology Refresh Wave,2027-05-24,,Cloud,Completed,2265.54
PRJ006197,A0013487,Technology Refresh Wave,2028-02-25,,Security,Approved,1308.74
PRJ006198,A0004198,Technology Refresh Wave,2026-08-30,,End User Computing,Proposed,1197.42
PRJ006199,A0012886,Technology Refresh Wave,2026-10-08,,Network,Proposed,1182.84
PRJ006200,A0009411,Technology Refresh Wave,2026-04-13,,End User Computing,Deferred,1766.9
PRJ006201,A0010654,Technology Refresh Wave,2027-07-14,,Infrastructure,Deferred,857.53
PRJ006202,A0020462,Technology Refresh Wave,2026-02-13,,Infrastructure,Deferred,22699.49
PRJ006203,A0004046,Technology Refresh Wave,2027-08-06,,End User Computing,Proposed,1723.34
PRJ006204,A0019468,Technology Refresh Wave,2027-07-25,,Security,Completed,408.76
PRJ006205,A0018855,Technology Refresh Wave,2026-02-01,,Infrastructure,Deferred,405.51
PRJ006206,A0005217,Technology Refresh Wave,2026-08-08,,Network,Approved,1365.78
PRJ006207,A0010646,Technology Refresh Wave,2027-07-30,,Infrastructure,Approved,2141.42
PRJ006208,A0017604,Technology Refresh Wave,2027-11-06,,Security,Completed,1034.5
PRJ006209,A0002731,Technology Refresh Wave,2027-02-10,,Infrastructure,In Progress,986.31
PRJ006210,A0018138,Technology Refresh Wave,2027-11-28,,Cloud,In Progress,949.07
PRJ006211,A0001665,Technology Refresh Wave,2028-08-20,,Infrastructure,Proposed,1144.5
PRJ006212,A0012540,Technology Refresh Wave,2028-01-13,,Security,In Progress,1393.83
PRJ006213,A0022175,Technology Refresh Wave,2027-11-13,,Infrastructure,In Progress,4818.72
PRJ006214,A0009669,Technology Refresh Wave,2027-12-02,,Cloud,Deferred,893.83
PRJ006215,A0001477,Technology Refresh Wave,2028-01-10,,Infrastructure,Proposed,1728.49
PRJ006216,A0023301,Technology Refresh Wave,2028-04-10,,End User Computing,Proposed,859.15
PRJ006217,A0005749,Technology Refresh Wave,2026-01-29,,Network,Completed,1330.98
PRJ006218,A0020116,Technology Refresh Wave,2027-09-22,,Infrastructure,Proposed,14128.78
PRJ006219,A0023441,Technology Refresh Wave,2026-03-01,,Network,Proposed,570.84
PRJ006220,A0006847,Technology Refresh Wave,2027-01-07,,Security,In Progress,838.39
PRJ006221,A0004732,Technology Refresh Wave,2027-01-16,,Cloud,Completed,1506.68
PRJ006222,A0004914,Technology Refresh Wave,2028-06-15,,Infrastructure,Approved,1326.44
PRJ006223,A0008483,Technology Refresh Wave,2028-11-09,,Cloud,Deferred,1157.27
PRJ006224,A0000051,Technology Refresh Wave,2026-05-20,,End User Computing,Approved,1297.18
PRJ006225,A0023021,Technology Refresh Wave,2027-11-22,,Network,Proposed,17845.73
PRJ006226,A0022248,Technology Refresh Wave,2027-01-03,,Infrastructure,In Progress,4510.42
PRJ006227,A0017324,Technology Refresh Wave,2026-01-10,,Cloud,In Progress,799.09
PRJ006228,A0006165,Technology Refresh Wave,2028-09-10,,End User Computing,Deferred,1471.76
PRJ006229,A0011528,Technology Refresh Wave,2028-09-01,,Security,Approved,806.59
PRJ006230,A0014285,Technology Refresh Wave,2027-06-13,,Cloud,Proposed,958.61
PRJ006231,A0001687,Technology Refresh Wave,2027-08-28,,Network,Approved,1915.24
PRJ006232,A0013582,Technology Refresh Wave,2028-08-01,,Network,Proposed,1217.86
PRJ006233,A0021089,Technology Refresh Wave,2026-02-26,,Infrastructure,Proposed,17604.19
PRJ006234,A0004399,Technology Refresh Wave,2028-09-11,,Cloud,Proposed,1307.39
PRJ006235,A0017736,Technology Refresh Wave,2026-07-06,,End User Computing,Completed,919.13
PRJ006236,A0000725,Technology Refresh Wave,2027-08-26,,Cloud,Completed,1266.97
PRJ006237,A0008507,Technology Refresh Wave,2028-04-15,,Security,Approved,892.49
PRJ006238,A0021016,Technology Refresh Wave,2027-03-07,,Infrastructure,Deferred,13591.79
PRJ006239,A0004933,Technology Refresh Wave,2026-03-12,,End User Computing,Proposed,2011.24
PRJ006240,A0002806,Technology Refresh Wave,2026-11-20,,Cloud,Deferred,1166.46
PRJ006241,A0014082,Technology Refresh Wave,2028-03-19,,Infrastructure,Completed,775.06
PRJ006242,A0022260,Technology Refresh Wave,2027-02-27,,Security,In Progress,5619.14
PRJ006243,A0017850,Technology Refresh Wave,2027-07-06,,End User Computing,Deferred,842.5
PRJ006244,A0009530,Technology Refresh Wave,2028-06-09,,Cloud,Completed,884.5
PRJ006245,A0023110,Technology Refresh Wave,2027-01-05,,End User Computing,In Progress,683.63
PRJ006246,A0018861,Technology Refresh Wave,2026-12-22,,End User Computing,Proposed,504.93
PRJ006247,A0014803,Technology Refresh Wave,2026-11-23,,Network,Approved,1143.46
PRJ006248,A0001027,Technology Refresh Wave,2027-08-30,,Cloud,In Progress,2469.96
PRJ006249,A0019017,Technology Refresh Wave,2028-05-15,,Network,In Progress,426.3
PRJ006250,A0013206,Technology Refresh Wave,2028-02-05,,Security,Proposed,1569.52
PRJ006251,A0016955,Technology Refresh Wave,2027-07-23,,Cloud,Proposed,1170.68
PRJ006252,A0007986,Technology Refresh Wave,2027-04-11,,Network,Completed,997.21
PRJ006253,A0005255,Technology Refresh Wave,2027-11-25,,Network,Completed,1635.97
PRJ006254,A0007678,Technology Refresh Wave,2026-09-12,,Network,Approved,1742.37
PRJ006255,A0012785,Technology Refresh Wave,2026-04-08,,Cloud,Deferred,1233.83
PRJ006256,A0017505,Technology Refresh Wave,2026-12-12,,Infrastructure,In Progress,714.46
PRJ006257,A0018999,Technology Refresh Wave,2028-11-04,,Cloud,Completed,542.38
PRJ006258,A0017212,Technology Refresh Wave,2026-05-31,,End User Computing,Completed,888.34
PRJ006259,A0006068,Technology Refresh Wave,2027-07-04,,End User Computing,Approved,1374.34
PRJ006260,A0000124,Technology Refresh Wave,2028-05-12,,Security,In Progress,1411.85
PRJ006261,A0001248,Technology Refresh Wave,2028-07-06,,Security,In Progress,1379.44
PRJ006262,A0000821,Technology Refresh Wave,2027-12-31,,Cloud,Approved,1005.47
PRJ006263,A0000581,Technology Refresh Wave,2027-10-05,,Cloud,In Progress,1319.86
PRJ006264,A0004829,Technology Refresh Wave,2028-07-16,,Cloud,Proposed,1271.92
PRJ006265,A0021403,Technology Refresh Wave,2027-07-29,,Network,Approved,15400.39
PRJ006266,A0009223,Technology Refresh Wave,2028-05-17,,Network,In Progress,1262.33
PRJ006267,A0005028,Technology Refresh Wave,2027-04-15,,Network,Deferred,977.88
PRJ006268,A0022949,Technology Refresh Wave,2027-04-07,,Cloud,Proposed,39164.06
PRJ006269,A0015220,Technology Refresh Wave,2028-10-05,,Cloud,Completed,896.39
PRJ006270,A0021807,Technology Refresh Wave,2027-09-22,,Network,Approved,5335.86
PRJ006271,A0020746,Technology Refresh Wave,2028-12-07,,End User Computing,Proposed,15374.33
PRJ006272,A0017503,Technology Refresh Wave,2028-06-10,,Security,Proposed,718.61
PRJ006273,A0019379,Technology Refresh Wave,2027-06-19,,Security,Proposed,558.69
PRJ006274,A0022722,Technology Refresh Wave,2027-11-04,,Infrastructure,Proposed,4859.21
PRJ006275,A0021317,Technology Refresh Wave,2027-01-13,,Infrastructure,In Progress,15466.91
PRJ006276,A0002949,Technology Refresh Wave,2028-04-02,,End User Computing,Deferred,1569.53
PRJ006277,A0021886,Technology Refresh Wave,2027-10-30,,Network,Approved,8551.41
PRJ006278,A0017476,Technology Refresh Wave,2027-12-06,,Infrastructure,Completed,589.49
PRJ006279,A0018606,Technology Refresh Wave,2027-09-07,,Security,Deferred,497.96
PRJ006280,A0004449,Technology Refresh Wave,2027-07-16,,End User Computing,Completed,1420.58
PRJ006281,A0008511,Technology Refresh Wave,2027-09-21,,Cloud,Proposed,1707.8
PRJ006282,A0008426,Technology Refresh Wave,2027-04-03,,End User Computing,In Progress,1677.76
PRJ006283,A0011154,Technology Refresh Wave,2026-04-07,,Security,Approved,1018.58
PRJ006284,A0006620,Technology Refresh Wave,2027-06-30,,Network,Deferred,1210.97
PRJ006285,A0015934,Technology Refresh Wave,2026-08-09,,End User Computing,Proposed,820.87
PRJ006286,A0005060,Technology Refresh Wave,2028-07-15,,Network,In Progress,1284.98
PRJ006287,A0012638,Technology Refresh Wave,2028-05-15,,Cloud,Approved,1098.51
PRJ006288,A0001960,Technology Refresh Wave,2028-01-02,,End User Computing,Deferred,1319.11
PRJ006289,A0001224,Technology Refresh Wave,2028-08-17,,Network,Proposed,1194.45
PRJ006290,A0013144,Technology Refresh Wave,2027-03-04,,Cloud,In Progress,953.32
PRJ006291,A0003626,Technology Refresh Wave,2028-12-28,,Cloud,Approved,840.22
PRJ006292,A0013263,Technology Refresh Wave,2028-02-28,,Cloud,Approved,1978.84
PRJ006293,A0022469,Technology Refresh Wave,2028-11-18,,Network,In Progress,14152.57
PRJ006294,A0020750,Technology Refresh Wave,2026-01-31,,Network,Proposed,11567.52
PRJ006295,A0020782,Technology Refresh Wave,2028-09-23,,Cloud,Completed,14444.26
PRJ006296,A0002542,Technology Refresh Wave,2027-08-09,,Infrastructure,Deferred,1175.83
PRJ006297,A0005383,Technology Refresh Wave,2026-01-28,,Cloud,Proposed,1264.2
PRJ006298,A0014329,Technology Refresh Wave,2027-12-31,,End User Computing,In Progress,891.08
PRJ006299,A0015300,Technology Refresh Wave,2028-04-09,,Infrastructure,Approved,945.86
PRJ006300,A0012375,Technology Refresh Wave,2028-01-28,,Network,Deferred,1237.89
PRJ006301,A0020813,Technology Refresh Wave,2028-03-18,,Cloud,Completed,14608.56
PRJ006302,A0000931,Technology Refresh Wave,2026-01-10,,Network,Completed,1100.89
PRJ006303,A0013311,Technology Refresh Wave,2026-11-18,,Security,Completed,1171.89
PRJ006304,A0018564,Technology Refresh Wave,2026-08-03,,Cloud,Proposed,447.19
PRJ006305,A0006003,Technology Refresh Wave,2028-01-23,,Security,Approved,1140.41
PRJ006306,A0017199,Technology Refresh Wave,2026-06-03,,Network,Completed,1345.61
PRJ006307,A0006317,Technology Refresh Wave,2026-06-15,,Infrastructure,In Progress,1463.43
PRJ006308,A0006249,Technology Refresh Wave,2026-08-15,,Security,Deferred,1437.59
PRJ006309,A0018573,Technology Refresh Wave,2028-09-26,,Network,Proposed,424.22
PRJ006310,A0008110,Technology Refresh Wave,2026-06-10,,Infrastructure,Approved,1244.31
PRJ006311,A0005024,Technology Refresh Wave,2028-08-19,,Cloud,Proposed,1037.31
PRJ006312,A0013471,Technology Refresh Wave,2027-06-24,,Infrastructure,Completed,1161.14
PRJ006313,A0016761,Technology Refresh Wave,2026-06-13,,Cloud,Proposed,1028.14
PRJ006314,A0007797,Technology Refresh Wave,2028-09-11,,Security,Completed,1273.77
PRJ006315,A0018151,Technology Refresh Wave,2026-09-24,,Cloud,Approved,691.59
PRJ006316,A0022879,Technology Refresh Wave,2027-07-04,,Security,Proposed,24287.05
PRJ006317,A0016144,Technology Refresh Wave,2026-10-04,,Infrastructure,Deferred,1139.22
PRJ006318,A0023284,Technology Refresh Wave,2027-02-17,,Cloud,In Progress,920.62
PRJ006319,A0018850,Technology Refresh Wave,2026-04-12,,Security,Completed,423.61
PRJ006320,A0020629,Technology Refresh Wave,2026-10-31,,Cloud,Deferred,12255.5
PRJ006321,A0017228,Technology Refresh Wave,2028-11-13,,Cloud,Completed,1056.48
PRJ006322,A0011754,Technology Refresh Wave,2028-07-11,,Infrastructure,Deferred,2280.3
PRJ006323,A0014280,Technology Refresh Wave,2028-09-01,,Infrastructure,Approved,901.83
PRJ006324,A0019909,Technology Refresh Wave,2028-07-01,,End User Computing,Proposed,404.65
PRJ006325,A0001465,Technology Refresh Wave,2027-02-14,,Infrastructure,Proposed,2145.84
PRJ006326,A0022534,Technology Refresh Wave,2027-09-16,,End User Computing,Proposed,10947.39
PRJ006327,A0013527,Technology Refresh Wave,2027-10-26,,Network,Deferred,2792.07
PRJ006328,A0014751,Technology Refresh Wave,2027-04-22,,End User Computing,Completed,1115.28
PRJ006329,A0012137,Technology Refresh Wave,2028-10-26,,Security,Approved,1448.96
PRJ006330,A0020278,Technology Refresh Wave,2027-09-14,,Cloud,Approved,16735.68
PRJ006331,A0019368,Technology Refresh Wave,2028-06-29,,Security,Deferred,485.17
PRJ006332,A0009854,Technology Refresh Wave,2027-10-07,,Infrastructure,Deferred,1377.34
PRJ006333,A0014048,Technology Refresh Wave,2027-07-10,,Cloud,Completed,834.12
PRJ006334,A0014402,Technology Refresh Wave,2026-04-13,,End User Computing,Proposed,1206.73
PRJ006335,A0011450,Technology Refresh Wave,2026-07-23,,Cloud,Deferred,1514.22
PRJ006336,A0022233,Technology Refresh Wave,2028-03-19,,End User Computing,Proposed,4942.25
PRJ006337,A0020624,Technology Refresh Wave,2028-02-19,,End User Computing,Deferred,16688.11
PRJ006338,A0012567,Technology Refresh Wave,2027-07-13,,Infrastructure,Approved,1052.9
PRJ006339,A0012084,Technology Refresh Wave,2026-05-05,,Cloud,Proposed,1269.77
PRJ006340,A0023252,Technology Refresh Wave,2026-06-24,,Security,Proposed,736.77
PRJ006341,A0012441,Technology Refresh Wave,2028-06-05,,Cloud,Deferred,1062.2
PRJ006342,A0021315,Technology Refresh Wave,2026-10-25,,Network,Completed,12379.6
PRJ006343,A0021071,Technology Refresh Wave,2027-04-21,,Security,Approved,8481.85
PRJ006344,A0022256,Technology Refresh Wave,2028-04-25,,Infrastructure,Approved,6521.09
PRJ006345,A0004672,Technology Refresh Wave,2026-06-26,,Network,In Progress,1950.02
PRJ006346,A0001838,Technology Refresh Wave,2027-02-01,,End User Computing,Approved,1205.35
PRJ006347,A0018830,Technology Refresh Wave,2027-07-22,,Cloud,Completed,292.24
PRJ006348,A0002779,Technology Refresh Wave,2028-06-09,,Infrastructure,In Progress,1400.63
PRJ006349,A0010523,Technology Refresh Wave,2027-09-09,,Network,Proposed,2000.22
PRJ006350,A0021931,Technology Refresh Wave,2028-01-31,,Cloud,Approved,3981.1
PRJ006351,A0000050,Technology Refresh Wave,2026-03-06,,Cloud,Proposed,894.2
PRJ006352,A0011475,Technology Refresh Wave,2027-09-16,,End User Computing,In Progress,1216.36
PRJ006353,A0017506,Technology Refresh Wave,2027-02-02,,Cloud,Approved,654.05
PRJ006354,A0013469,Technology Refresh Wave,2027-01-26,,End User Computing,Deferred,1087.47
PRJ006355,A0008822,Technology Refresh Wave,2026-09-09,,End User Computing,Proposed,1556.74
PRJ006356,A0021049,Technology Refresh Wave,2026-11-15,,End User Computing,Deferred,17137.14
PRJ006357,A0009923,Technology Refresh Wave,2028-09-05,,Infrastructure,Proposed,2148.45
PRJ006358,A0018760,Technology Refresh Wave,2027-10-04,,Cloud,Deferred,480.01
PRJ006359,A0010135,Technology Refresh Wave,2026-03-29,,Cloud,Proposed,2555.71
PRJ006360,A0011226,Technology Refresh Wave,2026-05-02,,End User Computing,Proposed,1023.57
PRJ006361,A0020538,Technology Refresh Wave,2028-02-20,,Cloud,In Progress,16957.94
PRJ006362,A0009743,Technology Refresh Wave,2026-05-23,,Cloud,Proposed,1120.29
PRJ006363,A0018988,Technology Refresh Wave,2027-03-16,,Cloud,Deferred,352.4
PRJ006364,A0016950,Technology Refresh Wave,2026-11-16,,Security,Proposed,1084.65
PRJ006365,A0016314,Technology Refresh Wave,2028-02-09,,Security,Deferred,762.94
PRJ006366,A0004681,Technology Refresh Wave,2027-01-11,,Network,Proposed,1154.18
PRJ006367,A0014776,Technology Refresh Wave,2026-01-29,,Network,Deferred,927.49
PRJ006368,A0011389,Technology Refresh Wave,2027-07-09,,Network,Proposed,1270.37
PRJ006369,A0013541,Technology Refresh Wave,2027-09-08,,End User Computing,In Progress,1903.21
PRJ006370,A0010712,Technology Refresh Wave,2027-10-08,,Security,Deferred,1082.92
PRJ006371,A0019084,Technology Refresh Wave,2026-04-25,,Infrastructure,Deferred,516.11
PRJ006372,A0020105,Technology Refresh Wave,2026-08-05,,End User Computing,In Progress,17192.0
PRJ006373,A0015703,Technology Refresh Wave,2028-09-25,,End User Computing,In Progress,776.14
PRJ006374,A0003699,Technology Refresh Wave,2026-06-08,,Security,In Progress,963.09
PRJ006375,A0018394,Technology Refresh Wave,2028-06-14,,Network,Proposed,951.07
PRJ006376,A0003452,Technology Refresh Wave,2027-06-06,,End User Computing,Deferred,1088.76
PRJ006377,A0014661,Technology Refresh Wave,2026-10-01,,End User Computing,Approved,899.62
PRJ006378,A0015958,Technology Refresh Wave,2028-05-29,,Security,Completed,799.58
PRJ006379,A0022146,Technology Refresh Wave,2027-07-30,,Infrastructure,Proposed,5008.9
PRJ006380,A0001558,Technology Refresh Wave,2028-03-19,,Cloud,Deferred,938.74
PRJ006381,A0013593,Technology Refresh Wave,2027-05-15,,Cloud,Deferred,2422.82
PRJ006382,A0019144,Technology Refresh Wave,2028-06-07,,Cloud,In Progress,463.05
PRJ006383,A0009415,Technology Refresh Wave,2028-10-31,,Infrastructure,Proposed,1072.14
PRJ006384,A0021570,Technology Refresh Wave,2027-10-06,,Security,In Progress,4984.18
PRJ006385,A0013293,Technology Refresh Wave,2026-08-22,,Network,Approved,1206.51
PRJ006386,A0015095,Technology Refresh Wave,2026-01-23,,Security,Approved,689.02
PRJ006387,A0014021,Technology Refresh Wave,2028-12-01,,Security,Approved,846.83
PRJ006388,A0023380,Technology Refresh Wave,2028-01-03,,Network,Proposed,830.27
PRJ006389,A0012699,Technology Refresh Wave,2027-11-07,,Cloud,Proposed,1029.5
PRJ006390,A0007758,Technology Refresh Wave,2026-01-08,,End User Computing,Deferred,1432.5
PRJ006391,A0018410,Technology Refresh Wave,2028-05-02,,Cloud,Deferred,1039.97
PRJ006392,A0006307,Technology Refresh Wave,2026-05-04,,Cloud,Proposed,1353.67
PRJ006393,A0005949,Technology Refresh Wave,2027-03-09,,End User Computing,Deferred,1007.07
PRJ006394,A0016277,Technology Refresh Wave,2028-02-22,,Security,In Progress,1150.5
PRJ006395,A0014241,Technology Refresh Wave,2028-12-06,,Infrastructure,In Progress,878.61
PRJ006396,A0018476,Technology Refresh Wave,2028-01-30,,End User Computing,Completed,1160.69
PRJ006397,A0017254,Technology Refresh Wave,2026-07-19,,Security,Approved,1005.17
PRJ006398,A0020575,Technology Refresh Wave,2026-08-23,,Security,Completed,13923.85
PRJ006399,A0002158,Technology Refresh Wave,2026-07-22,,Cloud,Completed,1945.54
PRJ006400,A0011277,Technology Refresh Wave,2028-05-10,,Infrastructure,Proposed,1922.23
PRJ006401,A0022598,Technology Refresh Wave,2028-09-19,,Security,In Progress,16627.51
PRJ006402,A0022002,Technology Refresh Wave,2027-09-29,,Infrastructure,Proposed,4513.71
PRJ006403,A0019921,Technology Refresh Wave,2028-07-31,,Network,Approved,578.9
PRJ006404,A0020037,Technology Refresh Wave,2027-09-22,,Network,Approved,17291.93
PRJ006405,A0022355,Technology Refresh Wave,2028-02-25,,Infrastructure,Approved,23065.65
PRJ006406,A0005508,Technology Refresh Wave,2027-11-16,,Security,Approved,1290.97
PRJ006407,A0017931,Technology Refresh Wave,2026-05-25,,Infrastructure,Proposed,867.01
PRJ006408,A0018215,Technology Refresh Wave,2027-02-22,,Infrastructure,Completed,732.57
PRJ006409,A0002815,Technology Refresh Wave,2027-11-01,,End User Computing,In Progress,1215.38
PRJ006410,A0006272,Technology Refresh Wave,2026-08-19,,Infrastructure,Approved,1459.39
PRJ006411,A0001698,Technology Refresh Wave,2026-10-19,,Infrastructure,Deferred,1404.59
PRJ006412,A0010244,Technology Refresh Wave,2028-05-16,,Network,Completed,1506.62
PRJ006413,A0013923,Technology Refresh Wave,2028-08-30,,Network,Deferred,1880.23
PRJ006414,A0005752,Technology Refresh Wave,2027-06-30,,Security,In Progress,2175.18
PRJ006415,A0011454,Technology Refresh Wave,2026-02-26,,Infrastructure,Proposed,1061.71
PRJ006416,A0015483,Technology Refresh Wave,2028-07-22,,Infrastructure,Completed,829.17
PRJ006417,A0009255,Technology Refresh Wave,2028-09-10,,Infrastructure,Proposed,1878.37
PRJ006418,A0001067,Technology Refresh Wave,2028-08-27,,Infrastructure,Proposed,968.72
PRJ006419,A0019572,Technology Refresh Wave,2026-11-09,,Network,Proposed,419.44
PRJ006420,A0010674,Technology Refresh Wave,2028-01-27,,Cloud,Proposed,1007.02
PRJ006421,A0017694,Technology Refresh Wave,2027-01-26,,Security,Approved,854.2
PRJ006422,A0008333,Technology Refresh Wave,2026-08-16,,Infrastructure,In Progress,1893.44
PRJ006423,A0022447,Technology Refresh Wave,2028-11-30,,Infrastructure,Completed,17315.7
PRJ006424,A0002440,Technology Refresh Wave,2026-11-14,,End User Computing,Deferred,1380.04
PRJ006425,A0012741,Technology Refresh Wave,2028-06-28,,Infrastructure,Proposed,1885.65
PRJ006426,A0014315,Technology Refresh Wave,2028-08-07,,End User Computing,Completed,971.28
PRJ006427,A0018777,Technology Refresh Wave,2026-11-26,,Network,In Progress,406.18
PRJ006428,A0007704,Technology Refresh Wave,2027-05-14,,End User Computing,Completed,2693.66
PRJ006429,A0013882,Technology Refresh Wave,2027-04-26,,Security,In Progress,1046.48
PRJ006430,A0002783,Technology Refresh Wave,2027-03-09,,Cloud,Deferred,1225.52
PRJ006431,A0006233,Technology Refresh Wave,2028-12-12,,End User Computing,Proposed,1360.7
PRJ006432,A0010611,Technology Refresh Wave,2027-09-27,,Security,Proposed,779.98
PRJ006433,A0015756,Technology Refresh Wave,2027-08-22,,Security,Completed,972.52
PRJ006434,A0003935,Technology Refresh Wave,2028-04-20,,Network,Completed,1605.42
PRJ006435,A0007782,Technology Refresh Wave,2028-07-16,,End User Computing,In Progress,1008.05
PRJ006436,A0002040,Technology Refresh Wave,2027-03-30,,Network,Deferred,933.5
PRJ006437,A0022751,Technology Refresh Wave,2027-06-13,,End User Computing,Proposed,11953.14
PRJ006438,A0002361,Technology Refresh Wave,2026-03-19,,Security,Deferred,1476.8
PRJ006439,A0021038,Technology Refresh Wave,2028-08-31,,End User Computing,Completed,17057.08
PRJ006440,A0020373,Technology Refresh Wave,2026-04-22,,Security,Deferred,18595.38
PRJ006441,A0011077,Technology Refresh Wave,2028-03-03,,Network,Deferred,2082.37
PRJ006442,A0005568,Technology Refresh Wave,2027-10-05,,Cloud,Deferred,1759.2
PRJ006443,A0001965,Technology Refresh Wave,2028-03-01,,End User Computing,In Progress,2485.06
PRJ006444,A0011049,Technology Refresh Wave,2028-03-12,,End User Computing,Proposed,1371.74
PRJ006445,A0005016,Technology Refresh Wave,2028-12-19,,Network,Approved,1970.24
PRJ006446,A0019991,Technology Refresh Wave,2026-08-22,,Security,Completed,297.86
PRJ006447,A0013562,Technology Refresh Wave,2028-02-16,,Security,Approved,2251.67
PRJ006448,A0010224,Technology Refresh Wave,2028-01-21,,Security,Deferred,822.14
PRJ006449,A0010399,Technology Refresh Wave,2026-03-24,,End User Computing,Proposed,1365.86
PRJ006450,A0016619,Technology Refresh Wave,2026-10-24,,Network,Proposed,1055.4
PRJ006451,A0017611,Technology Refresh Wave,2026-09-28,,Network,In Progress,1102.44
PRJ006452,A0010962,Technology Refresh Wave,2027-07-14,,Cloud,Approved,1444.27
PRJ006453,A0008300,Technology Refresh Wave,2028-07-01,,Network,Proposed,1225.13
PRJ006454,A0007909,Technology Refresh Wave,2028-11-29,,Infrastructure,In Progress,1039.19
PRJ006455,A0005674,Technology Refresh Wave,2027-11-17,,Cloud,Proposed,1692.67
PRJ006456,A0008240,Technology Refresh Wave,2027-11-23,,Infrastructure,Approved,893.56
PRJ006457,A0010713,Technology Refresh Wave,2026-06-26,,Security,Proposed,1068.04
PRJ006458,A0005289,Technology Refresh Wave,2027-07-20,,End User Computing,Proposed,1144.36
PRJ006459,A0007440,Technology Refresh Wave,2028-07-12,,Network,Approved,1471.02
PRJ006460,A0003288,Technology Refresh Wave,2026-05-23,,Security,Approved,2156.09
PRJ006461,A0021563,Technology Refresh Wave,2027-04-21,,Cloud,Approved,8107.8
PRJ006462,A0022291,Technology Refresh Wave,2028-11-13,,Infrastructure,Deferred,4367.17
PRJ006463,A0010317,Technology Refresh Wave,2028-08-20,,End User Computing,Proposed,1598.04
PRJ006464,A0012283,Technology Refresh Wave,2027-09-05,,Network,Approved,1426.59
PRJ006465,A0011027,Technology Refresh Wave,2027-03-21,,Security,Completed,2098.59
PRJ006466,A0011867,Technology Refresh Wave,2028-11-06,,Cloud,Proposed,1441.11
PRJ006467,A0020552,Technology Refresh Wave,2027-06-22,,Security,Completed,24470.25
PRJ006468,A0013730,Technology Refresh Wave,2028-01-24,,Security,Deferred,1833.37
PRJ006469,A0000084,Technology Refresh Wave,2026-03-13,,Security,Proposed,1531.86
PRJ006470,A0012706,Technology Refresh Wave,2027-09-07,,Infrastructure,Proposed,1075.43
PRJ006471,A0005192,Technology Refresh Wave,2027-04-13,,Network,Approved,1017.54
PRJ006472,A0019713,Technology Refresh Wave,2027-07-04,,Security,In Progress,408.06
PRJ006473,A0001254,Technology Refresh Wave,2027-01-14,,Cloud,Deferred,1432.07
PRJ006474,A0004901,Technology Refresh Wave,2026-04-04,,Network,Proposed,1400.23
PRJ006475,A0012775,Technology Refresh Wave,2027-01-01,,Network,Proposed,1276.84
PRJ006476,A0017673,Technology Refresh Wave,2026-12-14,,End User Computing,Deferred,810.16
PRJ006477,A0009503,Technology Refresh Wave,2027-11-14,,Network,In Progress,1294.94
PRJ006478,A0014741,Technology Refresh Wave,2026-04-13,,Infrastructure,Approved,921.78
PRJ006479,A0002047,Technology Refresh Wave,2026-05-21,,Infrastructure,Proposed,811.42
PRJ006480,A0006495,Technology Refresh Wave,2028-02-19,,Cloud,Approved,2756.09
PRJ006481,A0017165,Technology Refresh Wave,2026-08-06,,Cloud,Proposed,1259.44
PRJ006482,A0012345,Technology Refresh Wave,2026-06-04,,Cloud,Proposed,1201.43
PRJ006483,A0019095,Technology Refresh Wave,2028-11-15,,Infrastructure,In Progress,576.61
PRJ006484,A0019823,Technology Refresh Wave,2026-11-03,,Infrastructure,Deferred,513.61
PRJ006485,A0012711,Technology Refresh Wave,2027-10-06,,End User Computing,In Progress,835.09
PRJ006486,A0007901,Technology Refresh Wave,2026-12-17,,Security,In Progress,1261.89
PRJ006487,A0016184,Technology Refresh Wave,2026-07-03,,Infrastructure,Proposed,1254.6
PRJ006488,A0014298,Technology Refresh Wave,2027-05-18,,Infrastructure,Completed,971.49
PRJ006489,A0022662,Technology Refresh Wave,2027-09-01,,End User Computing,Approved,55053.12
PRJ006490,A0021076,Technology Refresh Wave,2027-08-24,,Cloud,Approved,18604.35
PRJ006491,A0011097,Technology Refresh Wave,2027-03-14,,Infrastructure,Completed,1397.81
PRJ006492,A0008031,Technology Refresh Wave,2026-01-12,,Infrastructure,In Progress,1599.74
PRJ006493,A0003060,Technology Refresh Wave,2027-06-13,,Security,Completed,1522.75
PRJ006494,A0013876,Technology Refresh Wave,2026-04-29,,Security,Approved,1234.58
PRJ006495,A0020371,Technology Refresh Wave,2027-10-06,,End User Computing,In Progress,15520.15
PRJ006496,A0005032,Technology Refresh Wave,2028-09-06,,Security,Proposed,1036.65
PRJ006497,A0012586,Technology Refresh Wave,2026-05-10,,Cloud,Proposed,1073.44
PRJ006498,A0009518,Technology Refresh Wave,2028-04-08,,Network,In Progress,1282.79
PRJ006499,A0023261,Technology Refresh Wave,2027-06-08,,End User Computing,Approved,638.13
PRJ006500,A0003580,Technology Refresh Wave,2028-05-04,,Security,Deferred,1022.28
PRJ006501,A0019876,Technology Refresh Wave,2028-07-13,,Security,In Progress,418.6
PRJ006502,A0017928,Technology Refresh Wave,2027-01-28,,Cloud,Proposed,893.31
PRJ006503,A0012826,Technology Refresh Wave,2027-08-28,,Network,Proposed,1596.93
PRJ006504,A0017655,Technology Refresh Wave,2027-10-05,,Network,Proposed,730.06
PRJ006505,A0017536,Technology Refresh Wave,2026-03-10,,Security,Approved,1022.85
PRJ006506,A0008484,Technology Refresh Wave,2028-01-17,,Network,Approved,1199.24
PRJ006507,A0017744,Technology Refresh Wave,2026-08-19,,Cloud,Approved,621.58
PRJ006508,A0012229,Technology Refresh Wave,2028-01-24,,Infrastructure,Deferred,1003.85
PRJ006509,A0003985,Technology Refresh Wave,2027-06-07,,Security,Proposed,2878.91
PRJ006510,A0004753,Technology Refresh Wave,2028-08-03,,End User Computing,Approved,1207.38
PRJ006511,A0023076,Technology Refresh Wave,2028-06-26,,Security,Proposed,559.49
PRJ006512,A0018224,Technology Refresh Wave,2027-03-01,,Infrastructure,Approved,692.32
PRJ006513,A0002090,Technology Refresh Wave,2027-03-29,,Infrastructure,Deferred,1755.4
PRJ006514,A0014536,Technology Refresh Wave,2026-02-05,,Infrastructure,Approved,968.64
PRJ006515,A0010521,Technology Refresh Wave,2028-09-09,,Security,Proposed,1962.87
PRJ006516,A0006016,Technology Refresh Wave,2026-10-09,,Network,Proposed,1215.47
PRJ006517,A0021866,Technology Refresh Wave,2026-06-05,,Cloud,In Progress,4484.97
PRJ006518,A0009723,Technology Refresh Wave,2027-05-27,,Infrastructure,Approved,2602.36
PRJ006519,A0011914,Technology Refresh Wave,2026-05-13,,End User Computing,Deferred,850.79
PRJ006520,A0004472,Technology Refresh Wave,2027-11-02,,Network,Deferred,1520.21
PRJ006521,A0019785,Technology Refresh Wave,2028-06-15,,Network,Deferred,482.38
PRJ006522,A0018652,Technology Refresh Wave,2026-06-14,,Infrastructure,Proposed,447.35
PRJ006523,A0018856,Technology Refresh Wave,2028-10-24,,Cloud,In Progress,361.55
PRJ006524,A0004070,Technology Refresh Wave,2028-02-05,,Network,Proposed,1579.86
PRJ006525,A0016680,Technology Refresh Wave,2027-12-18,,Network,In Progress,1175.16
PRJ006526,A0018339,Technology Refresh Wave,2027-08-18,,End User Computing,In Progress,630.79
PRJ006527,A0006921,Technology Refresh Wave,2026-04-27,,Cloud,Deferred,1289.71
PRJ006528,A0021611,Technology Refresh Wave,2027-11-02,,Security,In Progress,4162.14
PRJ006529,A0021281,Technology Refresh Wave,2028-12-17,,Security,Proposed,11690.08
PRJ006530,A0016901,Technology Refresh Wave,2026-08-02,,Security,Approved,765.12
PRJ006531,A0013019,Technology Refresh Wave,2027-11-11,,Network,Completed,1820.35
PRJ006532,A0003581,Technology Refresh Wave,2026-05-12,,Cloud,Deferred,1072.35
PRJ006533,A0007485,Technology Refresh Wave,2027-02-25,,Security,In Progress,1891.33
PRJ006534,A0012403,Technology Refresh Wave,2027-01-04,,Network,Proposed,1203.8
PRJ006535,A0014662,Technology Refresh Wave,2028-08-17,,Cloud,Completed,1054.27
PRJ006536,A0017115,Technology Refresh Wave,2028-06-07,,Cloud,Approved,1237.09
PRJ006537,A0019535,Technology Refresh Wave,2026-01-31,,Security,Deferred,403.83
PRJ006538,A0001195,Technology Refresh Wave,2026-11-27,,Network,Approved,1404.18
PRJ006539,A0008850,Technology Refresh Wave,2026-04-13,,Security,Deferred,1745.81
PRJ006540,A0013698,Technology Refresh Wave,2026-01-19,,Cloud,Approved,1196.57
PRJ006541,A0022793,Technology Refresh Wave,2026-06-16,,Cloud,Approved,30580.14
PRJ006542,A0012634,Technology Refresh Wave,2026-10-12,,End User Computing,In Progress,999.78
PRJ006543,A0012087,Technology Refresh Wave,2028-08-21,,Cloud,Proposed,1341.91
PRJ006544,A0003976,Technology Refresh Wave,2027-07-02,,Cloud,Proposed,1575.42
PRJ006545,A0000197,Technology Refresh Wave,2028-07-07,,Security,Proposed,1393.98
PRJ006546,A0001120,Technology Refresh Wave,2028-06-14,,Network,Proposed,1037.27
PRJ006547,A0012444,Technology Refresh Wave,2027-03-02,,Network,Proposed,1164.07
PRJ006548,A0008816,Technology Refresh Wave,2028-09-05,,Infrastructure,In Progress,1441.37
PRJ006549,A0011542,Technology Refresh Wave,2028-07-03,,Infrastructure,Completed,958.09
PRJ006550,A0021522,Technology Refresh Wave,2028-03-15,,End User Computing,Approved,7083.8
PRJ006551,A0014362,Technology Refresh Wave,2026-08-05,,Cloud,Approved,939.38
PRJ006552,A0010748,Technology Refresh Wave,2027-10-22,,Cloud,In Progress,1333.02
PRJ006553,A0006281,Technology Refresh Wave,2028-03-08,,Infrastructure,Completed,1991.81
PRJ006554,A0006791,Technology Refresh Wave,2026-09-20,,Security,Proposed,1748.09
PRJ006555,A0020524,Technology Refresh Wave,2027-03-10,,End User Computing,Completed,8988.42
PRJ006556,A0010778,Technology Refresh Wave,2027-01-11,,Security,Proposed,1865.29
PRJ006557,A0001589,Technology Refresh Wave,2026-01-27,,Network,Deferred,1283.19
PRJ006558,A0011228,Technology Refresh Wave,2027-05-15,,Cloud,Completed,1368.87
PRJ006559,A0006935,Technology Refresh Wave,2026-02-11,,Cloud,In Progress,1353.06
PRJ006560,A0014614,Technology Refresh Wave,2028-07-14,,Cloud,Completed,1126.61
PRJ006561,A0001805,Technology Refresh Wave,2027-07-08,,End User Computing,In Progress,1493.84
PRJ006562,A0012508,Technology Refresh Wave,2028-11-06,,End User Computing,Deferred,2743.69
PRJ006563,A0023349,Technology Refresh Wave,2028-08-19,,Security,In Progress,971.43
PRJ006564,A0016438,Technology Refresh Wave,2028-12-25,,Infrastructure,Proposed,1011.59
PRJ006565,A0008181,Technology Refresh Wave,2027-05-08,,Network,Approved,1325.07
PRJ006566,A0015257,Technology Refresh Wave,2028-02-02,,End User Computing,Proposed,1314.93
PRJ006567,A0008475,Technology Refresh Wave,2028-03-12,,End User Computing,Completed,1207.77
PRJ006568,A0003656,Technology Refresh Wave,2026-06-15,,Network,Approved,971.23
PRJ006569,A0009865,Technology Refresh Wave,2028-11-18,,Security,In Progress,1042.48
PRJ006570,A0001777,Technology Refresh Wave,2026-12-01,,Security,In Progress,1608.85
PRJ006571,A0018388,Technology Refresh Wave,2027-10-28,,Infrastructure,Deferred,789.74
PRJ006572,A0022942,Technology Refresh Wave,2027-09-25,,Infrastructure,Proposed,16480.49
PRJ006573,A0019107,Technology Refresh Wave,2027-12-28,,Cloud,Proposed,375.13
PRJ006574,A0004465,Technology Refresh Wave,2028-01-22,,Security,Deferred,820.56
PRJ006575,A0009810,Technology Refresh Wave,2026-06-05,,Infrastructure,Deferred,1011.25
PRJ006576,A0010203,Technology Refresh Wave,2028-03-04,,Network,Proposed,1166.83
PRJ006577,A0000286,Technology Refresh Wave,2028-07-07,,Cloud,Proposed,1347.39
PRJ006578,A0006683,Technology Refresh Wave,2027-06-12,,Network,Proposed,1184.25
PRJ006579,A0010139,Technology Refresh Wave,2028-04-14,,End User Computing,Completed,1742.15
PRJ006580,A0023701,Technology Refresh Wave,2026-08-05,,Cloud,Proposed,72243.73
PRJ006581,A0013292,Technology Refresh Wave,2028-01-23,,Cloud,Approved,1594.81
PRJ006582,A0006231,Technology Refresh Wave,2026-12-23,,Infrastructure,In Progress,1011.85
PRJ006583,A0018947,Technology Refresh Wave,2028-05-11,,Network,In Progress,531.38
PRJ006584,A0000550,Technology Refresh Wave,2028-03-07,,Security,Deferred,1604.47
PRJ006585,A0023425,Technology Refresh Wave,2027-01-28,,Security,Approved,885.23
PRJ006586,A0012640,Technology Refresh Wave,2026-09-05,,End User Computing,Completed,1395.04
PRJ006587,A0002910,Technology Refresh Wave,2026-05-13,,Network,In Progress,936.98
PRJ006588,A0010343,Technology Refresh Wave,2026-05-01,,Security,Approved,1171.44
PRJ006589,A0020972,Technology Refresh Wave,2026-09-13,,End User Computing,Completed,13409.35
PRJ006590,A0022479,Technology Refresh Wave,2027-02-08,,Infrastructure,Completed,18376.39
PRJ006591,A0003049,Technology Refresh Wave,2026-03-30,,Security,Proposed,1998.07
PRJ006592,A0018802,Technology Refresh Wave,2026-04-10,,Cloud,Proposed,449.61
PRJ006593,A0007579,Technology Refresh Wave,2027-08-14,,End User Computing,Approved,1449.48
PRJ006594,A0003754,Technology Refresh Wave,2026-10-23,,Security,Approved,1177.06
PRJ006595,A0015608,Technology Refresh Wave,2027-07-29,,Cloud,Proposed,1015.67
PRJ006596,A0016602,Technology Refresh Wave,2028-12-11,,Security,Approved,1152.15
PRJ006597,A0004047,Technology Refresh Wave,2028-07-09,,Cloud,Proposed,1363.24
PRJ006598,A0006813,Technology Refresh Wave,2026-11-01,,Infrastructure,Deferred,1201.96
PRJ006599,A0015891,Technology Refresh Wave,2026-11-10,,Security,Completed,1263.13
PRJ006600,A0015842,Technology Refresh Wave,2027-04-05,,Network,In Progress,936.93
PRJ006601,A0002453,Technology Refresh Wave,2028-05-12,,End User Computing,Deferred,1462.97
PRJ006602,A0015770,Technology Refresh Wave,2028-10-22,,End User Computing,Deferred,764.77
PRJ006603,A0001980,Technology Refresh Wave,2026-05-26,,End User Computing,Proposed,2361.57
PRJ006604,A0020416,Technology Refresh Wave,2028-01-06,,Infrastructure,Approved,13843.69
PRJ006605,A0002068,Technology Refresh Wave,2028-06-08,,End User Computing,Approved,1353.45
PRJ006606,A0021424,Technology Refresh Wave,2027-09-13,,Network,In Progress,17980.02
PRJ006607,A0016661,Technology Refresh Wave,2028-05-18,,End User Computing,Deferred,805.24
PRJ006608,A0015108,Technology Refresh Wave,2028-10-25,,Security,Completed,1140.58
PRJ006609,A0013308,Technology Refresh Wave,2026-10-03,,End User Computing,Proposed,1250.44
PRJ006610,A0012061,Technology Refresh Wave,2027-02-23,,Cloud,Approved,1207.1
PRJ006611,A0012587,Technology Refresh Wave,2026-06-07,,Cloud,Approved,2584.31
PRJ006612,A0004446,Technology Refresh Wave,2026-07-03,,Security,Approved,1951.81
PRJ006613,A0005894,Technology Refresh Wave,2026-01-17,,Cloud,In Progress,1597.6
PRJ006614,A0018985,Technology Refresh Wave,2026-06-21,,Network,Proposed,408.07
PRJ006615,A0015613,Technology Refresh Wave,2027-07-21,,Cloud,Proposed,792.95
PRJ006616,A0015932,Technology Refresh Wave,2026-09-03,,Infrastructure,In Progress,822.76
PRJ006617,A0004027,Technology Refresh Wave,2027-10-14,,End User Computing,Deferred,1358.18
PRJ006618,A0004692,Technology Refresh Wave,2026-08-03,,Network,Proposed,1090.7
PRJ006619,A0016129,Technology Refresh Wave,2026-08-12,,Cloud,Approved,870.9
PRJ006620,A0017872,Technology Refresh Wave,2028-10-26,,Network,Approved,1094.09
PRJ006621,A0019737,Technology Refresh Wave,2027-09-28,,Cloud,In Progress,533.67
PRJ006622,A0002920,Technology Refresh Wave,2027-04-23,,Security,Approved,2105.77
PRJ006623,A0008619,Technology Refresh Wave,2026-07-15,,Infrastructure,Approved,1003.4
PRJ006624,A0021306,Technology Refresh Wave,2026-10-03,,Infrastructure,Approved,10636.69
PRJ006625,A0013685,Technology Refresh Wave,2026-03-20,,End User Computing,Proposed,970.99
PRJ006626,A0022923,Technology Refresh Wave,2026-06-11,,Cloud,Deferred,20038.91
PRJ006627,A0014736,Technology Refresh Wave,2027-12-04,,Security,Completed,875.32
PRJ006628,A0001694,Technology Refresh Wave,2027-08-06,,Security,Proposed,2206.01
PRJ006629,A0012269,Technology Refresh Wave,2028-08-10,,Network,In Progress,908.97
PRJ006630,A0018086,Technology Refresh Wave,2028-10-10,,Cloud,Deferred,1002.45
PRJ006631,A0008198,Technology Refresh Wave,2028-08-14,,Security,Deferred,1743.97
PRJ006632,A0013992,Technology Refresh Wave,2026-10-24,,Network,In Progress,1247.23
PRJ006633,A0003625,Technology Refresh Wave,2027-06-28,,End User Computing,Proposed,1130.01
PRJ006634,A0017671,Technology Refresh Wave,2026-08-13,,Network,Proposed,1162.96
PRJ006635,A0018484,Technology Refresh Wave,2028-05-07,,End User Computing,In Progress,893.43
PRJ006636,A0004457,Technology Refresh Wave,2028-05-19,,Cloud,Completed,1392.88
PRJ006637,A0010664,Technology Refresh Wave,2028-02-28,,Infrastructure,Proposed,1166.41
PRJ006638,A0013467,Technology Refresh Wave,2026-03-18,,Security,Proposed,1679.35
PRJ006639,A0015573,Technology Refresh Wave,2028-03-28,,Security,In Progress,586.87
PRJ006640,A0014252,Technology Refresh Wave,2028-07-28,,End User Computing,Completed,733.61
PRJ006641,A0014922,Technology Refresh Wave,2028-03-30,,End User Computing,Proposed,772.52
PRJ006642,A0021794,Technology Refresh Wave,2026-03-18,,End User Computing,Approved,4429.85
PRJ006643,A0021691,Technology Refresh Wave,2027-01-07,,Infrastructure,Proposed,7000.09
PRJ006644,A0003756,Technology Refresh Wave,2028-03-23,,Network,Proposed,1473.16
PRJ006645,A0013455,Technology Refresh Wave,2026-12-18,,Security,In Progress,1768.03
PRJ006646,A0017843,Technology Refresh Wave,2028-11-29,,Network,Completed,980.19
PRJ006647,A0011645,Technology Refresh Wave,2028-02-08,,Network,In Progress,1095.17
PRJ006648,A0005971,Technology Refresh Wave,2026-06-14,,Infrastructure,Approved,1631.72
PRJ006649,A0005454,Technology Refresh Wave,2028-09-04,,End User Computing,Proposed,1336.08
PRJ006650,A0005231,Technology Refresh Wave,2027-01-29,,Security,Completed,1251.71
PRJ006651,A0006845,Technology Refresh Wave,2028-10-31,,Infrastructure,Deferred,1181.94
PRJ006652,A0004022,Technology Refresh Wave,2028-05-28,,Security,Completed,1747.27
PRJ006653,A0023607,Technology Refresh Wave,2026-11-14,,End User Computing,Proposed,1365.05
PRJ006654,A0010985,Technology Refresh Wave,2027-04-14,,Cloud,Deferred,1027.06
PRJ006655,A0019568,Technology Refresh Wave,2027-12-20,,Network,Deferred,478.3
PRJ006656,A0006229,Technology Refresh Wave,2028-06-19,,Cloud,Completed,1479.94
PRJ006657,A0008584,Technology Refresh Wave,2027-09-24,,Infrastructure,Proposed,848.49
PRJ006658,A0017315,Technology Refresh Wave,2028-03-31,,Network,Proposed,831.16
PRJ006659,A0002967,Technology Refresh Wave,2026-11-05,,End User Computing,Deferred,1278.38
PRJ006660,A0022877,Technology Refresh Wave,2026-06-01,,Security,Proposed,6207.61
PRJ006661,A0005771,Technology Refresh Wave,2028-08-18,,Cloud,Deferred,981.35
PRJ006662,A0021384,Technology Refresh Wave,2028-12-22,,Infrastructure,Deferred,15241.99
PRJ006663,A0021332,Technology Refresh Wave,2027-06-02,,End User Computing,In Progress,16671.72
PRJ006664,A0014920,Technology Refresh Wave,2028-08-17,,Infrastructure,Approved,840.01
PRJ006665,A0022365,Technology Refresh Wave,2027-07-26,,Security,Approved,13931.1
PRJ006666,A0015111,Technology Refresh Wave,2026-07-02,,Security,In Progress,713.27
PRJ006667,A0001304,Technology Refresh Wave,2028-07-12,,Cloud,Proposed,1329.12
PRJ006668,A0022548,Technology Refresh Wave,2026-12-13,,Cloud,Completed,22241.65
PRJ006669,A0010331,Technology Refresh Wave,2028-12-09,,Infrastructure,Deferred,1269.42
PRJ006670,A0022516,Technology Refresh Wave,2028-07-18,,Cloud,Deferred,15186.13
PRJ006671,A0019337,Technology Refresh Wave,2026-02-08,,Infrastructure,Deferred,319.78
PRJ006672,A0006127,Technology Refresh Wave,2026-01-15,,Infrastructure,Approved,1759.46
PRJ006673,A0001374,Technology Refresh Wave,2028-12-10,,Security,Approved,1139.67
PRJ006674,A0010902,Technology Refresh Wave,2026-07-03,,Cloud,Proposed,1488.38
PRJ006675,A0023503,Technology Refresh Wave,2027-06-06,,End User Computing,Approved,687.29
PRJ006676,A0012264,Technology Refresh Wave,2026-08-19,,Security,In Progress,1389.28
PRJ006677,A0001136,Technology Refresh Wave,2028-12-28,,Security,Completed,1680.8
PRJ006678,A0018506,Technology Refresh Wave,2026-01-09,,Cloud,Completed,510.97
PRJ006679,A0011012,Technology Refresh Wave,2026-08-05,,Security,Proposed,1282.8
PRJ006680,A0000427,Technology Refresh Wave,2027-04-04,,End User Computing,In Progress,2852.69
PRJ006681,A0007496,Technology Refresh Wave,2027-02-26,,Security,In Progress,1427.45
PRJ006682,A0010992,Technology Refresh Wave,2026-04-11,,Network,Proposed,924.24
PRJ006683,A0020822,Technology Refresh Wave,2027-02-07,,Infrastructure,Deferred,19065.93
PRJ006684,A0023217,Technology Refresh Wave,2027-05-19,,Security,Proposed,832.85
PRJ006685,A0019899,Technology Refresh Wave,2027-06-30,,Security,Approved,573.97
PRJ006686,A0000340,Technology Refresh Wave,2027-08-31,,Infrastructure,In Progress,826.14
PRJ006687,A0003481,Technology Refresh Wave,2026-03-03,,Infrastructure,Approved,1474.46
PRJ006688,A0005938,Technology Refresh Wave,2026-09-20,,Network,In Progress,989.64
PRJ006689,A0017731,Technology Refresh Wave,2027-05-16,,Infrastructure,Proposed,704.83
PRJ006690,A0005688,Technology Refresh Wave,2027-08-30,,Infrastructure,Deferred,2194.67
PRJ006691,A0022767,Technology Refresh Wave,2027-01-28,,Cloud,Approved,4195.25
PRJ006692,A0015960,Technology Refresh Wave,2026-06-28,,Network,In Progress,1132.57
PRJ006693,A0017795,Technology Refresh Wave,2026-04-19,,Security,In Progress,1105.62
PRJ006694,A0018457,Technology Refresh Wave,2028-04-07,,Infrastructure,Proposed,932.97
PRJ006695,A0012588,Technology Refresh Wave,2028-03-30,,Security,Completed,1936.44
PRJ006696,A0007780,Technology Refresh Wave,2028-06-05,,Infrastructure,Completed,1727.61
PRJ006697,A0003315,Technology Refresh Wave,2026-06-26,,Infrastructure,Proposed,1101.47
PRJ006698,A0010431,Technology Refresh Wave,2026-12-06,,Infrastructure,Completed,1952.63
PRJ006699,A0021141,Technology Refresh Wave,2028-05-27,,Network,Deferred,15374.01
PRJ006700,A0009817,Technology Refresh Wave,2028-01-03,,Security,Deferred,1238.08
PRJ006701,A0013596,Technology Refresh Wave,2028-11-14,,End User Computing,Completed,961.99
PRJ006702,A0009464,Technology Refresh Wave,2027-08-28,,Infrastructure,Proposed,1542.94
PRJ006703,A0022974,Technology Refresh Wave,2027-06-16,,Cloud,Proposed,22497.05
PRJ006704,A0003650,Technology Refresh Wave,2026-05-01,,End User Computing,Completed,1063.68
PRJ006705,A0019315,Technology Refresh Wave,2026-01-01,,Cloud,Completed,506.4
PRJ006706,A0002974,Technology Refresh Wave,2026-03-31,,Infrastructure,Approved,1321.31
PRJ006707,A0008411,Technology Refresh Wave,2028-12-03,,Cloud,Proposed,1517.71
PRJ006708,A0002960,Technology Refresh Wave,2028-06-14,,Cloud,Proposed,1128.64
PRJ006709,A0004372,Technology Refresh Wave,2027-02-18,,Security,Deferred,1338.88
PRJ006710,A0002340,Technology Refresh Wave,2026-10-07,,Network,Proposed,1118.47
PRJ006711,A0000130,Technology Refresh Wave,2027-09-11,,Network,Approved,1305.2
PRJ006712,A0013620,Technology Refresh Wave,2027-08-16,,Network,Approved,1375.29
PRJ006713,A0000402,Technology Refresh Wave,2026-09-08,,Security,Approved,1262.18
PRJ006714,A0021184,Technology Refresh Wave,2028-11-30,,Network,In Progress,19788.91
PRJ006715,A0005351,Technology Refresh Wave,2026-12-16,,End User Computing,Completed,2048.5
PRJ006716,A0019015,Technology Refresh Wave,2027-01-01,,End User Computing,Deferred,356.9
PRJ006717,A0006875,Technology Refresh Wave,2027-05-04,,Infrastructure,Approved,1001.0
PRJ006718,A0008396,Technology Refresh Wave,2028-05-22,,Cloud,Proposed,969.56
PRJ006719,A0010118,Technology Refresh Wave,2028-08-13,,Infrastructure,Proposed,979.95
PRJ006720,A0007319,Technology Refresh Wave,2026-09-19,,Cloud,Completed,1501.2
PRJ006721,A0006441,Technology Refresh Wave,2028-02-22,,Security,Approved,1260.23
PRJ006722,A0003009,Technology Refresh Wave,2027-08-13,,End User Computing,Approved,1321.08
PRJ006723,A0013218,Technology Refresh Wave,2027-10-18,,Cloud,Proposed,1711.13
PRJ006724,A0007614,Technology Refresh Wave,2027-08-06,,Security,Approved,1250.16
PRJ006725,A0010187,Technology Refresh Wave,2026-12-12,,Network,Approved,1221.45
PRJ006726,A0020512,Technology Refresh Wave,2027-06-13,,Network,Completed,17579.03
PRJ006727,A0009872,Technology Refresh Wave,2028-12-03,,Infrastructure,Approved,1215.45
PRJ006728,A0013956,Technology Refresh Wave,2026-04-21,,Cloud,Deferred,915.61
PRJ006729,A0020172,Technology Refresh Wave,2027-02-22,,Security,Approved,17093.87
PRJ006730,A0016776,Technology Refresh Wave,2027-03-03,,Infrastructure,In Progress,869.48
PRJ006731,A0012095,Technology Refresh Wave,2026-04-10,,Cloud,In Progress,1338.85
PRJ006732,A0013296,Technology Refresh Wave,2028-03-04,,Cloud,Completed,1398.83
PRJ006733,A0001236,Technology Refresh Wave,2028-11-06,,Infrastructure,In Progress,1107.98
PRJ006734,A0015691,Technology Refresh Wave,2027-11-07,,Network,Proposed,970.82
PRJ006735,A0009094,Technology Refresh Wave,2026-09-05,,Infrastructure,Approved,1348.22
PRJ006736,A0023598,Technology Refresh Wave,2028-08-21,,Infrastructure,In Progress,826.29
PRJ006737,A0008615,Technology Refresh Wave,2028-10-12,,End User Computing,Approved,1271.99
PRJ006738,A0004982,Technology Refresh Wave,2027-10-19,,Security,In Progress,1282.25
PRJ006739,A0021796,Technology Refresh Wave,2028-05-15,,Cloud,Deferred,3799.14
PRJ006740,A0003270,Technology Refresh Wave,2027-12-17,,Network,Deferred,1114.1
PRJ006741,A0016327,Technology Refresh Wave,2028-06-06,,Cloud,In Progress,803.0
PRJ006742,A0015774,Technology Refresh Wave,2026-08-20,,Cloud,Proposed,868.28
PRJ006743,A0001443,Technology Refresh Wave,2027-08-12,,Network,Proposed,1126.82
PRJ006744,A0013721,Technology Refresh Wave,2027-01-27,,Cloud,Approved,1832.86
PRJ006745,A0005023,Technology Refresh Wave,2026-09-14,,Cloud,Approved,1126.13
PRJ006746,A0020433,Technology Refresh Wave,2027-03-28,,Cloud,In Progress,13302.17
PRJ006747,A0020349,Technology Refresh Wave,2028-01-23,,Security,Proposed,15501.38
PRJ006748,A0019275,Technology Refresh Wave,2028-05-27,,Infrastructure,In Progress,541.69
PRJ006749,A0019513,Technology Refresh Wave,2026-07-26,,Security,Completed,414.85
PRJ006750,A0008374,Technology Refresh Wave,2026-12-20,,Network,Proposed,1563.08
PRJ006751,A0023486,Technology Refresh Wave,2027-08-20,,End User Computing,Proposed,548.61
PRJ006752,A0007851,Technology Refresh Wave,2026-09-05,,Network,Completed,1057.7
PRJ006753,A0012347,Technology Refresh Wave,2027-04-25,,Infrastructure,In Progress,1312.73
PRJ006754,A0015001,Technology Refresh Wave,2028-06-11,,Infrastructure,Completed,704.81
PRJ006755,A0006287,Technology Refresh Wave,2026-12-28,,End User Computing,In Progress,2207.27
PRJ006756,A0000609,Technology Refresh Wave,2027-04-15,,Infrastructure,Deferred,852.18
PRJ006757,A0012423,Technology Refresh Wave,2027-08-28,,End User Computing,In Progress,876.11
PRJ006758,A0012185,Technology Refresh Wave,2027-02-02,,Security,Approved,1952.02
PRJ006759,A0000020,Technology Refresh Wave,2026-01-25,,Infrastructure,Approved,1004.28
PRJ006760,A0011624,Technology Refresh Wave,2026-04-26,,Security,Deferred,946.66
PRJ006761,A0012409,Technology Refresh Wave,2028-03-12,,Cloud,Approved,1340.3
PRJ006762,A0013329,Technology Refresh Wave,2027-03-17,,Infrastructure,Approved,1399.19
PRJ006763,A0001644,Technology Refresh Wave,2027-01-12,,Network,Approved,1044.84
PRJ006764,A0021395,Technology Refresh Wave,2026-11-27,,Security,Deferred,12204.45
PRJ006765,A0008758,Technology Refresh Wave,2028-05-17,,Security,Deferred,1375.09
PRJ006766,A0019291,Technology Refresh Wave,2027-02-12,,End User Computing,Approved,539.87
PRJ006767,A0011512,Technology Refresh Wave,2026-03-30,,Cloud,Completed,1397.02
PRJ006768,A0022890,Technology Refresh Wave,2027-04-07,,End User Computing,Deferred,26324.49
PRJ006769,A0004786,Technology Refresh Wave,2027-08-09,,Cloud,Deferred,1034.65
PRJ006770,A0002488,Technology Refresh Wave,2026-01-28,,Security,Proposed,2609.1
PRJ006771,A0019122,Technology Refresh Wave,2027-09-14,,End User Computing,In Progress,478.31
PRJ006772,A0013737,Technology Refresh Wave,2028-07-18,,End User Computing,Completed,1400.73
PRJ006773,A0008140,Technology Refresh Wave,2026-01-12,,Network,Approved,1218.86
PRJ006774,A0005082,Technology Refresh Wave,2026-10-09,,Infrastructure,Approved,1364.85
PRJ006775,A0022616,Technology Refresh Wave,2026-04-14,,Security,In Progress,73862.67
PRJ006776,A0007570,Technology Refresh Wave,2026-10-30,,Cloud,In Progress,1300.12
PRJ006777,A0019552,Technology Refresh Wave,2027-12-11,,End User Computing,Approved,450.91
PRJ006778,A0007713,Technology Refresh Wave,2026-08-13,,Security,In Progress,1162.86
PRJ006779,A0005911,Technology Refresh Wave,2027-07-05,,Security,In Progress,1489.38
PRJ006780,A0012551,Technology Refresh Wave,2028-01-23,,Infrastructure,Approved,1599.4
PRJ006781,A0007802,Technology Refresh Wave,2027-01-30,,Network,In Progress,1020.29
PRJ006782,A0009044,Technology Refresh Wave,2028-01-02,,End User Computing,Approved,1707.48
PRJ006783,A0004837,Technology Refresh Wave,2028-07-02,,Infrastructure,In Progress,1508.25
PRJ006784,A0019753,Technology Refresh Wave,2026-03-14,,End User Computing,Approved,345.37
PRJ006785,A0008122,Technology Refresh Wave,2026-03-13,,Network,Approved,1384.58
PRJ006786,A0006926,Technology Refresh Wave,2028-06-07,,Infrastructure,In Progress,1864.55
PRJ006787,A0016821,Technology Refresh Wave,2026-06-15,,End User Computing,In Progress,806.87
PRJ006788,A0010159,Technology Refresh Wave,2028-11-21,,Security,Proposed,1497.9
PRJ006789,A0007224,Technology Refresh Wave,2027-06-18,,End User Computing,Deferred,1523.35
PRJ006790,A0001967,Technology Refresh Wave,2026-11-18,,Cloud,Approved,1649.49
PRJ006791,A0001776,Technology Refresh Wave,2028-05-11,,Network,Approved,959.5
PRJ006792,A0016698,Technology Refresh Wave,2027-09-02,,Security,Proposed,821.55
PRJ006793,A0022521,Technology Refresh Wave,2026-06-04,,Network,In Progress,18991.0
PRJ006794,A0003801,Technology Refresh Wave,2027-06-14,,Infrastructure,Approved,992.52
PRJ006795,A0014067,Technology Refresh Wave,2027-06-01,,Infrastructure,In Progress,1242.77
PRJ006796,A0022253,Technology Refresh Wave,2026-02-15,,End User Computing,Deferred,5606.28
PRJ006797,A0021692,Technology Refresh Wave,2028-09-15,,Cloud,Completed,8180.31
PRJ006798,A0002136,Technology Refresh Wave,2028-01-09,,Cloud,Proposed,1388.21
PRJ006799,A0013199,Technology Refresh Wave,2027-02-09,,End User Computing,Completed,1309.91
PRJ006800,A0007651,Technology Refresh Wave,2027-03-13,,Network,Proposed,1334.37
PRJ006801,A0012753,Technology Refresh Wave,2027-02-26,,Network,Approved,1379.36
PRJ006802,A0016473,Technology Refresh Wave,2027-05-20,,Infrastructure,Deferred,913.86
PRJ006803,A0023369,Technology Refresh Wave,2027-01-25,,End User Computing,Deferred,774.92
PRJ006804,A0019848,Technology Refresh Wave,2028-05-26,,Security,Approved,441.07
PRJ006805,A0019063,Technology Refresh Wave,2028-07-10,,Cloud,Proposed,406.73
PRJ006806,A0001984,Technology Refresh Wave,2028-09-15,,End User Computing,In Progress,1391.48
PRJ006807,A0012918,Technology Refresh Wave,2028-02-23,,End User Computing,Approved,1181.95
PRJ006808,A0009316,Technology Refresh Wave,2027-07-17,,Network,Completed,1049.23
PRJ006809,A0009871,Technology Refresh Wave,2027-04-19,,Cloud,Completed,1465.12
PRJ006810,A0017584,Technology Refresh Wave,2028-09-21,,End User Computing,Proposed,887.44
PRJ006811,A0018088,Technology Refresh Wave,2027-09-12,,Cloud,Approved,927.1
PRJ006812,A0010910,Technology Refresh Wave,2027-03-27,,Network,Completed,1153.95
PRJ006813,A0015810,Technology Refresh Wave,2026-10-04,,Infrastructure,Approved,1155.52
PRJ006814,A0012705,Technology Refresh Wave,2028-02-27,,Infrastructure,In Progress,1180.09
PRJ006815,A0000658,Technology Refresh Wave,2027-02-22,,Infrastructure,Proposed,1143.63
PRJ006816,A0014611,Technology Refresh Wave,2026-02-16,,Security,In Progress,1006.82
PRJ006817,A0000752,Technology Refresh Wave,2028-05-22,,Cloud,Completed,1196.15
PRJ006818,A0002082,Technology Refresh Wave,2027-06-13,,Security,Approved,1473.28
PRJ006819,A0001323,Technology Refresh Wave,2027-09-18,,End User Computing,Completed,1061.6
PRJ006820,A0018170,Technology Refresh Wave,2028-08-04,,End User Computing,Proposed,1150.85
PRJ006821,A0007370,Technology Refresh Wave,2026-12-06,,End User Computing,Completed,1605.85
PRJ006822,A0018902,Technology Refresh Wave,2028-01-13,,End User Computing,Proposed,525.03
PRJ006823,A0017804,Technology Refresh Wave,2027-05-07,,Security,Approved,1011.08
PRJ006824,A0016862,Technology Refresh Wave,2027-07-29,,Cloud,Approved,1177.05
PRJ006825,A0006951,Technology Refresh Wave,2026-09-29,,Network,In Progress,1816.1
PRJ006826,A0010886,Technology Refresh Wave,2026-12-21,,End User Computing,Completed,1484.87
PRJ006827,A0010815,Technology Refresh Wave,2026-09-12,,Network,Proposed,1154.36
PRJ006828,A0014758,Technology Refresh Wave,2027-10-24,,Infrastructure,In Progress,875.91
PRJ006829,A0003411,Technology Refresh Wave,2026-12-15,,Infrastructure,In Progress,1259.83
PRJ006830,A0020161,Technology Refresh Wave,2027-07-19,,Network,Approved,14345.66
PRJ006831,A0002228,Technology Refresh Wave,2027-03-24,,Security,Approved,1060.46
PRJ006832,A0008612,Technology Refresh Wave,2028-03-07,,End User Computing,Approved,1695.99
PRJ006833,A0010785,Technology Refresh Wave,2028-06-06,,Infrastructure,In Progress,1995.7
PRJ006834,A0005227,Technology Refresh Wave,2027-08-10,,Security,In Progress,1267.42
PRJ006835,A0014991,Technology Refresh Wave,2028-10-02,,End User Computing,Proposed,890.88
PRJ006836,A0003653,Technology Refresh Wave,2028-10-06,,Network,Deferred,1478.43
PRJ006837,A0014546,Technology Refresh Wave,2028-03-29,,Infrastructure,In Progress,990.81
PRJ006838,A0008038,Technology Refresh Wave,2026-02-28,,Security,Proposed,1145.47
PRJ006839,A0005156,Technology Refresh Wave,2026-01-01,,Infrastructure,Approved,828.03
PRJ006840,A0007398,Technology Refresh Wave,2027-02-20,,Security,Deferred,1505.03
PRJ006841,A0014951,Technology Refresh Wave,2026-10-15,,End User Computing,Proposed,941.94
PRJ006842,A0004673,Technology Refresh Wave,2028-01-04,,Network,In Progress,1836.33
PRJ006843,A0016972,Technology Refresh Wave,2028-10-01,,Security,Proposed,1102.44
PRJ006844,A0008417,Technology Refresh Wave,2026-01-06,,Cloud,In Progress,1456.73
PRJ006845,A0002365,Technology Refresh Wave,2027-11-13,,Network,Deferred,1064.64
PRJ006846,A0000048,Technology Refresh Wave,2026-07-20,,Network,Proposed,1154.47
PRJ006847,A0014801,Technology Refresh Wave,2028-08-14,,Infrastructure,Approved,714.01
PRJ006848,A0019349,Technology Refresh Wave,2026-08-20,,Security,Approved,426.8
PRJ006849,A0006527,Technology Refresh Wave,2026-09-26,,End User Computing,In Progress,1242.16
PRJ006850,A0023241,Technology Refresh Wave,2027-06-11,,Infrastructure,Approved,1055.81
PRJ006851,A0023395,Technology Refresh Wave,2028-10-28,,End User Computing,In Progress,872.28
PRJ006852,A0017528,Technology Refresh Wave,2026-05-18,,End User Computing,Deferred,918.78
PRJ006853,A0023419,Technology Refresh Wave,2026-07-09,,End User Computing,Approved,801.67
PRJ006854,A0021972,Technology Refresh Wave,2028-10-05,,Network,Proposed,4899.83
PRJ006855,A0008569,Technology Refresh Wave,2026-06-03,,Network,Approved,1510.09
PRJ006856,A0016903,Technology Refresh Wave,2027-07-26,,Network,Approved,728.34
PRJ006857,A0011079,Technology Refresh Wave,2026-08-02,,Network,Proposed,1306.41
PRJ006858,A0001945,Technology Refresh Wave,2027-03-17,,Security,Approved,977.95
PRJ006859,A0020685,Technology Refresh Wave,2028-10-26,,Cloud,Completed,12047.89
PRJ006860,A0018689,Technology Refresh Wave,2026-05-25,,Infrastructure,Deferred,430.81
PRJ006861,A0019893,Technology Refresh Wave,2028-02-03,,Cloud,Deferred,489.89
PRJ006862,A0003290,Technology Refresh Wave,2027-05-24,,Infrastructure,Approved,1182.39
PRJ006863,A0010697,Technology Refresh Wave,2028-01-05,,Security,Approved,1379.98
PRJ006864,A0009758,Technology Refresh Wave,2027-04-03,,End User Computing,Approved,1277.03
PRJ006865,A0011203,Technology Refresh Wave,2027-11-11,,Cloud,Approved,2496.22
PRJ006866,A0004756,Technology Refresh Wave,2026-10-19,,Infrastructure,Deferred,1316.04
PRJ006867,A0014939,Technology Refresh Wave,2028-06-16,,Security,Completed,585.68
PRJ006868,A0015808,Technology Refresh Wave,2028-11-10,,Network,Deferred,1156.03
PRJ006869,A0007739,Technology Refresh Wave,2028-11-29,,Security,Deferred,1174.91
PRJ006870,A0009099,Technology Refresh Wave,2027-07-01,,Network,Deferred,1455.15
PRJ006871,A0014670,Technology Refresh Wave,2028-10-23,,Network,In Progress,639.83
PRJ006872,A0012961,Technology Refresh Wave,2027-09-07,,End User Computing,Completed,1357.98
PRJ006873,A0017614,Technology Refresh Wave,2027-01-19,,End User Computing,Deferred,1141.23
PRJ006874,A0021020,Technology Refresh Wave,2026-02-24,,Cloud,Proposed,14202.94
PRJ006875,A0010409,Technology Refresh Wave,2028-08-27,,End User Computing,Deferred,1276.78
PRJ006876,A0020791,Technology Refresh Wave,2028-01-01,,Security,In Progress,13400.38
PRJ006877,A0012070,Technology Refresh Wave,2026-02-23,,Network,Proposed,1885.83
PRJ006878,A0015237,Technology Refresh Wave,2028-08-21,,Network,In Progress,649.41
PRJ006879,A0023653,Technology Refresh Wave,2028-06-12,,Security,Deferred,643.5
PRJ006880,A0004591,Technology Refresh Wave,2026-11-28,,Network,Approved,977.94
PRJ006881,A0001872,Technology Refresh Wave,2026-01-26,,Network,Proposed,1961.73
PRJ006882,A0016909,Technology Refresh Wave,2026-09-14,,Cloud,Completed,1174.23
PRJ006883,A0011433,Technology Refresh Wave,2026-10-29,,Cloud,Approved,1374.94
PRJ006884,A0008676,Technology Refresh Wave,2026-11-23,,Security,Approved,1195.23
PRJ006885,A0000419,Technology Refresh Wave,2026-10-13,,Security,Completed,1458.71
PRJ006886,A0018720,Technology Refresh Wave,2028-03-18,,End User Computing,Approved,336.18
PRJ006887,A0001214,Technology Refresh Wave,2027-09-09,,Infrastructure,Completed,1342.18
PRJ006888,A0020341,Technology Refresh Wave,2028-01-23,,Network,Approved,15664.04
PRJ006889,A0016037,Technology Refresh Wave,2028-02-21,,Security,Approved,850.83
PRJ006890,A0010836,Technology Refresh Wave,2028-02-08,,Security,Deferred,1200.98
PRJ006891,A0023199,Technology Refresh Wave,2026-10-25,,Infrastructure,Approved,758.73
PRJ006892,A0002500,Technology Refresh Wave,2026-11-18,,Infrastructure,Proposed,1878.31
PRJ006893,A0019208,Technology Refresh Wave,2027-06-15,,Security,Proposed,548.9
PRJ006894,A0009376,Technology Refresh Wave,2027-09-09,,End User Computing,In Progress,2564.45
PRJ006895,A0023466,Technology Refresh Wave,2026-04-26,,End User Computing,In Progress,806.99
PRJ006896,A0011009,Technology Refresh Wave,2026-03-03,,Cloud,Deferred,1297.98
PRJ006897,A0022443,Technology Refresh Wave,2028-04-07,,Security,Deferred,24928.31
PRJ006898,A0002541,Technology Refresh Wave,2026-08-03,,Infrastructure,Proposed,914.02
PRJ006899,A0011648,Technology Refresh Wave,2026-07-21,,Infrastructure,Approved,906.75
PRJ006900,A0002913,Technology Refresh Wave,2027-11-13,,Security,Approved,1185.15
PRJ006901,A0006370,Technology Refresh Wave,2028-07-25,,Infrastructure,Proposed,1114.47
PRJ006902,A0001039,Technology Refresh Wave,2026-01-25,,Infrastructure,In Progress,1184.26
PRJ006903,A0021544,Technology Refresh Wave,2027-01-28,,End User Computing,Approved,4579.36
PRJ006904,A0023309,Technology Refresh Wave,2027-04-19,,End User Computing,Completed,1038.95
PRJ006905,A0019240,Technology Refresh Wave,2028-03-15,,Cloud,Approved,449.25
PRJ006906,A0008055,Technology Refresh Wave,2026-10-29,,Network,Proposed,1045.15
PRJ006907,A0023485,Technology Refresh Wave,2028-07-26,,Security,Approved,1271.28
PRJ006908,A0006761,Technology Refresh Wave,2028-03-20,,Infrastructure,Proposed,2037.71
PRJ006909,A0016103,Technology Refresh Wave,2026-10-30,,Network,In Progress,784.45
PRJ006910,A0000730,Technology Refresh Wave,2028-06-06,,End User Computing,Completed,1052.33
PRJ006911,A0009061,Technology Refresh Wave,2026-10-17,,Network,Completed,1070.87
PRJ006912,A0005737,Technology Refresh Wave,2026-10-16,,Security,Approved,991.39
PRJ006913,A0015246,Technology Refresh Wave,2028-08-09,,Security,Proposed,912.25
PRJ006914,A0019235,Technology Refresh Wave,2028-08-29,,Infrastructure,Completed,511.25
PRJ006915,A0018328,Technology Refresh Wave,2026-11-03,,Security,Proposed,717.18
PRJ006916,A0012981,Technology Refresh Wave,2026-04-14,,Security,Proposed,1266.48
PRJ006917,A0016168,Technology Refresh Wave,2028-02-26,,Security,Completed,1224.39
PRJ006918,A0018630,Technology Refresh Wave,2028-01-24,,Cloud,Proposed,337.14
PRJ006919,A0000543,Technology Refresh Wave,2027-08-17,,Security,Approved,1376.09
PRJ006920,A0017140,Technology Refresh Wave,2026-12-26,,Cloud,In Progress,950.5
PRJ006921,A0005177,Technology Refresh Wave,2028-07-02,,Infrastructure,Approved,2456.81
PRJ006922,A0000147,Technology Refresh Wave,2027-04-27,,Cloud,Proposed,1244.69
PRJ006923,A0006988,Technology Refresh Wave,2026-07-04,,Network,Proposed,1582.34
PRJ006924,A0015430,Technology Refresh Wave,2028-08-03,,Infrastructure,In Progress,787.94
PRJ006925,A0011729,Technology Refresh Wave,2027-08-16,,End User Computing,Approved,1632.61
PRJ006926,A0000242,Technology Refresh Wave,2026-08-29,,Security,Deferred,1200.2
PRJ006927,A0016843,Technology Refresh Wave,2028-11-29,,End User Computing,Completed,1118.58
PRJ006928,A0003596,Technology Refresh Wave,2027-02-24,,Network,Deferred,1661.13
PRJ006929,A0013535,Technology Refresh Wave,2027-11-30,,Security,Deferred,1181.49
PRJ006930,A0015753,Technology Refresh Wave,2028-02-24,,Security,Deferred,1003.67
PRJ006931,A0014086,Technology Refresh Wave,2026-11-09,,Network,Completed,835.13
PRJ006932,A0017010,Technology Refresh Wave,2027-03-07,,Security,Approved,862.26
PRJ006933,A0014466,Technology Refresh Wave,2027-07-17,,Infrastructure,Completed,901.78
PRJ006934,A0001953,Technology Refresh Wave,2027-12-28,,End User Computing,Deferred,1464.23
PRJ006935,A0008319,Technology Refresh Wave,2027-03-08,,Infrastructure,Approved,1345.11
PRJ006936,A0006258,Technology Refresh Wave,2026-07-19,,End User Computing,In Progress,940.5
PRJ006937,A0001595,Technology Refresh Wave,2026-03-28,,Network,In Progress,1244.65
PRJ006938,A0012051,Technology Refresh Wave,2027-12-17,,Infrastructure,Deferred,1281.73
PRJ006939,A0004257,Technology Refresh Wave,2028-05-26,,Infrastructure,Completed,1040.69
PRJ006940,A0012231,Technology Refresh Wave,2028-12-30,,Network,Approved,1119.02
PRJ006941,A0015136,Technology Refresh Wave,2028-10-19,,Security,Proposed,825.73
PRJ006942,A0004120,Technology Refresh Wave,2026-08-16,,Security,Approved,2156.22
PRJ006943,A0002681,Technology Refresh Wave,2026-08-29,,Infrastructure,Approved,930.47
PRJ006944,A0000845,Technology Refresh Wave,2026-07-09,,Security,Proposed,1853.39
PRJ006945,A0010821,Technology Refresh Wave,2026-12-19,,Security,In Progress,1295.83
PRJ006946,A0008106,Technology Refresh Wave,2027-10-20,,Network,Completed,2118.56
PRJ006947,A0013229,Technology Refresh Wave,2028-07-12,,Infrastructure,In Progress,1885.19
PRJ006948,A0015670,Technology Refresh Wave,2028-10-31,,End User Computing,Completed,964.85
PRJ006949,A0007883,Technology Refresh Wave,2026-12-09,,Security,Proposed,1034.83
PRJ006950,A0001784,Technology Refresh Wave,2026-11-25,,Cloud,Approved,1262.89
PRJ006951,A0000063,Technology Refresh Wave,2026-03-04,,Infrastructure,Proposed,952.52
PRJ006952,A0000001,Technology Refresh Wave,2028-02-23,,Security,In Progress,1574.28
PRJ006953,A0013900,Technology Refresh Wave,2028-08-24,,Infrastructure,In Progress,1265.25
PRJ006954,A0003463,Technology Refresh Wave,2027-09-28,,Cloud,Deferred,951.41
PRJ006955,A0016624,Technology Refresh Wave,2027-03-18,,Infrastructure,Proposed,819.66
PRJ006956,A0012362,Technology Refresh Wave,2026-05-11,,Security,In Progress,1212.62
PRJ006957,A0009602,Technology Refresh Wave,2028-10-11,,Network,Approved,1761.92
PRJ006958,A0002145,Technology Refresh Wave,2028-11-20,,Network,In Progress,1426.18
PRJ006959,A0019160,Technology Refresh Wave,2028-09-03,,Security,Approved,401.2
PRJ006960,A0005853,Technology Refresh Wave,2026-01-09,,End User Computing,Approved,1147.28
PRJ006961,A0005886,Technology Refresh Wave,2028-03-27,,Security,Deferred,1412.47
PRJ006962,A0003666,Technology Refresh Wave,2028-01-04,,Infrastructure,In Progress,1040.44
PRJ006963,A0010706,Technology Refresh Wave,2027-11-21,,Infrastructure,Deferred,1156.53
PRJ006964,A0014412,Technology Refresh Wave,2026-11-30,,Infrastructure,Proposed,1001.97
PRJ006965,A0006163,Technology Refresh Wave,2027-10-13,,Security,In Progress,1369.0
PRJ006966,A0016538,Technology Refresh Wave,2027-09-03,,Infrastructure,Proposed,1005.62
PRJ006967,A0021406,Technology Refresh Wave,2027-07-31,,Cloud,Approved,14352.67
PRJ006968,A0010936,Technology Refresh Wave,2027-11-24,,Infrastructure,Deferred,1547.45
PRJ006969,A0002272,Technology Refresh Wave,2028-12-30,,Infrastructure,Completed,1409.51
PRJ006970,A0017396,Technology Refresh Wave,2026-08-26,,Security,Completed,716.33
PRJ006971,A0018115,Technology Refresh Wave,2027-09-08,,Cloud,Completed,921.4
PRJ006972,A0004374,Technology Refresh Wave,2028-09-06,,End User Computing,Completed,1305.66
PRJ006973,A0012352,Technology Refresh Wave,2027-10-27,,Infrastructure,Approved,1255.47
PRJ006974,A0000776,Technology Refresh Wave,2027-07-02,,Cloud,In Progress,1194.6
PRJ006975,A0021459,Technology Refresh Wave,2028-02-11,,End User Computing,Approved,13236.6
PRJ006976,A0012239,Technology Refresh Wave,2026-03-14,,Security,In Progress,1498.57
PRJ006977,A0020927,Technology Refresh Wave,2028-04-28,,End User Computing,Completed,15272.89
PRJ006978,A0014373,Technology Refresh Wave,2028-02-28,,Network,In Progress,1031.27
PRJ006979,A0022158,Technology Refresh Wave,2027-04-11,,Network,Deferred,8905.55
PRJ006980,A0022238,Technology Refresh Wave,2026-03-10,,Cloud,Deferred,7026.2
PRJ006981,A0016865,Technology Refresh Wave,2028-07-27,,Security,Deferred,691.15
PRJ006982,A0010805,Technology Refresh Wave,2028-05-15,,Network,In Progress,1754.33
PRJ006983,A0009085,Technology Refresh Wave,2028-08-25,,Security,Deferred,1388.12
PRJ006984,A0015688,Technology Refresh Wave,2027-01-21,,End User Computing,Completed,724.24
PRJ006985,A0006544,Technology Refresh Wave,2026-11-10,,Network,In Progress,1063.44
PRJ006986,A0010447,Technology Refresh Wave,2026-11-18,,Security,Deferred,1598.11
PRJ006987,A0010367,Technology Refresh Wave,2028-07-30,,Cloud,Approved,1413.99
PRJ006988,A0007242,Technology Refresh Wave,2026-03-09,,Infrastructure,In Progress,1532.49
PRJ006989,A0014015,Technology Refresh Wave,2028-01-06,,Cloud,Completed,979.56
PRJ006990,A0022341,Technology Refresh Wave,2027-12-06,,Network,Completed,5331.85
PRJ006991,A0004202,Technology Refresh Wave,2027-04-15,,Security,Approved,1458.05
PRJ006992,A0007429,Technology Refresh Wave,2027-07-14,,Infrastructure,Deferred,1324.82
PRJ006993,A0018073,Technology Refresh Wave,2028-03-27,,Infrastructure,Approved,957.59
PRJ006994,A0003450,Technology Refresh Wave,2026-02-01,,Cloud,Completed,1958.66
PRJ006995,A0008519,Technology Refresh Wave,2026-05-11,,Security,Proposed,1413.3
PRJ006996,A0012303,Technology Refresh Wave,2027-12-08,,Cloud,In Progress,1092.75
PRJ006997,A0001860,Technology Refresh Wave,2028-06-19,,Infrastructure,In Progress,1292.88
PRJ006998,A0008883,Technology Refresh Wave,2027-09-13,,Infrastructure,In Progress,1099.52
PRJ006999,A0020780,Technology Refresh Wave,2026-10-20,,End User Computing,Approved,13987.93
PRJ007000,A0009903,Technology Refresh Wave,2027-05-31,,End User Computing,Deferred,1327.05
PRJ007001,A0017567,Technology Refresh Wave,2028-01-20,,Infrastructure,Completed,1015.55
PRJ007002,A0019314,Technology Refresh Wave,2028-08-03,,Network,Proposed,535.18
PRJ007003,A0014854,Technology Refresh Wave,2028-04-16,,Cloud,In Progress,1171.53
PRJ007004,A0004991,Technology Refresh Wave,2026-09-01,,Security,Proposed,2336.72
PRJ007005,A0006523,Technology Refresh Wave,2027-12-05,,Infrastructure,Proposed,953.25
PRJ007006,A0012844,Technology Refresh Wave,2027-09-16,,End User Computing,Deferred,1060.68
PRJ007007,A0014952,Technology Refresh Wave,2028-11-25,,Cloud,In Progress,590.83
PRJ007008,A0000414,Technology Refresh Wave,2028-11-30,,Network,Proposed,1316.05
PRJ007009,A0016016,Technology Refresh Wave,2027-09-14,,End User Computing,Approved,773.99
PRJ007010,A0006491,Technology Refresh Wave,2027-05-22,,End User Computing,Deferred,1304.91
PRJ007011,A0001176,Technology Refresh Wave,2027-10-18,,Cloud,Approved,1247.14
PRJ007012,A0009830,Technology Refresh Wave,2027-06-29,,Network,Deferred,1256.01
PRJ007013,A0017032,Technology Refresh Wave,2027-10-18,,Cloud,In Progress,662.47
PRJ007014,A0012883,Technology Refresh Wave,2027-03-23,,End User Computing,In Progress,1437.98
PRJ007015,A0017310,Technology Refresh Wave,2027-04-10,,Network,Deferred,756.63
PRJ007016,A0022884,Technology Refresh Wave,2028-12-06,,Network,Proposed,6205.04
PRJ007017,A0018354,Technology Refresh Wave,2028-06-30,,Network,Deferred,976.68
PRJ007018,A0010485,Technology Refresh Wave,2028-08-15,,End User Computing,Deferred,1388.34
PRJ007019,A0009516,Technology Refresh Wave,2028-08-23,,Security,Completed,1134.36
PRJ007020,A0016720,Technology Refresh Wave,2028-12-03,,Cloud,Completed,963.84
PRJ007021,A0004586,Technology Refresh Wave,2026-09-29,,Security,Proposed,1492.62
PRJ007022,A0014986,Technology Refresh Wave,2027-12-07,,End User Computing,Completed,1125.8
PRJ007023,A0016095,Technology Refresh Wave,2026-12-28,,Cloud,Proposed,1028.07
PRJ007024,A0023307,Technology Refresh Wave,2027-04-12,,Cloud,Deferred,833.14
PRJ007025,A0001515,Technology Refresh Wave,2028-09-03,,End User Computing,Approved,803.3
PRJ007026,A0015371,Technology Refresh Wave,2028-01-21,,Security,Approved,1190.04
PRJ007027,A0009645,Technology Refresh Wave,2027-08-03,,Cloud,Proposed,1173.67
PRJ007028,A0003694,Technology Refresh Wave,2028-12-02,,Security,Proposed,2004.51
PRJ007029,A0008617,Technology Refresh Wave,2026-10-24,,Infrastructure,Approved,1173.24
PRJ007030,A0005305,Technology Refresh Wave,2027-11-04,,Security,Completed,1252.81
PRJ007031,A0011733,Technology Refresh Wave,2027-02-18,,End User Computing,Approved,1165.82
PRJ007032,A0005322,Technology Refresh Wave,2027-03-26,,Network,Approved,1572.02
PRJ007033,A0009930,Technology Refresh Wave,2028-03-17,,End User Computing,In Progress,1268.44
PRJ007034,A0009481,Technology Refresh Wave,2027-09-21,,Cloud,Proposed,1736.57
PRJ007035,A0008566,Technology Refresh Wave,2026-08-07,,Infrastructure,Deferred,1917.24
PRJ007036,A0013718,Technology Refresh Wave,2026-07-29,,Infrastructure,Approved,1625.3
PRJ007037,A0001572,Technology Refresh Wave,2027-10-17,,End User Computing,Proposed,1134.57
PRJ007038,A0008823,Technology Refresh Wave,2027-11-28,,End User Computing,Approved,1109.38
PRJ007039,A0005263,Technology Refresh Wave,2028-03-01,,End User Computing,Deferred,1045.82
PRJ007040,A0015218,Technology Refresh Wave,2027-12-15,,Cloud,Approved,888.12
PRJ007041,A0015549,Technology Refresh Wave,2026-05-05,,Security,Completed,1055.53
PRJ007042,A0023302,Technology Refresh Wave,2027-06-25,,Cloud,Deferred,981.47
PRJ007043,A0019265,Technology Refresh Wave,2026-10-28,,Infrastructure,Approved,417.6
PRJ007044,A0016926,Technology Refresh Wave,2027-07-08,,Security,Proposed,1365.2
PRJ007045,A0014971,Technology Refresh Wave,2028-02-04,,End User Computing,In Progress,1113.94
PRJ007046,A0014295,Technology Refresh Wave,2028-07-31,,Security,Proposed,919.87
PRJ007047,A0022454,Technology Refresh Wave,2026-12-23,,Security,Approved,22223.92
PRJ007048,A0023292,Technology Refresh Wave,2027-12-24,,End User Computing,Proposed,959.8
PRJ007049,A0022100,Technology Refresh Wave,2026-03-16,,Network,In Progress,4822.74
PRJ007050,A0011419,Technology Refresh Wave,2027-03-05,,Network,Completed,1867.7
PRJ007051,A0001414,Technology Refresh Wave,2027-01-30,,Cloud,In Progress,1188.97
PRJ007052,A0001131,Technology Refresh Wave,2027-04-09,,Infrastructure,Approved,1192.77
PRJ007053,A0008049,Technology Refresh Wave,2027-12-24,,Network,In Progress,1572.4
PRJ007054,A0005876,Technology Refresh Wave,2027-05-13,,Network,In Progress,1229.28
PRJ007055,A0018141,Technology Refresh Wave,2026-07-04,,Cloud,In Progress,826.45
PRJ007056,A0021442,Technology Refresh Wave,2028-09-12,,Network,Completed,18446.47
PRJ007057,A0009151,Technology Refresh Wave,2028-08-01,,Cloud,Completed,1302.77
PRJ007058,A0005850,Technology Refresh Wave,2026-08-17,,Network,Deferred,1167.26
PRJ007059,A0007428,Technology Refresh Wave,2027-06-11,,Cloud,Approved,824.29
PRJ007060,A0001622,Technology Refresh Wave,2027-02-10,,Network,Proposed,1395.13
PRJ007061,A0012196,Technology Refresh Wave,2026-04-21,,Infrastructure,Approved,2134.67
PRJ007062,A0020979,Technology Refresh Wave,2027-02-16,,Infrastructure,Deferred,18068.83
PRJ007063,A0019470,Technology Refresh Wave,2026-02-19,,Infrastructure,In Progress,458.0
PRJ007064,A0019284,Technology Refresh Wave,2028-07-01,,Network,Proposed,498.8
PRJ007065,A0016729,Technology Refresh Wave,2026-03-08,,Security,Proposed,769.59
PRJ007066,A0017724,Technology Refresh Wave,2027-04-15,,End User Computing,Deferred,821.85
PRJ007067,A0017713,Technology Refresh Wave,2027-06-25,,Cloud,Approved,1014.42
PRJ007068,A0014931,Technology Refresh Wave,2028-12-05,,Network,Completed,1173.87
PRJ007069,A0011223,Technology Refresh Wave,2026-10-06,,Cloud,Approved,1297.29
PRJ007070,A0007753,Technology Refresh Wave,2027-10-13,,End User Computing,In Progress,1481.52
PRJ007071,A0020507,Technology Refresh Wave,2027-08-15,,Infrastructure,Proposed,17305.18
PRJ007072,A0021762,Technology Refresh Wave,2027-08-27,,Network,Proposed,4799.98
PRJ007073,A0003299,Technology Refresh Wave,2028-08-12,,Network,In Progress,979.71
PRJ007074,A0014612,Technology Refresh Wave,2026-02-09,,Security,Approved,1022.94
PRJ007075,A0001487,Technology Refresh Wave,2028-08-13,,End User Computing,Proposed,1052.17
PRJ007076,A0023013,Technology Refresh Wave,2027-12-08,,Cloud,In Progress,17640.07
PRJ007077,A0011401,Technology Refresh Wave,2027-04-05,,Network,Proposed,1796.07
PRJ007078,A0006873,Technology Refresh Wave,2027-08-25,,End User Computing,Completed,2018.1
PRJ007079,A0020273,Technology Refresh Wave,2028-09-25,,Security,In Progress,15646.21
PRJ007080,A0019236,Technology Refresh Wave,2027-04-06,,Cloud,Deferred,381.07
PRJ007081,A0001239,Technology Refresh Wave,2027-03-11,,Network,Deferred,1509.53
PRJ007082,A0018383,Technology Refresh Wave,2026-07-29,,End User Computing,Proposed,871.28
PRJ007083,A0009740,Technology Refresh Wave,2028-04-03,,End User Computing,Approved,1243.64
PRJ007084,A0022570,Technology Refresh Wave,2026-08-16,,End User Computing,In Progress,11609.5
PRJ007085,A0012197,Technology Refresh Wave,2026-01-26,,Infrastructure,Proposed,1243.08
PRJ007086,A0020666,Technology Refresh Wave,2028-11-26,,Network,Deferred,8362.55
PRJ007087,A0006064,Technology Refresh Wave,2026-10-02,,Infrastructure,Completed,1327.34
PRJ007088,A0009427,Technology Refresh Wave,2027-11-20,,End User Computing,Completed,1009.76
PRJ007089,A0018655,Technology Refresh Wave,2026-04-30,,Infrastructure,In Progress,471.24
PRJ007090,A0023454,Technology Refresh Wave,2026-02-10,,Security,Approved,1126.81
PRJ007091,A0013857,Technology Refresh Wave,2027-12-27,,Infrastructure,Proposed,1080.39
PRJ007092,A0013715,Technology Refresh Wave,2027-07-16,,Security,Deferred,1272.42
PRJ007093,A0013727,Technology Refresh Wave,2027-11-14,,End User Computing,Deferred,1358.71
PRJ007094,A0011063,Technology Refresh Wave,2028-04-08,,Network,Completed,1801.4
PRJ007095,A0023536,Technology Refresh Wave,2027-08-07,,Security,Deferred,1078.49
PRJ007096,A0011765,Technology Refresh Wave,2026-09-20,,Infrastructure,Completed,1244.99
PRJ007097,A0011933,Technology Refresh Wave,2027-04-29,,Network,Proposed,1522.72
PRJ007098,A0009443,Technology Refresh Wave,2028-09-06,,Cloud,In Progress,1585.6
PRJ007099,A0000423,Technology Refresh Wave,2026-09-27,,Network,Proposed,1308.36
PRJ007100,A0015965,Technology Refresh Wave,2026-04-18,,Security,Deferred,818.29
PRJ007101,A0018535,Technology Refresh Wave,2027-11-30,,Cloud,Completed,536.79
PRJ007102,A0020479,Technology Refresh Wave,2028-04-20,,End User Computing,Proposed,16412.45
PRJ007103,A0008084,Technology Refresh Wave,2026-08-15,,End User Computing,Proposed,1496.61
PRJ007104,A0015437,Technology Refresh Wave,2028-03-19,,End User Computing,Completed,1045.61
PRJ007105,A0008498,Technology Refresh Wave,2027-08-03,,Cloud,In Progress,1253.06
PRJ007106,A0019697,Technology Refresh Wave,2028-07-15,,Cloud,Approved,462.29
PRJ007107,A0008811,Technology Refresh Wave,2026-04-02,,End User Computing,Deferred,996.33
PRJ007108,A0006937,Technology Refresh Wave,2028-02-03,,End User Computing,Proposed,869.15
PRJ007109,A0019685,Technology Refresh Wave,2026-08-21,,End User Computing,Completed,354.06
PRJ007110,A0021387,Technology Refresh Wave,2028-11-24,,Network,In Progress,10434.32
PRJ007111,A0010609,Technology Refresh Wave,2028-06-25,,Network,Proposed,1362.78
PRJ007112,A0000484,Technology Refresh Wave,2026-08-24,,Cloud,Approved,1671.66
PRJ007113,A0003847,Technology Refresh Wave,2027-07-21,,Cloud,Completed,1386.79
PRJ007114,A0012770,Technology Refresh Wave,2028-08-30,,End User Computing,Approved,1007.54
PRJ007115,A0001316,Technology Refresh Wave,2028-01-13,,Network,Proposed,1160.14
PRJ007116,A0022014,Technology Refresh Wave,2026-03-08,,Network,Completed,7694.93
PRJ007117,A0022088,Technology Refresh Wave,2027-09-14,,Network,Deferred,4479.14
PRJ007118,A0006077,Technology Refresh Wave,2027-02-16,,End User Computing,Proposed,1259.91
PRJ007119,A0009410,Technology Refresh Wave,2027-10-14,,Cloud,Approved,1150.22
PRJ007120,A0019169,Technology Refresh Wave,2026-06-01,,Security,Deferred,411.68
PRJ007121,A0004942,Technology Refresh Wave,2026-11-17,,Network,Approved,1199.19
PRJ007122,A0006468,Technology Refresh Wave,2027-12-05,,Infrastructure,In Progress,2529.59
PRJ007123,A0023017,Technology Refresh Wave,2028-08-09,,Network,Proposed,18636.78
PRJ007124,A0020484,Technology Refresh Wave,2027-10-12,,Network,Proposed,19602.42
PRJ007125,A0006493,Technology Refresh Wave,2026-05-26,,Cloud,In Progress,973.5
PRJ007126,A0020072,Technology Refresh Wave,2027-06-23,,Network,Proposed,7853.28
PRJ007127,A0015191,Technology Refresh Wave,2027-05-23,,End User Computing,Proposed,782.67
PRJ007128,A0006244,Technology Refresh Wave,2028-10-08,,Security,Completed,2208.99
PRJ007129,A0012210,Technology Refresh Wave,2027-04-15,,End User Computing,Deferred,863.22
PRJ007130,A0013677,Technology Refresh Wave,2027-11-01,,Infrastructure,Deferred,2504.33
PRJ007131,A0005004,Technology Refresh Wave,2028-07-08,,Security,Approved,1176.92
PRJ007132,A0001577,Technology Refresh Wave,2028-11-08,,Cloud,Proposed,1085.58
PRJ007133,A0007102,Technology Refresh Wave,2028-02-27,,Network,Proposed,1010.68
PRJ007134,A0014858,Technology Refresh Wave,2028-09-08,,Network,Deferred,1156.87
PRJ007135,A0013358,Technology Refresh Wave,2028-06-20,,Cloud,Deferred,1050.51
PRJ007136,A0012222,Technology Refresh Wave,2027-07-14,,End User Computing,Proposed,901.98
PRJ007137,A0015138,Technology Refresh Wave,2027-06-19,,Cloud,Proposed,981.06
PRJ007138,A0020334,Technology Refresh Wave,2026-09-02,,Network,Deferred,9277.34
PRJ007139,A0019101,Technology Refresh Wave,2026-04-12,,End User Computing,Approved,414.77
PRJ007140,A0005503,Technology Refresh Wave,2028-06-15,,Network,Approved,1125.67
PRJ007141,A0021003,Technology Refresh Wave,2027-05-10,,Security,Approved,14208.36
PRJ007142,A0006211,Technology Refresh Wave,2026-09-13,,Cloud,In Progress,1883.87
PRJ007143,A0005304,Technology Refresh Wave,2028-07-27,,Cloud,Approved,1479.4
PRJ007144,A0022716,Technology Refresh Wave,2027-07-19,,Security,Proposed,23571.32
PRJ007145,A0008669,Technology Refresh Wave,2026-02-09,,Security,Completed,1324.6
PRJ007146,A0001990,Technology Refresh Wave,2028-07-31,,Cloud,Approved,1299.13
PRJ007147,A0021760,Technology Refresh Wave,2028-12-08,,Network,In Progress,6484.83
PRJ007148,A0010983,Technology Refresh Wave,2028-12-21,,Infrastructure,Completed,1000.26
PRJ007149,A0019923,Technology Refresh Wave,2027-08-31,,Infrastructure,In Progress,524.22
PRJ007150,A0009660,Technology Refresh Wave,2027-12-20,,Cloud,Proposed,1571.2
PRJ007151,A0009154,Technology Refresh Wave,2027-11-12,,Cloud,Deferred,1322.7
PRJ007152,A0018330,Technology Refresh Wave,2027-04-16,,Network,Deferred,935.91
PRJ007153,A0006106,Technology Refresh Wave,2028-03-27,,End User Computing,Completed,1191.38
PRJ007154,A0011667,Technology Refresh Wave,2028-02-10,,Network,Approved,1540.46
PRJ007155,A0000122,Technology Refresh Wave,2026-08-03,,End User Computing,Deferred,1457.32
PRJ007156,A0002610,Technology Refresh Wave,2027-01-31,,Network,Proposed,1246.88
PRJ007157,A0016246,Technology Refresh Wave,2026-04-26,,Cloud,Deferred,915.88
PRJ007158,A0022763,Technology Refresh Wave,2028-05-27,,End User Computing,Deferred,25110.74
PRJ007159,A0006217,Technology Refresh Wave,2027-02-01,,End User Computing,Deferred,1303.4
PRJ007160,A0002803,Technology Refresh Wave,2028-04-14,,Infrastructure,Approved,1297.23
PRJ007161,A0007347,Technology Refresh Wave,2028-11-07,,End User Computing,Deferred,1373.4
PRJ007162,A0018041,Technology Refresh Wave,2027-04-08,,Cloud,Proposed,929.54
PRJ007163,A0000954,Technology Refresh Wave,2026-10-23,,Cloud,In Progress,1139.0
PRJ007164,A0006046,Technology Refresh Wave,2026-09-01,,Infrastructure,Approved,2303.17
PRJ007165,A0007556,Technology Refresh Wave,2027-05-02,,Infrastructure,Completed,1324.12
PRJ007166,A0012896,Technology Refresh Wave,2028-12-13,,Infrastructure,In Progress,1309.58
PRJ007167,A0009280,Technology Refresh Wave,2026-06-08,,Infrastructure,Proposed,1429.73
PRJ007168,A0021982,Technology Refresh Wave,2026-03-21,,Security,Completed,4561.7
PRJ007169,A0001331,Technology Refresh Wave,2028-01-28,,Security,Completed,1210.09
PRJ007170,A0014964,Technology Refresh Wave,2027-09-22,,Security,Approved,968.49
PRJ007171,A0017024,Technology Refresh Wave,2028-08-27,,End User Computing,Deferred,873.65
PRJ007172,A0014505,Technology Refresh Wave,2027-01-21,,Infrastructure,Completed,1043.02
PRJ007173,A0004745,Technology Refresh Wave,2027-08-08,,Cloud,Proposed,1976.79
PRJ007174,A0018570,Technology Refresh Wave,2027-04-27,,Network,Completed,339.64
PRJ007175,A0011510,Technology Refresh Wave,2026-03-06,,End User Computing,Proposed,1023.13
PRJ007176,A0001271,Technology Refresh Wave,2026-11-05,,Network,Proposed,986.11
PRJ007177,A0009189,Technology Refresh Wave,2026-02-14,,Network,Completed,1192.21
PRJ007178,A0004853,Technology Refresh Wave,2028-06-07,,Security,Completed,1146.65
PRJ007179,A0001692,Technology Refresh Wave,2027-03-10,,Cloud,Proposed,1244.31
PRJ007180,A0007173,Technology Refresh Wave,2028-01-04,,Infrastructure,Approved,2952.05
PRJ007181,A0020616,Technology Refresh Wave,2028-02-17,,Cloud,Proposed,18927.8
PRJ007182,A0018684,Technology Refresh Wave,2027-04-10,,Cloud,Completed,320.14
PRJ007183,A0013979,Technology Refresh Wave,2026-05-20,,Cloud,Deferred,1542.42
PRJ007184,A0013484,Technology Refresh Wave,2027-12-27,,Security,Proposed,954.68
PRJ007185,A0015459,Technology Refresh Wave,2027-12-14,,Security,Proposed,732.7
PRJ007186,A0016393,Technology Refresh Wave,2027-12-14,,End User Computing,Completed,963.88
PRJ007187,A0022956,Technology Refresh Wave,2026-12-27,,Infrastructure,Deferred,60927.32
PRJ007188,A0002975,Technology Refresh Wave,2028-12-01,,End User Computing,Completed,2188.59
PRJ007189,A0010756,Technology Refresh Wave,2028-04-21,,End User Computing,Completed,1290.69
PRJ007190,A0012530,Technology Refresh Wave,2027-05-28,,Network,Proposed,2188.15
PRJ007191,A0017990,Technology Refresh Wave,2026-08-14,,Cloud,Deferred,762.24
PRJ007192,A0019065,Technology Refresh Wave,2028-06-07,,Cloud,Proposed,359.95
PRJ007193,A0022368,Technology Refresh Wave,2026-07-20,,Infrastructure,Proposed,12727.55
PRJ007194,A0008060,Technology Refresh Wave,2027-03-24,,Security,Completed,1509.75
PRJ007195,A0005709,Technology Refresh Wave,2027-03-21,,Network,In Progress,982.17
PRJ007196,A0016986,Technology Refresh Wave,2028-06-17,,End User Computing,Deferred,935.44
PRJ007197,A0006833,Technology Refresh Wave,2028-01-30,,End User Computing,Completed,2228.36
PRJ007198,A0004742,Technology Refresh Wave,2028-06-01,,Cloud,Proposed,891.9
PRJ007199,A0009043,Technology Refresh Wave,2026-08-16,,Security,Proposed,1088.86
PRJ007200,A0001209,Technology Refresh Wave,2028-05-31,,Infrastructure,In Progress,973.56
PRJ007201,A0020069,Technology Refresh Wave,2027-08-15,,Security,Deferred,10794.82
PRJ007202,A0009823,Technology Refresh Wave,2026-09-15,,Cloud,In Progress,1329.62
PRJ007203,A0007878,Technology Refresh Wave,2027-09-30,,Cloud,Deferred,1431.27
PRJ007204,A0020270,Technology Refresh Wave,2026-03-17,,Network,Deferred,13417.89
PRJ007205,A0011711,Technology Refresh Wave,2027-09-20,,Security,Proposed,2729.03
PRJ007206,A0018503,Technology Refresh Wave,2026-05-29,,End User Computing,Proposed,368.28
PRJ007207,A0004225,Technology Refresh Wave,2027-09-03,,Infrastructure,Proposed,1125.88
PRJ007208,A0009526,Technology Refresh Wave,2028-08-08,,Cloud,Deferred,1421.53
PRJ007209,A0001091,Technology Refresh Wave,2027-11-10,,Infrastructure,Deferred,1022.14
PRJ007210,A0003121,Technology Refresh Wave,2028-05-08,,Infrastructure,Proposed,1289.4
PRJ007211,A0012536,Technology Refresh Wave,2027-12-03,,Network,Proposed,1373.88
PRJ007212,A0015069,Technology Refresh Wave,2026-10-06,,End User Computing,Approved,1017.74
PRJ007213,A0022656,Technology Refresh Wave,2026-05-30,,End User Computing,Proposed,48178.16
PRJ007214,A0022615,Technology Refresh Wave,2027-01-24,,Cloud,In Progress,60243.08
PRJ007215,A0001534,Technology Refresh Wave,2027-04-23,,Cloud,In Progress,1702.88
PRJ007216,A0008440,Technology Refresh Wave,2028-12-16,,Network,In Progress,1180.19
PRJ007217,A0001412,Technology Refresh Wave,2027-03-25,,Infrastructure,In Progress,1301.94
PRJ007218,A0010437,Technology Refresh Wave,2027-11-10,,Infrastructure,Completed,1007.51
PRJ007219,A0018425,Technology Refresh Wave,2028-09-13,,Network,Approved,1104.0
PRJ007220,A0007221,Technology Refresh Wave,2026-06-13,,End User Computing,Completed,1544.85
PRJ007221,A0002615,Technology Refresh Wave,2026-07-30,,Cloud,Deferred,1417.69
PRJ007222,A0006015,Technology Refresh Wave,2027-11-12,,Infrastructure,Approved,1013.32
PRJ007223,A0017828,Technology Refresh Wave,2027-11-09,,Security,Completed,809.96
PRJ007224,A0017301,Technology Refresh Wave,2028-04-29,,Infrastructure,Approved,978.78
PRJ007225,A0002637,Technology Refresh Wave,2027-03-20,,Infrastructure,Proposed,1423.79
PRJ007226,A0018498,Technology Refresh Wave,2027-08-02,,Infrastructure,Proposed,930.31
PRJ007227,A0009264,Technology Refresh Wave,2027-02-27,,End User Computing,Approved,2873.9
PRJ007228,A0002665,Technology Refresh Wave,2027-04-09,,Security,Deferred,1317.06
PRJ007229,A0016206,Technology Refresh Wave,2027-06-15,,Infrastructure,Deferred,1124.68
PRJ007230,A0005439,Technology Refresh Wave,2026-07-07,,Cloud,In Progress,1300.26
PRJ007231,A0005991,Technology Refresh Wave,2028-05-02,,Network,Approved,983.45
PRJ007232,A0014124,Technology Refresh Wave,2028-08-02,,Network,Deferred,934.08
PRJ007233,A0005554,Technology Refresh Wave,2027-06-27,,Security,Proposed,1256.7
PRJ007234,A0014678,Technology Refresh Wave,2026-02-24,,Security,Proposed,1111.66
PRJ007235,A0018435,Technology Refresh Wave,2026-02-26,,End User Computing,Proposed,678.57
PRJ007236,A0021047,Technology Refresh Wave,2028-12-20,,Security,Approved,12012.1
PRJ007237,A0012777,Technology Refresh Wave,2026-07-05,,Network,Deferred,1301.75
PRJ007238,A0015496,Technology Refresh Wave,2028-02-10,,Network,In Progress,897.05
PRJ007239,A0012241,Technology Refresh Wave,2027-03-27,,Security,Proposed,1335.63
PRJ007240,A0018561,Technology Refresh Wave,2026-09-16,,Infrastructure,Deferred,566.91
PRJ007241,A0017717,Technology Refresh Wave,2026-10-06,,Cloud,Approved,868.54
PRJ007242,A0019508,Technology Refresh Wave,2026-08-28,,Infrastructure,In Progress,469.35
PRJ007243,A0019673,Technology Refresh Wave,2026-06-17,,Infrastructure,Approved,510.41
PRJ007244,A0014799,Technology Refresh Wave,2027-02-23,,Security,Proposed,1228.97
PRJ007245,A0007723,Technology Refresh Wave,2027-08-30,,Infrastructure,In Progress,1375.77
PRJ007246,A0007047,Technology Refresh Wave,2027-10-16,,Network,In Progress,1393.87
PRJ007247,A0004897,Technology Refresh Wave,2028-10-30,,Cloud,Approved,1922.24
PRJ007248,A0009299,Technology Refresh Wave,2026-11-06,,Cloud,Approved,1499.74
PRJ007249,A0009007,Technology Refresh Wave,2027-09-27,,Cloud,In Progress,1076.58
PRJ007250,A0020344,Technology Refresh Wave,2028-12-14,,Network,In Progress,19307.34
PRJ007251,A0008427,Technology Refresh Wave,2026-10-13,,Security,Proposed,1719.92
PRJ007252,A0014754,Technology Refresh Wave,2027-01-24,,Infrastructure,Approved,1036.26
PRJ007253,A0007111,Technology Refresh Wave,2027-07-02,,Cloud,In Progress,2237.68
PRJ007254,A0009643,Technology Refresh Wave,2028-04-28,,End User Computing,Completed,1752.78
PRJ007255,A0020768,Technology Refresh Wave,2027-08-26,,End User Computing,Proposed,17484.52
PRJ007256,A0020935,Technology Refresh Wave,2027-10-17,,Cloud,Approved,8304.64
PRJ007257,A0015273,Technology Refresh Wave,2027-11-11,,Network,Deferred,776.15
PRJ007258,A0016031,Technology Refresh Wave,2027-10-19,,Cloud,Proposed,653.02
PRJ007259,A0004207,Technology Refresh Wave,2028-07-31,,Cloud,Proposed,1774.63
PRJ007260,A0017330,Technology Refresh Wave,2028-01-26,,Infrastructure,Approved,1073.66
PRJ007261,A0011785,Technology Refresh Wave,2027-02-07,,End User Computing,Deferred,1243.21
PRJ007262,A0001768,Technology Refresh Wave,2028-04-20,,End User Computing,Deferred,972.13
PRJ007263,A0015100,Technology Refresh Wave,2027-08-15,,End User Computing,Proposed,1073.36
PRJ007264,A0014565,Technology Refresh Wave,2028-07-16,,Infrastructure,In Progress,887.81
PRJ007265,A0017960,Technology Refresh Wave,2028-05-21,,Security,Deferred,1235.5
PRJ007266,A0005961,Technology Refresh Wave,2028-10-04,,Cloud,In Progress,1825.4
PRJ007267,A0022320,Technology Refresh Wave,2026-07-19,,End User Computing,Approved,4709.81
PRJ007268,A0022885,Technology Refresh Wave,2028-01-07,,End User Computing,Approved,10390.12
PRJ007269,A0019443,Technology Refresh Wave,2027-08-05,,Cloud,Deferred,338.7
PRJ007270,A0021374,Technology Refresh Wave,2028-04-01,,Infrastructure,Deferred,13254.8
PRJ007271,A0011644,Technology Refresh Wave,2028-04-21,,Network,In Progress,1065.48
PRJ007272,A0019689,Technology Refresh Wave,2028-01-15,,Infrastructure,Proposed,489.91
PRJ007273,A0005251,Technology Refresh Wave,2026-07-14,,End User Computing,Proposed,1362.01
PRJ007274,A0017692,Technology Refresh Wave,2026-02-27,,Infrastructure,Proposed,1077.54
PRJ007275,A0007696,Technology Refresh Wave,2027-03-25,,Network,Proposed,900.33
PRJ007276,A0013988,Technology Refresh Wave,2028-02-29,,End User Computing,In Progress,936.68
PRJ007277,A0019930,Technology Refresh Wave,2027-01-22,,Security,Proposed,353.93
PRJ007278,A0016535,Technology Refresh Wave,2027-09-05,,Cloud,Completed,666.22
PRJ007279,A0010157,Technology Refresh Wave,2028-10-08,,Security,Approved,1448.89
PRJ007280,A0006789,Technology Refresh Wave,2027-08-30,,Security,Proposed,867.1
PRJ007281,A0007511,Technology Refresh Wave,2027-05-16,,Security,Approved,1480.27
PRJ007282,A0013885,Technology Refresh Wave,2028-12-21,,Infrastructure,Deferred,2185.76
PRJ007283,A0022343,Technology Refresh Wave,2028-04-20,,Security,Completed,4213.79
PRJ007284,A0018146,Technology Refresh Wave,2028-04-29,,Infrastructure,Proposed,1007.08
PRJ007285,A0006445,Technology Refresh Wave,2027-06-02,,Infrastructure,Completed,898.92
PRJ007286,A0007537,Technology Refresh Wave,2026-08-04,,End User Computing,Proposed,1340.55
PRJ007287,A0009819,Technology Refresh Wave,2027-10-10,,End User Computing,Deferred,1036.65
PRJ007288,A0001003,Technology Refresh Wave,2026-08-02,,Cloud,Proposed,1820.42
PRJ007289,A0005158,Technology Refresh Wave,2026-04-02,,Cloud,Completed,1002.3
PRJ007290,A0020098,Technology Refresh Wave,2027-11-18,,Infrastructure,Proposed,13116.23
PRJ007291,A0022703,Technology Refresh Wave,2028-06-11,,Infrastructure,Approved,26888.03
PRJ007292,A0011397,Technology Refresh Wave,2026-08-27,,Infrastructure,Proposed,1218.13
PRJ007293,A0017702,Technology Refresh Wave,2027-06-19,,Security,Deferred,887.02
PRJ007294,A0011273,Technology Refresh Wave,2027-11-01,,Cloud,Approved,1530.99
PRJ007295,A0010520,Technology Refresh Wave,2026-03-29,,End User Computing,Completed,1310.3
PRJ007296,A0006724,Technology Refresh Wave,2026-11-15,,Security,Completed,1570.97
PRJ007297,A0013364,Technology Refresh Wave,2026-11-24,,Network,Completed,1310.16
PRJ007298,A0015739,Technology Refresh Wave,2026-07-25,,End User Computing,Approved,915.18
PRJ007299,A0008624,Technology Refresh Wave,2027-04-16,,End User Computing,Approved,1972.56
PRJ007300,A0014112,Technology Refresh Wave,2028-07-24,,Security,Proposed,1016.64
PRJ007301,A0010954,Technology Refresh Wave,2028-06-18,,Network,Completed,1868.2
PRJ007302,A0016349,Technology Refresh Wave,2028-08-20,,Security,Approved,1044.77
PRJ007303,A0021990,Technology Refresh Wave,2028-05-17,,Infrastructure,Deferred,4293.84
PRJ007304,A0018131,Technology Refresh Wave,2027-07-04,,Infrastructure,Completed,815.63
PRJ007305,A0015092,Technology Refresh Wave,2028-02-23,,End User Computing,Proposed,857.85
PRJ007306,A0018466,Technology Refresh Wave,2026-10-24,,Infrastructure,In Progress,857.0
PRJ007307,A0022721,Technology Refresh Wave,2027-04-08,,Network,Proposed,6253.49
PRJ007308,A0002147,Technology Refresh Wave,2028-07-03,,Network,In Progress,1282.0
PRJ007309,A0019309,Technology Refresh Wave,2026-01-22,,Network,Proposed,488.98
PRJ007310,A0020683,Technology Refresh Wave,2027-08-25,,Infrastructure,Deferred,20760.64
PRJ007311,A0002663,Technology Refresh Wave,2028-01-21,,Network,In Progress,1115.7
PRJ007312,A0015213,Technology Refresh Wave,2026-04-20,,End User Computing,Approved,961.04
PRJ007313,A0012452,Technology Refresh Wave,2027-02-01,,Infrastructure,Proposed,1488.45
PRJ007314,A0020187,Technology Refresh Wave,2026-05-26,,Security,In Progress,12003.53
PRJ007315,A0010009,Technology Refresh Wave,2026-02-10,,Network,In Progress,1101.8
PRJ007316,A0022124,Technology Refresh Wave,2027-07-23,,Infrastructure,In Progress,3847.01
PRJ007317,A0007030,Technology Refresh Wave,2027-05-18,,Cloud,Proposed,1247.81
PRJ007318,A0004340,Technology Refresh Wave,2026-04-11,,Network,Proposed,1112.54
PRJ007319,A0003195,Technology Refresh Wave,2027-02-18,,Network,Deferred,1140.23
PRJ007320,A0005934,Technology Refresh Wave,2026-03-31,,Infrastructure,Approved,1008.83
PRJ007321,A0016211,Technology Refresh Wave,2026-10-20,,Network,Deferred,1022.58
PRJ007322,A0002954,Technology Refresh Wave,2028-09-06,,Cloud,In Progress,1231.86
PRJ007323,A0006363,Technology Refresh Wave,2027-06-28,,End User Computing,Proposed,1646.5
PRJ007324,A0010802,Technology Refresh Wave,2028-03-05,,Network,Approved,1002.48
PRJ007325,A0011942,Technology Refresh Wave,2027-09-18,,End User Computing,Completed,1192.35
PRJ007326,A0005450,Technology Refresh Wave,2026-02-06,,Cloud,In Progress,1249.48
PRJ007327,A0006957,Technology Refresh Wave,2028-02-15,,Network,Deferred,1671.68
PRJ007328,A0002738,Technology Refresh Wave,2026-02-02,,Security,Approved,1510.72
PRJ007329,A0015327,Technology Refresh Wave,2026-01-04,,Cloud,Proposed,832.49
PRJ007330,A0004246,Technology Refresh Wave,2028-07-27,,Cloud,In Progress,1396.2
PRJ007331,A0002311,Technology Refresh Wave,2028-08-18,,Cloud,Deferred,1202.25
PRJ007332,A0010390,Technology Refresh Wave,2027-05-12,,Network,Approved,1108.82
PRJ007333,A0009318,Technology Refresh Wave,2028-07-21,,Cloud,Deferred,1464.82
PRJ007334,A0014764,Technology Refresh Wave,2026-02-21,,Security,Approved,928.82
PRJ007335,A0018374,Technology Refresh Wave,2026-07-25,,Infrastructure,Deferred,1223.14
PRJ007336,A0003796,Technology Refresh Wave,2026-09-11,,Cloud,In Progress,1262.67
PRJ007337,A0008230,Technology Refresh Wave,2027-05-17,,Cloud,Deferred,2420.91
PRJ007338,A0001281,Technology Refresh Wave,2027-02-18,,Infrastructure,Proposed,1166.01
PRJ007339,A0002858,Technology Refresh Wave,2028-04-01,,End User Computing,Completed,1240.2
PRJ007340,A0004437,Technology Refresh Wave,2028-06-03,,Infrastructure,In Progress,1121.24
PRJ007341,A0005107,Technology Refresh Wave,2027-11-15,,Infrastructure,Approved,925.21
PRJ007342,A0021346,Technology Refresh Wave,2027-05-13,,Security,Proposed,18238.72
PRJ007343,A0023550,Technology Refresh Wave,2027-07-09,,Security,In Progress,704.44
PRJ007344,A0014798,Technology Refresh Wave,2026-06-14,,Infrastructure,Deferred,1264.48
PRJ007345,A0008514,Technology Refresh Wave,2027-01-23,,Security,Completed,2033.12
PRJ007346,A0008890,Technology Refresh Wave,2027-04-07,,Security,Approved,1064.55
PRJ007347,A0010505,Technology Refresh Wave,2027-06-09,,Network,Proposed,2322.5
PRJ007348,A0013581,Technology Refresh Wave,2027-09-03,,Network,Approved,2827.86
PRJ007349,A0022536,Technology Refresh Wave,2026-02-01,,End User Computing,Completed,13857.08
PRJ007350,A0010420,Technology Refresh Wave,2026-11-22,,End User Computing,Proposed,1448.15
PRJ007351,A0008351,Technology Refresh Wave,2028-11-04,,Security,Approved,1035.79
PRJ007352,A0019649,Technology Refresh Wave,2028-04-02,,Security,In Progress,377.47
PRJ007353,A0004626,Technology Refresh Wave,2027-11-07,,Network,Completed,2606.36
PRJ007354,A0010092,Technology Refresh Wave,2027-11-05,,Security,Approved,934.78
PRJ007355,A0000223,Technology Refresh Wave,2028-01-24,,End User Computing,Deferred,1130.77
PRJ007356,A0003546,Technology Refresh Wave,2028-12-29,,End User Computing,Deferred,1206.74
PRJ007357,A0010865,Technology Refresh Wave,2026-09-08,,Cloud,In Progress,1209.78
PRJ007358,A0016996,Technology Refresh Wave,2026-10-16,,End User Computing,In Progress,889.39
PRJ007359,A0017974,Technology Refresh Wave,2027-07-13,,Network,In Progress,925.61
PRJ007360,A0002443,Technology Refresh Wave,2027-11-23,,Network,Completed,1414.76
PRJ007361,A0022841,Technology Refresh Wave,2026-06-16,,Cloud,In Progress,28907.97
PRJ007362,A0017456,Technology Refresh Wave,2026-09-23,,End User Computing,Completed,754.43
PRJ007363,A0003987,Technology Refresh Wave,2026-11-01,,Cloud,Proposed,1345.68
PRJ007364,A0001973,Technology Refresh Wave,2026-09-28,,End User Computing,Proposed,1180.71
PRJ007365,A0009333,Technology Refresh Wave,2026-02-28,,Security,Deferred,892.66
PRJ007366,A0001571,Technology Refresh Wave,2027-11-09,,Security,Deferred,1456.15
PRJ007367,A0014429,Technology Refresh Wave,2026-06-23,,Cloud,Proposed,984.99
PRJ007368,A0002282,Technology Refresh Wave,2027-08-12,,Security,Approved,1257.97
PRJ007369,A0006133,Technology Refresh Wave,2027-09-09,,End User Computing,In Progress,1067.57
PRJ007370,A0012789,Technology Refresh Wave,2028-03-05,,Security,Approved,1267.55
PRJ007371,A0002822,Technology Refresh Wave,2028-02-06,,Network,In Progress,1622.75
PRJ007372,A0002022,Technology Refresh Wave,2027-11-23,,Cloud,Proposed,879.88
PRJ007373,A0012320,Technology Refresh Wave,2028-08-22,,Infrastructure,In Progress,1208.78
PRJ007374,A0006189,Technology Refresh Wave,2026-02-13,,Network,Completed,1725.95
PRJ007375,A0007439,Technology Refresh Wave,2028-09-10,,Security,Proposed,1284.87
PRJ007376,A0010073,Technology Refresh Wave,2026-03-25,,Cloud,Completed,1308.01
PRJ007377,A0019469,Technology Refresh Wave,2027-01-10,,Security,Approved,461.29
PRJ007378,A0009129,Technology Refresh Wave,2026-08-06,,Infrastructure,Completed,1058.7
PRJ007379,A0008744,Technology Refresh Wave,2028-02-08,,Cloud,Deferred,1312.31
PRJ007380,A0012064,Technology Refresh Wave,2026-09-01,,End User Computing,Proposed,1951.78
PRJ007381,A0006099,Technology Refresh Wave,2028-01-01,,Cloud,Approved,1128.27
PRJ007382,A0022154,Technology Refresh Wave,2028-10-26,,Infrastructure,Deferred,6728.42
PRJ007383,A0002557,Technology Refresh Wave,2027-08-03,,Security,Approved,1417.58
PRJ007384,A0016108,Technology Refresh Wave,2028-01-12,,Security,In Progress,742.72
PRJ007385,A0017114,Technology Refresh Wave,2027-09-15,,Cloud,Approved,1159.43
PRJ007386,A0008452,Technology Refresh Wave,2026-09-18,,Infrastructure,Approved,1294.85
PRJ007387,A0023173,Technology Refresh Wave,2027-04-02,,Network,Proposed,1037.45
PRJ007388,A0019548,Technology Refresh Wave,2026-03-30,,Network,In Progress,363.46
PRJ007389,A0021750,Technology Refresh Wave,2026-12-20,,End User Computing,In Progress,5085.0
PRJ007390,A0003345,Technology Refresh Wave,2027-01-03,,Infrastructure,Proposed,1866.53
PRJ007391,A0000903,Technology Refresh Wave,2028-12-07,,Security,In Progress,1265.87
PRJ007392,A0007377,Technology Refresh Wave,2026-08-31,,Cloud,Completed,1874.52
PRJ007393,A0010735,Technology Refresh Wave,2027-01-26,,Infrastructure,Deferred,2046.14
PRJ007394,A0000182,Technology Refresh Wave,2026-03-30,,Security,Proposed,1452.57
PRJ007395,A0017329,Technology Refresh Wave,2026-06-03,,Security,Completed,895.59
PRJ007396,A0013485,Technology Refresh Wave,2026-10-01,,Cloud,Proposed,1464.03
PRJ007397,A0019179,Technology Refresh Wave,2027-03-17,,Infrastructure,In Progress,464.87
PRJ007398,A0018831,Technology Refresh Wave,2026-03-31,,Infrastructure,Proposed,352.06
PRJ007399,A0001854,Technology Refresh Wave,2027-04-08,,Network,Approved,1242.04
PRJ007400,A0010853,Technology Refresh Wave,2028-09-18,,Network,Deferred,1600.25
PRJ007401,A0018262,Technology Refresh Wave,2026-09-29,,End User Computing,Deferred,1000.24
PRJ007402,A0023003,Technology Refresh Wave,2028-10-20,,End User Computing,Proposed,22070.41
PRJ007403,A0018108,Technology Refresh Wave,2026-12-10,,End User Computing,Proposed,1155.55
PRJ007404,A0012548,Technology Refresh Wave,2028-10-29,,Network,Approved,1820.42
PRJ007405,A0008828,Technology Refresh Wave,2026-02-07,,Cloud,Approved,1544.17
PRJ007406,A0001459,Technology Refresh Wave,2027-10-22,,Network,Completed,1356.61
PRJ007407,A0002727,Technology Refresh Wave,2028-10-20,,Cloud,Approved,1880.16
PRJ007408,A0000627,Technology Refresh Wave,2027-11-16,,Cloud,Proposed,1207.02
PRJ007409,A0010981,Technology Refresh Wave,2028-06-02,,Cloud,Deferred,1268.22
PRJ007410,A0003967,Technology Refresh Wave,2026-11-23,,Infrastructure,Deferred,1909.53
PRJ007411,A0019497,Technology Refresh Wave,2028-05-04,,Infrastructure,Approved,469.71
PRJ007412,A0007137,Technology Refresh Wave,2026-10-29,,Cloud,Deferred,1532.77
PRJ007413,A0001927,Technology Refresh Wave,2027-12-01,,Infrastructure,In Progress,1115.07
PRJ007414,A0007142,Technology Refresh Wave,2026-12-20,,Security,Completed,1679.67
PRJ007415,A0004984,Technology Refresh Wave,2028-09-03,,Infrastructure,Deferred,1170.46
PRJ007416,A0013450,Technology Refresh Wave,2028-05-31,,Security,Proposed,1115.85
PRJ007417,A0019932,Technology Refresh Wave,2026-05-27,,Infrastructure,Deferred,447.3
PRJ007418,A0010449,Technology Refresh Wave,2026-10-09,,Network,Proposed,1838.09
PRJ007419,A0019657,Technology Refresh Wave,2027-06-25,,End User Computing,Deferred,555.23
PRJ007420,A0021660,Technology Refresh Wave,2028-03-18,,End User Computing,Approved,3718.3
PRJ007421,A0014887,Technology Refresh Wave,2026-05-19,,Security,In Progress,840.84
PRJ007422,A0003657,Technology Refresh Wave,2026-09-03,,Security,Proposed,1798.9
PRJ007423,A0007139,Technology Refresh Wave,2027-10-08,,Infrastructure,Proposed,1223.6
PRJ007424,A0006594,Technology Refresh Wave,2027-10-22,,Network,Proposed,1691.33
PRJ007425,A0019665,Technology Refresh Wave,2026-04-14,,Cloud,Proposed,395.6
PRJ007426,A0009852,Technology Refresh Wave,2028-12-11,,Infrastructure,Deferred,1651.49
PRJ007427,A0016342,Technology Refresh Wave,2027-01-28,,Cloud,Deferred,1291.91
PRJ007428,A0009486,Technology Refresh Wave,2028-12-28,,Network,Deferred,1217.22
PRJ007429,A0014859,Technology Refresh Wave,2026-01-08,,Security,Deferred,921.94
PRJ007430,A0000678,Technology Refresh Wave,2027-04-02,,End User Computing,Deferred,1141.04
PRJ007431,A0021842,Technology Refresh Wave,2027-11-13,,Cloud,Approved,5510.04
PRJ007432,A0009200,Technology Refresh Wave,2028-11-29,,End User Computing,Approved,1095.21
PRJ007433,A0005092,Technology Refresh Wave,2027-03-24,,Infrastructure,Proposed,1095.72
PRJ007434,A0006497,Technology Refresh Wave,2026-06-25,,Security,Deferred,1264.14
PRJ007435,A0019134,Technology Refresh Wave,2027-06-28,,Infrastructure,Proposed,522.33
PRJ007436,A0009015,Technology Refresh Wave,2027-08-31,,Infrastructure,Approved,1265.61
PRJ007437,A0011608,Technology Refresh Wave,2028-02-19,,End User Computing,In Progress,1288.44
PRJ007438,A0023326,Technology Refresh Wave,2026-07-20,,Network,Approved,1081.01
PRJ007439,A0023650,Technology Refresh Wave,2026-06-21,,Network,Proposed,884.48
PRJ007440,A0006601,Technology Refresh Wave,2026-02-27,,Security,In Progress,951.22
PRJ007441,A0012366,Technology Refresh Wave,2026-07-07,,Infrastructure,Completed,1502.74
PRJ007442,A0014815,Technology Refresh Wave,2026-01-06,,End User Computing,Completed,803.61
PRJ007443,A0000702,Technology Refresh Wave,2027-10-26,,Infrastructure,Deferred,939.55
PRJ007444,A0007015,Technology Refresh Wave,2028-11-15,,Security,Proposed,1053.69
PRJ007445,A0004931,Technology Refresh Wave,2027-07-25,,Infrastructure,Completed,1415.45
PRJ007446,A0022671,Technology Refresh Wave,2027-04-01,,Infrastructure,In Progress,68739.14
PRJ007447,A0010949,Technology Refresh Wave,2028-04-22,,Security,Approved,1125.71
PRJ007448,A0011021,Technology Refresh Wave,2027-02-05,,Cloud,In Progress,1031.77
PRJ007449,A0011680,Technology Refresh Wave,2026-11-18,,Security,Proposed,1109.08
PRJ007450,A0021243,Technology Refresh Wave,2027-02-17,,Cloud,In Progress,13931.7
PRJ007451,A0000249,Technology Refresh Wave,2027-04-29,,Cloud,Proposed,960.13
PRJ007452,A0015863,Technology Refresh Wave,2028-12-30,,Infrastructure,Approved,696.58
PRJ007453,A0014973,Technology Refresh Wave,2027-10-03,,Infrastructure,Approved,1102.27
PRJ007454,A0019870,Technology Refresh Wave,2026-09-03,,Infrastructure,Approved,325.74
PRJ007455,A0009978,Technology Refresh Wave,2026-04-17,,End User Computing,Proposed,964.98
PRJ007456,A0012112,Technology Refresh Wave,2028-11-03,,Infrastructure,Proposed,1518.25
PRJ007457,A0004000,Technology Refresh Wave,2026-08-24,,End User Computing,Approved,1079.05
PRJ007458,A0017147,Technology Refresh Wave,2026-09-27,,Cloud,Approved,1052.99
PRJ007459,A0012079,Technology Refresh Wave,2028-12-21,,Infrastructure,Proposed,982.6
PRJ007460,A0019280,Technology Refresh Wave,2027-05-17,,End User Computing,In Progress,402.68
PRJ007461,A0005035,Technology Refresh Wave,2027-03-12,,End User Computing,In Progress,2513.42
PRJ007462,A0017002,Technology Refresh Wave,2028-01-29,,Infrastructure,Proposed,820.99
PRJ007463,A0018595,Technology Refresh Wave,2026-03-23,,Infrastructure,Approved,367.49
PRJ007464,A0002087,Technology Refresh Wave,2027-10-16,,Network,Completed,1066.78
PRJ007465,A0004981,Technology Refresh Wave,2028-06-27,,Security,In Progress,960.45
PRJ007466,A0009540,Technology Refresh Wave,2028-10-20,,Infrastructure,Deferred,1611.41
PRJ007467,A0010338,Technology Refresh Wave,2027-07-14,,Network,Deferred,1324.68
PRJ007468,A0002242,Technology Refresh Wave,2028-06-08,,End User Computing,Deferred,1890.22
PRJ007469,A0014830,Technology Refresh Wave,2027-01-14,,Cloud,Proposed,866.03
PRJ007470,A0022499,Technology Refresh Wave,2028-10-31,,End User Computing,Approved,11286.7
PRJ007471,A0002590,Technology Refresh Wave,2028-05-30,,Infrastructure,Deferred,1482.73
PRJ007472,A0019885,Technology Refresh Wave,2027-02-03,,Network,Proposed,427.14
PRJ007473,A0008879,Technology Refresh Wave,2028-06-05,,End User Computing,Approved,1405.53
PRJ007474,A0016120,Technology Refresh Wave,2028-07-07,,Cloud,Deferred,1275.28
PRJ007475,A0005147,Technology Refresh Wave,2026-04-28,,Security,Proposed,1051.02
PRJ007476,A0004528,Technology Refresh Wave,2028-06-18,,End User Computing,Completed,2108.38
PRJ007477,A0016202,Technology Refresh Wave,2027-04-09,,Cloud,Proposed,1268.06
PRJ007478,A0006299,Technology Refresh Wave,2028-01-11,,Security,Proposed,1914.85
PRJ007479,A0019652,Technology Refresh Wave,2026-12-01,,Cloud,Proposed,403.86
PRJ007480,A0005036,Technology Refresh Wave,2028-02-03,,Infrastructure,Deferred,1137.09
PRJ007481,A0023288,Technology Refresh Wave,2027-01-21,,Infrastructure,Approved,1200.67
PRJ007482,A0007661,Technology Refresh Wave,2028-11-04,,Infrastructure,Proposed,1870.3
PRJ007483,A0014134,Technology Refresh Wave,2027-12-29,,End User Computing,In Progress,849.94
PRJ007484,A0021026,Technology Refresh Wave,2028-10-30,,Security,In Progress,15514.17
PRJ007485,A0004255,Technology Refresh Wave,2027-06-29,,Cloud,Proposed,1061.46
PRJ007486,A0016505,Technology Refresh Wave,2027-06-15,,End User Computing,Approved,753.53
PRJ007487,A0021939,Technology Refresh Wave,2027-06-27,,Infrastructure,Proposed,7225.03
PRJ007488,A0016852,Technology Refresh Wave,2028-10-09,,Cloud,In Progress,931.85
PRJ007489,A0017500,Technology Refresh Wave,2026-01-06,,Security,Completed,1098.93
PRJ007490,A0007607,Technology Refresh Wave,2028-09-26,,Cloud,Completed,1503.62
PRJ007491,A0016272,Technology Refresh Wave,2028-12-23,,Security,Approved,732.75
PRJ007492,A0017632,Technology Refresh Wave,2026-04-05,,Security,Approved,713.73
PRJ007493,A0009441,Technology Refresh Wave,2026-01-06,,Infrastructure,Deferred,1398.0
PRJ007494,A0004230,Technology Refresh Wave,2026-04-26,,Infrastructure,Approved,1122.62
PRJ007495,A0009469,Technology Refresh Wave,2027-11-29,,Security,Deferred,1178.34
PRJ007496,A0023335,Technology Refresh Wave,2028-05-25,,Cloud,Deferred,685.59
PRJ007497,A0008674,Technology Refresh Wave,2026-01-10,,Network,Deferred,1296.18
PRJ007498,A0000885,Technology Refresh Wave,2026-04-01,,Infrastructure,Deferred,1025.12
PRJ007499,A0013433,Technology Refresh Wave,2028-04-14,,Infrastructure,In Progress,1250.24
PRJ007500,A0001040,Technology Refresh Wave,2028-04-30,,Security,Deferred,1158.07
PRJ007501,A0002898,Technology Refresh Wave,2027-04-25,,End User Computing,Proposed,1022.58
PRJ007502,A0005567,Technology Refresh Wave,2028-08-09,,Security,In Progress,1251.18
PRJ007503,A0011803,Technology Refresh Wave,2027-09-21,,Infrastructure,Deferred,2364.17
PRJ007504,A0009051,Technology Refresh Wave,2027-02-08,,Infrastructure,Proposed,998.41
PRJ007505,A0002446,Technology Refresh Wave,2027-07-16,,Infrastructure,Completed,1106.85
PRJ007506,A0014942,Technology Refresh Wave,2026-10-19,,Network,Proposed,1052.02
PRJ007507,A0016486,Technology Refresh Wave,2028-09-23,,Infrastructure,In Progress,1123.87
PRJ007508,A0020326,Technology Refresh Wave,2026-02-06,,Infrastructure,Deferred,15429.26
PRJ007509,A0022683,Technology Refresh Wave,2027-12-14,,Infrastructure,Completed,5083.91
PRJ007510,A0019312,Technology Refresh Wave,2026-03-21,,Cloud,Approved,414.27
PRJ007511,A0009367,Technology Refresh Wave,2027-10-31,,Network,Deferred,1691.49
PRJ007512,A0007169,Technology Refresh Wave,2026-06-02,,Cloud,Proposed,1288.68
PRJ007513,A0008937,Technology Refresh Wave,2028-02-02,,Cloud,Approved,1670.63
PRJ007514,A0002096,Technology Refresh Wave,2028-12-02,,Infrastructure,Approved,1421.53
PRJ007515,A0003858,Technology Refresh Wave,2026-08-29,,Security,Proposed,1548.17
PRJ007516,A0021680,Technology Refresh Wave,2027-10-07,,Cloud,Approved,8668.89
PRJ007517,A0017732,Technology Refresh Wave,2026-01-28,,Cloud,Deferred,1151.81
PRJ007518,A0003478,Technology Refresh Wave,2027-02-26,,Security,Completed,1163.9
PRJ007519,A0005291,Technology Refresh Wave,2027-11-02,,Cloud,Proposed,1539.05
PRJ007520,A0017361,Technology Refresh Wave,2027-07-15,,Network,In Progress,879.46
PRJ007521,A0001011,Technology Refresh Wave,2028-04-16,,Infrastructure,Approved,1684.72
PRJ007522,A0007583,Technology Refresh Wave,2028-03-31,,Security,In Progress,1153.87
PRJ007523,A0005364,Technology Refresh Wave,2027-06-02,,End User Computing,In Progress,1403.09
PRJ007524,A0017829,Technology Refresh Wave,2028-04-13,,Infrastructure,Proposed,729.9
PRJ007525,A0011636,Technology Refresh Wave,2028-01-05,,Infrastructure,Approved,1117.47
PRJ007526,A0011192,Technology Refresh Wave,2026-05-11,,Infrastructure,Completed,1255.44
PRJ007527,A0011338,Technology Refresh Wave,2027-10-28,,Cloud,Proposed,1674.47
PRJ007528,A0006312,Technology Refresh Wave,2027-02-18,,Security,Approved,1707.74
PRJ007529,A0005315,Technology Refresh Wave,2026-08-04,,End User Computing,Completed,1130.0
PRJ007530,A0013839,Technology Refresh Wave,2027-10-05,,Infrastructure,In Progress,1567.65
PRJ007531,A0021662,Technology Refresh Wave,2027-10-29,,Network,In Progress,6638.42
PRJ007532,A0019035,Technology Refresh Wave,2027-01-29,,Network,Approved,421.37
PRJ007533,A0010995,Technology Refresh Wave,2026-07-22,,Infrastructure,In Progress,926.98
PRJ007534,A0019967,Technology Refresh Wave,2028-06-15,,Cloud,Deferred,449.15
PRJ007535,A0000935,Technology Refresh Wave,2027-09-26,,Network,Proposed,2245.76
PRJ007536,A0010121,Technology Refresh Wave,2027-11-22,,Security,Proposed,1125.1
PRJ007537,A0020111,Technology Refresh Wave,2028-05-02,,Security,Completed,12249.02
PRJ007538,A0022191,Technology Refresh Wave,2026-02-02,,Infrastructure,In Progress,4501.48
PRJ007539,A0007198,Technology Refresh Wave,2028-12-02,,Security,Approved,1358.11
PRJ007540,A0021765,Technology Refresh Wave,2028-11-28,,Network,Completed,7546.64
PRJ007541,A0017021,Technology Refresh Wave,2028-12-21,,Cloud,Approved,822.35
PRJ007542,A0001344,Technology Refresh Wave,2027-03-04,,Infrastructure,Completed,1221.96
PRJ007543,A0000518,Technology Refresh Wave,2026-08-30,,Infrastructure,Proposed,1164.02
PRJ007544,A0000360,Technology Refresh Wave,2026-01-06,,Security,Approved,1124.11
PRJ007545,A0009321,Technology Refresh Wave,2028-01-13,,Network,Deferred,2808.17
PRJ007546,A0011022,Technology Refresh Wave,2028-01-25,,Infrastructure,Deferred,2036.34
PRJ007547,A0021832,Technology Refresh Wave,2026-10-20,,Infrastructure,Proposed,6007.05
PRJ007548,A0022939,Technology Refresh Wave,2027-11-24,,End User Computing,Approved,37213.9
PRJ007549,A0000960,Technology Refresh Wave,2027-03-08,,Infrastructure,In Progress,1182.21
PRJ007550,A0022857,Technology Refresh Wave,2027-08-22,,Security,Approved,8479.97
PRJ007551,A0001149,Technology Refresh Wave,2028-04-16,,Security,Approved,1470.28
PRJ007552,A0002955,Technology Refresh Wave,2028-06-16,,Infrastructure,Proposed,1127.42
PRJ007553,A0005765,Technology Refresh Wave,2027-06-07,,Network,Approved,1325.84
PRJ007554,A0002052,Technology Refresh Wave,2027-10-10,,Security,Deferred,1140.97
PRJ007555,A0021083,Technology Refresh Wave,2027-07-28,,Security,In Progress,14929.05
PRJ007556,A0002055,Technology Refresh Wave,2027-09-11,,Network,Approved,1166.47
PRJ007557,A0021235,Technology Refresh Wave,2027-10-27,,End User Computing,Proposed,15753.97
PRJ007558,A0015321,Technology Refresh Wave,2027-09-02,,Infrastructure,Deferred,876.66
PRJ007559,A0000471,Technology Refresh Wave,2028-01-30,,Infrastructure,Deferred,1546.2
PRJ007560,A0008814,Technology Refresh Wave,2027-10-09,,End User Computing,Proposed,1223.73
PRJ007561,A0020716,Technology Refresh Wave,2027-06-30,,Cloud,Approved,12260.59
PRJ007562,A0017606,Technology Refresh Wave,2027-11-24,,Security,Approved,880.11
PRJ007563,A0017426,Technology Refresh Wave,2027-04-25,,Network,Deferred,1129.86
PRJ007564,A0006420,Technology Refresh Wave,2026-01-30,,Infrastructure,Proposed,1617.9
PRJ007565,A0013549,Technology Refresh Wave,2028-07-17,,Security,Approved,1078.71
PRJ007566,A0015747,Technology Refresh Wave,2028-08-27,,Network,Proposed,736.64
PRJ007567,A0006007,Technology Refresh Wave,2028-04-09,,Security,In Progress,1419.2
PRJ007568,A0001277,Technology Refresh Wave,2028-12-06,,Infrastructure,Proposed,1344.0
PRJ007569,A0020720,Technology Refresh Wave,2028-02-04,,Cloud,Deferred,15876.83
PRJ007570,A0012470,Technology Refresh Wave,2028-03-07,,Cloud,Proposed,1257.21
PRJ007571,A0010719,Technology Refresh Wave,2028-03-15,,Cloud,In Progress,1483.25
PRJ007572,A0021998,Technology Refresh Wave,2026-04-09,,Network,In Progress,5189.36
PRJ007573,A0017308,Technology Refresh Wave,2028-10-07,,Cloud,Proposed,895.67
PRJ007574,A0014943,Technology Refresh Wave,2026-10-08,,Infrastructure,Proposed,1020.98
PRJ007575,A0008887,Technology Refresh Wave,2027-09-25,,Network,In Progress,1459.3
PRJ007576,A0010982,Technology Refresh Wave,2026-10-18,,Cloud,Completed,1346.72
PRJ007577,A0007925,Technology Refresh Wave,2028-08-19,,Network,In Progress,1285.75
PRJ007578,A0008853,Technology Refresh Wave,2027-04-01,,Network,Proposed,1418.29
PRJ007579,A0013977,Technology Refresh Wave,2026-11-25,,Security,Deferred,948.08
PRJ007580,A0013828,Technology Refresh Wave,2028-04-23,,Security,Completed,1297.14
PRJ007581,A0022210,Technology Refresh Wave,2027-11-01,,Network,Approved,4768.45
PRJ007582,A0003609,Technology Refresh Wave,2026-11-22,,Network,Deferred,1462.64
PRJ007583,A0022419,Technology Refresh Wave,2027-06-08,,Network,In Progress,15756.26
PRJ007584,A0010514,Technology Refresh Wave,2026-05-30,,End User Computing,In Progress,1124.47
PRJ007585,A0023344,Technology Refresh Wave,2028-12-18,,Network,Proposed,1010.37
PRJ007586,A0009452,Technology Refresh Wave,2026-01-07,,End User Computing,Proposed,1015.21
PRJ007587,A0021753,Technology Refresh Wave,2027-08-14,,Security,Deferred,4659.18
PRJ007588,A0014106,Technology Refresh Wave,2026-09-18,,End User Computing,Approved,1082.95
PRJ007589,A0000177,Technology Refresh Wave,2026-12-21,,Security,Completed,1084.51
PRJ007590,A0020992,Technology Refresh Wave,2028-07-11,,End User Computing,Proposed,12576.24
PRJ007591,A0020662,Technology Refresh Wave,2027-03-27,,Cloud,Approved,13811.33
PRJ007592,A0007276,Technology Refresh Wave,2028-01-15,,End User Computing,Approved,1233.82
PRJ007593,A0008367,Technology Refresh Wave,2026-03-08,,Infrastructure,In Progress,1560.7
PRJ007594,A0010382,Technology Refresh Wave,2026-03-08,,Cloud,In Progress,2347.09
PRJ007595,A0007733,Technology Refresh Wave,2026-01-24,,Infrastructure,Approved,1664.11
PRJ007596,A0001237,Technology Refresh Wave,2028-04-05,,Security,Completed,1322.96
PRJ007597,A0006336,Technology Refresh Wave,2027-09-07,,End User Computing,Proposed,1052.82
PRJ007598,A0008146,Technology Refresh Wave,2026-01-26,,End User Computing,Proposed,1356.24
PRJ007599,A0023571,Technology Refresh Wave,2028-04-18,,Network,Approved,685.07
PRJ007600,A0014299,Technology Refresh Wave,2026-01-14,,Network,Proposed,758.83
PRJ007601,A0017336,Technology Refresh Wave,2027-03-25,,Security,Approved,716.44
PRJ007602,A0022308,Technology Refresh Wave,2026-03-26,,Cloud,Deferred,5557.71
PRJ007603,A0010150,Technology Refresh Wave,2028-05-16,,Cloud,Proposed,1210.02
PRJ007604,A0014238,Technology Refresh Wave,2026-08-16,,End User Computing,In Progress,1148.01
PRJ007605,A0002395,Technology Refresh Wave,2028-05-03,,End User Computing,Proposed,1366.28
PRJ007606,A0011451,Technology Refresh Wave,2026-06-15,,Network,Proposed,2345.99
PRJ007607,A0017398,Technology Refresh Wave,2026-04-23,,End User Computing,Proposed,1064.75
PRJ007608,A0005919,Technology Refresh Wave,2027-02-07,,Security,In Progress,1028.37
PRJ007609,A0020392,Technology Refresh Wave,2028-02-14,,End User Computing,In Progress,17688.14
PRJ007610,A0018412,Technology Refresh Wave,2027-08-13,,Infrastructure,Approved,933.79
PRJ007611,A0015146,Technology Refresh Wave,2027-05-24,,End User Computing,Deferred,796.49
PRJ007612,A0017709,Technology Refresh Wave,2027-10-16,,Security,In Progress,1182.73
PRJ007613,A0002437,Technology Refresh Wave,2026-08-24,,Security,In Progress,1105.04
PRJ007614,A0017219,Technology Refresh Wave,2027-02-01,,Infrastructure,Completed,1213.43
PRJ007615,A0017061,Technology Refresh Wave,2028-01-29,,End User Computing,Proposed,887.56
PRJ007616,A0009110,Technology Refresh Wave,2026-07-22,,Security,In Progress,1306.87
PRJ007617,A0015137,Technology Refresh Wave,2026-05-28,,Cloud,Proposed,772.92
PRJ007618,A0003747,Technology Refresh Wave,2028-03-06,,Infrastructure,Proposed,2366.74
PRJ007619,A0006254,Technology Refresh Wave,2027-02-21,,Cloud,Approved,1034.53
PRJ007620,A0022959,Technology Refresh Wave,2026-03-15,,Security,Approved,40315.72
PRJ007621,A0020183,Technology Refresh Wave,2028-11-26,,Network,In Progress,12230.99
PRJ007622,A0001328,Technology Refresh Wave,2027-04-08,,Network,Proposed,1320.73
PRJ007623,A0003538,Technology Refresh Wave,2026-07-01,,End User Computing,Deferred,1133.28
PRJ007624,A0006614,Technology Refresh Wave,2028-11-28,,End User Computing,Completed,998.47
PRJ007625,A0005736,Technology Refresh Wave,2027-09-02,,Infrastructure,In Progress,1127.51
PRJ007626,A0022018,Technology Refresh Wave,2026-09-18,,Infrastructure,Deferred,4012.4
PRJ007627,A0017592,Technology Refresh Wave,2026-06-13,,End User Computing,Proposed,851.99
PRJ007628,A0003277,Technology Refresh Wave,2027-02-09,,Cloud,In Progress,1282.83
PRJ007629,A0002747,Technology Refresh Wave,2028-06-06,,Network,Approved,1427.21
PRJ007630,A0008263,Technology Refresh Wave,2026-02-27,,Cloud,In Progress,1152.36
PRJ007631,A0016366,Technology Refresh Wave,2028-01-16,,Cloud,Deferred,879.41
PRJ007632,A0000103,Technology Refresh Wave,2027-10-13,,Infrastructure,Completed,962.16
PRJ007633,A0016453,Technology Refresh Wave,2027-09-17,,Security,Approved,1023.08
PRJ007634,A0001662,Technology Refresh Wave,2027-01-08,,Network,Proposed,1177.3
PRJ007635,A0015401,Technology Refresh Wave,2028-08-27,,Security,In Progress,809.98
PRJ007636,A0021921,Technology Refresh Wave,2027-04-19,,Network,Deferred,7477.92
PRJ007637,A0020215,Technology Refresh Wave,2027-07-03,,Infrastructure,In Progress,12403.17
PRJ007638,A0011379,Technology Refresh Wave,2026-12-22,,Network,Completed,1213.85
PRJ007639,A0021809,Technology Refresh Wave,2028-12-30,,Security,Completed,5950.55
PRJ007640,A0019619,Technology Refresh Wave,2027-07-19,,End User Computing,Completed,343.41
PRJ007641,A0008059,Technology Refresh Wave,2026-05-10,,Cloud,Proposed,938.73
PRJ007642,A0013662,Technology Refresh Wave,2027-08-21,,Security,Proposed,827.38
PRJ007643,A0010353,Technology Refresh Wave,2026-05-26,,End User Computing,Approved,1207.59
PRJ007644,A0001695,Technology Refresh Wave,2028-06-12,,Cloud,Approved,979.4
PRJ007645,A0023303,Technology Refresh Wave,2028-12-30,,Infrastructure,Proposed,984.66
PRJ007646,A0019417,Technology Refresh Wave,2027-12-14,,Security,Approved,592.49
PRJ007647,A0013407,Technology Refresh Wave,2028-02-17,,Cloud,Proposed,1566.79
PRJ007648,A0011567,Technology Refresh Wave,2027-07-09,,Security,In Progress,822.84
PRJ007649,A0020829,Technology Refresh Wave,2026-04-10,,End User Computing,Approved,12427.75
PRJ007650,A0016367,Technology Refresh Wave,2028-01-05,,Infrastructure,Approved,967.44
PRJ007651,A0022624,Technology Refresh Wave,2028-11-02,,Cloud,Approved,61366.49
PRJ007652,A0000269,Technology Refresh Wave,2027-05-20,,Infrastructure,Proposed,1701.04
PRJ007653,A0000519,Technology Refresh Wave,2026-12-19,,Network,Deferred,1147.78
PRJ007654,A0008798,Technology Refresh Wave,2027-02-22,,Infrastructure,Deferred,1265.44
PRJ007655,A0007160,Technology Refresh Wave,2028-06-05,,Infrastructure,Completed,821.85
PRJ007656,A0020197,Technology Refresh Wave,2028-07-13,,Cloud,Proposed,10265.89
PRJ007657,A0020514,Technology Refresh Wave,2027-07-09,,Security,In Progress,14789.06
PRJ007658,A0006361,Technology Refresh Wave,2028-07-20,,Cloud,In Progress,1828.55
PRJ007659,A0010127,Technology Refresh Wave,2027-09-18,,Security,Completed,2019.21
PRJ007660,A0016215,Technology Refresh Wave,2026-01-16,,Cloud,In Progress,947.25
PRJ007661,A0017408,Technology Refresh Wave,2028-05-07,,Network,In Progress,856.21
PRJ007662,A0002359,Technology Refresh Wave,2027-10-23,,Network,Completed,954.21
PRJ007663,A0006024,Technology Refresh Wave,2028-02-17,,Network,Approved,1163.62
PRJ007664,A0021036,Technology Refresh Wave,2028-03-29,,Infrastructure,In Progress,10680.48
PRJ007665,A0000440,Technology Refresh Wave,2026-10-01,,Security,Approved,2007.59
PRJ007666,A0010837,Technology Refresh Wave,2028-08-04,,Infrastructure,In Progress,2313.53
PRJ007667,A0015548,Technology Refresh Wave,2028-01-31,,Security,Proposed,1053.61
PRJ007668,A0017078,Technology Refresh Wave,2026-12-13,,Security,Completed,1402.57
PRJ007669,A0000938,Technology Refresh Wave,2028-09-04,,Infrastructure,In Progress,1702.3
PRJ007670,A0022503,Technology Refresh Wave,2028-01-26,,Network,Completed,19037.5
PRJ007671,A0017319,Technology Refresh Wave,2027-05-12,,Security,Approved,1062.42
PRJ007672,A0022987,Technology Refresh Wave,2026-01-25,,Infrastructure,Proposed,43865.51
PRJ007673,A0003460,Technology Refresh Wave,2026-07-06,,Security,Proposed,1436.37
PRJ007674,A0008125,Technology Refresh Wave,2028-08-30,,End User Computing,Deferred,1339.38
PRJ007675,A0008050,Technology Refresh Wave,2026-02-20,,End User Computing,Deferred,1102.64
PRJ007676,A0002135,Technology Refresh Wave,2026-04-28,,End User Computing,Approved,1230.13
PRJ007677,A0004966,Technology Refresh Wave,2027-06-13,,Security,In Progress,1344.41
PRJ007678,A0007101,Technology Refresh Wave,2028-11-06,,Cloud,Approved,1127.63
PRJ007679,A0022989,Technology Refresh Wave,2026-01-12,,Infrastructure,Proposed,8486.58
PRJ007680,A0023266,Technology Refresh Wave,2026-10-05,,Infrastructure,Deferred,820.28
PRJ007681,A0002775,Technology Refresh Wave,2026-01-27,,Cloud,Completed,1210.64
PRJ007682,A0018123,Technology Refresh Wave,2026-10-27,,End User Computing,Approved,1094.41
PRJ007683,A0013554,Technology Refresh Wave,2028-08-09,,Infrastructure,In Progress,1037.87
PRJ007684,A0003120,Technology Refresh Wave,2026-06-12,,Network,Proposed,874.13
PRJ007685,A0017785,Technology Refresh Wave,2028-07-28,,Cloud,Proposed,931.55
PRJ007686,A0009218,Technology Refresh Wave,2026-03-09,,Security,Completed,1670.59
PRJ007687,A0001211,Technology Refresh Wave,2027-05-11,,Cloud,Deferred,1339.08
PRJ007688,A0007932,Technology Refresh Wave,2027-05-20,,Network,Proposed,1310.15
PRJ007689,A0020117,Technology Refresh Wave,2028-03-13,,Network,Approved,15395.76
PRJ007690,A0010869,Technology Refresh Wave,2027-02-02,,End User Computing,Proposed,1085.8
PRJ007691,A0001086,Technology Refresh Wave,2027-06-27,,Infrastructure,In Progress,1297.89
PRJ007692,A0014547,Technology Refresh Wave,2028-04-02,,End User Computing,Proposed,1308.23
PRJ007693,A0013497,Technology Refresh Wave,2026-03-09,,Security,Proposed,1279.0
PRJ007694,A0017134,Technology Refresh Wave,2027-06-06,,Cloud,In Progress,953.44
PRJ007695,A0006219,Technology Refresh Wave,2026-05-09,,Security,Completed,1572.6
PRJ007696,A0014029,Technology Refresh Wave,2027-05-08,,Security,Completed,1008.38
PRJ007697,A0015013,Technology Refresh Wave,2027-03-15,,Security,In Progress,822.49
PRJ007698,A0019710,Technology Refresh Wave,2028-06-13,,End User Computing,Proposed,348.94
PRJ007699,A0014704,Technology Refresh Wave,2027-11-02,,Infrastructure,Approved,1045.35
PRJ007700,A0012277,Technology Refresh Wave,2028-10-08,,Cloud,Approved,1315.57
PRJ007701,A0008239,Technology Refresh Wave,2026-01-27,,End User Computing,Deferred,1426.13
PRJ007702,A0014498,Technology Refresh Wave,2027-10-11,,Security,Proposed,1034.2
PRJ007703,A0008359,Technology Refresh Wave,2028-06-07,,Network,In Progress,1572.48
PRJ007704,A0003380,Technology Refresh Wave,2026-09-03,,End User Computing,Approved,1019.61
PRJ007705,A0017266,Technology Refresh Wave,2027-09-23,,End User Computing,In Progress,825.93
PRJ007706,A0007918,Technology Refresh Wave,2026-04-06,,End User Computing,In Progress,1590.36
PRJ007707,A0005555,Technology Refresh Wave,2027-12-23,,Security,Deferred,1105.44
PRJ007708,A0013261,Technology Refresh Wave,2027-03-20,,Cloud,Approved,1327.25
PRJ007709,A0001319,Technology Refresh Wave,2027-07-15,,Network,Approved,1768.41
PRJ007710,A0001770,Technology Refresh Wave,2026-01-03,,Cloud,Completed,1272.99
PRJ007711,A0011135,Technology Refresh Wave,2028-06-30,,Cloud,Deferred,1566.96
PRJ007712,A0012476,Technology Refresh Wave,2026-06-06,,End User Computing,In Progress,1883.69
PRJ007713,A0010734,Technology Refresh Wave,2027-05-15,,Network,Proposed,1324.41
PRJ007714,A0009836,Technology Refresh Wave,2027-09-21,,Infrastructure,In Progress,1092.72
PRJ007715,A0011703,Technology Refresh Wave,2028-10-04,,Cloud,Completed,1431.92
PRJ007716,A0007627,Technology Refresh Wave,2028-12-02,,Infrastructure,Deferred,2055.24
PRJ007717,A0015190,Technology Refresh Wave,2027-11-10,,Network,Proposed,852.9
PRJ007718,A0013015,Technology Refresh Wave,2028-12-05,,End User Computing,Proposed,1163.79
PRJ007719,A0022042,Technology Refresh Wave,2026-01-09,,Cloud,Proposed,7397.96
PRJ007720,A0003563,Technology Refresh Wave,2028-01-21,,Security,Approved,2246.54
PRJ007721,A0006660,Technology Refresh Wave,2026-01-24,,End User Computing,Proposed,1189.25
PRJ007722,A0018217,Technology Refresh Wave,2028-12-09,,Cloud,Deferred,1074.29
PRJ007723,A0000131,Technology Refresh Wave,2027-12-10,,End User Computing,In Progress,1139.72
PRJ007724,A0018236,Technology Refresh Wave,2027-08-08,,Cloud,Deferred,1344.77
PRJ007725,A0003221,Technology Refresh Wave,2027-01-07,,Security,In Progress,1925.81
PRJ007726,A0004881,Technology Refresh Wave,2027-11-29,,End User Computing,Deferred,1097.06
PRJ007727,A0017608,Technology Refresh Wave,2026-06-12,,Security,Proposed,866.03
PRJ007728,A0004919,Technology Refresh Wave,2028-08-12,,Infrastructure,Approved,936.76
PRJ007729,A0001177,Technology Refresh Wave,2027-09-22,,Cloud,Approved,1200.63
PRJ007730,A0006848,Technology Refresh Wave,2026-03-13,,Security,Proposed,2265.7
PRJ007731,A0018125,Technology Refresh Wave,2027-09-26,,Infrastructure,Approved,1074.23
PRJ007732,A0014663,Technology Refresh Wave,2028-11-17,,Security,Proposed,788.31
PRJ007733,A0001624,Technology Refresh Wave,2026-12-29,,End User Computing,Proposed,2222.11
PRJ007734,A0019011,Technology Refresh Wave,2026-09-21,,Infrastructure,Proposed,373.69
PRJ007735,A0011355,Technology Refresh Wave,2028-07-27,,Infrastructure,Completed,1513.85
PRJ007736,A0001826,Technology Refresh Wave,2026-12-16,,End User Computing,Deferred,1844.32
PRJ007737,A0022174,Technology Refresh Wave,2027-08-02,,Infrastructure,In Progress,4378.76
PRJ007738,A0016989,Technology Refresh Wave,2027-01-22,,End User Computing,Completed,868.37
PRJ007739,A0008114,Technology Refresh Wave,2027-01-02,,Cloud,Approved,1356.28
PRJ007740,A0017842,Technology Refresh Wave,2027-07-05,,Security,Approved,894.49
PRJ007741,A0007457,Technology Refresh Wave,2027-03-23,,Cloud,Approved,1456.37
PRJ007742,A0000161,Technology Refresh Wave,2027-06-07,,Network,Proposed,977.92
PRJ007743,A0008104,Technology Refresh Wave,2028-06-03,,End User Computing,Completed,1095.9
PRJ007744,A0015923,Technology Refresh Wave,2028-05-31,,Cloud,Proposed,987.05
PRJ007745,A0004603,Technology Refresh Wave,2028-07-30,,Cloud,Proposed,1742.94
PRJ007746,A0016620,Technology Refresh Wave,2028-11-23,,End User Computing,Approved,926.06
PRJ007747,A0010878,Technology Refresh Wave,2026-02-05,,Security,Completed,1359.7
PRJ007748,A0008171,Technology Refresh Wave,2028-08-21,,Cloud,Approved,1210.73
PRJ007749,A0012023,Technology Refresh Wave,2028-02-07,,Security,Proposed,1414.02
PRJ007750,A0023608,Technology Refresh Wave,2028-07-06,,End User Computing,Completed,782.75
PRJ007751,A0002217,Technology Refresh Wave,2028-09-08,,Network,Deferred,1559.63
PRJ007752,A0006330,Technology Refresh Wave,2026-10-10,,End User Computing,Deferred,1521.76
PRJ007753,A0002996,Technology Refresh Wave,2028-07-03,,End User Computing,Deferred,1518.92
PRJ007754,A0003793,Technology Refresh Wave,2028-10-13,,Security,Proposed,1536.04
PRJ007755,A0006626,Technology Refresh Wave,2026-11-29,,Cloud,Deferred,1055.43
PRJ007756,A0008145,Technology Refresh Wave,2028-09-16,,Cloud,Deferred,1276.28
PRJ007757,A0014066,Technology Refresh Wave,2027-06-03,,Infrastructure,Approved,682.46
PRJ007758,A0000399,Technology Refresh Wave,2026-08-18,,Security,Approved,883.22
PRJ007759,A0013590,Technology Refresh Wave,2028-07-23,,Infrastructure,In Progress,2463.04
PRJ007760,A0018651,Technology Refresh Wave,2027-09-25,,Infrastructure,Completed,508.53
PRJ007761,A0020871,Technology Refresh Wave,2027-01-14,,End User Computing,Deferred,14936.35
PRJ007762,A0013805,Technology Refresh Wave,2026-07-31,,End User Computing,Deferred,1380.43
PRJ007763,A0017684,Technology Refresh Wave,2026-03-18,,End User Computing,Completed,1024.31
PRJ007764,A0010476,Technology Refresh Wave,2027-11-14,,End User Computing,Deferred,948.01
PRJ007765,A0011001,Technology Refresh Wave,2027-05-31,,End User Computing,Deferred,1177.59
PRJ007766,A0006714,Technology Refresh Wave,2027-02-09,,Security,Approved,1392.59
PRJ007767,A0003941,Technology Refresh Wave,2027-04-03,,Network,Completed,1348.29
PRJ007768,A0013812,Technology Refresh Wave,2028-03-11,,End User Computing,Approved,1144.71
PRJ007769,A0023259,Technology Refresh Wave,2028-08-14,,Infrastructure,Completed,770.58
PRJ007770,A0004752,Technology Refresh Wave,2027-06-27,,Network,Approved,1876.44
PRJ007771,A0000148,Technology Refresh Wave,2027-10-06,,End User Computing,In Progress,2294.65
PRJ007772,A0005722,Technology Refresh Wave,2028-02-25,,End User Computing,Proposed,2480.07
PRJ007773,A0006686,Technology Refresh Wave,2026-09-20,,End User Computing,Approved,2160.51
PRJ007774,A0011837,Technology Refresh Wave,2028-10-30,,Security,In Progress,1873.46
PRJ007775,A0004706,Technology Refresh Wave,2026-03-12,,Security,Proposed,1351.75
PRJ007776,A0011264,Technology Refresh Wave,2026-06-10,,Security,Approved,2077.9
PRJ007777,A0014511,Technology Refresh Wave,2026-10-02,,Security,Proposed,1258.13
PRJ007778,A0005380,Technology Refresh Wave,2026-02-14,,Cloud,Proposed,1321.27
PRJ007779,A0003224,Technology Refresh Wave,2028-01-13,,End User Computing,Completed,1211.82
PRJ007780,A0005944,Technology Refresh Wave,2028-10-04,,Cloud,Completed,1582.12
PRJ007781,A0022549,Technology Refresh Wave,2027-04-06,,Security,In Progress,26293.72
PRJ007782,A0008228,Technology Refresh Wave,2027-03-31,,Infrastructure,Proposed,1515.31
PRJ007783,A0010350,Technology Refresh Wave,2028-04-13,,Infrastructure,In Progress,1002.05
PRJ007784,A0010369,Technology Refresh Wave,2026-01-06,,Cloud,Proposed,2114.18
PRJ007785,A0017957,Technology Refresh Wave,2026-03-16,,End User Computing,Deferred,825.33
PRJ007786,A0000450,Technology Refresh Wave,2026-04-04,,Security,Completed,1227.11
PRJ007787,A0002265,Technology Refresh Wave,2027-10-02,,Cloud,In Progress,2226.91
PRJ007788,A0014104,Technology Refresh Wave,2027-03-27,,Network,In Progress,990.36
PRJ007789,A0016028,Technology Refresh Wave,2028-02-29,,End User Computing,In Progress,1301.45
PRJ007790,A0007257,Technology Refresh Wave,2026-03-09,,Network,Deferred,1051.76
PRJ007791,A0017742,Technology Refresh Wave,2028-08-16,,Security,Proposed,874.07
PRJ007792,A0011061,Technology Refresh Wave,2026-06-07,,Network,Proposed,1743.12
PRJ007793,A0022029,Technology Refresh Wave,2028-10-01,,Security,In Progress,5192.29
PRJ007794,A0023519,Technology Refresh Wave,2027-10-29,,Network,In Progress,913.33
PRJ007795,A0014812,Technology Refresh Wave,2027-09-25,,Network,Approved,1099.86
PRJ007796,A0016942,Technology Refresh Wave,2026-06-11,,End User Computing,Completed,705.98
PRJ007797,A0000536,Technology Refresh Wave,2026-11-27,,Infrastructure,Completed,2012.95
PRJ007798,A0014577,Technology Refresh Wave,2027-08-02,,Security,In Progress,881.97
PRJ007799,A0023043,Technology Refresh Wave,2027-10-06,,End User Computing,Approved,8192.38
PRJ007800,A0006607,Technology Refresh Wave,2026-09-09,,End User Computing,Approved,961.92
PRJ007801,A0013119,Technology Refresh Wave,2027-02-06,,End User Computing,Proposed,1407.01
PRJ007802,A0014826,Technology Refresh Wave,2026-01-09,,Infrastructure,Approved,1080.83
PRJ007803,A0001837,Technology Refresh Wave,2026-07-22,,End User Computing,Approved,1450.21
PRJ007804,A0023391,Technology Refresh Wave,2026-02-22,,Infrastructure,Proposed,604.29
PRJ007805,A0000367,Technology Refresh Wave,2027-06-14,,End User Computing,In Progress,1015.03
PRJ007806,A0018934,Technology Refresh Wave,2028-03-10,,Cloud,Proposed,463.25
PRJ007807,A0013531,Technology Refresh Wave,2026-05-22,,Cloud,Completed,1066.76
PRJ007808,A0007560,Technology Refresh Wave,2026-07-17,,Network,Approved,1136.45
PRJ007809,A0011459,Technology Refresh Wave,2027-08-24,,Cloud,Completed,1266.58
PRJ007810,A0023592,Technology Refresh Wave,2028-12-29,,Network,In Progress,580.9
PRJ007811,A0015574,Technology Refresh Wave,2028-09-13,,Infrastructure,Approved,1084.97
PRJ007812,A0011144,Technology Refresh Wave,2026-07-26,,Network,Completed,1629.26
PRJ007813,A0001891,Technology Refresh Wave,2026-01-11,,Security,Deferred,1113.66
PRJ007814,A0017534,Technology Refresh Wave,2028-10-06,,Infrastructure,Completed,1102.29
PRJ007815,A0005204,Technology Refresh Wave,2028-06-07,,Network,In Progress,1161.38
PRJ007816,A0021242,Technology Refresh Wave,2028-09-11,,Infrastructure,Approved,15430.57
PRJ007817,A0010575,Technology Refresh Wave,2026-02-02,,Security,Proposed,1510.88
PRJ007818,A0014472,Technology Refresh Wave,2027-10-08,,Network,Completed,870.83
PRJ007819,A0009179,Technology Refresh Wave,2026-08-10,,End User Computing,Deferred,2332.89
PRJ007820,A0020277,Technology Refresh Wave,2028-02-21,,Infrastructure,Deferred,13167.34
PRJ007821,A0005967,Technology Refresh Wave,2028-08-02,,Security,Approved,1129.71
PRJ007822,A0006479,Technology Refresh Wave,2026-02-13,,Infrastructure,Approved,1210.79
PRJ007823,A0019925,Technology Refresh Wave,2028-01-13,,Network,Completed,391.85
PRJ007824,A0007584,Technology Refresh Wave,2027-11-09,,Security,Deferred,1300.43
PRJ007825,A0013787,Technology Refresh Wave,2026-03-04,,Infrastructure,Proposed,1466.69
PRJ007826,A0006920,Technology Refresh Wave,2028-07-21,,Network,Deferred,1114.53
PRJ007827,A0016651,Technology Refresh Wave,2027-12-28,,Cloud,Deferred,1068.85
PRJ007828,A0001689,Technology Refresh Wave,2028-08-09,,End User Computing,In Progress,1240.15
PRJ007829,A0005517,Technology Refresh Wave,2028-06-06,,Network,In Progress,1203.5
PRJ007830,A0013210,Technology Refresh Wave,2026-03-09,,Network,Completed,1089.02
PRJ007831,A0011653,Technology Refresh Wave,2027-04-13,,Security,Approved,2271.36
PRJ007832,A0023332,Technology Refresh Wave,2028-06-26,,Network,Proposed,801.55
PRJ007833,A0012953,Technology Refresh Wave,2027-04-29,,Network,Completed,1495.75
PRJ007834,A0004615,Technology Refresh Wave,2028-03-15,,Security,Approved,1442.5
PRJ007835,A0023296,Technology Refresh Wave,2028-03-22,,Security,Deferred,1030.79
PRJ007836,A0016825,Technology Refresh Wave,2028-09-21,,Cloud,In Progress,940.86
PRJ007837,A0018805,Technology Refresh Wave,2028-10-30,,Network,Approved,581.53
PRJ007838,A0018239,Technology Refresh Wave,2026-05-10,,Cloud,Completed,992.46
PRJ007839,A0023402,Technology Refresh Wave,2026-08-29,,Infrastructure,Deferred,780.28
PRJ007840,A0007150,Technology Refresh Wave,2027-09-13,,Security,Proposed,1116.73
PRJ007841,A0002450,Technology Refresh Wave,2026-04-19,,Security,Approved,1337.04
PRJ007842,A0009125,Technology Refresh Wave,2027-05-08,,Cloud,Proposed,1460.15
PRJ007843,A0005118,Technology Refresh Wave,2027-12-27,,Infrastructure,Completed,1005.86
PRJ007844,A0016276,Technology Refresh Wave,2028-04-08,,Cloud,Completed,589.54
PRJ007845,A0021148,Technology Refresh Wave,2026-11-09,,End User Computing,Proposed,15306.28
PRJ007846,A0019062,Technology Refresh Wave,2028-12-16,,Security,Proposed,343.79
PRJ007847,A0004823,Technology Refresh Wave,2028-06-18,,End User Computing,Completed,1130.13
PRJ007848,A0015390,Technology Refresh Wave,2027-08-03,,End User Computing,Proposed,1075.94
PRJ007849,A0006678,Technology Refresh Wave,2028-08-11,,Cloud,Deferred,1207.11
PRJ007850,A0009252,Technology Refresh Wave,2027-08-04,,Infrastructure,Approved,1533.69
PRJ007851,A0008197,Technology Refresh Wave,2027-04-12,,Infrastructure,Proposed,1960.85
PRJ007852,A0000455,Technology Refresh Wave,2027-11-10,,Network,Deferred,2636.91
PRJ007853,A0021176,Technology Refresh Wave,2027-04-27,,Infrastructure,Completed,21791.92
PRJ007854,A0021640,Technology Refresh Wave,2027-11-18,,End User Computing,In Progress,3029.57
PRJ007855,A0006959,Technology Refresh Wave,2026-02-18,,End User Computing,Proposed,1127.63
PRJ007856,A0000165,Technology Refresh Wave,2028-08-06,,Network,Proposed,1023.11
PRJ007857,A0003853,Technology Refresh Wave,2027-06-24,,Network,Deferred,1308.05
PRJ007858,A0006741,Technology Refresh Wave,2026-12-02,,Security,In Progress,1379.52
PRJ007859,A0000183,Technology Refresh Wave,2026-08-22,,Security,Completed,1269.65
PRJ007860,A0008407,Technology Refresh Wave,2028-02-19,,Network,Approved,1332.72
PRJ007861,A0022491,Technology Refresh Wave,2027-04-08,,End User Computing,Proposed,24343.77
PRJ007862,A0013241,Technology Refresh Wave,2026-08-01,,Cloud,Proposed,1008.85
PRJ007863,A0014885,Technology Refresh Wave,2028-09-24,,Infrastructure,Completed,955.27
PRJ007864,A0010206,Technology Refresh Wave,2027-01-04,,Network,Proposed,1293.56
PRJ007865,A0008942,Technology Refresh Wave,2028-01-31,,Network,Proposed,1047.2
PRJ007866,A0014831,Technology Refresh Wave,2027-01-08,,Cloud,In Progress,1153.19
PRJ007867,A0023091,Technology Refresh Wave,2026-09-21,,Network,Completed,684.26
PRJ007868,A0000100,Technology Refresh Wave,2027-05-17,,Infrastructure,Completed,1276.58
PRJ007869,A0012067,Technology Refresh Wave,2027-10-12,,End User Computing,Approved,1254.01
PRJ007870,A0009864,Technology Refresh Wave,2026-03-29,,Security,Approved,1177.89
PRJ007871,A0003743,Technology Refresh Wave,2026-04-18,,Security,Proposed,953.09
PRJ007872,A0006357,Technology Refresh Wave,2026-11-15,,Cloud,Approved,846.0
PRJ007873,A0014695,Technology Refresh Wave,2026-12-20,,Cloud,Proposed,884.45
PRJ007874,A0002765,Technology Refresh Wave,2026-07-12,,End User Computing,Approved,1297.84
PRJ007875,A0000834,Technology Refresh Wave,2028-06-04,,Infrastructure,Approved,1398.37
PRJ007876,A0012644,Technology Refresh Wave,2027-03-01,,Security,In Progress,1366.48
PRJ007877,A0014813,Technology Refresh Wave,2028-05-21,,Network,Proposed,1094.83
PRJ007878,A0004788,Technology Refresh Wave,2027-04-19,,Network,In Progress,1753.63
PRJ007879,A0007088,Technology Refresh Wave,2028-11-04,,Security,Proposed,1177.88
PRJ007880,A0001708,Technology Refresh Wave,2028-06-02,,End User Computing,Deferred,1639.96
PRJ007881,A0000255,Technology Refresh Wave,2028-04-26,,End User Computing,Proposed,1425.59
PRJ007882,A0002350,Technology Refresh Wave,2028-12-11,,Network,Approved,1760.29
PRJ007883,A0021846,Technology Refresh Wave,2026-02-12,,End User Computing,Approved,6099.36
PRJ007884,A0001303,Technology Refresh Wave,2028-08-30,,Cloud,Proposed,1185.15
PRJ007885,A0004475,Technology Refresh Wave,2026-12-02,,Cloud,Approved,1339.67
PRJ007886,A0000070,Technology Refresh Wave,2027-10-23,,End User Computing,Proposed,1183.32
PRJ007887,A0011093,Technology Refresh Wave,2027-07-28,,Cloud,Proposed,1264.74
PRJ007888,A0012114,Technology Refresh Wave,2026-02-07,,Cloud,Deferred,2156.39
PRJ007889,A0008247,Technology Refresh Wave,2027-12-24,,End User Computing,Deferred,1104.09
PRJ007890,A0022389,Technology Refresh Wave,2027-06-27,,Cloud,Deferred,13016.86
PRJ007891,A0008188,Technology Refresh Wave,2028-12-01,,Security,Deferred,1458.03
PRJ007892,A0003931,Technology Refresh Wave,2028-10-11,,Network,Completed,1193.0
PRJ007893,A0014658,Technology Refresh Wave,2027-04-19,,Cloud,In Progress,1271.42
PRJ007894,A0021627,Technology Refresh Wave,2028-06-13,,Infrastructure,Approved,3738.61
PRJ007895,A0012426,Technology Refresh Wave,2026-09-13,,Security,Approved,1440.37
PRJ007896,A0000934,Technology Refresh Wave,2027-08-01,,Security,Deferred,1473.85
PRJ007897,A0008029,Technology Refresh Wave,2027-05-22,,Infrastructure,Approved,1001.76
PRJ007898,A0011302,Technology Refresh Wave,2027-08-22,,Cloud,Proposed,2141.12
PRJ007899,A0013903,Technology Refresh Wave,2028-10-27,,Network,In Progress,2559.63
PRJ007900,A0011859,Technology Refresh Wave,2028-10-12,,Network,Completed,953.41
PRJ007901,A0019950,Technology Refresh Wave,2026-06-27,,End User Computing,Deferred,513.41
PRJ007902,A0013545,Technology Refresh Wave,2028-10-26,,Cloud,In Progress,1032.83
PRJ007903,A0021140,Technology Refresh Wave,2027-10-02,,Infrastructure,Completed,24706.12
PRJ007904,A0010043,Technology Refresh Wave,2027-12-04,,Network,Approved,1595.5
PRJ007905,A0022855,Technology Refresh Wave,2028-11-23,,Infrastructure,Deferred,5718.39
PRJ007906,A0007999,Technology Refresh Wave,2027-11-11,,Security,Deferred,988.81
PRJ007907,A0010045,Technology Refresh Wave,2028-04-07,,Network,Completed,1734.11
PRJ007908,A0002010,Technology Refresh Wave,2028-05-06,,Security,Approved,975.55
PRJ007909,A0017625,Technology Refresh Wave,2027-11-13,,Network,Approved,942.04
PRJ007910,A0017983,Technology Refresh Wave,2028-02-23,,Cloud,Proposed,658.48
PRJ007911,A0005643,Technology Refresh Wave,2028-05-09,,Infrastructure,Deferred,1286.92
PRJ007912,A0007072,Technology Refresh Wave,2027-07-22,,End User Computing,Proposed,1129.63
PRJ007913,A0017253,Technology Refresh Wave,2026-07-06,,Cloud,Approved,1168.68
PRJ007914,A0008864,Technology Refresh Wave,2028-10-20,,Network,Completed,1370.35
PRJ007915,A0018569,Technology Refresh Wave,2027-08-14,,Network,Proposed,402.7
PRJ007916,A0002875,Technology Refresh Wave,2026-01-29,,Cloud,Proposed,1462.31
PRJ007917,A0010924,Technology Refresh Wave,2027-12-16,,End User Computing,In Progress,1878.53
PRJ007918,A0008030,Technology Refresh Wave,2027-05-21,,Cloud,Proposed,1042.61
PRJ007919,A0001038,Technology Refresh Wave,2026-07-02,,Cloud,In Progress,819.28
PRJ007920,A0022430,Technology Refresh Wave,2028-11-06,,Network,Proposed,19368.97
PRJ007921,A0002705,Technology Refresh Wave,2028-11-30,,Cloud,Deferred,1827.27
PRJ007922,A0004849,Technology Refresh Wave,2028-09-11,,Security,Approved,2127.93
PRJ007923,A0005997,Technology Refresh Wave,2028-10-07,,Network,Proposed,1550.97
PRJ007924,A0017368,Technology Refresh Wave,2027-07-01,,Network,Approved,1256.83
PRJ007925,A0010960,Technology Refresh Wave,2028-08-27,,End User Computing,In Progress,1330.66
PRJ007926,A0003358,Technology Refresh Wave,2027-06-24,,Security,Deferred,1053.61
PRJ007927,A0016293,Technology Refresh Wave,2027-01-06,,Cloud,In Progress,1297.77
PRJ007928,A0011178,Technology Refresh Wave,2028-09-05,,Infrastructure,Approved,861.03
PRJ007929,A0012797,Technology Refresh Wave,2027-04-28,,Infrastructure,Proposed,1556.46
PRJ007930,A0012506,Technology Refresh Wave,2027-07-29,,End User Computing,Proposed,1434.95
PRJ007931,A0006945,Technology Refresh Wave,2027-04-17,,Cloud,Approved,1180.7
PRJ007932,A0019059,Technology Refresh Wave,2026-07-13,,Network,In Progress,431.8
PRJ007933,A0003736,Technology Refresh Wave,2028-07-21,,Security,Proposed,1502.25
PRJ007934,A0019008,Technology Refresh Wave,2026-05-24,,End User Computing,Deferred,353.91
PRJ007935,A0021413,Technology Refresh Wave,2028-08-07,,Cloud,Approved,11600.42
PRJ007936,A0004716,Technology Refresh Wave,2026-11-08,,Network,Proposed,2276.51
PRJ007937,A0012843,Technology Refresh Wave,2028-04-29,,Cloud,In Progress,1335.37
PRJ007938,A0013982,Technology Refresh Wave,2028-06-03,,Infrastructure,In Progress,1414.31
PRJ007939,A0014898,Technology Refresh Wave,2028-10-27,,Infrastructure,In Progress,849.8
PRJ007940,A0007921,Technology Refresh Wave,2026-09-18,,Cloud,Deferred,1471.16
PRJ007941,A0005001,Technology Refresh Wave,2028-05-19,,Cloud,In Progress,1184.41
PRJ007942,A0023482,Technology Refresh Wave,2027-12-13,,Infrastructure,Completed,795.38
PRJ007943,A0020265,Technology Refresh Wave,2028-12-24,,Network,In Progress,10495.68
PRJ007944,A0013511,Technology Refresh Wave,2027-08-13,,Security,Proposed,1126.37
PRJ007945,A0018433,Technology Refresh Wave,2027-09-28,,Network,Approved,1027.33
PRJ007946,A0012355,Technology Refresh Wave,2027-11-22,,Security,Completed,1289.78
PRJ007947,A0017096,Technology Refresh Wave,2027-10-21,,Cloud,Approved,1097.45
PRJ007948,A0014966,Technology Refresh Wave,2026-12-28,,Infrastructure,In Progress,697.4
PRJ007949,A0008730,Technology Refresh Wave,2027-11-23,,Network,Completed,1359.76
PRJ007950,A0011599,Technology Refresh Wave,2028-01-03,,Security,Deferred,1549.11
PRJ007951,A0001541,Technology Refresh Wave,2026-05-13,,End User Computing,Deferred,1201.29
PRJ007952,A0012660,Technology Refresh Wave,2026-05-29,,Security,In Progress,1038.6
PRJ007953,A0002698,Technology Refresh Wave,2026-12-21,,End User Computing,Approved,1488.24
PRJ007954,A0002287,Technology Refresh Wave,2026-02-17,,Infrastructure,Deferred,2530.3
PRJ007955,A0005000,Technology Refresh Wave,2026-04-07,,Network,In Progress,1250.08
PRJ007956,A0017948,Technology Refresh Wave,2028-05-16,,Network,Approved,1037.09
PRJ007957,A0023729,Technology Refresh Wave,2027-05-24,,End User Computing,Approved,82734.46
PRJ007958,A0023406,Technology Refresh Wave,2027-08-20,,Cloud,Approved,661.47
PRJ007959,A0020439,Technology Refresh Wave,2028-04-16,,Security,Proposed,21259.14
PRJ007960,A0021663,Technology Refresh Wave,2026-06-21,,Network,In Progress,4481.48
PRJ007961,A0006799,Technology Refresh Wave,2026-11-06,,Cloud,Approved,1810.3
PRJ007962,A0019705,Technology Refresh Wave,2028-03-08,,Cloud,In Progress,439.42
PRJ007963,A0021540,Technology Refresh Wave,2027-06-26,,Network,In Progress,4826.67
PRJ007964,A0017763,Technology Refresh Wave,2026-04-30,,Network,Completed,801.35
PRJ007965,A0012373,Technology Refresh Wave,2026-09-10,,End User Computing,Approved,1039.91
PRJ007966,A0018653,Technology Refresh Wave,2028-08-11,,Cloud,In Progress,432.44
PRJ007967,A0007323,Technology Refresh Wave,2026-03-27,,Network,Deferred,994.93
PRJ007968,A0006418,Technology Refresh Wave,2028-05-17,,Network,In Progress,1200.3
PRJ007969,A0018584,Technology Refresh Wave,2027-06-16,,End User Computing,Proposed,472.21
PRJ007970,A0015885,Technology Refresh Wave,2028-12-16,,Infrastructure,In Progress,1015.12
PRJ007971,A0012365,Technology Refresh Wave,2028-04-05,,End User Computing,Approved,1587.1
PRJ007972,A0012921,Technology Refresh Wave,2026-07-28,,End User Computing,Proposed,1375.52
PRJ007973,A0019069,Technology Refresh Wave,2027-08-08,,End User Computing,Approved,398.49
PRJ007974,A0012273,Technology Refresh Wave,2026-10-18,,Security,Approved,2196.81
PRJ007975,A0022156,Technology Refresh Wave,2028-05-02,,Security,Proposed,8244.07
PRJ007976,A0009130,Technology Refresh Wave,2026-06-19,,End User Computing,Completed,1037.15
PRJ007977,A0006507,Technology Refresh Wave,2028-07-14,,Infrastructure,In Progress,1099.08
PRJ007978,A0012782,Technology Refresh Wave,2026-07-04,,Infrastructure,Deferred,1350.24
PRJ007979,A0006423,Technology Refresh Wave,2026-12-18,,Cloud,In Progress,1361.54
PRJ007980,A0014783,Technology Refresh Wave,2028-02-15,,Infrastructure,Completed,870.78
PRJ007981,A0016988,Technology Refresh Wave,2026-10-06,,Infrastructure,Approved,1182.4
PRJ007982,A0001417,Technology Refresh Wave,2027-11-14,,Infrastructure,Completed,2025.1
PRJ007983,A0016961,Technology Refresh Wave,2026-06-28,,Network,Completed,836.78
PRJ007984,A0010651,Technology Refresh Wave,2026-06-08,,Security,Proposed,1180.13
PRJ007985,A0012595,Technology Refresh Wave,2027-07-10,,End User Computing,Completed,2077.25
PRJ007986,A0003199,Technology Refresh Wave,2027-02-07,,Security,Completed,1509.18
PRJ007987,A0001334,Technology Refresh Wave,2028-09-05,,Cloud,Approved,1398.38
PRJ007988,A0021022,Technology Refresh Wave,2028-08-06,,Network,In Progress,18104.04
PRJ007989,A0017715,Technology Refresh Wave,2026-02-22,,Security,In Progress,1130.83
PRJ007990,A0006849,Technology Refresh Wave,2026-06-08,,End User Computing,Proposed,1034.96
PRJ007991,A0021354,Technology Refresh Wave,2027-09-12,,Cloud,Approved,14130.54
PRJ007992,A0012034,Technology Refresh Wave,2028-10-11,,Network,Proposed,1596.89
PRJ007993,A0020348,Technology Refresh Wave,2026-11-09,,Infrastructure,Completed,15572.42
PRJ007994,A0001985,Technology Refresh Wave,2026-07-23,,Network,In Progress,1021.72
PRJ007995,A0008689,Technology Refresh Wave,2026-03-18,,Cloud,Approved,1337.7
PRJ007996,A0002436,Technology Refresh Wave,2027-10-05,,Security,Deferred,1051.47
PRJ007997,A0020306,Technology Refresh Wave,2028-03-31,,Network,Approved,9150.38
PRJ007998,A0010870,Technology Refresh Wave,2026-07-21,,Infrastructure,In Progress,2077.95
PRJ007999,A0019373,Technology Refresh Wave,2028-12-06,,End User Computing,Proposed,377.31
PRJ008000,A0000305,Technology Refresh Wave,2027-08-16,,Cloud,In Progress,1241.59
